t,gt_x,gt_y,gt_yaw,ekf_x,ekf_y,ekf_yaw,ekf_err,ekf_yaw_err,fix_x,fix_y,fix_yaw,fix_err
1787533004.3635285,-2.478697506083033,5.005264210808681e-05,-0.0012845949271675506,-2.5,0.0,0.0,0.0213,0.001,,,,
1787533004.4934497,-2.480370141560179,6.144396640877625e-05,-3.425308882907845e-05,-2.5,0.0,0.0,0.0196,0.000,,,,
1787533004.562913,-2.4809448816106325,6.18667888604672e-05,1.5054588501619425e-05,-2.5,0.0,0.0,0.0191,0.000,,,,
1787533004.685458,-2.48164992025285,5.535798556497354e-05,0.00019892025646263496,-2.5,0.0,0.0,0.0184,0.000,,,,
1787533004.7467096,-2.4817774711224856,5.001903372596364e-05,0.0003049951501837057,-2.5,0.0,0.0,0.0182,0.000,,,,
1787533004.8923764,-2.4815825537750817,3.818372893794688e-05,0.0005058480153998406,-2.5,0.0,0.0,0.0184,0.001,,,,
1787533004.966637,-2.4812599416316234,3.325145856859993e-05,0.0005820074674956727,-2.5,0.0,0.0,0.0187,0.001,,,,
1787533005.0987911,-2.480161443327043,2.5261303216233237e-05,0.0006950425922997758,-2.5,0.0,0.0,0.0198,0.001,,,,
1787533005.0987911,-2.480161443327043,2.5261303216233237e-05,0.0006950425922997758,-2.5,0.0,0.0,0.0198,0.001,,,,
1787533005.0987911,-2.480161443327043,2.5261303216233237e-05,0.0006950425922997758,-2.5,0.0,0.0,0.0198,0.001,,,,
1787533005.0987911,-2.480161443327043,2.5261303216233237e-05,0.0006950425922997758,-2.5,0.0,0.0,0.0198,0.001,,,,
1787533005.476775,-2.4759676130711434,7.413556166494835e-06,0.0009725212096225108,-2.5,0.0,0.0,0.0240,0.001,,,,
1787533005.5425434,-2.4755722141048877,3.1188067603054584e-06,0.001064103062224221,-2.5,0.0,0.0,0.0244,0.001,,,,
1787533005.6695657,-2.4750568593863758,-6.898994121836338e-06,0.0012881807944115779,-2.5,0.0,0.0,0.0249,0.001,,,,
1787533005.784515,-2.474908821488184,-1.879234497321768e-05,0.0015609148457355012,-2.5,0.0,0.0,0.0251,0.002,,,,
1787533005.8486836,-2.4749733989566103,-2.4816852830011324e-05,0.0016979771685717853,-2.5,0.0,0.0,0.0250,0.002,,,,
1787533005.9710753,-2.475382935761552,-3.575673297977128e-05,0.0019370131894766915,-2.5,0.0,0.0,0.0246,0.002,,,,
1787533006.0972054,-2.476171794205251,-4.38766901774937e-05,0.002091900359793209,-2.5,0.0,0.0,0.0238,0.002,,,,
1787533006.161488,-2.476711038505365,-4.6901412758178145e-05,0.0021362126178525423,-2.5,0.0,0.0,0.0233,0.002,,,,
1787533006.2932365,-2.478084609101271,-5.055038745174698e-05,0.002154537196832236,-2.5,0.0,0.0,0.0219,0.002,,,,
1787533006.3557606,-2.4785569140742347,-5.490981628272259e-05,0.002234160652425038,-2.5,0.0,0.0,0.0214,0.002,,,,
1787533006.4770534,-2.479100299544146,-5.6351288229178355e-05,0.002192122595856751,-2.5,0.0,0.0,0.0209,0.002,,,,
1787533006.6024437,-2.4790415615862256,-5.3711904060730034e-05,0.0021087285983335162,-2.5,0.0,0.0,0.0210,0.002,,,,
1787533006.6643498,-2.478784224779225,-5.088266704345742e-05,0.002053375591687282,-2.5,0.0,0.0,0.0212,0.002,,,,
1787533006.8020186,-2.4781022685208876,-4.9337658813932315e-05,0.002034880754676152,-2.5,0.0,0.0,0.0219,0.002,,,,
1787533006.865676,-2.477920017214102,-4.9095422275266515e-05,0.002031675645438597,-2.5,0.0,0.0,0.0221,0.002,,,,
1787533006.9857423,-2.4778232092169703,-3.8463756134475536e-05,0.0018147733790523273,-2.5,0.0,0.0,0.0222,0.002,,,,
1787533007.0621247,-2.477838617846084,-3.1778635735055615e-05,0.0016794054525816858,-2.5,0.0,0.0,0.0222,0.002,,,,
1787533007.1965482,-2.477895363784053,-2.4113543075484042e-05,0.0015232311128712131,-2.5,0.0,0.0,0.0221,0.002,,,,
1787533007.2619967,-2.4779228938043216,-2.1387164594701194e-05,0.0014677613851722948,-2.5,0.0,0.0,0.0221,0.001,,,,
1787533007.3957,-2.4779656981169076,-1.7439038675656746e-05,0.0013871772041799894,-2.5,0.0,0.0,0.0220,0.001,,,,
1787533007.4650586,-2.477980702156877,-1.592731883838824e-05,0.001356298787240711,-2.5,0.0,0.0,0.0220,0.001,,,,
1787533007.5903668,-2.478000442037132,-1.334797756866006e-05,0.0013036606339847363,-2.5,0.0,0.0,0.0220,0.001,,,,
1787533007.6531022,-2.4780064543357696,-1.21761382646186e-05,0.0012797869159270937,-2.5,0.0,0.0,0.0220,0.001,,,,
1787533007.788902,-2.4780135573696844,-9.412872283449733e-06,0.0012239230477071642,-2.5,0.0,0.0,0.0220,0.001,,,,
1787533007.8538945,-2.478015454750986,-8.409356914730525e-06,0.0012035032865916706,-2.5,0.0,0.0,0.0220,0.001,,,,
1787533007.973528,-2.4780177021698173,-4.830557565200518e-06,0.0011318702419700233,-2.5,0.0,0.0,0.0220,0.001,,,,
1787533008.0968919,-2.4780193835388586,-1.6424594657246856e-07,0.0010389801748618775,-2.5,0.0,0.0,0.0220,0.001,,,,
1787533008.205381,-2.4779898989415083,0.0006263693610773843,-0.022763037970100722,-2.5,0.0,0.0,0.0220,0.023,,,,
1787533008.26749,-2.477941817409382,0.001085991148100247,-0.0446550234681464,-2.5,0.0,0.0,0.0221,0.045,,,,
1787533008.3895516,-2.4777316933730607,0.00170841379967742,-0.08714868800065736,-2.5,0.0,0.0,0.0223,0.087,,,,
1787533008.4537005,-2.4775181414179523,0.0016518518359456933,-0.0841668869631188,-2.5,0.0,0.0,0.0225,0.084,,,,
1787533008.5786214,-2.476886768075171,0.0007166255578000627,0.007582578565053303,-2.5,0.0,0.0,0.0231,0.008,,,,
1787533008.7044275,-2.476412317295768,-0.0002517638777737336,0.3881932014231218,-2.5,0.0,0.0,0.0236,0.388,,,,
1787533008.767964,-2.4757752831224304,-1.811071486901544e-05,0.3874330093244759,-2.5,0.0,0.0,0.0242,0.387,,,,
1787533008.8904915,-2.474280424775625,0.0013687183378212802,0.1621055693202367,-2.5,0.0,0.0,0.0258,0.162,,,,
1787533008.9524183,-2.47346613606038,0.001990991062664405,0.1334094418995306,-2.5,0.0,0.0,0.0266,0.133,,,,
1787533009.0820625,-2.471734212438612,0.0027162731447304637,-0.09969187141422066,-2.5,0.0,0.0,0.0284,0.100,,,,
1787533009.2054615,-2.469815894544806,0.00238364962274641,-0.3309271368274975,-2.5,0.0,0.0,0.0303,0.331,,,,
1787533009.2569497,-2.468920936557144,0.0020234909196359297,-0.29709525896047745,-2.5,0.0,0.0,0.0311,0.297,,,,
1787533009.3841715,-2.467168429408353,0.0019526727440754182,-0.16602302044876555,-2.5,0.0,0.0,0.0329,0.166,,,,
1787533009.446914,-2.466195315890225,0.002413531864479405,-0.16300626179706218,-2.5,0.0,0.0,0.0339,0.163,,,,
1787533009.5732033,-2.464518437251163,0.0035527912533929312,-0.22487273028669164,-2.5,0.0,0.0,0.0357,0.225,,,,
1787533009.6994262,-2.463227586014961,0.0039627401258078955,-0.679701294229946,-2.5,0.0,0.0,0.0370,0.680,,,,
1787533009.8054657,-2.461830175919382,0.0030833792276159736,-1.1647892565578433,-2.5,0.0,0.0,0.0383,1.165,,,,
1787533009.8673732,-2.4611859700092737,0.0022682535808376536,-1.2569052811837977,-2.5,0.0,0.0,0.0389,1.257,,,,
1787533009.976035,-2.4599823283130307,0.0008216707742421487,-1.1897947917079135,-2.5,0.0,0.0,0.0400,1.190,,,,
1787533010.0963762,-2.4584973089466704,0.00036088930545107945,-1.1038642524343554,-2.5,0.0,0.0,0.0415,1.104,,,,
1787533010.1573966,-2.457684987551484,0.0004620091720122341,-1.1033696661559251,-2.5,0.0,0.0,0.0423,1.103,,,,
1787533010.2800148,-2.456244873947964,0.00088613773299715,-1.44428912034356,-2.5,0.0,0.0,0.0438,1.444,,,,
1787533010.3454952,-2.4554258683927612,0.0008326808043203888,-1.4525248109815567,-2.5,0.0,0.0,0.0446,1.453,,,,
1787533010.456761,-2.453639115958371,-2.9318780207366452e-05,-1.443871079274686,-2.5,0.0,0.0,0.0464,1.444,,,,
1787533010.56233,-2.4519265623179547,-0.0014338866494532686,-1.1484753287916982,-2.5,0.0,0.0,0.0481,1.148,,,,
1787533010.6945927,-2.4503811022560855,-0.0021695294857673806,-1.0766893890700722,-2.5,0.0,0.0,0.0497,1.077,,,,
1787533010.7620306,-2.449507375174611,-0.002115604754975146,-1.0320578112760361,-2.5,0.0,0.0,0.0505,1.032,,,,
1787533010.8887913,-2.447787936040637,-0.0014934924829909206,-1.1947204031865803,-2.5,0.0,0.0,0.0522,1.195,,,,
1787533011.004332,-2.446216805386499,-0.001327397004786639,-1.7381148032289775,-2.5,0.0,0.0,0.0538,1.738,,,,
1787533011.065259,-2.4452598913434613,-0.0019221145528220474,-1.7257866668140944,-2.5,0.0,0.0,0.0548,1.726,,,,
1787533011.1890843,-2.443312091669509,-0.0037653630658178276,-1.5321492772824672,-2.5,0.0,0.0,0.0568,1.532,,,,
1787533011.2501194,-2.442828556281535,-0.004458404017423612,-1.505662906651584,-2.5,0.0,0.0,0.0573,1.506,,,,
1787533011.3663023,-2.4417488102954037,-0.005194002867725839,-1.365061632290598,-2.5,0.0,0.0,0.0585,1.365,,,,
1787533011.4864352,-2.440461660849487,-0.004968623731704571,-1.2370272885188849,-2.5,0.0,0.0,0.0597,1.237,,,,
1787533011.546503,-2.439913163938761,-0.0047113778840811495,-1.3529156252600665,-2.5,0.0,0.0,0.0603,1.353,,,,
1787533011.6717448,-2.4387438260933196,-0.004776598445909636,-1.6633779595305291,-2.5,0.0,0.0,0.0614,1.663,,,,
1787533011.7973065,-2.4373384234231397,-0.005788080883422978,-1.8227384234235362,-2.5,0.0,0.0,0.0629,1.823,,,,
1787533011.8583934,-2.436842430326681,-0.006015375055886758,-1.8033090940772487,-2.5,0.0,0.0,0.0634,1.803,,,,
1787533011.971794,-2.435813996081631,-0.006006235260198004,-1.4753485167304337,-2.5,0.0,0.0,0.0645,1.475,,,,
1787533012.0978296,-2.434650543287153,-0.0047307353986708175,-1.0880786144372556,-2.5,0.0,0.0,0.0655,1.088,,,,
1787533012.1635547,-2.434125703613889,-0.003743590008796194,-1.0338319526083632,-2.5,0.0,0.0,0.0660,1.034,,,,
1787533012.2894216,-2.433008058957354,-0.002446036786579351,-1.1422702405278378,-2.5,0.0,0.0,0.0670,1.142,,,,
1787533012.352752,-2.4322745052569026,-0.0022988144695388043,-1.157079443071718,-2.5,0.0,0.0,0.0678,1.157,,,,
1787533012.48262,-2.430667081450284,-0.002815915721139406,-0.8884635565523098,-2.5,0.0,0.0,0.0694,0.888,,,,
1787533012.5458562,-2.429977825239447,-0.003127167356403197,-0.5558803773715132,-2.5,0.0,0.0,0.0701,0.556,,,,
1787533012.6760201,-2.428332788908448,-0.0029899712822586376,-0.528373199566053,-2.5,0.0,0.0,0.0717,0.528,,,,
1787533012.8059764,-2.4264454681138417,-0.0017720490158589291,-0.7853639058964178,-2.5,0.0,0.0,0.0736,0.785,,,,
1787533012.8703704,-2.4256175399608955,-0.0011250429848788904,-1.109339986476964,-2.5,0.0,0.0,0.0744,1.109,,,,
1787533012.9959757,-2.4238687340929497,-0.0007325740249727025,-1.1426030264095768,-2.5,0.0,0.0,0.0761,1.143,,,,
1787533013.0587368,-2.4228344451242703,-0.0010561697441063495,-1.1021502230460631,-2.5,0.0,0.0,0.0772,1.102,,,,
1787533013.1865005,-2.420910538745322,-0.002017245343473576,-0.7115217535920104,-2.5,0.0,0.0,0.0791,0.712,,,,
1787533013.2483792,-2.420003816677686,-0.002240975653446292,-0.6965186577323673,-2.5,0.0,0.0,0.0800,0.697,,,,
1787533013.3631074,-2.4179573953576154,-0.0018301149112812459,-0.6950562430087301,-2.5,0.0,0.0,0.0821,0.695,,,,
1787533013.4897296,-2.4159186763889875,-0.0007193454141804855,-1.0131798887025876,-2.5,0.0,0.0,0.0841,1.013,,,,
1787533013.5527885,-2.4150291173656173,-0.00036323395784233726,-1.0333361171795366,-2.5,0.0,0.0,0.0850,1.033,,,,
1787533013.6800523,-2.413091862874516,-0.00038329081644517297,-1.088714071624785,-2.5,0.0,0.0,0.0869,1.089,,,,
1787533013.7449195,-2.4120866893195774,-0.0007224199575418192,-1.0471771129579188,-2.5,0.0,0.0,0.0879,1.047,,,,
1787533013.8712618,-2.4102865824192845,-0.0014479425367046475,-0.5981272389598808,-2.5,0.0,0.0,0.0897,0.598,,,,
1787533014.0005307,-2.4083688017122338,-0.0010259553131865846,-0.5979725550604484,-2.5,0.0,0.0,0.0916,0.598,,,,
1787533014.0650666,-2.407362097219189,-0.0004615953370731298,-0.661916886669098,-2.5,0.0,0.0,0.0926,0.662,,,,
1787533014.1904151,-2.4055934510268626,0.0007040289813924554,-0.8712385096609564,-2.5,0.0,0.0,0.0944,0.871,,,,
1787533014.2521062,-2.404700982733393,0.0009562305021609029,-0.9147375172433629,-2.5,0.0,0.0,0.0953,0.915,,,,
1787533014.3815935,-2.4027983224337257,0.0007524448162553488,-0.9351013012021825,-2.5,0.0,0.0,0.0972,0.935,,,,
1787533014.5040822,-2.401074727119403,0.0002046148902311118,-0.5524822072008996,-2.5,0.0,0.0,0.0989,0.552,,,,
1787533014.5657034,-2.400110180775498,0.00020792903272603448,-0.5448506073447373,-2.5,0.0,0.0,0.0999,0.545,,,,
1787533014.6954894,-2.3980197604835225,0.001000845092668267,-0.5722271346551281,-2.5,0.0,0.0,0.1020,0.572,,,,
1787533014.7588863,-2.397006792289363,0.0016564258049112704,-0.7189476260635083,-2.5,0.0,0.0,0.1030,0.719,,,,
1787533014.8825092,-2.395961029229501,0.001534104249717351,-0.749707233605578,-2.5,0.0,0.0,0.1041,0.750,,,,
1787533014.9471226,-2.395367924522113,0.001137716250310651,-0.7705024085678082,-2.5,0.0,0.0,0.1046,0.771,,,,
1787533015.0743377,-2.3943360198685557,-0.0007938350894056234,-0.7410405883033501,-2.5,0.0,0.0,0.1057,0.741,,,,
1787533015.1991062,-2.393280255734655,-0.0023757594935546068,-0.5202048376979247,-2.5,0.0,0.0,0.1067,0.520,,,,
1787533015.2636409,-2.392569074291966,-0.0026650012062881564,-0.49534817188016594,-2.5,0.0,0.0,0.1075,0.495,,,,
1787533015.3825307,-2.391045007537006,-0.0025546402578487805,-0.5951149701637864,-2.5,0.0,0.0,0.1090,0.595,,,,
1787533015.4996345,-2.3896271694895392,-0.0024406500611150765,-0.8270222076275322,-2.5,0.0,0.0,0.1104,0.827,,,,
1787533015.5622013,-2.3888223238043773,-0.0026882060841316,-0.8435158733904792,-2.5,0.0,0.0,0.1112,0.844,,,,
1787533015.68745,-2.387105316935179,-0.003823165580246015,-0.7969908202059488,-2.5,0.0,0.0,0.1130,0.797,,,,
1787533015.750982,-2.3863137741303704,-0.004603229528024128,-0.6218900744475094,-2.5,0.0,0.0,0.1138,0.622,,,,
1787533015.8709896,-2.384771850019872,-0.005491768305673258,-0.5527959036770852,-2.5,0.0,0.0,0.1154,0.553,,,,
1787533015.992024,-2.3830316845834054,-0.005465345186764272,-0.5244798959656489,-2.5,0.0,0.0,0.1171,0.524,,,,
1787533016.0534592,-2.3821985126818883,-0.005215045385359945,-0.6474931888431781,-2.5,0.0,0.0,0.1179,0.647,,,,
1787533016.1807926,-2.380664688680712,-0.005135019784794785,-1.196751319870969,-2.5,0.0,0.0,0.1194,1.197,,,,
1787533016.2990835,-2.378727146908056,-0.006794080681689333,-1.1541430320888895,-2.5,0.0,0.0,0.1215,1.154,,,,
1787533016.3503394,-2.3777850524192523,-0.007943702862533517,-1.0278324242443215,-2.5,0.0,0.0,0.1225,1.028,,,,
1787533016.470364,-2.3762990021612724,-0.0087204594008903,-0.9362662878112121,-2.5,0.0,0.0,0.1240,0.936,,,,
1787533016.5937736,-2.3746269652866707,-0.008561862887784363,-0.7239125712291377,-2.5,0.0,0.0,0.1257,0.724,,,,
1787533016.6624515,-2.3738082006297048,-0.008080938370566549,-0.6734533831051714,-2.5,0.0,0.0,0.1265,0.673,,,,
1787533016.7990925,-2.3723938493844443,-0.0070867870777177365,-0.96490832054327,-2.5,0.0,0.0,0.1278,0.965,,,,
1787533016.8524396,-2.3715903157206757,-0.007098067667574391,-0.970589901503219,-2.5,0.0,0.0,0.1286,0.971,,,,
1787533016.9686062,-2.369902064677466,-0.007781195696016,-0.9488104504763832,-2.5,0.0,0.0,0.1303,0.949,,,,
1787533017.0831168,-2.369256753964485,-0.008022482362347129,-1.0499826578013383,-2.5,0.0,0.0,0.1310,1.050,,,,
1787533017.1459508,-2.368983448459833,-0.007916174877634186,-1.0134400325995587,-2.5,0.0,0.0,0.1313,1.013,,,,
1787533017.2725782,-2.36823348562222,-0.006836366118394796,-0.8790032617740037,-2.5,0.0,0.0,0.1319,0.879,,,,
1787533017.3997314,-2.3676168495974563,-0.005085728839140868,-1.046213140268337,-2.5,0.0,0.0,0.1325,1.046,,,,
1787533017.4617171,-2.367049309193081,-0.004677347979133639,-1.065132641983239,-2.5,0.0,0.0,0.1330,1.065,,,,
1787533017.5870578,-2.365722409946967,-0.00467411177115165,-1.0543274515539973,-2.5,0.0,0.0,0.1344,1.054,,,,
1787533017.6511118,-2.3650327826321633,-0.004976630414020347,-0.9415489185496371,-2.5,0.0,0.0,0.1351,0.942,,,,
1787533017.7754476,-2.3637738881760106,-0.005477761688703323,-0.6640201443930582,-2.5,0.0,0.0,0.1363,0.664,,,,
1787533017.9002786,-2.362242857875855,-0.005020984352050202,-0.6268078691417106,-2.5,0.0,0.0,0.1378,0.627,,,,
1787533017.9623094,-2.361443616963135,-0.004488150815022514,-0.6845865655042301,-2.5,0.0,0.0,0.1386,0.685,,,,
1787533018.084595,-2.3593296432624897,-0.0035579800259092067,-0.901542293989531,-2.5,0.0,0.0,0.1407,0.902,,,,
1787533018.1454203,-2.3578742159727355,-0.0034886796287405724,-0.9443689965840228,-2.5,0.0,0.0,0.1422,0.944,,,,
1787533018.273137,-2.3548525919849,-0.003991007185761669,-0.9585135903384799,-2.5,0.0,0.0,0.1452,0.959,,,,
1787533018.3947377,-2.3525800439197813,-0.0047945745589530585,-0.7155028512307109,-2.5,0.0,0.0,0.1475,0.716,,,,
1787533018.4555507,-2.3517106352187005,-0.00487030733885558,-0.5821013282814593,-2.5,0.0,0.0,0.1484,0.582,,,,
1787533018.5838025,-2.3498335124525456,-0.00429348671527766,-0.3605760303052285,-2.5,0.0,0.0,0.1502,0.361,,,,
1787533018.7042227,-2.3485213323267313,-0.003874823622842771,-0.3437064785486355,-2.5,0.0,0.0,0.1515,0.344,,,,
1787533018.7576027,-2.348096508399198,-0.004188971266471081,-0.3122786071744628,-2.5,0.0,0.0,0.1520,0.312,,,,
1787533018.8743353,-2.3471184761417967,-0.005440981730318629,-0.23424114997963974,-2.5,0.0,0.0,0.1530,0.234,,,,
1787533018.9976313,-2.3459409499863906,-0.007621274332873851,0.32360515873007983,-2.5,0.0,0.0,0.1542,0.324,,,,
1787533019.0967631,-2.344579044183942,-0.008770888729856008,0.3879689831230756,-2.5,0.0,0.0,0.1557,0.388,,,,
1787533019.1548226,-2.3438374323843725,-0.009037353919970447,0.4223111627275665,-2.5,0.0,0.0,0.1564,0.422,-1.9098995383204218,0.34869170810152234,0.0,0.5624
1787533019.2813187,-2.3422933913057844,-0.008969493570904248,0.34004330174816916,-1.9891268768257864,0.007522761404357356,0.0,0.3536,0.340,-1.9098995383204218,0.34869170810152234,0.0,0.5611
1787533019.4059856,-2.3408470822152654,-0.008965654585777177,0.10813699350131802,-1.9891120103946773,0.007520559677826854,0.0,0.3521,0.108,-1.9098995383204218,0.34869170810152234,0.0,0.5600
1787533019.4698703,-2.3400020785130633,-0.00932650889867718,0.09666848200102077,-1.989109270115221,0.007520238572009932,0.0,0.3513,0.097,-1.9098995383204218,0.34869170810152234,0.0,0.5596
1787533019.5387082,-2.339097135366002,-0.009917040610789385,0.10517390540306935,-1.9891058589364434,0.007519816308120341,0.0,0.3504,0.105,-1.9098995383204218,0.34869170810152234,0.0,0.5593
1787533019.6701097,-2.337510924470234,-0.01086490564172561,0.22433648270431772,-1.9891046250437248,0.007519651090308303,0.0,0.3489,0.224,-1.9098995383204218,0.34869170810152234,0.0,0.5587
1787533019.7847505,-2.336034473310566,-0.010580368936566047,0.3864235576042579,-1.9891014588553806,0.00751932876974536,0.0,0.3474,0.386,-1.9098995383204218,0.34869170810152234,0.0,0.5574
1787533019.8476605,-2.335208194034611,-0.010066845537895372,0.4545189354965167,-1.989099998440359,0.007519069350258927,0.0,0.3466,0.455,-1.9098995383204218,0.34869170810152234,0.0,0.5564
1787533019.9676335,-2.333689624328549,-0.008025643858353955,0.4796765625748587,-1.989099153638846,0.00751894347548613,0.0,0.3449,0.480,-1.9098995383204218,0.34869170810152234,0.0,0.5539
1787533020.072009,-2.3321398404580096,-0.007104932939961094,0.42171539078230164,-1.9890972298498695,0.007518696296747709,0.0,0.3434,0.422,-1.9098995383204218,0.34869170810152234,0.0,0.5522
1787533020.20107,-2.3303976260104298,-0.007031888541043429,0.39074274848823587,-1.9890962836510948,0.007518483267523745,0.0,0.3416,0.391,-1.9098995383204218,0.34869170810152234,0.0,0.5508
1787533020.2621958,-2.329543508060824,-0.007271036497701353,0.49850799839937143,-1.98909533571191,0.007518377893306566,0.0,0.3408,0.499,-1.9098995383204218,0.34869170810152234,0.0,0.5503
1787533020.385173,-2.3278935959864597,-0.007423107374208934,0.7488822465296643,-1.9890935292192973,0.007518161331335369,0.0,0.3391,0.749,-1.9098995383204218,0.34869170810152234,0.0,0.5491
1787533020.4487576,-2.3269620457204065,-0.0071580521010304226,0.7572159616258858,-1.9890919883778448,0.007517955585137301,0.0,0.3382,0.757,-1.9098995383204218,0.34869170810152234,0.0,0.5482
1787533020.5747354,-2.32506226459521,-0.005800492826664764,0.6239327532492639,-1.9890910768849337,0.007517855442475965,0.0,0.3362,0.624,-1.9098995383204218,0.34869170810152234,0.0,0.5459
1787533020.697762,-2.323366221650764,-0.004637779443277022,0.35331788081339605,-1.9890895078114998,0.007517661996340385,0.0,0.3345,0.353,-1.9098995383204218,0.34869170810152234,0.0,0.5439
1787533020.7635372,-2.3224590083810464,-0.004448920029488116,0.332429079083681,-1.9890881512130796,0.00751747906273563,0.0,0.3336,0.332,-1.9098995383204218,0.34869170810152234,0.0,0.5431
1787533020.879743,-2.3205711692169944,-0.004956289732969379,0.21271985352440903,-1.9890874819788618,0.007517393177281585,0.0,0.3317,0.213,-1.9098995383204218,0.34869170810152234,0.0,0.5420
1787533020.9971108,-2.319380622382176,-0.005472584776075037,0.3279855726556362,-1.9890865209666393,0.007517234146449043,0.0,0.3305,0.328,-1.9098995383204218,0.34869170810152234,0.0,0.5414
1787533021.0580502,-2.318988071880084,-0.005350003773428224,0.3492398769752292,-1.9890858116250703,0.007517155544129661,0.0,0.3302,0.349,-1.9098995383204218,0.34869170810152234,0.0,0.5410
1787533021.1848383,-2.318082473728794,-0.004428036239742454,0.3342326978034888,-1.9890843319459168,0.007516995236914069,0.0,0.3292,0.334,-1.9098995383204218,0.34869170810152234,0.0,0.5397
1787533021.3051262,-2.317153260459085,-0.003228134327105375,0.14845261858788328,-1.989083482625572,0.007516860704304826,0.0,0.3282,0.148,-1.9098995383204218,0.34869170810152234,0.0,0.5382
1787533021.3583622,-2.3165769413709305,-0.0029486898689454945,0.0955672585114498,-1.9890829152610932,0.0075167914870931185,0.0,0.3277,0.096,-1.9098995383204218,0.34869170810152234,0.0,0.5376
1787533021.48413,-2.315288180742924,-0.0030569924369549047,0.011003418968270265,-1.989080531895732,0.0075167086515183145,0.0,0.3264,0.011,-1.9098995383204218,0.34869170810152234,0.0,0.5367
1787533021.6047807,-2.3141149055904853,-0.0037611867886132777,0.2881530331226991,-1.9890797995768958,0.007516568480822963,0.0,0.3252,0.288,-1.9098995383204218,0.34869170810152234,0.0,0.5363
1787533021.66247,-2.313571001770103,-0.003911712271963123,0.5482030775710036,-1.9890794019250866,0.00751650552388216,0.0,0.3247,0.548,-1.9098995383204218,0.34869170810152234,0.0,0.5360
1787533021.784048,-2.3118596991460127,-0.0029599358971459204,0.5050866604681298,-1.989078763264777,0.007516390178957921,0.0,0.3230,0.505,-1.9098995383204218,0.34869170810152234,0.0,0.5341
1787533021.8481789,-2.3109500851290723,-0.0021241615556966183,0.39224032640983525,-1.9890778087142367,0.007516277100766193,0.0,0.3220,0.392,-1.9098995383204218,0.34869170810152234,0.0,0.5328
1787533021.9711163,-2.3093363522801926,-0.0005761007618180327,0.11977615643216809,-1.9890773312092769,0.007516226032841706,0.0,0.3204,0.120,-1.9098995383204218,0.34869170810152234,0.0,0.5306
1787533022.0990074,-2.3075932282805867,-1.6769623947351497e-05,0.04449506201723747,-1.989076618014157,0.007516125576337479,0.0,0.3186,0.044,-1.9098995383204218,0.34869170810152234,0.0,0.5289
1787533022.162113,-2.306666798866222,-6.66727766762854e-05,0.06205728437564962,-1.9890762343264068,0.007516077067591091,0.0,0.3177,0.062,-1.9098995383204218,0.34869170810152234,0.0,0.5283
1787533022.289495,-2.305015846524236,-0.0003076336930190438,0.4512883889663485,-1.989075428642867,0.007515981539296877,0.0,0.3160,0.451,-1.9098995383204218,0.34869170810152234,0.0,0.5272
1787533022.3525958,-2.3041162306326557,-7.19473123092125e-05,0.4527068491476021,-1.989075087630196,0.0075159360726293435,0.0,0.3151,0.453,-1.9098995383204218,0.34869170810152234,0.0,0.5263
1787533022.4855993,-2.3021810740451847,0.0011991124730473806,0.3857092899198141,-1.9890737647910137,0.007515840667006189,0.0,0.3132,0.386,-1.9098995383204218,0.34869170810152234,0.0,0.5241
1787533022.5483696,-2.301502441815398,0.0015561404334470223,0.3632997762119306,-1.9890737839520969,0.007515799812609695,0.0,0.3125,0.363,-1.9098995383204218,0.34869170810152234,0.0,0.5233
1787533022.6787841,-2.300044019813711,0.0018564495504885484,-0.017508541111435346,-1.9890725987496565,0.007515715669618008,0.0,0.3110,0.018,-1.9098995383204218,0.34869170810152234,0.0,0.5220
1787533022.7942412,-2.2985964716106846,0.0005527120253950755,-0.41635623420285445,-1.989072072964673,0.007515642990265003,0.0,0.3096,0.416,-1.9098995383204218,0.34869170810152234,0.0,0.5218
1787533022.8547406,-2.2979361072318403,-0.0004272411409339133,-0.47917091571982723,-1.9890721034468475,0.007515578971506832,0.0,0.3090,0.479,-1.9098995383204218,0.34869170810152234,0.0,0.5220
1787533022.9789097,-2.2966157866382018,-0.0017548171390717533,-0.39361823440758764,-1.9890717760860714,0.007515547372751286,0.0,0.3077,0.394,-1.9098995383204218,0.34869170810152234,0.0,0.5219
1787533023.0903175,-2.2949819470803683,-0.0017339689640498577,-0.28742323655938457,-1.9890712308620884,0.007515484181805042,0.0,0.3061,0.287,-1.9098995383204218,0.34869170810152234,0.0,0.5207
1787533023.1510267,-2.2941663215405512,-0.001382480772226721,-0.27547280365097315,-1.989070928041705,0.007515425473883501,0.0,0.3052,0.275,-1.9098995383204218,0.34869170810152234,0.0,0.5198
1787533023.2732677,-2.292654871522427,-0.0008285355633022633,-0.412284679454783,-1.9890706997730911,0.007515396198322844,0.0,0.3037,0.412,-1.9098995383204218,0.34869170810152234,0.0,0.5183
1787533023.4006586,-2.290920274803854,-0.0012056119887861876,-0.4459872274588452,-1.9890703994265206,0.007515340888859566,0.0,0.3020,0.446,-1.9098995383204218,0.34869170810152234,0.0,0.5173
1787533023.4637058,-2.290011975873448,-0.0017227510313225693,-0.3943766749628052,-1.9890699264508218,0.007515287356753445,0.0,0.3011,0.394,-1.9098995383204218,0.34869170810152234,0.0,0.5170
1787533023.5893593,-2.288916245341431,-0.0026461648359235312,-0.200160296192333,-1.9890696458164356,0.007515261062520441,0.0,0.3000,0.200,-1.9098995383204218,0.34869170810152234,0.0,0.5168
1787533023.654935,-2.2885950778638473,-0.002703721253999921,-0.16139397600648203,-1.9890694956778583,0.007515235428541326,0.0,0.2997,0.161,-1.9098995383204218,0.34869170810152234,0.0,0.5166
1787533023.7887044,-2.2878249260320764,-0.0020424945429046992,-0.15581248102314385,-1.9890685926931286,0.007515183468797584,0.0,0.2989,0.156,-1.9098995383204218,0.34869170810152234,0.0,0.5156
1787533023.8512213,-2.2875237773692922,-0.0014951133168505572,-0.32621555341998004,-1.9890683788107648,0.007515138702453186,0.0,0.2986,0.326,-1.9098995383204218,0.34869170810152234,0.0,0.5150
1787533023.9787679,-2.2866359996129937,-0.0011464541421164166,-0.5964652344149832,-1.9890683743501965,0.007515116879269754,0.0,0.2977,0.596,-1.9098995383204218,0.34869170810152234,0.0,0.5141
1787533024.104215,-2.2851724801831663,-0.0020566956079039554,-0.4302169075643931,-1.9890680197215775,0.007515075873775361,0.0,0.2963,0.430,-1.9098995383204218,0.34869170810152234,0.0,0.5137
1787533024.167463,-2.2844861257141855,-0.0027514265921923377,-0.19637344004049465,-1.9890676676553019,0.007515055581200883,0.0,0.2956,0.196,-1.9098995383204218,0.34869170810152234,0.0,0.5136
1787533024.2909224,-2.2831214536258,-0.003497893973041513,-0.11794962531862244,-1.98906755373056,0.007515016742574103,0.0,0.2943,0.118,-1.9098995383204218,0.34869170810152234,0.0,0.5132
1787533024.3546295,-2.282365392208867,-0.0035029223954925926,-0.0671390516827275,-1.9890672928855833,0.007514980656792839,0.0,0.2935,0.067,-1.9098995383204218,0.34869170810152234,0.0,0.5126
1787533024.4758363,-2.2808215550509567,-0.002903587286205264,-0.16087532954605596,-1.9890670829683241,0.0075149633112665684,0.0,0.2919,0.161,-1.9098995383204218,0.34869170810152234,0.0,0.5111
1787533024.5991507,-2.2793989352027215,-0.0025718903069968228,-0.4010503795269874,-1.9890669009180943,0.007514929922393618,0.0,0.2905,0.401,-1.9098995383204218,0.34869170810152234,0.0,0.5098
1787533024.663468,-2.27858185645904,-0.0027902912418769437,-0.41194940029600635,-1.9890667034840204,0.007514898556338697,0.0,0.2897,0.412,-1.9098995383204218,0.34869170810152234,0.0,0.5094
1787533024.7876625,-2.276795514301058,-0.004012235080828954,-0.14564963419717517,-1.9890665750229286,0.007514883462168995,0.0,0.2880,0.146,-1.9098995383204218,0.34869170810152234,0.0,0.5089
1787533024.8494225,-2.2760095795288913,-0.004688925391234328,0.1740056662908741,-1.989066373104374,0.007514854131733715,0.0,0.2872,0.174,-1.9098995383204218,0.34869170810152234,0.0,0.5088
1787533024.9783003,-2.2743524476264994,-0.0051869313700407685,0.2186820479679198,-1.9890662469347404,0.007514840296803197,0.0,0.2856,0.219,-1.9098995383204218,0.34869170810152234,0.0,0.5080
1787533025.0970757,-2.2725269237073777,-0.004710052030617643,0.14288173038145405,-1.9890659731326343,0.0075148133538349435,0.0,0.2837,0.143,-1.9098995383204218,0.34869170810152234,0.0,0.5064
1787533025.1581392,-2.271705026854623,-0.004353815528335846,-0.06068145950455438,-1.9890658778458075,0.007514787990937683,0.0,0.2829,0.061,-1.9098995383204218,0.34869170810152234,0.0,0.5055
1787533025.281211,-2.2686827097208155,-0.0043895480921170415,-0.15108521534095398,-1.989065745543535,0.007514776010346821,0.0,0.2799,0.151,-1.9098995383204218,0.34869170810152234,0.0,0.5034
1787533025.3438046,-2.267087959812707,-0.004762066886995544,-0.1919216015355101,-1.9890656625768992,0.007514752774538769,0.0,0.2783,0.192,-1.9098995383204218,0.34869170810152234,0.0,0.5025
1787533025.4734015,-2.2640244705002224,-0.006341563030032035,-0.24938233289724115,-1.9890655113829534,0.007514741975265216,0.0,0.2753,0.249,-1.9098995383204218,0.34869170810152234,0.0,0.5015
1787533025.5397654,-2.262803638909188,-0.006747570326284207,-0.2287799324530746,-1.9890653210940832,0.007514720352014569,0.0,0.2741,0.229,-1.9098995383204218,0.34869170810152234,0.0,0.5009
1787533025.670042,-2.2601644771210045,-0.0067655867936382815,-0.15628097596875848,-1.9890652386992547,0.007514709882525871,0.0,0.2715,0.156,-1.9098995383204218,0.34869170810152234,0.0,0.4990
1787533025.7952158,-2.257531393857644,-0.006001784725673379,-0.3734065599176697,-1.9890650432683052,0.007514689859947705,0.0,0.2688,0.373,-1.9098995383204218,0.34869170810152234,0.0,0.4966
1787533025.8606515,-2.2563007860559927,-0.005734780970233797,-0.6416281799531642,-1.989064879140816,0.007514670666571383,0.0,0.2676,0.642,-1.9098995383204218,0.34869170810152234,0.0,0.4956
1787533025.9888225,-2.2543938224017146,-0.006454479055960144,-0.6818722585008523,-1.9890647335758704,0.007514662604212799,0.0,0.2657,0.682,-1.9098995383204218,0.34869170810152234,0.0,0.4948
1787533026.0927854,-2.252516404039621,-0.008029940292440986,-0.5605069450476079,-1.9890645960339295,0.007514645533937805,0.0,0.2639,0.561,-1.9098995383204218,0.34869170810152234,0.0,0.4946
1787533026.1538258,-2.2522167071790204,-0.00852518984692222,-0.5445222431154081,-1.989064611100115,0.0075146370304694805,0.0,0.2636,0.545,-1.9098995383204218,0.34869170810152234,0.0,0.4948
1787533026.2803428,-2.25151232510235,-0.008865885201511737,-0.4261438735623784,-1.9890644500864854,0.007514629771143815,0.0,0.2630,0.426,-1.9098995383204218,0.34869170810152234,0.0,0.4945
1787533026.3973181,-2.2505879149721557,-0.008151007961674872,-0.3204301811924746,-1.9890638916985774,0.007514615610544796,0.0,0.2620,0.320,-1.9098995383204218,0.34869170810152234,0.0,0.4934
1787533026.458039,-2.250237421911971,-0.00770450794748108,-0.45095954801073324,-1.9890639017343685,0.007514600428029977,0.0,0.2616,0.451,-1.9098995383204218,0.34869170810152234,0.0,0.4928
1787533026.5864058,-2.2504386773329563,-0.007608159923240797,-0.6726868224165338,-1.9890638898435298,0.007514593495217148,0.0,0.2618,0.673,-1.9098995383204218,0.34869170810152234,0.0,0.4929
1787533026.6474605,-2.2504502765389636,-0.007964925038965268,-0.7780835828086028,-1.989063755203017,0.0075145806294379825,0.0,0.2618,0.778,-1.9098995383204218,0.34869170810152234,0.0,0.4931
1787533026.7693992,-2.251014851224159,-0.008533156019326252,-0.9567770427104211,-1.9890637228445796,0.007514574189422476,0.0,0.2624,0.957,-1.9098995383204218,0.34869170810152234,0.0,0.4939
1787533026.897489,-2.2515456457123606,-0.007829773989075344,-0.8331636668317005,-1.9890636207479588,0.007514562252990861,0.0,0.2629,0.833,-1.9098995383204218,0.34869170810152234,0.0,0.4938
1787533026.9593015,-2.251510722660102,-0.006984842749899389,-0.8218917499143349,-1.9890635613114844,0.0075145505103629525,0.0,0.2628,0.822,-1.9098995383204218,0.34869170810152234,0.0,0.4932
1787533027.082982,-2.2514637919602114,-0.004774608734023589,-1.0483340745624463,-1.9890635443914781,0.007514544937379823,0.0,0.2627,1.048,-1.9098995383204218,0.34869170810152234,0.0,0.4915
1787533027.1992412,-2.250145609832585,-0.003616652772208663,-1.1384237493955065,-1.9890634796214883,0.007514534431232694,0.0,0.2613,1.138,-1.9098995383204218,0.34869170810152234,0.0,0.4898
1787533027.2633717,-2.249422178906162,-0.0033769252555326894,-1.1923561050145037,-1.9890634795999955,0.007514529265533806,0.0,0.2606,1.192,-1.9098995383204218,0.34869170810152234,0.0,0.4891
1787533027.3850439,-2.247923498137842,-0.003540069752964686,-1.1295169138086092,-1.9890633597521976,0.007514520111632803,0.0,0.2591,1.130,-1.9098995383204218,0.34869170810152234,0.0,0.4882
1787533027.4492514,-2.2472780851226277,-0.00366520796583633,-0.9268369230707607,-1.989063343705336,0.007514510587630286,0.0,0.2585,0.927,-1.9098995383204218,0.34869170810152234,0.0,0.4878
1787533027.5763655,-2.24435601206213,-0.003009030549307328,-0.8954209833617712,-1.9890633117176257,0.007514506288708231,0.0,0.2555,0.895,-1.9098995383204218,0.34869170810152234,0.0,0.4853
1787533027.7014446,-2.2410624652793745,-0.0011612720808516404,-1.1864249278640087,-1.989063238261151,0.007514497946060044,0.0,0.2521,1.186,-1.9098995383204218,0.34869170810152234,0.0,0.4817
1787533027.7653158,-2.239171015314625,-0.0007669021156397849,-1.309950922206877,-1.9890632075151822,0.007514493915675623,0.0,0.2502,1.310,-1.9098995383204218,0.34869170810152234,0.0,0.4801
1787533027.8915334,-2.2353695489442367,-0.0007728622497404848,-1.5120447248654318,-1.9890631091693982,0.007514486438594137,0.0,0.2464,1.512,-1.9098995383204218,0.34869170810152234,0.0,0.4776
1787533027.9451563,-2.233500825802148,-0.0014044862328892378,-1.4951582837217934,-1.98906306002897,0.007514478984246652,0.0,0.2446,1.495,-1.9098995383204218,0.34869170810152234,0.0,0.4767
1787533028.0690322,-2.229876088734075,-0.0030193667601049875,-1.1976043940789731,-1.9890631156110505,0.007514474870338684,0.0,0.2410,1.198,-1.9098995383204218,0.34869170810152234,0.0,0.4755
1787533028.196429,-2.227215560182381,-0.003925382268146412,-0.7534988169394424,-1.9890630639280484,0.007514468396627578,0.0,0.2384,0.753,-1.9098995383204218,0.34869170810152234,0.0,0.4744
1787533028.2585843,-2.225783360385357,-0.0038825016306638133,-0.4612189913769359,-1.989062971116955,0.007514462493455795,0.0,0.2370,0.461,-1.9098995383204218,0.34869170810152234,0.0,0.4734
1787533028.380066,-2.2229943995885524,-0.003306657214615663,-0.12678878906965446,-1.9890628314133916,0.007514460369461707,0.0,0.2342,0.127,-1.9098995383204218,0.34869170810152234,0.0,0.4711
1787533028.4437156,-2.222182380664235,-0.0032549801141340293,-0.12648556950904463,-1.98906237733958,0.007514461252641079,0.0,0.2334,0.126,-1.9098995383204218,0.34869170810152234,0.0,0.4705
1787533028.563374,-2.2203936981975008,-0.0038977961613008544,-0.17226158121908214,-1.9890625079161617,0.0075144564139713,0.0,0.2316,0.172,-1.9098995383204218,0.34869170810152234,0.0,0.4698
1787533028.6903665,-2.218539784069744,-0.00532338902024497,-0.024876616532344163,-1.9890624027201336,0.007514451441278959,0.0,0.2298,0.025,-1.9098995383204218,0.34869170810152234,0.0,0.4697
1787533028.758005,-2.217730888249729,-0.006043387464266421,0.23522812091728876,-1.9890624814019873,0.007514445114938615,0.0,0.2291,0.235,-1.9098995383204218,0.34869170810152234,0.0,0.4697
1787533028.885477,-2.216772121984796,-0.006145246081735924,0.24231897041668354,-1.989062450712235,0.0075144429142072165,0.0,0.2281,0.242,-1.9098995383204218,0.34869170810152234,0.0,0.4691
1787533028.9503033,-2.2162459119317672,-0.005803315001670126,0.19217659385378555,-1.9890624068627965,0.007514438287454644,0.0,0.2276,0.192,-1.9098995383204218,0.34869170810152234,0.0,0.4685
1787533029.0790813,-2.215867983516972,-0.005027569114993609,0.020458096494454195,-1.9890623824521543,0.007514436072035355,0.0,0.2272,0.020,-1.9098995383204218,0.34869170810152234,0.0,0.4677
1787533029.14108,-2.215907608929109,-0.004974072467818787,-0.025540810515505795,-1.9890622444975814,0.007514432647510241,0.0,0.2272,0.026,-1.9098995383204218,0.34869170810152234,0.0,0.4677
1787533029.2683582,-2.2158439022185106,-0.005584931963232341,-0.08018780584402743,-1.9890623264420997,0.007514429532197652,0.0,0.2272,0.080,-1.9098995383204218,0.34869170810152234,0.0,0.4681
1787533029.397769,-2.2159092733817882,-0.006705615896359015,0.23823442061554906,-1.9890622466245724,0.00751442609927204,0.0,0.2273,0.238,-1.9098995383204218,0.34869170810152234,0.0,0.4690
1787533029.4608848,-2.2154464413768395,-0.0068411112352622415,0.24956699440892247,-1.9890622548143935,0.007514422029627364,0.0,0.2268,0.250,-1.9098995383204218,0.34869170810152234,0.0,0.4688
1787533029.586269,-2.214355891728068,-0.0063182335187906636,0.24258772286297128,-1.9890622228695647,0.007514420402153984,0.0,0.2257,0.243,-1.9098995383204218,0.34869170810152234,0.0,0.4677
1787533029.6969516,-2.213373177316121,-0.005272663043611646,-0.10165793045260717,-1.989062214609895,0.007514416654066988,0.0,0.2247,0.102,-1.9098995383204218,0.34869170810152234,0.0,0.4662
1787533029.7578983,-2.2127619179169495,-0.004932329542120234,-0.11936512540286105,-1.9890619637586082,0.007514417582649563,0.0,0.2240,0.119,-1.9098995383204218,0.34869170810152234,0.0,0.4656
1787533029.883078,-2.211357254189457,-0.004990076403194101,-0.16508073755853514,-1.989061985747626,0.007514415352300357,0.0,0.2226,0.165,-1.9098995383204218,0.34869170810152234,0.0,0.4647
1787533029.9454274,-2.2106221749416894,-0.0053384737023174835,-0.1096129889243867,-1.9890619876167674,0.00751441190709725,0.0,0.2219,0.110,-1.9098995383204218,0.34869170810152234,0.0,0.4645
1787533030.0756292,-2.209345276051571,-0.0060395575297354925,0.33557824998742386,-1.9890619846015347,0.00751441032787908,0.0,0.2207,0.336,-1.9098995383204218,0.34869170810152234,0.0,0.4642
1787533030.2047534,-2.20762715693005,-0.005512063154734621,0.3377260415376458,-1.989061945717369,0.007514407591495699,0.0,0.2190,0.338,-1.9098995383204218,0.34869170810152234,0.0,0.4627
1787533030.266806,-2.2067251450543655,-0.004875892688502457,0.26405822401167467,-1.989061921811769,0.007514406449990536,0.0,0.2180,0.264,-1.9098995383204218,0.34869170810152234,0.0,0.4616
1787533030.3957512,-2.205142839258468,-0.0036492787091868244,0.034908675699492596,-1.9890619284733828,0.007514403684607735,0.0,0.2164,0.035,-1.9098995383204218,0.34869170810152234,0.0,0.4597
1787533030.4589748,-2.2043137689897714,-0.003412690745007924,-0.012458502879827653,-1.9890618971965444,0.007514401395494306,0.0,0.2155,0.012,-1.9098995383204218,0.34869170810152234,0.0,0.4590
1787533030.5849628,-2.2025337554256277,-0.0035878367108968206,-0.04146539313744027,-1.9890618918434073,0.007514400163694587,0.0,0.2138,0.041,-1.9098995383204218,0.34869170810152234,0.0,0.4580
1787533030.699361,-2.2009239693604505,-0.004145883214425472,0.3236701709861869,-1.9890618972807117,0.007514397678955579,0.0,0.2122,0.324,-1.9098995383204218,0.34869170810152234,0.0,0.4574
1787533030.7604651,-2.20004679889417,-0.004096677489514085,0.32958498567351774,-1.9890619206405409,0.007514396301591656,0.0,0.2113,0.330,-1.9098995383204218,0.34869170810152234,0.0,0.4568
1787533030.8873818,-2.1981510599981,-0.003282930808985486,0.3001727483086187,-1.9890619187706797,0.007514394193390102,0.0,0.2094,0.300,-1.9098995383204218,0.34869170810152234,0.0,0.4549
1787533030.9563112,-2.1972252414658904,-0.002604970650152884,0.15886676729292115,-1.9890618613515363,0.007514392764060103,0.0,0.2084,0.159,-1.9098995383204218,0.34869170810152234,0.0,0.4538
1787533031.0795772,-2.196373115946549,-0.0026718303764661634,0.13533008888090073,-1.989061881623441,0.007514391490940851,0.0,0.2076,0.135,-1.9098995383204218,0.34869170810152234,0.0,0.4533
1787533031.1898968,-2.1954281289675506,-0.0037806407005448145,0.020852210372329608,-1.9890618622390646,0.00751438974826585,0.0,0.2067,0.021,-1.9098995383204218,0.34869170810152234,0.0,0.4536
1787533031.252937,-2.1950042381046595,-0.004671748366519136,0.006890256189002394,-1.9890619071530526,0.007514387487252452,0.0,0.2063,0.007,-1.9098995383204218,0.34869170810152234,0.0,0.4540
1787533031.3792741,-2.194090618219761,-0.006159579745175103,0.13202594258767678,-1.9890618937801123,0.007514386846888929,0.0,0.2055,0.132,-1.9098995383204218,0.34869170810152234,0.0,0.4546
1787533031.5055485,-2.1927756575761457,-0.006502777012504634,0.18077924028412395,-1.9890618711022774,0.0075143854609058015,0.0,0.2042,0.181,-1.9098995383204218,0.34869170810152234,0.0,0.4541
1787533031.5720096,-2.192087075897801,-0.006356809544196852,0.12411379323084806,-1.9890618706544358,0.007514384659271973,0.0,0.2035,0.124,-1.9098995383204218,0.34869170810152234,0.0,0.4535
1787533031.7028913,-2.190322108530917,-0.0061810054640562455,-0.4150070119529451,-1.9890618578706574,0.007514383241734775,0.0,0.2017,0.415,-1.9098995383204218,0.34869170810152234,0.0,0.4523
1787533031.765499,-2.1891012895871715,-0.00648312566061306,-0.7751002706380551,-1.9890618428370057,0.007514381925511559,0.0,0.2005,0.775,-1.9098995383204218,0.34869170810152234,0.0,0.4518
1787533031.8946257,-2.186555643316359,-0.007783008491716924,-1.4034616936878177,-1.9890618351884708,0.007514381315264612,0.0,0.1981,1.403,-1.9098995383204218,0.34869170810152234,0.0,0.4512
1787533031.959121,-2.1853759650701328,-0.008614815907208794,-1.5511435259810908,-1.9890618313241235,0.007514380671503641,0.0,0.1970,1.551,-1.9098995383204218,0.34869170810152234,0.0,0.4512
1787533032.0933478,-2.183272287177681,-0.00916815122956851,-1.4999470973280604,-1.989061796786473,0.007514379717418546,0.0,0.1949,1.500,-1.9098995383204218,0.34869170810152234,0.0,0.4503
1787533032.1659896,-2.1821060775628234,-0.009020872991311407,-1.480224860451519,-1.9890617829400714,0.007514378678140656,0.0,0.1938,1.480,-1.9098995383204218,0.34869170810152234,0.0,0.4495
1787533032.2939668,-2.1798884357246786,-0.008283666712518067,-1.7715153439859943,-1.9890617593485111,0.0075143783553568945,0.0,0.1915,1.772,-1.9098995383204218,0.34869170810152234,0.0,0.4476
1787533032.356781,-2.17883445201843,-0.008118424413171385,-2.0607723591727485,-1.989061752318237,0.007514377264346405,0.0,0.1904,2.061,-1.9098995383204218,0.34869170810152234,0.0,0.4468
1787533032.4809096,-2.1767897002668115,-0.008980613156894496,-2.1057022816567534,-1.9890617596739142,0.007514376619561933,0.0,0.1885,2.106,-1.9098995383204218,0.34869170810152234,0.0,0.4463
1787533032.5451868,-2.175783822666073,-0.009760710467244488,-2.0836880567546,-1.989061760212737,0.0075143755711629566,0.0,0.1875,2.084,-1.9098995383204218,0.34869170810152234,0.0,0.4463
1787533032.6760678,-2.1739801207962124,-0.011181880541885236,-1.907274826393286,-1.9890617567297009,0.0075143751195122935,0.0,0.1859,1.907,-1.9098995383204218,0.34869170810152234,0.0,0.4464
1787533032.800971,-2.1719853914924223,-0.011518578864324048,-1.8431153003043015,-1.9890617442117022,0.007514374309918824,0.0,0.1839,1.843,-1.9098995383204218,0.34869170810152234,0.0,0.4455
1787533032.8648708,-2.170943332029474,-0.011365886339892346,-1.8887431441962894,-1.989061735004141,0.007514373956264009,0.0,0.1829,1.889,-1.9098995383204218,0.34869170810152234,0.0,0.4447
1787533032.9940577,-2.1694839239368573,-0.011013102750236191,-2.1690722037208054,-1.9890617439947713,0.00751437296567947,0.0,0.1814,2.169,-1.9098995383204218,0.34869170810152234,0.0,0.4436
1787533033.060911,-2.1689296959425297,-0.011145795788956993,-2.286657379016937,-1.9890617316199224,0.007514372287526863,0.0,0.1808,2.287,-1.9098995383204218,0.34869170810152234,0.0,0.4434
1787533033.1905458,-2.1677235911016255,-0.012164169149052516,-2.4304170585344114,-1.989061711638118,0.007514372130489063,0.0,0.1797,2.430,-1.9098995383204218,0.34869170810152234,0.0,0.4435
1787533033.251976,-2.1672119004930996,-0.012844269188724536,-2.33109026827596,-1.9890617224479448,0.007514371213770474,0.0,0.1793,2.331,-1.9098995383204218,0.34869170810152234,0.0,0.4438
1787533033.3659291,-2.1665285586407426,-0.013039650988214333,-2.2911511284685044,-1.9890617297416437,0.007514370762674374,0.0,0.1787,2.291,-1.9098995383204218,0.34869170810152234,0.0,0.4435
1787533033.4893167,-2.165624052911973,-0.012326688597665733,-2.287559306940997,-1.9890617416803587,0.007514369928604273,0.0,0.1777,2.288,-1.9098995383204218,0.34869170810152234,0.0,0.4424
1787533033.5539744,-2.165205738586727,-0.011721521327186003,-2.4173959002808525,-1.9890617355856952,0.007514369379250384,0.0,0.1772,2.417,-1.9098995383204218,0.34869170810152234,0.0,0.4417
1787533033.680047,-2.164221105542538,-0.011072383575331756,-2.6823956533129474,-1.9890617188795705,0.007514369278147997,0.0,0.1761,2.682,-1.9098995383204218,0.34869170810152234,0.0,0.4406
1787533033.7983112,-2.1627979958342762,-0.011547631283052006,-2.6623506923587996,-1.9890617240264918,0.00751436858582226,0.0,0.1748,2.662,-1.9098995383204218,0.34869170810152234,0.0,0.4401
1787533033.8498552,-2.162110333739644,-0.012040204365726058,-2.5407466595528687,-1.9890617208588974,0.007514368355392724,0.0,0.1741,2.541,-1.9098995383204218,0.34869170810152234,0.0,0.4402
1787533033.969505,-2.1608088770992473,-0.012833108343030832,-2.2950168029121247,-1.9890617415037368,0.007514367561078781,0.0,0.1729,2.295,-1.9098995383204218,0.34869170810152234,0.0,0.4401
1787533034.0936093,-2.159200820650481,-0.012692891041364713,-2.276907263336167,-1.9890617362032845,0.007514367128630314,0.0,0.1713,2.277,-1.9098995383204218,0.34869170810152234,0.0,0.4390
1787533034.157741,-2.158333889917184,-0.012265970020931896,-2.356738164071971,-1.9890617380902749,0.007514366621032794,0.0,0.1704,2.357,-1.9098995383204218,0.34869170810152234,0.0,0.4382
1787533034.2876267,-2.1568138606657334,-0.011413176589531709,-2.871687534388162,-1.9890617210292518,0.007514366607665342,0.0,0.1688,2.872,-1.9098995383204218,0.34869170810152234,0.0,0.4366
1787533034.351377,-2.1559426272599147,-0.011504982592114313,-2.8752406573807674,-1.9890617145527778,0.007514366209337665,0.0,0.1680,2.875,-1.9098995383204218,0.34869170810152234,0.0,0.4362
1787533034.4809325,-2.154041589901201,-0.012533703734214644,-2.6983380807200894,-1.9890617027080455,0.0075143661512610625,0.0,0.1662,2.698,-1.9098995383204218,0.34869170810152234,0.0,0.4360
1787533034.546442,-2.1531605728798775,-0.013252087287154442,-2.454232179489482,-1.9890617058535531,0.007514365692814796,0.0,0.1654,2.454,-1.9098995383204218,0.34869170810152234,0.0,0.4361
1787533034.672564,-2.1514702471952973,-0.014008155053191838,-2.3871243156559165,-1.9890617012701133,0.007514365547910526,0.0,0.1638,2.387,-1.9098995383204218,0.34869170810152234,0.0,0.4358
1787533034.796807,-2.149540736001955,-0.013757982121438271,-2.371913688785492,-1.9890616998467159,0.007514365170822371,0.0,0.1619,2.372,-1.9098995383204218,0.34869170810152234,0.0,0.4345
1787533034.9013772,-2.1477709483085996,-0.013186345343203157,-2.7404066784676386,-1.9890616725521215,0.007514365341879223,0.0,0.1601,2.740,-1.9098995383204218,0.34869170810152234,0.0,0.4331
1787533035.0047867,-2.1459692023298804,-0.01346950373940155,-2.7554500425994477,-1.98906165448667,0.007514365194604029,0.0,0.1583,2.755,-1.9098995383204218,0.34869170810152234,0.0,0.4323
1787533035.0657277,-2.1450220103917204,-0.014047580382158104,-2.73918625494703,-1.9890616679730404,0.007514364833309318,0.0,0.1574,2.739,-1.9098995383204218,0.34869170810152234,0.0,0.4323
1787533035.1758337,-2.1431900626331197,-0.01565024666520238,-2.479162010642838,-1.9890616769000746,0.007514364397868129,0.0,0.1559,2.479,-1.9098995383204218,0.34869170810152234,0.0,0.4326
1787533035.290388,-2.1415482101422105,-0.016592769019228307,-2.390228692874735,-1.9890616919429625,0.007514363907423879,0.0,0.1544,2.390,-1.9098995383204218,0.34869170810152234,0.0,0.4325
1787533035.4029374,-2.139684972483479,-0.01668264542191898,-2.288600473132219,-1.989061693928059,0.007514363741711332,0.0,0.1526,2.289,-1.9098995383204218,0.34869170810152234,0.0,0.4316
1787533035.4698434,-2.138728204926929,-0.01645357108559582,-2.3262531326229734,-1.98906168819504,0.007514363537396917,0.0,0.1516,2.326,-1.9098995383204218,0.34869170810152234,0.0,0.4309
1787533035.5948048,-2.137020914308156,-0.01611768286311426,-2.7770778766259685,-1.9890616958095806,0.007514363192420399,0.0,0.1498,2.777,-1.9098995383204218,0.34869170810152234,0.0,0.4297
1787533035.6976423,-2.1351983446623533,-0.01717115022402971,-2.8069002477486458,-1.9890616747077527,0.007514363352706051,0.0,0.1482,2.807,-1.9098995383204218,0.34869170810152234,0.0,0.4297
1787533035.758231,-2.1343082262202193,-0.01805387679734236,-2.8323689010296413,-1.9890616887244414,0.007514362914389954,0.0,0.1475,2.832,-1.9098995383204218,0.34869170810152234,0.0,0.4300
1787533035.8801956,-2.133522332822096,-0.01897116999515531,-2.926325502321941,-1.9890617032040283,0.007514362502793137,0.0,0.1469,2.926,-1.9098995383204218,0.34869170810152234,0.0,0.4303
1787533035.9405537,-2.133152810851618,-0.019181687645482358,-2.8859925211301922,-1.9890616979028086,0.007514362364419668,0.0,0.1465,2.886,-1.9098995383204218,0.34869170810152234,0.0,0.4303
1787533036.072321,-2.1321928739664884,-0.01873076414534254,-2.7534602263076713,-1.9890616899305695,0.007514362365530791,0.0,0.1455,2.753,-1.9098995383204218,0.34869170810152234,0.0,0.4294
1787533036.202421,-2.1313614660009716,-0.017699884578689526,-2.9513985346450142,-1.9890616944991955,0.007514362097337895,0.0,0.1445,2.951,-1.9098995383204218,0.34869170810152234,0.0,0.4281
1787533036.2673357,-2.1307547802868414,-0.017621179453286385,-2.9629236828031327,-1.9890616650733883,0.007514362399136072,0.0,0.1439,2.963,-1.9098995383204218,0.34869170810152234,0.0,0.4277
1787533036.390971,-2.1294231431993036,-0.018242701925643597,-2.9679076947637264,-1.9890616782738546,0.0075143620278630965,0.0,0.1427,2.968,-1.9098995383204218,0.34869170810152234,0.0,0.4276
1787533036.4536068,-2.1287857525919893,-0.018832117720235218,-2.859509437818553,-1.9890616790892544,0.007514361834372021,0.0,0.1422,2.860,-1.9098995383204218,0.34869170810152234,0.0,0.4278
1787533036.578786,-2.1276258506122447,-0.018643996359549234,-2.7725493010427162,-1.9890616807902848,0.007514361727501286,0.0,0.1410,2.773,-1.9098995383204218,0.34869170810152234,0.0,0.4270
1787533036.7042494,-2.126115341216294,-0.017515318043945204,-2.609862284443015,-1.989061678980472,0.00751436158827189,0.0,0.1393,2.610,-1.9098995383204218,0.34869170810152234,0.0,0.4253
1787533036.7681832,-2.125325421735207,-0.01656514369249611,-2.7123604299848507,-1.9890616780352257,0.007514361522464666,0.0,0.1384,2.712,-1.9098995383204218,0.34869170810152234,0.0,0.4241
1787533036.894335,-2.1238633267342615,-0.01514165559189981,-2.9730604987063476,-1.9890616730813584,0.0075143614376083825,0.0,0.1367,2.973,-1.9098995383204218,0.34869170810152234,0.0,0.4221
1787533036.9572322,-2.123055130658084,-0.014949811095449959,-3.0012421064921853,-1.9890616788471,0.007514361284404626,0.0,0.1359,3.001,-1.9098995383204218,0.34869170810152234,0.0,0.4215
1787533037.0837898,-2.1213640711325112,-0.015242860401089986,-2.947380873454643,-1.9890616669769516,0.007514361304489551,0.0,0.1342,2.947,-1.9098995383204218,0.34869170810152234,0.0,0.4209
1787533037.19141,-2.119851930125834,-0.015724133402052434,-2.745563425146186,-1.9890616691355087,0.007514361146786038,0.0,0.1328,2.746,-1.9098995383204218,0.34869170810152234,0.0,0.4206
1787533037.252256,-2.119029612440519,-0.01570287580707929,-2.7107857167026133,-1.989061678328551,0.007514360899613772,0.0,0.1320,2.711,-1.9098995383204218,0.34869170810152234,0.0,0.4201
1787533037.3745382,-2.1172019529045825,-0.01492334759222225,-2.6910827784013143,-1.9890616776637426,0.007514360852644589,0.0,0.1301,2.691,-1.9098995383204218,0.34869170810152234,0.0,0.4186
1787533037.5058064,-2.1155155215079082,-0.013747515306125774,-3.0692542772500473,-1.9890616730787818,0.007514360800628612,0.0,0.1282,3.069,-1.9098995383204218,0.34869170810152234,0.0,0.4167
1787533037.5660777,-2.1146479499269306,-0.01357791160608627,-3.081262213106422,-1.9890616713886935,0.0075143607714094045,0.0,0.1273,3.081,-1.9098995383204218,0.34869170810152234,0.0,0.4161
1787533037.687504,-2.112800363631488,-0.013948684478263683,-3.0767875112267653,-1.9890616735416784,0.007514360636308024,0.0,0.1256,3.077,-1.9098995383204218,0.34869170810152234,0.0,0.4155
1787533037.7502105,-2.1118983307185104,-0.014411573986281236,-2.9622516029032973,-1.9890616723607093,0.00751436055425863,0.0,0.1248,2.962,-1.9098995383204218,0.34869170810152234,0.0,0.4155
1787533037.877682,-2.1102254786520858,-0.015056247402149746,-2.7000205443596883,-1.9890616703434947,0.0075143605344851,0.0,0.1232,2.700,-1.9098995383204218,0.34869170810152234,0.0,0.4153
1787533037.992851,-2.108288369735144,-0.014692128250854707,-2.6947133320003096,-1.9890616686237537,0.007514360465601057,0.0,0.1213,2.695,-1.9098995383204218,0.34869170810152234,0.0,0.4140
1787533038.0558724,-2.1072962127164,-0.014249941813764214,-2.776401754441386,-1.9890616745217622,0.007514360295421552,0.0,0.1202,2.776,-1.9098995383204218,0.34869170810152234,0.0,0.4131
1787533038.1815732,-2.105518181246265,-0.013477670421380181,-3.009723064209258,-1.989061674964623,0.007514360249283644,0.0,0.1183,3.010,-1.9098995383204218,0.34869170810152234,0.0,0.4116
1787533038.244504,-2.1045973324502527,-0.01345526923199756,-3.0364171900093058,-1.9890616729387542,0.007514360197938706,0.0,0.1174,3.036,-1.9098995383204218,0.34869170810152234,0.0,0.4112
1787533038.3693244,-2.1026724634797906,-0.014091201078376865,-2.9899246728072697,-1.9890616710522895,0.0075143601858910156,0.0,0.1156,2.990,-1.9098995383204218,0.34869170810152234,0.0,0.4108
1787533038.4787476,-2.1009522523490314,-0.014935270321834759,-2.5379279692714074,-1.9890616711415419,0.007514360109807401,0.0,0.1141,2.538,-1.9098995383204218,0.34869170810152234,0.0,0.4108
1787533038.6034598,-2.0991006251108484,-0.014766959457104526,-2.525136449529794,-1.9890616779294594,0.007514359947521719,0.0,0.1123,2.525,-1.9098995383204218,0.34869170810152234,0.0,0.4098
1787533038.6653757,-2.098123232499835,-0.014214693590693992,-2.472559648436446,-1.989061677159107,0.007514359894414222,0.0,0.1112,2.473,-1.9098995383204218,0.34869170810152234,0.0,0.4088
1787533038.7939827,-2.096356418158306,-0.012828553096639609,-2.7087769359430447,-1.9890616758220163,0.007514359881610126,0.0,0.1092,2.709,-1.9098995383204218,0.34869170810152234,0.0,0.4068
1787533038.854991,-2.0954815486845635,-0.012506238748282801,-2.724654135405738,-1.9890616736797284,0.007514359849321184,0.0,0.1083,2.725,-1.9098995383204218,0.34869170810152234,0.0,0.4061
1787533038.978604,-2.0936722769695173,-0.012761684598317113,-2.747797622804252,-1.9890616728563904,0.00751435983148188,0.0,0.1066,2.748,-1.9098995383204218,0.34869170810152234,0.0,0.4055
1787533039.1019816,-2.0920480622180126,-0.013698895697037822,-2.4511192442067538,-1.9890616734770667,0.007514359766220166,0.0,0.1051,2.451,-1.9098995383204218,0.34869170810152234,0.0,0.4056
1787533039.1629097,-2.0912108600486605,-0.0139259639389929,-2.4365826465928753,-1.9890616737790376,0.007514359734960804,0.0,0.1044,2.437,-1.9098995383204218,0.34869170810152234,0.0,0.4054
1787533039.2871506,-2.0893450112828638,-0.013519193284796211,-2.3236578461121553,-1.989061673192911,0.007514359691354824,0.0,0.1025,2.324,-1.9098995383204218,0.34869170810152234,0.0,0.4042
1787533039.3523953,-2.0883915677741824,-0.012947194044142048,-2.314866655274173,-1.9890616729870016,0.007514359645106494,0.0,0.1014,2.315,-1.9098995383204218,0.34869170810152234,0.0,0.4033
1787533039.4802437,-2.0870191502119355,-0.012104741641563135,-2.4547418408656054,-1.9890616711673712,0.007514359647251084,0.0,0.0999,2.455,-1.9098995383204218,0.34869170810152234,0.0,0.4019
1787533039.605601,-2.085852270511996,-0.012421992105989009,-2.490135063072588,-1.989061670617398,0.007514359609097932,0.0,0.0988,2.490,-1.9098995383204218,0.34869170810152234,0.0,0.4017
1787533039.669765,-2.0852490063967895,-0.012902578087732033,-2.4288968072729693,-1.9890616718058014,0.007514359570534289,0.0,0.0983,2.429,-1.9098995383204218,0.34869170810152234,0.0,0.4019
1787533039.7938886,-2.084104610048167,-0.013809066160994614,-2.215793342244253,-1.9890616704365278,0.007514359548267559,0.0,0.0974,2.216,-1.9098995383204218,0.34869170810152234,0.0,0.4022
1787533039.8519332,-2.0834099953233416,-0.01394400813825299,-2.183048720651551,-1.9890616708037823,0.007514359503484924,0.0,0.0968,2.183,-1.9098995383204218,0.34869170810152234,0.0,0.4020
1787533039.9786062,-2.0818529474525422,-0.013476584417174229,-2.1800051807825853,-1.9890616717401022,0.007514359471738915,0.0,0.0951,2.180,-1.9098995383204218,0.34869170810152234,0.0,0.4009
1787533040.1058538,-2.0804623570081398,-0.012682189036932658,-2.584836991563151,-1.989061670788806,0.007514359449638641,0.0,0.0936,2.585,-1.9098995383204218,0.34869170810152234,0.0,0.3996
1787533040.1668496,-2.079648268174404,-0.012668218419814522,-2.592331616810171,-1.989061670472972,0.0075143594368494064,0.0,0.0928,2.592,-1.9098995383204218,0.34869170810152234,0.0,0.3992
1787533040.2916498,-2.077910374583147,-0.013366679435199195,-2.5565063747637575,-1.989061670734171,0.007514359399724376,0.0,0.0913,2.557,-1.9098995383204218,0.34869170810152234,0.0,0.3991
1787533040.3619893,-2.0770733247118955,-0.01395994787956504,-2.4200873834609995,-1.9890616688428475,0.0075143593954559796,0.0,0.0906,2.420,-1.9098995383204218,0.34869170810152234,0.0,0.3993
1787533040.48885,-2.0754775835039436,-0.01466669396185102,-2.127872741003962,-1.9890616653740858,0.007514359429561545,0.0,0.0892,2.128,-1.9098995383204218,0.34869170810152234,0.0,0.3993
1787533040.551285,-2.074560957675368,-0.014582178739131951,-2.119005047401426,-1.9890616659967741,0.007514359390749203,0.0,0.0883,2.119,-1.9098995383204218,0.34869170810152234,0.0,0.3988
1787533040.6814673,-2.072668261420655,-0.013817118740928268,-2.3009495460022498,-1.9890616674232269,0.00751435935650178,0.0,0.0863,2.301,-1.9098995383204218,0.34869170810152234,0.0,0.3974
1787533040.8028681,-2.071014284760236,-0.013325118771049206,-2.386382586664779,-1.9890616647167982,0.007514359368679265,0.0,0.0846,2.386,-1.9098995383204218,0.34869170810152234,0.0,0.3963
1787533040.8634353,-2.0701359076995094,-0.013437181462397814,-2.448730937120281,-1.9890616647882664,0.007514359354640454,0.0,0.0837,2.449,-1.9098995383204218,0.34869170810152234,0.0,0.3960
1787533040.9886308,-2.068336600660062,-0.014292564708276842,-2.4263713234037936,-1.9890616663675629,0.007514359307666307,0.0,0.0822,2.426,-1.9098995383204218,0.34869170810152234,0.0,0.3961
1787533041.1052184,-2.0671681581894363,-0.014886700639549146,-2.2244628263148476,-1.9890616653669848,0.007514359299130177,0.0,0.0813,2.224,-1.9098995383204218,0.34869170810152234,0.0,0.3961
1787533041.1663349,-2.066730603445856,-0.01479364796533065,-2.216418078767326,-1.9890616661661058,0.007514359276660001,0.0,0.0808,2.216,-1.9098995383204218,0.34869170810152234,0.0,0.3959
1787533041.2930627,-2.0657123576264196,-0.013887224004644086,-2.3145813241225697,-1.9890616686978184,0.007514359219932247,0.0,0.0796,2.315,-1.9098995383204218,0.34869170810152234,0.0,0.3946
1787533041.3550203,-2.065293704040663,-0.013291108689723507,-2.544078983071404,-1.9890616667781524,0.007514359227826421,0.0,0.0790,2.544,-1.9098995383204218,0.34869170810152234,0.0,0.3939
1787533041.4757698,-2.06402696613339,-0.0128772037929165,-2.59192991775792,-1.989061665861598,0.007514359231300667,0.0,0.0777,2.592,-1.9098995383204218,0.34869170810152234,0.0,0.3930
1787533041.6027887,-2.062623245467412,-0.013377385151546082,-2.583755183426249,-1.9890616673318784,0.007514359191837451,0.0,0.0765,2.584,-1.9098995383204218,0.34869170810152234,0.0,0.3930
1787533041.6630354,-2.061986776074,-0.013848061128624635,-2.4374811741517486,-1.989061667391129,0.007514359182269444,0.0,0.0760,2.437,-1.9098995383204218,0.34869170810152234,0.0,0.3931
1787533041.7784948,-2.0606460766216657,-0.014234707394952504,-2.1656353785547786,-1.9890616666142025,0.007514359176357338,0.0,0.0748,2.166,-1.9098995383204218,0.34869170810152234,0.0,0.3930
1787533041.9050524,-2.0588802390211973,-0.01354005684020192,-2.2840626650536313,-1.998221238305287,0.00981853220268938,4.2189868746554416e-05,0.0650,2.284,-1.9983379370077963,0.02376395734122864,0.0,0.0711
1787533041.967138,-2.0579731222758295,-0.012861902264263286,-2.5132324410897438,-1.9982213786202356,0.009818519662555336,4.219008876460506e-05,0.0639,2.513,-1.9983379370077963,0.02376395734122864,0.0,0.0700
1787533042.0916286,-2.0552167258230423,-0.01238158636799994,-2.9840723641016975,-1.992542263331877,0.0050706991567846665,-2.2932128249928208e-05,0.0651,2.984,-1.9850002609387696,-0.07469089512486558,4.219008876460507e-05,0.0939
1787533042.1564527,-2.05378606335067,-0.01252520311073509,-3.2469271277545357,-1.9925404623777137,0.005072166544344422,-2.2918884827345596e-05,0.0637,3.247,-1.9850002609387696,-0.07469089512486558,4.219008876460507e-05,0.0927
1787533042.2913673,-2.050959652998509,-0.013455407052023827,-3.607688474820514,-1.9925402117302369,0.005072230697973748,-2.29184150975858e-05,0.0613,3.608,-1.9850002609387696,-0.07469089512486558,4.219008876460507e-05,0.0900
1787533042.3544724,-2.0496671150650405,-0.0139742514818117,-3.596389628518495,-1.9925399378942013,0.005072253651120003,-2.291831143694762e-05,0.0602,3.596,-1.9850002609387696,-0.07469089512486558,4.219008876460507e-05,0.0887
1787533042.4802856,-2.0477628729006887,-0.013892020970164287,-3.586070153883824,-1.9925398927466529,0.005072256128773976,-2.291832044427848e-05,0.0584,3.586,-1.9850002609387696,-0.07469089512486558,4.219008876460507e-05,0.0874
1787533042.6005466,-2.04569791082777,-0.012608877564169129,-3.5321075447059833,-1.9925398414653663,0.005072257548836368,-2.2918348534937425e-05,0.0560,3.532,-1.9850002609387696,-0.07469089512486558,4.219008876460507e-05,0.0868
1787533042.663395,-2.045211851712823,-0.012488182463060521,-3.510314615270106,-1.9925397351133554,0.005072235813690697,-2.2918359501489968e-05,0.0555,3.510,-1.9850002609387696,-0.07469089512486558,4.219008876460507e-05,0.0866
1787533042.7932994,-2.0442145705472847,-0.012835230132539881,-3.536618788393055,-1.992539782897914,0.0050722544475282575,-2.291838802470435e-05,0.0547,3.537,-1.9850002609387696,-0.07469089512486558,4.219008876460507e-05,0.0856
1787533042.8580406,-2.043645712684607,-0.013378518935133763,-3.5392099920043623,-1.9925397647250502,0.005072255589904494,-2.291841087380918e-05,0.0543,3.539,-1.9850002609387696,-0.07469089512486558,4.219008876460507e-05,0.0848
1787533042.9861288,-2.042643018265065,-0.0148905822106501,-3.2439914140324744,-1.9925397571937284,0.005072256250564397,-2.2918421356917412e-05,0.0539,3.244,-1.9850002609387696,-0.07469089512486558,4.219008876460507e-05,0.0831
1787533043.0457547,-2.0419802936472617,-0.015295404876896141,-3.2254487791573854,-1.9925397375306242,0.0050722546770088014,-2.2918434995135886e-05,0.0535,3.225,-1.9850002609387696,-0.07469089512486558,4.219008876460507e-05,0.0823
1787533043.1750634,-2.040418119881966,-0.015332992963064803,-3.1787267389883227,-1.9925397086464238,0.00507225148770341,-2.2918451101464793e-05,0.0520,3.179,-1.9850002609387696,-0.07469089512486558,4.219008876460507e-05,0.0812
1787533043.2975745,-2.0388644497442425,-0.014652251256575858,-3.4417381911537923,-1.9925396964926556,0.005072253244171482,-2.2918471075348193e-05,0.0503,3.442,-1.9850002609387696,-0.07469089512486558,4.219008876460507e-05,0.0807
1787533043.358268,-2.038169348369334,-0.014446321371960304,-3.7169790546199315,-1.9925396847231387,0.005072254434407384,-2.291848817401016e-05,0.0496,3.717,-1.9850002609387696,-0.07469089512486558,4.219008876460507e-05,0.0804
1787533043.4843502,-2.0364683121820106,-0.015047520333126306,-3.7702735601686737,-1.9925396776153512,0.005072254684048391,-2.291849646889677e-05,0.0483,3.770,-1.9850002609387696,-0.07469089512486558,4.219008876460507e-05,0.0788
1787533043.5465133,-2.035613229225977,-0.01572057188928784,-3.757616048426185,-1.9925396644376507,0.0050722552527312885,-2.2918512295336865e-05,0.0478,3.758,-1.9850002609387696,-0.07469089512486558,4.219008876460507e-05,0.0777
1787533043.6682036,-2.034624538046113,-0.01685515043763756,-3.6168987644972166,-1.9925396587939055,0.005072255658584113,-2.2918519750557036e-05,0.0475,3.617,-1.9850002609387696,-0.07469089512486558,4.219008876460507e-05,0.0762
1787533043.796455,-2.034024839621157,-0.01686901817153314,-3.52192220014307,-1.99680283331823,-0.03361219277461802,-0.00047940014172799967,0.0408,3.521,-1.9504625437890677,-0.2426436851827548,-0.00047940014172799956,0.2407
1787533043.8584065,-2.033640823200746,-0.016497756658001187,-3.5266423769120268,-1.9780029290601593,-0.06306521033224466,-0.0006804967396324292,0.0726,3.526,-1.951921457614429,-0.24695648951375423,-0.0006804967396324292,0.2445
1787533043.9830918,-2.0325654571354552,-0.0162626478582369,-3.795258619796498,-1.9752037619121017,-0.07913454816369736,-0.0009069513558828728,0.0851,3.794,-1.9574653537440645,-0.2430197681767537,-0.0009069513558828728,0.2389
1787533044.0478265,-2.031768349843297,-0.01667388534614627,-3.9271066734305866,-1.9742622089676694,-0.09294058554258496,-0.0013008426455219599,0.0955,3.926,-1.9630136017138318,-0.22792835794432617,-0.0013008426455219596,0.2222
1787533044.1761174,-2.0301799081028427,-0.018429384550588176,-4.300631118616745,-1.9743442327568286,-0.10308239829810832,-0.0018920322542852234,0.1014,4.299,-1.9630136017138318,-0.22792835794432617,-0.0013008426455219596,0.2200
1787533044.3006487,-2.0287809457023225,-0.01989521481613277,-4.370000668619396,-1.9816935657968364,-0.10410471149553084,-0.0036903363636929466,0.0965,4.366,-1.9878042605795694,-0.1893841902104091,-0.0018920322542852234,0.1744
1787533044.3629732,-2.028050478223566,-0.019940013730492125,-4.302276401565635,-1.9816975366905287,-0.10410316984584675,-0.0036915179249993367,0.0961,4.299,-1.9878042605795694,-0.1893841902104091,-0.0018920322542852234,0.1742
1787533044.483704,-2.0263791268759572,-0.019323729094908267,-4.193093763894223,-1.9817013901561165,-0.10410513726776438,-0.0036916175348067387,0.0958,4.189,-1.9878042605795694,-0.1893841902104091,-0.0018920322542852234,0.1744
1787533044.6005375,-2.024758700061736,-0.018103978952594746,-4.430211003042015,-1.9817006250029916,-0.10410419507741647,-0.003691588777249088,0.0962,4.427,-1.9878042605795694,-0.1893841902104091,-0.0018920322542852234,0.1752
1787533044.660624,-2.0239780658734396,-0.01787724092758689,-4.44633026041365,-1.9817008046376456,-0.10410433010674347,-0.0036915902544004597,0.0960,4.443,-1.9878042605795694,-0.1893841902104091,-0.0018920322542852234,0.1753
1787533044.7958848,-2.022292641376468,-0.018182411654748536,-4.4909384687042095,-1.9817008669242357,-0.10410437870632852,-0.003691585111341761,0.0950,4.487,-1.9878042605795694,-0.1893841902104091,-0.0018920322542852234,0.1746
1787533044.8563755,-2.0214496029531186,-0.018682350549367725,-4.4241297819251315,-1.9891659475861665,-0.09985909607151996,-0.0041990037057409585,0.0874,4.420,-1.989191718662499,-0.11066295609456327,-0.004199003705740959,0.0975
1787533044.9779098,-2.0203834497232784,-0.019502043790486253,-4.224479922734014,-1.989374863904494,-0.10040753465243787,-0.004235945945971019,0.0866,4.220,-1.989191718662499,-0.11066295609456327,-0.004199003705740959,0.0963
1787533045.0474591,-2.020005688003193,-0.019561418811103952,-4.197654410017345,-1.9843265924158011,-0.1023917238836791,-0.0039660152024230694,0.0902,4.194,-1.959752594945927,-0.12483103292125922,-0.003966015202423069,0.1213
1787533045.1784027,-2.01905367887708,-0.018875851025168366,-4.233090698246705,-1.976775087149696,-0.10382267331734232,-0.003556520939147939,0.0949,4.230,-1.9655958623638208,-0.12811212744761769,-0.0035565209391479383,0.1216
1787533045.2434652,-2.018646246765069,-0.018349010134530393,-4.4199105926624815,-1.9737317033214816,-0.10635953965312733,-0.0035103093084706614,0.0988,4.416,-1.9715815715562737,-0.14397902561347647,-0.0035103093084706614,0.1342
1787533045.3768873,-2.0174186642914185,-0.018002453875962474,-4.468433061506039,-1.9737296868774328,-0.1082572572395646,-0.0036489994653626416,0.1003,4.465,-1.9730588190877236,-0.14620073897693517,-0.003648999465362641,0.1357
1787533045.444424,-2.016744544573471,-0.018223029587043495,-4.488428494428445,-1.9713458806811353,-0.11131275286901876,-0.003613094305366123,0.1036,4.485,-1.934246080289503,-0.15359368099430304,-0.003613094305366123,0.1585
1787533045.574992,-2.0155260034046663,-0.01915649192243261,-4.225127562156619,-1.961540434423063,-0.11044186244289303,-0.0017814698822931694,0.1061,4.223,-1.9396170154578434,-0.15882086482691354,-0.0017814698822931694,0.1590
1787533045.7023902,-2.0141522244475714,-0.019341431859501542,-3.9407881776027214,-1.9497938718800252,-0.11231427418563784,0.00014144731768635888,0.1131,3.941,-1.9407386380214264,-0.1409993798984084,0.00014144731768635888,0.1421
1787533045.7687209,-2.0131784281152316,-0.018861814561875447,-4.037025457804698,-1.9472803407913855,-0.11352504340608721,-2.0297741700698037e-05,0.1153,4.037,-1.943751383424275,-0.14155894573117664,-2.0297741700698037e-05,0.1410
1787533045.891511,-2.0113056804124607,-0.01746289915084072,-4.529828585179607,-1.9428946224870751,-0.11565587015330188,-0.0008827155428737837,0.1197,4.529,-1.9226954461312937,-0.1677874032406176,-0.0008827155428737837,0.1745
1787533045.951883,-2.0104342690910215,-0.016975962328280525,-4.5532554272319254,-1.933897236625803,-0.11769470082015966,-1.459936815530211e-05,0.1265,4.553,-1.919919021768434,-0.16939857799530444,-1.459936815530211e-05,0.1773
1787533046.0770326,-2.0085813351555872,-0.01669948330741943,-4.611353386607592,-1.930097225227108,-0.11917544306646932,-0.0011784107610307082,0.1291,4.610,-1.9229591390606626,-0.17709870187222543,-0.0011784107610307087,0.1818
1787533046.1794453,-2.0067482594274115,-0.01717902831903113,-4.44924848142644,-1.928369105175786,-0.12374871514942253,-0.017461785121154545,0.1323,4.432,-1.9174056205461292,-0.1757865829481328,-0.017461785121154545,0.1820
1787533046.300803,-2.0050396823602545,-0.017375993312276825,-4.213950385999372,-1.927377628278824,-0.12720942208886232,-0.03396430499448021,0.1345,4.180,-1.9343042891751148,-0.16646939438193797,-0.03396430499448021,0.1650
1787533046.3658018,-2.00407820597267,-0.01709293372966349,-4.2035474533630985,-1.9294067283990917,-0.12839458141219715,-0.04736849492595804,0.1340,4.156,-1.9410326553164416,-0.1663853955226347,-0.04736849492595804,0.1621
1787533046.4964826,-2.001930267948808,-0.015726627234109482,-4.4287450373543775,-1.9367996177475681,-0.13150423723276922,-0.09072312534902204,0.1328,4.338,-1.9414374643002101,-0.1751007242473504,-0.09072312534902205,0.1705
1787533046.5618255,-2.000962034460004,-0.014968654175217283,-4.727278853304745,-1.938992908158919,-0.1334268496463334,-0.11045739654936304,0.1337,4.617,-1.9289156357361592,-0.19083869001009587,-0.11045739654936304,0.1901
1787533046.6873338,-1.9991136620440109,-0.014353407632438166,-4.773060382078843,-1.9349527074297586,-0.1367167489006347,-0.11426307702253069,0.1382,4.659,-1.9356276214130712,-0.18904318284189853,-0.11426307702253069,0.1859
1787533046.750723,-1.9981320687719608,-0.01441338633363543,-4.778066313642658,-1.936090578382968,-0.14100716535631516,-0.1454387973348487,0.1410,4.633,-1.9362474176527091,-0.1893341404647148,-0.1454387973348487,0.1855
1787533046.8655114,-1.9963394004016006,-0.014906002112082272,-4.469606233596376,-1.9371171191416903,-0.14310458086553268,-0.16375126623343136,0.1412,4.306,-1.930158730758855,-0.19085662521450888,-0.16375126623343136,0.1880
1787533046.9952548,-1.9945489125966192,-0.01486572586319844,-4.428539022959007,-1.940841656087665,-0.14681020476982182,-0.21117748283548698,0.1425,4.217,-1.946840934824385,-0.18199802242776217,-0.211177482835487,0.1738
1787533047.0573199,-1.993530748227194,-0.014455187034734073,-4.409027607010255,-1.943551012065212,-0.15009280837160818,-0.2437571850628957,0.1446,4.165,-1.940902850958037,-0.18072636007904713,-0.24375718506289565,0.1744
1787533047.1811788,-1.9915364670742757,-0.013152909534825376,-4.646385541687852,-1.9435729662377705,-0.15169468541748868,-0.24820101672536227,0.1466,4.398,-1.9378520987972445,-0.18572045540419993,-0.24820101672536227,0.1807
1787533047.2428474,-1.991067670284412,-0.013112066831274579,-4.699611190102028,-1.9441256299698808,-0.1551721835552278,-0.2631955988472488,0.1496,4.436,-1.9510533939429437,-0.18694079608337102,-0.26319559884724886,0.1784
1787533047.370828,-1.9900217232779058,-0.01375290083582405,-4.827630032318944,-1.9471549380716597,-0.1571948350156174,-0.2974169831871268,0.1497,4.530,-1.9289347692007037,-0.18469374696414384,-0.2974169831871268,0.1815
1787533047.5041091,-1.9887539207302627,-0.01598400209979419,-4.65441779307869,-1.9378373664576196,-0.15977550994785428,-0.20011436636929542,0.1525,4.454,-1.9416041252520198,-0.18718369209012825,-0.20011436636929542,0.1776
1787533047.566837,-1.9880992706403007,-0.01681253091735517,-4.625229806573522,-1.9395134071827278,-0.16168126582611997,-0.2259913909341752,0.1528,4.399,-1.9354181551441048,-0.1861670701846482,-0.2259913909341752,0.1774
1787533047.6945262,-1.9865487058070082,-0.017717725864326305,-4.52892344446865,-1.9370689863543615,-0.16485658785893004,-0.20647133705488274,0.1552,4.322,-1.9419367750482655,-0.18772468236205242,-0.20647133705488274,0.1758
1787533047.754615,-1.9856988714082744,-0.01782645730513595,-4.5453317348501105,-1.9350603784325693,-0.1681033254026742,-0.19071906083439982,0.1586,4.355,-1.9325022218553225,-0.18557666266316325,-0.1907190608343998,0.1760
1787533047.8772635,-1.9841899944662968,-0.017951571628066567,-4.914066924404249,-1.93445796177269,-0.16956720379137621,-0.189405057675926,0.1596,4.725,-1.926244356610894,-0.18836125372261053,-0.18940505767592597,0.1800
1787533047.9420557,-1.9833469505894117,-0.01831099937348554,-4.91450374338045,-1.9336299770162266,-0.17361236243831557,-0.196997275639638,0.1631,4.718,-1.9169845487161057,-0.1964702021288047,-0.19699727563963798,0.1901
1787533048.0706813,-1.9815862763862115,-0.019760659451653187,-4.866723801381667,-1.9284816328545387,-0.17488521204551705,-0.1330482335536093,0.1640,4.734,-1.9105978448483132,-0.19820672389743912,-0.1330482335536093,0.1920
1787533048.1972392,-1.9803580287123324,-0.021305074054653157,-4.685421347498488,-1.918218270280697,-0.17711958579423906,-0.01183614367611989,0.1677,4.674,-1.9134035706364703,-0.19983154863143074,-0.01183614367611989,0.1907
1787533048.259173,-1.9798913890570824,-0.021637918107085166,-4.6236285790244755,-1.912252672535683,-0.18059308416594255,0.03442314337732496,0.1727,4.658,-1.9040174281468127,-0.20604340335058705,0.03442314337732496,0.1994
1787533048.3852932,-1.9787538341459536,-0.02159328038035188,-4.5376398984714,-1.9094142247503547,-0.1824431778321116,0.05291793169627344,0.1752,4.591,-1.907104464394393,-0.20086973876228958,0.05291793169627344,0.1931
1787533048.448021,-1.978182127175841,-0.021291150916842926,-4.617420093385631,-1.904968427853079,-0.18589460536894106,0.06892357487532175,0.1802,4.686,-1.8978986702888718,-0.1941102454166907,0.06892357487532175,0.1906
1787533048.5688589,-1.9770263115167768,-0.021041942147133074,-4.840139784522463,-1.9016484944341319,-0.1873943541218721,0.0923941439127154,0.1826,4.933,-1.8978986702888718,-0.1941102454166907,0.06892357487532175,0.1903
1787533048.693288,-1.9755744597476546,-0.021761293049637014,-4.843901816676294,-1.8954651361170893,-0.18972192974525853,0.1374387464189727,0.1861,4.981,-1.8794515394949396,-0.20981185410110484,0.13743874641897275,0.2112
1787533048.7555265,-1.9748680720686838,-0.02241653302194358,-4.744830268807106,-1.8851476924406014,-0.19289920002455618,0.22729579762281302,0.1927,4.972,-1.8761695599125436,-0.21117549243262315,0.22729579762281302,0.2130
1787533048.881042,-1.9735732396754495,-0.023536088340569958,-4.4888282885037745,-1.8810992449004063,-0.19475846194573498,0.2504170881949032,0.1946,4.739,-1.8852250036527343,-0.20060368280672466,0.25041708819490316,0.1979
1787533049.0040903,-1.9719623530065813,-0.023691839211138068,-4.441706812806406,-1.8798163426916934,-0.19720677142974832,0.1943963984768788,0.1965,4.636,-1.8764036860406448,-0.19831073921117057,0.19439639847687878,0.1991
1787533049.0656204,-1.9711088872217848,-0.02344336383407806,-4.507785966332012,-1.87722216685554,-0.19834160783074398,0.20193294302486386,0.1985,4.710,-1.8704419413545077,-0.19286734869272226,0.20193294302486386,0.1971
1787533049.1909642,-1.9696022709068775,-0.022994669437403102,-4.972021730344194,-1.8719074978720256,-0.20015376367767637,0.21732522011478464,0.2023,5.189,-1.8703411875334701,-0.20681957690436262,0.21732522011478464,0.2089
1787533049.2545033,-1.9686774885049094,-0.023199464182643643,-4.9741410781406605,-1.868776175688946,-0.20477683100838392,0.1782580892213234,0.2072,5.152,-1.8734401886549317,-0.22081691512963356,0.1782580892213234,0.2194
1787533049.3691132,-1.9667295412054804,-0.024385997705869664,-4.8444088535391385,-1.8689324497029256,-0.2079988449327725,0.12727892373370436,0.2080,4.972,-1.8734401886549317,-0.22081691512963356,0.1782580892213234,0.2175
1787533049.4760735,-1.9650595095874657,-0.02578677713165945,-4.626379053699145,-1.8636670530910575,-0.21119001002288754,0.12978923141491683,0.2113,4.756,-1.8736784400400082,-0.2125392635027631,0.12978923141491688,0.2079
1787533049.6026883,-1.9634076792762993,-0.026382872208527874,-4.480790149036539,-1.868401301893446,-0.21247622999422902,0.027211815285970907,0.2089,4.508,-1.877077899799228,-0.204529346929808,0.027211815285970904,0.1980
1787533049.6664493,-1.9624607420634845,-0.026312431412222146,-4.4258981069972245,-1.8698880428233922,-0.21328711855739238,-0.016141217460128268,0.2086,4.410,-1.8862952989027533,-0.19831344702348028,-0.016141217460128268,0.1881
1787533049.7823079,-1.960668816938589,-0.025767992820412103,-4.618098246760489,-1.8764624511921946,-0.21229111294939929,-0.1153739240961093,0.2046,4.503,-1.892726217259411,-0.19227609560844588,-0.11537392409610933,0.1798
1787533049.847081,-1.959852505894923,-0.025672879463130453,-4.858973819331802,-1.88229491150725,-0.21182142921040475,-0.1702005843731755,0.2017,4.689,-1.8929607631024647,-0.20570205231567448,-0.1702005843731755,0.1921
1787533049.9765043,-1.9578835738899192,-0.026492432790764325,-4.903861627303453,-1.8849032220652138,-0.21398761122031384,-0.19410935602121668,0.2012,4.710,-1.8900224075383267,-0.21020424622246223,-0.19410935602121668,0.1958
1787533050.044698,-1.956916137405195,-0.027265457553315456,-4.876541312053444,-1.8859314118655213,-0.21705681941581043,-0.207024490146377,0.2026,4.670,-1.8931389343542862,-0.2140473725977808,-0.207024490146377,0.1974
1787533050.1748893,-1.955861230670376,-0.0276801312412018,-4.8278527987518745,-1.8878048587762242,-0.21884244718393156,-0.21679612858813546,0.2029,4.611,-1.8901500354431156,-0.21820747128887114,-0.21679612858813546,0.2015
1787533050.3025522,-1.9546123223962195,-0.026872985506343414,-4.671267036681728,-1.8905311923161008,-0.22225280537949302,-0.23071444683489042,0.2056,4.441,-1.8841070493376388,-0.20739167083201734,-0.23071444683489054,0.1938
1787533050.3625152,-1.9539771560930435,-0.02602711877075417,-4.703787214188097,-1.8879630140227668,-0.22309697755017718,-0.22611396018336274,0.2078,4.478,-1.884084130554058,-0.2042741520877499,-0.2261139601833628,0.1915
1787533050.4868975,-1.952754536338693,-0.024512560836862235,-4.880517866880312,-1.8846764661908564,-0.22404318849546787,-0.22146966364216722,0.2108,4.659,-1.8780581522658322,-0.2086062843530631,-0.2214696636421672,0.1987
1787533050.5506423,-1.9520520293360424,-0.024158504602741604,-4.9228512481644415,-1.8807940841934279,-0.22461067665919826,-0.2184656991719702,0.2127,4.704,-1.8780191445648562,-0.19984720860960067,-0.21846569917197017,0.1906
1787533050.6744993,-1.9505851535258716,-0.02415700668487697,-4.930200628705153,-1.8787694804093755,-0.22484693293184907,-0.21907286049151853,0.2132,4.711,-1.8720735400364088,-0.21120490346941398,-0.21907286049151853,0.2029
1787533050.8000064,-1.9493206117183148,-0.024426176527755583,-4.540482345922573,-1.8694895206857467,-0.2244963909676821,-0.22861362884446046,0.2154,4.312,-1.8780756656383881,-0.20347132821126823,-0.22861362884446046,0.1927
1787533050.862898,-1.9485142061321727,-0.024283022736013595,-4.538283465533357,-1.8745838104439256,-0.2229685638570012,-0.2121930617939098,0.2120,4.326,-1.8870949249183195,-0.1938999016747604,-0.22861362884446046,0.1804
1787533050.9832516,-1.946697215418098,-0.023232690341419213,-4.59314626670836,-1.8743597558887326,-0.22275039921467743,-0.21200436559142527,0.2122,4.381,-1.877991650006191,-0.19596175979749256,-0.21200436559142524,0.1859
1787533051.045319,-1.9458077928286626,-0.0224797349617404,-4.74847094089919,-1.8706064344773883,-0.22177688590858596,-0.24096715899818505,0.2130,4.508,-1.8691409823309175,-0.20051172638873063,-0.2409671589981851,0.1938
1787533051.1749353,-1.9436218498315012,-0.022064567027306654,-4.8347671580460245,-1.868916377641547,-0.2215941420603924,-0.252998331145086,0.2131,4.582,-1.8751363712445537,-0.19509991049612743,-0.252998331145086,0.1861
1787533051.2996593,-1.941324603691453,-0.022622671710421035,-4.924476684639955,-1.869136481140689,-0.2212717538388501,-0.23562543908395897,0.2114,4.689,-1.866175905364561,-0.20673844110418577,-0.23562543908395897,0.1989
1787533051.361784,-1.9402203235785656,-0.023177521344879177,-4.846630114289127,-1.867206078676679,-0.2210387982733045,-0.255787946662628,0.2109,4.591,-1.8782111510210397,-0.20889160382319463,-0.255787946662628,0.1958
1787533051.4903843,-1.9385666465636893,-0.023730086718748777,-4.6444714497309505,-1.870099858544986,-0.22299958860840988,-0.18793089931824436,0.2107,4.457,-1.8869585526322599,-0.19273161786423434,-0.18793089931824433,0.1767
1787533051.5543766,-1.9378607183040948,-0.02351562115175152,-4.636469832480342,-1.877635223672289,-0.22127759673353545,-0.0618085975804962,0.2067,4.575,-1.883512333662271,-0.2054230560878306,-0.061808597580496186,0.1899
1787533051.6797347,-1.9363281012812446,-0.02220615049644805,-4.62215325955359,-1.878954845610635,-0.22169997690494875,-0.03951944060824888,0.2076,4.583,-1.8864582308673368,-0.20323825853075167,-0.03951944060824888,0.1878
1787533051.7442074,-1.9356701799917806,-0.021475006476966728,-4.801372165388327,-1.87931468095229,-0.2216697565286413,-0.04548523888811002,0.2080,4.756,-1.8804404281157023,-0.21045597048059267,-0.04548523888811002,0.1969
1787533051.859685,-1.9340859267376278,-0.020989641563309732,-4.842415897120816,-1.8793283330783275,-0.2220396062452126,-0.04977477668078584,0.2084,4.793,-1.8684739511355297,-0.21145804479676666,-0.04977477668078584,0.2015
1787533051.9814124,-1.9324836106043477,-0.021569969650617193,-4.800691361459376,-1.8722360345687115,-0.22061709150923964,-0.20302516118116268,0.2080,4.598,-1.8660161457499926,-0.19420140864653795,-0.20302516118116268,0.1850
1787533052.0447257,-1.9317846419477989,-0.022017499151189227,-4.611588058297231,-1.867265124216732,-0.22098176417325935,-0.2951509716123725,0.2092,4.316,-1.8722409513728564,-0.182969612150549,-0.2951509716123725,0.1716
1787533052.162597,-1.931283148725824,-0.0222239680298675,-4.312757145770435,-1.867419449469028,-0.219628867957237,-0.28986313358395827,0.2075,4.023,-1.8752012666438131,-0.18020722787328314,-0.2898631335839583,0.1676
1787533052.277482,-1.930530665980146,-0.021527884285029553,-4.056186343133177,-1.8693372664977226,-0.21622106941804473,-0.24929303848225684,0.2041,3.807,-1.872049514309121,-0.1740731472807031,-0.24929303848225684,0.1634
1787533052.3884788,-1.9297341907292722,-0.020522019683187797,-4.08046118285827,-1.8663699683986246,-0.2143481207405485,-0.3232870456581858,0.2039,3.757,-1.8574580672455714,-0.17356841143764357,-0.3232870456581858,0.1693
1787533052.4507542,-1.9292972790953795,-0.020281825531895545,-4.162518607653517,-1.8590857483586039,-0.21193931926027418,-0.5214069167958084,0.2041,3.641,-1.8435124493506374,-0.17537987047617512,-0.5214069167958084,0.1772
1787533052.573885,-1.928295704365219,-0.020584361014065317,-4.326158760921229,-1.8526157714144564,-0.2085669786395667,-0.7165481742425358,0.2026,3.610,-1.8469283959098994,-0.16303520481368777,-0.7165481742425357,0.1641
1787533052.7051508,-1.927389652964879,-0.021523773121834955,-4.191022305895632,-1.8443984037512395,-0.20586496862982612,-0.9139981757416521,0.2022,3.277,-1.8533604801958385,-0.15949206579582836,-0.9139981757416521,0.1566
1787533052.7687345,-1.9269998766514604,-0.02181479506932587,-3.962443765451547,-1.8449652550316946,-0.20413476178021076,-0.8307895634605429,0.1999,3.132,-1.8619897490948523,-0.1652725546801601,-0.8307895634605429,0.1575
1787533052.8820891,-1.9261365252770482,-0.021798954844355563,-3.221810427794731,-1.8545944385604856,-0.198756202050094,-0.3710633885908146,0.1909,2.851,-1.8813294262622435,-0.15638807140299898,-0.3710633885908146,0.1419
1787533052.993178,-1.925359501794099,-0.021157424578647204,-2.4379476561758575,-1.8605818806584495,-0.19528521408212776,-0.07071750220009977,0.1858,2.367,-1.8654814097074965,-0.1299636713600056,-0.07071750220009979,0.1242
1787533053.0493605,-1.9252798617391422,-0.02088429662018368,-2.454496700813333,-1.8597262017847407,-0.19004201163262835,-0.10712163537046095,0.1814,2.347,-1.8566594758830581,-0.1099661780945652,-0.10712163537046093,0.1124
1787533053.1745026,-1.925022918240196,-0.021014077022249902,-2.5610290033507916,-1.857083520524201,-0.1888672164690478,-0.24609126100913964,0.1811,2.315,-1.8539708885998778,-0.10293190413190567,-0.24609126100913964,0.1084
1787533053.296025,-1.9246295008537808,-0.022117208544163196,-2.491348472012193,-1.8523579544255597,-0.18400733674211953,-0.48276414137749646,0.1773,2.009,-1.8398141613999621,-0.09537254315275613,-0.48276414137749657,0.1121
1787533053.359352,-1.9245136789749129,-0.022792129550896347,-2.2733510432666106,-1.8399993020832242,-0.18158244866455475,-1.1757816632602909,0.1799,1.098,-1.8436999752256669,-0.07163973871137617,-1.1757816632602909,0.0944
1787533053.474656,-1.9234920296917561,-0.02309909543268597,-2.2320376010026037,-1.839046683093313,-0.17652182059719013,-1.1702384712235039,0.1751,1.062,-1.8292502420478087,-0.06975566919276527,-1.1702384712235037,0.1052
1787533053.5970523,-1.9222701345437327,-0.022541045866300766,-2.28024139323111,-1.8280389745081103,-0.1717368702191387,-1.7495263533334444,0.1765,0.531,-1.809721903751435,-0.04073125133866191,-1.7495263533334444,0.1140
1787533053.661381,-1.9217321246545407,-0.022079943382249133,-2.4727744025131684,-1.8107475809661995,-0.16910687375937122,-2.6778999918900466,0.1842,0.205,-1.8016270790714415,-0.04981771242155336,-1.7495263533334444,0.1233
1787533053.786097,-1.9198574694261639,-0.022052925370690733,-2.5243756424803454,-1.7992712535421267,-0.17062197032069867,-3.2777083376440412,0.1913,0.753,-1.7966798331049492,-0.00023696038380544753,-3.2777083376440403,0.1251
1787533053.846333,-1.9188602340763314,-0.022378342995424908,-2.549882617706685,-1.7949947658579912,-0.15510294880035025,-3.1275587003410896,0.1815,0.578,-1.8111914688211999,-0.01574162946132699,-3.1275587003410896,0.1079
1787533053.970848,-1.9168781286327319,-0.023586549427844383,-2.3961812293681697,-1.797791951994569,-0.15004211288616934,-2.6604858187842337,0.1737,0.264,-1.802692245270453,-0.03194307637082808,-2.6604858187842337,0.1145
1787533054.0971038,-1.9150854182708448,-0.02429982193602079,-2.1307751912687434,-1.8007156140721226,-0.14509659468851382,-1.835912419048976,0.1663,0.295,-1.8382343826960958,-0.03848631745973371,-1.8359124190489764,0.0781
1787533054.1599867,-1.9141088463351914,-0.02416744299146775,-2.1228464671594462,-1.813964501078086,-0.15170884833092438,-0.10475349106129123,0.1622,2.018,-1.8276199003336937,-0.0943753757159547,-0.10475349106129123,0.1114
1787533054.287157,-1.9120998461863705,-0.023301265384509186,-2.3038760264974756,-1.816323409044042,-0.1608383032921023,0.19215673310321266,0.1676,2.496,-1.8242287729151756,-0.11071905820869572,0.19215673310321266,0.1239
1787533054.3988533,-1.9098108295500433,-0.023079001141153455,-2.382507579178642,-1.8167868037859014,-0.16267910081444012,0.3837338703329159,0.1678,2.766,-1.82671751739897,-0.11464338776475122,0.3837338703329159,0.1236
1787533054.4559019,-1.9086159966362763,-0.023303710026718407,-2.440599849502038,-1.8183860528565672,-0.16332343361897372,0.519451087299392,0.1666,2.960,-1.8321363722164987,-0.12323938975174818,0.519451087299392,0.1258
1787533054.576926,-1.9061559057787492,-0.024351666655056586,-2.4438669973134846,-1.8214473574412249,-0.1652419576951244,0.6816597862602446,0.1644,3.126,-1.8374778678527022,-0.13430861781625425,0.6816597862602445,0.1296
1787533054.6448045,-1.9050169035205196,-0.025022825700290106,-2.2863701654468636,-1.829910674582293,-0.16806240645680728,0.9525601896795918,0.1616,3.239,-1.848564186868667,-0.1367304856325545,0.9525601896795918,0.1252
1787533054.7634864,-1.9028778385791236,-0.025308852203684687,-2.238125587925411,-1.835416823969183,-0.16794349077511792,1.0641144961910005,0.1578,3.302,-1.8452878363632335,-0.14485745011283296,1.0641144961910005,0.1327
1787533054.8783274,-1.900510687654167,-0.024662392939943822,-2.257403604057743,-1.8404756388786254,-0.16729513396522172,1.1392363228576345,0.1548,3.397,-1.8480930407233724,-0.143543120311545,1.1392363228576343,0.1299
1787533054.9992478,-1.8983226693660116,-0.023732228993370914,-2.6630893304334955,-1.843220362920525,-0.16544000365559614,1.1757376973782576,0.1520,3.839,-1.8389174042786003,-0.16139330321327616,1.1757376973782576,0.1499
1787533055.059438,-1.8976389965920364,-0.02368707336593138,-2.6675452177871484,-1.8423159768963417,-0.16353256766853205,1.1716065170695351,0.1504,3.839,-1.8416359619489975,-0.17096161578690905,1.171606517069535,0.1576
1787533055.1719291,-1.8962740595973704,-0.02462932790388633,-2.700821644912178,-1.8476304394644483,-0.16168553961083815,1.2380042024172884,0.1454,3.939,-1.8358321918912033,-0.16393484213761625,1.2380042024172884,0.1519
1787533055.2913258,-1.895108059417631,-0.02629277192403867,-2.3846506141371058,-1.8394879469705707,-0.1600019156748456,1.0961431839383455,0.1448,3.481,-1.8304881200342178,-0.15813362057596136,1.0961431839383453,0.1468
1787533055.3505552,-1.8950416124757803,-0.02669767505769553,-2.3245524760241287,-1.8365139090558005,-0.1607607671729636,1.055065336406773,0.1463,3.380,-1.827733639113034,-0.15658968747566698,1.055065336406773,0.1463
1787533055.4772246,-1.894681772667814,-0.026655404642157935,-2.1145129743212285,-1.833588306133989,-0.16126955831902112,1.018099261090057,0.1478,3.133,-1.8336194754843136,-0.15351530937187105,1.018099261090057,0.1408
1787533055.5980883,-1.8942901566026358,-0.0257724082758894,-2.1014280790067557,-1.8331587934310811,-0.159426581802346,1.029713772922442,0.1470,3.131,-1.819586460052684,-0.13639023146720325,1.0297137729224415,0.1335
1787533055.664852,-1.8939513171226119,-0.02552116023339812,-2.120632728546246,-1.8275633781008669,-0.1633800783556907,0.9924007071424559,0.1530,3.113,-1.8113018340240872,-0.12840290176624716,0.9924007071424563,0.1320
1787533055.7900274,-1.8931311975694212,-0.025808699667176613,-2.218147662651195,-1.8176347372636656,-0.16753117427305123,1.0070631215533479,0.1606,3.225,-1.8000742989297713,-0.12811440407980001,1.0070631215533477,0.1383
1787533055.852861,-1.8926782863630773,-0.026297493376746542,-2.2126980288353018,-1.798828389604164,-0.17052730997698187,1.2978343183256178,0.1721,3.511,-1.7824718339191177,-0.1528795410526349,1.297834318325618,0.1678
1787533055.982499,-1.8919813177114704,-0.027399392608348127,-1.8436727078134847,-1.7920778108680917,-0.16193164101244173,1.4445508707876173,0.1676,3.288,-1.7795184756510425,-0.15034134626800225,1.4445508707876176,0.1666
1787533056.0871933,-1.8897179235859602,-0.027414075788519437,-1.8233114664254197,-1.7845997770093114,-0.15645016619345045,1.5311785776940527,0.1664,3.354,-1.787562285216266,-0.15140027598862454,1.5311785776940527,0.1606
1787533056.2014472,-1.8873061448905926,-0.026666272368744616,-1.929911895737924,-1.7863671550178135,-0.15126075402311295,1.533300986132635,0.1604,3.463,-1.7962924486453424,-0.13518612948693218,1.5333009861326352,0.1416
1787533056.264573,-1.8857587650258734,-0.026806681119226725,-2.0017730409351433,-1.7881930412410088,-0.14783037715281358,1.5646421797361103,0.1555,3.566,-1.8154435238629467,-0.15158892995782997,1.5646421797361103,0.1432
1787533056.3917363,-1.8828093690666725,-0.027659705033080465,-2.2041828717266188,-1.796885650794258,-0.15191989904489958,1.8252608719155796,0.1511,4.029,-1.8171946341902325,-0.1717687829412179,1.8252608719155796,0.1583
1787533056.4552922,-1.8812942283148542,-0.028561031174831247,-2.3717388107784196,-1.8021658549841186,-0.1639297550162788,1.9640548844307886,0.1568,4.336,-1.8055256105742665,-0.17435470717501927,1.964054884430789,0.1643
1787533056.5731542,-1.8783685968545272,-0.030840208984528772,-2.429835336767263,-1.8030309263508257,-0.1653267128563196,1.949767904061422,0.1542,4.380,-1.8081643859769243,-0.1803669811629561,1.9497679040614215,0.1652
1787533056.696343,-1.8766330790872479,-0.03203095807699588,-2.35681901477169,-1.8023763985013868,-0.1664059239141622,1.9787505370455358,0.1535,4.336,-1.7939896725534352,-0.18380145143395463,1.9787505370455358,0.1728
1787533056.7518342,-1.8756652825924596,-0.03223326907919737,-2.309864455343345,-1.8051937364048347,-0.16993260171785024,1.803276048376865,0.1547,4.113,-1.8140370364139438,-0.18326523003328296,1.8032760483768655,0.1631
1787533056.8723936,-1.8736985701555962,-0.03210387385400603,-2.412101238223489,-1.8083127929124583,-0.16962866245413372,1.6491799929474775,0.1523,4.061,-1.811834145050896,-0.1734613443615543,1.6491799929474777,0.1543
1787533056.9875011,-1.872280673017381,-0.03215755494565093,-2.7368628016719825,-1.8125655577633553,-0.16810749674401143,1.452456557656706,0.1485,4.189,-1.8465591397353314,-0.18210620587317788,1.4524565576567063,0.1521
1787533057.0466971,-1.871705287255629,-0.03248709858712351,-2.8405196799669667,-1.825070050884121,-0.16575194206742797,0.8917819909626635,0.1412,3.732,-1.822364307796768,-0.15717935755712856,0.8917819909626634,0.1341
1787533057.168374,-1.870651080399691,-0.03408685883906508,-3.0999178141359205,-1.8244041436290392,-0.16781369435152377,0.9578422789770945,0.1415,4.058,-1.7965031891104413,-0.1803147427452812,0.9578422789770943,0.1640
1787533057.2939594,-1.870521800555926,-0.034523639413915286,-3.2597878686154704,-1.8022931683588255,-0.15667377174565625,1.732958101042315,0.1399,4.993,-1.7854863517481963,-0.2083108547402219,1.732958101042315,0.1935
1787533057.4048734,-1.8702582474106602,-0.03386778440270851,-3.276757355891497,-1.7944912543460148,-0.13632217304854372,1.7104950243735764,0.1274,4.987,-1.7858198635087184,-0.1991746676850964,1.7104950243735764,0.1856
1787533057.4655747,-1.870124649401296,-0.0330115386163753,-3.3318842141478395,-1.7931866873022522,-0.13744294370479454,1.714315358634088,0.1297,5.046,-1.779985943459873,-0.21018726461694262,1.714315358634088,0.1988
1787533057.5895317,-1.8700405146194115,-0.03113878024751507,-3.773958193470337,-1.7878140392936093,-0.13888335124992562,1.557711454915537,0.1355,5.332,-1.76701452301502,-0.20308825762321184,1.557711454915537,0.2005
1787533057.6542022,-1.8695473529376203,-0.030880230548560317,-3.788488300225842,-1.7830948243744664,-0.14557222459163888,1.5046138285737853,0.1436,5.293,-1.7457977939705671,-0.2029185683225707,1.5046138285737853,0.2119
1787533057.7842648,-1.868450484152411,-0.031157101723860305,-3.738115936802748,-1.7709414184787362,-0.1504599335468985,0.9258291447512055,0.1541,4.664,-1.7266255839213778,-0.20029141919392865,0.9258291447512059,0.2207
1787533057.8477552,-1.8679324996009712,-0.03159841775511622,-3.5659128068371078,-1.7467519298281078,-0.1563250525987319,0.4466403219900627,0.1739,4.013,-1.7155828031887848,-0.16464317377064666,0.44664032199006265,0.2023
1787533057.975229,-1.8662111817466271,-0.03195502502300362,-3.4668049127442684,-1.7302687139018915,-0.18659453131732903,0.4855764002805501,0.2059,3.952,-1.7437866966191526,-0.18109596370250944,0.4855764002805502,0.1930
1787533058.1020358,-1.864231583547403,-0.03131058508069745,-3.3499447981009616,-1.7450358001800779,-0.1697931825795239,-1.8224918530634575,0.1827,1.527,-1.7707359099761881,-0.10509995929939323,-1.8224918530634575,0.1191
1787533058.1650143,-1.8632448321320787,-0.030707253748602312,-3.4145553547012737,-1.7555533009288211,-0.11551624081758333,-2.3828509959711583,0.1371,1.032,-1.7757457118966855,-0.09323395427324231,-1.8224918530634575,0.1075
1787533058.2678306,-1.8615084346895472,-0.029970217498966185,-3.6264108526497734,-1.7678751633400926,-0.05895089881857155,-1.2765843139792956,0.0980,2.350,-1.780505335778891,-0.12416041376479177,-1.2765843139792956,0.1242
1787533058.383245,-1.8596974466504472,-0.030304217397041512,-3.667022509749333,-1.7743531354185205,-0.0685557924138824,0.9017110435946594,0.0935,4.569,-1.766531553572315,-0.18258382480017593,0.9017110435946595,0.1785
1787533058.44482,-1.858764593307276,-0.030780210013709463,-3.6336951164791556,-1.7734236400877015,-0.07817374021950373,1.1726276670921942,0.0976,4.806,-1.7655553493679288,-0.19548538528416598,1.172627667092194,0.1893
1787533058.5671866,-1.8570957216920585,-0.03123829623298679,-3.471971121541917,-1.7739148465038868,-0.08518098416743544,1.6317667514218812,0.0991,5.104,-1.766599106214503,-0.21068766924187943,1.6317667514218812,0.2010
1787533058.695485,-1.8552844106284194,-0.030225058457167046,-3.3788850741382905,-1.7747919230215496,-0.0964529149456943,2.23696081841069,0.1042,5.616,-1.762182161178546,-0.21384389640293755,2.23696081841069,0.2059
1787533058.7967117,-1.85332949490885,-0.028139261748567203,-3.2846758715037816,-1.7746955131498139,-0.09902227667800145,2.305956084855187,0.1059,5.591,-1.7536683990433053,-0.2210725615418554,2.305956084855187,0.2172
1787533058.857593,-1.8524541271381338,-0.027036935326967642,-3.399689892539562,-1.772035438822753,-0.10162191185263082,2.079734550634969,0.1097,5.479,-1.773721701285886,-0.20564525053540944,2.079734550634969,0.1952
1787533058.974759,-1.8507058078472878,-0.026172865756173044,-3.4547990030471216,-1.7779546895382246,-0.10067117196598165,2.6364801730016034,0.1041,6.091,-1.7605086353346238,-0.2291575567754979,2.6364801730016034,0.2221
1787533059.1008577,-1.8488423123013935,-0.026166416032241145,-3.440486448078461,-1.7742364507403254,-0.10131855068144587,2.4837160656514423,0.1059,5.924,-1.7495369195192938,-0.2346205026408467,2.6364801730016034,0.2309
1787533059.1595156,-1.8479847856719946,-0.026385877192217945,-3.2794325233962303,-1.7701606836016528,-0.10247638403885823,2.3919386365504205,0.1088,5.671,-1.747476912017669,-0.2303777460050486,2.4837160656514423,0.2274
1787533059.2816026,-1.846228438713531,-0.02632146593788849,-3.0129271656412597,-1.7735794552529351,-0.10132281401307955,2.4046472274633035,0.1044,5.418,-1.767022496527294,-0.21735496753808103,2.4046472274633035,0.2068
1787533059.394139,-1.844206504861481,-0.02510489052799787,-2.9039973211753396,-1.7767171540872775,-0.10087457748494635,2.38469659469823,0.1015,5.289,-1.7620668576847827,-0.20777533444421184,2.384696594698231,0.2003
1787533059.4553845,-1.8432267936683364,-0.024193209206297903,-2.924583220998596,-1.7756502223312731,-0.10355891853104615,2.361544251718694,0.1042,5.286,-1.7623382757092185,-0.20251536652590454,2.361544251718694,0.1958
1787533059.5814471,-1.8424590312966493,-0.023088165604350768,-3.017910872458008,-1.7728511571578083,-0.10992044777075359,2.3424094737856955,0.1113,5.360,-1.741153387478885,-0.200363729882184,2.3424094737856955,0.2042
1787533059.6463733,-1.8420266088106447,-0.02289796993983113,-3.0913750709302077,-1.7611619419063558,-0.11774662374930538,3.059709288863963,0.1246,6.151,-1.7435611844669001,-0.22654259531288914,3.059709288863963,0.2262
1787533059.772223,-1.8410727495929364,-0.023308971174128813,-3.222570509371836,-1.7593483763767859,-0.11799961035394996,3.1829922112404363,0.1251,6.406,-1.7429861500756363,-0.23179591974107824,3.182992211240436,0.2304
1787533059.8988528,-1.8407779176055097,-0.023618395684126853,-3.0186641838264516,-1.757956861103099,-0.1252942103827068,2.9063662535824735,0.1311,5.925,-1.749139138523708,-0.22854400675221545,2.906366253582473,0.2245
1787533059.9615772,-1.8407822356466186,-0.023397298730051724,-2.925418796912821,-1.7587351676407381,-0.12751887679794394,2.5334413684372232,0.1326,5.459,-1.7559064367055983,-0.2177815264956561,2.533441368437223,0.2121
1787533060.0892308,-1.8407088166513923,-0.021978713156065775,-2.681548276753907,-1.7569319067421363,-0.1313117597617614,2.5470378028704546,0.1377,5.229,-1.7146967590505182,-0.20070207157356718,2.5470378028704546,0.2187
1787533060.1525788,-1.8406376597580034,-0.02186352676063395,-2.6997311935377124,-1.7247388048519476,-0.16193944397376545,8.892816703809293,0.1818,11.593,-1.6709368653645813,-0.3774802982377121,8.892816703809295,0.3940
1787533060.2851727,-1.840136124768503,-0.022276264764011164,-2.9968448744182217,-1.7220438847578352,-0.1564407371009251,9.224277670273047,0.1787,12.221,-1.6709368653645813,-0.3774802982377121,8.892816703809295,0.3934
1787533060.3570912,-1.839642550987214,-0.0230537624324443,-2.9760601950314847,-1.7292648153139125,-0.13703868202872813,-0.13851282330796344,0.1587,2.838,-1.6709368653645813,-0.3774802982377121,8.892816703809295,0.3925
1787533060.4995384,-1.8387942228933998,-0.025103297238749968,-2.5886203122308586,-1.7292793168989338,-0.13669863486349917,-0.2081335916302521,0.1564,2.380,-1.6709368653645813,-0.3774802982377121,8.892816703809295,0.3903
1787533060.568555,-1.8378093209136652,-0.025777657566946825,-2.27054072000651,-1.7292740297543276,-0.13669129667136382,-0.2057040472842861,0.1552,2.065,-1.6709368653645813,-0.3774802982377121,8.892816703809295,0.3893
1787533060.6378114,-1.8367439484322072,-0.026150757240752553,-1.9457509255471714,-1.7292686319833581,-0.13670585666698926,-0.20397357119942597,0.1542,1.742,-1.6709368653645813,-0.3774802982377121,8.892816703809295,0.3885
1787533060.7713888,-1.8345545282277496,-0.02623436191497541,-1.4984051897928328,-1.7292686133024529,-0.13671423155737575,-0.20446536521707295,0.1526,1.294,-1.6709368653645813,-0.3774802982377121,8.892816703809295,0.3875
1787533060.8918426,-1.831252992251382,-0.026742014792238512,-1.5335478864081369,-1.7292768375879846,-0.136736797327055,-0.20709600787910445,0.1500,1.326,-1.6709368653645813,-0.3774802982377121,8.892816703809295,0.3856
1787533060.959656,-1.8295435315727606,-0.027357946254720395,-1.5685267583166136,-1.7293039416534965,-0.13674534057617044,-0.20712867605489113,0.1484,1.361,-1.7222237087983656,-0.0803430163322616,-0.20712867605489113,0.1197
1787533061.0899417,-1.8260927927944288,-0.029241258828916337,-1.450218504234641,-1.725722657904534,-0.13888239845808456,-0.23930320340146155,0.1486,1.211,-1.7325801410845547,-0.08204237929558332,-0.23930320340146155,0.1074
1787533061.1545243,-1.8251111092436478,-0.029806897959446833,-1.4280231916389345,-1.735191992011112,-0.1287322070924448,-0.001244269016386405,0.1337,1.427,-1.7426384655168263,-0.07701748826837253,-0.0012442690163864047,0.0950
1787533061.2763734,-1.8230132656870266,-0.030208470339586495,-1.2859745198248635,-1.7370069930497523,-0.12714800465291382,0.03823205668458748,0.1296,1.324,-1.7347644678236414,-0.07640363002379003,0.03823205668458748,0.0996
1787533061.4010928,-1.820780207421136,-0.02972586410736241,-1.3094384110642039,-1.736576513307388,-0.12599020106437347,0.06537972605040045,0.1279,1.375,-1.7478017854863315,-0.07626343713961492,0.06537972605040046,0.0866
1787533061.464009,-1.8197717316036572,-0.02942159021832722,-1.4971830950281602,-1.7395375324562823,-0.12450401150320392,0.10836015493944601,0.1244,1.606,-1.7556562051594216,-0.08769402624380707,0.10836015493944601,0.0866
1787533061.5916111,-1.8180147720828017,-0.02984975130695695,-1.735200613661437,-1.7439679393992926,-0.12383711319007265,0.14021816270146645,0.1197,1.875,-1.7797663390668768,-0.10429893151736942,0.14021816270146645,0.0837
1787533061.6578622,-1.8172960947712269,-0.030685893078529952,-1.755457906255265,-1.7593050187053416,-0.13101982828212563,0.04781772203376464,0.1159,1.803,-1.7637352669524677,-0.09830459407620135,0.04781772203376463,0.0863
1787533061.781075,-1.8164852715728335,-0.03250488219392883,-1.6463378099045811,-1.7608848104677486,-0.130598480842031,0.060247014175560124,0.1128,1.707,-1.7610310942757492,-0.10761402678117007,0.060247014175560124,0.0934
1787533061.8430188,-1.8163562472377592,-0.03309953649943862,-1.5359775752910823,-1.759483605652545,-0.12951756745649326,0.06644464474658078,0.1119,1.602,-1.7477846601994484,-0.0897993717837284,0.06644464474658077,0.0890
1787533061.971991,-1.8159204202030534,-0.03339552826475497,-1.2552970163675818,-1.7554877971652274,-0.12975771588355833,0.0394600193256097,0.1137,1.295,-1.7478283415821108,-0.08672555840461024,0.03946001932560969,0.0865
1787533062.0935607,-1.8155486546580963,-0.032775484992905904,-1.2409585852870542,-1.7468435305854535,-0.1315417022345528,-0.03339888272849925,0.1203,1.208,-1.724532290727698,-0.07827294917595136,-0.03339888272849926,0.1018
1787533062.1563127,-1.8154319707019904,-0.03264621557223805,-1.3791279832382,-1.738472067337649,-0.13137188948948852,-0.0686591880921883,0.1252,1.310,-1.729727000467624,-0.07445202214195087,-0.0686591880921883,0.0954
1787533062.2855446,-1.8156411905504526,-0.033271778611639644,-1.5546007502103734,-1.733444615886568,-0.12994715811583674,-0.06392825015935963,0.1269,1.491,-1.7297323902516077,-0.0849961859319309,-0.06392825015935963,0.1003
1787533062.3478465,-1.8159639593939823,-0.033731085842639584,-1.7837621930641965,-1.7277853879407399,-0.12758644407210215,-0.047492444162073065,0.1288,1.736,-1.7194409591588729,-0.09167458657863063,-0.04749244416207306,0.1126
1787533062.4720974,-1.8166964988430498,-0.03393785697521347,-1.7356707435931622,-1.7238608203786838,-0.1258855875317099,-0.036862929216842595,0.1307,1.699,-1.7168762152414194,-0.0962951116822318,-0.036862929216842595,0.1177
1787533062.5982304,-1.8167816257510443,-0.03280657424874196,-1.582662792555174,-1.71701127887016,-0.1233920028102118,-0.025530824203578998,0.1348,1.557,-1.7067235341582139,-0.09390764100631277,-0.025530824203578995,0.1259
1787533062.661883,-1.8166188795921012,-0.03167625187235932,-1.6214411680047454,-1.7142971324912437,-0.12184396085816779,0.2855684205025229,0.1364,1.907,-1.7067235341582139,-0.09390764100631277,-0.025530824203578995,0.1263
1787533062.7969356,-1.8157852335510538,-0.029592706502586105,-2.011417917128318,-1.7143425664803205,-0.12182920895794906,0.29902068060124704,0.1371,2.310,-1.7067235341582139,-0.09390764100631277,-0.025530824203578995,0.1266
1787533062.8729475,-1.8149877317487602,-0.029026780645160732,-2.265805950067068,-1.7143353720283572,-0.12182441324221234,0.30290632264821077,0.1369,2.569,-1.7067235341582139,-0.09390764100631277,-0.025530824203578995,0.1262
1787533063.0052905,-1.8133028608349042,-0.028675160479466714,-2.6731050462854595,-1.71432338229274,-0.12182595136817201,0.3044223542584609,0.1359,2.978,-1.7067235341582139,-0.09390764100631277,-0.025530824203578995,0.1250
1787533063.0665774,-1.812559925541362,-0.02865750868913955,-2.699689548390354,-1.7143232274383482,-0.12182899509308544,0.30422547803642264,0.1354,3.004,-1.7067235341582139,-0.09390764100631277,-0.025530824203578995,0.1243
1787533063.1954865,-1.8096107500819638,-0.02790800260092073,-2.4688128772067355,-1.7143281484494601,-0.12183692180496118,0.3033048699294061,0.1338,2.772,-1.7067235341582139,-0.09390764100631277,-0.025530824203578995,0.1222
1787533063.261995,-1.8080280491444307,-0.027155692437878496,-2.3558728597172087,-1.706140894154405,-0.11935145939969138,0.35981411290776294,0.1374,2.716,-1.705975050259874,-0.11785943689061348,0.359814112907763,0.1365
1787533063.388073,-1.8054762708258185,-0.02590755798277238,-2.236710984654023,-1.7060306817544588,-0.11931691665797084,0.36068319838725743,0.1364,2.597,-1.7085506355084847,-0.10922901226528771,0.3606831983872574,0.1278
1787533063.4500155,-1.8044980830493702,-0.025780688273708174,-2.2442983343765217,-1.7071655433051534,-0.11891163615476888,0.3696785308053422,0.1347,2.614,-1.706073112914761,-0.09980702951253072,0.36967853080534224,0.1232
1787533063.5799227,-1.8024570137247693,-0.0263868413533957,-2.3323835187167408,-1.706486222429552,-0.11877990115149852,0.3716311407405255,0.1332,2.704,-1.716126981840009,-0.11148467170627342,0.3716311407405255,0.1212
1787533063.7055557,-1.8005470530525893,-0.027961569675911145,-2.173776829583099,-1.7089940970433548,-0.1189097018298235,0.3734336996129388,0.1290,2.547,-1.71360013201749,-0.10843753189756718,0.37343369961293876,0.1185
1787533063.767998,-1.800190898813688,-0.02854875879313017,-2.0432332309775125,-1.7103513078059551,-0.11882982270837564,0.37800487031280794,0.1274,2.421,-1.7162021927602493,-0.09839403390994174,0.378004870312808,0.1092
1787533063.8943918,-1.799245286247166,-0.028897233909422896,-1.6887194928322422,-1.7105341012115494,-0.11821212882672409,0.39006545299704354,0.1259,2.079,-1.703557351193418,-0.09514637415906667,0.3900654529970436,0.1164
1787533064.0051053,-1.7982363965596966,-0.028379193878595596,-1.5300542734016547,-1.704346546416461,-0.117829948802622,0.3822184869775959,0.1297,1.912,-1.6936023521971686,-0.09075036532431631,0.38221848697759586,0.1218
1787533064.061111,-1.7984192343998373,-0.028339069053666344,-1.541500603727644,-1.7001852191515248,-0.11770051419128445,0.37441053191164947,0.1328,1.916,-1.7036072846305668,-0.0910166554796595,0.3744105319116494,0.1137
1787533064.1894221,-1.7986808773852188,-0.02893742558119872,-1.6387441328146535,-1.694279509381447,-0.117142812347635,0.3695788650982152,0.1367,2.008,-1.6837484822702262,-0.08712797040894701,0.3744105319116494,0.1288
1787533064.2554255,-1.7987410522565417,-0.029592088152337638,-1.6634987885311434,-1.6949690408870943,-0.11736040585075884,0.4261539983163235,0.1359,2.090,-1.6837484822702262,-0.08712797040894701,0.3744105319116494,0.1286
1787533064.3809428,-1.7990366523351,-0.031219250878827765,-1.3785791911341994,-1.6949641890934597,-0.11736024696810986,0.42720099466084077,0.1351,1.806,-1.6837484822702262,-0.08712797040894701,0.3744105319116494,0.1281
1787533064.4449062,-1.7986955770975706,-0.03161111235545647,-1.3598685571885192,-1.6949596610133573,-0.11736083498602647,0.42757957836605087,0.1346,1.787,-1.6837484822702262,-0.08712797040894701,0.3744105319116494,0.1277
1787533064.577627,-1.7977649818920374,-0.03152922322886222,-1.3617571571261093,-1.6949598923888465,-0.11736201475174557,0.42748418201922517,0.1339,1.789,-1.6837484822702262,-0.08712797040894701,0.3744105319116494,0.1269
1787533064.639698,-1.7972666954822325,-0.031141969692536728,-1.4865907569547456,-1.694963992883705,-0.11736605827560824,0.42707229867102914,0.1338,1.914,-1.6837484822702262,-0.08712797040894701,0.3744105319116494,0.1266
1787533064.7704437,-1.795925289421401,-0.030722017077609166,-1.8692685793927786,-1.6949654564565217,-0.11736764739666133,0.42685800370434596,0.1330,2.296,-1.6837484822702262,-0.08712797040894701,0.3744105319116494,0.1256
1787533064.903007,-1.7937789674643785,-0.031518851273318965,-2.021095613185732,-1.6949674537872406,-0.11737009693703158,0.4264871905687361,0.1309,2.448,-1.6837484822702262,-0.08712797040894701,0.3744105319116494,0.1233
1787533064.9681032,-1.7926521753003075,-0.03230051201444439,-1.940043269237109,-1.694970042979353,-0.11737211091309867,0.4262689069313509,0.1295,2.366,-1.6837484822702262,-0.08712797040894701,0.3744105319116494,0.1219
1787533065.0980165,-1.789933331671123,-0.033430120598575606,-1.6999465547699335,-1.6949723331405973,-0.11737455766512585,0.42591785136712307,0.1267,2.126,-1.6837484822702262,-0.08712797040894701,0.3744105319116494,0.1190
1787533065.1643574,-1.788183826966375,-0.03354021181903035,-1.6726531301643652,-1.6949746722041275,-0.11737640289070903,0.42571222330502934,0.1254,2.098,-1.6837484822702262,-0.08712797040894701,0.3744105319116494,0.1174
1787533065.2993927,-1.78430291162395,-0.03253972610457635,-1.9038878427304808,-1.6949786259478161,-0.11737966319895354,0.4253308908608792,0.1232,2.329,-1.6837484822702262,-0.08712797040894701,0.3744105319116494,0.1144
1787533065.3647814,-1.7824794314496306,-0.032011938190448196,-2.2212015200501556,-1.6949788589840944,-0.11738036743177037,0.4251877955661119,0.1222,2.646,-1.6837484822702262,-0.08712797040894701,0.3744105319116494,0.1131
1787533065.4968271,-1.779481961604861,-0.03216956355162237,-2.2363645071930556,-1.6773870859856583,-0.11397874869551293,0.478351724926261,0.1308,2.715,-1.666303566055415,-0.11805855379438289,0.4783517249262609,0.1421
1787533065.559898,-1.7779685380327996,-0.032751973155028855,-2.3110715405464677,-1.6722867158022516,-0.11374164374480596,0.48073882088621495,0.1331,2.792,-1.6758948075762297,-0.1310417673294192,0.48073882088621495,0.1417
1787533065.6754448,-1.7756252833811799,-0.03394747951706377,-2.2214687421144172,-1.673259257056378,-0.11455347854296767,0.4689219250089411,0.1303,2.690,-1.6662524533671255,-0.12640269128071693,0.4689219250089411,0.1432
1787533065.792139,-1.7737429193658756,-0.03426886810970617,-2.0133097984747406,-1.6720638641633843,-0.114493794316206,0.4689523735257412,0.1295,2.482,-1.67361124285568,-0.11537801169919229,0.4689523735257413,0.1289
1787533065.8535693,-1.7726805417364535,-0.03399618625267717,-1.8671813119144796,-1.672909377233594,-0.11439664329842064,0.4719322149120156,0.1281,2.339,-1.673623094878226,-0.11330180302519698,0.4719322149120157,0.1269
1787533065.9762676,-1.7706521163578335,-0.03300769124722966,-1.8619718703195647,-1.6731344868463132,-0.1143761507213974,0.47275003746347855,0.1270,2.335,-1.6712350024241338,-0.10813195130759351,0.47275003746347843,0.1246
1787533066.1002529,-1.7696634042316282,-0.03267992031271876,-1.9778210252877253,-1.671865239336037,-0.11435156071093444,0.47138202523995615,0.1274,2.449,-1.6711308857772504,-0.121054232367211,0.4713820252399563,0.1324
1787533066.163196,-1.7691063791329005,-0.032855715016014746,-2.0360323606828796,-1.6701637521585482,-0.11411787077675208,0.47233807055804017,0.1280,2.508,-1.666270649352797,-0.12360140708478522,0.4713820252399563,0.1371
1787533066.2893124,-1.768021280146094,-0.033794879241476644,-1.9216802027385553,-1.671574796822658,-0.11480881726474707,0.46504294278829805,0.1260,2.387,-1.6735033883418462,-0.12773525231939992,0.4723380705580403,0.1333
1787533066.3531237,-1.768122555187294,-0.03399896881431858,-1.9107972009744196,-1.671326376795618,-0.11467008001848053,0.46678320590859956,0.1260,2.378,-1.67123197988285,-0.11006745606026277,0.46504294278829805,0.1232
1787533066.4833524,-1.7681341161337019,-0.033656583813736846,-1.8349048210820955,-1.6713251519115426,-0.114662744995528,0.46680782029000484,0.1262,2.302,-1.67123197988285,-0.11006745606026277,0.46504294278829805,0.1234
1787533066.5467079,-1.7680720955457783,-0.03310278153273418,-1.861393229647575,-1.671324862562941,-0.11466059526126138,0.4667218100003161,0.1265,2.328,-1.67123197988285,-0.11006745606026277,0.46504294278829805,0.1237
1787533066.6738071,-1.7681443761284914,-0.031933685655382876,-2.2577048642041095,-1.6713255603214912,-0.114660869619719,0.4666599624166277,0.1273,2.724,-1.67123197988285,-0.11006745606026277,0.46504294278829805,0.1245
1787533066.801639,-1.7671968529678874,-0.03204088659552022,-2.2742081050906657,-1.6713271206189575,-0.11466188167384087,0.4665364007439754,0.1266,2.741,-1.67123197988285,-0.11006745606026277,0.46504294278829805,0.1237
1787533066.865604,-1.7666684484592075,-0.032495542181546676,-2.2005547199022066,-1.671327849317854,-0.11466242175057974,0.46647787806887003,0.1259,2.667,-1.67123197988285,-0.11006745606026277,0.46504294278829805,0.1230
1787533066.99706,-1.7653693069557068,-0.03342002276320114,-1.9912785242650686,-1.6713304149264312,-0.1146641310626766,0.4663469101208116,0.1243,2.458,-1.67123197988285,-0.11006745606026277,0.46504294278829805,0.1214
1787533067.065022,-1.7644783249797529,-0.033486515552745635,-1.927104612935631,-1.6713313662853728,-0.11466481952162837,0.4662852375574241,0.1236,2.393,-1.67123197988285,-0.11006745606026277,0.46504294278829805,0.1207
1787533067.1854732,-1.7625264558373934,-0.0328479438808604,-1.8588671322939871,-1.6713317846279068,-0.1146652079363111,0.4662355011427697,0.1225,2.325,-1.67123197988285,-0.11006745606026277,0.46504294278829805,0.1196
1787533067.2925375,-1.760707529335938,-0.03180179232481464,-2.1487320429831755,-1.6713392351802328,-0.11466927247594277,0.46610928148858516,0.1219,2.615,-1.67123197988285,-0.11006745606026277,0.46504294278829805,0.1189
1787533067.3543093,-1.7598462781056474,-0.03167703029674897,-2.160460062453911,-1.6713399079439726,-0.11466999164775961,0.4660049777929356,0.1213,2.626,-1.67123197988285,-0.11006745606026277,0.46504294278829805,0.1183
1787533067.4866645,-1.7579675660591163,-0.03224797921439134,-2.1783022380984725,-1.6713403037772692,-0.1146703507729439,0.4659605261559561,0.1196,2.644,-1.67123197988285,-0.11006745606026277,0.46504294278829805,0.1165
1787533067.5504494,-1.7570166682623014,-0.03292775810706892,-2.0857656806420692,-1.6713417488928823,-0.11467140238918411,0.4658666506595679,0.1184,2.552,-1.67123197988285,-0.11006745606026277,0.46504294278829805,0.1154
1787533067.6790564,-1.7552799281606632,-0.03401873783388798,-1.8381274476205698,-1.671342345816647,-0.11467185560966549,0.4658229076469654,0.1164,2.304,-1.67123197988285,-0.11006745606026277,0.46504294278829805,0.1133
1787533067.7443292,-1.7543339301087517,-0.03416199191885466,-1.8126783955609356,-1.6713436909758883,-0.11467282997975879,0.46573669918324995,0.1156,2.278,-1.67123197988285,-0.11006745606026277,0.46504294278829805,0.1126
1787533067.8699768,-1.7523099585617117,-0.033735335584559094,-1.8912170162919937,-1.671344079677115,-0.11467316159439557,0.46569859043008816,0.1145,2.357,-1.67123197988285,-0.11006745606026277,0.46504294278829805,0.1114
1787533067.9926102,-1.7505163178034582,-0.03326780028034825,-2.1266616657531965,-1.6713450638061136,-0.11467391885390683,0.4656237999985497,0.1136,2.592,-1.67123197988285,-0.11006745606026277,0.46504294278829805,0.1104
1787533068.0643792,-1.7495824608763832,-0.03337898558088719,-2.1518437332939246,-1.6713463179186752,-0.11467469566842198,0.4655780938195105,0.1128,2.617,-1.67123197988285,-0.11006745606026277,0.46504294278829805,0.1096
1787533068.195399,-1.747630085432984,-0.03436084896892004,-2.080848909928008,-1.6713468143744519,-0.11467517144230696,0.4655156331251052,0.1108,2.546,-1.67123197988285,-0.11006745606026277,0.46504294278829805,0.1076
1787533068.2600298,-1.7467505749652295,-0.034979625572330385,-1.8732155306733977,-1.6713478918385312,-0.11467594685698644,0.4654478696968344,0.1097,2.339,-1.67123197988285,-0.11006745606026277,0.46504294278829805,0.1065
1787533068.3894515,-1.7448807565451243,-0.03526297314748722,-1.57984511649097,-1.671348362228789,-0.11467629560177467,0.46541558749145984,0.1082,2.045,-1.67123197988285,-0.11006745606026277,0.46504294278829805,0.1050
1787533068.4542668,-1.7438475474144775,-0.03477167169279429,-1.580343387135072,-1.6713492015006228,-0.11467693169123987,0.46535432891199574,0.1079,2.046,-1.67123197988285,-0.11006745606026277,0.46504294278829805,0.1046
1787533068.5773258,-1.7419007555901016,-0.0334036099983022,-1.887119951762267,-1.6713497144637859,-0.11467729297800791,0.46532413501142195,0.1076,2.352,-1.67123197988285,-0.11006745606026277,0.46504294278829805,0.1043
1787533068.7053492,-1.7402623740870626,-0.032846062172568136,-1.9239084095516472,-1.6713504490031899,-0.1146778537628483,0.46526943646163277,0.1070,2.389,-1.67123197988285,-0.11006745606026277,0.46504294278829805,0.1036
1787533068.772947,-1.7394151250353451,-0.03300401559735465,-1.9882494256078618,-1.6713511234560137,-0.11467829405522378,0.4652388919482372,0.1063,2.453,-1.67123197988285,-0.11006745606026277,0.46504294278829805,0.1029
1787533068.8418353,-1.7385840691492223,-0.033366433424493046,-2.009151809049567,-1.6713517750830857,-0.11467880571952027,0.4651866179066567,0.1055,2.474,-1.67123197988285,-0.11006745606026277,0.46504294278829805,0.1021
1787533068.97124,-1.7374968979210963,-0.033892554929867286,-1.954785272952343,-1.6713520540005398,-0.11467902886705666,0.46516314924605767,0.1044,2.420,-1.67123197988285,-0.11006745606026277,0.46504294278829805,0.1010
1787533069.1032388,-1.7368437474620766,-0.0334623543049559,-1.9704712855156707,-1.671352630472505,-0.11467947742612004,0.4651179771090697,0.1043,2.436,-1.67123197988285,-0.11006745606026277,0.46504294278829805,0.1009
1787533069.1662154,-1.7365178582729008,-0.03320773047788952,-1.9772851052372535,-1.6713528965286115,-0.11467968683829712,0.46509649666554104,0.1043,2.442,-1.67123197988285,-0.11006745606026277,0.46504294278829805,0.1008
1787533069.2923176,-1.7363233574862624,-0.03237538143333694,-1.8985683417307737,-1.6713535379816697,-0.11468015869300165,0.46505342073011147,0.1049,2.364,-1.67123197988285,-0.11006745606026277,0.46504294278829805,0.1014
1787533069.3588715,-1.7363579177508695,-0.031898259242220055,-1.8602998894811758,-1.671354100718885,-0.1146805820184897,0.4650131533748422,0.1053,2.325,-1.67123197988285,-0.11006745606026277,0.46504294278829805,0.1017
1787533069.488214,-1.7367735053037807,-0.03140684916089251,-1.8397370811697331,-1.6713544296556055,-0.11468081574952677,0.46499323398187586,0.1059,2.305,-1.67123197988285,-0.11006745606026277,0.46504294278829805,0.1024
1787533069.5537276,-1.737111481855064,-0.03130685992774123,-1.8275554571203403,-1.671355132596733,-0.11468124280441629,0.4649697800358457,0.1062,2.293,-1.67123197988285,-0.11006745606026277,0.46504294278829805,0.1027
1787533069.6826537,-1.7380592473559802,-0.03139148652785868,-1.8017802777735954,-1.6713552583099005,-0.11468142791256551,0.46493688577951503,0.1067,2.267,-1.67123197988285,-0.11006745606026277,0.46504294278829805,0.1032
1787533069.748119,-1.7386707711942997,-0.0315672116196112,-1.7879682204111598,-1.6713558033913378,-0.11468182042016581,0.46490250036688874,0.1070,2.253,-1.67123197988285,-0.11006745606026277,0.46504294278829805,0.1035
1787533069.8725061,-1.7401701870371484,-0.032083954884452426,-1.7581732267266117,-1.671356016774335,-0.11468198257626566,0.4648867946526599,0.1075,2.223,-1.67123197988285,-0.11006745606026277,0.46504294278829805,0.1041
1787533070.0034924,-1.7416833445039446,-0.03277708555940973,-1.733913778602304,-1.6713565342058296,-0.11468235118661899,0.46485520210232534,0.1080,2.199,-1.67123197988285,-0.11006745606026277,0.46504294278829805,0.1046
1787533070.073865,-1.742166622872989,-0.033156910952182476,-1.7261244419147257,-1.671356958555724,-0.11468262043249952,0.46483801740452163,0.1080,2.191,-1.67123197988285,-0.11006745606026277,0.46504294278829805,0.1046
1787533070.2012413,-1.742619708010018,-0.033540588024967316,-1.7183576459413514,-1.6713572071261664,-0.1146828430897279,0.46481080548006165,0.1080,2.183,-1.67123197988285,-0.11006745606026277,0.46504294278829805,0.1047
1787533070.2639854,-1.742616420562986,-0.03363218597750767,-1.7139760262839956,-1.6713573756278013,-0.11468297523681471,0.4647973186547182,0.1079,2.179,-1.67123197988285,-0.11006745606026277,0.46504294278829805,0.1046
1787533070.3870668,-1.7422489736639417,-0.03370503885288446,-1.7099620813689114,-1.6713577476244301,-0.11468325354217247,0.46477108925207095,0.1076,2.175,-1.67123197988285,-0.11006745606026277,0.46504294278829805,0.1043
1787533070.4503713,-1.7419995105579649,-0.03370874020700134,-1.709948510226914,-1.6713579950019175,-0.11468346083610587,0.4647477784329099,0.1075,2.175,-1.67123197988285,-0.11006745606026277,0.46504294278829805,0.1041
1787533070.5687966,-1.7416360170700766,-0.03364446881576157,-1.7079627128470292,-1.6713611237268184,-0.11468496600502057,0.4647477784329099,0.1073,2.173,-1.67123197988285,-0.11006745606026277,0.46504294278829805,0.1039
1787533070.698354,-1.7414635764518824,-0.03365520907140893,-1.706875684527407,-1.9413997153610754,-0.12980111860515212,0.4464154279835496,0.2219,2.153,-1.9841637107177719,-0.1292239059395999,0.4647477784329099,0.2608
1787533070.7482164,-1.7414262992645089,-0.03366860183674398,-1.7055079510560458,-1.731640240133912,-0.40224329975754114,-2.245374061235592,0.3687,0.540,-1.619094528817832,0.035027533058105166,0.4464154279835496,0.1403
1787533070.8576295,-1.7414079811302212,-0.0337015729652812,-1.7025238329171632,-1.7316171116093164,-0.40225461206356455,-2.2448617991954527,0.3687,0.542,-1.619094528817832,0.035027533058105166,0.4464154279835496,0.1403
1787533070.9768817,-1.741419907608032,-0.03373555450687337,-1.6996789741657294,-1.7316009626694278,-0.40225976989301837,-2.244424641111582,0.3687,0.545,-1.619094528817832,0.035027533058105166,0.4464154279835496,0.1403
1787533071.0974095,-1.7414329266000934,-0.03376697714962855,-1.6971096397222962,-1.7315975158934254,-0.4022614564715645,-2.244299132557519,0.3686,0.547,-1.619094528817832,0.035027533058105166,0.4464154279835496,0.1404
1787533071.1583774,-1.741438647574809,-0.03378099656899664,-1.6959095746866357,-1.7315985125343418,-0.40226344481935605,-2.244276619265599,0.3686,0.548,-1.619094528817832,0.035027533058105166,0.4464154279835496,0.1404
1787533071.2833564,-1.7414480996820765,-0.033805752328710394,-1.693685412741368,-1.7315989548370352,-0.40226369226547665,-2.2442691211868153,0.3686,0.551,-1.619094528817832,0.035027533058105166,0.4464154279835496,0.1404
1787533071.3462417,-1.7414515821548897,-0.03381623702474977,-1.6926672812090209,-1.7316000472603081,-0.40226410231984816,-2.2442659541243777,0.3686,0.552,-1.619094528817832,0.035027533058105166,0.4464154279835496,0.1404
1787533071.4724264,-1.741456674165889,-0.03383443524162304,-1.690817459311616,-1.7316006305515024,-0.40226429760657884,-2.2442663749408456,0.3686,0.553,-1.619094528817832,0.035027533058105166,0.4464154279835496,0.1404
1787533071.6008885,-1.7414595818007788,-0.03384940418641743,-1.6892064031352523,-1.699364945250389,-0.44450318197455424,-2.615938621491743,0.4128,0.927,-1.5894895962270834,0.23037847546193357,-2.244266374940846,0.3048
1787533071.658862,-1.7414603424878965,-0.033855821072328235,-1.6884785977710703,-1.6993609280768829,-0.4445061346746087,-2.615856104971552,0.4128,0.927,-1.5894895962270834,0.23037847546193357,-2.244266374940846,0.3048
1787533071.7820141,-1.7414603002724525,-0.03386600325706011,-1.6871697448387637,-1.6993574580107775,-0.44450952203324195,-2.6157798911338577,0.4128,0.929,-1.5894895962270834,0.23037847546193357,-2.244266374940846,0.3048
1787533071.9054682,-1.741459264267276,-0.03387396665155338,-1.6860392242011624,-1.6993571248454509,-0.44450981915511634,-2.615722719828143,0.4128,0.930,-1.5894895962270834,0.23037847546193357,-2.244266374940846,0.3048
1787533071.9566693,-1.7414586371003613,-0.03387746574028967,-1.6855403939928486,-1.699357257328336,-0.44450999490179627,-2.615704010431532,0.4128,0.930,-1.5850629740220308,0.15442235550086705,-2.6157040104315312,0.2448
1787533072.0752985,-1.7414569655480179,-0.03388281109661401,-1.6846328027572581,-1.6605872769153922,-0.43175172413524116,-2.4723181512414354,0.4060,0.788,-1.9874676527487838,-0.022389186621968295,-2.4723181512414354,0.2463
1787533072.197506,-1.7414555022605382,-0.033887475904468084,-1.683842308080383,-1.7800572123783491,-0.7462939172525357,-5.243815551989389,0.7135,3.560,-1.9874676527487838,-0.022389186621968295,-2.4723181512414354,0.2463
1787533072.2637818,-1.7414547660499753,-0.03388930647633712,-1.6834790029746223,-1.7800709187374386,-0.746296013694496,-5.243971778845917,0.7135,3.560,-1.9874676527487838,-0.022389186621968295,-2.4723181512414354,0.2463
1787533072.3905501,-1.7414533540070984,-0.03389195979672967,-1.682786813563471,-1.7800820717499646,-0.7462975796252941,-5.244070138572739,0.7135,3.561,-1.9874676527487838,-0.022389186621968295,-2.4723181512414354,0.2463
1787533072.4524977,-1.7414526138348319,-0.033892198661660905,-1.6824649819052817,-1.7800866378475078,-0.7462986185250581,-5.244080685844437,0.7135,3.562,-1.9874676527487838,-0.022389186621968295,-2.4723181512414354,0.2463
1787533072.5883217,-1.7414513619488228,-0.03388894192595567,-1.6819145662437702,-1.780088632585282,-0.7462993585459549,-5.2440767561860255,0.7135,3.562,-1.9874676527487838,-0.022389186621968295,-2.4723181512414354,0.2463
1787533072.654534,-1.7414511456802164,-0.03388567257211691,-1.6816589134839344,-1.7800908601371659,-0.7462999536824023,-5.2440657450483155,0.7135,3.562,-1.9874676527487838,-0.022389186621968295,-2.4723181512414354,0.2463
1787533072.7783942,-1.7414519839240126,-0.033876633977619065,-1.6812561589674562,-1.78009222808024,-0.7463004963685761,-5.24405900732525,0.7135,3.563,-1.9874676527487838,-0.022389186621968295,-2.4723181512414354,0.2463
1787533072.9044473,-1.7414541492552325,-0.033869885597051494,-1.6808663954714174,-1.7800941473338503,-0.7463010475546699,-5.244046484823704,0.7135,3.563,-1.9874676527487838,-0.022389186621968295,-2.4723181512414354,0.2463
1787533072.9685323,-1.741455376869738,-0.03386803312673371,-1.6806512213575402,-1.780095068682757,-0.7463013264864501,-5.244040457349133,0.7135,3.563,-1.9874676527487838,-0.022389186621968295,-2.4723181512414354,0.2463
1787533073.096395,-1.7414574789859691,-0.03386851624558527,-1.6801625220437475,-1.7800971427783607,-0.7463020920820144,-5.244028337655321,0.7135,3.564,-1.9874676527487838,-0.022389186621968295,-2.4723181512414354,0.2463
1787533073.157645,-1.7414582404801908,-0.03387072237853898,-1.6798762511602123,-1.780099114816996,-0.746302818752386,-5.244016748554925,0.7135,3.564,-1.9874676527487838,-0.022389186621968295,-2.4723181512414354,0.2463
1787533073.2893972,-1.7414592273189462,-0.03387732469963984,-1.679304345594914,-1.7801002246973436,-0.7463032920175643,-5.244010960693218,0.7135,3.565,-1.9874676527487838,-0.022389186621968295,-2.4723181512414354,0.2463
1787533073.354542,-1.7414595354636482,-0.03388069915617365,-1.679038556024308,-1.7801019829259344,-0.7463039035773965,-5.2440001974525945,0.7135,3.565,-1.9874676527487838,-0.022389186621968295,-2.4723181512414354,0.2463
1787533073.4760525,-1.7414599444703587,-0.03388618785385371,-1.6785455120040498,-1.7801027076373117,-0.7463041166004202,-5.2439953108283826,0.7135,3.565,-1.9874676527487838,-0.022389186621968295,-2.4723181512414354,0.2463
1787533073.5407286,-1.7414600843580856,-0.03388822028686519,-1.6783249033435743,-1.7801041080039222,-0.7463045323564622,-5.24398591636219,0.7135,3.566,-1.9874676527487838,-0.022389186621968295,-2.4723181512414354,0.2463
1787533073.6702898,-1.7414602973715445,-0.03389107001339915,-1.67793078895619,-1.7801049310529515,-0.7463048603798303,-5.243981359316927,0.7135,3.566,-1.9874676527487838,-0.022389186621968295,-2.4723181512414354,0.2463
1787533073.7951455,-1.7414604532060431,-0.033892761745964374,-1.6775857788186235,-1.7801065368076412,-0.7463054882355251,-5.243972329731117,0.7135,3.566,-1.9874676527487838,-0.022389186621968295,-2.4723181512414354,0.2463
1787533073.8616238,-1.7414605180168008,-0.0338933217757359,-1.6774361323343592,-1.7801078614545847,-0.7463059322980532,-5.2439640305109645,0.7135,3.567,-1.9874676527487838,-0.022389186621968295,-2.4723181512414354,0.2463
1787533073.991728,-1.7414606294182886,-0.03389407165379124,-1.677149155256291,-1.7801088592625192,-0.7463064270721216,-5.243959625904929,0.7135,3.567,-1.9874676527487838,-0.022389186621968295,-2.4723181512414354,0.2463
1787533074.0552742,-1.7414606779161295,-0.03389430506130392,-1.6770110156159121,-1.7801095149677453,-0.7463066535160933,-5.243955594682934,0.7135,3.567,-1.9874676527487838,-0.022389186621968295,-2.4723181512414354,0.2463
1787533074.1839273,-1.7414607618889217,-0.03389448331439378,-1.676781251412672,-1.7801108723975547,-0.7463071664908808,-5.243947758984887,0.7135,3.567,-1.9874676527487838,-0.022389186621968295,-2.4723181512414354,0.2463
1787533074.3051872,-1.7414608311519664,-0.033894016899329686,-1.6765777146489953,-1.7801110940739957,-0.7463070997649582,-5.2439447460134785,0.7135,3.567,-1.9874676527487838,-0.022389186621968295,-2.4723181512414354,0.2463
1787533074.3697147,-1.7414608583678248,-0.03389344649131667,-1.676492529338804,-1.7801125450877384,-0.7463077641832597,-5.243937708096278,0.7135,3.567,-1.9874676527487838,-0.022389186621968295,-2.4723181512414354,0.2463
1787533074.5010896,-1.7414608740330182,-0.03389171980614415,-1.6763419815491039,-1.780113548406047,-0.7463081242242212,-5.243931697572791,0.7135,3.568,-1.9874676527487838,-0.022389186621968295,-2.4723181512414354,0.2463
1787533074.5679827,-1.7414608525767226,-0.03389059975027646,-1.676276752147214,-1.7801141684708657,-0.7463083980156499,-5.243928573746559,0.7135,3.568,-1.9874676527487838,-0.022389186621968295,-2.4723181512414354,0.2463
1787533074.696327,-1.7414606829748742,-0.033888032110387586,-1.676143266503543,-1.7801157031908557,-0.7463091678629903,-5.243921904033955,0.7135,3.568,-1.9874676527487838,-0.022389186621968295,-2.4723181512414354,0.2463
1787533074.7605305,-1.7414605168174322,-0.03388691357778361,-1.6760882882730712,-1.7801164248267005,-0.7463093380027983,-5.2439165590948145,0.7135,3.568,-1.9874676527487838,-0.022389186621968295,-2.4723181512414354,0.2463
1787533074.8898492,-1.7414599788802743,-0.03388530340234483,-1.6759580947306232,-1.7801169215105042,-0.7463095446613721,-5.243913911631149,0.7135,3.568,-1.9874676527487838,-0.022389186621968295,-2.4723181512414354,0.2463
1787533075.0042,-1.7414591181193155,-0.03388434828756234,-1.6758218999360355,-1.780117833518722,-0.7463098950126646,-5.243908715405484,0.7135,3.568,-1.9874676527487838,-0.022389186621968295,-2.4723181512414354,0.2463
1787533075.0694883,-1.7414586949797382,-0.03388506895126947,-1.6757293656161572,-1.7801184002563895,-0.7463101649045404,-5.243906087261651,0.7135,3.568,-1.9874676527487838,-0.022389186621968295,-2.4723181512414354,0.2463
1787533075.1397955,-1.7414581094193624,-0.033885082511815365,-1.6756623545276355,-1.7801193415064127,-0.7463105594323076,-5.243901104208899,0.7135,3.568,-1.9874676527487838,-0.022389186621968295,-2.4723181512414354,0.2463
1787533075.2742345,-1.741456755411012,-0.033885524166254906,-1.6755124280574631,-1.7801194177417623,-0.7463104512246452,-5.243899087069798,0.7135,3.568,-1.9874676527487838,-0.022389186621968295,-2.4723181512414354,0.2463
1787533075.402992,-1.7414553747032155,-0.03388704562858539,-1.6753475170990446,-1.7801200444813752,-0.7463106449882286,-5.243894975749733,0.7135,3.569,-1.9874676527487838,-0.022389186621968295,-2.4723181512414354,0.2463
1787533075.4696507,-1.741454922827687,-0.03388869826469554,-1.6752465383758546,-1.780120520207631,-0.7463108746672157,-5.24389280604525,0.7135,3.569,-1.9874676527487838,-0.022389186621968295,-2.4723181512414354,0.2463
1787533075.5931904,-1.7414545696263974,-0.03389279804301159,-1.6750393618799493,-1.7801214045105085,-0.7463112846385553,-5.243888577755987,0.7135,3.569,-1.9907083275873008,0.07333459074219639,-5.243888577755988,0.2713
1787533075.6555343,-1.7414550135615745,-0.03389569636754872,-1.6749272893664426,-1.8154788651266527,-0.9397064822888626,-6.41340125465528,0.9088,4.738,-1.595574885700299,0.1672110860329946,-5.243888577755988,0.2484
1787533075.7799199,-1.7414571166646122,-0.03390202964640649,-1.6746848254863136,-1.8154630793311226,-0.9397118292858395,-6.413281023696359,0.9088,4.739,-1.595574885700299,0.1672110860329946,-5.243888577755988,0.2485
1787533075.9052439,-1.7414605109809447,-0.03390795474666985,-1.674448661745979,-1.8154522326435667,-0.9397154323160559,-6.4131685562177605,0.9088,4.739,-1.595574885700299,0.1672110860329946,-5.243888577755988,0.2485
1787533075.9665008,-1.7414625655460805,-0.03391059050555277,-1.6743503042629053,-1.815451195513239,-0.9397160476483618,-6.413143539737554,0.9088,4.739,-1.595574885700299,0.1672110860329946,-5.243888577755988,0.2485
1787533076.0900378,-1.7414666514671562,-0.033914547946445085,-1.674173425118929,-1.815451376723487,-0.939716702685229,-6.413114467084257,0.9088,4.739,-1.595574885700299,0.1672110860329946,-5.243888577755988,0.2485
1787533076.154011,-1.7414685845790312,-0.033916000855066804,-1.6740955951321248,-1.815452467498027,-0.9397171220907262,-6.413095531042388,0.9088,4.739,-1.595574885700299,0.1672110860329946,-5.243888577755988,0.2485
1787533076.2782526,-1.7414717660256875,-0.03391785594793167,-1.673971676317835,-1.8154532429285302,-0.9397174670411043,-6.413086926032309,0.9088,4.739,-1.595574885700299,0.1672110860329946,-5.243888577755988,0.2485
1787533076.4020505,-1.741473762926763,-0.033918674515330594,-1.6738752186918304,-1.8154544618770687,-0.9397177467322985,-6.413071769181847,0.9088,4.739,-1.595574885700299,0.1672110860329946,-5.243888577755988,0.2485
1787533076.4644961,-1.7414738617598713,-0.03391825375274824,-1.673843077970332,-1.815455608650931,-0.939717983744555,-6.413057887019435,0.9088,4.739,-1.595574885700299,0.1672110860329946,-5.243888577755988,0.2485
1787533076.5857096,-1.741473643094516,-0.03391774703446989,-1.673782216743994,-1.8154563650659454,-0.9397183147813557,-6.413050838309237,0.9088,4.739,-1.595574885700299,0.1672110860329946,-5.243888577755988,0.2485
1787533076.6469855,-1.741472991222407,-0.03391718552217817,-1.6737571805199039,-1.815457718917504,-0.9397188142935844,-6.413037211849579,0.9088,4.739,-1.595574885700299,0.1672110860329946,-5.243888577755988,0.2485
1787533076.7640789,-1.741471074835756,-0.03391590666773384,-1.6737195397969815,-1.8154580117807604,-0.9397186857271399,-6.413031567650446,0.9088,4.739,-1.595574885700299,0.1672110860329946,-5.243888577755988,0.2485
1787533076.8737848,-1.7414682046137258,-0.03391372034727852,-1.6737074451730278,-1.8154586789505198,-0.9397189768996427,-6.4130253798274985,0.9088,4.739,-1.595574885700299,0.1672110860329946,-5.243888577755988,0.2485
1787533076.9944234,-1.7414655329052389,-0.03391203597153813,-1.6736840686868615,-1.8154607036747676,-0.9397202497099595,-6.41301104779046,0.9088,4.739,-1.595574885700299,0.1672110860329946,-5.243888577755988,0.2485
1787533077.0575418,-1.7414641633662087,-0.03391106053518408,-1.6736748821953578,-1.8154615844790154,-0.9397203909647623,-6.413000108409931,0.9088,4.739,-1.595574885700299,0.1672110860329946,-5.243888577755988,0.2485
1787533077.1825538,-1.74146193634936,-0.033910161550001094,-1.6736389558381026,-1.8154619004577126,-0.9397203519167826,-6.412995160568413,0.9088,4.739,-1.595574885700299,0.1672110860329946,-5.243888577755988,0.2485
1787533077.246086,-1.741460876213465,-0.03390983186568585,-1.673618367094502,-1.8154628558084316,-0.9397206579936684,-6.412985040340099,0.9088,4.739,-1.595574885700299,0.1672110860329946,-5.243888577755988,0.2485
1787533077.369774,-1.74145858070796,-0.033908243919305074,-1.6735985475107145,-1.8154632616693556,-0.9397207497176533,-6.412980304070631,0.9088,4.739,-1.595574885700299,0.1672110860329946,-5.243888577755988,0.2485
1787533077.4979823,-1.7414565116029492,-0.03390664385042628,-1.6735848430498887,-1.8154640939951845,-0.939720988217368,-6.412971166257745,0.9088,4.739,-1.595574885700299,0.1672110860329946,-5.243888577755988,0.2485
1787533077.5631852,-1.7414555768279791,-0.03390589712855591,-1.6735696893090188,-1.8154652460179863,-0.9397219105845417,-6.412965275607583,0.9088,4.739,-1.595574885700299,0.1672110860329946,-5.243888577755988,0.2485
1787533077.6891687,-1.7414538530884485,-0.03390414494880459,-1.673560806849264,-1.8154654087457898,-0.9397214680234777,-6.412957908452823,0.9088,4.739,-1.595574885700299,0.1672110860329946,-5.243888577755988,0.2485
1787533077.7541823,-1.7414530852182666,-0.03390321637891369,-1.6735549524478355,-1.8154661716877065,-0.9397217306679462,-6.412950035242041,0.9088,4.739,-1.595574885700299,0.1672110860329946,-5.243888577755988,0.2485
1787533077.8800654,-1.7414518053185848,-0.03390082765343711,-1.6735549707794277,-1.8154665986763021,-0.9397219174832548,-6.4129460832977125,0.9088,4.739,-1.595574885700299,0.1672110860329946,-5.243888577755988,0.2484
1787533077.9430497,-1.7414513508196072,-0.03389938410124082,-1.6735598541727743,-1.8154671820567887,-0.9397220103876668,-6.41293883214007,0.9088,4.739,-1.595574885700299,0.1672110860329946,-5.243888577755988,0.2484
1787533078.0732985,-1.7414511225266505,-0.033895462170753954,-1.6735909087172613,-1.8154675327186687,-0.9397221393271163,-6.412935307476445,0.9088,4.739,-1.595574885700299,0.1672110860329946,-5.243888577755988,0.2484
1787533078.1439006,-1.7414514817682356,-0.03389302153350897,-1.6736207379380519,-1.8154681894808875,-0.9397223598073671,-6.412928466466697,0.9088,4.739,-1.595574885700299,0.1672110860329946,-5.243888577755988,0.2484
1787533078.2834127,-1.741453414126284,-0.03388740780955167,-1.6736798310210497,-1.8154686694362292,-0.9397226428049168,-6.412924857425857,0.9089,4.739,-1.595574885700299,0.1672110860329946,-5.243888577755988,0.2484
1787533078.3487525,-1.741455082231578,-0.033884288771881765,-1.6737225318494715,-1.8154694257259438,-0.9397229873286544,-6.412918013813348,0.9089,4.739,-1.595574885700299,0.1672110860329946,-5.243888577755988,0.2484
1787533078.4782426,-1.7414593467598674,-0.03387863855652845,-1.67378160290082,-1.8154696784167805,-0.939723036445547,-6.412914974476946,0.9089,4.739,-1.595574885700299,0.1672110860329946,-5.243888577755988,0.2484
1787533078.6045017,-1.7414642175528432,-0.03387425475738632,-1.6738250456498394,-1.8154704642282566,-0.9397234696670062,-6.412908722298197,0.9089,4.739,-1.595574885700299,0.1672110860329946,-5.243888577755988,0.2484
1787533078.6661026,-1.7414664050095914,-0.03387293932331198,-1.673827704849807,-1.8154704377928843,-0.9397232296297641,-6.4129063608653,0.9089,4.739,-1.595574885700299,0.1672110860329946,-5.243888577755988,0.2484
1787533078.7914336,-1.7414700039580249,-0.033871587150286875,-1.6738077729057153,-1.5562332907994971,-0.8272747217758462,-5.651779912095061,0.8147,3.978,-1.542998495990819,-0.02485509403360331,-6.4129063608653,0.1987
1787533078.9043224,-1.741472122385539,-0.03387169759733811,-1.673760908776526,-1.5347337887635684,-0.7876722154292115,-5.455751558179341,0.7816,3.782,-1.5424040712292053,-0.053431581615354405,-5.651779912095061,0.2000
1787533078.9660995,-1.741472496416752,-0.03387229696550714,-1.6737275879197149,-1.534724758967714,-0.7876689463821767,-5.4556957718171555,0.7816,3.782,-1.5557919428985754,-0.0520712956021276,-5.4556957718171555,0.1866
1787533079.0796037,-1.7414723798806584,-0.03387367696811852,-1.6736628000647502,-1.5336431998513242,-0.7676896184754849,-5.364474581045311,0.7627,3.691,-1.5441513033072285,-0.03524893156031283,-5.364474581045312,0.1973
1787533079.1877265,-1.741471211200819,-0.03387520732258523,-1.6735926179820053,-1.53136565763697,-0.7492270083531078,-5.280571098371652,0.7456,3.607,-1.5441513033072285,-0.03524893156031283,-5.364474581045312,0.1973
1787533079.247776,-1.7414707035947554,-0.033875541469493904,-1.6735662021164832,-1.5498877502468724,-0.7112845539560455,-5.111401534093709,0.7040,3.438,-1.5676856140076385,0.003709717727082707,-5.280571098371653,0.1778
1787533079.3728387,-1.7414691239760716,-0.033876785747917575,-1.6735036311169726,-1.5498918241362232,-0.711283904193742,-5.111409632252528,0.7040,3.438,-1.5676856140076385,0.003709717727082707,-5.280571098371653,0.1778
1787533079.5016134,-1.741467275567942,-0.033878116262025894,-1.673440366678261,-1.5498929450399819,-0.7112837913482724,-5.111404275082222,0.7040,3.438,-1.5676856140076385,0.003709717727082707,-5.280571098371653,0.1778
1787533079.563413,-1.7414663359356215,-0.03387870738259973,-1.6734103874866852,-1.5498919886161777,-0.7112837272262945,-5.111396047833976,0.7040,3.438,-1.5676856140076385,0.003709717727082707,-5.280571098371653,0.1778
1787533079.6902907,-1.7414639711918585,-0.03388133700771645,-1.6733234635710206,-1.5498896165799019,-0.711283533576857,-5.111377162424757,0.7040,3.438,-1.5676856140076385,0.003709717727082707,-5.280571098371653,0.1778
1787533079.7583895,-1.7414627245048866,-0.03388335775067295,-1.6732665891295613,-1.5498883919918138,-0.711283422933978,-5.111367519667773,0.7040,3.438,-1.5676856140076385,0.003709717727082707,-5.280571098371653,0.1778
1787533079.895993,-1.7414604875102182,-0.03388870691583009,-1.6731277393539543,-1.5498853855486305,-0.7112831604521891,-5.11134715296549,0.7040,3.438,-1.5676856140076385,0.003709717727082707,-5.280571098371653,0.1778
1787533079.9610941,-1.7414596599034715,-0.03389171180490289,-1.6730519381190665,-1.5498827019909718,-0.7112829218982413,-5.1113286381066425,0.7040,3.438,-1.5676856140076385,0.003709717727082707,-5.280571098371653,0.1778
1787533080.08531,-1.7414587549794274,-0.033897150512113686,-1.6729125474311244,-1.5498810238589156,-0.7112827840981267,-5.111318929856338,0.7040,3.438,-1.5676856140076385,0.003709717727082707,-5.280571098371653,0.1778
1787533080.1488383,-1.7414586259761604,-0.03389924360695917,-1.672855256874629,-1.549879250902126,-0.7112826006285524,-5.111302690899574,0.7040,3.438,-1.5676856140076385,0.003709717727082707,-5.280571098371653,0.1778
1787533080.2730708,-1.7414587941298192,-0.03390162997365669,-1.6727808697140394,-1.549878232180106,-0.7112825053616174,-5.111294972308939,0.7040,3.439,-1.5676856140076385,0.003709717727082707,-5.280571098371653,0.1778
1787533080.405716,-1.7414592137079485,-0.033901979382290726,-1.6727434702611839,-1.5498762582937793,-0.7112823203659361,-5.111279956401298,0.7040,3.439,-1.5676856140076385,0.003709717727082707,-5.280571098371653,0.1778
1787533080.47097,-1.7414594386738977,-0.0339016237345081,-1.67273589957137,-1.549875425655015,-0.7112822380478455,-5.111272946730831,0.7040,3.439,-1.5676856140076385,0.003709717727082707,-5.280571098371653,0.1778
1787533080.5995595,-1.7414598379013526,-0.03390073724740751,-1.6727244272031112,-1.5498732349317674,-0.711282045397754,-5.111258284752262,0.7040,3.439,-1.5676856140076385,0.003709717727082707,-5.280571098371653,0.1778
1787533080.6656194,-1.7414600044710542,-0.033900332008032955,-1.6727177506199256,-1.549872334581256,-0.7112819619214893,-5.111251580003151,0.7040,3.439,-1.5676856140076385,0.003709717727082707,-5.280571098371653,0.1778
1787533080.7936115,-1.7414602812008102,-0.03389961803371976,-1.6727034750961347,-1.5498705813658464,-0.7112817998029194,-5.111238592554077,0.7040,3.439,-1.5676856140076385,0.003709717727082707,-5.280571098371653,0.1778
1787533080.8557413,-1.741460397486368,-0.03389930456103994,-1.6726959012781681,-1.5498688691895866,-0.7112816428377232,-5.111226124013263,0.7040,3.439,-1.5676856140076385,0.003709717727082707,-5.280571098371653,0.1778
1787533080.9820445,-1.7414605877620055,-0.033898756492323746,-1.6726789635542505,-1.549868060920621,-0.7112815692264365,-5.111220315068751,0.7040,3.439,-1.5676856140076385,0.003709717727082707,-5.280571098371653,0.1778
1787533081.046009,-1.7414606641444346,-0.03389851724549731,-1.6726737439262374,-1.5498666134796912,-0.7112814335060242,-5.111209297132288,0.7040,3.439,-1.5676856140076385,0.003709717727082707,-5.280571098371653,0.1778
1787533081.1725788,-1.7414607960849366,-0.03389796965983407,-1.6726545687047456,-1.5498658856928424,-0.7112813662860751,-5.1112039186209195,0.7040,3.439,-1.5676856140076385,0.003709717727082707,-5.280571098371653,0.1778
1787533081.3037868,-1.7414609045339284,-0.033896853868858816,-1.6726537358062832,-1.5498644312462213,-0.7112812336000619,-5.111193430639621,0.7040,3.439,-1.5676856140076385,0.003709717727082707,-5.280571098371653,0.1778
