t,gt_x,gt_y,gt_yaw,ekf_x,ekf_y,ekf_yaw,ekf_err,ekf_yaw_err,fix_x,fix_y,fix_yaw,fix_err
1787569761.616473,-2.4754153287543605,1.5404444763848042e-06,2.3318967786525004e-05,,,,,,,,,
1787569761.684954,-2.4747235160336785,1.543133377674311e-06,2.1938193571688347e-05,,,,,,,,,
1787569761.8099215,-2.4736128417336567,1.4976626517547193e-06,2.0882234416999047e-05,,,,,,,,,
1787569761.9199803,-2.472859142104804,1.4311720531766446e-06,2.0993107431456032e-05,,,,,,,,,
1787569762.02381,-2.4724564244528797,1.370886090745478e-06,2.1514473285790182e-05,,,,,,,,,
1787569762.1486201,-2.4724014387878928,1.3264995658337218e-06,2.2096314387353665e-05,,,,,,,,,
1787569762.1947951,-2.4725040652399985,1.3119507879489842e-06,2.2380980885090714e-05,-2.5117125433169036,-0.00159588266691433,0.0637538161227758,0.0392,0.064,-2.5397041777038614,-0.002492154234752387,0.061184843997892716,0.0672
1787569762.3283772,-2.472970446703241,1.2921181788736564e-06,2.2979617575231105e-05,-2.5117141512207253,-0.0015959928172353075,0.06381516190717153,0.0388,0.064,-2.5397041777038614,-0.002492154234752387,0.061184843997892716,0.0668
1787569762.4015317,-2.4733350513033874,1.28553815723515e-06,2.332963566288136e-05,-2.511714453188907,-0.001596040030474766,0.06383376574895817,0.0384,0.064,-2.5397041777038614,-0.002492154234752387,0.061184843997892716,0.0664
1787569762.5160654,-2.4743304402084574,1.2771080612575822e-06,2.423911285843199e-05,-2.5117123840882285,-0.0015961146526197172,0.06387883615575199,0.0374,0.064,-2.5397041777038614,-0.002492154234752387,0.061184843997892716,0.0654
1787569762.6381013,-2.4756871096617106,1.2709934221065053e-06,2.5491577764963175e-05,-2.5117093102318675,-0.0015821919484705035,0.004070759951569723,0.0361,0.004,-2.5397041777038614,-0.002492154234752387,0.061184843997892716,0.0641
1787569762.6974874,-2.4765039257732777,1.268927268966081e-06,2.6247037923604254e-05,-2.5117037642351923,-0.0015822606010468274,0.003833787755219761,0.0352,0.004,-2.5397041777038614,-0.002492154234752387,0.061184843997892716,0.0632
1787569762.824698,-2.4784219436522212,1.262101490060282e-06,2.813726105225911e-05,-2.536975667640252,0.0008203556360173352,-0.007958480086247695,0.0586,0.008,-2.550155021047766,0.0010060866785702191,-0.01044077421734013,0.0717
1787569762.8971515,-2.4791173995252356,1.4345893048427444e-06,2.614283431873131e-05,-2.536978603141071,0.0010970049829033255,-0.03828766763834249,0.0579,0.038,-2.550155021047766,0.0010060866785702191,-0.01044077421734013,0.0710
1787569763.0358636,-2.4803913696069086,1.5377599406398714e-06,2.7891753840755343e-05,-2.537006557310354,0.0011023307767275535,-0.039616322921086536,0.0566,0.040,-2.4905331939734543,-0.0040552898300868796,0.08131391238002803,0.0109
1787569763.1489058,-2.4804910346862266,1.4803776975325577e-06,3.006795542457963e-05,-2.5019471936246687,-0.003130801286886001,0.06968749159549283,0.0217,0.070,-2.4905331939734543,-0.0040552898300868796,0.08131391238002803,0.0108
1787569763.2253108,-2.4803155569750577,1.441929017964122e-06,3.0960711736034694e-05,-2.4966062302146743,-0.001748169082943381,0.028574445510022396,0.0164,0.029,-2.49280824534394,-0.001226193267974957,0.022180352295402925,0.0126
1787569763.3040607,-2.4799896249896136,1.4033943459341894e-06,3.163762542858231e-05,-2.484850047479416,-0.0020163172608869072,0.07029389024718784,0.0053,0.070,-2.475223416663065,-0.0021391755904963524,0.0719204316227038,0.0052
1787569763.4477172,-2.4788845048576214,1.3355476124402433e-06,3.2248218450610716e-05,-2.4848033112446393,-0.002017307057828944,0.07081881123459108,0.0063,0.071,-2.475223416663065,-0.0021391755904963524,0.0719204316227038,0.0042
1787569763.5120218,-2.478103898365247,1.3081905936826227e-06,3.217738893945028e-05,-2.4837986393831097,0.0007182632899802224,-0.031601504927170176,0.0057,0.032,-2.4819016167861503,0.0004066190472219243,-0.0028591114422357113,0.0038
1787569763.5859509,-2.477496462676482,1.449781506049862e-06,2.8059161101666723e-05,-2.483900412151827,0.00111202885305129,-0.29361095114567337,0.0065,0.294,-2.4819016167861503,0.0004066190472219243,-0.0028591114422357113,0.0044
1787569763.7229831,-2.4765403813345337,1.538254617104701e-06,2.4120196792433338e-05,-2.5340964562591344,0.02672971303867102,-0.6531029889291661,0.0635,0.653,-2.6507164682298883,0.05338329391871471,-1.1191864934704818,0.1822
1787569763.8473573,-2.4759625704523796,1.5142968831071953e-06,2.320862471723029e-05,-2.5342636680621498,0.026851391353414522,-0.6621443884706476,0.0642,0.662,-2.6507164682298883,0.05338329391871471,-1.1191864934704818,0.1827
1787569763.903869,-2.4758147076212587,1.4851896315485995e-06,2.336760302827374e-05,-2.534300071453335,0.026901296223483247,-0.6739197208374365,0.0644,0.674,-2.6507164682298883,0.05338329391871471,-1.1191864934704818,0.1829
1787569764.0281186,-2.475799488272001,1.418998761151764e-06,2.428416189212931e-05,-2.538825701802543,0.006710559210620661,-0.07432604269902493,0.0634,0.074,-2.5461151580637678,0.0010427586486208404,0.01035534329197508,0.0703
1787569764.0940888,-2.4759320334415604,1.3878415742779766e-06,2.489403168674078e-05,-2.5417668884258227,0.0026899284208683175,-0.02761523709450734,0.0659,0.028,-2.546165011899987,0.0014373915062140064,-0.01107245677043836,0.0702
1787569764.2371235,-2.476478523775217,1.3368197735630805e-06,2.618833458431763e-05,-2.568470817531245,-0.01958159909672619,0.5597512831659521,0.0941,0.560,-2.6485340269185715,-0.050563753055842,1.0947946011378933,0.1793
1787569764.3133097,-2.4768934332131316,1.3176003698483465e-06,2.6853145525895146e-05,-2.565548837441562,-0.009400132038461396,0.13805158253100142,0.0892,0.138,-2.5620552908584964,-0.0030341338559244624,0.04242738318107555,0.0852
1787569764.4150386,-2.478010299404412,1.2890565528491217e-06,2.8270820302823632e-05,-2.5655692155630243,-0.009408999295529295,0.13965568259606723,0.0881,0.140,-2.5620552908584964,-0.0030341338559244624,0.04242738318107555,0.0841
1787569764.5370314,-2.4785991440468718,1.4752397853003889e-06,2.4982928536296218e-05,-2.5624417878923653,-0.0027773176845946566,0.04981423702182964,0.0839,0.050,-2.557305052911163,-0.00012780176251372057,0.014233970047245234,0.0787
1787569764.6219985,-2.4785952769400907,1.4903770560961314e-06,2.591074299841527e-05,-2.5624442761302832,-0.002751379810813541,0.05007394814353363,0.0839,0.050,-2.557305052911163,-0.00012780176251372057,0.014233970047245234,0.0787
1787569764.7259614,-2.478343674657563,0.00041772135350932345,-0.0048626139665683046,-2.550326111888527,-0.0003364181765757408,0.015247545851993916,0.0720,0.020,-2.532240658284584,0.000506557231507352,0.0029262397440794918,0.0539
1787569764.7848794,-2.4782146751443994,0.0009261409905192007,-0.026102566878845206,-2.5462712417768794,0.0006797407112740807,0.003931160919066633,0.0681,0.030,-2.539900628986452,0.0010488929549352167,-0.001266338500043232,0.0617
1787569764.9078126,-2.4779215162645185,0.0018095255083792543,-0.06592516814712514,-2.5461033872476446,0.000756840686753037,0.0032762755191135993,0.0682,0.069,-2.539900628986452,0.0010488929549352167,-0.001266338500043232,0.0620
1787569765.0211592,-2.477387322353561,0.0019407642742954052,-0.08018832444206382,-2.5410233327314504,0.020403820193825938,-0.45597351290011784,0.0663,0.376,-2.5371938087871633,0.022924027570752608,-0.43044405322196333,0.0634
1787569765.121836,-2.4766052781272356,0.001055461065408227,0.007617030417139524,-2.5398270425515217,0.02314424455108583,-0.4868077946541731,0.0670,0.494,-2.5369339208373662,0.02142543893438588,-0.45081726267842576,0.0637
1787569765.2168384,-2.475969930270435,4.240808240402129e-05,0.33565208300756494,-2.5394029911650784,0.024361943863501406,-0.5050860751684693,0.0679,0.841,-2.5378627118790003,-0.0037374929593910634,0.218303568073004,0.0620
1787569765.3264184,-2.4747467620080075,0.0002233742529186575,0.3543686265712192,-2.537452116920547,0.005410968575054835,0.06463563498504846,0.0629,0.290,-2.5378627118790003,-0.0037374929593910634,0.218303568073004,0.0632
1787569765.4002845,-2.473942353733416,0.0007959090091638249,0.3364885287391172,-2.5351668477605513,-0.02517219481024204,0.9126413724046385,0.0665,0.576,-2.5542901596820986,-0.03843659637830752,1.1174447490335946,0.0894
1787569765.542094,-2.472173883831136,0.0018947845413877142,0.12334911015883199,-2.534653304007947,-0.0276292139176883,0.9561591664629489,0.0691,0.833,-2.5051409959941218,-0.00859392436774839,0.5034185349902123,0.0346
1787569765.6204386,-2.47114419502481,0.0019852674389912338,-0.012529380175695971,-2.5211521943613615,-0.015581185800149864,0.6254575093503999,0.0530,0.638,-2.5051409959941218,-0.00859392436774839,0.5034185349902123,0.0356
1787569765.6881254,-2.470051942900285,0.0016135952616692635,-0.2200838511538015,-2.5277762952191463,-0.002931463970160718,0.037730915086958326,0.0579,0.258,-2.5456715662359404,0.003352475164615902,-0.04847071826113841,0.0756
1787569765.8084545,-2.4678727164369647,0.0002983962780525307,-0.4137638812486873,-2.5267316002174294,-0.0032311470021386297,0.03223813527636202,0.0590,0.446,-2.5456715662359404,0.003352475164615902,-0.04847071826113841,0.0779
1787569765.9446108,-2.4660895285259636,-0.00034151127728757535,-0.32992479605072556,-2.535149542203665,-0.009526220865173731,-0.2833293688612068,0.0697,0.047,-2.5465521780871434,-0.010263058763181242,-0.3010849213515375,0.0811
1787569766.0452094,-2.464094983382721,4.028026303454365e-05,-0.23888406552418617,-2.5350176976374947,-0.010675197865409854,-0.313495922766731,0.0717,0.075,-2.5465521780871434,-0.010263058763181242,-0.3010849213515375,0.0831
1787569766.1370115,-2.46219724205161,0.0008649225877532145,-0.4377433880324742,-2.58203714590876,-0.047164634960049835,0.7858855705756989,0.1291,1.224,-2.6593363244478123,-0.07214297619163348,1.1431912107863589,0.2102
1787569766.247164,-2.4604045016519196,0.0011303346565095824,-0.6741208796885693,-2.561982189112962,-0.013672678736223104,-0.27989051285633126,0.1027,0.394,-2.541834891598462,-0.0023043605431739963,-0.44804489507576095,0.0815
1787569766.3167567,-2.459438590654698,0.0008634251896515583,-0.6800047986672603,-2.5840305704201874,0.012572930911353647,-1.181341853390822,0.1251,0.501,-2.650660285788756,0.04962172896475233,-1.8236735544249734,0.1973
1787569766.4080715,-2.458466534423482,0.0001499544104061884,-0.7780630449758751,-2.579235822125588,0.012093316725833705,-1.3929540590637057,0.1214,0.615,-2.650660285788756,0.04962172896475233,-1.8236735544249734,0.1985
1787569766.4922206,-2.4575558444030547,-0.0007654142821367236,-0.7461728860220345,-2.5795487673142907,0.012321210480581133,-1.4370500999237426,0.1227,0.691,-2.630561992760953,0.052026298420489954,-1.8814697574925658,0.1809
1787569766.6270876,-2.456153644857955,-0.0016386884594038421,-0.5450497121114193,-2.596465308284155,0.03671750251223583,-1.5676827911730262,0.1455,1.023,-2.630561992760953,0.052026298420489954,-1.8814697574925658,0.1825
1787569766.7359726,-2.4548791499372475,-0.0012300403124978496,-0.642915749786209,-2.5723320578028734,0.0020710160306053036,-0.6676191302707198,0.1175,0.025,-2.545479010758639,-0.009477032179213432,-0.5029487864715406,0.0910
1787569766.8421938,-2.4538154581235325,-0.0007407110568930854,-0.7392921949475,-2.572398615882784,0.001769172701475,-0.6777898583679131,0.1186,0.062,-2.545479010758639,-0.009477032179213432,-0.5029487864715406,0.0921
1787569766.9117594,-2.4532228702315106,-0.000742642046608778,-0.8433328634839816,-2.5561514508222793,0.0013992909287252702,-0.787448421409717,0.1030,0.056,-2.5339658329627173,0.00033164440960422014,-0.7688994421342126,0.0808
1787569767.0058718,-2.451891769688942,-0.0016186963924267694,-1.1417933858474767,-2.555531029131795,0.0009778587635141116,-0.8072060233912199,0.1037,0.335,-2.5339658329627173,0.00033164440960422014,-0.7688994421342126,0.0821
1787569767.1094604,-2.4507182637938723,-0.003047004365526567,-1.2117017619518935,-2.5439895033046493,0.009477354387684588,-1.4007719831245757,0.0941,0.189,-2.530139005503048,0.01255251269460852,-1.4487816290518591,0.0809
1787569767.2087429,-2.450632634267192,-0.002489292641349238,-1.249047217013135,-2.542620616246219,0.009752331763600398,-1.4590943981350575,0.0928,0.210,-2.530139005503048,0.01255251269460852,-1.4487816290518591,0.0809
1787569767.3221526,-2.4501615917620825,-0.0009197734939368915,-1.256344488383941,-2.536479244045854,-0.010116145953092848,-1.0117202483558214,0.0868,0.245,-2.523453713747732,-0.019306461837139202,-1.0040810928671764,0.0756
1787569767.4321108,-2.4494377281361364,0.0014526145641458278,-1.5584921715741389,-2.528754874385211,-0.01897375808347597,-0.7697563189733304,0.0819,0.789,-2.523453713747732,-0.019306461837139202,-1.0040810928671764,0.0769
1787569767.5398993,-2.448436698151404,0.003015064920484149,-1.6475180955294366,-2.5261383571128326,-0.021715414725555767,-0.7719556232467356,0.0815,0.876,-2.523453713747732,-0.019306461837139202,-1.0040810928671764,0.0783
1787569767.6492736,-2.447275911417433,0.0037362073851921014,-1.7416019118860968,-2.4691777154010652,-0.007569030256147476,-1.5714157516409732,0.0246,0.170,-2.446508915063897,-0.0031173670194418477,-1.6504141984177374,0.0069
1787569767.7418063,-2.446045157844747,0.0036618153866492358,-1.5466070335291036,-2.4589801386165826,-0.008748126966135805,-1.6466338447052424,0.0179,0.100,-2.446508915063897,-0.0031173670194418477,-1.6504141984177374,0.0068
1787569767.8421512,-2.4448600281875534,0.003957746327778683,-1.3102337484122448,-2.435650053686015,-0.009999547123490913,-1.4744176635554287,0.0167,0.164,-2.4210253236399026,-0.007002752132942354,-1.660166660756283,0.0262
1787569767.9028983,-2.444150142072551,0.004432620313039161,-1.2971300067835119,-2.4189833243183223,-0.024977035819789363,-0.98615608140241,0.0387,0.311,-2.4123675922760226,-0.026259863594084318,-0.9834370358694158,0.0442
1787569768.0076916,-2.442580288562489,0.006114809855940112,-1.3289205248179767,-2.406927548329651,-0.02790038555777597,-0.9876927877685344,0.0493,0.341,-2.4123675922760226,-0.026259863594084318,-0.9834370358694158,0.0443
1787569768.1181436,-2.4404268623132976,0.00718389581182841,-1.4508642658431343,-2.41251505579145,-0.023299134240374962,-0.9713060869505782,0.0413,0.480,-2.4175486101647916,-0.022616560448017006,-0.9727791442356396,0.0376
1787569768.236755,-2.4379932291883404,0.007219320966733942,-1.9500666575476118,-2.4288418188309926,-0.022015347742347282,-0.9798793557891311,0.0306,0.970,-2.4534821664597635,-0.022994785876416172,-0.9391192042106211,0.0340
1787569768.3492777,-2.435651458402102,0.005714167678488187,-2.242107911881576,-2.417483706093175,-0.02454950729294664,-0.9815496833840118,0.0353,1.261,-2.6085599005460307,-0.06692801721580209,-0.7479850423188985,0.1875
1787569768.409324,-2.4345601389127873,0.0047955817732531335,-2.2441285594535922,-2.4963397650362213,-0.03777185769088241,-1.3171203651620078,0.0750,0.927,-2.6073393973054455,-0.06996249147304658,-0.8403952416049469,0.1883
1787569768.5454671,-2.432393149870605,0.0035855595715583014,-2.1295340814508767,-2.546829846926695,-0.05680535783526576,-0.9688724317050157,0.1294,1.161,-2.6073393973054455,-0.06996249147304658,-0.8403952416049469,0.1898
1787569768.617958,-2.431193525692781,0.0034402615919764535,-2.118474854667095,-2.5645256538379066,-0.06456748472464462,-0.9824028580130678,0.1497,1.136,-2.5760638304002796,-0.06714087089844954,-0.935575398553042,0.1611
1787569768.6879277,-2.4299612526084657,0.003561080507008722,-2.180547004959331,-2.5637341934885596,-0.06803962080842389,-0.8700125713153976,0.1517,1.311,-2.552595646319877,-0.06562256033194265,-0.9141541148427264,0.1408
1787569768.8448334,-2.428417754382578,0.002998811213519138,-2.1467310496371628,-2.5719139905320536,-0.07385335604370387,-0.8606504568699097,0.1628,1.286,-2.552595646319877,-0.06562256033194265,-0.9141541148427264,0.1419
1787569768.9162238,-2.4276024169881727,0.0022335457409802862,-2.2405206643475135,-2.5579381415900806,-0.06787495610216991,-0.2043882650760629,0.1480,2.036,-2.552595646319877,-0.06562256033194265,-0.9141541148427264,0.1422
1787569769.038063,-2.426139907729065,-0.00042548361372310895,-2.3048656362222757,-2.5583712250427095,-0.06832296760154466,0.06960476477511811,0.1486,2.374,-2.552595646319877,-0.06562256033194265,-0.9141541148427264,0.1423
1787569769.1482658,-2.425819043935833,-0.002647164793480946,-2.0675367622393117,-2.5590404035394148,-0.06894465213025996,0.5363062855020493,0.1488,2.604,-2.552595646319877,-0.06562256033194265,-0.9141541148427264,0.1416
1787569769.2092936,-2.425585265065564,-0.003452332047346097,-1.9214778023026742,-2.5583604479226754,-0.06848092578482977,0.38775503354460233,0.1478,2.309,-2.552595646319877,-0.06562256033194265,-0.9141541148427264,0.1414
1787569769.3099906,-2.424958043565303,-0.0042201124487834234,-1.6257925928503638,-2.5583908885614677,-0.06848284912839696,0.2507819578841613,0.1481,1.877,-2.552595646319877,-0.06562256033194265,-0.9141541148427264,0.1416
1787569769.4351065,-2.4245258607175364,-0.004769247900693576,-1.70254570725766,-2.5291646073304865,-0.020585652070681942,-1.453414680127497,0.1058,0.249,-2.5100878524769703,-0.011734266309501128,-1.6346011653010541,0.0858
1787569769.5391216,-2.4234438265056246,-0.0063504635186520456,-1.690136134481441,-2.529093702821272,-0.020339501267154697,-1.4737318100563674,0.1066,0.216,-2.5100878524769703,-0.011734266309501128,-1.6346011653010541,0.0868
1787569769.5881615,-2.4227509021379974,-0.007592624195391579,-1.6595056827363615,-2.556528254134628,0.030676721277671484,-2.6997356209495935,0.1391,1.040,-2.6076193702439268,0.05770958081524665,-3.1497950528617547,0.1961
1787569769.7273304,-2.4221705572029864,-0.009649161058417934,-1.519351898049106,-2.5289098056497905,0.01703241673438821,-2.228176638352314,0.1100,0.709,-2.5020352343614816,0.008943886048659028,-2.089863330104405,0.0820
1787569769.848871,-2.4216242047317245,-0.010882162376020589,-0.8411086229298553,-2.516476334187098,0.01369812351048916,-2.06497157518984,0.0980,1.224,-2.5003710105208587,0.008178640385745152,-1.9481859474347918,0.0810
1787569769.9446037,-2.4210089552283875,-0.010481439243164551,-0.19810353617917478,-2.515610920237436,0.014656435043847928,-2.0929147584304566,0.0979,1.895,-2.5003710105208587,0.008178640385745152,-1.9481859474347918,0.0815
1787569770.026088,-2.4204439866587486,-0.009516459406424845,0.08345897510145685,-2.5149114010961555,0.01544124437262246,-2.1149718767630854,0.0977,2.198,-2.577949534870886,0.053997849121743546,-1.4219608204744965,0.1698
1787569770.1167653,-2.4195088299606913,-0.009454191274670204,0.02850001561516855,-2.5432357807518913,0.043477671352145655,-1.4192152166463456,0.1346,1.448,-2.577949534870886,0.053997849121743546,-1.4219608204744965,0.1707
1787569770.248304,-2.4184089773505457,-0.010136820721302673,-0.04206955564224724,-2.5649058654839436,0.05924577959397907,-1.2957768006293109,0.1621,1.254,-2.59011320016983,0.06800413667695401,-1.4550884075382886,0.1886
1787569770.3450036,-2.4173128649795843,-0.011539838061841749,0.1445485521525068,-2.5676135668792743,0.0636773073700625,-1.2810009387503642,0.1681,1.426,-2.59011320016983,0.06800413667695401,-1.4550884075382886,0.1902
1787569770.3980467,-2.41674266974536,-0.011345725116895883,0.15515295502344006,-2.5474266890854818,0.05474796320056136,-1.2415312943153722,0.1464,1.397,-2.5276719310159343,0.04890752695241067,-1.1378706011697262,0.1262
1787569770.5361552,-2.4154832014423397,-0.010314308369303315,0.24538862238319534,-2.5364293002925473,0.03173250124545062,-0.5870066449593487,0.1280,0.832,-2.515731014416387,0.015540450874237277,-0.328415288696485,0.1035
1787569770.643993,-2.4139304183500827,-0.007827684038543732,0.21511838140836548,-2.536280476957167,0.03249582158906566,-0.5229315215751725,0.1288,0.738,-2.515731014416387,0.015540450874237277,-0.328415288696485,0.1044
1787569770.7428787,-2.412504219990597,-0.00556314950332699,0.011669757342907023,-2.5451363206922313,0.04721795148652777,-1.1686375930384483,0.1427,1.180,-2.5526268199481192,0.04986214478227887,-1.0341235892102913,0.1507
1787569770.8440285,-2.410863430548779,-0.004250527010007263,-0.07790153020712359,-2.545795394673952,0.04932581252805305,-1.1597871524851822,0.1452,1.082,-2.5526268199481192,0.04986214478227887,-1.0341235892102913,0.1517
1787569770.9343011,-2.409110343519633,-0.003614165527196644,-0.0604749609350255,-2.5063080736392083,0.020055732766735578,-0.754574778439027,0.1000,0.694,-2.481798818205621,0.010140012060628168,-0.42069658276095834,0.0740
1787569771.0293593,-2.407553286759555,-0.0023953884834712977,0.06694779760370839,-2.5032722323823124,0.019079124136212374,-0.7246239392101804,0.0981,0.792,-2.481798818205621,0.010140012060628168,-0.42069658276095834,0.0753
1787569771.121067,-2.406004327552695,0.00016062837588562916,0.08965217728385559,-2.5158345462213814,-0.02911634458590561,0.6725546433741844,0.1137,0.583,-2.5636372805824226,-0.05780048564637106,1.2375732385144331,0.1680
1787569771.2376893,-2.404493996061926,0.003731912009072821,0.21543248494184475,-2.515366924211674,-0.037345061954093955,1.572245006497594,0.1182,1.357,-2.5636372805824226,-0.05780048564637106,1.2375732385144331,0.1706
1787569771.3487852,-2.403189668580192,0.006956645399105281,0.13207680808743222,-2.5371539189958137,-0.06394245347925298,1.6132351887406227,0.1516,1.481,-2.5618070967765747,-0.07438110271490944,1.796060584268524,0.1783
1787569771.4476995,-2.4018619425085745,0.008677464044837255,-0.0643310312925221,-2.537747246437284,-0.07612284042612993,1.834334559581397,0.1602,1.899,-2.5618070967765747,-0.07438110271490944,1.796060584268524,0.1802
1787569771.499022,-2.4011174864255205,0.009092039602929057,-0.18274199608336605,-2.580086699674747,-0.060724049791289474,1.5987860420454427,0.1921,1.782,-2.6039451991847526,-0.05257502272236458,1.293308621128278,0.2120
1787569771.6363888,-2.3994735180059954,0.008883448951148211,-0.10737730896670752,-2.504009263326659,-0.033027469116720665,0.5917991179888874,0.1126,0.699,-2.448579264724267,-0.0196704348085045,0.3506771443279561,0.0568
1787569771.6891115,-2.3987755214374156,0.00870937446904761,0.13388302975685065,-2.499987071464961,-0.037528823848834984,0.6782130290429842,0.1113,0.544,-2.448579264724267,-0.0196704348085045,0.3506771443279561,0.0573
1787569771.8228452,-2.397853179863834,0.008318167242970038,0.4313515288928857,-2.5084667793791153,-0.0635970472744461,1.5632156502581909,0.1319,1.132,-2.5305005550474675,-0.0783075371630731,1.8104210264810003,0.1584
1787569771.8926437,-2.397614418455141,0.00814087537734424,0.45251764239307407,-2.5105140265357164,-0.05910978873888259,1.5828988564420166,0.1314,1.130,-2.514087502375389,-0.055190375969160946,1.5350629563551257,0.1326
1787569772.0146554,-2.3974858374877304,0.007407746136273326,-0.05741607212456622,-2.542293885457947,-0.0724060717211065,2.2778347635401097,0.1653,2.335,-2.571035300617826,-0.07160813156393757,1.9385663364705563,0.1907
1787569772.1349216,-2.3972837927607005,0.00570149175787898,-0.8816046644585593,-2.5437279012864202,-0.07823699149588269,2.4324498613090073,0.1688,3.314,-2.571035300617826,-0.07160813156393757,1.9385663364705563,0.1902
1787569772.1979768,-2.3971492622057857,0.0043102041981651715,-1.3475170349045622,-2.5676971765518974,-0.1424052924585389,2.357373023941562,0.2250,3.705,-2.5942485018553265,-0.18008942260737776,3.16901855032131,0.2699
1787569772.279287,-2.3970520061604605,0.0027334195234570164,-1.7230396465156947,-2.57551779831646,-0.08754417798440277,0.4119994170862527,0.2000,2.135,-2.569079749093468,-0.05378031687766371,-0.17505456553971643,0.1811
1787569772.4360852,-2.3967286063006203,0.00015150885518676284,-1.9384260918911238,-2.569269783432609,-0.07428697501036685,-0.5995106581765658,0.1879,1.339,-2.54936928796565,-0.060780024582018345,-0.8405997596927628,0.1644
1787569772.5064852,-2.396332833292915,-0.0005612016710305808,-1.9209508614846407,-2.57027345563319,-0.07568595363166725,-0.5597160425314331,0.1895,1.361,-2.54936928796565,-0.060780024582018345,-0.8405997596927628,0.1645
1787569772.638023,-2.395572888229673,-0.0014346553603661535,-2.1700189435397346,-2.5160620858432154,-0.027628973164949135,-1.6103619165793004,0.1233,0.560,-2.4639365837529565,-0.012126898533694698,-1.8607644588554908,0.0692
1787569772.7070146,-2.395275864545911,-0.002028115137870646,-2.4664772690522105,-2.4226459392958657,-0.014581286152912017,-1.8674466173829027,0.0301,0.599,-2.3667840744203588,-0.017277592852613016,-1.6846607265672147,0.0323
1787569772.821174,-2.394040713605662,-0.004029339455791659,-2.37831976382777,-2.410960844941083,-0.011395887783632676,-2.0099725630912464,0.0185,0.368,-2.3667840744203588,-0.017277592852613016,-1.6846607265672147,0.0303
1787569772.9291086,-2.392424668678747,-0.006341612680831656,-2.2654759469908696,-2.4083496565257665,0.010195996542383214,-3.001749140596991,0.0230,0.736,-2.4129976864031613,0.011666938582858243,-2.7346229743003474,0.0273
1787569773.032976,-2.39078666919599,-0.007583311182483156,-1.898956326239026,-2.393635709937758,0.016980387530012183,-3.2636300702012058,0.0247,1.365,-2.4129976864031613,0.011666938582858243,-2.7346229743003474,0.0294
1787569773.149629,-2.3889649812074554,-0.007519092727669455,-1.5006068003241495,-2.419618763804872,0.003848432230776532,-2.404234987098684,0.0327,0.904,-2.438866205460764,0.0005352764171331709,-2.37421938544074,0.0505
1787569773.217335,-2.3880447355644323,-0.006980849566699056,-1.3756840609040981,-2.4288104257627388,-0.0008971701487193746,-1.8943305632253515,0.0412,0.519,-2.45826941403747,-0.006369215813670953,-1.8125768368512523,0.0702
1787569773.3311856,-2.3864388501079383,-0.005778486355060683,-1.5258777479815262,-2.471436956491966,0.027894857557658595,-2.2780604230936157,0.0914,0.752,-2.5506183461283958,0.0566272688140291,-2.8105554712970937,0.1756
1787569773.434285,-2.384562291399975,-0.005633347273384995,-1.5503602270988683,-2.47279701482691,0.03105655013186392,-2.4704013382630907,0.0956,0.920,-2.5506183461283958,0.0566272688140291,-2.8105554712970937,0.1773
1787569773.5461185,-2.383015639513537,-0.0062345946568364025,-1.8627090770496728,-2.474817250966761,0.04160253875714397,-4.246495156895489,0.1035,2.384,-2.522183214557268,0.03411088310470026,-2.5432519863444645,0.1449
1787569773.605443,-2.382561551884332,-0.006247070221324088,-1.9153205859932094,-2.50777340813403,0.04174057233345766,-2.9057131687921314,0.1341,0.990,-2.522183214557268,0.03411088310470026,-2.5432519863444645,0.1453
1787569773.7323215,-2.3816037251348616,-0.005719250638852483,-1.7690602727932354,-2.5227564477242637,0.045626623544055694,-3.1986558214274354,0.1502,1.430,-2.539534887186486,0.04575958171136059,-3.207226740781858,0.1661
1787569773.841186,-2.3805826734771665,-0.003934786285755105,-1.5291275626994558,-2.5254413270432026,0.04883720757202393,-2.2435206649104398,0.1542,0.714,-2.539534887186486,0.04575958171136059,-3.207226740781858,0.1665
1787569773.9013875,-2.3801215844351518,-0.002840808876844514,-1.5422275298824604,-2.4838210714303544,-0.001421224223867113,-1.6887576609872428,0.1037,0.147,-2.4502635269524733,-0.013285563964313506,-1.5837328945133682,0.0709
1787569774.0371444,-2.3790696264137714,-0.0014563984382226908,-1.6994649434501725,-2.4617907909566448,-0.011364692604858546,-1.353743897226953,0.0833,0.346,-2.4359938456964434,-0.015435866398989938,-1.2937501580300552,0.0586
1787569774.1092467,-2.37834199421151,-0.0013600105378515364,-1.7143782828944099,-2.4474984136738627,-0.0002712111899438527,-1.7770188331472467,0.0692,0.063,-2.431942451082485,0.004976880527230495,-1.8554443576792805,0.0540
1787569774.179076,-2.377579901774215,-0.0015208943174199925,-1.6774256353411945,-2.430384888589726,0.005322115578134973,-1.9668133468500462,0.0532,0.289,-2.422112374398816,0.005673279305426169,-1.9629156731213333,0.0451
1787569774.3295112,-2.3761897595211545,-0.0019821403174609567,-1.5058367584472403,-2.423883167741479,0.006401524583412979,-2.0146104255992703,0.0484,0.509,-2.422112374398816,0.005673279305426169,-1.9629156731213333,0.0466
1787569774.3949347,-2.3754206730356446,-0.0018794405096569484,-1.472301806736957,-2.4198490984666674,-0.0050999918866214975,-1.553409175389346,0.0445,0.081,-2.4170529565630723,-0.00857801926968285,-1.5046267081564146,0.0422
1787569774.5186577,-2.3737415046300807,-0.0009383172966243977,-1.514805418043419,-2.417116999838416,-0.010719684385323123,-1.3446340666192833,0.0445,0.170,-2.421030934621842,-0.013028325598976785,-1.3101011018779487,0.0488
1787569774.5845282,-2.37299173579979,-0.00031916655287100745,-1.7124114970899682,-2.3976154064522373,-0.010878248326416718,-1.298169400905541,0.0268,0.414,-2.385585442338528,-0.00808078046350494,-1.44972827978176,0.0148
1787569774.7174332,-2.371470146720411,0.00022888723856522193,-1.7721148347557982,-2.4012477775242504,-0.005290864549905807,-1.7067658463370796,0.0303,0.065,-2.4183274922576716,-0.0020235698351541917,-1.7556556802952832,0.0469
1787569774.8359268,-2.3697807430537425,-0.0001940847089277022,-1.7647950423381205,-2.4020351896296397,-0.0007425710923630547,-1.8668801852554677,0.0323,0.102,-2.4108110603157913,0.002061542279386016,-1.9098087554255476,0.0411
1787569774.903154,-2.369014125535215,-0.0005810553917469334,-1.6092817150194685,-2.395013597928968,-0.0042939848848996464,-1.801724993010404,0.0263,0.192,-2.395651621054112,-0.004635638083919745,-1.8003399398801674,0.0269
1787569774.9742868,-2.3683017970699747,-0.0007919566573500974,-1.333662784065204,-2.3887629625502838,-0.0043679058266554655,-1.8263103563903145,0.0208,0.493,-2.395651621054112,-0.004635638083919745,-1.8003399398801674,0.0276
1787569775.1311035,-2.366389101243188,-0.00039280048386618964,-1.3432647325970182,-2.401336716092747,-0.01255103301247222,-1.182386924644773,0.0370,0.161,-2.412251885708806,-0.015833459027791708,-1.129545191936571,0.0484
1787569775.20009,-2.3654234017189033,0.00019323182934085097,-1.4796991207907155,-2.410282874462704,-0.015412826166139537,-1.136611029625584,0.0475,0.343,-2.4215818104699927,-0.017023945088356307,-1.1039202779028827,0.0587
1787569775.330082,-2.3636776890403928,0.0009550725404376712,-1.7766647530902087,-2.414454650521057,-0.017184995675165012,-1.2076767469512797,0.0539,0.569,-2.422187370790543,-0.017075990469096174,-1.2325351950946637,0.0612
1787569775.4430861,-2.361792578788574,0.000677587775576702,-1.7375795052992022,-2.4113680261262016,-0.01907795300438854,-1.1798042267800029,0.0534,0.558,-2.419135795765187,-0.0038215860591433158,-1.768300429768549,0.0575
1787569775.5043516,-2.360857555588234,0.00027842427941612597,-1.6086102441649925,-2.413861952387136,-0.00814602414481338,-1.639586046564991,0.0537,0.031,-2.419135795765187,-0.0038215860591433158,-1.768300429768549,0.0584
1787569775.6275933,-2.3591395641379536,-0.0002680269511035559,-1.3321681898517195,-2.395873294881971,-0.016465416364004296,-1.0938776853370125,0.0401,0.238,-2.387189461945371,-0.018191003807106067,-1.0760381287952943,0.0333
1787569775.6973524,-2.358206227800645,-0.0001773573155562176,-1.315085869668018,-2.40722002250804,-0.021495991068329515,-0.9651924596750463,0.0534,0.350,-2.421092706055402,-0.021990147373229733,-1.0458001625352193,0.0666
1787569775.7790499,-2.3571728395888125,0.00029453306103804054,-1.2890601149732563,-2.405303371579223,-0.02296182117407264,-0.9298291535221468,0.0535,0.359,-2.421092706055402,-0.021990147373229733,-1.0458001625352193,0.0677
1787569775.922302,-2.3552633462080905,0.0016663005574127734,-1.633376176998226,-2.4534165057063406,-0.03252028981399791,-0.6353782915360588,0.1039,0.998,-2.5073376934620577,-0.043053315090476565,-0.4457719234074529,0.1585
1787569776.0409317,-2.353356930348068,0.0020093123332609293,-1.6582741507112662,-2.4411024171203413,-0.013418489574649944,-1.513627053229609,0.0891,0.145,-2.425835347200206,-0.0071910336652035054,-1.6038493216781282,0.0731
1787569776.0999608,-2.3524087583952573,0.001706612919698835,-1.65883707786175,-2.4414795547871413,-0.014634311215883804,-1.4087526364215268,0.0906,0.250,-2.425835347200206,-0.0071910336652035054,-1.6038493216781282,0.0740
1787569776.2289586,-2.35068691983665,0.0008329788725864925,-1.341779992860447,-2.4206246611043203,-0.015599357806390395,-1.3465245982039542,0.0718,0.005,-2.406982136590861,-0.014769748197460141,-1.3681879277575808,0.0584
1787569776.3315554,-2.3488788738846487,0.0008077852544370154,-1.3179623666087301,-2.420746501372968,-0.016182693535655705,-1.277678630020862,0.0738,0.040,-2.406982136590861,-0.014769748197460141,-1.3681879277575808,0.0602
1787569776.4249132,-2.346876363596482,0.001822709273372141,-1.397796346476916,-2.4197128525189786,-0.0166784536769343,-1.2666993026237459,0.0751,0.131,-2.406982136590861,-0.014769748197460141,-1.3681879277575808,0.0624
1787569776.5181696,-2.3455411113936977,0.0028469607176879862,-1.5542854638563817,-2.452910221883448,-0.05596497941353244,-0.16406445059674243,0.1224,1.390,-2.4815129229159303,-0.06786210355637666,0.04972676019614707,0.1533
1787569776.5890286,-2.3452177484465517,0.0030861113622008014,-1.6350144097473382,-2.4563789761093373,-0.060006066668903575,0.12447902802928015,0.1278,1.759,-2.4815129229159303,-0.06786210355637666,0.04972676019614707,0.1537
1787569776.7028968,-2.3443950625479593,0.0026636060723764223,-1.8550707563242759,-2.425984284190954,-0.00899318774847168,-1.657354771422413,0.0824,0.198,-2.4104642110471706,0.004279470889637577,-1.8632475119841387,0.0661
1787569776.8088381,-2.3435549108241354,0.0016181032314103382,-1.8863244416720644,-2.4260400710469137,-0.009504604166019141,-1.2295445108151253,0.0832,0.657,-2.4104642110471706,0.004279470889637577,-1.8632475119841387,0.0670
1787569776.9063544,-2.3427202049424953,0.0008715990773263136,-1.7219066802653622,-2.458348120430249,-0.047299216149257896,-0.8005737999385876,0.1253,0.921,-2.5011092614071146,-0.06652025334506752,-0.46136165722911726,0.1721
1787569777.011265,-2.341465556673068,0.0011738677057749865,-1.6856058720711053,-2.460005778497351,-0.050490171532435436,-0.6305494393323022,0.1293,1.055,-2.5011092614071146,-0.06652025334506752,-0.46136165722911726,0.1734
1787569777.1437855,-2.3395835101741373,0.002117516425695351,-1.8111222741009403,-2.4647634562484506,-0.05853552035737777,0.6438288769122655,0.1391,2.455,-2.5011092614071146,-0.06652025334506752,-0.46136165722911726,0.1755
1787569777.2438757,-2.338523310607083,0.0017070481616954154,-2.035495236162132,-2.4218365954936463,-0.03209386183432681,-1.1242556216270334,0.0899,0.911,-2.400087171810101,-0.02271111021361793,-1.441762604204801,0.0662
1787569777.3089507,-2.3379419011697773,0.0011899758512743364,-2.162333483372833,-2.4202740163927556,-0.007039343053636668,-2.018252379521174,0.0827,0.144,-2.4236822552449557,0.0005241900519805102,-2.0998750881746777,0.0857
1787569777.3785422,-2.337402693321171,0.00035143373417290894,-2.3502325671064597,-2.4192446293608487,-0.004844427220857399,-2.0832220507246464,0.0820,0.267,-2.4236822552449557,0.0005241900519805102,-2.0998750881746777,0.0863
1787569777.5332525,-2.3364587329221034,-0.001808034705024212,-2.405826145944858,-2.4129171006116144,0.005006228722215737,-2.611788980230121,0.0768,0.206,-2.409632632193888,0.006705584808756864,-2.608866142878339,0.0737
1787569777.6001184,-2.33601021412911,-0.002610342231926084,-2.275161441230122,-2.3944994456199735,0.0005306497458107892,-2.5789146451506557,0.0586,0.304,-2.3829506509336618,-0.002050905105880934,-2.536270062011674,0.0469
1787569777.7224824,-2.33446962201366,-0.002346577208146188,-2.002337578301542,-2.3908377743932037,0.003058407744413123,-2.6757395288380095,0.0566,0.673,-2.3829506509336618,-0.002050905105880934,-2.536270062011674,0.0485
1787569777.846903,-2.3330798892114895,-0.0017294661841292048,-2.0009327554772325,-2.3562010543475287,0.006134995058061525,-2.3880049371334398,0.0244,0.387,-2.334150851735334,0.003806973967073726,-2.2956304525628832,0.0056
1787569777.9080951,-2.332424354454425,-0.0017235590745060538,-2.0699385891313984,-2.347512578981552,0.00948895557112623,-2.4701259347697886,0.0188,0.400,-2.334150851735334,0.003806973967073726,-2.2956304525628832,0.0058
1787569778.032161,-2.3309622007013724,-0.0025071930461953405,-2.251405974747724,-2.392825113822428,0.022910845887304458,-2.7426714833513723,0.0669,0.491,-2.437536195303353,0.03388253207242351,-2.9553344216992246,0.1126
1787569778.103252,-2.330233055998365,-0.003212643204034151,-2.269898919796445,-2.3963923274061463,0.017780645588705353,-2.721904076718776,0.0694,0.452,-2.400773314146558,0.015263880042297407,-2.692381459893597,0.0729
1787569778.1840003,-2.329599412505806,-0.003929873748359195,-2.151406100443836,-2.3950146906049112,0.020861133972103943,-2.79689895691746,0.0700,0.645,-2.400773314146558,0.015263880042297407,-2.692381459893597,0.0737
1787569778.269246,-2.328795923623288,-0.00425224001880755,-2.136537197060081,-2.387125462879688,0.008657194182258783,-2.500917245106683,0.0597,0.364,-2.380189270980384,0.0041560260590523725,-2.4308396618995385,0.0521
1787569778.3659062,-2.3279050766083054,-0.004233800201071199,-2.125432716247864,-2.380786045078641,-4.6877164412420166e-05,-2.3686750166705415,0.0530,0.243,-2.3765290490135036,-0.00396925376298791,-2.3126305811195937,0.0486
1787569778.5245345,-2.3262144847015573,-0.003704733385863767,-2.5007545392037707,-2.369646062632898,0.004805011274403578,-2.4894366944053963,0.0443,0.011,-2.363206166193409,0.0056874411740894006,-2.4953855147273116,0.0382
1787569778.593382,-2.3253785235933657,-0.0037263681448621807,-2.812534633353184,-2.3738645022489764,0.005598875116406264,-2.81197598718639,0.0494,0.001,-2.381773608284883,0.0065183613587048595,-2.8350147947110496,0.0573
1787569778.725318,-2.3234068081760992,-0.00460956381277208,-2.7223084559115676,-2.3712924550301326,0.006457272170089008,-2.8733436949600137,0.0491,0.151,-2.381773608284883,0.0065183613587048595,-2.8350147947110496,0.0594
1787569778.792554,-2.3225055909613994,-0.005244523812357401,-2.5085415473138895,-2.377169980945122,0.004588775427876512,-3.1268048423584496,0.0555,0.618,-2.382751551485014,0.004374463058599409,-3.1287313429725274,0.0610
1787569778.9332054,-2.3206893445209573,-0.00582840208294757,-2.454106418802622,-2.375550767046409,-0.011136553278083354,-2.4114550444178002,0.0551,0.043,-2.3794342579307615,-0.017324246126205638,-2.320737930310823,0.0599
1787569778.9996247,-2.319653562571155,-0.005666684381337371,-2.4356355988547387,-2.3730261353111843,-0.012852230641799387,-2.440817329335801,0.0539,0.005,-2.3794342579307615,-0.017324246126205638,-2.320737930310823,0.0609
1787569779.1067464,-2.317682319143697,-0.004942552558906844,-2.68595530291411,-2.3832024700874053,-0.013816598315766678,-2.354443441530725,0.0661,0.332,-2.394810921657482,-0.012883954985620276,-2.4293758841256654,0.0775
1787569779.2455099,-2.3163434603792594,-0.004695960238956073,-3.019252974647851,-2.3824198358825015,-0.0141757546921781,-3.0032754850264873,0.0668,0.016,-2.394810921657482,-0.012883954985620276,-2.4293758841256654,0.0789
1787569779.3042042,-2.315839413100826,-0.004950065242959878,-3.1234981142329876,-2.3640818050980554,0.008025561574104731,-3.348889627549905,0.0500,0.225,-2.3579421652272523,0.011330103294374557,-3.3881151151879028,0.0451
1787569779.4309478,-2.314581989086944,-0.006371317405097143,-2.938846154208071,-2.364111336130871,0.010198985072110556,-3.6945935231535296,0.0522,0.756,-2.3579421652272523,0.011330103294374557,-3.3881151151879028,0.0468
1787569779.4985929,-2.3139265012776673,-0.00686684780266401,-2.9152198611650304,-2.362602803892754,6.583952931235246e-05,-3.378792113965788,0.0492,0.464,-2.362933401919208,-0.0030036914548207086,-3.3370625337555984,0.0492
1787569779.6333668,-2.3123909394706934,-0.0070488571932441416,-2.8160755865750113,-2.3386526524198605,-0.00903251113550023,-3.028657467192412,0.0263,0.213,-2.325344173526051,-0.010558772081689044,-3.0174478234402122,0.0134
1787569779.706731,-2.311560590383092,-0.006767384206730225,-2.8442655339112193,-2.339122573288728,-0.012409951205337593,-2.853968700447874,0.0281,0.010,-2.3436012155150667,-0.013803494263506022,-2.835427535770895,0.0328
1787569779.7840788,-2.310808913347199,-0.0064012759928381196,-3.0043972196494404,-2.3343539159667865,-0.013776351617330653,-2.88393588445082,0.0247,0.120,-2.3436012155150667,-0.013803494263506022,-2.835427535770895,0.0336
1787569779.917482,-2.309332540896279,-0.006470091014856169,-3.5599651084748336,-2.3470103581088697,-0.006052191404766007,-3.152584536053124,0.0377,0.407,-2.3588548782014476,-0.0037637354306488758,-3.1913614057347184,0.0496
1787569780.0446303,-2.3074200831286302,-0.008764038746686565,-3.417562432805142,-2.36204670765768,-0.010278963010845561,-3.6702993290204047,0.0546,0.253,-2.377418386950926,-0.010129445265921095,-3.688174849455656,0.0700
1787569780.1098573,-2.3066858067408424,-0.009477200579495654,-3.389372589831468,-2.3611574942405262,-0.011519238029460095,-3.522669429384326,0.0545,0.133,-2.3566301118680073,-0.011990977994147127,-3.571813794905188,0.0500
1787569780.1761622,-2.3059114133685816,-0.010042887088087527,-3.3415120549916937,-2.35872010491886,-0.011874781597490591,-3.5748893763982146,0.0528,0.233,-2.3566301118680073,-0.011990977994147127,-3.571813794905188,0.0508
1787569780.3434384,-2.3041352376000814,-0.01019307966718836,-3.1626170710351054,-2.334800127609833,-0.026828287430345314,-3.112172651207424,0.0349,0.050,-2.3163578737873447,-0.028430625424730793,-3.1101243635758715,0.0220
1787569780.4414964,-2.3025221415654444,-0.009660272036330507,-3.3493505255930844,-2.3293935212485364,-0.0307736510438806,-3.1530637647575612,0.0342,0.196,-2.3163578737873447,-0.028430625424730793,-3.1101243635758715,0.0233
1787569780.5386648,-2.3008046524240484,-0.01009412662477988,-3.371196812499712,-2.355009708204725,-0.014436304518525749,-3.300438998056151,0.0544,0.071,-2.375275623848436,-0.009279416134025201,-3.3861158531612143,0.0745
1787569780.632382,-2.299069769347404,-0.011526919157515504,-3.5144623798805914,-2.354063748562987,-0.015415549891798622,-3.3563943928196327,0.0551,0.158,-2.375275623848436,-0.009279416134025201,-3.3861158531612143,0.0762
1787569780.7370403,-2.2983066651027264,-0.012098032863496592,-3.680067650564728,-2.3768349612717783,-0.008487845875593801,-3.7578378774460486,0.0786,0.078,-2.389571372156591,-0.008311537027520898,-3.765839694347577,0.0913
1787569780.7983778,-2.298036294792878,-0.012148699616189827,-3.6481277483391827,-2.377784369882289,-0.010722282795520274,-3.980627171029587,0.0798,0.332,-2.3759529435559723,-0.012242629077776753,-3.956888065165059,0.0779
1787569780.90472,-2.297285415261079,-0.011593397088641162,-3.5665118089425047,-2.3793091055805187,-0.01187912085374658,-3.4991304583802236,0.0820,0.067,-2.3759529435559723,-0.012242629077776753,-3.956888065165059,0.0787
1787569781.0004957,-2.2965031631444193,-0.009921406825955256,-3.534792638672155,-2.348913392508173,-0.025273995427772353,-3.404094642598272,0.0546,0.131,-2.3318142028811715,-0.026000651464827988,-3.4072154690396896,0.0388
1787569781.10146,-2.295690048300533,-0.008557559208246895,-3.7291367036901892,-2.3472643658241044,-0.027125509773977628,-3.4288196338325165,0.0548,0.300,-2.3318142028811715,-0.026000651464827988,-3.4072154690396896,0.0401
1787569781.2032201,-2.2945842662985814,-0.008276369740275279,-3.793813860405453,-2.3466139049758725,-0.009006728817938688,-3.9970711745437537,0.0520,0.203,-2.349392671628593,-0.004989431102965314,-4.0535712708083596,0.0549
1787569781.3148978,-2.293399348443167,-0.008731843512218312,-3.7592375394908295,-2.345157701256964,-0.008543808199934009,-4.059373537743826,0.0518,0.300,-2.349392671628593,-0.004989431102965314,-4.0535712708083596,0.0561
1787569781.4227905,-2.291888225519692,-0.009142196515727933,-3.581615178402854,-2.343831927622531,-0.008110906184989271,-4.116156900498807,0.0520,0.535,-2.349392671628593,-0.004989431102965314,-4.0535712708083596,0.0577
1787569781.5286152,-2.28972956073879,-0.008667827444210378,-3.523262791697815,-2.2989834122393598,-0.020644908418602913,-3.524218702897924,0.0151,0.001,-2.287177377647132,-0.022161118691444655,-3.5029293680115874,0.0137
1787569781.6193957,-2.2873673875137586,-0.007369084825761044,-3.573399525530205,-2.292079049342614,-0.02165467667945211,-3.544869531066171,0.0150,0.029,-2.287177377647132,-0.022161118691444655,-3.5029293680115874,0.0148
1787569781.7231228,-2.2853810273234494,-0.006118446479051089,-3.7341055326201773,-2.2952184988889295,-0.025493506127990534,-3.324192878015129,0.0217,0.410,-2.299898868088156,-0.02484308023302422,-3.4332006945382316,0.0237
1787569781.8290737,-2.2836640796526,-0.005759048608383938,-3.901392434215579,-2.312710874372179,-0.015619330235434672,-3.7736489092568624,0.0307,0.128,-2.3350084378240266,-0.010312313863308966,-3.8659115827930415,0.0515
1787569781.9470365,-2.2818256116557762,-0.006242593136957974,-4.016412642343518,-2.3305979709228923,-0.006234270226094088,-4.032147300423562,0.0488,0.016,-2.3663494027146257,-0.0021035491628691536,-4.075128040153229,0.0846
1787569782.0149903,-2.280967996438589,-0.006704252385215919,-3.9415530613075025,-2.329733506878951,-0.0048839933452185895,-4.090939978395589,0.0488,0.149,-2.3663494027146257,-0.0021035491628691536,-4.075128040153229,0.0855
1787569782.1457996,-2.2793422027883117,-0.007156564801396316,-3.485553763388258,-2.3377609504080996,-0.016358672244488646,-3.94037026907505,0.0591,0.455,-2.347198937756137,-0.018220608699955745,-3.9861059256613163,0.0688
1787569782.2138352,-2.2789845412207312,-0.007045188504904408,-3.0006084929254135,-2.33800379012453,-0.018504047759276446,-2.904732445680702,0.0601,0.096,-2.347198937756137,-0.018220608699955745,-3.9861059256613163,0.0691
1787569782.3407526,-2.2782667936023384,-0.0062432304597243105,-2.2561321524751854,-2.4030410096237635,-0.062170615975231276,-1.904259628363797,0.1367,0.352,-2.42943696580522,-0.07208515403656875,-1.7056460736335235,0.1649
1787569782.407959,-2.2781490079616584,-0.005948930462560132,-2.041772100205958,-2.3952310558102847,-0.05959171938058478,-1.8291237387543375,0.1288,0.213,-2.42943696580522,-0.07208515403656875,-1.7056460736335235,0.1651
1787569782.4901872,-2.277985936779422,-0.0058713640625333635,-1.8481573411927015,-2.3957260085104055,-0.060003997356439125,-1.784582291100997,0.1296,0.064,-2.42943696580522,-0.07208515403656875,-1.7056460736335235,0.1653
1787569782.6364725,-2.2775502859518904,-0.006785895906210065,-1.4882098526616048,-2.3557167585807393,-0.0028371504495844357,-2.089858209023505,0.0783,0.602,-2.3344201306763077,0.004706042476600659,-2.1671011509019382,0.0580
1787569782.7394829,-2.2777933311518574,-0.007738696107079812,-0.7719939867611414,-2.3558327809522326,-0.0023012886375878942,-2.0405551761173952,0.0782,1.269,-2.3344201306763077,0.004706042476600659,-2.1671011509019382,0.0580
1787569782.8456483,-2.277966708536157,-0.007278252136757965,-0.21654307566544542,-2.329708147693874,-0.01671084993570429,-0.43601274936843254,0.0526,0.219,-2.3150774775905854,-0.01927527405409214,-0.41009540652742815,0.0390
1787569782.9359205,-2.2775344011971885,-0.006102192171978731,-0.12247315611384033,-2.2976459497708532,-0.01811998586221814,-0.1757690982115102,0.0234,0.053,-2.265533196396302,-0.01691111579288039,-0.21863573030846353,0.0162
1787569783.0451102,-2.276110432692459,-0.00534678770995008,-0.15761712935486785,-2.2956923376880853,-0.018195753626669225,-0.05398931635859792,0.0234,0.104,-2.265533196396302,-0.01691111579288039,-0.21863573030846353,0.0157
1787569783.1128669,-2.275305739500798,-0.00524056476073302,-0.2521502624887999,-2.2651300466914335,-0.003006937368564321,-0.19601317382204453,0.0104,0.056,-2.2521081033715724,-0.00011851810050876551,-0.22720889623106272,0.0238
1787569783.1983426,-2.2743100257754323,-0.005476428118831356,-0.3163262230525802,-2.2689429770566245,0.005597829804633793,-0.5168062237436349,0.0123,0.200,-2.275036764669566,0.008629194938810522,-0.5620734436233767,0.0141
1787569783.3465016,-2.2722807702061916,-0.006671211215286058,-0.06885144457974758,-2.2654869802400435,0.007381175429885398,-0.4266856982119485,0.0156,0.358,-2.275036764669566,0.008629194938810522,-0.5620734436233767,0.0155
1787569783.4152946,-2.271333867601087,-0.007124471003505941,0.23004377204971097,-2.2751625424094084,0.015300987822251734,-0.6725723221892999,0.0227,0.903,-2.281457291821597,0.017716018905356495,-0.7085182765837279,0.0268
1787569783.4859216,-2.2697136620986664,-0.006938058458341859,1.0402057579169457,-2.292839163552277,-0.008704841178703526,0.34153464938414285,0.0232,0.699,-2.3081906903545057,-0.01768284177343998,0.46863822094958774,0.0399
1787569783.6049795,-2.2661802780004727,-0.00587017011839489,2.5067648615961073,-2.292490301530534,-0.009017861707605952,0.4755646657821142,0.0265,2.031,-2.3081906903545057,-0.01768284177343998,0.46863822094958774,0.0436
1787569783.7396393,-2.261201628235371,-0.005613326187780768,3.4092220770834336,-2.292013477560539,-0.008106267322093045,-0.595700137692607,0.0309,4.005,-2.3081906903545057,-0.01768284177343998,0.46863822094958774,0.0485
1787569783.8417299,-2.257759678541104,-0.0064907885582443725,3.9064269376773693,-2.3441472625693236,0.05452908863544988,1.7392233015851566,0.1058,2.167,-2.3991507437285766,0.07180904466956349,1.609589201799375,0.1616
1787569783.937419,-2.2543627003631728,-0.008029394882721714,4.582643422538109,-2.3503849179265544,0.062149615691507606,1.9749795788144118,0.1189,2.608,-2.3991507437285766,0.07180904466956349,1.609589201799375,0.1653
1787569784.0478027,-2.252422411136923,-0.007777296762754271,5.062599542639164,-2.33908529631146,0.05342677361069483,0.7145103524629149,0.1061,4.348,-2.3991507437285766,0.07180904466956349,1.609589201799375,0.1669
1787569784.095733,-2.2513546620053146,-0.00736255837293508,5.337365643488881,-2.339114582080357,0.053630892779720614,0.739234811984724,0.1069,4.598,-2.3991507437285766,0.07180904466956349,1.609589201799375,0.1677
1787569784.2142642,-2.2492868054426225,-0.005680255477108091,5.927162590318001,-2.339112026533032,0.05365228174977374,0.7387245551175492,0.1077,5.188,-2.3991507437285766,0.07180904466956349,1.609589201799375,0.1687
1787569784.345966,-2.2478909542500465,-0.004075610565162445,6.083562864486931,-2.339190930352618,0.05372533816970176,0.757086576457733,0.1081,5.326,-2.3991507437285766,0.07180904466956349,1.609589201799375,0.1692
1787569784.3975718,-2.247374473874009,-0.003725045145208888,6.054141327212536,-2.339177586488498,0.05372342090169627,0.7532232495912808,0.1083,5.301,-2.3991507437285766,0.07180904466956349,1.609589201799375,0.1695
1787569784.5193622,-2.2461571280039148,-0.003605377980942079,6.022179897183671,-2.339306290242249,0.05390300176291693,0.2693622882551515,0.1095,5.753,-2.3991507437285766,0.07180904466956349,1.609589201799375,0.1706
1787569784.6300278,-2.2449705521791294,-0.004096465894451395,6.327721303171145,-2.3393145112918816,0.05390700093976698,0.27109157091348063,0.1107,6.057,-2.3991507437285766,0.07180904466956349,1.609589201799375,0.1719
1787569784.6931193,-2.244958649631189,-0.004038472602879366,6.327232860068184,-2.339317196309183,0.053907946983524295,0.27159423955258605,0.1107,6.056,-2.3991507437285766,0.07180904466956349,1.609589201799375,0.1718
1787569784.8456984,-2.244790653818175,-0.002257668060231802,6.431925349036012,-2.339346241540854,0.05391096959892272,0.27369824286646854,0.1100,6.158,-2.3991507437285766,0.07180904466956349,1.609589201799375,0.1712
1787569784.9332178,-2.245456812573001,-0.0008239789753844808,6.3435688312490415,-2.343906971730185,-0.005848093903977031,6.878258038840233,0.0986,0.535,-2.3533353420446064,-0.013583180439668356,7.013016166560971,0.1086
1787569785.0373142,-2.2467559962069137,-0.00024550624508251823,6.152431247691001,-2.3439764767366165,-0.0060678285277933584,6.951411267362268,0.0974,0.799,-2.30863264346175,0.008636458538479093,6.345163848955247,0.0625
1787569785.0874531,-2.247301830042207,-0.0002797099820297192,6.043946447785695,-2.325255236086464,0.005257236869441179,6.39760309043968,0.0781,0.354,-2.30863264346175,0.008636458538479093,6.345163848955247,0.0620
1787569785.2219427,-2.2477896209367674,-0.001287115860034253,5.9838213579708555,-2.2909761271158895,0.02334492263002442,5.923842317105591,0.0497,0.060,-2.2672003079065055,0.027080653956079982,5.8891918898845566,0.0344
1787569785.3237407,-2.2481178347222492,-0.0028965569377755324,6.568731514480072,-2.289620908467526,0.024301844792256857,5.968848072486122,0.0496,0.600,-2.2412274718703413,0.007372383499789099,6.2706340222725485,0.0124
1787569785.4325602,-2.24740203616899,-0.0031486563525947257,6.5483324128935765,-2.2565641594064716,0.009817444981627827,6.251171778950556,0.0159,0.297,-2.2412274718703413,0.007372383499789099,6.2706340222725485,0.0122
1787569785.534725,-2.2464964417982682,-0.0025407658195743957,6.503151755355227,-2.2443750450032574,0.004665545982292892,6.740295264014317,0.0075,0.237,-2.239258913355378,0.0032146741713440607,6.756641828220617,0.0092
1787569785.5853875,-2.245881148933292,-0.0024836210817543616,6.416824394923539,-2.2400025986337893,0.0040379683995795295,6.826808733951421,0.0088,0.410,-2.239258913355378,0.0032146741713440607,6.756641828220617,0.0087
1787569785.701984,-2.2438924531100217,-0.0028561409883959515,6.016520252881224,-2.25944730544559,0.022345391711137474,6.270787934158679,0.0296,0.254,-2.271095526694993,0.02693088216283797,6.210852102032508,0.0403
1787569785.8161602,-2.2412453403043617,-0.0042171400437964815,5.741805986839197,-2.2496869909160115,0.025047131837449717,5.760211905387324,0.0305,0.018,-2.2442243069764753,0.025257156383569627,5.761398661536304,0.0296
1787569785.9273763,-2.2385103157470443,-0.006202295053534939,5.83978686111295,-2.2556291829561244,0.008600312739965504,5.78041840718598,0.0226,0.059,-2.263310343972717,0.0031729550131069156,5.845661502335588,0.0265
1787569786.03321,-2.2363245771781597,-0.006974536527613468,5.901982173044433,-2.2541405261599294,0.008020671688941928,5.785922484907039,0.0233,0.116,-2.263310343972717,0.0031729550131069156,5.845661502335588,0.0288
1787569786.1496964,-2.234044454572001,-0.00682823268656457,5.923760217388569,-2.319513393797605,-0.019982449251603793,6.473584094572296,0.0865,0.550,-2.3586570862921197,-0.025062469450364857,6.514161016464844,0.1259
1787569786.2131307,-2.2329680499067313,-0.006518630569080031,5.801497892051508,-2.316886008090813,-0.0011493478521298547,6.062059078675019,0.0841,0.261,-2.304741863388963,0.00680195704327761,5.945080896943777,0.0730
1787569786.342753,-2.2312891909458585,-0.0062705448715401416,5.453495273436736,-2.32093637104984,-0.0022850269718114207,6.079536303819866,0.0897,0.626,-2.278183962353464,0.01050271826954758,5.495428089825579,0.0498
1787569786.409041,-2.2305457441771144,-0.0064950770911215774,5.34539423682261,-2.2986692411036103,0.009677381357827424,5.191809197408185,0.0700,0.154,-2.278183962353464,0.01050271826954758,5.495428089825579,0.0506
1787569786.5469306,-2.22902075128283,-0.00786949272105105,5.099404508345314,-2.2874994763818046,0.02341558234587395,4.999487831232497,0.0663,0.100,-2.275365047787612,0.023704097633907878,5.017870574920126,0.0561
1787569786.621033,-2.2288427652843246,-0.007938757385578931,5.0531794513665735,-2.269607304145369,0.01596333806320613,4.866481618789412,0.0473,0.187,-2.254350756464401,0.012496599952333853,4.930153938547771,0.0327
1787569786.694442,-2.228643660657444,-0.007766835439479037,5.045625961753523,-2.2683415280668746,0.01657238993775405,4.816465214039522,0.0466,0.229,-2.254350756464401,0.012496599952333853,4.930153938547771,0.0327
1787569786.8468866,-2.227671470178207,-0.00620496127640276,4.925664659268121,-2.2558754535364467,0.00489375584992232,5.034106532495634,0.0303,0.108,-2.250817405489207,0.0016740951956254935,5.078118595271308,0.0245
1787569786.9394464,-2.226779916723047,-0.004668799963202114,4.6338117376277825,-2.2522883975764296,0.003938152949903531,4.983027994357527,0.0269,0.349,-2.250817405489207,0.0016740951956254935,5.078118595271308,0.0249
1787569787.0014133,-2.2261961171231577,-0.0042009397539454485,4.603720309718978,-2.2362043137480896,0.013121438108640672,4.501458126430167,0.0200,0.102,-2.231636372629207,0.013856237447743381,4.494769659045163,0.0189
1787569787.1391604,-2.224846191644509,-0.003966455292527607,4.598834839930523,-2.2315557091459532,0.01346320258965526,4.427105229007629,0.0187,0.172,-2.231636372629207,0.013856237447743381,4.494769659045163,0.0191
1787569787.2106822,-2.2241784695828963,-0.004111213392866591,4.723781173242771,-2.2310383130994373,0.010525668964739027,4.634874634741926,0.0162,0.089,-2.2311674564787136,0.009538940759306424,4.648615039980444,0.0153
1787569787.3114295,-2.2228487722221146,-0.003889926241128504,5.000132685456993,-2.2235885511676132,0.012891116069280001,4.9269035638126715,0.0168,0.073,-2.2234418373358467,0.013033582527892475,4.926474303056785,0.0169
1787569787.4184082,-2.2211042198964615,-0.0025570623641095833,4.861944650413256,-2.219267082811514,0.013154700690773282,4.901025336852706,0.0158,0.039,-2.2234418373358467,0.013033582527892475,4.926474303056785,0.0158
1787569787.5358977,-2.2190727657963114,-0.0009917213570383124,4.619083986647904,-2.2366209623218625,0.007269842024027279,4.7621396862543595,0.0194,0.143,-2.238695406950808,0.011767532735918866,4.701601067845632,0.0234
1787569787.606083,-2.2177107811094414,-0.0005830080727483736,4.42124737121627,-2.2345384974318767,0.011225265594911429,4.642218131767565,0.0206,0.221,-2.2342599742287925,0.013161102871476607,4.616659699640197,0.0215
1787569787.7379708,-2.21484194653839,-0.0005045768185854002,4.050322239740038,-2.2316784184211436,0.011429770101797732,4.589038422693791,0.0206,0.539,-2.2342599742287925,0.013161102871476607,4.616659699640197,0.0237
1787569787.7889733,-2.2133761347091627,-0.0008269290734432444,3.8990435122894698,-2.2415692490555217,0.019741120220962236,4.0638338607034825,0.0349,0.165,-2.2534277121506867,0.023469896302592146,4.001028332375105,0.0468
1787569787.9247327,-2.2106509375936803,-0.0015916786262806634,3.9348623237043787,-2.241905997265008,0.01207629845007633,3.8257075698662804,0.0341,0.109,-2.24310244544181,0.009716315012637705,3.8552768629259075,0.0344
1787569788.0237696,-2.20823230743916,-0.0009121319692618555,3.9805599818517234,-2.240284940894035,0.012229117883190968,3.68469509488876,0.0346,0.296,-2.24310244544181,0.009716315012637705,3.8552768629259075,0.0365
1787569788.1247566,-2.20591145425295,0.00076758252113226,4.0470828078787715,-2.254813512869425,0.003996535617611227,4.0257802241263185,0.0490,0.021,-2.2694369388407,0.002006236843566252,4.056501520113729,0.0635
1787569788.2318637,-2.204791168753097,0.0019678573199494506,3.9444840556946863,-2.2556215668068593,0.002771590479074199,3.931301059187287,0.0508,0.013,-2.2694369388407,0.002006236843566252,4.056501520113729,0.0646
1787569788.3143868,-2.2034232494868675,0.002471083212614985,3.7234837250784083,-2.294132448479791,0.04267145834961644,3.014812850661191,0.0992,0.709,-2.335747611317225,0.05811895987402399,2.847580619442315,0.1435
1787569788.4416986,-2.2021356652204247,0.001975918995729549,3.505514535637123,-2.3173147480583483,0.04574094267998474,2.982830592310029,0.1232,0.523,-2.335556221601286,0.04427581656220553,3.0116350614387986,0.1400
1787569788.5357935,-2.2011243089014956,0.0009162448586011832,3.712871664287533,-2.324647278560004,0.04991106411849175,2.849143687404654,0.1329,0.864,-2.335556221601286,0.04427581656220553,3.0116350614387986,0.1413
1787569788.6292312,-2.199717843746967,0.0009256695848648133,3.739943023501475,-2.2356599963012544,-0.02069139982944699,4.6161910692817365,0.0419,0.876,-2.202363847065629,-0.02737630584483473,4.665814436647816,0.0284
1787569788.750114,-2.1983092111414213,0.0019424906394225996,3.8914151661220657,-2.2327449365304686,-0.025047567331304775,4.625776034050568,0.0438,0.734,-2.202363847065629,-0.02737630584483473,4.665814436647816,0.0296
1787569788.8399909,-2.1976980445129146,0.0027119617374976265,3.8429312693351134,-2.232937755693009,-0.013500865568697196,4.307907962712611,0.0388,0.465,-2.2315468531941653,-0.007890215763367943,4.221050949080382,0.0355
1787569788.9080596,-2.197347177977706,0.0030577337645975866,3.8266049173671854,-2.228725209686468,-0.01793281697602752,4.286961735377072,0.0378,0.460,-2.2432691123653865,0.0012773863204040843,3.97045212234835,0.0460
1787569789.0261457,-2.1963990264743,0.0029573478945377884,3.7745011468607648,-2.2376171569993155,-0.002077409643711621,4.011969319941541,0.0415,0.237,-2.2654656144575025,0.009040849708833096,3.901915081296707,0.0693
1787569789.0909047,-2.1958669769771517,0.002609837939682436,3.81578599018248,-2.247721111033247,0.005593461080144856,3.9506458208514847,0.0519,0.135,-2.2654656144575025,0.009040849708833096,3.901915081296707,0.0699
1787569789.2230277,-2.1948375209058626,0.001886352873974997,3.999012228313165,-2.2530861066916152,0.0008332010396940714,4.086255106336758,0.0583,0.087,-2.257902674601678,-0.0007409179638030962,4.112724769672566,0.0631
1787569789.3230958,-2.193593769413846,0.0021312475152520114,4.079930161193015,-2.253152057847858,-3.6537769953092195e-05,4.058290123585855,0.0596,0.022,-2.257902674601678,-0.0007409179638030962,4.112724769672566,0.0644
1787569789.4174278,-2.192315978120486,0.003048033953555178,4.011384384525654,-2.2282584545543007,-0.0017927639320287668,4.397840664656557,0.0363,0.386,-2.215715353172594,-0.0013742138020146472,4.380879345813236,0.0238
1787569789.532725,-2.1911230892429288,0.003931731134933554,3.8374028004511267,-2.2255597490891925,-0.002675048183100157,4.401273355739291,0.0351,0.564,-2.215715353172594,-0.0013742138020146472,4.380879345813236,0.0252
1787569789.6307461,-2.1896752734263636,0.004001262292356994,3.7677590365031164,-2.2230159648391625,-0.0035087026120733506,4.40446326738719,0.0342,0.637,-2.215715353172594,-0.0013742138020146472,4.380879345813236,0.0266
1787569789.7372568,-2.18805929335002,0.003383322099495348,3.806321682551521,-2.2021846464732806,0.01301637834338771,3.7735561908214343,0.0171,0.033,-2.1964244983863987,0.015393197659368927,3.7406326222877895,0.0146
1787569789.830271,-2.1866258897097866,0.002530163991320693,4.226958448374995,-2.1947937052654503,0.014492168340718448,3.710729813191377,0.0145,0.516,-2.1964244983863987,0.015393197659368927,3.7406326222877895,0.0162
1787569789.9190745,-2.1850780629015287,0.002667421899318184,4.244424170536916,-2.2150471047966143,0.004796203573088098,4.471759989108447,0.0300,0.227,-2.22926785212044,0.002640949159401539,4.41758026945192,0.0442
1787569790.01772,-2.1833699320135453,0.0037800306228416825,4.1955644329568305,-2.2126266238996415,0.004681792703964481,4.486493130892167,0.0293,0.291,-2.22926785212044,0.002640949159401539,4.41758026945192,0.0459
1787569790.1254666,-2.1812950485533236,0.0048602457899924,4.062072500802412,-2.2168613860249287,-0.0003958755124673788,4.337114477184367,0.0360,0.275,-2.2200343792622874,-0.0014090569839504588,4.353094246448882,0.0392
1787569790.2343524,-2.178976641439847,0.004872783819387276,3.9084832020095677,-2.2143053193017326,-0.0013998018733583394,4.369554899771617,0.0359,0.461,-2.1900695584490713,0.017586866144219945,4.045381410973789,0.0169
1787569790.2907636,-2.1777259815306804,0.004563760569001889,3.8301760892764443,-2.197010944208458,0.014300803094748217,4.090294447424293,0.0216,0.260,-2.1900695584490713,0.017586866144219945,4.045381410973789,0.0179
1787569790.4017875,-2.17511785344243,0.003357894380438082,3.8257667076325417,-2.1927959257235536,0.016898308775177732,3.1847545180496626,0.0223,0.641,-2.1900695584490713,0.017586866144219945,4.045381410973789,0.0206
1787569790.5075347,-2.173965169288311,0.0036485422364008514,3.6355222723455394,-2.222965416206453,0.01686723099042633,3.7995995545571226,0.0508,0.164,-2.252109304795607,0.015237967586550577,3.8325779644772444,0.0790
1787569790.6079972,-2.1727964179463544,0.004707121160852209,3.5176182790016455,-2.2227736325461382,0.018313027911439288,3.7615210423085315,0.0518,0.244,-2.252109304795607,0.015237967586550577,3.8325779644772444,0.0800
1787569790.7124183,-2.1717017106370036,0.006785316713896312,3.4326356813947387,-2.23391934923778,0.002030841382904998,3.8360212250965633,0.0624,0.403,-2.2395282752798757,0.0003902510700530965,3.770107908054564,0.0681
1787569790.8264494,-2.170642841326263,0.008661745016532243,3.2086179059703714,-2.235402202656195,0.0009388697406016753,3.804230047110759,0.0652,0.596,-2.241602333904593,0.01339569145879635,3.3190964227885043,0.0711
1787569790.8883116,-2.169965419238827,0.009177184509878781,3.1631698034324454,-2.2399524555607786,0.010725910619321391,3.383487341299817,0.0700,0.220,-2.241602333904593,0.01339569145879635,3.3190964227885043,0.0718
1787569791.0222828,-2.1684341852126114,0.00949915315366157,3.123051241537522,-2.222986077076903,0.018711373132138453,3.210472334654185,0.0553,0.087,-2.2393859694614773,0.01884494598066991,3.22530566928774,0.0716
1787569791.086082,-2.1676883750530522,0.009398661329691685,3.2370461522308847,-2.2227005178587578,0.01999124190113074,3.1489153598205446,0.0560,0.088,-2.2393859694614773,0.01884494598066991,3.22530566928774,0.0723
1787569791.2211866,-2.1663382006928913,0.009683088054315406,3.773814963136237,-2.2186744468039463,0.009598708958064615,3.4793263682939006,0.0523,0.294,-2.215971201115248,0.006542917485977055,3.5204585334456837,0.0497
1787569791.327166,-2.16514604672295,0.01057204313655246,3.8678066709594194,-2.220548986610978,0.006469109047141424,3.9958659308000306,0.0556,0.128,-2.2230292103096834,0.00515876000494085,4.018818646989551,0.0581
1787569791.4324713,-2.164414920032802,0.011651089951571988,3.787493559319831,-2.2201727834342018,0.006085847390234867,4.003047116182602,0.0560,0.216,-2.2230292103096834,0.00515876000494085,4.018818646989551,0.0590
1787569791.5310473,-2.1639786368205685,0.011995854158980307,3.6362479577663986,-2.2012340424089345,0.01644148404514123,3.876975523195047,0.0375,0.241,-2.193532706836682,0.018365376681144182,3.8508036272651576,0.0302
1787569791.6266375,-2.163123676026047,0.011375206618796619,3.581816240417061,-2.198183498459995,0.017500053870058405,3.874782275998984,0.0356,0.293,-2.193532706836682,0.018365376681144182,3.8508036272651576,0.0312
1787569791.7338855,-2.16206751543562,0.009962370674554983,3.8618376160698573,-2.1986023270376656,0.026979647593361494,3.493522882686486,0.0403,0.368,-2.19936445597926,0.028872155686820552,3.4675470113596876,0.0418
1787569791.8052309,-2.16163453885375,0.009315310010143657,4.147852050254281,-2.1870508530117494,0.016709021696369206,3.9464305319375055,0.0265,0.201,-2.181633811219642,0.013609809392915584,3.985194779610579,0.0205
1787569791.9384935,-2.1601653878052964,0.009479947864342331,4.135258615493672,-2.1836597475341133,0.017211735918612015,3.952936550474872,0.0247,0.182,-2.181633811219642,0.013609809392915584,3.985194779610579,0.0219
1787569792.0052595,-2.1593932719127626,0.009952760980714114,4.050076088060184,-2.1775422037015,0.012097816336234902,4.342776695797983,0.0183,0.293,-2.175212324594348,0.010964628705412842,4.355576470213903,0.0159
1787569792.1320627,-2.1577387318554253,0.010814801547201292,3.7997895612901047,-2.1531406524298116,0.009547964306387751,4.289638096377862,0.0048,0.490,-2.141645994686541,0.009372151597091543,4.281093925821042,0.0162
1787569792.1934817,-2.1566851057526315,0.01086238946116304,3.763459845753862,-2.15454887534619,0.02095694986197874,3.722218566541432,0.0103,0.041,-2.1604461333110785,0.024435889224622073,3.674983815513749,0.0141
1787569792.3070397,-2.15442577258385,0.010375088150294675,3.747414967427202,-2.149132311021242,0.02190879683273652,3.706575734155623,0.0127,0.041,-2.1604461333110785,0.024435889224622073,3.674983815513749,0.0153
1787569792.4340909,-2.1523382874281265,0.009512611329556003,3.8806078919872395,-2.164679762089347,0.018322344259146757,3.9350025732282834,0.0152,0.054,-2.164497419763569,0.015872905734914268,3.969923391563689,0.0137
1787569792.5002234,-2.1513646214366116,0.009345594949001234,3.948635905591513,-2.1613146346396026,0.01878232804746431,3.9380638540764443,0.0137,0.011,-2.164497419763569,0.015872905734914268,3.969923391563689,0.0147
1787569792.6242747,-2.149289988863179,0.009865573365684933,4.0601416587312205,-2.1831656370946146,0.0049734695662938325,4.32523218554543,0.0342,0.265,-2.2019987729937878,0.0007869709032485701,4.402481629623131,0.0535
1787569792.6874976,-2.14829215827753,0.010400531788950033,3.992930264879302,-2.1840054807236347,0.00303857570514197,4.421793073006499,0.0365,0.429,-2.2019987729937878,0.0007869709032485701,4.402481629623131,0.0546
1787569792.8245091,-2.146428035259183,0.011124838535889286,3.538095820756182,-2.1886595594898384,0.010076389646320297,4.251961642964607,0.0422,0.714,-2.1952482161659965,0.01272653012518328,4.20936586351532,0.0488
1787569792.8899293,-2.145348435022627,0.010738893116705962,3.548226218728158,-2.2541862102061616,-0.022664675430060795,4.669182885454095,0.1138,1.121,-2.3033217580250316,-0.027306496656494553,4.688570663790453,0.1625
1787569793.032926,-2.143124437598779,0.009259756198416434,3.7597038753313727,-2.261557354821242,-0.027015910795319707,4.719677939118495,0.1239,0.960,-2.3033217580250316,-0.027306496656494553,4.688570663790453,0.1643
1787569793.0870533,-2.1425803789458673,0.00865928914352599,3.794068513973616,-2.237115531547097,0.008324150766798679,3.8131201167360644,0.0945,0.019,-2.208568960029348,0.018838890616214844,3.6488242576299825,0.0668
1787569793.2119815,-2.1414029688636362,0.008183895011929985,3.9373493758073943,-2.230247465820123,0.008365851854911814,4.095168883300163,0.0888,0.158,-2.2221658746696695,0.00856840357041923,4.0867319159910815,0.0808
1787569793.3131118,-2.14017037740256,0.008576255701226474,3.9209280612046946,-2.2347200661291167,0.008459136545581353,4.101058666476338,0.0945,0.180,-2.2221658746696695,0.00856840357041923,4.0867319159910815,0.0820
1787569793.4308429,-2.138965742230117,0.008888583397287483,3.7497690681322084,-2.213631300423613,0.0161517021627543,4.026997370926606,0.0750,0.277,-2.199143242884859,0.018409636529373538,3.981666044000341,0.0609
1787569793.49467,-2.138198512292832,0.008694041818528356,3.722246931169876,-2.1991186245393,0.02875734900486924,3.589064574255554,0.0641,0.133,-2.188803086033813,0.0290922424978626,3.5972612779765045,0.0546
1787569793.6265376,-2.1365118048424603,0.007621308605467723,3.755855759261016,-2.1985101571848666,0.031170221011390324,3.555515320160953,0.0663,0.200,-2.188803086033813,0.0290922424978626,3.5972612779765045,0.0565
1787569793.68855,-2.135701215350091,0.006877391894995359,3.9033652470415654,-2.2004813306829765,0.03295168204623778,3.450793648317086,0.0698,0.453,-2.200899352339013,0.03172578221098375,3.473577950075244,0.0698
1787569793.8090763,-2.134110165853669,0.006049718377647364,4.194637032236191,-2.1878178296367956,0.03110461720636533,3.6772246192459717,0.0593,0.517,-2.176990594684388,0.027341746010573945,3.7456762268800756,0.0479
1787569793.9198902,-2.132375369062421,0.00652641604566049,4.211694053965865,-2.1866344402241453,0.03349386242002601,3.349226053446767,0.0606,0.862,-2.178417895249774,0.023196557554439532,3.9906249622962497,0.0490
1787569794.0329168,-2.1309109237734445,0.00761423238983489,3.8839700340890286,-2.182162059855753,0.02621661637919933,3.94144092526631,0.0545,0.057,-2.178417895249774,0.023196557554439532,3.9906249622962497,0.0500
1787569794.1427789,-2.129254046134284,0.007896416577912378,3.8493327132826836,-2.2105447405064442,0.05915292179026813,2.7022315234866827,0.0961,1.147,-2.2526093004041634,0.07578201593449761,2.597710698839316,0.1408
1787569794.2060647,-2.128347863095386,0.007668766289100892,3.775255070587614,-2.224866710095331,0.06232560074265274,3.002804966646988,0.1109,0.772,-2.237808454754703,0.06353132215004734,2.9734629024063097,0.1229
1787569794.320075,-2.126560538599664,0.0065478197864187555,3.7353490190103766,-2.2286431660152553,0.06798194996050902,2.2392731320868977,0.1191,1.496,-2.237808454754703,0.06353132215004734,2.9734629024063097,0.1250
1787569794.3863277,-2.126312176179748,0.006203399384220228,3.7686533367352535,-2.192422454971018,0.040003250163063005,3.2765229628897377,0.0742,0.492,-2.1672071592942985,0.029385704136820803,3.4938855434916167,0.0470
1787569794.5047464,-2.125718027534876,0.0062791392983374,3.9046346146049817,-2.190943146519167,0.041748984808227266,3.2381445209831177,0.0742,0.666,-2.1672071592942985,0.029385704136820803,3.4938855434916167,0.0475
1787569794.6028914,-2.1250651366001363,0.007160375902780333,3.8956825776759145,-2.184552281750177,0.02501793287809883,3.776721192203215,0.0621,0.119,-2.180280892650738,0.021011678075422768,3.8380893099243654,0.0569
1787569794.748922,-2.1238650414487616,0.007976241314557694,3.686556853042364,-2.1835866443928316,0.025948096952423495,3.0796319738245255,0.0624,0.607,-2.180280892650738,0.021011678075422768,3.8380893099243654,0.0579
1787569794.8079572,-2.123302904792113,0.00782290340746743,3.642524764881358,-2.1743460179081806,0.036743452221286596,3.351356728813407,0.0587,0.291,-2.1713205981175454,0.03782875767869141,3.3400894423112626,0.0566
1787569794.9241495,-2.122053488961016,0.006986162489810085,3.6512346455370817,-2.16448533621521,0.038717674970758495,3.347296132172214,0.0530,0.304,-2.1584150539620683,0.03865174004063121,3.3532639427363926,0.0482
1787569794.9867716,-2.1214855355045983,0.0063884863627693845,3.8018860025271337,-2.1603310529874697,0.03996266238362361,3.3235130157381425,0.0513,0.478,-2.1584150539620683,0.03865174004063121,3.3532639427363926,0.0490
1787569795.1155586,-2.1213366807412903,0.006857809665751448,3.961233941036506,-2.1603310529874697,0.03996266238362361,3.3235130157381425,0.0512,0.638,-2.1584150539620683,0.03865174004063121,3.3532639427363926,0.0488
1787569795.2408628,-2.1208149890729064,0.008771168264050184,4.000512727409187,-2.1497448787880336,0.025756325022904664,3.8429306249036266,0.0335,0.158,-2.148225353542589,0.023829178251456522,3.869415802753383,0.0313
1787569795.2992034,-2.12051263661532,0.010111799617976532,3.83531774989683,-2.1439634707945925,0.024837303419419608,3.8682515591868487,0.0277,0.033,-2.148225353542589,0.023829178251456522,3.869415802753383,0.0309
1787569795.4146996,-2.1196184402784484,0.011738364568104932,3.7434678209957903,-2.1326398739889227,0.03742312790886552,3.420763000794508,0.0288,0.323,-2.1288786319920567,0.0397542463896797,3.390587214715647,0.0295
1787569795.5226028,-2.118480313694766,0.012503740077768385,3.6431880806184984,-2.112874414519162,0.034678915544898464,3.5482496031426862,0.0229,0.095,-2.106908905299739,0.03374436386498484,3.5611436169238266,0.0242
1787569795.6161578,-2.11735402527854,0.012712243648994061,3.8151893212352497,-2.1046057680351553,0.035083255210644634,3.5440014013856467,0.0257,0.271,-2.106908905299739,0.03374436386498484,3.5611436169238266,0.0235
1787569795.7202525,-2.116230486740736,0.013305173787865825,4.04251272197064,-2.1323686983534786,0.023190109082547414,4.075742619248713,0.0189,0.033,-2.145735121240641,0.020221586572453074,4.129120460323931,0.0303
1787569795.7859387,-2.115545340035444,0.013934467859600333,4.044724096920266,-2.126113512456547,0.019164269688591275,4.167906668511537,0.0118,0.123,-2.123709123296425,0.01846119936168707,4.173842327760956,0.0093
1787569795.9275973,-2.1139432150107202,0.016231733218817837,3.7411209991989978,-2.1219851933868283,0.017593269548900434,4.210378093587451,0.0082,0.469,-2.123709123296425,0.01846119936168707,4.173842327760956,0.0100
1787569796.0002348,-2.1129042843672425,0.016942281555756156,3.6086039644878176,-2.109283388877852,0.014372517248983373,4.1226782417011405,0.0044,0.514,-2.1036745294733157,0.014171325411405448,4.1188015818471495,0.0096
1787569796.1435862,-2.1104871643661762,0.017380345409538794,3.1784145273043203,-2.102072910848374,0.018666503756108302,3.737669931098646,0.0085,0.559,-2.101691441309366,0.020462732732467414,3.711848050537315,0.0093
1787569796.2026117,-2.1091741016113006,0.016992174522157566,3.0287019495858525,-2.0957262652506943,0.01730173715988331,3.7390146137040463,0.0135,0.710,-2.101691441309366,0.020462732732467414,3.711848050537315,0.0082
1787569796.3240497,-2.1067297230941526,0.01603057825308055,3.046273055641949,-2.1052195184535116,0.014472933186737985,3.5423773981454665,0.0022,0.496,-2.1107939355946823,0.014134003285367125,3.5469765579537067,0.0045
1787569796.441115,-2.104374852730765,0.0161750519148706,3.075757128125762,-2.138125293252401,0.017832192565248192,3.1202548835359245,0.0338,0.044,-2.175058711854897,0.01739553594502243,3.1640056831683614,0.0707
1787569796.528551,-2.1020223673246874,0.017404605073712238,3.1751663122850178,-2.138156445000482,0.01634430703230634,3.0508809894944613,0.0361,0.124,-2.1955130284234152,-0.015997618785557326,3.999319349190304,0.0993
1787569796.6308846,-2.1006956830303563,0.017398534606476068,3.2988998950197956,-2.1672234191045052,-0.006180834372298823,3.8066217348560043,0.0706,0.508,-2.1955130284234152,-0.015997618785557326,3.999319349190304,0.1005
1787569796.740401,-2.0992889038855274,0.016616791238711532,3.1655336241724594,-2.172024878264238,-0.011828182604238333,4.720141224805151,0.0781,1.555,-2.1955130284234152,-0.015997618785557326,3.999319349190304,0.1016
1787569796.8045444,-2.0985901427851372,0.015770744126631965,3.076805910155134,-2.1688427585396,0.018445627176055183,3.34325067582138,0.0703,0.266,-2.166660581707393,0.024241030393558943,3.250117387111552,0.0686
1787569796.932049,-2.0972232108440263,0.013548154291978028,3.1673106194676053,-2.1723056284067597,0.01846519345596757,3.310893501776181,0.0752,0.144,-2.166660581707393,0.024241030393558943,3.250117387111552,0.0703
1787569797.0026379,-2.0966355389174725,0.012531108252397226,3.3732165581335383,-2.148788747819923,0.017718556991978798,3.206750670542988,0.0524,0.166,-2.1363821103244374,0.01796704577622159,3.192132929361333,0.0401
1787569797.1381092,-2.0948792306511246,0.012332001313037511,3.3828232730685186,-2.1529478258258883,0.012780403635556239,3.68516624689732,0.0581,0.302,-2.155775199203009,0.011038047213223037,3.7149274274156485,0.0609
1787569797.1989224,-2.0939977067018756,0.012579323456436137,3.2989508407637707,-2.1538575379493357,0.012002292501124109,3.7287572715161854,0.0599,0.430,-2.155775199203009,0.011038047213223037,3.7149274274156485,0.0618
1787569797.3287878,-2.0924148228714765,0.013037716545357689,3.0652115638202813,-2.139730728145421,0.015120644303360268,3.4659244202031068,0.0474,0.401,-2.133297042209197,0.015963043141875063,3.452553481031498,0.0410
1787569797.395199,-2.0915452601094766,0.012961173009899685,3.0344282508886966,-2.1246837998055117,0.021570843341894082,3.0744686886826003,0.0342,0.040,-2.114883168642401,0.02391404676857426,3.039731531201057,0.0258
1787569797.5187519,-2.0895938992509198,0.011896704090029875,2.9458039792199653,-2.1268398510869737,0.031080995366732214,2.9132926160994073,0.0419,0.033,-2.1328420810507542,0.034374492752468865,2.8613638698199146,0.0487
1787569797.6351376,-2.088373462654617,0.01083064710819921,3.0859897506407843,-2.124093566056631,0.03348625497660424,2.8395646308094933,0.0423,0.246,-2.1328420810507542,0.034374492752468865,2.8613638698199146,0.0503
1787569797.6952116,-2.0880047919923577,0.010681964733886365,3.1219144828158147,-2.1296633105066998,0.01541505128533447,3.1791345330220766,0.0419,0.057,-2.134940308720745,0.011976315842895081,3.2335407085517875,0.0470
1787569797.8192265,-2.087165084448556,0.01114109594210544,3.1452342396227864,-2.12813579991547,0.01469945452179397,3.1470948037510453,0.0411,0.002,-2.134940308720745,0.011976315842895081,3.2335407085517875,0.0478
1787569797.8840284,-2.086798203278079,0.011609011847790795,3.0229268131092706,-2.1299260046797497,0.010912723381759828,3.4141575141347724,0.0431,0.391,-2.1314052226661233,0.009858768520612562,3.4317154804289824,0.0446
1787569798.0194178,-2.085870554000501,0.012032895050187502,2.7643013103969465,-2.1238009713322903,0.023897238240544866,2.9305721181927638,0.0397,0.166,-2.1220087311789926,0.027779118830891025,2.87570404025879,0.0394
1787569798.1363845,-2.0843858355163247,0.011348918199107116,2.8067910724218676,-2.1214455457812558,0.028997660955501336,2.6318869112899486,0.0410,0.175,-2.1218044465642465,0.030104999811444703,2.6148361703774543,0.0419
1787569798.2333252,-2.0829841436406884,0.010134395645229883,3.2239948388350084,-2.1200104469503036,0.03012717681298109,2.5775469490894336,0.0421,0.646,-2.1218044465642465,0.030104999811444703,2.6148361703774543,0.0437
1787569798.3401887,-2.081569540182023,0.009577533918010488,3.2764867495280487,-2.0988429363903207,0.015586753907771922,3.2608786667516485,0.0183,0.016,-2.0919864611372865,0.01290803096286913,3.2985775651285745,0.0109
1787569798.391339,-2.0808099343387574,0.00963848810595453,3.3056967758063402,-2.095362113369631,0.015055641030575757,3.257405704365354,0.0155,0.048,-2.0919864611372865,0.01290803096286913,3.2985775651285745,0.0116
1787569798.5077906,-2.0790407256270513,0.010808457041640938,3.1687802042510294,-2.1098125993488583,0.01398619353356163,3.331399743676972,0.0309,0.163,-2.1182212267337746,0.01369357523096258,3.336940031699995,0.0393
1787569798.6465724,-2.076838921956296,0.01176969201537095,2.6335393765636974,-2.1028149112494003,0.01908553220181932,3.1221471622825105,0.0270,0.489,-2.1003770284329417,0.020554073560055175,3.1014075007676443,0.0251
1787569798.7171323,-2.0753245858410594,0.011797655711096602,2.3421833612262675,-2.1082583805270145,0.02525376660569038,2.5209060275683517,0.0356,0.179,-2.1170889658353436,0.028238461935753353,2.467726321371458,0.0449
1787569798.8274837,-2.072304122128944,0.011114503075812021,1.886338511160574,-2.1137743285615898,0.0237467243529284,2.0136914910181445,0.0434,0.127,-2.120434513395832,0.024160097990605124,1.9985372866502946,0.0499
1787569798.9469395,-2.0696875204085905,0.010534828622297264,1.8190479276505547,-2.1142986894488915,0.023282344924095047,1.7701679804222554,0.0464,0.049,-2.1149799346234346,0.0227926904060726,1.7781755559892694,0.0469
1787569799.0163257,-2.0684397424603027,0.010654634468122549,1.847829575032481,-2.1146643434877967,0.013398185756565933,1.9774636400361458,0.0463,0.130,-2.1172458275428676,0.009950084632026311,2.030930228458132,0.0488
1787569799.1464763,-2.0658269201434893,0.011862076427958381,1.926209633248659,-2.114788712320871,0.011706971878333774,1.9774646247568668,0.0490,0.051,-2.11542858891231,0.011012442843283333,1.9885579720439082,0.0496
1787569799.2072177,-2.064624983216336,0.012607753873305384,1.7893604219748314,-2.1045933974197544,0.007618550639281687,2.195932660376876,0.0403,0.407,-2.096896863355739,0.007064514703620741,2.1983421783850328,0.0327
1787569799.331496,-2.0629995699733152,0.013437662487285377,1.5832654889004236,-2.1030084141419225,0.006174933246793956,2.1398615895211575,0.0407,0.557,-2.096896863355739,0.007064514703620741,2.1983421783850328,0.0345
1787569799.4006803,-2.0620952275223203,0.013499024339724731,1.484370472317471,-2.1053745280164033,0.008058536446248874,1.887044570691838,0.0436,0.403,-2.096896863355739,0.007064514703620741,2.1983421783850328,0.0354
1787569799.5243385,-2.0603345018473735,0.013069606421906332,1.5654546383145787,-2.1051460650834843,0.008230329183647628,1.4032027593347633,0.0451,0.162,-2.096896863355739,0.007064514703620741,2.1983421783850328,0.0371
1787569799.6173635,-2.0596727440209746,0.013280962124632227,1.579352957640306,-2.142601128436281,-0.007084181835074952,2.1376169957469484,0.0854,0.558,-2.173342791662519,-0.012086805059301226,2.2383700177211296,0.1165
1787569799.729264,-2.0589145596823424,0.014447478805081312,1.6948591890394038,-2.1600121722026975,-0.014397030677321171,2.3906090414880157,0.1051,0.696,-2.177734752537625,-0.019321168625610008,2.491972262748476,0.1235
1787569799.8434715,-2.0583179856160636,0.01630952906682842,1.56919554219395,-2.161134055629827,-0.015065610489193882,2.3827988165025826,0.1075,0.814,-2.177734752537625,-0.019321168625610008,2.491972262748476,0.1246
1787569799.909637,-2.0577953723205833,0.01691816794448285,1.5440108195317963,-2.1091321404676044,0.013618922310637669,1.7901448110005038,0.0514,0.246,-2.0701868960074523,0.021950001113390488,1.62938102630886,0.0134
1787569800.0451536,-2.0565449215982823,0.017375429593789102,1.4580219916317125,-2.0921574585189098,0.021370830938233176,1.5678563602370272,0.0358,0.110,-2.084164409885727,0.022478421669116268,1.5523732178457539,0.0281
1787569800.1208932,-2.055867380129601,0.017231204478910217,1.492269680479733,-2.0903370700064827,0.02316940910791413,1.1283880288713384,0.0350,0.364,-2.084164409885727,0.022478421669116268,1.5523732178457539,0.0288
1787569800.203264,-2.055255707989881,0.017006236141859817,1.6368136545050815,-2.0927001411336117,0.03425404925271904,1.271792236923344,0.0412,0.365,-2.0946185929912478,0.03663362572962421,1.2411721993138203,0.0440
1787569800.343037,-2.0540779176467487,0.017322829991721578,2.2045753479490586,-2.0989698554602643,0.026660205568627797,1.6183993136701509,0.0459,0.586,-2.0804170997772333,0.016912381162932217,2.156122682302745,0.0263
1787569800.413804,-2.0537575249942512,0.01778481711126168,2.6619748238894583,-2.0896637606362103,0.02026544563518791,2.1123475964918494,0.0360,0.550,-2.0804170997772333,0.016912381162932217,2.156122682302745,0.0267
1787569800.543035,-2.05347090994087,0.018879808651935854,3.1791377562816305,-2.0967187201197914,0.01763279348158703,2.8569726879100217,0.0433,0.322,-2.10467524576099,0.015717938632954346,2.8957619646165633,0.0513
1787569800.6186554,-2.053356658319423,0.019094765301792157,3.342819894868071,-2.1102199049566344,0.04273705744292024,2.8101377145847217,0.0616,0.533,-2.120621288171884,0.050213112929985544,2.7007049075799094,0.0741
1787569800.7076328,-2.0531633904702917,0.019046045538400915,3.4876707099183673,-2.0888145866628096,0.03817953864686084,3.2330687218167795,0.0405,0.255,-2.071696672639258,0.03515466244638946,3.2752836413988207,0.0246
1787569800.7820163,-2.0529138028597216,0.018719587859894662,3.6959278166380134,-2.0868549991721514,0.0408867371223468,3.3103236571326495,0.0405,0.386,-2.071696672639258,0.03515466244638946,3.2752836413988207,0.0250
1787569800.9260776,-2.052360971358256,0.018212953361024097,4.11064513509999,-2.0773106429501214,0.03554459793871177,3.6255265880337957,0.0304,0.485,-2.0721267574211755,0.03401744914912079,3.6466152151024023,0.0253
1787569800.9997609,-2.051900714238077,0.018430208755367515,4.131000088435165,-2.0709233784627274,0.026071607642952847,4.243577334340404,0.0205,0.113,-2.07006662052271,0.02316652423827591,4.284213215304678,0.0188
1787569801.1325085,-2.051000658892236,0.019560257130107325,3.943448402507233,-2.048672029871702,0.03853882897445466,3.8896117979533087,0.0191,0.054,-2.040026353974929,0.04148542003100669,3.8432354879825477,0.0245
1787569801.1929798,-2.050089132175915,0.020084353213879858,3.9132781915327053,-2.0428107735175534,0.03751921125345894,3.876797693994456,0.0189,0.036,-2.0408202352915725,0.036789840545656316,3.885400331059825,0.0191
1787569801.313433,-2.0480820172570833,0.020483349278512964,3.7959250705635124,-2.036020120243637,0.039530028024671024,3.9771271581053176,0.0225,0.181,-2.0408202352915725,0.036789840545656316,3.885400331059825,0.0179
1787569801.4293282,-2.0459048077278785,0.020056401489631764,3.8299431288326096,-2.043117042900602,0.037745541587279975,3.816414545503432,0.0179,0.014,-2.047303155978912,0.03759812860750423,3.8176847161991665,0.0176
1787569801.494033,-2.044913320421309,0.019753404738002644,4.015911769456154,-2.0365215841917124,0.03973993138968588,3.9138112081260754,0.0217,0.102,-2.0635869989809326,0.0275351499238386,4.232668346762999,0.0202
1787569801.6175468,-2.042804474577423,0.020009570985137153,4.041142626728323,-2.0509560207511823,0.03170509698068959,4.048430821876655,0.0143,0.007,-2.052455614436838,0.03226225343850232,4.040571830157441,0.0156
1787569801.7486532,-2.0406138079081804,0.0212365417535813,3.9267834861375275,-2.0482894340008393,0.03214875093360154,4.116710175081511,0.0133,0.190,-2.052455614436838,0.03226225343850232,4.040571830157441,0.0162
1787569801.8162146,-2.0400126950082447,0.021449754101395158,3.966880429822546,-2.07962882513212,0.02981739625663942,4.139528123718858,0.0405,0.173,-2.0984941394477703,0.02947882449501348,4.157841206675675,0.0590
1787569801.8838968,-2.0393840145126574,0.0214395485586442,3.9231083216831917,-2.090970481121367,0.03086243013120045,4.103792597427154,0.0524,0.181,-2.098618100416186,0.03077816813840134,4.112645787333543,0.0600
1787569802.040028,-2.0379318353765994,0.020382702642021897,3.7494374891490314,-2.0933800263441698,0.03118567315721556,4.175991189560494,0.0565,0.427,-2.098618100416186,0.03077816813840134,4.112645787333543,0.0616
1787569802.1276124,-2.0372432850095543,0.019373437200546524,3.7726611935589855,-2.076212922327668,0.02853105549588945,3.9310930701229165,0.0400,0.158,-2.0677938407729592,0.02800176550161404,3.9356951720435402,0.0317
1787569802.2021146,-2.0366602914574825,0.0185268364445451,3.9746978089255283,-2.0704520696363744,0.033380287813200765,3.724620762576147,0.0369,0.250,-2.06694662789349,0.03477592127161043,3.703559588205581,0.0344
1787569802.3173954,-2.034933719815624,0.017993710917952387,3.9761389208265667,-2.06975163161731,0.03417408960348279,3.7623412279561195,0.0384,0.214,-2.06694662789349,0.03477592127161043,3.703559588205581,0.0361
1787569802.4490228,-2.032891330202954,0.017949920338044163,3.7647766244055125,-2.0563729200205367,0.02928492513898669,3.9838528972478806,0.0261,0.219,-2.0514177781915466,0.028431022719975507,3.995164067125504,0.0213
1787569802.5341356,-2.0315419457661714,0.017507687427384816,3.4777797191192334,-2.0538557825599373,0.029215730443097054,4.036306361691408,0.0252,0.559,-2.0514177781915466,0.028431022719975507,3.995164067125504,0.0227
1787569802.5909748,-2.030829431333457,0.016942654311608577,3.2900324244962356,-2.0691472240649387,0.04231782177032607,3.3029954586410066,0.0460,0.013,-2.0788962759738276,0.04547075744967906,3.2480159849264894,0.0559
1787569802.7208455,-2.0294937724384776,0.015061091337290255,2.960195347406917,-2.06953110129613,0.04586255974769323,2.9227941374407,0.0505,0.037,-2.070368076555968,0.04739068778559029,2.8963112499560837,0.0521
1787569802.7847843,-2.028933669173987,0.01401053777454115,2.9775004830385736,-2.0680736632381906,0.045855573470254915,2.564456734963217,0.0505,0.413,-2.0667833945332728,0.04579829194185269,2.5629067336805935,0.0494
1787569802.9145517,-2.027541131962027,0.014348196297145665,3.0059636658597624,-2.0648658356422427,0.04094482918533007,2.599961185163563,0.0458,0.406,-2.0622390667220163,0.03910628332988665,2.6290310431805683,0.0426
1787569803.0191507,-2.0260148542179053,0.01563286457170522,2.9343383639517313,-2.06839687333848,0.03345132167834834,2.8654593267399173,0.0460,0.069,-2.071538158886571,0.03045497407013808,2.908478981781568,0.0479
1787569803.118585,-2.02466256636306,0.01689791860078988,2.7511072585987066,-2.068361799557265,0.033238023671646015,2.828283122248646,0.0467,0.077,-2.071538158886571,0.03045497407013808,2.908478981781568,0.0488
1787569803.2121177,-2.0232140182736678,0.017344726775898912,2.6597481943563195,-2.048927524285807,0.03907811651003194,2.5790153334388854,0.0337,0.081,-2.0382662984909485,0.03931426867143176,2.583958825582997,0.0266
1787569803.304587,-2.0214276786659533,0.016930954304583835,2.6050674933505187,-2.0463096271487373,0.03967552789784223,2.5179086417368732,0.0337,0.087,-2.0382662984909485,0.03931426867143176,2.583958825582997,0.0280
1787569803.4251976,-2.019703199818144,0.01603070224714879,2.918522195208601,-2.0469427909998745,0.042690312486888836,2.2875755620130844,0.0381,0.631,-2.047805657885612,0.04357746389377572,2.2729787942204114,0.0394
1787569803.4942806,-2.0188324060978378,0.01591703549846106,2.934071427175672,-2.0433608102884215,0.04411440801734274,2.1741050099373913,0.0374,0.760,-2.0240003161724442,0.03097449989927531,2.8558018894787875,0.0159
1787569803.636471,-2.016934539016543,0.016538980939432596,2.9600224888306648,-2.0289980621942463,0.03305586803322213,2.825890970932721,0.0205,0.134,-2.0240003161724442,0.03097449989927531,2.8558018894787875,0.0161
1787569803.7304127,-2.0151471919200765,0.01782412950566253,2.6378868634099017,-2.022363061585292,0.03238708752296928,2.7876743797727763,0.0163,0.150,-2.0240003161724442,0.03097449989927531,2.8558018894787875,0.0159
1787569803.8346,-2.013569795267008,0.01859094455186021,2.5766984437439864,-2.030072368450109,0.028523414401901603,2.8680270309155103,0.0193,0.291,-2.0330378432724836,0.028070292500708267,2.87501628851605,0.0217
1787569803.9152439,-2.011787393942771,0.018590146303551245,2.5094361320062464,-2.0260003879972674,0.02732352687169824,2.8459979616652107,0.0167,0.337,-2.0330378432724836,0.028070292500708267,2.87501628851605,0.0233
1787569804.026054,-2.010013315676054,0.017953554275754537,2.599798950778021,-2.0302941512334773,0.03479515339417794,2.451991261924388,0.0264,0.148,-2.032434303234302,0.036076558380500216,2.433608635261231,0.0288
1787569804.0878716,-2.0092652214065163,0.017519139678561203,2.8127455951063927,-2.027549538728574,0.03483716186828092,2.3991442268377225,0.0252,0.414,-2.0272526787364096,0.023367056696798384,2.6463768258061786,0.0189
1787569804.2240968,-2.0075152937420953,0.017792475751468303,2.84133462751778,-2.0273413218475427,0.025471433774555997,2.616606143350581,0.0213,0.225,-2.0272526787364096,0.023367056696798384,2.6463768258061786,0.0205
1787569804.3466525,-2.0056665435324907,0.019091434905538975,2.70276898464953,-2.0232730319348033,0.023501035439465075,2.5683088567504364,0.0182,0.134,-2.0587248125036695,0.019156461902468006,2.9771865137499636,0.0531
1787569804.402654,-2.0048506986682293,0.019776890125088355,2.4582458134623986,-2.0232730319348033,0.023501035439465075,2.5683088567504364,0.0188,0.110,-2.0587248125036695,0.019156461902468006,2.9771865137499636,0.0539
1787569804.516217,-2.0032079937051805,0.020572226966551827,2.4115928232128563,-2.0246367362422815,0.02621742854124686,2.4383807442639247,0.0222,0.027,-2.0172584085442518,0.027561426743202624,2.416926690864534,0.0157
1787569804.5824823,-2.0023278338725405,0.020458009006286873,2.347326196861534,-2.0186421208072933,0.03265600635190826,2.372928792513115,0.0204,0.026,-2.015830430368925,0.034715691229112694,2.3440560827471417,0.0196
1787569804.7223895,-2.0006386274038364,0.01976490884909644,2.49881278841569,-2.015699117757062,0.03292571881104879,2.3290455327914037,0.0200,0.170,-2.015830430368925,0.034715691229112694,2.3440560827471417,0.0213
1787569804.8390994,-1.999452208029203,0.01914956076997206,3.4191065581283575,-2.013319786141623,0.033141821855700485,2.293895011812292,0.0197,1.125,-2.047772798971455,0.016639640389741042,2.980709234945757,0.0484
1787569804.9005656,-1.9990800169827374,0.019090633613753395,4.284195747766252,-2.0352575570427383,0.019621032099938505,2.921409554440318,0.0362,1.363,-2.047772798971455,0.016639640389741042,2.980709234945757,0.0488
1787569805.049324,-1.9986073234511315,0.018793417135951465,5.662845441989117,-2.03555187068817,0.03970285840076074,3.9974384339786484,0.0425,1.665,-2.036057914330209,0.04332802208108033,3.9494594839460544,0.0448
1787569805.1325681,-1.9983344806624495,0.018429649183023897,5.888952603324894,-2.0369381093362233,0.055501342031857984,5.144159913279807,0.0535,0.745,-2.037996627624545,0.05761105307870665,5.120090164144492,0.0558
1787569805.214718,-1.9980491444813242,0.017668989693257673,6.010616156130079,-2.0371697104450854,0.05851071557886267,5.3073731238026784,0.0566,0.703,-2.037996627624545,0.05761105307870665,5.120090164144492,0.0565
1787569805.2826931,-1.997578516956879,0.016477078187749416,6.241401587866844,-2.010812642899584,0.04783754576320627,5.773787854033647,0.0340,0.468,-2.0002480936676794,0.04598165038553891,5.792308491811551,0.0296
1787569805.4199667,-1.9960790144873781,0.014389756823186672,6.626749053114851,-2.007065719829165,0.0501610738843182,6.03586122881343,0.0374,0.591,-2.0002480936676794,0.04598165038553891,5.792308491811551,0.0319
1787569805.530789,-1.9938544724757319,0.01363522092352696,6.762981655814517,-2.0101616360447143,0.04346237898194077,6.5536654004119255,0.0340,0.209,-2.011753635431304,0.04215629289270013,6.573540612737206,0.0337
1787569805.637347,-1.9916428546023213,0.013689683428266595,6.71428299081661,-2.0068043803238664,0.04478649684388857,6.87896539135599,0.0346,0.165,-2.011753635431304,0.04215629289270013,6.573540612737206,0.0349
1787569805.734692,-1.9896322075953432,0.013581377406307132,6.532336950098168,-2.0068043803238664,0.04478649684388857,6.87896539135599,0.0356,0.347,-1.9992112141896425,0.048057799698722856,6.470549908144178,0.0358
1787569805.8010526,-1.9885531210482748,0.013234483907125068,6.515854664032582,-2.000403881618566,0.04759350166047696,6.478750713921576,0.0363,0.037,-2.03402923461523,0.052317015503793605,6.277688691752847,0.0600
1787569805.922675,-1.9861713396322902,0.011741961291402595,6.562309279058132,-2.016593191938707,0.04991560339570143,6.327886444618797,0.0488,0.234,-2.03402923461523,0.052317015503793605,6.277688691752847,0.0627
1787569806.0272803,-1.9844401629744182,0.01050118219551609,6.712352878061711,-2.0160533589575413,0.05977615906939181,6.042386338097645,0.0585,0.670,-2.0172353151758946,0.06222295653038372,6.002951396628462,0.0612
1787569806.1226935,-1.9832570602150341,0.010417902815066693,6.846045958383046,-2.0150992641299355,0.06308107093259312,6.2158723304167145,0.0615,0.630,-2.0172353151758946,0.06222295653038372,6.002951396628462,0.0620
1787569806.2257674,-1.9823766785781787,0.011834158423642265,7.010252020130105,-2.0061899439367727,0.04704306462100043,6.493603633109587,0.0425,0.517,-2.000530885882139,0.04374342603920144,6.546882478357513,0.0367
1787569806.3274975,-1.9817719872757393,0.013844303270088102,6.884976254102259,-2.0036289306682966,0.04773530296236921,6.71604645210178,0.0403,0.169,-2.0000992975239797,0.04838071270124809,6.867297847853935,0.0391
1787569806.4197824,-1.9806625535481974,0.015020734376196051,6.826956982988432,-2.0010416343903903,0.04839450276809404,6.86666245521596,0.0391,0.040,-2.0000992975239797,0.04838071270124809,6.867297847853935,0.0386
1787569806.5321867,-1.97929526777816,0.015471309503901833,6.7774625351179605,-1.990115105445618,0.061844662291285456,6.3622834814452505,0.0476,0.415,-1.9873691883643962,0.06396699451101882,6.330373162651087,0.0492
1787569806.5987217,-1.9785604363416793,0.015434916010746435,6.829893954764989,-1.9875669248510344,0.06364717279830813,6.450434217463268,0.0490,0.379,-1.9873691883643962,0.06396699451101882,6.330373162651087,0.0493
1787569806.7211404,-1.9771660538666658,0.015375523797943345,7.044726490427975,-1.9988758684022607,0.05047315252781894,6.8397500060537775,0.0413,0.205,-2.0038112158366492,0.0482719630446331,6.871812192700617,0.0423
1787569806.784729,-1.9763893795606928,0.015663105923787453,7.066051499144255,-1.9976765292514633,0.050698108388443235,6.9519148029710145,0.0410,0.114,-2.0038112158366492,0.0482719630446331,6.871812192700617,0.0426
1787569806.9279609,-1.9748022900353268,0.01700661925402572,7.016533142380782,-1.9895973151555872,0.047340632443934355,6.8924331668194885,0.0337,0.124,-1.986798723776501,0.046867444377172454,6.897911305170259,0.0322
1787569807.0006018,-1.9741229368256614,0.017843746398996874,6.807617504509665,-1.9952249685382784,0.04636189282945776,6.928855255737795,0.0355,0.121,-2.0005086285313842,0.046194568572605205,6.931953550196544,0.0387
1787569807.103951,-1.972537383554707,0.01858185717877088,6.499795876786206,-1.9935783538610132,0.045951506045264386,7.0655271502344315,0.0345,0.566,-1.9800438226410089,0.04777046862657368,6.356446641796337,0.0301
1787569807.2500074,-1.9697008750881515,0.01753674880230359,6.650118406081142,-1.9846013426794833,0.04707449778734286,6.370384947064813,0.0331,0.280,-1.9800438226410089,0.04777046862657368,6.356446641796337,0.0320
1787569807.3129356,-1.9694289404582208,0.017073284229063394,6.832097021167785,-1.9903833972679699,0.04371244614666902,6.57421197137123,0.0339,0.258,-1.9944753598798388,0.04324422954774668,6.581811633068331,0.0362
1787569807.4481156,-1.9688792894678493,0.016710617019185737,7.319045516146144,-1.9890782975586812,0.04309617895328202,6.638605958342727,0.0332,0.680,-1.9944753598798388,0.04324422954774668,6.581811633068331,0.0369
1787569807.5201418,-1.968562518830998,0.016903251793227977,7.556697431169292,-1.9773937305048543,0.03884497397179642,7.168243681184954,0.0237,0.388,-1.9718262257521177,0.03757589075348674,7.18638511193245,0.0209
1787569807.5909173,-1.968298807120669,0.017356314143821445,7.68246942570722,-1.9497885734648066,0.042848865709843274,7.4334448419701,0.0315,0.249,-1.938381942083736,0.04413799047191003,7.404085153359365,0.0402
1787569807.7114236,-1.9676104686180214,0.017911772519988458,7.645764385653976,-1.9434477390583451,0.042356479176098555,7.562439096785718,0.0344,0.083,-1.938381942083736,0.04413799047191003,7.404085153359365,0.0393
1787569807.8267705,-1.9663368140061541,0.017601484814934804,7.632970296728599,-1.8934824342898866,-0.0028434526649056893,9.142486914359752,0.0757,1.510,-1.8739369822559964,-0.010177013043484983,9.238647312349276,0.0965
1787569807.927707,-1.9649887803030146,0.016636447334590673,7.886490676592265,-1.8767823927136404,-0.011064320528017067,9.472309646951963,0.0925,1.586,-1.8739369822559964,-0.010177013043484983,9.238647312349276,0.0949
1787569808.0363812,-1.9637056333730458,0.016080102341673022,7.963535703089448,-1.955780347897993,0.037452196350753295,7.893055951996642,0.0228,0.070,-1.9819494715186095,0.04344778760639177,7.831725643645398,0.0329
1787569808.1427042,-1.9622556635857173,0.016505262061544648,8.007882071378138,-1.953613829037427,0.037715531506657,8.004790608092025,0.0229,0.003,-1.9819494715186095,0.04344778760639177,7.831725643645398,0.0334
1787569808.2378366,-1.9607925764265475,0.017649005342531277,7.758650943412141,-1.9766430905434436,0.036890306028822095,8.083129594444284,0.0249,0.324,-1.9858182091370036,0.0363927364505518,8.09956950890475,0.0313
1787569808.348373,-1.9593820942940214,0.018405310302065898,7.469067785982051,-1.9776634524514578,0.03707574797280326,8.211230393891013,0.0261,0.742,-1.9858182091370036,0.0363927364505518,8.09956950890475,0.0320
1787569808.41321,-1.9585204716553761,0.018386747350698954,7.448084901469793,-1.9851256518844673,0.06250042768545844,7.003897307913709,0.0515,0.444,-1.9908919020194549,0.06846827382368409,6.912976017825586,0.0596
1787569808.4880087,-1.9575808405173836,0.018169671464984286,7.4391774082432685,-1.995674579886051,0.07501808471957398,6.779041779646911,0.0684,0.660,-2.0044720780861907,0.07848847736864904,6.714405037508473,0.0764
1787569808.600909,-1.9557406813915075,0.017239588895287625,7.740858596253606,-1.99905312357696,0.08041600445212975,6.771583696411822,0.0766,0.969,-2.0044720780861907,0.07848847736864904,6.714405037508473,0.0783
1787569808.7099109,-1.9534801246237363,0.017307579465432654,7.790388717903609,-1.9848911610788855,0.07905892974880123,7.040562287726898,0.0693,0.750,-1.9799009526497726,0.07802847960243955,7.056870137460497,0.0662
1787569808.8251321,-1.9511598545275268,0.01826771394968156,7.802026709853291,-1.9859516791263037,0.08291427932857251,7.053854497371062,0.0734,0.748,-1.9799009526497726,0.07802847960243955,7.056870137460497,0.0663
1787569808.9000952,-1.9500552878779631,0.019006210588146045,7.690238502025966,-1.976332335008451,0.06314561301499948,7.44287763955779,0.0514,0.247,-1.9718782537450528,0.0591232716095124,7.499003282158495,0.0457
1787569808.9775858,-1.9490374925042202,0.019660754810477993,7.433669613163937,-1.9723932098108377,0.06268452489497864,7.418259835489941,0.0490,0.015,-1.96982644744564,0.062215075061636343,7.423623291904014,0.0474
1787569809.1182141,-1.9468222228146856,0.01972185712508879,7.429805896153123,-1.9759223626461166,0.0619949609759221,7.1399486115664805,0.0513,0.290,-1.9782988136623614,0.06193273999865805,7.139327520684706,0.0527
1787569809.2348492,-1.944454405603997,0.01893606040914565,7.674207748710337,-1.9760291227679625,0.06323348143878957,7.155646914443411,0.0544,0.519,-1.9518683640853982,0.05898363458209989,7.248753277061493,0.0407
1787569809.303836,-1.9435004404240623,0.01860189533243435,7.697117949087499,-1.9624846775517442,0.06062791516159222,7.216520181127845,0.0461,0.481,-1.9518683640853982,0.05898363458209989,7.248753277061493,0.0412
1787569809.4432297,-1.9415334721123412,0.018807617027616078,7.824529110508425,-1.9641471380629225,0.06412000532777427,7.3343819141755064,0.0506,0.490,-1.9657252997426544,0.06443105184835733,7.330854947689034,0.0516
1787569809.547278,-1.939652428908642,0.01982918917242916,7.705578660679636,-1.9631553433117015,0.06510861821744575,7.35801614005671,0.0510,0.348,-1.9657252997426544,0.06443105184835733,7.330854947689034,0.0517
1787569809.6051776,-1.9388023650996313,0.020285587761437147,7.5012692974707,-1.9603444146156348,0.08903179522567314,6.700744770862419,0.0720,0.801,-1.9610028785118627,0.09396953435541,6.628331528618221,0.0770
1787569809.7110832,-1.9376224356194454,0.020105626243019346,7.496765944978814,-1.9584481546379078,0.09461592600428259,6.663835035564012,0.0774,0.833,-1.9610028785118627,0.09396953435541,6.628331528618221,0.0775
1787569809.81774,-1.9362590747475146,0.018842846538194506,7.42015054692132,-1.957258398102871,0.09819273829751418,6.640665253493111,0.0821,0.779,-1.9610028785118627,0.09396953435541,6.628331528618221,0.0791
1787569809.9464102,-1.935382159040945,0.01771216137821164,7.529253192972307,-1.9466068394391007,0.07109485249071923,6.950452935436378,0.0546,0.579,-1.9419434463944734,0.06802829133786595,6.999793754464478,0.0507
1787569810.0008743,-1.9351335870003321,0.01765971428543587,7.600309400722453,-1.9433407647767436,0.07217779685201163,6.945720643983011,0.0551,0.655,-1.9419434463944734,0.06802829133786595,6.999793754464478,0.0508
1787569810.1276045,-1.9345961756134809,0.018284178663827505,7.691246219157695,-1.9696769690124318,0.06107245106894164,7.348805536639428,0.0553,0.342,-1.9789461423423669,0.05928843369448361,7.377446707133615,0.0604
1787569810.189818,-1.9343965655539528,0.01884916508858135,7.602338437095435,-1.9705437350088502,0.06019473644549275,7.388482878635994,0.0549,0.214,-1.9789461423423669,0.05928843369448361,7.377446707133615,0.0602
1787569810.3130927,-1.9340803162162816,0.0195800739131985,7.1312900234101,-1.9615885901450831,0.06208816102586191,7.262585015369889,0.0506,0.131,-1.9580922977952788,0.06233712083852582,7.257881676729432,0.0490
1787569810.4424613,-1.9324851190442023,0.018558815809545725,7.223280189340483,-1.959329946347066,0.06331447699281144,6.763653138448277,0.0522,0.460,-1.9587306960146362,0.0640259716699521,6.750774821823984,0.0525
1787569810.5038729,-1.9316423717182594,0.01773916813977778,7.4055560990440545,-1.9587231346370686,0.06309429193576524,6.7397287696674715,0.0528,0.666,-1.9587306960146362,0.0640259716699521,6.750774821823984,0.0536
1787569810.6316502,-1.9302078488140888,0.016491818183733933,7.531421317078827,-1.951497173274198,0.06377094527987213,7.036780668826209,0.0519,0.495,-1.948915000783922,0.06360977862552866,7.0398519264458335,0.0507
1787569810.6928704,-1.9294756855252593,0.016241363011814943,7.628154886299859,-1.9497242857425612,0.06361734327351953,7.038323401864972,0.0515,0.590,-1.948915000783922,0.06360977862552866,7.0398519264458335,0.0512
1787569810.8367534,-1.928002383338675,0.016390836644278733,7.689362258397292,-1.9546943627498699,0.05713780667758041,7.323402868698304,0.0487,0.366,-1.956729005247405,0.05612473684177856,7.339052940915062,0.0490
1787569810.902956,-1.9274021412955409,0.01650937611118158,7.498564699010067,-1.950755585148007,0.05814899368343971,7.396755090473412,0.0477,0.102,-1.948587664428093,0.05832680006990046,7.396117555258466,0.0469
1787569811.0378044,-1.9263333287925706,0.016464010215165654,6.792185943191242,-1.949578282297715,0.057384979722260504,7.425587498345034,0.0471,0.633,-1.948587664428093,0.05832680006990046,7.396117555258466,0.0474
1787569811.099122,-1.9258836955992702,0.016274082502649764,6.309008844929995,-1.9413880186347907,0.07007579308570072,6.1417852581886345,0.0560,0.167,-1.9391809190769085,0.07228741963385889,6.110975713858447,0.0576
1787569811.2344582,-1.9254708997484933,0.016140754766570738,5.760193495915221,-1.9080523747337998,0.0372101666044766,6.561391173342116,0.0273,0.801,-1.8887048576946612,0.02774372684044571,6.700082044188928,0.0386
1787569811.3116014,-1.9253605459701593,0.016352297346022206,5.597085326941801,-1.9004853566142288,0.032682647711821375,6.513885601520822,0.0298,0.917,-1.8887048576946612,0.02774372684044571,6.700082044188928,0.0384
1787569811.4265866,-1.92499836307869,0.017728946775283107,5.340417648985927,-1.9224095667157397,0.044329816360601605,5.552725954698521,0.0267,0.212,-1.9319252171831476,0.047163807142546046,5.511225817950323,0.0302
1787569811.5339077,-1.9248131424135748,0.01944717043495649,4.724160748965052,-1.9294508907991732,0.04443281468673923,5.3040757356110095,0.0254,0.580,-1.9347816196989567,0.04515195664466359,5.294478523887303,0.0276
1787569811.645032,-1.9237977756507572,0.01990842476761898,4.689124313070988,-1.9272260340627678,0.04225967283789201,5.165808853908525,0.0226,0.477,-1.9267724234037118,0.05947387127074693,4.300501859589255,0.0397
1787569811.7144744,-1.923147806120262,0.01977924153533176,4.724295382614882,-1.925607855548498,0.056179755027568556,4.3509068264979005,0.0365,0.373,-1.9267724234037118,0.05947387127074693,4.300501859589255,0.0399
1787569811.83701,-1.9218569353848403,0.01897345382234062,5.072862574853047,-1.9318141644725502,0.05730119937356334,4.4138524421159495,0.0396,0.659,-1.9375588156834522,0.05792422291283245,4.400203310828676,0.0420
1787569811.8932674,-1.920878002654486,0.01889487845737914,5.0920014739573,-1.9285846383311607,0.06195180985242282,4.281648183900247,0.0437,0.810,-1.9273811050314158,0.06317158223382437,4.265534230342638,0.0448
1787569812.0234191,-1.9188220222554395,0.0193979935328538,5.150267828956063,-1.9248569322938769,0.05972026798936809,4.569239270051726,0.0408,0.581,-1.9239191973712038,0.05866655991553733,4.58650022914531,0.0396
1787569812.1314425,-1.9167754743221523,0.020770111822076713,4.986402610184236,-1.914518459325436,0.04313050109344552,5.089413236760549,0.0225,0.103,-1.910537002822615,0.03952178780411712,5.143141155568268,0.0198
1787569812.1872573,-1.9150891889289492,0.021278236257010516,4.96307352969679,-1.9120047580886108,0.041392910402455144,5.020353700941978,0.0203,0.057,-1.910537002822615,0.03952178780411712,5.143141155568268,0.0188
1787569812.323243,-1.9114793306921585,0.021689378781923056,4.853365582115903,-1.9253794916419635,0.056072784662981094,4.629921981665516,0.0371,0.223,-1.932394106251078,0.059116191791987203,4.587076224053111,0.0429
1787569812.3916712,-1.9096220239717803,0.021401747094305375,4.746920998645272,-1.9389089928461078,0.055327363475461425,4.593845459908571,0.0448,0.153,-1.949315035462838,0.056064636950745345,4.576036216361723,0.0527
1787569812.5335116,-1.9060708609465107,0.02052447960390957,4.893320024495158,-1.939722711257774,0.05529426496132156,4.508691981954034,0.0484,0.385,-1.949315035462838,0.056064636950745345,4.576036216361723,0.0560
1787569812.593318,-1.904781761534338,0.02052912751942576,4.89865549322191,-1.9443333042751423,0.04832691984631742,4.4821378524986795,0.0483,0.417,-1.9469138445704464,0.04712381341391364,4.498025975655249,0.0498
1787569812.71281,-1.9021450290128354,0.021450881412922073,4.877250724176461,-1.9435446525827442,0.04819297694312626,4.433472205261771,0.0493,0.444,-1.9469138445704464,0.04712381341391364,4.498025975655249,0.0516
1787569812.8154702,-1.9001966161887687,0.02270005523734544,4.731446527076457,-1.9436881688460905,0.04810862305798019,4.393403387996835,0.0504,0.338,-1.9469138445704464,0.04712381341391364,4.498025975655249,0.0527
1787569812.9347827,-1.8986912238623441,0.023134739323549577,4.592463740969265,-1.943554649549572,0.04814412158473288,4.418444006301834,0.0514,0.174,-1.9469138445704464,0.04712381341391364,4.498025975655249,0.0539
1787569813.008557,-1.8977855306700837,0.023017848831967447,4.497428178564039,-1.9435710412992775,0.04812553374778277,4.412944633207031,0.0522,0.084,-1.9469138445704464,0.04712381341391364,4.498025975655249,0.0547
1787569813.1173058,-1.895968435386018,0.022211302360025494,4.566188983774425,-1.9435677213426266,0.04812250744390833,4.415780549830005,0.0542,0.150,-1.9469138445704464,0.04712381341391364,4.498025975655249,0.0567
1787569813.1789777,-1.8951544030408605,0.021841818187070136,4.748034817557521,-1.9435808594907438,0.04811835367267635,4.413379811814301,0.0551,0.335,-1.9469138445704464,0.04712381341391364,4.498025975655249,0.0576
1787569813.3464813,-1.8940731569485203,0.023181604281568877,4.800486384771802,-1.9435877816901388,0.04811676794178239,4.412804127823972,0.0554,0.388,-1.9469138445704464,0.04712381341391364,4.498025975655249,0.0580
1787569813.4415367,-1.8940494746142729,0.024546801755683145,4.728516115636954,-1.9436115475585038,0.048114726132758336,4.40999385715407,0.0549,0.319,-1.9469138445704464,0.04712381341391364,4.498025975655249,0.0575
1787569813.5481012,-1.8945498450128642,0.025288612684507897,4.561006633395806,-1.9436520571554845,0.048112544189126444,4.4061659223793885,0.0541,0.155,-1.9469138445704464,0.04712381341391364,4.498025975655249,0.0567
1787569813.6162705,-1.894671919335142,0.025334350716602852,4.4411881504777355,-1.9181880394358064,0.05436551053672797,4.291797063191788,0.0374,0.149,-1.909187249084809,0.05411198249925227,4.300788466285224,0.0322
1787569813.743515,-1.8949404683713909,0.024568533332427596,4.260378928216459,-1.9181208290346563,0.054393654616439385,4.285815317107972,0.0378,0.025,-1.909187249084809,0.05411198249925227,4.300788466285224,0.0328
1787569813.802302,-1.8951789886561963,0.024106373880117226,4.350746048077915,-1.9073011575059584,0.04384138104981276,4.24167776487038,0.0232,0.109,-1.9022962771217475,0.04199919327346313,4.266194778355883,0.0193
1787569813.9213917,-1.8948835908249766,0.023827635520072114,4.5762863659573645,-1.9068957765175611,0.043414127030230606,4.232358974726401,0.0230,0.344,-1.9022962771217475,0.04199919327346313,4.266194778355883,0.0196
1787569814.0433562,-1.8938207905554083,0.02465471148337081,4.766798878031862,-1.908251950506443,0.03780221873336738,4.5274868077115125,0.0195,0.239,-1.9092234207554133,0.03658607860019669,4.546854461976603,0.0195
1787569814.1469095,-1.8925303574851848,0.025059860479936386,4.760395935730173,-1.9078682770842792,0.03678873341513623,4.531616090750539,0.0193,0.229,-1.9092234207554133,0.03658607860019669,4.546854461976603,0.0203
1787569814.2466729,-1.8910484741749187,0.024699524221812715,4.70397767212939,-1.9120709836135366,0.06149346385584058,4.261787710775304,0.0424,0.442,-1.9153755663056147,0.06565942712182146,4.2001022036972575,0.0476
1787569814.30007,-1.8900254379752321,0.02414783681884718,4.756879907861525,-1.9121458342788558,0.06310095213540819,4.249216351978979,0.0448,0.508,-1.9153755663056147,0.06565942712182146,4.2001022036972575,0.0486
1787569814.409402,-1.8879977111172872,0.022668215174415578,5.067560600015837,-1.900227609950441,0.05575544332405809,4.444246270395721,0.0353,0.623,-1.8933393380138015,0.053890588335115786,4.478780403797388,0.0317
1787569814.5194266,-1.8855590616383262,0.022487931315569094,5.146699550737333,-1.8989254899079597,0.05643902534317044,4.445987374219903,0.0365,0.701,-1.8933393380138015,0.053890588335115786,4.478780403797388,0.0324
1787569814.6411047,-1.8830111582212987,0.023219358352827076,5.239721034818905,-1.8800350505142327,0.04862059790727023,4.952862757907445,0.0256,0.287,-1.873947926969541,0.04728529081318935,4.9719003386471385,0.0257
1787569814.7049809,-1.8817590741332804,0.02388219591736205,5.184927447249443,-1.8765009728764077,0.048268201554908824,4.9922207708867585,0.0249,0.193,-1.873947926969541,0.04728529081318935,4.9719003386471385,0.0247
1787569814.830018,-1.8798924262491783,0.02473466452018496,4.98543809234178,-1.8866925714542364,0.057022486624638095,5.0304147244423705,0.0330,0.045,-1.891108418867465,0.058390620019266,5.012444065166985,0.0355
1787569814.8938646,-1.8791030794513632,0.02466439460506487,4.970618817466205,-1.8893594396892315,0.048486975456210474,4.794418619173868,0.0259,0.176,-1.8920260190136629,0.04727206429840974,4.808850860627665,0.0260
1787569815.0163445,-1.8773596738521763,0.023767594496486133,4.919325884226537,-1.8881933351970381,0.048068853571548074,4.808805795939751,0.0266,0.111,-1.8920260190136629,0.04727206429840974,4.808850860627665,0.0277
1787569815.1368842,-1.8763203525046563,0.022824282242751154,5.077075970724344,-1.8907574072791307,0.05186885802808197,4.684871153825911,0.0324,0.392,-1.8927501116134489,0.05287235357800264,4.667547374014514,0.0342
1787569815.195323,-1.876045635074674,0.022737591163909117,5.104512069751125,-1.8905030641975062,0.04557108750630409,5.0171374316418,0.0270,0.087,-1.8909649783539677,0.044129148685576956,5.039399206464245,0.0261
1787569815.326408,-1.8754269365058216,0.023314700204942654,5.095603073701844,-1.8896334067604268,0.04469605990390927,5.050873407122865,0.0257,0.045,-1.8757984251133752,0.05843126772231411,4.883368625339904,0.0351
1787569815.3925,-1.8752031392720325,0.023821960631001293,4.9306856697195425,-1.879994786346359,0.05647750565971544,4.912864209261034,0.0330,0.018,-1.8757984251133752,0.05843126772231411,4.883368625339904,0.0346
1787569815.5247965,-1.8743955866255566,0.02413207198385053,4.6487985464039445,-1.8741857684475551,0.05091845489731754,4.742028063932649,0.0268,0.093,-1.872394373689362,0.04989221376729909,4.755106748111437,0.0258
1787569815.6058779,-1.8736259071524677,0.023741017891015008,4.708946948052677,-1.8774549820533577,0.047840113662970384,4.458775115455731,0.0244,0.250,-1.88034580960251,0.04763698303813056,4.460387217314345,0.0248
1787569815.6971767,-1.8728194226781605,0.023141193823249234,4.830669638528401,-1.87588666061228,0.047389642779702736,4.441851426839083,0.0244,0.389,-1.88034580960251,0.04763698303813056,4.460387217314345,0.0256
1787569815.8372061,-1.8713410937793957,0.022074506735288817,5.176888857997251,-1.8811059811248423,0.06270811967692104,4.327624263136683,0.0418,0.849,-1.8843817143571948,0.06562068899286785,4.284068088386964,0.0455
1787569815.9147184,-1.8705077517844602,0.022010510948640198,5.187013447943416,-1.8706459697202118,0.039585286036851464,5.300450801459525,0.0176,0.113,-1.8680809756682968,0.03490634538148417,5.368664200697718,0.0131
1787569815.9938467,-1.869661413529411,0.022198725409697282,5.119829985613573,-1.868725433364293,0.03812320384861188,5.346214706656265,0.0160,0.226,-1.8680809756682968,0.03490634538148417,5.368664200697718,0.0128
1787569816.1088605,-1.8681686992791324,0.02264876231276835,4.866882941725408,-1.8762831318381132,0.05613689147901156,4.469132486963714,0.0345,0.398,-1.881042748736622,0.05984920974193759,4.410094602126966,0.0394
1787569816.2463284,-1.8663681403135488,0.022200150882206983,4.871187965165908,-1.873345253037587,0.0585407854658804,4.398333058134693,0.0370,0.473,-1.8722789710618088,0.05892114015968843,4.39329053985497,0.0372
1787569816.3298798,-1.865366472825648,0.02159375886040732,4.971207457401375,-1.8718988098436284,0.05966380159974795,4.372190413754381,0.0386,0.599,-1.872826460115962,0.06342373563490666,4.331281213093428,0.0425
1787569816.4133961,-1.8644398449397044,0.020902175896053737,5.203434920910353,-1.8724029946019323,0.06280079150924092,4.340535497965312,0.0426,0.863,-1.872826460115962,0.06342373563490666,4.331281213093428,0.0433
1787569816.5236607,-1.8625359482235173,0.020493449525091842,5.2365589771538374,-1.865969450403782,0.03811723458094204,5.010624571561649,0.0180,0.226,-1.86354972689552,0.03387828737907737,5.075496285781656,0.0134
1787569816.5882432,-1.8614597586899164,0.0207863841362208,5.174111307397932,-1.8660151609027842,0.054990700187324354,4.802559087967855,0.0345,0.372,-1.8678680295005867,0.0599255590543867,4.7299426957597515,0.0397
1787569816.7236633,-1.8594815086541336,0.02173467182470747,4.715570330070771,-1.8642952852638768,0.05553785621651895,4.812354190748042,0.0341,0.097,-1.8678680295005867,0.0599255590543867,4.7299426957597515,0.0391
1787569816.8314598,-1.857526924522703,0.021922682967446865,4.686313022863322,-1.8565490402525302,0.06415949790325515,4.462779215531558,0.0422,0.224,-1.8537199503811381,0.06554175506661138,4.44336440266169,0.0438
1787569816.9391809,-1.8553254834872746,0.021300744247191084,4.788903460374105,-1.8527915982646894,0.06651139157101957,4.436770280675255,0.0453,0.352,-1.8537199503811381,0.06554175506661138,4.44336440266169,0.0443
1787569817.047046,-1.853353313393029,0.020418419043884965,5.02071087205237,-1.8527915982646894,0.06651139157101957,4.436770280675255,0.0461,0.584,-1.8537199503811381,0.06554175506661138,4.44336440266169,0.0451
1787569817.1070178,-1.8524615738311714,0.020278435510465712,5.088687496197986,-1.7297246588824378,0.007413669945769946,6.1424661558967,0.1234,1.054,-1.7042985699957336,0.0024787203035250257,6.216308295945411,0.1492
1787569817.2226903,-1.8505774838970068,0.02069618035381616,5.213340073192321,-1.8157007243089083,0.039876468954322425,5.013154507656345,0.0398,0.200,-1.8620664885067673,0.04811220782094308,4.899969033241041,0.0297
1787569817.3390014,-1.8487873008694915,0.02176561018629504,5.050513108700879,-1.811491630840322,0.03939618116491351,5.02378623050887,0.0413,0.027,-1.8585664922222476,0.04264291566862747,5.162343896044878,0.0231
1787569817.4440901,-1.8469764308960022,0.02233959105587407,4.8063361585304465,-1.8426614221493622,0.041928418395458494,5.1688113652930054,0.0201,0.362,-1.8585664922222476,0.04264291566862747,5.162343896044878,0.0234
1787569817.4962223,-1.8459320570263569,0.022299248215847896,4.801524634996122,-1.8550688768317025,0.0561965046098154,4.5464716661351305,0.0351,0.255,-1.8674742806565092,0.06144232592333688,4.453258485749149,0.0447
1787569817.6085417,-1.8438157560069222,0.021404854161358698,4.739231663360477,-1.855130498089718,0.05989030628211422,4.392081368634549,0.0401,0.347,-1.8545470966122772,0.06049732536579419,4.38221665856735,0.0405
1787569817.7323434,-1.8428425197744445,0.02152895319022423,4.738943626492926,-1.854071556168932,0.05790214311104518,4.365707603442574,0.0381,0.373,-1.852317187556676,0.05693633437071529,4.381761508413119,0.0367
1787569817.8366177,-1.841854123565545,0.022660905129575217,4.927451706283346,-1.8550317094008517,0.05949132767778713,4.327027361331937,0.0391,0.600,-1.852317187556676,0.05693633437071529,4.381761508413119,0.0358
1787569817.9363327,-1.8410519673576133,0.024721959175430883,5.082328702923995,-1.852685725330766,0.04851086673708685,4.635682107569659,0.0265,0.447,-1.851827767864469,0.046300148336544125,4.668662531838871,0.0241
1787569818.0459802,-1.8402226095275025,0.026442348275320306,4.985629113100752,-1.8514085790572472,0.04348632663373911,5.020630546809043,0.0204,0.035,-1.8504053511528302,0.04227975504163454,5.039643315155068,0.0188
1787569818.1113524,-1.8396155926910558,0.026854172714239417,4.948583417502674,-1.8520015907272696,0.04282613045896652,5.042901564684622,0.0202,0.094,-1.8542299249252148,0.055757830306839236,4.866691848189023,0.0324
1787569818.2486455,-1.838225033054706,0.02698684437398217,4.947340603165216,-1.853396092375266,0.05379305488584069,4.895255106135407,0.0308,0.052,-1.8542299249252148,0.055757830306839236,4.866691848189023,0.0329
1787569818.305822,-1.8375624398576964,0.026805145868420834,5.101052738874179,-1.8523797879578359,0.06138827805925538,4.614198515653357,0.0376,0.487,-1.8516454628021821,0.06255972485556534,4.59594206475988,0.0384
1787569818.4406776,-1.8362325045102599,0.026854675767796977,5.36629433483348,-1.840918929448902,0.05121823720499477,4.978273873333128,0.0248,0.388,-1.8341058066559661,0.04814465105289933,5.0230200183499845,0.0214
1787569818.5093825,-1.8354451524348347,0.027343307374614555,5.375485310946457,-1.839862726453795,0.051435096569309155,4.994654907400725,0.0245,0.381,-1.8391526112878644,0.05192198194300494,5.284667617143287,0.0249
1787569818.6177347,-1.8339551018068738,0.02884105144813653,5.147902967240535,-1.8393524833376014,0.05205366545542751,5.281315706051294,0.0238,0.133,-1.8391526112878644,0.05192198194300494,5.284667617143287,0.0237
1787569818.7246659,-1.8325612099459903,0.029939747785788354,4.862580053169393,-1.84417196059569,0.04594368052293929,5.159397140982709,0.0198,0.297,-1.8469783013566101,0.04492673893501774,5.176199376313106,0.0208
1787569818.8382628,-1.830784808281293,0.029891861376904607,4.858755316404191,-1.8329376002257647,0.04723191169199958,4.7971064740309775,0.0175,0.062,-1.8273064873782765,0.04775924202947029,4.785708323110418,0.0182
1787569818.9059331,-1.8298068469439739,0.02948473259785062,4.943950563986533,-1.8264492449249417,0.04731204484149043,4.835924512280995,0.0181,0.108,-1.8237429127421316,0.0472932633965873,4.835740875741104,0.0188
1787569819.0321324,-1.8280285289128462,0.02872978624350779,5.448421159314646,-1.8243156245363377,0.04702669879995368,4.8328999168725355,0.0187,0.616,-1.8237429127421316,0.0472932633965873,4.835740875741104,0.0191
1787569819.1416576,-1.826157533828908,0.029304963319882846,5.442405904987494,-1.8130949950864315,0.042377242571395544,5.239438087225513,0.0185,0.203,-1.8076013951909204,0.04111391049945597,5.2577105319442845,0.0220
1787569819.206899,-1.8251845557818105,0.029983246034649684,5.353311176839435,-1.8206251930298438,0.0352656358344224,5.613941880699706,0.0070,0.261,-1.8269468358229515,0.0334184221634058,5.649786195704457,0.0039
1787569819.2959545,-1.8245524375125899,0.030270813119264557,5.3344236965539915,-1.8221151251207506,0.04712352485407729,5.3674095373144155,0.0170,0.033,-1.8238888813518206,0.04973533125449631,5.330130203288224,0.0195
1787569819.4315374,-1.8233347939972302,0.030245372800582624,5.013821113734487,-1.8200934364208932,0.047156765061542434,5.4039382552764,0.0172,0.390,-1.8238888813518206,0.04973533125449631,5.330130203288224,0.0195
1787569819.5374255,-1.8218463389884088,0.02929461326502371,4.746000371412272,-1.719402399336143,0.003675462308292847,6.656588722546264,0.1056,1.911,-1.6798973057856137,-0.003161490306763144,6.753938250449409,0.1456
1787569819.6485229,-1.8210662803178084,0.02807918023092375,4.716382441424496,-1.7673831257540378,0.03691549117931069,5.086066284464974,0.0544,0.370,-1.8249131447645306,0.053611347027765904,4.777266212564584,0.0258
1787569819.7195513,-1.8209738275846556,0.027714617059358914,4.736010707810703,-1.8025681479093518,0.05515150363291105,4.5061102414883845,0.0330,0.230,-1.8247396085972865,0.060140647384203244,4.438773600667452,0.0326
1787569819.7885227,-1.8208479348472046,0.027625278398281612,4.757134213040598,-1.8157321790391272,0.04832037690696213,4.748277257492786,0.0213,0.009,-1.8247674725356169,0.045810020551106716,4.796533855970034,0.0186
1787569819.9054265,-1.8206044347622186,0.028143402445176,4.591540954447247,-1.815743699686883,0.049372863657176115,4.7105011876754315,0.0218,0.119,-1.8247674725356169,0.045810020551106716,4.796533855970034,0.0182
1787569820.0006716,-1.8202104910821706,0.028368676189771656,4.3307115704377654,-1.8146826510309833,0.06071923272594347,4.146541880711019,0.0328,0.184,-1.814594623008097,0.062461522917859745,4.118815539005852,0.0346
1787569820.1005304,-1.8192059292726297,0.027713110594514923,4.359791394479236,-1.808527835993279,0.059851884347077014,4.050892301595938,0.0339,0.309,-1.8050886013017315,0.0589481994626857,4.066336989065005,0.0343
1787569820.2229743,-1.8177703059979278,0.026189070233614872,4.667758948570005,-1.8024837920976413,0.05758895358944261,4.0821702468935905,0.0349,0.586,-1.800374074480868,0.05667181481060654,4.096166259509585,0.0351
1787569820.341266,-1.8157496824241033,0.025856940277174188,5.086890643353922,-1.7980149637706864,0.06047915004208081,4.417192942660324,0.0389,0.670,-1.796482052128788,0.060248445232881365,4.424247333449297,0.0394
1787569820.4383838,-1.8133996374325527,0.02647043024747171,5.604974784755345,-1.7963412126480194,0.06193936992578185,4.387621276544002,0.0394,1.217,-1.796482052128788,0.060248445232881365,4.424247333449297,0.0378
1787569820.5477087,-1.8106207334048339,0.02842893292351506,5.454424178963677,-1.7116807887567433,0.014499324489417272,6.542256926557322,0.0999,1.088,-1.680520427358237,0.006247388362498292,6.669344196924691,0.1320
1787569820.6040416,-1.8093388239448536,0.029429445979686664,5.21236341151659,-1.7592785767820236,0.05136739389241246,5.238187626458371,0.0547,0.026,-1.7888452766299148,0.06021467375388279,5.108533151028595,0.0370
1787569820.7080457,-1.8070532973029443,0.030124396159576263,5.174343510084697,-1.7544687621627795,0.05230155387963128,5.26179050895743,0.0571,0.087,-1.7888452766299148,0.06021467375388279,5.108533151028595,0.0352
1787569820.8083777,-1.8045446224262958,0.029913723093295316,5.076368335300416,-1.7544687621627795,0.05230155387963128,5.26179050895743,0.0549,0.185,-1.7888452766299148,0.06021467375388279,5.108533151028595,0.0341
1787569820.898942,-1.8026677102132436,0.02987776783240469,5.074912825520319,-1.8001888528278776,0.061681574562453365,4.855647405130778,0.0319,0.219,-1.8124844942720129,0.06283631432768867,4.841912116815215,0.0344
1787569821.0115244,-1.8016130909222055,0.030912389228507756,5.083758672231614,-1.7935598678188327,0.052923995014268504,5.11428851299652,0.0234,0.031,-1.789719750993683,0.05049347769014515,5.149850332067925,0.0229
1787569821.1324332,-1.8004726352700589,0.03301010688860474,5.20021064190749,-1.793769518453333,0.05346627004847339,5.125250377907205,0.0215,0.075,-1.789719750993683,0.05049347769014515,5.149850332067925,0.0205
1787569821.2060497,-1.7999726928547866,0.03435189909444106,5.183034497566206,-1.7997349901470718,0.044925128599763775,5.236901686185834,0.0106,0.054,-1.8021679389226664,0.043576297616850675,5.257727377437886,0.0095
1787569821.3334424,-1.7989237013413968,0.03644490056712936,4.976379370883431,-1.8019175715920743,0.050775480736080264,5.205546994452584,0.0146,0.229,-1.803161618083118,0.05275602961868981,5.177233140490322,0.0169
1787569821.410296,-1.7981965351110178,0.0369927400334932,4.952122119763417,-1.7941571946493788,0.057406673446112215,4.9599857892660575,0.0208,0.008,-1.7885686545286654,0.05910699780860105,4.9309557429827935,0.0241
1787569821.5385764,-1.796600459666635,0.03732293793132688,5.100412572059733,-1.8004266825196626,0.05218245022797986,5.027396630728269,0.0153,0.073,-1.8028237596511902,0.05115979259774545,5.0452808366649595,0.0152
1787569821.6008914,-1.7959141333895685,0.037490576871119057,5.358746741296786,-1.8013122437908757,0.05246996260439549,5.029235124531814,0.0159,0.330,-1.8028237596511902,0.05115979259774545,5.0452808366649595,0.0153
1787569821.7387981,-1.794302714914161,0.038500501627103355,5.36216168679748,-1.7888800588191052,0.06066390501624545,5.308428552888154,0.0228,0.054,-1.7837182019613589,0.06174940687963276,5.2872570839225554,0.0255
1787569821.8009124,-1.7934658163492203,0.03940347093861342,5.31324196154036,-1.7882117581920556,0.06244719972579101,5.3398671369488655,0.0236,0.027,-1.7837182019613589,0.06174940687963276,5.2872570839225554,0.0244
1787569821.9171846,-1.7919438769753298,0.04063876103840937,5.129360858338842,-1.7863866293567758,0.04603882390452913,5.439598205614445,0.0077,0.310,-1.7860111617565921,0.04375550384035331,5.4724049219870565,0.0067
1787569822.0443544,-1.7902250109501545,0.040397174446292115,5.004096868206203,-1.7902575471047473,0.05579133618732017,5.203108691488216,0.0154,0.199,-1.7920679333454457,0.05748312317664364,5.179407049501342,0.0172
1787569822.1139364,-1.7892172478886776,0.03963676526388837,4.9861175280793155,-1.790166374931572,0.05646685227103121,5.213908715660821,0.0169,0.228,-1.7920679333454457,0.05748312317664364,5.179407049501342,0.0181
1787569822.2282097,-1.7873556051711856,0.03784507920481212,5.28083696097551,-1.790120780771611,0.057019515955482124,5.22259973814695,0.0194,0.058,-1.7920679333454457,0.05748312317664364,5.179407049501342,0.0202
1787569822.3339236,-1.7844754716009708,0.03665395285571546,5.337148019757503,-1.790120780771611,0.057019515955482124,5.22259973814695,0.0211,0.115,-1.7935974595363553,0.06819551636384535,4.978128809639073,0.0328
1787569822.4326632,-1.7827529215634474,0.03694789774590997,5.486122908245425,-1.7930690007949435,0.06743229234060917,4.990089819815287,0.0322,0.496,-1.7935974595363553,0.06819551636384535,4.978128809639073,0.0331
1787569822.5318577,-1.7812636614401536,0.03747311209968656,5.440693088893758,-1.7861514176425644,0.05967159149214899,5.391018320214175,0.0227,0.050,-1.783502628421783,0.05812887324397422,5.414007544366983,0.0208
1787569822.6457362,-1.7797389237049748,0.03725627627600349,5.2742079726970506,-1.7857442926222957,0.06018063591219948,5.4115118931182415,0.0237,0.137,-1.783502628421783,0.05812887324397422,5.414007544366983,0.0212
1787569822.7072077,-1.7788704763640444,0.03682257631422886,5.192682660438066,-1.7738147351345068,0.07201662631310077,5.034654866411845,0.0356,0.158,-1.7699287944647342,0.07349189425664665,5.010073043722002,0.0377
1787569822.782331,-1.777950619020101,0.036198916662026945,5.15320306043439,-1.7722637402058155,0.07029532319841299,4.837525408135889,0.0346,0.316,-1.7720427325097534,0.06970034992003098,4.844192717243423,0.0340
1787569822.9213612,-1.7763109894025664,0.03479273365716524,5.47150702533076,-1.7699889151898003,0.07226368421530598,4.81010252027964,0.0380,0.661,-1.7804066108089882,0.0691255363975789,4.909822712508812,0.0346
1787569823.0488195,-1.7755259957700364,0.03505463179977673,5.499552770556433,-1.7771044660461148,0.06950722404906672,4.902798338993335,0.0345,0.597,-1.7804066108089882,0.0691255363975789,4.909822712508812,0.0344
1787569823.1273637,-1.7751426474404597,0.0355493245777045,5.450900172712291,-1.7719455207326589,0.06980883480685066,5.230135309304623,0.0344,0.221,-1.7704186372433064,0.06932221796043364,5.238233943555599,0.0341
1787569823.2472124,-1.7754643631861675,0.03621955349971488,5.262875324827704,-1.7702643713312318,0.07116153757197331,5.24320833467363,0.0353,0.020,-1.7704186372433064,0.06932221796043364,5.238233943555599,0.0335
1787569823.3019567,-1.7755298837808833,0.03628648689791006,5.134906376217405,-1.7735624385218456,0.07646296457848174,5.0587870359293055,0.0402,0.076,-1.7750604680085746,0.07729213125095827,5.046467996018031,0.0410
1787569823.4119017,-1.775317750172628,0.03548645401068976,4.9283558088849535,-1.7721682518483135,0.07902217786021327,5.054138855658002,0.0436,0.126,-1.7750604680085746,0.07729213125095827,5.046467996018031,0.0418
1787569823.5216131,-1.775072030210638,0.0341884905457243,5.1528043194697215,-1.7732028881549722,0.06507249189084419,4.580234669907895,0.0309,0.573,-1.7527251359138691,0.054338671768710045,4.851550846028359,0.0301
1787569823.5898588,-1.7746670765403652,0.034037804663776615,5.166706221313185,-1.7604035243811216,0.057185082864082845,4.8086689971736165,0.0272,0.358,-1.7527251359138691,0.054338671768710045,4.851550846028359,0.0299
1787569823.7192783,-1.7736606445592875,0.03469929128420349,5.091323653614233,-1.7621172380726187,0.0539109108491836,5.02038826294157,0.0224,0.071,-1.7639772022402278,0.053424800738348203,5.029678608332338,0.0211
1787569823.787669,-1.773144358917122,0.03541531257592344,4.887393656095858,-1.7312604530233895,0.071684798869631,4.766582233867819,0.0554,0.121,-1.7214420457120951,0.07433526231706726,4.720571807589839,0.0647
1787569823.9226124,-1.7716900321619053,0.036444975154535535,4.426083798446531,-1.7262091091267788,0.07273789125330195,4.747359582860664,0.0582,0.321,-1.7214420457120951,0.07433526231706726,4.720571807589839,0.0629
1787569824.0100105,-1.769264970558407,0.036160474425108696,4.3059557728948965,-1.7262091091267788,0.07273789125330195,4.747359582860664,0.0565,0.441,-1.7214420457120951,0.07433526231706726,4.720571807589839,0.0612
1787569824.0963492,-1.7665795531358104,0.035088246799498596,4.553405872926618,-1.740913142168822,0.06285369834817783,4.177229549964269,0.0378,0.376,-1.745227363815298,0.06237198000709025,4.185061379577065,0.0346
1787569824.2287555,-1.7629849390498746,0.03470537210444735,4.704135649661855,-1.738067909199508,0.06258399119236628,4.116859352144903,0.0374,0.587,-1.745227363815298,0.06237198000709025,4.185061379577065,0.0329
1787569824.296924,-1.761156736194207,0.03485350407064274,4.82040811865311,-1.735611419038897,0.062340204252647136,4.065137096488802,0.0375,0.755,-1.745227363815298,0.06237198000709025,4.185061379577065,0.0318
1787569824.4206128,-1.7574395996674006,0.03591260784130837,4.939636083357891,-1.7462537676133747,0.04700386291492814,4.924982427225188,0.0158,0.015,-1.749670390086065,0.045147061443058044,4.9592259728362285,0.0121
1787569824.5436168,-1.7542980143579587,0.036342514626834875,4.855680229432426,-1.743884377571389,0.043717820854169386,4.93436340041766,0.0128,0.079,-1.749670390086065,0.045147061443058044,4.9592259728362285,0.0099
1787569824.6034849,-1.752819771596912,0.035876213640222095,4.8779999057371555,-1.7425396379444702,0.04179682267657072,4.939698442371926,0.0119,0.062,-1.7727924535219266,0.0640703297376474,4.724238548178243,0.0346
1787569824.7418668,-1.7497747706777822,0.034036228738787935,4.899729695599884,-1.7652782425495024,0.062445326245131536,4.739698042215413,0.0324,0.160,-1.7727924535219266,0.0640703297376474,4.724238548178243,0.0378
1787569824.8036127,-1.7489014859175582,0.03311732729769867,4.927642490350581,-1.7671575944779598,0.06279869123319597,4.7252843125925885,0.0348,0.202,-1.7727924535219266,0.0640703297376474,4.724238548178243,0.0391
1787569824.9318697,-1.7471298513716862,0.03173864443480037,5.1136401966089124,-1.7648596955612803,0.06249945048007692,4.731894353612256,0.0355,0.382,-1.7727924535219266,0.0640703297376474,4.724238548178243,0.0413
1787569824.991839,-1.7461263585103606,0.031550397052664395,5.273702655843507,-1.765017928760845,0.06251790494350788,4.727101434390615,0.0363,0.547,-1.7727924535219266,0.0640703297376474,4.724238548178243,0.0421
1787569825.1313257,-1.7442809312737086,0.03169126012064988,5.31761562420713,-1.7648864018786874,0.06251049413584842,4.7300852697349205,0.0371,0.588,-1.7727924535219266,0.0640703297376474,4.724238548178243,0.0431
1787569825.1956222,-1.7434327701100296,0.03159270766731151,5.156705679279281,-1.7649091386903595,0.06251187087875507,4.729606186368805,0.0376,0.427,-1.7727924535219266,0.0640703297376474,4.724238548178243,0.0438
1787569825.3194623,-1.742521489172697,0.03161183982895566,3.3003599263602754,-1.764945496026244,0.06250967446184204,4.728662874159234,0.0382,1.428,-1.7727924535219266,0.0640703297376474,4.724238548178243,0.0444
1787569825.385771,-1.7420836658598502,0.03145414447675442,2.429720262775463,-1.8157228503543748,0.11422031833045856,2.0055383181024564,0.1108,0.424,-1.8407232410968253,0.12982006337448704,1.619566663341541,0.1393
1787569825.5228415,-1.7417201925555226,0.03164531541038783,1.1261877511091944,-1.8161069880873661,0.11453785278317977,1.9516357474765647,0.1114,0.825,-1.7989868910734714,0.07681552882999734,0.9013451687383207,0.0729
1787569825.644595,-1.7413967676526405,0.032758048715634036,-0.1427326733107785,-1.8072080762191143,0.08455441602547817,0.7276678263028055,0.0837,0.870,-1.7989868910734714,0.07681552882999734,0.9013451687383207,0.0725
1787569825.7037344,-1.741210198363176,0.03364194572207163,-0.8684334645831997,-1.8076379400804994,0.08379411840189784,0.6034845172701706,0.0832,1.472,-1.7989868910734714,0.07681552882999734,0.9013451687383207,0.0721
1787569825.845195,-1.7416720561885868,0.03507828761919083,-2.1456187352510208,-1.7622282798236302,0.054007023423275805,-1.135591765071311,0.0279,1.010,-1.7505290779829021,0.052110828418965506,-1.1149015768445205,0.0192
1787569825.9130888,-1.7421920102073796,0.03526512873389044,-2.6050767298485216,-1.76082547908869,0.05219986635273016,-1.2699933412147864,0.0252,1.335,-1.7505290779829021,0.052110828418965506,-1.1149015768445205,0.0188
1787569825.9784505,-1.7426669600410503,0.03520729121900975,-3.0551420164108825,-1.7595345909770204,0.05050213554446819,-1.3930941809031923,0.0228,1.662,-1.7505290779829021,0.052110828418965506,-1.1149015768445205,0.0186
1787569826.1205137,-1.7437528398223405,0.034603159347888844,-3.650575328000754,-1.7416356649524993,0.055736160820361716,-3.5055914179324743,0.0212,0.145,-1.7378941417831664,0.056743835533623756,-3.522743103472127,0.0229
1787569826.2457356,-1.7436491678599106,0.03467059439778065,-3.622728607020288,-1.7384850622146997,0.053810318336092705,-3.7875863686878284,0.0198,0.165,-1.7378941417831664,0.056743835533623756,-3.522743103472127,0.0228
1787569826.299233,-1.7433799992669028,0.0352270461293087,-3.6647399927618847,-1.7384850622146997,0.053810318336092705,-3.7875863686878284,0.0192,0.123,-1.7378941417831664,0.056743835533623756,-3.522743103472127,0.0222
1787569826.4258175,-1.7429191474690813,0.036726437500958574,-4.0200693499390265,-1.7078765260381517,0.0219126187586803,-3.4527644698500124,0.0380,0.567,-1.7033018622467273,0.01966265204912775,-3.4182419405815825,0.0431
1787569826.492749,-1.7422593748098156,0.03714638195183605,-4.359462618184333,-1.7015969653362863,0.016431231337394155,-3.6994020395195886,0.0456,0.660,-1.6699115602821717,0.025627879688187385,-3.9040854960617133,0.0733
1787569826.6213918,-1.740697748195283,0.03707189760717141,-4.974732952496431,-1.6774497129244694,0.024581758781082666,-3.8891506310897666,0.0645,1.086,-1.6699115602821717,0.025627879688187385,-3.9040854960617133,0.0717
1787569826.696579,-1.7398658492040304,0.03664328550114625,-5.156360324758492,-1.6783481081081415,0.016710183187189618,-4.749644488489234,0.0647,0.407,-1.6819524337572107,0.016826238534101718,-4.753899374503044,0.0612
1787569826.8397527,-1.7377853792043938,0.03606709403815727,-5.1625153476074495,-1.670935002623124,0.011865503640272071,-5.031533747601309,0.0711,0.131,-1.6819524337572107,0.016826238534101718,-4.753899374503044,0.0591
1787569826.9014413,-1.7363599787453674,0.036230162632316806,-5.120890053431619,-1.670935002623124,0.011865503640272071,-5.031533747601309,0.0698,0.089,-1.6890729646835594,0.008214668847807529,-5.012977956548701,0.0550
1787569827.0430343,-1.7333901661449083,0.037163360454745144,-5.204699098545465,-1.6847526227417098,0.008323961041071474,-5.016132233401944,0.0565,0.189,-1.6890729646835594,0.008214668847807529,-5.012977956548701,0.0529
1787569827.1127384,-1.7313654789467736,0.03744636055335542,-5.239216369295808,-1.6858802407769615,0.004798558041040611,-4.859421275635549,0.0560,0.380,-1.6884939315274234,0.004740823448793377,-4.854151741523963,0.0539
1787569827.2410736,-1.7272387450905111,0.037228575077183385,-5.388706613956035,-1.6816724904209563,8.102445017769936e-05,-5.083465564601355,0.0588,0.305,-1.6884939315274234,0.004740823448793377,-4.854151741523963,0.0506
1787569827.3071597,-1.7251398941111538,0.036762090958519955,-5.419713864264872,-1.7059466266701,0.026039501524194174,-5.438326360130811,0.0220,0.019,-1.7142870845765381,0.02908651918164665,-5.482823444441615,0.0133
1787569827.4489505,-1.7217378739891993,0.03567599939844222,-5.1983948338169474,-1.7053469656580929,0.025263631937662255,-5.645099726279472,0.0194,0.447,-1.7142870845765381,0.02908651918164665,-5.482823444441615,0.0099
1787569827.5226622,-1.720223398516128,0.035527990607551796,-5.039357942420211,-1.7053469656580929,0.025263631937662255,-5.645099726279472,0.0181,0.606,-1.7090532967667835,0.014897816657827712,-4.888217704127602,0.0235
1787569827.6012843,-1.718626496461552,0.03565262657285019,-4.886904183475223,-1.70731548772131,0.016370021986638773,-4.918171910893348,0.0224,0.031,-1.7090532967667835,0.014897816657827712,-4.888217704127602,0.0229
1787569827.7464278,-1.7154835238521047,0.03648387153837248,-4.917358595326702,-1.7068037931810367,0.013288782738572237,-5.168870108636801,0.0248,0.252,-1.7090532967667835,0.014897816657827712,-4.888217704127602,0.0225
1787569827.838696,-1.7143319808369184,0.036642810007562684,-4.924023644196791,-1.7469687921848944,0.01970113854544267,-4.301973225427464,0.0368,0.622,-1.76811315460384,0.014402166539841482,-4.117138120688174,0.0582
1787569827.903864,-1.7131148799382756,0.03636430887203192,-4.937176438887545,-1.752755917094306,0.01830906513875248,-4.411245036430294,0.0436,0.526,-1.76811315460384,0.014402166539841482,-4.117138120688174,0.0592
1787569828.020244,-1.7107545958210477,0.03528749373700695,-4.732549053868743,-1.7443242866673763,0.020347089892380835,-4.383930087563902,0.0367,0.349,-1.76811315460384,0.014402166539841482,-4.117138120688174,0.0610
1787569828.138072,-1.7088863491670718,0.03471540555608754,-4.468142733789293,-1.7444754668541222,0.020284617864421043,-4.401378137702404,0.0384,0.067,-1.76811315460384,0.014402166539841482,-4.117138120688174,0.0626
1787569828.2028472,-1.708023286314134,0.03489407572248798,-4.469330252655886,-1.744502385202986,0.02026849215188471,-4.40154498428074,0.0393,0.068,-1.76811315460384,0.014402166539841482,-4.117138120688174,0.0635
1787569828.3342278,-1.706248830032515,0.036151257299707265,-4.4782152451898565,-1.7445611813717294,0.02027039089038973,-4.412711600128036,0.0415,0.066,-1.76811315460384,0.014402166539841482,-4.117138120688174,0.0656
1787569828.4417443,-1.7054343564006935,0.03603054357768993,-4.524971831910194,-1.7445611813717294,0.02027039089038973,-4.412711600128036,0.0422,0.112,-1.76811315460384,0.014402166539841482,-4.117138120688174,0.0663
1787569828.4934833,-1.705006116938306,0.03564564733904904,-4.585948804866171,-1.7445634121421225,0.020263278063015016,-4.411160525088115,0.0424,0.175,-1.76811315460384,0.014402166539841482,-4.117138120688174,0.0666
1787569828.6188915,-1.7042789724705554,0.03396811999883387,-4.62424369707117,-1.7445883589481923,0.020265728821263526,-4.414019241782478,0.0426,0.210,-1.76811315460384,0.014402166539841482,-4.117138120688174,0.0668
1787569828.7488766,-1.7042339314873405,0.03241220839370637,-4.473181940410369,-1.7446233738678771,0.020277916291056953,-4.419305153921702,0.0422,0.054,-1.76811315460384,0.014402166539841482,-4.117138120688174,0.0664
1787569828.8173285,-1.7043887286503823,0.03209283465675415,-4.438437628352455,-1.7446021259208155,0.020268780079752385,-4.415505489573488,0.0419,0.023,-1.76811315460384,0.014402166539841482,-4.117138120688174,0.0661
1787569828.9368527,-1.704482120563883,0.032321168862520545,-4.452747303265054,-1.712398430032371,0.03801637740149745,-4.531110679580301,0.0098,0.078,-1.7083799037073657,0.038627972989847374,-4.546687794482146,0.0074
1787569828.999248,-1.7045829136173793,0.03261790982742938,-4.607836730912136,-1.7123823924296955,0.03807744888531268,-4.5345656541724235,0.0095,0.073,-1.7083799037073657,0.038627972989847374,-4.546687794482146,0.0071
1787569829.1281793,-1.7043942610179703,0.03252527928291768,-4.879052962714713,-1.7032298982935854,0.02031234115824883,-4.5891681705149185,0.0123,0.290,-1.6996556926506534,0.017698017097623833,-4.550755549454938,0.0156
1787569829.2445521,-1.7035981913788432,0.031235326462483982,-4.804324127936077,-1.7030031580944063,0.019751070255380126,-4.596540319221614,0.0115,0.208,-1.6996556926506534,0.017698017097623833,-4.550755549454938,0.0141
1787569829.314721,-1.7032524323687899,0.0303490710492144,-4.631941056599277,-1.7043757689885861,0.013911329850233503,-4.549220590054919,0.0165,0.083,-1.7049153899393863,0.012971346489282441,-4.534538972185062,0.0175
1787569829.3987918,-1.7028095418026856,0.029592799646130097,-4.602332941966349,-1.702765570366945,0.00852078049414164,-4.307006230343027,0.0211,0.295,-1.7021427170715564,0.007638472548961198,-4.292148045227356,0.0220
1787569829.4796402,-1.7022923111885748,0.02909589210994709,-4.5322418805140705,-1.6948095472355809,0.01785722830188001,-4.667447926005591,0.0135,0.135,-1.6902476777444377,0.02063267316650968,-4.709658367634891,0.0147
1787569829.6271741,-1.701031421372635,0.029091451755277716,-4.5228823447381865,-1.6964303059174501,0.01068545423419769,-4.301133788669487,0.0190,0.222,-1.6978070991010619,0.008891634409856682,-4.271389627144665,0.0205
1787569829.6932786,-1.700512684049244,0.029166504379371815,-4.720959452330392,-1.6957541406332144,0.009634840489861747,-4.292299462065915,0.0201,0.429,-1.6978070991010619,0.008891634409856682,-4.271389627144665,0.0205
1787569829.831934,-1.6984723434507514,0.027898004734203955,-4.9413851637730675,-1.6957541406332144,0.009634840489861747,-4.292299462065915,0.0185,0.649,-1.6978070991010619,0.008891634409856682,-4.271389627144665,0.0190
1787569829.937045,-1.6968845324351445,0.02606469904906738,-4.820109694601913,-1.6905910393487809,0.023466769803000737,-5.198207523631629,0.0068,0.378,-1.6900973755460416,0.02476732976144281,-5.219250324826617,0.0069
1787569830.0011985,-1.6962532905784828,0.025314609689152223,-4.791554254621139,-1.689473767854722,0.024021432639664074,-5.245659782194134,0.0069,0.454,-1.6900973755460416,0.02476732976144281,-5.219250324826617,0.0062
1787569830.1120706,-1.6948882903264648,0.024439241349686138,-4.589356172348434,-1.6886281750541838,0.024453600956810637,-5.281206251610131,0.0063,0.692,-1.696831251395547,0.0011501485575608331,-4.343954107591564,0.0234
1787569830.2381663,-1.6932734905316287,0.024536740850680635,-4.375143439519596,-1.6950579605634606,0.003448203536555009,-4.3814836226159635,0.0212,0.006,-1.696831251395547,0.0011501485575608331,-4.343954107591564,0.0237
1787569830.3491013,-1.6918366623271757,0.025066387856493753,-4.506487009423929,-1.6944851228122666,0.00045235186727431403,-4.3584544535542245,0.0248,0.148,-1.6801796792903279,0.018944023096103817,-4.510103681299762,0.0132
1787569830.4141119,-1.6914966488626002,0.02493381091437593,-4.5748153508612575,-1.6814652060087476,0.027838679792602065,-4.82871242768438,0.0104,0.254,-1.6817937691327525,0.030550219590896013,-4.8727568393591305,0.0112
1787569830.540728,-1.6913701564126384,0.02430563112786748,-5.32443689617692,-1.6800337145712447,0.029075383643780994,-4.845078283763116,0.0123,0.479,-1.6817937691327525,0.030550219590896013,-4.8727568393591305,0.0114
1787569830.6451557,-1.6913846121908827,0.024063277295734594,-5.528349495997132,-1.6786073254440348,0.03032195848629328,-4.861177347270975,0.0142,0.667,-1.6754171788874628,0.018163785857678066,-5.694201612032705,0.0170
1787569830.717996,-1.691233967431633,0.024189176532081115,-5.454788466735649,-1.6416213722384716,-0.024694552055405515,-4.310669887581554,0.0696,1.144,-1.6251550833083386,-0.03643217323436521,-4.116217355248227,0.0897
1787569830.7906377,-1.6908995406345109,0.024673563851975392,-5.3897878713883935,-1.64674190738928,-0.0011160331866132064,-5.185186872369617,0.0511,0.205,-1.6549079984269284,0.007494257592420551,-5.33211491166686,0.0399
1787569830.9142175,-1.6896220847550518,0.02702837970530006,-5.562329728620674,-1.6589111646338155,0.00950996594914682,-5.372572881337213,0.0354,0.190,-1.6708537924710174,0.013864737597439152,-5.449559499095699,0.0229
1787569830.982823,-1.689085400567414,0.02825928435746009,-5.820661418127269,-1.6690776895448176,0.017908623777988276,-5.7642392767664905,0.0225,0.056,-1.6751826357587885,0.019761425262371412,-5.798646778634709,0.0163
1787569831.1285133,-1.686609516549917,0.029400167722023453,-6.396794143606086,-1.6674266580429131,0.01863162262232503,-5.847498242101301,0.0220,0.549,-1.6751826357587885,0.019761425262371412,-5.798646778634709,0.0149
1787569831.203328,-1.6853260081583787,0.029598085676778567,-6.664194904292322,-1.6639912106919905,0.01885773157099843,-6.22886666827132,0.0239,0.435,-1.6627940905089733,0.01906509146374136,-6.232811735335924,0.0249
1787569831.3377428,-1.6834910127113365,0.029885331673220907,-6.854582760938137,-1.6745940252083351,0.009331516189741559,-6.637116954545287,0.0224,0.217,-1.6797576769567975,0.008262283565846918,-6.626704550094219,0.0219
1787569831.3960705,-1.6827558298014984,0.030440429750108276,-6.892092117508908,-1.6741721649768955,0.008556424148035825,-6.79180742599607,0.0235,0.100,-1.6797576769567975,0.008262283565846918,-6.626704550094219,0.0224
1787569831.520935,-1.6810731229241915,0.032242902805684995,-7.029799360881535,-1.6739044552278695,-0.0056565654025887355,-6.4863400815116465,0.0386,0.543,-1.6740638615619041,-0.007366655794797552,-6.459258619661156,0.0402
1787569831.5914109,-1.6802509346916679,0.03338232155854678,-7.242617364879436,-1.6932620366649425,-0.00920099730810939,-6.409883326412799,0.0445,0.833,-1.7022123016126898,-0.010063465172767768,-6.3876401098791975,0.0487
1787569831.721799,-1.6787028865188836,0.03477285215022801,-7.340491508402141,-1.6963161463007834,-0.0075313449831276615,-6.655648103341043,0.0458,0.685,-1.6966142975626914,-0.006574659198176767,-6.672418463236671,0.0451
1787569831.848729,-1.6770900243211173,0.035166683320471404,-7.405544444861012,-1.6985634851027966,-0.009531989547406397,-6.7503606171259625,0.0496,0.655,-1.6966142975626914,-0.006574659198176767,-6.672418463236671,0.0461
1787569831.9206772,-1.6763623952315447,0.0351319325260248,-7.2944731408044525,-1.653786522284838,0.008060470147166762,-7.362803706906842,0.0352,0.068,-1.634484893985962,0.011224198782905486,-7.440152993494104,0.0482
1787569831.9921095,-1.675694299736827,0.03522533008289861,-7.063309704801007,-1.6504753363314937,0.008324344796956233,-7.500245550102803,0.0369,0.437,-1.634484893985962,0.011224198782905486,-7.440152993494104,0.0477
1787569832.1143804,-1.6741705004679004,0.03593611193509043,-6.593870380213684,-1.6428719109280177,-0.006750921800373351,-6.333779194262879,0.0529,0.260,-1.6419315638470764,-0.008792813140164982,-6.299864787316237,0.0551
1787569832.2354274,-1.6726791998343986,0.03704002392387189,-6.4231711846973045,-1.638683258172254,-0.008345711247783756,-6.376138297906738,0.0567,0.047,-1.6419315638470764,-0.008792813140164982,-6.299864787316237,0.0552
1787569832.2977443,-1.6720844779689754,0.036980911948640886,-6.435967088652852,-1.6763673922550142,-0.0009395067767038363,-5.944597621069528,0.0382,0.491,-1.687910880922832,-0.0008082349707498117,-5.933669205240697,0.0410
1787569832.4199495,-1.670770399649983,0.0360785726585599,-6.479855538656484,-1.6722520996186971,0.008094963873344872,-6.255122302869354,0.0280,0.225,-1.6700307802563679,0.010534236367769003,-6.29475362663451,0.0256
1787569832.4941037,-1.6700531977879294,0.03495067861912047,-6.448961404849753,-1.6617116702736334,0.011273577994526591,-6.2965890182845135,0.0251,0.152,-1.657362753810626,0.011618674421065206,-6.30310815381004,0.0266
1787569832.6457512,-1.66882752404661,0.032538480911291516,-6.002617728158693,-1.6606144106618246,0.012221836923325458,-6.324737075465649,0.0219,0.322,-1.657362753810626,0.011618674421065206,-6.30310815381004,0.0239
1787569832.7091637,-1.6680004996835218,0.031806426431143085,-5.984949495116448,-1.6654875526765158,0.0013819728992407031,-5.627316493090048,0.0305,0.358,-1.6677094403675485,-0.0003480070874317423,-5.596127006226566,0.0322
1787569832.8384018,-1.666166012007625,0.031110088058935254,-6.00728782025836,-1.6649721725994497,0.0010214043053492728,-5.603200549086904,0.0301,0.404,-1.6677094403675485,-0.0003480070874317423,-5.596127006226566,0.0315
1787569832.9000957,-1.665319106705699,0.030933474382079298,-6.19655980230979,-1.672529899722458,0.005106353528941032,-5.7744950006182085,0.0268,0.422,-1.6751073488090868,0.005632232806284466,-5.781114786947236,0.0271
1787569833.028006,-1.663694499323691,0.029960796826925276,-6.224643801434261,-1.6731090275616958,0.005341391151443283,-5.7614221135253425,0.0264,0.463,-1.6694196473286214,0.006329744288942546,-5.932311369009504,0.0243
1787569833.0941057,-1.6628281151431228,0.029044124077580065,-6.285925663602325,-1.6703418420064982,0.006125451501130223,-5.928386085151176,0.0241,0.358,-1.6694196473286214,0.006329744288942546,-5.932311369009504,0.0237
1787569833.1652534,-1.661974866960194,0.02789333493056926,-6.274479845998982,-1.6686532114727062,0.018056153199369682,-6.431831465751771,0.0119,0.157,-1.6684655976066318,0.019984277238298067,-6.463493610150206,0.0102
1787569833.330604,-1.6606469171300071,0.02603824374222157,-6.109755749183851,-1.656655476776444,0.01275945774385226,-6.2019203209875124,0.0139,0.092,-1.6519133753402584,0.011318965389138876,-6.174492978884022,0.0171
1787569833.4048128,-1.6599808079574032,0.025699464416265944,-6.085941438562356,-1.6553470231358633,0.013520281325094238,-6.218647799304422,0.0130,0.133,-1.6519133753402584,0.011318965389138876,-6.174492978884022,0.0165
1787569833.5177765,-1.6585308033854689,0.025752163327996725,-6.27271352509874,-1.6565043384197555,0.015437211722756982,-6.325975120581012,0.0105,0.053,-1.6572496539959165,0.015658546237997104,-6.330380324579171,0.0102
1787569833.6347122,-1.6571793509620554,0.02557406006546441,-6.524291230438342,-1.6552862442008476,0.016477527984859106,-6.3515564734891825,0.0093,0.173,-1.6572496539959165,0.015658546237997104,-6.330380324579171,0.0099
1787569833.69538,-1.6564357335171724,0.02515357099902853,-6.532417766462512,-1.6433533160806488,0.020101966113739225,-6.707999693958016,0.0140,0.176,-1.6398183303439933,0.020415559014220482,-6.71042222271905,0.0173
1787569833.8245342,-1.6548040407165792,0.02334893599572382,-6.396268655273508,-1.6287431395806786,0.015305001410578578,-6.589777513747319,0.0273,0.194,-1.6235797002158454,0.013873767952916026,-6.561315698516545,0.0326
1787569833.8958423,-1.6541050173483065,0.022354529603554656,-6.145914480085619,-1.627990387371474,0.011576980368374566,-6.474559550242592,0.0283,0.329,-1.6294300837948443,0.01083350349550318,-6.4639970351611575,0.0272
1787569833.9767852,-1.6529897339865738,0.021884314524442155,-6.124497007055308,-1.6246672504820603,0.011731068183713115,-6.498716660532269,0.0301,0.374,-1.6294300837948443,0.01083350349550318,-6.4639970351611575,0.0260
1787569834.1429646,-1.6504429034932895,0.0218807037376027,-6.110619956118245,-1.63605563076286,0.008971557596267445,-6.1752954436060765,0.0193,0.065,-1.6411814956923008,0.008569508210155462,-6.171971470878344,0.0162
1787569834.2151852,-1.6492216617981423,0.02216233018353874,-6.307686290015257,-1.6327772408110945,0.00872724689807263,-6.177267586931729,0.0212,0.130,-1.6411814956923008,0.008569508210155462,-6.171971470878344,0.0158
1787569834.3456764,-1.6468580497822431,0.021981517642732925,-6.601792730072772,-1.6423148549741702,-2.356144392647551e-05,-6.044966017697164,0.0225,0.557,-1.645141778297302,-0.0009865498900435094,-6.030009205091682,0.0230
1787569834.4050164,-1.645719368794673,0.021446866332380805,-6.633242864405375,-1.6406606161967774,-0.0018927546791734408,-6.032205798716486,0.0239,0.601,-1.645141778297302,-0.0009865498900435094,-6.030009205091682,0.0224
1787569834.529332,-1.6441101487957483,0.0202327681762943,-6.55264436304543,-1.6497780453784137,-0.0069258841730398795,-6.302858974371902,0.0277,0.250,-1.652586910974029,-0.007159366927718915,-6.3025520612465336,0.0287
1787569834.6467192,-1.6429493627178235,0.019812167461944148,-6.3565280604754495,-1.6498023346776969,-0.009806309029003719,-6.321182670734841,0.0304,0.035,-1.652586910974029,-0.007159366927718915,-6.3025520612465336,0.0286
1787569834.707669,-1.6421830331533211,0.019998473233245478,-6.219144239205261,-1.6090454291659262,-0.02125828891699935,-5.848737312644617,0.0529,0.370,-1.5988280009986255,-0.021693205304832427,-5.847132275815024,0.0601
1787569834.8340576,-1.6407356751070155,0.020905054979111385,-6.247576608365034,-1.6015021394371542,-0.026356656590781465,-5.812369032923397,0.0614,0.435,-1.6422955108055273,0.0035502626137988284,-6.24795840595218,0.0174
1787569834.9143775,-1.6401226264859208,0.02127253109522599,-6.436472899587667,-1.6316821542112157,-0.00015421590109703648,-6.1802768259233565,0.0230,0.256,-1.6302887110126463,0.00331322089018982,-6.209871126199988,0.0205
1787569834.9989204,-1.6394133606684829,0.021245629141854166,-6.443613229347168,-1.6303668810405383,0.002762270931693133,-6.201394829177029,0.0206,0.242,-1.6302887110126463,0.00331322089018982,-6.209871126199988,0.0201
1787569835.0753262,-1.6386658719547464,0.020846570472061846,-6.431761492357494,-1.639926296249351,0.00487121318358617,-6.417871098878291,0.0160,0.014,-1.644643539389492,0.005532213119991678,-6.433655301081988,0.0164
1787569835.2231438,-1.6376706365081972,0.01983142995217654,-6.285553137344671,-1.6399874461622936,0.005572421324061847,-6.445862895859361,0.0144,0.160,-1.6288360039630916,0.0013528559185337072,-6.2442669651341465,0.0205
1787569835.2927103,-1.6372763131767978,0.019628962990800653,-6.236296501644659,-1.6317607833733827,0.001913694350686284,-6.254020247467647,0.0186,0.018,-1.6288360039630916,0.0013528559185337072,-6.2442669651341465,0.0201
1787569835.425665,-1.6362516924109496,0.02006170738964606,-6.220277473725638,-1.6302080407622999,0.0020890523483168937,-6.2654037521572725,0.0190,0.045,-1.6288360039630916,0.0013528559185337072,-6.2442669651341465,0.0201
1787569835.5396266,-1.6352202690163975,0.020686424279133437,-6.39952255234995,-1.6294029975730997,0.0021913479152011507,-6.271328113360441,0.0194,0.128,-1.6288360039630916,0.0013528559185337072,-6.2442669651341465,0.0204
1787569835.5999818,-1.6346154727539712,0.020668167218603706,-6.43858457216786,-1.5912309338088841,-0.037484735376292905,-5.102241269519129,0.0726,1.336,-1.5849766952921855,-0.03987419281580571,-5.060919739431175,0.0783
1787569835.7347088,-1.6333524514948685,0.019903834267884266,-6.4705724352166625,-1.6063022555626885,-0.001189898781625856,-6.33134899883475,0.0343,0.139,-1.6159008192206201,0.005659574704589151,-6.453139392390293,0.0225
1787569835.8048131,-1.6327847159641469,0.019271110707706984,-6.352976010490673,-1.6128007555823436,-0.006574142306136128,-6.0378936461409,0.0327,0.315,-1.6176487302364113,-0.008506126763967586,-6.005894355131407,0.0316
1787569835.93849,-1.6315452426473578,0.01853214994745424,-6.084893728897043,-1.6219502531754058,-0.007518953108397223,-6.068319060137214,0.0278,0.017,-1.6273572740252233,-0.007642236283033681,-6.0678446748769055,0.0265
1787569835.9981458,-1.630700065070864,0.01861091011669039,-6.079849333680287,-1.621274484523359,-0.0078016062133080145,-6.069807779961322,0.0280,0.010,-1.6111280090054463,-0.002810856758023242,-6.016398907445564,0.0290
1787569836.1207464,-1.6289749222641334,0.019293056483730753,-6.300440486411521,-1.6135979910244598,-0.003163948726664892,-6.0135086047799655,0.0272,0.287,-1.6111280090054463,-0.002810856758023242,-6.016398907445564,0.0284
1787569836.2384062,-1.6273939523129068,0.01950764208170024,-6.591655673882815,-1.6112912911468584,-0.002488469220406109,-6.008016058724464,0.0273,0.584,-1.6111280090054463,-0.002810856758023242,-6.016398907445564,0.0276
1787569836.2961364,-1.6265513690962587,0.019223146788087158,-6.5951438454988605,-1.6149806810918017,0.006474726826343432,-6.642968023383895,0.0172,0.048,-1.616179638719777,0.007420804935323699,-6.660463220663924,0.0157
1787569836.431279,-1.6247974469189919,0.01774534827878486,-6.454015833807581,-1.6138521252763678,0.008348463798736189,-6.698112851146029,0.0144,0.244,-1.616179638719777,0.007420804935323699,-6.660463220663924,0.0134
1787569836.4969301,-1.6236111615584168,0.0174669055779423,-6.370222446248536,-1.6103743666695511,-0.011344550801187325,-6.162901402598549,0.0317,0.207,-1.609502398569003,-0.013989004895110558,-6.118695325815216,0.0345
1787569836.576799,-1.6223510422522398,0.017417691354601694,-6.2327352986653075,-1.6129857513075663,-0.017226621311977088,-5.906397200984967,0.0359,0.326,-1.6145457814808415,-0.01814615862201632,-5.8903931379042245,0.0364
1787569836.725198,-1.6196262965047508,0.018354907015580433,-5.92519299109832,-1.611986260144093,-0.019245460545769883,-5.883890003217503,0.0384,0.041,-1.6039443309886678,-0.012636252088171908,-5.818350211780606,0.0347
1787569836.7919052,-1.6183023513877637,0.019080319877469436,-5.941004037425711,-1.6061038590269165,-0.013341065125539167,-5.8079046729934145,0.0346,0.133,-1.6039443309886678,-0.012636252088171908,-5.818350211780606,0.0348
1787569836.9204926,-1.616081684599419,0.019615568021369795,-5.993835250851019,-1.611141165439115,-0.010822378281400877,-5.641373368042403,0.0308,0.352,-1.6133118812379534,-0.010486861330816829,-5.646355572289098,0.0302
1787569836.9857903,-1.6149219483869655,0.01950725791395005,-6.015424335906531,-1.600630235097487,-0.005566599682609273,-5.8861557084601355,0.0289,0.129,-1.5958681263185543,-0.00437996549077675,-5.905975420125356,0.0306
1787569837.1187782,-1.6127446830102463,0.018824025563642384,-5.767016934380431,-1.5989295075528114,-0.005249341082423919,-5.875421677077679,0.0278,0.108,-1.5958681263185543,-0.00437996549077675,-5.905975420125356,0.0287
1787569837.182883,-1.6121042774265348,0.01874107462927515,-5.761568385959233,-1.5935446255992358,-0.008224469536371137,-5.5890319136513735,0.0327,0.173,-1.5919043540549866,-0.008759102331053452,-5.579216409463626,0.0341
1787569837.3394637,-1.6105579056683863,0.019329192165716432,-5.745269362704249,-1.6028051118212279,-0.018675241038139685,-5.311894974436952,0.0388,0.433,-1.6094592209039655,-0.021512097585690008,-5.2601219500556375,0.0409
1787569837.404942,-1.6097580369736944,0.020022818291354674,-5.884010156647017,-1.6013658725615745,-0.02058731384986038,-5.2384746593259335,0.0415,0.646,-1.6094592209039655,-0.021512097585690008,-5.2601219500556375,0.0415
1787569837.4806175,-1.6090528301834106,0.020637321974108974,-6.152978251741047,-1.575827955721803,-0.05310097837191012,-4.20540450889011,0.0809,1.948,-1.569750984872654,-0.05592776444925309,-4.157056413730747,0.0861
1787569837.6117265,-1.6084738897692927,0.020883189679056,-6.1781483543584095,-1.5706625622841528,-0.059641171435602436,-4.0458099604680955,0.0890,2.132,-1.569750984872654,-0.05592776444925309,-4.157056413730747,0.0860
1787569837.7402227,-1.607958588037261,0.020200206113286635,-5.9782084455784235,-1.5710094322737933,-0.048821769279308674,-4.6419316750655994,0.0783,1.336,-1.5711504282523434,-0.0472746122725491,-4.667907002793426,0.0769
1787569837.8073893,-1.607803726861408,0.019889111092836732,-5.703718870873755,-1.5935111795863524,-0.02127076995130557,-5.5820684077777125,0.0436,0.122,-1.6046110040696466,-0.015517138540147458,-5.671287337628961,0.0355
1787569837.9474952,-1.6065284227587038,0.020123354949924854,-5.690463223568664,-1.586373580829196,-0.01412641888273774,-5.397399801578876,0.0397,0.293,-1.5839168286881877,-0.013283210762866258,-5.409278813894062,0.0403
1787569838.0147128,-1.6057910965220308,0.020631736976724217,-5.746305677005077,-1.5847933416251725,-0.013114274335344917,-5.381580127542312,0.0397,0.365,-1.5839168286881877,-0.013283210762866258,-5.409278813894062,0.0404
1787569838.149994,-1.6043948139248476,0.021736621601405333,-5.949635581969858,-1.5900234320513644,-0.019037708731048895,-5.132048201659627,0.0432,0.818,-1.5924171274638863,-0.020172177351389327,-5.110911133505032,0.0436
1787569838.2162561,-1.6036404655238368,0.02199798677831698,-5.983245158930602,-1.5933383897710756,-0.012579996893478825,-5.628954878294112,0.0361,0.354,-1.594748794275281,-0.011577586320542052,-5.647272030677294,0.0347
1787569838.2935379,-1.6028593424740119,0.022009313487072173,-6.0083694942528325,-1.5930701565903234,-0.011663708470066463,-5.634930037835098,0.0351,0.373,-1.594748794275281,-0.011577586320542052,-5.647272030677294,0.0346
1787569838.419397,-1.6014449226090814,0.021461800651002633,-5.724789802457086,-1.5910716064841506,-0.013552984220621393,-5.5176461067895595,0.0365,0.207,-1.5905785344233339,-0.01388133998082509,-5.5119835315440024,0.0370
1787569838.490126,-1.6007025891763527,0.02135390653441466,-5.712379760298073,-1.5903373052448784,-0.01676450158952202,-5.2505313706017605,0.0395,0.462,-1.5904534698354402,-0.017681374471422907,-5.23426434823977,0.0404
1787569838.6249907,-1.5989411543891248,0.021948817876760632,-5.686159643598329,-1.5898148807777173,-0.016473145953752436,-5.226366404463544,0.0395,0.460,-1.5904534698354402,-0.017681374471422907,-5.23426434823977,0.0405
1787569838.682845,-1.5980262128594602,0.02257760706845579,-5.78321333203422,-1.5893886193482532,-0.01621302465755321,-5.206016077594572,0.0397,0.577,-1.5904534698354402,-0.017681374471422907,-5.23426434823977,0.0410
1787569838.7780046,-1.5972070483033456,0.023197005010874686,-6.017420410628217,-1.583631996793775,-0.014906426203054112,-5.331338164967888,0.0404,0.686,-1.5823701426354435,-0.014696149595975976,-5.336212502062371,0.0407
1787569838.9215431,-1.5955813426176053,0.022495763377862174,-6.043441195518097,-1.5819760326345815,-0.014222430540565994,-5.311648275918923,0.0392,0.732,-1.5823701426354435,-0.014696149595975976,-5.336212502062371,0.0395
1787569838.9829352,-1.594744025081492,0.021712566387199664,-5.99804370949152,-1.5753257082135865,-0.015351449240497212,-5.448732661203061,0.0418,0.549,-1.5737942158181832,-0.01531408022438895,-5.4511731714466185,0.0425
1787569839.119674,-1.593276162583694,0.02012760847930028,-5.542024966795436,-1.5728089794130118,-0.014897425391583731,-5.444825524988195,0.0406,0.097,-1.5737942158181832,-0.01531408022438895,-5.4511731714466185,0.0404
1787569839.189612,-1.5923912567815677,0.019954655830759525,-5.536308214505004,-1.5731319003992201,-0.019803464199280557,-5.248186365864631,0.0442,0.288,-1.5734312340783374,-0.020466933231572386,-5.236731938509453,0.0446
1787569839.3196166,-1.59038485643536,0.02041930003353756,-5.663738803404056,-1.570419047855168,-0.012639254523369448,-5.147078936114755,0.0386,0.517,-1.5702851717165867,-0.011852064033618003,-5.159030754941164,0.0380
1787569839.4422576,-1.588257422582268,0.02032401247272042,-5.8279227421903546,-1.568458078730621,-0.01189597722640515,-5.122066652526149,0.0378,0.706,-1.5702851717165867,-0.011852064033618003,-5.159030754941164,0.0369
1787569839.5057817,-1.587203556714704,0.019981690241277054,-5.932337426046907,-1.5780915819987518,-0.0033878713031921144,-5.516172271419215,0.0251,0.416,-1.5809844041848953,-0.0023908877754049707,-5.533888875671977,0.0232
1787569839.5892048,-1.5861229061705717,0.019390106274313326,-6.028160723953489,-1.5774775150204854,-0.0014638048740487541,-5.524606415639651,0.0226,0.504,-1.5809844041848953,-0.0023908877754049707,-5.533888875671977,0.0224
1787569839.7262237,-1.5841092665311165,0.01769533253347738,-5.894198561593234,-1.5793595946519987,-0.007621025950855153,-5.763078234903689,0.0258,0.131,-1.5799082428939841,-0.008145631871359481,-5.755517349625358,0.0262
1787569839.7955356,-1.5834646494530484,0.01733810925662156,-5.878941000743887,-1.579126810615698,-0.006810765408149044,-5.7862025188465225,0.0245,0.093,-1.5799082428939841,-0.008145631871359481,-5.755517349625358,0.0257
1787569839.9256148,-1.5819045441415007,0.017438192102781403,-5.867422129825898,-1.578921211021712,-0.006019448694037386,-5.808221432782716,0.0236,0.059,-1.5799082428939841,-0.008145631871359481,-5.755517349625358,0.0257
1787569840.0464382,-1.5803820800887711,0.018136074376493068,-6.206405526580202,-1.57522736474633,-0.012795705121348287,-5.500929429118934,0.0314,0.705,-1.5744868451052882,-0.013444829070144172,-5.49021566077449,0.0321
1787569840.112038,-1.5795866478053395,0.018268211509264175,-6.21968903735844,-1.5721493222556955,-0.014923295964651216,-5.430751621649627,0.0340,0.789,-1.571430822421373,-0.015211745227352351,-5.42630449461029,0.0345
1787569840.2053034,-1.578763824649264,0.018136842871157896,-6.23727627557334,-1.5809535774744372,-0.01329804793906497,-5.794898516374044,0.0315,0.442,-1.5850167290467447,-0.012669014018569676,-5.8082109053007045,0.0314
1787569840.2923062,-1.5779068694314036,0.0177412320676257,-6.230131083322577,-1.581275328157685,-0.013239429613783136,-5.821467409969319,0.0312,0.409,-1.5850167290467447,-0.012669014018569676,-5.8082109053007045,0.0312
1787569840.4174562,-1.576446828952678,0.016739589200148963,-5.742790931365022,-1.5815669055610038,-0.013184867478318357,-5.843363966615154,0.0304,0.101,-1.5697593937132541,-0.011128765575414586,-5.692304328582706,0.0287
1787569840.5444498,-1.5750009323988337,0.017275732828339056,-5.705018032423267,-1.5720058830592836,-0.011230725863508952,-5.691432261436241,0.0287,0.014,-1.5697593937132541,-0.011128765575414586,-5.692304328582706,0.0289
1787569840.6014478,-1.5742238084392721,0.01791771708746724,-5.739090404793988,-1.571323981691036,-0.01028804587866863,-5.342342920774497,0.0284,0.397,-1.5714572011224368,-0.010456405062234459,-5.337866535923882,0.0285
1787569840.7187638,-1.5728066015484636,0.01913268855924702,-5.907169163193487,-1.5704749057777883,-0.009814451605215286,-5.325595033981871,0.0290,0.582,-1.5714572011224368,-0.010456405062234459,-5.337866535923882,0.0296
1787569840.8265693,-1.5713317763210106,0.01941992931233034,-6.01115276197368,-1.5545618384805546,-0.0062114029415719614,-5.586522789117826,0.0306,0.425,-1.5511435631749038,-0.005848289489629668,-5.592593983232667,0.0323
1787569840.9481409,-1.5696927905333038,0.018695639489443874,-5.90088849257651,-1.5520187706938349,-0.005391642173719745,-5.592736012077393,0.0299,0.308,-1.5511435631749038,-0.005848289489629668,-5.592593983232667,0.0308
1787569841.009176,-1.568978925322268,0.018227451596248574,-5.679724339129583,-1.5581510681299153,-0.007138055043957393,-5.652253110704607,0.0276,0.027,-1.5602930245596671,-0.0073300402973678885,-5.649849251671642,0.0270
1787569841.1438954,-1.567333610449603,0.01817523218436364,-5.37662531067922,-1.5560340212852162,-0.006411424192258631,-5.6655452008669345,0.0271,0.289,-1.5602930245596671,-0.0073300402973678885,-5.649849251671642,0.0265
1787569841.2177815,-1.5662789267504373,0.01876072968324028,-5.396248883913632,-1.56061623520663,-0.009212466230012973,-5.077973207080765,0.0285,0.318,-1.5624016238076206,-0.009933431927774048,-5.062453874306598,0.0290
1787569841.3481176,-1.5647200000502868,0.020255514517494435,-5.554277974461388,-1.558995708228157,-0.008839526282825711,-5.026844222497058,0.0297,0.527,-1.5624016238076206,-0.009933431927774048,-5.062453874306598,0.0303
1787569841.4164891,-1.564223349276405,0.020709874889221134,-5.644714983472844,-1.5561736043696144,-0.0050146929064319,-5.308253184466231,0.0270,0.336,-1.5554738879565313,-0.004488264133365103,-5.317941856699384,0.0267
1787569841.4889975,-1.5636921857132602,0.020867542883847796,-5.740205609384617,-1.5512540731678781,-0.005944049633142421,-5.280188039361788,0.0296,0.460,-1.5503701895281858,-0.006166101604512467,-5.2765285803791775,0.0301
1787569841.6142628,-1.5626291648602382,0.020544164886895033,-5.765194883217415,-1.549378840275965,-0.005407957650600234,-5.265688464572326,0.0291,0.500,-1.5503701895281858,-0.006166101604512467,-5.2765285803791775,0.0294
1787569841.7442749,-1.5615338550287567,0.020416649690166676,-5.58078148046871,-1.5555978829645867,-0.00920157348289562,-5.415765356589965,0.0302,0.165,-1.5576733397723013,-0.009570666104855687,-5.410491094425736,0.0302
1787569841.8145797,-1.5607565407095894,0.02077875016804044,-5.567632382060017,-1.5543400209108051,-0.009186898226714016,-5.413642492415021,0.0306,0.154,-1.5576733397723013,-0.009570666104855687,-5.410491094425736,0.0305
1787569841.8822968,-1.5599030513527858,0.021374445289931765,-5.587069893950682,-1.5559120037727934,-0.016847632076250008,-5.100322121089126,0.0384,0.487,-1.556739847203968,-0.017865179188752203,-5.082022391825406,0.0394
1787569842.0228508,-1.5584169312114207,0.022308002177619655,-5.74741203918102,-1.554773692426624,-0.018344251703526458,-5.060269637210351,0.0408,0.687,-1.556739847203968,-0.017865179188752203,-5.082022391825406,0.0402
1787569842.148883,-1.5569920497780119,0.021761318560892202,-5.916307330451844,-1.551440014625964,-0.01198018386765917,-5.270814827955674,0.0342,0.645,-1.550600580503823,-0.011329459195934926,-5.282589414639817,0.0337
1787569842.21208,-1.556336296150557,0.020951771757571416,-6.009123194258327,-1.5499678946174515,-0.012200211017123742,-5.2583284006563895,0.0338,0.751,-1.550600580503823,-0.011329459195934926,-5.282589414639817,0.0328
1787569842.3223255,-1.5552532506396417,0.019117385777639138,-5.840097822806655,-1.5328371636085736,-0.04007335215843004,-4.583676884877437,0.0633,1.256,-1.528988067399732,-0.04244978064697823,-4.547373173773766,0.0669
1787569842.3861094,-1.5545351583406144,0.018582342611764058,-5.821365146166824,-1.5283650189832425,-0.0452104685024624,-4.49870099292159,0.0690,1.323,-1.5249547582773038,-0.00911144677783275,-5.6325325226951035,0.0405
1787569842.523439,-1.5528412100890638,0.018264325442001544,-5.802133257186092,-1.5268485915172831,-0.013097182481422706,-5.563051754126729,0.0407,0.239,-1.5249547582773038,-0.00911144677783275,-5.6325325226951035,0.0391
1787569842.6446931,-1.551647190039763,0.01813758800354555,-5.913999270633641,-1.5407066408150436,-0.0175286198895049,-5.395156431786049,0.0373,0.519,-1.5457923436638517,-0.01835593411484208,-5.376551704668521,0.0370
1787569842.7041948,-1.5513143924215496,0.01765016408072414,-5.957131750000101,-1.5397239340336686,-0.017777075840292606,-5.400445434694117,0.0373,0.557,-1.5457923436638517,-0.01835593411484208,-5.376551704668521,0.0364
1787569842.8335028,-1.5503224835008838,0.015663488864638843,-6.01137385078413,-1.5412499223867069,-0.013192942950632032,-5.623626866509954,0.0302,0.388,-1.5418795783504042,-0.012637519937540698,-5.633570250591616,0.0295
1787569842.8934216,-1.5497466457685543,0.01429144288884179,-5.890770170523689,-1.5404655410920385,-0.012879358811314539,-5.645690362223129,0.0287,0.245,-1.5418795783504042,-0.012637519937540698,-5.633570250591616,0.0281
1787569843.0111272,-1.5486705139277595,0.011989072601398703,-5.605435509117114,-1.5363192879779015,-0.01764029761152456,-5.240380262408261,0.0321,0.365,-1.5354198225021785,-0.018304954202482605,-5.227934480519612,0.0331
1787569843.1461172,-1.5472401172311805,0.010838905293374189,-5.537866639464031,-1.5349731476395576,-0.01793922705401339,-5.230023548388256,0.0313,0.308,-1.5354198225021785,-0.018304954202482605,-5.227934480519612,0.0314
1787569843.207294,-1.5464612661839487,0.010620729578914115,-5.593621117227555,-1.53343748236075,-0.015387816442674337,-5.202830326852528,0.0291,0.391,-1.5332050957094738,-0.015145290636749678,-5.206649566428519,0.0290
1787569843.3436456,-1.5451153529443966,0.010108811117190121,-6.059923856279336,-1.5256105581682389,-0.013899162150381764,-5.299314501751087,0.0309,0.761,-1.5230598667506206,-0.013578758451115404,-5.3049058723279,0.0324
1787569843.431197,-1.5443081522216178,0.009402759819057305,-6.050105417363595,-1.5232424628429473,-0.013623554378187354,-5.296154376993676,0.0312,0.754,-1.5340783216446912,-0.013743085669709441,-5.771690097651938,0.0253
1787569843.537097,-1.5434177092879573,0.008335203778598749,-5.9760377470553765,-1.5232424628429473,-0.013623554378187354,-5.296154376993676,0.0298,0.680,-1.5340783216446912,-0.013743085669709441,-5.771690097651938,0.0240
1787569843.630524,-1.5426241850906466,0.0070286082174851605,-5.733655805683696,-1.518956227556088,-0.024130303783857696,-5.62168291643667,0.0391,0.112,-1.5148282999885683,-0.025743121730119875,-5.592764945888497,0.0430
1787569843.7105582,-1.5415951788038946,0.006212197365914242,-5.708576091639313,-1.520930148482495,-0.01814383621759531,-5.377646492647413,0.0319,0.331,-1.5225988145195624,-0.017467976953262843,-5.387722613154073,0.0304
1787569843.7903953,-1.5404694295546115,0.005725480591900191,-5.670306130446424,-1.5188308799379568,-0.018352109497612137,-5.376686948931869,0.0324,0.294,-1.5225988145195624,-0.017467976953262843,-5.387722613154073,0.0293
1787569843.9262502,-1.538197693252122,0.005376738087250383,-5.890688890741003,-1.519589319634233,-0.014414898277647002,-5.386416173777388,0.0272,0.504,-1.5199835785626172,-0.013973871731331786,-5.393702879085168,0.0266
1787569843.9909518,-1.5372024102684025,0.005050533838796097,-5.89646108101218,-1.5061935003669078,-0.026656969005717845,-5.426776003852585,0.0443,0.470,-1.5026253313759186,-0.028142752739485574,-5.401027401193647,0.0479
1787569844.1216292,-1.5351417404406063,0.00352581023588212,-5.9919759400435115,-1.5027635227821168,-0.028036828830552227,-5.430167197797721,0.0452,0.562,-1.5026253313759186,-0.028142752739485574,-5.401027401193647,0.0454
1787569844.2494886,-1.5336190889667192,0.0019095574867584767,-6.033236689192407,-1.5116846694369732,-0.020553022722926858,-5.63194678845909,0.0314,0.401,-1.5145681424209585,-0.019603032290082527,-5.649896506804107,0.0287
1787569844.3159342,-1.5330468376277306,0.001548032276747925,-5.971955276027115,-1.5090063880364044,-0.020959967358628248,-5.657058735076006,0.0329,0.315,-1.51306809914252,-0.01997703550404427,-5.675783855188881,0.0294
1787569844.4481616,-1.5317241584355201,0.002005096850795135,-5.7701881929575825,-1.5121321332250262,-0.020078651953555383,-5.673682742759319,0.0295,0.097,-1.51306809914252,-0.01997703550404427,-5.675783855188881,0.0288
1787569844.5127666,-1.5310643506158552,0.0027174362209223396,-5.753701170404726,-1.5055087058942007,-0.0222432206129918,-5.421539346060962,0.0357,0.332,-1.5043154069191227,-0.0225796655110641,-5.41436910944572,0.0368
1787569844.6350164,-1.5303859789400633,0.00395056999208837,-5.961630045840798,-1.5032746153185892,-0.0226769173776907,-5.419867536822494,0.0380,0.542,-1.5043154069191227,-0.0225796655110641,-5.41436910944572,0.0372
1787569844.6983697,-1.5302477261329646,0.004214264444454083,-6.057297531413554,-1.4982157364384094,-0.02489944170299951,-5.489511725116942,0.0433,0.568,-1.4971459276936636,-0.025093468950000176,-5.485129826596611,0.0442
1787569844.8397474,-1.5299612820047848,0.003974094550160994,-6.090172320220559,-1.4950667970554858,-0.025710746787696317,-5.494194752506295,0.0458,0.596,-1.468077138199079,-0.024299480110450408,-5.6497784622748775,0.0680
1787569844.9102058,-1.5297374478988766,0.0043606958937808474,-6.082073562034228,-1.474515921149985,-0.024123870940467043,-5.664235566616638,0.0621,0.418,-1.468077138199079,-0.024299480110450408,-5.6497784622748775,0.0680
1787569844.9831572,-1.5294983828473323,0.004993684325595405,-5.979024987726263,-1.4818056416479801,-0.03140122690605405,-5.526773044297621,0.0600,0.452,-1.485755234899557,-0.032176420087760386,-5.515571204558443,0.0574
1787569845.121898,-1.5283006446003935,0.007239603968848719,-5.8960194032982045,-1.4780147663164935,-0.03284121953874375,-5.5319603515683635,0.0643,0.364,-1.485755234899557,-0.032176420087760386,-5.515571204558443,0.0580
1787569845.2474205,-1.5264533560062983,0.009884717912367749,-6.23856942471611,-1.474979574778425,-0.034001016124116906,-5.536070025573205,0.0676,0.702,-1.4732643203251363,-0.02351813295431714,-5.5757141781421815,0.0628
1787569845.309824,-1.525258590851637,0.010792895659750461,-6.484813530067959,-1.4735148657082346,-0.024176240566227844,-5.565255418998996,0.0625,0.920,-1.4732643203251363,-0.02351813295431714,-5.5757141781421815,0.0623
1787569845.3776984,-1.5240436342097783,0.011455413221922391,-6.731691188892578,-1.481779116325006,-0.0344026151627577,-5.768257894517647,0.0624,0.963,-1.4855481332360565,-0.035392528119002876,-5.754594239542139,0.0606
1787569845.5346038,-1.521770722787204,0.011959420318189518,-7.035570764561272,-1.4793264213477222,-0.03603406949908209,-5.793517138037864,0.0641,1.242,-1.4855481332360565,-0.035392528119002876,-5.754594239542139,0.0596
1787569845.6126716,-1.5208127556720354,0.012186152236853046,-6.978072182738141,-1.4962824692779195,-0.03971041170221639,-6.151123775285965,0.0574,0.827,-1.5016137904223517,-0.0400492159550658,-6.148213389391017,0.0557
1787569845.7355437,-1.518876716273786,0.013502037074588328,-6.40840340151413,-1.4841804116561532,-0.04317807009116358,-6.17979885115647,0.0665,0.229,-1.4789912291862297,-0.042522981519751236,-6.201094524454738,0.0688
1787569845.7998683,-1.5181428247098072,0.014188939474844606,-6.077304460104503,-1.4829288762063273,-0.04499676798688513,-6.221367984403536,0.0689,0.144,-1.4789912291862297,-0.042522981519751236,-6.201094524454738,0.0689
1787569845.9301753,-1.517003914626665,0.015032199449952802,-5.9321942895467465,-1.5013807096671266,-0.030786126303088777,-5.3531916123146575,0.0484,0.579,-1.5066333628007482,-0.03000540562474497,-5.35725900318665,0.0462
1787569846.0425751,-1.5159362138670154,0.014631311574579076,-5.966529246476033,-1.5028495703080196,-0.0226663361296406,-5.3887740440538705,0.0395,0.578,-1.5031093385186816,-0.02084370718307003,-5.4183945698375195,0.0377
1787569846.1068387,-1.5155217431414085,0.013890125661566154,-5.962457500922412,-1.5011165056235805,-0.01923090230679078,-5.406503700029076,0.0361,0.556,-1.499660324379631,-0.01861964749607377,-5.41781856206273,0.0362
1787569846.234188,-1.514912782913254,0.012292376745087027,-5.598967714518375,-1.4998840422273871,-0.020296980457330194,-5.375832579972318,0.0359,0.223,-1.499135878329282,-0.020587250553271385,-5.371720632560352,0.0365
1787569846.2986426,-1.5142862889233153,0.011970674056465663,-5.58503596841459,-1.500568492442933,-0.01911387249064185,-5.356146447189118,0.0340,0.229,-1.499135878329282,-0.020587250553271385,-5.371720632560352,0.0359
1787569846.4282286,-1.5128156541328674,0.012087991878909951,-5.612558247109156,-1.501166451559418,-0.01812423621854371,-5.340088341480626,0.0324,0.272,-1.499135878329282,-0.020587250553271385,-5.371720632560352,0.0354
1787569846.4960132,-1.5123458700464811,0.01202616192643268,-5.627058232576301,-1.4963736614020924,-0.025814471788396617,-5.104110844655537,0.0411,0.523,-1.4955290367117393,-0.02633744951448305,-5.095862375735275,0.0419
1787569846.6214287,-1.5113915031411207,0.011408253827446547,-6.0527123738328,-1.4846848270251163,-0.014923013884495104,-5.47572320550803,0.0375,0.577,-1.481483032576603,-0.013573034753177952,-5.499982674964533,0.0390
1787569846.6871116,-1.5109766743940343,0.01051318709767844,-6.309024955273138,-1.4834137681153907,-0.013399974046521,-5.471915619218381,0.0365,0.837,-1.481483032576603,-0.013573034753177952,-5.499982674964533,0.0381
1787569846.8132062,-1.5102081470591207,0.007897351018184971,-6.670315309007694,-1.4505838873752122,-0.051172030398067704,-5.2646889311358205,0.0839,1.406,-1.4414458363888607,-0.053585357710739176,-5.234936554565263,0.0922
1787569846.8939714,-1.5097594039616542,0.006800206258068795,-6.6349788478523655,-1.4793561260348091,-0.04663337241782891,-5.994426648781456,0.0615,0.641,-1.4909468549003373,-0.04518016474482777,-6.02598152389405,0.0553
1787569847.0420272,-1.5085598912809477,0.005511453287200756,-6.494623556922287,-1.478400015873002,-0.04888325526445327,-6.032097679526351,0.0622,0.463,-1.4909468549003373,-0.04518016474482777,-6.02598152389405,0.0537
1787569847.1115384,-1.5078958587710996,0.005243741894670491,-6.522108297955173,-1.49633388028628,-0.04438353568427622,-5.9461025173625535,0.0510,0.576,-1.5025019995042859,-0.04399920483487945,-5.9532144664453766,0.0495
1787569847.1822023,-1.5073222202258971,0.005004342942514765,-6.68634358999067,-1.4983173605778133,-0.04706784701436009,-5.995130404514484,0.0528,0.691,-1.5025019995042859,-0.04399920483487945,-5.9532144664453766,0.0492
1787569847.3222086,-1.5061961597450417,0.00375519953542476,-7.178762177223864,-1.4901390370854364,-0.04550066948064526,-5.968051877173281,0.0518,1.211,-1.488230338278323,-0.04530416730124283,-5.970417251963224,0.0522
1787569847.39546,-1.5055516631654355,0.002366763577722256,-7.143526849625589,-1.4906486139205324,-0.04768439934651662,-6.0094052669652465,0.0522,1.134,-1.488230338278323,-0.04530416730124283,-5.970417251963224,0.0507
1787569847.529729,-1.5046720651671537,-0.0002759611261255753,-6.951874306240479,-1.4104385463153737,-0.04874165881903414,-6.056177833824878,0.1060,0.896,-1.392155807670746,-0.04767876150675666,-6.077486398670221,0.1221
1787569847.5964324,-1.5042754181291569,-0.0011337532794230792,-6.889369049222594,-1.4010313411977549,-0.050401899532507004,-6.088406339222146,0.1144,0.801,-1.392155807670746,-0.04767876150675666,-6.077486398670221,0.1214
1787569847.718932,-1.5032337539979728,-0.0020675372646225447,-6.826832641904927,-1.4323850530581819,-0.08043456121120025,-5.1334049604712675,0.1056,1.693,-1.4410944966024217,-0.0836132494556118,-5.0853727981177315,0.1025
1787569847.7915995,-1.5027385771122155,-0.0023079428613143353,-6.93976409072737,-1.4269044146000414,-0.08616295901665937,-5.086173235441371,0.1131,1.854,-1.4292524430481102,-0.03507637821035894,-6.746805173538876,0.0805
1787569847.9242823,-1.5017157511963932,-0.0034019037267809696,-7.164951361748578,-1.4292176116352817,-0.04141999917661205,-6.634894008653661,0.0819,0.530,-1.4292524430481102,-0.03507637821035894,-6.746805173538876,0.0791
1787569847.9906375,-1.5010765227047291,-0.0043633775301729506,-7.153832652755283,-1.4574868449081022,-0.045334401045026736,-6.440672856370905,0.0598,0.713,-1.4665186266161012,-0.045296654064311256,-6.458799103614995,0.0536
1787569848.122689,-1.5007221445220589,-0.006164815510080893,-6.923466565745384,-1.456932779713701,-0.0454922145642622,-6.495301930101231,0.0589,0.428,-1.4665186266161012,-0.045296654064311256,-6.458799103614995,0.0520
1787569848.1888793,-1.500601770853534,-0.00679026346414338,-6.559012791931353,-1.445943555952802,-0.08079153412655553,-5.288343634884555,0.0920,1.271,-1.4438945791255717,-0.08451971596486269,-5.222607520108629,0.0962
1787569848.3159046,-1.500116586995829,-0.006965100012159518,-5.720746227346711,-1.4434841915095347,-0.08673852506658988,-5.235007557392011,0.0978,0.486,-1.4438945791255717,-0.08451971596486269,-5.222607520108629,0.0958
1787569848.4171495,-1.4996257391472054,-0.006117999750228843,-5.081578729445923,-1.4589942935340858,-0.03710893711061162,-4.903731389143023,0.0511,0.178,-1.4623185442310787,-0.03361543670223891,-4.961798117965012,0.0463
1787569848.5440297,-1.4990135154816828,-0.005679265781420575,-4.925262138375492,-1.4591398155990623,-0.03525328503555255,-4.83563407969739,0.0496,0.090,-1.4623185442310787,-0.03361543670223891,-4.961798117965012,0.0461
1787569848.6104443,-1.4985028928250603,-0.005906642481575793,-4.937428146077212,-1.419601970477528,-0.0474540192532356,-3.814809780316064,0.0892,1.123,-1.4097656966764982,-0.048810176867603854,-3.78142156168383,0.0986
1787569848.7351596,-1.497367353154268,-0.007213692041108726,-4.643318266546764,-1.4362172631293675,-0.026834856221940664,-4.630142921391367,0.0642,0.013,-1.4462409768014899,-0.022030304774675595,-4.735516242851403,0.0532
1787569848.8069844,-1.496862773593498,-0.007308989201226268,-4.626451445678048,-1.4459345909241805,-0.02701578251373808,-4.363214673055033,0.0546,0.263,-1.4498800095002744,-0.027551986220537436,-4.356475828292961,0.0512
1787569848.8951023,-1.496327860251219,-0.007184912811554591,-4.54828921106619,-1.4453741907449242,-0.024668666482590085,-4.288090230078011,0.0539,0.260,-1.4498800095002744,-0.027551986220537436,-4.356475828292961,0.0507
1787569849.0153315,-1.4947665299846644,-0.005793565529773787,-4.314469579384373,-1.4405044474638429,-0.031689478744270694,-4.090681166406211,0.0601,0.224,-1.439432075756047,-0.032496784063445916,-4.076205367445601,0.0614
1787569849.1405935,-1.4933581872137136,-0.004070191055449363,-4.4658203177615015,-1.4393262758947365,-0.030052512423707975,-3.992898517919936,0.0600,0.473,-1.439432075756047,-0.032496784063445916,-4.076205367445601,0.0610
1787569849.1943016,-1.4925644912045142,-0.0038821897363110424,-4.476289365960453,-1.4383746645651085,-0.028675201670722555,-3.9127827839324003,0.0596,0.564,-1.439432075756047,-0.032496784063445916,-4.076205367445601,0.0603
1787569849.314101,-1.4908529303241351,-0.004275496795126508,-4.429663111398335,-1.393041084585017,-0.05590334622511327,-3.0443166434496023,0.1106,1.385,-1.385662233129044,-0.05740782409832021,-3.0126439314907874,0.1178
1787569849.4445803,-1.4888808845931019,-0.004852213411204073,-4.204071071333644,-1.4323232135754451,-0.03210197086346869,-4.024271167801965,0.0628,0.180,-1.4484362198543248,-0.027818440101196433,-4.111102271112868,0.0465
1787569849.5117695,-1.4877408756280766,-0.004687973496623237,-4.057528687452091,-1.4447598515088538,-0.03263811076958994,-3.9331963856852328,0.0513,0.124,-1.4499023896218703,-0.03305481000544336,-3.927784206274653,0.0473
1787569849.6494915,-1.485285121633755,-0.003279962506459878,-3.635636906267888,-1.445620887128302,-0.031177216677461872,-3.8589630157647234,0.0485,0.223,-1.4499023896218703,-0.03305481000544336,-3.927784206274653,0.0462
1787569849.7139003,-1.4840792034403392,-0.0022217258371229247,-3.515488351652876,-1.4062464270820618,-0.000810690761471871,-4.407125139758317,0.0778,0.892,-1.3967285483004697,0.0016264245925040784,-4.449198018223456,0.0874
1787569849.8478174,-1.4819600346633182,-0.0007395726254145203,-3.547527013704012,-1.4017043972399212,0.004875864440617399,-4.380671046992989,0.0805,0.833,-1.3967285483004697,0.0016264245925040784,-4.449198018223456,0.0853
1787569849.9028883,-1.4809172116831983,-0.0005155833235666431,-3.5635634986392866,-1.4017043972399212,0.004875864440617399,-4.380671046992989,0.0794,0.817,-1.3967285483004697,0.0016264245925040784,-4.449198018223456,0.0842
1787569850.0267131,-1.4789786459484067,-0.0011494028393488653,-3.512379209902062,-1.3945494592344274,0.013977894377060792,-4.339641546168479,0.0858,0.827,-1.3967285483004697,0.0016264245925040784,-4.449198018223456,0.0823
1787569850.1009011,-1.4781226946775194,-0.0015542711254768514,-3.308520592226673,-1.3847813360741161,-0.05883707026134262,-2.059503143537561,0.1095,1.249,-1.3851245521553353,-0.061855240753896194,-2.0087573686005222,0.1108
1787569850.1874185,-1.4771879970092463,-0.0016562042210074418,-3.2975045584182525,-1.419894728568076,-0.037234125472451605,-2.858688869679222,0.0674,0.439,-1.4335323908591502,-0.034357986476812076,-2.901840135500116,0.0545
1787569850.3359563,-1.475079526712561,-0.0008937999197243813,-3.341479737310258,-1.4194673434597194,-0.036986929051302846,-2.73038921895691,0.0663,0.611,-1.4335323908591502,-0.034357986476812076,-2.901840135500116,0.0533
1787569850.4030826,-1.4740917442336425,-0.0002829041344729799,-3.5503640632218434,-1.4194673434597194,-0.036986929051302846,-2.73038921895691,0.0658,0.820,-1.4335323908591502,-0.034357986476812076,-2.901840135500116,0.0530
1787569850.5331469,-1.4729921052998765,0.0002559687792966182,-3.5943145559233223,-1.4352998393495995,-0.030606651218655672,-3.136378929674721,0.0487,0.458,-1.4379219303233182,-0.030308904212546457,-3.1405581610236473,0.0465
1787569850.5960844,-1.472422342416539,2.1063002750391045e-05,-3.6528416686708622,-1.4374743447229261,-0.029323208291746197,-3.0482598064651087,0.0456,0.605,-1.4379219303233182,-0.030308904212546457,-3.1405581610236473,0.0459
1787569850.7238555,-1.471401532637436,-0.0009512859885796206,-3.4820439751244066,-1.3595920480773054,-0.02366777449899631,-3.411137361543634,0.1141,0.071,-1.3404273932176736,-0.022832803144951917,-3.424417444205384,0.1328
1787569850.7943313,-1.4709604805213865,-0.001286928926731685,-3.2428565020028643,-1.3771586774813898,-0.038732955159037616,-3.1425171143158135,0.1010,0.100,-1.3884485723301754,-0.04229683136487178,-3.079441119239766,0.0921
1787569850.925153,-1.469430114396536,-0.0006475267480557934,-3.2624818517072813,-1.372990676834528,-0.03923177866285625,-3.0910261815465163,0.1039,0.171,-1.3884485723301754,-0.04229683136487178,-3.079441119239766,0.0911
1787569850.9917305,-1.4686282792345087,3.300539431948073e-05,-3.3602720584383206,-1.4211081660055296,-0.037285497872337335,-2.7065408756979146,0.0604,0.654,-1.4369867834826466,-0.03841383234604859,-2.671944268004616,0.0498
1787569851.1358106,-1.4680575698800773,0.0003593892239087484,-3.5170061866398528,-1.4280261503810563,-0.03043919373821295,-2.8755703271054323,0.0505,0.641,-1.4292976130877564,-0.029577046526584685,-2.8914632564876723,0.0490
1787569851.2005153,-1.467716321504363,5.0778587103882025e-05,-3.694752472491455,-1.4303811532027828,-0.02979019532024784,-2.813855136225604,0.0478,0.881,-1.4292976130877564,-0.029577046526584685,-2.8914632564876723,0.0485
1787569851.3248713,-1.4671995560409081,-0.0016062609182884795,-3.77461939248453,-1.3876578021908845,-0.05292276039088786,-2.555593796033371,0.0947,1.219,-1.3783353864539984,-0.054222541480599344,-2.53066829203556,0.1033
1787569851.3976147,-1.4670493139662213,-0.0025112275507648153,-3.6444534766956935,-1.4124425429439924,-0.030786004307033193,-3.50684013525073,0.0615,0.138,-1.4236522997407115,-0.02602256424417769,-3.595440561257692,0.0494
1787569851.5322657,-1.4659299018989307,-0.0031617264632387496,-3.6016600284856506,-1.418996535727848,-0.03255114316618367,-3.308142429076474,0.0554,0.294,-1.421390746523173,-0.03315091516554239,-3.2965943695924813,0.0537
1787569851.6025882,-1.4652109845824786,-0.0030463984568193485,-3.669261928127751,-1.420126282265816,-0.032100737340548316,-3.2967433434832096,0.0536,0.373,-1.421390746523173,-0.03315091516554239,-3.2965943695924813,0.0532
1787569851.7300997,-1.4639464049317086,-0.0025115665771040466,-4.2056678242512175,-1.409594013902099,-0.030896027779122138,-3.5107731172516203,0.0613,0.695,-1.406881515721026,-0.030658761984190607,-3.515265059705095,0.0636
1787569851.7936847,-1.4632369846895168,-0.0025182842653934637,-4.215293052893957,-1.4095467184008832,-0.030226483415015673,-3.5153319733099306,0.0604,0.700,-1.406881515721026,-0.030658761984190607,-3.515265059705095,0.0630
1787569851.9265468,-1.461678032716326,-0.0033915161985105056,-4.106926296417602,-1.4033560856957528,-0.024102629691967133,-4.0472368730551755,0.0619,0.060,-1.4018057742710928,-0.023294985638947382,-4.062361354155213,0.0631
1787569851.9940739,-1.4609116554208363,-0.00416598129636776,-3.8831143417153355,-1.399108789884854,-0.026580307360568513,-3.840695832493589,0.0657,0.042,-1.3978140593803658,-0.02728574387241905,-3.827102128366463,0.0672
1787569852.0798042,-1.4596356659357297,-0.004659558399999495,-3.6989293266552687,-1.4115847948892777,-0.02741514680022146,-3.6543573028126,0.0532,0.045,-1.4164856976713156,-0.02789994481657964,-3.645804321385332,0.0490
1787569852.2362516,-1.4568277750869716,-0.004728857203583092,-3.258850644541467,-1.412242970461481,-0.026546355453584965,-3.6655013438552344,0.0496,0.407,-1.4053835774190937,-0.028764598324492248,-3.273822014013482,0.0568
1787569852.3109183,-1.4553810503347262,-0.004382321218076488,-3.135069260969729,-1.4069710383655354,-0.028376374441077212,-3.2825518058576333,0.0540,0.147,-1.4053835774190937,-0.028764598324492248,-3.273822014013482,0.0556
1787569852.3870456,-1.4540556383388756,-0.004060339953099935,-3.1890812297509123,-1.4044523092110146,-0.021903248089050992,-2.948427583508667,0.0527,0.241,-1.4037848785512606,-0.021519273267760607,-2.953314097464306,0.0532
1787569852.5221286,-1.45210468597148,-0.004591361580065657,-3.194801626087002,-1.4041169830125586,-0.020530270337609464,-2.900327975212229,0.0506,0.294,-1.4037848785512606,-0.021519273267760607,-2.953314097464306,0.0512
1787569852.6477523,-1.4501407578229228,-0.006004923069188635,-2.978503370743853,-1.4161505348772538,-0.020525300431134597,-3.031845102457429,0.0370,0.053,-1.4190116558818582,-0.020537350744023228,-3.032970910066313,0.0344
1787569852.7111475,-1.4493100892313278,-0.0066009166911977085,-2.954191786354712,-1.4176291109402228,-0.019108374129863045,-2.994388586034492,0.0341,0.040,-1.4190116558818582,-0.020537350744023228,-3.032970910066313,0.0333
1787569852.842107,-1.4474489640510522,-0.007074788903785375,-2.8548487960069058,-1.3398631626643727,-0.02129607952980391,-2.8486799581353237,0.1085,0.006,-1.3231167004450626,-0.021264325234070576,-2.8461142879798578,0.1251
1787569852.9059556,-1.4464354724931654,-0.006941540179492853,-2.8581694522938856,-1.3306961050760073,-0.020312309661122394,-2.8028878715298893,0.1165,0.055,-1.3231167004450626,-0.021264325234070576,-2.8461142879798578,0.1241
1787569853.0475638,-1.444610490287342,-0.00653047165775157,-3.222373984430154,-1.3166657411810214,-0.02276999551994334,-2.6719713010463138,0.1290,0.550,-1.3137209151565108,-0.023001139481470256,-2.6671766191854345,0.1319
1787569853.127284,-1.4440376877114491,-0.0066136309813263445,-3.341272171384894,-1.3117020236552341,-0.020616720598317997,-2.8865929203874465,0.1331,0.455,-1.312355407278672,-0.020077499252852547,-2.8978610484332545,0.1324
1787569853.1981196,-1.4434504760497864,-0.0071464545031077195,-3.525427757046965,-1.3298904953498552,-0.03039252966567423,-3.212734491268782,0.1159,0.313,-1.3421405794896368,-0.031375426387599714,-3.2177822251875896,0.1042
1787569853.3381996,-1.442758961350136,-0.008060828233756158,-3.7311137610137064,-1.3235072537012689,-0.03103660278761343,-3.2104167686874936,0.1214,0.521,-1.3421405794896368,-0.031375426387599714,-3.2177822251875896,0.1033
1787569853.4131923,-1.4426536328955089,-0.008084991505102987,-3.80879482347722,-1.3163469038306395,-0.02536926312079851,-3.418948061385677,0.1275,0.390,-1.3145843724616972,-0.024726148873347613,-3.4295597507689184,0.1291
1787569853.5454473,-1.4421797715490534,-0.007219835772320259,-3.9884672469091784,-1.3056848475828127,-0.025240172559623436,-3.440613790392057,0.1377,0.548,-1.3145843724616972,-0.024726148873347613,-3.4295597507689184,0.1288
1787569853.6090074,-1.441951855950178,-0.006508699090088663,-4.212331562237462,-1.3408492523111346,-0.04313517002255586,-3.4125276041494748,0.1075,0.800,-1.3506729077962285,-0.045504014007842514,-3.3797557181084676,0.0993
1787569853.7351146,-1.4412678009546913,-0.005738511349515085,-4.576346771673598,-1.3791435601284305,-0.03569992141118823,-4.178892908757183,0.0690,0.397,-1.388799014048567,-0.034630358436953584,-4.204009344238218,0.0599
1787569853.8038154,-1.4406962191247725,-0.0058353226421527255,-4.588323889861569,-1.381344063709649,-0.03645937409711086,-4.239369224151234,0.0668,0.349,-1.388799014048567,-0.034630358436953584,-4.204009344238218,0.0594
1787569853.8789904,-1.4400780424554123,-0.006245428580867846,-4.516648296139613,-1.3860158753195666,-0.028383924961708606,-4.315124435449175,0.0584,0.202,-1.386930692892841,-0.0275652232080525,-4.329313781404834,0.0573
1787569854.0216286,-1.438492183127225,-0.007175584323905478,-4.116475510862108,-1.3899219778383658,-0.028100417478511452,-4.405895986529014,0.0529,0.289,-1.386930692892841,-0.0275652232080525,-4.329313781404834,0.0554
1787569854.0902889,-1.437386753908739,-0.0073010523129058615,-3.872763328400293,-1.377283927127422,-0.03140875383094172,-3.9963497260313714,0.0648,0.124,-1.3741683440546812,-0.03182504492204272,-3.986598321459648,0.0678
1787569854.2159185,-1.4349818484926526,-0.006739217833319185,-3.4728968860355613,-1.379685108499699,-0.03172269652026851,-4.0549681899966705,0.0607,0.582,-1.3741683440546812,-0.03182504492204272,-3.986598321459648,0.0658
1787569854.3364043,-1.4328657801740092,-0.0061393930764520235,-3.4555231830893884,-1.3811468766859278,-0.03190911706887562,-4.088716230324943,0.0578,0.633,-1.3741683440546812,-0.03182504492204272,-3.986598321459648,0.0641
1787569854.3998458,-1.431835716342227,-0.006229115145149376,-3.4842728456088046,-1.348700720402411,-0.05010146348127884,-2.2095966599257544,0.0940,1.275,-1.344245252108016,-0.05116466518179565,-2.185619685032847,0.0984
1787569854.5442796,-1.4296910515775534,-0.007125089238796622,-3.4808963376064503,-1.3686901270812737,-0.02664091827889828,-3.2034161550182,0.0640,0.277,-1.3750201445675576,-0.023382505223175493,-3.2674068886696213,0.0570
1787569854.607146,-1.4287114441784412,-0.007809778616265422,-3.296924600208953,-1.3693524587143264,-0.025620675292624864,-3.188940031839095,0.0620,0.108,-1.3750201445675576,-0.023382505223175493,-3.2674068886696213,0.0559
1787569854.672747,-1.4280889694698715,-0.00782184915288392,-3.2364307698910086,-1.3838557003770562,-0.02256386044681611,-3.191330001428371,0.0466,0.045,-1.3872027158155056,-0.02239520227523039,-3.195038224136556,0.0434
1787569854.8185458,-1.4266082171930432,-0.007077705177076324,-3.100749397847928,-1.386855597926234,-0.020955491901667532,-3.1755840663384065,0.0421,0.075,-1.3872027158155056,-0.02239520227523039,-3.195038224136556,0.0423
1787569854.9471538,-1.4257535697889505,-0.005556845655047374,-3.1489797197387532,-1.345977433444768,0.001253097438059618,-3.9118601263763755,0.0801,0.763,-1.335871604604993,0.0032389823732032197,-3.9483017102204694,0.0903
1787569855.020654,-1.4257111947738759,-0.0050109342932791075,-3.254899612474076,-1.3422811501303598,0.007092294391718995,-3.9740091125125363,0.0843,0.719,-1.335871604604993,0.0032389823732032197,-3.9483017102204694,0.0902
1787569855.090968,-1.425614452395025,-0.004789608205435228,-3.37046115326959,-1.33837744381374,0.0038279238336248658,-4.0182229648278245,0.0877,0.648,-1.3380456524253295,0.003493493397824582,-4.0127622988895215,0.0880
1787569855.2221124,-1.4253947065292818,-0.004983460939526646,-3.4350377950266333,-1.3355747507855964,0.007226692300955441,-4.061810705463678,0.0906,0.627,-1.3380456524253295,0.003493493397824582,-4.0127622988895215,0.0878
1787569855.34751,-1.4250035806375578,-0.004982375355164762,-3.2695148875328073,-1.3274234347361868,0.007538747263928777,-4.345903787353327,0.0984,1.076,-1.3257058212450223,0.007542280873549971,-4.34742571093592,0.1001
1787569855.419728,-1.424533805298654,-0.004592342372111824,-3.25720087539286,-1.322633636470924,0.011850711212825146,-4.428733345101971,0.1032,1.172,-1.3755752305815372,-0.03155976876055868,-2.978721673995822,0.0559
1787569855.4932654,-1.423978333915748,-0.003934681065823561,-3.273944976249062,-1.3637231190183117,-0.026639032871598096,-3.0689648835269594,0.0644,0.205,-1.3755752305815372,-0.03155976876055868,-2.978721673995822,0.0557
1787569855.6310058,-1.4230016497783693,-0.0028454785748400968,-3.4513681208626363,-1.3694132835546446,-0.02889860547533645,-3.076540696180974,0.0596,0.375,-1.3704803789008009,-0.028928916994963094,-3.0762118276220485,0.0586
1787569855.7061963,-1.4224779280313649,-0.002859485972828279,-3.501017167932766,-1.3716176898960084,-0.030771613801769033,-3.035291126965575,0.0580,0.466,-1.3704803789008009,-0.028928916994963094,-3.0762118276220485,0.0582
1787569855.7893744,-1.4219082977412014,-0.0031878243933446512,-3.5461252489437736,-1.363485505801942,-0.028543833624571784,-3.2080124376091406,0.0637,0.338,-1.3612715505067847,-0.028168768012393958,-3.2151158786073055,0.0656
1787569855.9303381,-1.420894028874133,-0.004387313243104194,-3.299721482655845,-1.3703777833267037,-0.027067768843861882,-3.2777302145388254,0.0554,0.022,-1.3719575281235081,-0.02673418473208533,-3.2841741401900584,0.0538
1787569855.998059,-1.420251950826704,-0.004755856311105151,-3.282057229090234,-1.3722527649528982,-0.028120778228811153,-3.262741054130343,0.0534,0.019,-1.3719575281235081,-0.02673418473208533,-3.2841741401900584,0.0531
1787569856.127696,-1.4187474660212145,-0.004695052046860645,-3.268573389790853,-1.3560103993417991,-0.02923353879027075,-3.0650713603324835,0.0674,0.204,-1.352593107648669,-0.029097546905500735,-3.06950932221357,0.0705
1787569856.1971025,-1.4179773335577683,-0.004401193250144394,-3.3552920623950153,-1.355693056503524,-0.03018853534530338,-3.0395481889977023,0.0674,0.316,-1.352593107648669,-0.029097546905500735,-3.06950932221357,0.0699
1787569856.322754,-1.4160329301124253,-0.004922752378783223,-3.7270878741932205,-1.3476726301510895,-0.029033803755737376,-3.226735817261788,0.0725,0.500,-1.3461591596816163,-0.028787371537119213,-3.2314704133799834,0.0738
1787569856.443211,-1.4139783586364967,-0.006689755731514344,-3.909762665155569,-1.346536315516663,-0.02979783617899104,-3.2161044867757447,0.0713,0.694,-1.3461591596816163,-0.028787371537119213,-3.2314704133799834,0.0713
1787569856.5130243,-1.4129789748808876,-0.00799660100280852,-3.789878948301788,-1.3201644445051286,-0.05395792794991129,-2.692666342508863,0.1036,1.097,-1.3130231687135878,-0.056189856096395055,-2.650011740478147,0.1110
1787569856.6317372,-1.411229737767044,-0.01014048312301755,-3.493722603217932,-1.3138860182786312,-0.05940069435128797,-2.620806589476342,0.1091,0.873,-1.3130231687135878,-0.056189856096395055,-2.650011740478147,0.1085
1787569856.7337732,-1.4093466111935777,-0.011197784702050581,-3.4486216465468105,-1.2786207602597952,-0.033635486633111875,-3.320201143544772,0.1326,0.128,-1.2715136804369014,-0.0315481094431795,-3.3547243400574405,0.1393
1787569856.8177555,-1.4083473959926396,-0.011430316075130044,-3.4932111209266865,-1.266783622354585,-0.0346826983366544,-3.3230845460799445,0.1435,0.170,-1.296945681405972,-0.061556306832213824,-2.8029527412777373,0.1222
1787569856.9035776,-1.4074145791877632,-0.011552941007286993,-3.6605957421495403,-1.266783622354585,-0.0346826983366544,-3.3230845460799445,0.1425,0.338,-1.296945681405972,-0.061556306832213824,-2.8029527412777373,0.1213
1787569857.0446544,-1.4064216088539223,-0.012584714427355191,-3.662096646563261,-1.2677060827970665,-0.0385066848619986,-3.2579346882126448,0.1411,0.404,-1.2637633885395922,-0.03623218703252591,-3.2950728535615315,0.1446
1787569857.1203527,-1.4058676326565709,-0.013484415847791153,-3.6298485317432942,-1.2567583020188604,-0.039577984974632704,-3.258518339699009,0.1514,0.371,-1.2637633885395922,-0.03623218703252591,-3.2950728535615315,0.1439
1787569857.1899145,-1.4053789761779567,-0.01455149177203071,-3.4756696646036733,-1.2755799787606368,-0.04549136535644916,-3.305867125901841,0.1334,0.170,-1.2813876112213531,-0.04631135444105193,-3.29716120691605,0.1280
1787569857.324275,-1.4042081631126977,-0.0159739990586602,-3.3931087025796733,-1.2810289162976198,-0.050075672842400096,-3.0853324742188977,0.1278,0.308,-1.2849958288781242,-0.05062409372892635,-3.0782805849087276,0.1241
1787569857.3971248,-1.403496899931161,-0.016258402113962987,-3.348257120047026,-1.2765394943625339,-0.05207478832618387,-3.0712688369251167,0.1319,0.277,-1.2850499734129095,-0.05682636832163111,-2.9253752831136577,0.1252
1787569857.5424244,-1.4021446130320427,-0.01634619446818196,-3.5666341016942584,-1.2827311529860035,-0.05605471845097357,-2.936610702264337,0.1258,0.630,-1.2850499734129095,-0.05682636832163111,-2.9253752831136577,0.1239
1787569857.605845,-1.4015314314918699,-0.016594464989838905,-3.8336233226344407,-1.2802504386136386,-0.05538066029946132,-3.0944649436525884,0.1273,0.739,-1.2808772997328435,-0.054760569035454836,-3.105253629950416,0.1265
1787569857.7376943,-1.399847512030794,-0.01796293238843306,-3.797346061932292,-1.281042592752376,-0.05951390135029487,-3.24964901909703,0.1259,0.548,-1.282626607883306,-0.05980220727549111,-3.248149903015836,0.1245
1787569857.8026838,-1.399368637783533,-0.01857902904153952,-3.7720931719234425,-1.278097224149891,-0.06202053869993135,-3.253915772997466,0.1288,0.518,-1.282626607883306,-0.05980220727549111,-3.248149903015836,0.1238
1787569857.9378366,-1.3985607247831309,-0.019256487715935397,-3.2163359665143076,-1.2829415858725455,-0.06689072533896188,-2.439704162889081,0.1250,0.777,-1.284313218351052,-0.06753925373023582,-2.4268236217247705,0.1240
1787569857.9998477,-1.3980807507642494,-0.019126539445704683,-2.8574242812597808,-1.280318131955279,-0.07059054651142332,-2.3624696942341967,0.1285,0.495,-1.284313218351052,-0.06753925373023582,-2.4268236217247705,0.1236
1787569858.130391,-1.397202107468129,-0.017647667658767848,-2.2217920914353084,-1.2606531679563853,-0.03618053649281278,-2.6690696987691562,0.1378,0.447,-1.2566231867774227,-0.03380287802336739,-2.706797883089143,0.1415
1787569858.214424,-1.3968844020040723,-0.016819754345366318,-2.096789256676766,-1.255033445440743,-0.034163425533925165,-2.624320107867085,0.1429,0.528,-1.2926927520716398,-0.03782645147036663,-1.9933692223045978,0.1063
1787569858.307447,-1.396846993114721,-0.01630795789497499,-1.9663406464419437,-1.2835828485581446,-0.03685154670585953,-2.0078200072265084,0.1151,0.041,-1.2926927520716398,-0.03782645147036663,-1.9933692223045978,0.1064
1787569858.3791704,-1.3967336298592434,-0.016204170757321622,-1.8354706442464088,-1.265289141408644,-0.021957925638659215,-1.7323767797297989,0.1316,0.103,-1.2597824409458824,-0.020502078082860406,-1.746815836841575,0.1370
1787569858.526777,-1.396301327321761,-0.015982904692420995,-1.4379000247615397,-1.2619109269811424,-0.018396131776654057,-1.6201869062176328,0.1344,0.182,-1.2597824409458824,-0.020502078082860406,-1.746815836841575,0.1366
1787569858.5923226,-1.3959469543226544,-0.015394063218408267,-1.1910027214201646,-1.2866714888776074,-0.05236169936483924,-0.31615004327075785,0.1154,0.875,-1.2923327415273358,-0.05533022614848544,-0.26569718045336643,0.1110
1787569858.7178059,-1.3945712202664937,-0.013405481241983487,-1.1815680710044516,-1.2870716627607282,-0.05410348574118809,-0.07187007397078164,0.1149,1.110,-1.2923327415273358,-0.05533022614848544,-0.26569718045336643,0.1105
1787569858.8474846,-1.3925581922429822,-0.011170496029813194,-1.372427915164749,-1.2873897728251205,-0.05530830778049244,0.09359883326904025,0.1141,1.466,-1.2923327415273358,-0.05533022614848544,-0.26569718045336643,0.1095
1787569858.9140122,-1.3912438195458898,-0.010506841483267554,-1.474772499885368,-1.3204610751732184,-0.0291284811730129,-1.0574572461601042,0.0732,0.417,-1.325140909837223,-0.02761521941915571,-1.0876025001311043,0.0683
1787569859.0383372,-1.3884697114543036,-0.00992982450285294,-1.6570520098152228,-1.327237272846769,-0.02623552287299214,-0.8985253969841026,0.0634,0.759,-1.325140909837223,-0.02761521941915571,-1.0876025001311043,0.0658
1787569859.0951512,-1.3871178022603503,-0.010029968108762333,-1.68663741823727,-1.3311744869431987,-0.02458363210246114,-0.8096221668825409,0.0578,0.877,-1.325140909837223,-0.02761521941915571,-1.0876025001311043,0.0644
1787569859.210652,-1.3850197376463955,-0.00979400653231266,-1.575388346097637,-1.3004098128794461,-0.045936767891272115,-0.4871539564480679,0.0920,1.088,-1.2963804326361914,-0.04652440041140956,-0.4791647025484808,0.0959
1787569859.2812476,-1.3841241417758163,-0.009243298536942288,-1.5459306457528301,-1.309740206595812,-0.024115840602494762,-1.4979794433920517,0.0759,0.048,-1.311502448946435,-0.021521471888419855,-1.5459252663210878,0.0737
1787569859.3643277,-1.3831681343809759,-0.008317685196503562,-1.4512773133725525,-1.3100144925669992,-0.023566231957408583,-1.4415485994793948,0.0747,0.010,-1.3093814815146787,-0.023728382776771473,-1.439641512999656,0.0754
1787569859.5372088,-1.3817197090457973,-0.006517476075119672,-1.4937610371200098,-1.3119924526780569,-0.021393628398655714,-1.4038331017962533,0.0713,0.090,-1.3093814815146787,-0.023728382776771473,-1.439641512999656,0.0744
1787569859.6173847,-1.3811509827987611,-0.00618093833290943,-1.5703936156599128,-1.3117976053398537,-0.020877166059373915,-1.3414212843571234,0.0709,0.229,-1.3116416625641338,-0.020872765707244556,-1.3413833273369193,0.0710
1787569859.7343063,-1.380145427172973,-0.006937649725342572,-1.677136348649771,-1.3149442803647489,-0.01736827900689834,-1.2758931846269919,0.0660,0.401,-1.2962045013543444,-0.019294434107674074,-1.5850518654998604,0.0848
1787569859.8017485,-1.3797289091880374,-0.007441726792706193,-1.5806703967324613,-1.300175048588584,-0.019545819419385997,-1.5731284402948267,0.0805,0.008,-1.2962045013543444,-0.019294434107674074,-1.5850518654998604,0.0844
1787569859.929091,-1.3796148788519091,-0.007638254772214085,-1.373125518344823,-1.2992496673082523,-0.023991553535259627,-1.3412253907484981,0.0820,0.032,-1.2992472791746337,-0.024664139485629046,-1.3281195161874015,0.0822
1787569859.9926984,-1.3794880170588713,-0.007221822028029603,-1.1972215680160938,-1.2994004729342157,-0.02293012870851553,-1.308134108568128,0.0816,0.111,-1.2992472791746337,-0.024664139485629046,-1.3281195161874015,0.0821
1787569860.14258,-1.3792198234949848,-0.006680295998274013,-1.1197851866675546,-1.287357077331471,-0.02117815270700698,-1.1245175355382653,0.0930,0.005,-1.2841460986910818,-0.020926865424498644,-1.1334463056311008,0.0961
1787569860.2272832,-1.3790743754484285,-0.007017907834024526,-1.2334186710109591,-1.2858032099431107,-0.01965159072663075,-1.067924732939152,0.0941,0.165,-1.3198050996526072,-0.016506735555208554,-1.143773934117199,0.0600
1787569860.310005,-1.378877035432498,-0.007632210818693543,-1.3468630167165077,-1.312889363664365,-0.016721097090800843,-1.1410796114991142,0.0666,0.206,-1.3198050996526072,-0.016506735555208554,-1.143773934117199,0.0597
1787569860.4459949,-1.37849346133899,-0.00963173272215547,-1.291163247319367,-1.3164524720326656,-0.013869779748718497,-1.0720053071710238,0.0622,0.219,-1.3198050996526072,-0.016506735555208554,-1.143773934117199,0.0591
1787569860.509795,-1.3780858334722736,-0.0103784407771462,-1.2644971694614822,-1.3174785330349537,-0.026869301607908132,-1.210474209151818,0.0628,0.054,-1.31753928597152,-0.02751324553138955,-1.1991190801990863,0.0629
1787569860.649501,-1.3770671890632893,-0.011099472858870058,-1.19727513182643,-1.3198288718490132,-0.02682717718877197,-1.1800752845780633,0.0594,0.017,-1.31753928597152,-0.02751324553138955,-1.1991190801990863,0.0617
1787569860.7211518,-1.3765365607227786,-0.01111349964350662,-1.265656902180776,-1.318899865827441,-0.031169600228071862,-1.0164136230539729,0.0610,0.249,-1.3185966161689324,-0.031678588511189744,-1.006739559072093,0.0615
1787569860.8417337,-1.3756722977407085,-0.011352861325462267,-1.76923067336013,-1.3223001491603676,-0.03202310088825289,-0.9516237685903232,0.0572,0.818,-1.4377699073359091,-0.01706138352551702,-1.3510587662472835,0.0624
1787569860.8976977,-1.3749276205408598,-0.011904399992669666,-1.7614670169309252,-1.4063532603704287,-0.018168253306401996,-1.3591350355326288,0.0320,0.402,-1.4377699073359091,-0.01706138352551702,-1.3510587662472835,0.0631
1787569861.0190547,-1.373221269078799,-0.013781421272045116,-1.5302334855722013,-1.4316990626389925,-0.013715592003022992,-1.65173523456348,0.0585,0.122,-1.434080520325154,-0.013067938041125429,-1.6619688551104541,0.0609
1787569861.0868878,-1.372437826138106,-0.014913509438619398,-1.2618640242379924,-1.447075849365852,-0.011836139117694145,-1.6666992560888219,0.0747,0.405,-1.434080520325154,-0.013067938041125429,-1.6619688551104541,0.0617
1787569861.2107718,-1.3709150594395816,-0.016240221443019596,-1.1900964416218185,-1.4428152101978273,-0.020133800178455695,-1.1561593531935566,0.0720,0.034,-1.4392406432336229,-0.02160582100631332,-1.1347244550345579,0.0685
1787569861.3412259,-1.369186884497132,-0.016623753712865747,-1.1810197975219305,-1.4566278207984902,-0.019630469072701624,-1.1274713754346908,0.0875,0.054,-1.4392406432336229,-0.02160582100631332,-1.1347244550345579,0.0702
1787569861.41022,-1.368380577345771,-0.016604173697856692,-1.33022428616048,-1.4244313554005783,-0.023509012151886815,-1.06078701948832,0.0565,0.269,-1.4127909235773877,-0.02391403148981615,-1.0564396610036286,0.0450
1787569861.545705,-1.36677099258311,-0.017194988717424763,-1.5967821926233134,-1.4175108811032453,-0.014185499422647938,-1.3903739727152866,0.0508,0.206,-1.4110129366201376,-0.012010756090255542,-1.4212235025823101,0.0445
1787569861.6177168,-1.3658027735742835,-0.01799234327751559,-1.5253271113609104,-1.4244656289114757,-0.012967519636683683,-1.3877704811255107,0.0589,0.138,-1.4110129366201376,-0.012010756090255542,-1.4212235025823101,0.0456
1787569861.6922247,-1.3648343627337813,-0.018991253583369453,-1.3818432529307476,-1.4243976283215631,-0.013198334884921368,-1.7272519103852444,0.0598,0.345,-1.424142159836637,-0.012953278611795403,-1.732685010408578,0.0596
1787569861.8199904,-1.3625380679755361,-0.01993517642284604,-1.1006082785304734,-1.4238575669892697,-0.018912916637055896,-1.394657654900541,0.0613,0.294,-1.4203589628948614,-0.02038660336137908,-1.3719186338547171,0.0578
1787569861.9458067,-1.3601222731100922,-0.01961340481700729,-1.0760319561177434,-1.4298916229836893,-0.018648379685007873,-1.3907373373353578,0.0698,0.315,-1.4203589628948614,-0.02038660336137908,-1.3719186338547171,0.0602
1787569862.0139506,-1.3589420844642246,-0.019008700662725565,-1.1826518309802285,-1.4250588181009234,-0.01984461873784042,-1.1784279410108842,0.0661,0.004,-1.422495127394296,-0.020134141312803784,-1.1732284365649013,0.0636
1787569862.090949,-1.3578538192851204,-0.01838344985498268,-1.4247393012400766,-1.432883474347693,-0.0201750383199444,-1.1705926609911468,0.0751,0.254,-1.4348454933732593,-0.020281934226190734,-1.1695516375297876,0.0770
1787569862.2354841,-1.355649881496457,-0.018131766305933612,-1.4627552636441798,-1.4386122309181817,-0.020167086554551832,-1.1500970656815142,0.0830,0.313,-1.4348454933732593,-0.020281934226190734,-1.1695516375297876,0.0792
1787569862.30325,-1.3544766453785204,-0.018406975810852478,-1.4423033274291879,-1.4239708974816396,-0.015266315704071602,-1.4968959787774812,0.0696,0.055,-1.4177273715060985,-0.014076434937193214,-1.5136428345524986,0.0634
1787569862.4369285,-1.3526979178994065,-0.018694361092781584,-1.2768231150532228,-1.4292414484259488,-0.014294025951022533,-1.5093760259774056,0.0767,0.233,-1.4177273715060985,-0.014076434937193214,-1.5136428345524986,0.0652
1787569862.5043523,-1.3519614099731767,-0.018315782400727502,-1.2313228562098537,-1.4186697810342324,-0.015608225801044455,-1.3754077517116792,0.0668,0.144,-1.4155770340130418,-0.015840932720752186,-1.3712171974379694,0.0637
1787569862.630514,-1.350377949717978,-0.01657132435444979,-1.1091166135666461,-1.4209230423263821,-0.01512511201084574,-1.3731304542838167,0.0706,0.264,-1.4155770340130418,-0.015840932720752186,-1.3712171974379694,0.0652
1787569862.695457,-1.3496484736782903,-0.015486765224108322,-1.2018129542220606,-1.4564034156432617,-0.051946970063626995,-0.014820981649653566,0.1128,1.187,-1.4654335986251215,-0.056817914467962444,0.037599906692537856,0.1229
1787569862.8218215,-1.348218458846603,-0.014287133320746753,-1.2899486869281185,-1.4626144046769631,-0.05631127395359969,0.09262108909092624,0.1219,1.383,-1.4654335986251215,-0.056817914467962444,0.037599906692537856,0.1247
1787569862.9248385,-1.3466161107422239,-0.014046671635454089,-1.3561935849504054,-1.4679310705487483,-0.060080303778341615,0.18328016196418154,0.1298,1.539,-1.4148881636402253,-0.016654413604391443,-1.291205397146737,0.0683
1787569863.0328195,-1.345130557302755,-0.014211923461995284,-1.1239218202466,-1.4258083532675814,-0.022120539321736077,-1.2110197269005667,0.0811,0.087,-1.4148881636402253,-0.016654413604391443,-1.291205397146737,0.0698
1787569863.147478,-1.343587497249823,-0.013705420388770895,-0.8755759280835479,-1.4277652417609916,-0.021638428681120828,-1.212809977064911,0.0846,0.337,-1.4148881636402253,-0.016654413604391443,-1.291205397146737,0.0714
1787569863.2179654,-1.3427012934895795,-0.012988708181109374,-0.8405099868195989,-1.3513059203172666,0.01206090927713644,-1.8382038781552255,0.0265,0.998,-1.3356648685909998,0.015037366429445103,-1.8859477119536434,0.0289
1787569863.2867544,-1.3417840885946477,-0.012028106368637869,-0.8676291852726471,-1.3442565773673978,0.015814712113333348,-1.8803525519708915,0.0280,1.013,-1.3356648685909998,0.015037366429445103,-1.8859477119536434,0.0277
1787569863.437716,-1.3404546885073103,-0.01036502124156411,-1.0626568987901865,-1.280952825425712,-0.0339726127593977,-0.5737136496312095,0.0640,0.489,-1.2707895789344386,-0.03709117474056233,-0.5216314529854438,0.0746
1787569863.510969,-1.3398871476025096,-0.010082493652603839,-1.1030193964981434,-1.264744344517654,-0.03614159982550938,-0.5135579561509561,0.0795,0.589,-1.2707895789344386,-0.03709117474056233,-0.5216314529854438,0.0742
1787569863.583376,-1.3392538731027122,-0.010097759942806464,-1.1193567206687047,-1.2005887725866038,-0.02783725334691073,-0.8200458532908123,0.1398,0.299,-1.1878325726883485,-0.026869925629661295,-0.835361377899565,0.1523
1787569863.7299442,-1.338179002513884,-0.010436184726654812,-0.777736256519676,-1.1705585266762586,-0.029165398748086914,-0.7793858625894702,0.1687,0.002,-1.1878325726883485,-0.026869925629661295,-0.835361377899565,0.1512
1787569863.8016808,-1.3379442158880448,-0.010373696428497158,-0.6700311072036749,-1.117073803022167,-0.031698961121260014,-0.6023430199469793,0.2219,0.068,-1.110562995669389,-0.03164526789945985,-0.6031624265532544,0.2284
1787569863.9492512,-1.3373609019970607,-0.00921707035618036,-0.4036552111092192,-1.0917971714155974,-0.032756965438451593,-0.5640153930975911,0.2467,0.160,-1.110562995669389,-0.03164526789945985,-0.6031624265532544,0.2279
1787569864.020513,-1.3370987138934365,-0.009122384398004646,-0.4215958327795384,-1.1474354358655574,-0.01068653844763372,-1.3341851788214985,0.1897,0.913,-1.1666934117038663,-0.0076535487677969975,-1.377033129656738,0.1704
1787569864.0910392,-1.336849164885468,-0.009275155833411122,-0.5350111496527739,-1.0871914545023078,0.011841310876729466,-1.961721829530508,0.2505,1.427,-1.0686265838929172,0.015774897534865853,-2.060832994206981,0.2694
1787569864.2479243,-1.3361805173605235,-0.010362620965394809,-0.7425942042180268,-1.0694368930929279,0.016216006457096612,-2.165793335610169,0.2681,1.423,-1.0709595577515452,0.01654855515595661,-2.1702241907100364,0.2666
1787569864.316728,-1.3358842104600814,-0.011251597369826628,-0.6879248955606938,-1.0356958094520659,0.02148642048104861,-2.2673234514555,0.3020,1.579,-1.0709595577515452,0.01654855515595661,-2.1702241907100364,0.2664
1787569864.4247453,-1.3349017825201575,-0.01228413469476955,-0.6028389378133122,-1.0127434138774905,0.025034788978628705,-2.334981502113133,0.3243,1.732,-1.0709595577515452,0.01654855515595661,-2.1702241907100364,0.2655
1787569864.4911346,-1.334352331056206,-0.012511899051954488,-0.5486425714666766,-1.1292146859505447,-0.002680257447078567,-1.5781186501633055,0.2054,1.029,-1.1487331657168662,-0.0048383055770735315,-1.5396466291733397,0.1858
1787569864.6246226,-1.3331654275255287,-0.012237900183158259,-0.6104145638893952,-1.0741684007340515,0.01398800715309257,-2.190925533006625,0.2603,1.581,-1.0590420214639853,0.016571728535639745,-2.2636188771543106,0.2756
1787569864.6850445,-1.332692197677286,-0.012092836551303922,-0.8405110848812277,-1.0522760544779224,0.017317943800440105,-2.2723641381160657,0.2820,1.432,-1.0590420214639853,0.016571728535639745,-2.2636188771543106,0.2751
1787569864.827028,-1.330755281338834,-0.013465547688062386,-1.337446670935717,-1.1258399029251849,0.0001501821239685737,-1.6541230043235613,0.2054,0.317,-1.1438305989216657,-0.0016959093773804487,-1.6233365251863996,0.1873
1787569864.8998241,-1.3297973492654658,-0.014599343961725174,-1.5912527782259682,-1.1149230432424242,0.000905551044748757,-1.6770550921112108,0.2154,0.086,-1.1438305989216657,-0.0016959093773804487,-1.6233365251863996,0.1864
1787569865.0203297,-1.3284651257128535,-0.016693356027036907,-1.6788214525062917,-1.096258512198781,-0.034263782903623176,-1.4384091215419008,0.2329,0.240,-1.0926449716142923,-0.03734411061644418,-1.392363392101836,0.2367
1787569865.1404881,-1.3274033698494352,-0.01750355678961516,-1.5447206448423738,-1.0808832659673262,-0.03982117097168132,-1.437833630637322,0.2475,0.107,-1.0926449716142923,-0.03734411061644418,-1.392363392101836,0.2356
1787569865.2474873,-1.326205763993573,-0.017487993830352617,-1.5637362331832583,-1.0892907550601174,-0.04574189128163659,-1.1702433516487638,0.2386,0.393,-1.0921523039164236,-0.04611691417795526,-1.1648691344313138,0.2358
1787569865.3135495,-1.3257012644978226,-0.017402762646959266,-1.7270331975923046,-1.0804142907079008,-0.050038971463659335,-1.150156459326787,0.2474,0.577,-1.0921523039164236,-0.04611691417795526,-1.1648691344313138,0.2353
1787569865.4400384,-1.3244569381476587,-0.018111103985823704,-1.9711840233958164,-1.0804142907079008,-0.050038971463659335,-1.150156459326787,0.2461,0.821,-1.0921523039164236,-0.04611691417795526,-1.1648691344313138,0.2340
1787569865.5260093,-1.3235955891793143,-0.019029638724282174,-1.947752937022797,-1.126811260259857,-0.06848911599487985,-0.537766584669625,0.2029,1.410,-1.136908008272183,-0.07010212127930997,-0.5193432816570037,0.1935
1787569865.614381,-1.3227505583995147,-0.020191868767604256,-1.8265085410686612,-1.0783317534672827,-0.06136183761270657,-0.21526938894998818,0.2479,1.611,-1.0530103793313401,-0.05941813991597644,-0.18489358196925698,0.2726
1787569865.745515,-1.321223922098422,-0.02114757883187868,-1.7518849684981164,-1.0651508292205463,-0.06871675178071972,-0.07902521544215588,0.2605,1.673,-1.0530103793313401,-0.05941813991597644,-0.18489358196925698,0.2709
1787569865.8160489,-1.3204112346426087,-0.02103126970629537,-1.6606573604744708,-1.0865316551330717,-0.04497821374279945,-1.5418389178538296,0.2351,0.119,-1.0906927565356435,-0.04319733574439123,-1.573096030285656,0.2308
1787569865.900222,-1.3195806734721882,-0.02069535812203518,-1.6475362781170177,-1.0816905457553285,-0.04652729999758658,-1.566155054861659,0.2393,0.081,-1.0906927565356435,-0.04319733574439123,-1.573096030285656,0.2300
1787569866.027106,-1.3180389371958106,-0.02013051261598626,-1.8229802635036532,-1.0771881154353469,-0.04798901022735886,-1.5887292210226887,0.2425,0.234,-1.0906927565356435,-0.04319733574439123,-1.573096030285656,0.2285
1787569866.09395,-1.317177875800007,-0.020229904471244207,-1.8392680122200729,-1.1256440216926291,-0.06278163452167701,-0.5688607617585061,0.1962,1.270,-1.134969848112153,-0.06461254360340728,-0.5447741301921958,0.1875
1787569866.2166524,-1.3153201732684345,-0.021385456313581745,-1.7128835382924639,-1.1240480564822548,-0.07188800306859308,-0.3947480223470829,0.1978,1.318,-1.1234252222278611,-0.07232021610552362,-0.3872002031328104,0.1985
1787569866.3441818,-1.3144681714442783,-0.021512721344128346,-1.5614287810487204,-1.1245465833773813,-0.07589254918160442,-0.3368788856251971,0.1976,1.225,-1.1234252222278611,-0.07232021610552362,-0.3872002031328104,0.1977
1787569866.4133515,-1.3139606928658674,-0.021204938120142153,-1.4009426383716874,-1.1275519315337343,-0.0792773547471357,-0.09951887918978577,0.1952,1.301,-1.1281100904534345,-0.07939916645253386,-0.09720665903183622,0.1947
1787569866.486856,-1.3134722042834321,-0.020429132096308467,-1.219493351703153,-1.1284739598577584,-0.0832800842845775,-0.029949780966067853,0.1954,1.190,-1.1281100904534345,-0.07939916645253386,-0.09720665903183622,0.1945
1787569866.6183517,-1.3126441428056526,-0.01843632915699627,-1.224316781861071,-1.1284739598577584,-0.0832800842845775,-0.029949780966067853,0.1953,1.194,-1.1281100904534345,-0.07939916645253386,-0.09720665903183622,0.1943
1787569866.6923819,-1.3120384912070946,-0.01789240712104156,-1.2456975946742357,-1.1230183049348945,-0.07266285521373528,0.30256087671236853,0.1968,1.548,-1.1216683782661565,-0.07163268732187171,0.28898088133016275,0.1978
1787569866.8282454,-1.3106629192097465,-0.017647894972411624,-1.266573270533604,-1.1212668274630382,-0.054628469662445826,-0.4425606302004922,0.1930,0.824,-1.1211041126877395,-0.05193303124178935,-0.49183561533659226,0.1926
1787569866.8983533,-1.3099982086940498,-0.01780876212261607,-1.153877007862577,-1.1214904220590634,-0.05452204319488978,-0.41831850543086513,0.1920,0.736,-1.1211041126877395,-0.05193303124178935,-0.49183561533659226,0.1920
1787569867.0192652,-1.3086888317713294,-0.017821252913329397,-0.8890042759782699,-1.1629427146020914,-0.04506858560900758,-0.5476781597409371,0.1483,0.341,-1.171389431309076,-0.04451448386623471,-0.5586575675709632,0.1399
1787569867.1455138,-1.3070005009960608,-0.01682907452332455,-1.004499598112693,-1.1683687383797265,-0.04371201163354404,-0.5320475186539884,0.1412,0.472,-1.171389431309076,-0.04451448386623471,-0.5586575675709632,0.1384
1787569867.2120702,-1.3061419964636065,-0.015995933216672763,-1.2316649971973426,-1.1732217997942354,-0.04250295094610024,-0.5185086641758931,0.1355,0.713,-1.171389431309076,-0.04451448386623471,-0.5586575675709632,0.1377
1787569867.2878513,-1.3053735815121563,-0.015212992248686042,-1.591814881322558,-1.2016554166499058,-0.03497308510171315,-0.7920270443303437,0.1056,0.800,-1.2049959271607718,-0.03471831001087526,-0.7977318918706524,0.1023
1787569867.426477,-1.303615025689258,-0.014862012941786639,-1.6157168888315443,-1.2143949921930164,-0.03164090912977941,-0.7994020210665977,0.0908,0.816,-1.2049959271607718,-0.03471831001087526,-0.7977318918706524,0.1006
1787569867.5050943,-1.302684053396426,-0.015070657126693398,-1.5661777834958286,-1.2106641780763996,-0.034212419725098066,-1.4504843294876453,0.0940,0.116,-1.20930251696183,-0.03419941029311129,-1.4521257119234312,0.0953
1787569867.6381063,-1.3004730706058507,-0.015486577481543657,-1.1707005725760022,-1.219741017418271,-0.03197030457127638,-1.508806480207493,0.0824,0.338,-1.20930251696183,-0.03419941029311129,-1.4521257119234312,0.0931
1787569867.6963286,-1.2990322986193241,-0.015310223052148127,-0.9692437241931752,-1.2272174817948298,-0.03011734276420858,-1.5556024951044223,0.0733,0.586,-1.20930251696183,-0.03419941029311129,-1.4521257119234312,0.0917
1787569867.8220775,-1.2958086524811356,-0.014092447053312447,-0.7846454514894678,-1.176267049951806,-0.010423439519088529,-1.862716515087256,0.1196,1.078,-1.1688054574401299,-0.009430217456838062,-1.881797396120073,0.1271
1787569867.943446,-1.293059008304676,-0.012907105309551505,-0.8862724546762529,-1.1800906069953931,-0.0033924904821610318,-1.978909776129656,0.1134,1.093,-1.1688054574401299,-0.009430217456838062,-1.881797396120073,0.1243
1787569868.0194972,-1.2917810222640116,-0.01277276224486459,-0.9270473235912391,-1.1540307804361267,-0.044730276759590945,-0.4906535860698262,0.1414,0.436,-1.1312772824321027,-0.022454562253788876,-0.780145057166544,0.1608
1787569868.1087465,-1.2904586393471535,-0.012884284046815318,-0.9618119560965203,-1.137232950656688,-0.025064526307402222,-0.7363118814253614,0.1537,0.226,-1.1312772824321027,-0.022454562253788876,-0.780145057166544,0.1595
1787569868.2382095,-1.2879061031748391,-0.013739009276162966,-0.6810460008120438,-1.1327009760238511,-0.021301623661469066,-0.7098920950671732,0.1554,0.029,-1.1312772824321027,-0.022454562253788876,-0.780145057166544,0.1569
1787569868.3020325,-1.2866645119841664,-0.013942578615762771,-0.4020148310709649,-1.1304632744355183,-0.019890784548567363,-0.7709129825340221,0.1563,0.369,-1.1301732932387043,-0.01982376769740673,-0.7721959269320364,0.1566
1787569868.416127,-1.2847371907958927,-0.012904400912350957,-0.4170528764697212,-1.1260886646993202,-0.01623910525817068,-0.7547173797972907,0.1587,0.338,-1.1301732932387043,-0.01982376769740673,-0.7721959269320364,0.1547
1787569868.5408196,-1.2834516391148068,-0.011356005059610567,-0.5927455671778867,-1.1468425936351103,-0.025235824865723913,-0.23209179091467422,0.1373,0.361,-1.1521258124582328,-0.026530273482836982,-0.2089202590541655,0.1322
1787569868.6157296,-1.283060244950644,-0.010776664868473073,-0.7432668186355256,-1.151374240130614,-0.02335857456950866,-0.3518671941350852,0.1323,0.391,-1.1526251493112647,-0.023284394101749095,-0.35441149714635134,0.1310
1787569868.6781306,-1.2825978169816477,-0.010507159096670464,-0.9127134122694062,-1.1517251312147665,-0.02203908303699383,-0.3170299570870068,0.1314,0.596,-1.1526251493112647,-0.023284394101749095,-0.35441149714635134,0.1306
1787569868.8343835,-1.2815920224485717,-0.01062539046710074,-1.1271934372274297,-1.1365049254888056,-0.0305322247681789,-0.49351031127934086,0.1464,0.634,-1.1314472028370608,-0.03155810327120603,-0.47145639473954637,0.1516
1787569868.942692,-1.2812515396852262,-0.010620404795724448,-1.0183949312318716,-1.1341890061353905,-0.0302120635573908,-0.4621335886455682,0.1484,0.556,-1.1314472028370608,-0.03155810327120603,-0.47145639473954637,0.1513
1787569868.9997206,-1.2812406139939425,-0.010220625386866172,-1.0134575576824632,-1.1316471951502114,-0.031230837261864458,-0.7648354842158757,0.1511,0.249,-1.131354519150198,-0.03119256248002202,-0.7664659242509887,0.1513
1787569869.0694988,-1.2811652345935345,-0.009582405907128387,-1.0213858464823091,-1.1366608322379501,-0.05891111922718806,-0.48424529718541864,0.1527,0.537,-1.1397613690916732,-0.0635531201070117,-0.4094856294024653,0.1514
1787569869.2253077,-1.2809206744076445,-0.008598355094767888,-1.1177213817376812,-1.13566676038808,-0.06294026348698978,-0.4628322067698944,0.1551,0.655,-1.1397613690916732,-0.0635531201070117,-0.4094856294024653,0.1515
1787569869.2909582,-1.2807214585974862,-0.008699924420075925,-1.2035202682573964,-1.131593669086175,-0.05019090438095018,-0.5578779201685069,0.1548,0.646,-1.1303100646122712,-0.04854831536653823,-0.5839748784861625,0.1556
1787569869.4203506,-1.2799632617974293,-0.0097504035890476,-1.2792871903379754,-1.1296679754645425,-0.051825335982279036,-0.6362257465324366,0.1561,0.643,-1.1296229256284953,-0.05166316852726428,-0.6393195908948213,0.1561
1787569869.494053,-1.2794938168079546,-0.010614099048565629,-1.1646166062014802,-1.1291336254041342,-0.041808269391961334,-0.9510708698490081,0.1536,0.214,-1.1292369045779678,-0.039586140100552884,-0.9886947927108655,0.1530
1787569869.6355927,-1.2784151132034907,-0.011588952579282451,-0.8956064889552425,-1.127734593076535,-0.0422478840410263,-0.9744501553849341,0.1538,0.079,-1.1277910837305072,-0.046005966511539806,-0.5623967263347062,0.1545
1787569869.6900434,-1.2776136136703196,-0.011457102731599961,-0.9474987096620562,-1.1277081094846844,-0.045354980682308366,-0.5751440474134185,0.1537,0.372,-1.1277910837305072,-0.046005966511539806,-0.5623967263347062,0.1538
1787569869.8026013,-1.276017730415977,-0.010695187728193173,-1.271186641483776,-1.1256135134438154,-0.0467073801616163,-0.5574757741024372,0.1547,0.714,-1.1277910837305072,-0.046005966511539806,-0.5623967263347062,0.1524
1787569869.9081392,-1.274674596632827,-0.010291042695517947,-1.3541652546981782,-1.2788728158662184,-0.021506079788535595,-1.0379934486884457,0.0120,0.316,-1.315080569310908,-0.019608426090705264,-1.0522878540467213,0.0415
1787569870.0242293,-1.2731753735110727,-0.010744468794384206,-1.4794826862054706,-1.3054671288308388,-0.017752558297881197,-1.0770845647613552,0.0330,0.402,-1.315080569310908,-0.019608426090705264,-1.0522878540467213,0.0428
1787569870.08627,-1.2723964746957062,-0.01126823996411346,-1.4765721693070188,-1.3124426451089681,-0.0022326432788428857,-1.7506680849567258,0.0411,0.274,-1.3118721842022778,-0.0007131646952672621,-1.772222288210274,0.0409
1787569870.2169673,-1.2710387088118402,-0.01236332430128867,-1.1279828064951511,-1.332637747602427,0.0028687068366989557,-1.8359303827063496,0.0635,0.708,-1.3118721842022778,-0.0007131646952672621,-1.772222288210274,0.0425
1787569870.288269,-1.2702104609323372,-0.012346470252899809,-1.122716692954322,-1.3231809932451661,-0.015151809206171912,-0.9893394054513821,0.0530,0.133,-1.3187229480814904,-0.01844965505730096,-0.9388278639764402,0.0489
1787569870.4326622,-1.2684093505992953,-0.01144534797400779,-1.2259663697207415,-1.346327842145085,-0.012425263874737297,-0.9998161108698097,0.0779,0.226,-1.3187229480814904,-0.01844965505730096,-0.9388278639764402,0.0508
1787569870.496121,-1.2676008539403667,-0.010852363544953964,-1.4633292977896817,-1.3319423507627783,-0.019885475251294547,-0.9824584658658075,0.0650,0.481,-1.3269122651771839,-0.020637287733294294,-0.974406380537736,0.0601
1787569870.620922,-1.2659584029842832,-0.010300806304951421,-1.5114710402710245,-1.3518301959585606,-0.018534001141002496,-0.9907133228079898,0.0863,0.521,-1.3269122651771839,-0.020637287733294294,-0.974406380537736,0.0618
1787569870.7391014,-1.2639858689901589,-0.010934546815989923,-1.4230926573801685,-1.3270487282890782,-0.002395951657449571,-1.8364097343064263,0.0636,0.413,-1.319552611298618,-0.00027862957924142497,-1.8640595217602418,0.0566
1787569870.8015602,-1.2630755054122824,-0.011428361352918148,-1.2274184718780135,-1.3431164392241928,0.0020085813652913178,-1.9346371232576605,0.0812,0.707,-1.319552611298618,-0.00027862957924142497,-1.8640595217602418,0.0576
1787569870.924589,-1.261288602463747,-0.011703098057325863,-0.9168427879130436,-1.322857135937286,-0.018491880028415182,-0.995026801829428,0.0619,0.078,-1.3170890931333552,-0.021507439852608782,-0.9541646609558574,0.0567
1787569870.9974031,-1.2602532878559871,-0.011279775396523112,-0.9777558306450846,-1.3157618408703533,-0.025987951075251967,-0.6061803663941461,0.0574,0.372,-1.3095711655814215,-0.027200044704417416,-0.5916731056296495,0.0518
1787569871.1436927,-1.2580386614144654,-0.010314749564686924,-1.1592559648043004,-1.3233896387252237,-0.026613744427932916,-0.5716671371839811,0.0674,0.588,-1.3099593930427522,-0.022682369377215753,-0.8365615621655963,0.0534
1787569871.2074473,-1.256900953340638,-0.01025429056888253,-1.3128915259417215,-1.3137531067025185,-0.0235390320261086,-0.8219269290286562,0.0584,0.491,-1.3099593930427522,-0.022682369377215753,-0.8365615621655963,0.0545
1787569871.3407545,-1.254561126869641,-0.011081997860521553,-1.742584264931074,-1.3150485947743178,-0.01956843339952373,-1.062986360705089,0.0611,0.680,-1.3126873447725371,-0.018745786027044867,-1.0757758451798214,0.0586
1787569871.4073994,-1.2534341725872518,-0.011876620478530229,-1.880876068801163,-1.3205328913600534,-0.01918162352566788,-1.0712996742102727,0.0675,0.810,-1.3126873447725371,-0.018745786027044867,-1.0757758451798214,0.0597
1787569871.5409112,-1.2514343823314824,-0.01312774574300392,-1.8656440490153932,-1.3119336096246477,-0.02295969048602694,-1.59452291970107,0.0613,0.271,-1.308561506932694,-0.023103163614260073,-1.5961232391878608,0.0580
1787569871.6010094,-1.2503902354046665,-0.013282747251347942,-1.8410035474465334,-1.3179941071924994,-0.02312521784740222,-1.667930324937584,0.0683,0.173,-1.308561506932694,-0.023103163614260073,-1.5961232391878608,0.0590
1787569871.718267,-1.248177555024924,-0.012869993094235359,-1.825998602505436,-1.3182924580147772,-0.02580401158553904,-1.5146674833645315,0.0713,0.311,-1.318291501185872,-0.02622934279946912,-1.5083513047666885,0.0714
1787569871.792986,-1.2471546715732118,-0.012526226597629236,-1.9762356450507963,-1.3128153171072434,-0.020938015221797175,-1.707291614833276,0.0662,0.269,-1.309287938973816,-0.019989784895376436,-1.7216489760258749,0.0626
1787569871.927951,-1.2460610214735586,-0.01276170951220974,-2.005842126411605,-1.3156939536623855,-0.020710820757077492,-1.7563184747870841,0.0701,0.250,-1.309287938973816,-0.019989784895376436,-1.7216489760258749,0.0636
1787569871.9886668,-1.2454319554679096,-0.013272852717592152,-2.007328238152631,-1.3055643175349172,-0.007343305975389533,-2.1671106737025894,0.0604,0.160,-1.302641934879577,-0.005841638125356831,-2.187101400892194,0.0577
1787569872.1350374,-1.2443228186603148,-0.0146507227695884,-1.7024321219187515,-1.3037183271130608,-0.0034842462518532152,-2.3036920820131237,0.0604,0.601,-1.3021917147365478,-0.002420618728838715,-2.3183788169475594,0.0591
1787569872.1995983,-1.2436041512884897,-0.015022419333799653,-1.6864780842809897,-1.3076793623327285,-0.0191896352127454,-1.5073451346948046,0.0642,0.179,-1.3095834064375522,-0.023746442415326776,-1.4403020015118675,0.0666
1787569872.3328104,-1.241975219133174,-0.014982526626796283,-1.6870822529944296,-1.3090903249037833,-0.019249658832159993,-1.5221231549108036,0.0673,0.165,-1.3039096181092265,-0.01894167390001196,-1.4970337309755817,0.0621
1787569872.407401,-1.2411715138554331,-0.014682425542698451,-1.8112922926894068,-1.305416848479034,-0.01900385085840402,-1.495980071584786,0.0644,0.315,-1.3039096181092265,-0.01894167390001196,-1.4970337309755817,0.0629
1787569872.5376682,-1.2396493295626156,-0.01450202974504172,-2.097716605825256,-1.3068481168723405,-0.019060008336857864,-1.5159014133115873,0.0674,0.582,-1.302212430170099,-0.020897780537823138,-1.9080823152561686,0.0629
1787569872.6030862,-1.238791985022723,-0.014779381827945002,-2.1009094182402186,-1.3068481168723405,-0.019060008336857864,-1.5159014133115873,0.0682,0.585,-1.302212430170099,-0.020897780537823138,-1.9080823152561686,0.0637
1787569872.733226,-1.2370666048567862,-0.015938783810789038,-1.9110185011179321,-1.303873521167735,-0.021386389457336487,-1.9773804016951007,0.0670,0.066,-1.302212430170099,-0.020897780537823138,-1.9080823152561686,0.0653
1787569872.797733,-1.2363303727112234,-0.016464168451050705,-1.8864636104846297,-1.2978523811664526,-0.023067886498892083,-1.6496018861577986,0.0619,0.237,-1.2966964837007475,-0.023294234127695664,-1.6458149298172347,0.0608
1787569872.924783,-1.234669665554452,-0.016715772302040927,-1.7604375061564774,-1.2974009545402556,-0.02361369777866111,-1.666858275409768,0.0631,0.094,-1.2966964837007475,-0.023294234127695664,-1.6458149298172347,0.0624
1787569872.9868736,-1.233767606456423,-0.01648378017584888,-1.7517054470375228,-1.2949086564083272,-0.012520071808617226,-1.947323290150992,0.0613,0.196,-1.2943696295816218,-0.010981242162435699,-1.9687860290148629,0.0609
1787569873.1139784,-1.2321526451963638,-0.015865335854754848,-2.066030167631143,-1.293959583990804,-0.011337847512291591,-1.9934620738636275,0.0620,0.073,-1.2943696295816218,-0.010981242162435699,-1.9687860290148629,0.0624
1787569873.228052,-1.231193823662079,-0.015971765063791617,-2.2864908504427084,-1.2940042030672958,-0.019094514697213388,-1.9293040917371744,0.0629,0.357,-1.2941679271154694,-0.020134089789065925,-1.915029426146246,0.0631
1787569873.285288,-1.2306539952339397,-0.016339206344397842,-2.3769192857598775,-1.28397739865868,-0.004917503605468939,-2.572744660918884,0.0545,0.196,-1.2812143205061746,-0.002379159427457459,-2.6080548575476676,0.0525
1787569873.4260192,-1.2296260278300943,-0.016888616151974567,-2.2603594853799622,-1.282044704509618,-0.0032377354192800563,-2.6487552092781077,0.0542,0.388,-1.2812143205061746,-0.002379159427457459,-2.6080548575476676,0.0536
1787569873.534889,-1.2284101692804332,-0.016094167696022604,-2.1620272818482804,-1.2802997186950362,-0.0017484139337879767,-2.715182395579927,0.0538,0.553,-1.2930186171731188,-0.02558367021312277,-1.9289259042341858,0.0653
1787569873.5991251,-1.2277030248390164,-0.015349200819719985,-2.1268191400101277,-1.2902878672253815,-0.022926969292984288,-1.9678285251855723,0.0630,0.159,-1.2930186171731188,-0.02558367021312277,-1.9289259042341858,0.0661
1787569873.7210245,-1.2263294130360785,-0.013223457902295663,-2.428023659108239,-1.2874698537388864,-0.026524140390560714,-1.8554929756715324,0.0626,0.573,-1.287089860255655,-0.026877058245592427,-1.8502988626890644,0.0623
1787569873.8414497,-1.2248884170888934,-0.012205657394944319,-2.494771246333001,-1.2863108218912491,-0.02776274069261186,-1.8649308889925533,0.0634,0.630,-1.287089860255655,-0.026877058245592427,-1.8502988626890644,0.0639
1787569873.903843,-1.224107973298417,-0.01203564475398704,-2.5287272919824244,-1.2755384020678187,-0.007260970004354182,-2.719486347709268,0.0517,0.191,-1.2731324689251367,-0.004390363781188305,-2.7601823610364002,0.0496
1787569874.0298233,-1.2225697512298743,-0.012238747956712731,-2.3848931726819615,-1.2728032092773416,-0.005694406761142574,-2.8027765943365015,0.0507,0.418,-1.2731324689251367,-0.004390363781188305,-2.7601823610364002,0.0512
1787569874.090899,-1.2219077181737836,-0.012292934521257182,-2.1276527205572164,-1.2808541239456814,-0.018340465296241358,-2.2814031592179935,0.0593,0.154,-1.2835329123353347,-0.02030848580910978,-2.2520164139751473,0.0621
1787569874.22314,-1.2201718396932062,-0.011716429727204106,-2.120003095043999,-1.2791176902051855,-0.018625833243604055,-2.319917927013638,0.0593,0.200,-1.2835329123353347,-0.02030848580910978,-2.2520164139751473,0.0639
1787569874.2885408,-1.2192258155856652,-0.011054840292565106,-2.1681808240918614,-1.2752456812700825,-0.020002130109660413,-1.9471596423983009,0.0567,0.221,-1.2746377942377778,-0.020280057985358306,-1.9424838741107864,0.0562
1787569874.4418747,-1.2175260402273667,-0.009659210134600454,-2.345058668985528,-1.273315532874277,-0.020404620462483782,-1.9486981451506917,0.0568,0.396,-1.2746377942377778,-0.020280057985358306,-1.9424838741107864,0.0581
1787569874.5270162,-1.2166712324718802,-0.009291463271927883,-2.386815247565109,-1.2806859123339096,-0.021912008801977346,-2.025301928202896,0.0652,0.362,-1.2832717082249683,-0.022164431960372828,-2.0209556744469737,0.0678
1787569874.646925,-1.2148641787563812,-0.009443394326832026,-2.3408178634095655,-1.279294411384029,-0.022763173958535856,-2.0361300374434395,0.0658,0.305,-1.2795161306582412,-0.0204547266964035,-2.1343415638913164,0.0656
1787569874.6996717,-1.2140700418610277,-0.009611158644427372,-2.139862700091704,-1.2794739549915708,-0.02076909868803856,-2.1297447294914624,0.0663,0.010,-1.2795161306582412,-0.0204547266964035,-2.1343415638913164,0.0663
1787569874.8399138,-1.2123855333471578,-0.009259915208642043,-1.8747436172885297,-1.2743884736026674,-0.025109266831150806,-1.794378906160688,0.0640,0.080,-1.27329940122053,-0.025841943603768604,-1.7835960905082238,0.0631
1787569874.9100761,-1.2113853079008863,-0.008472163260634446,-1.8989969783332736,-1.2778065115666084,-0.028326780738219374,-1.426140059776812,0.0693,0.473,-1.2798835044002679,-0.02912665382177954,-1.4119277531192596,0.0715
1787569874.9764905,-1.210403784001703,-0.007504807491182544,-2.0147478301250508,-1.2769050346850364,-0.02945906835833641,-1.3865720393275307,0.0700,0.628,-1.2798835044002679,-0.02912665382177954,-1.4119277531192596,0.0728
1787569875.1303704,-1.2088732636251187,-0.006984039087529901,-2.126245879755314,-1.2740963719869465,-0.023584852458834543,-1.6332506514463512,0.0673,0.493,-1.2731689335443224,-0.022448119412583158,-1.6502609695505783,0.0661
1787569875.243969,-1.207250275601524,-0.007910568394519464,-2.397972647507836,-1.2723178250437508,-0.02413070208461551,-1.6052850110277048,0.0671,0.793,-1.2731689335443224,-0.022448119412583158,-1.6502609695505783,0.0675
1787569875.3069782,-1.2065137811996693,-0.008720138718251011,-2.435137826780737,-1.263627162604756,-0.020023441392734948,-2.1066683906366945,0.0582,0.328,-1.2618942131453459,-0.01935675925325079,-2.1179676744470886,0.0564
1787569875.4465883,-1.2050389501308567,-0.00992298327521688,-2.3222684090518353,-1.2612186340589944,-0.019919197574420063,-2.1261437015828943,0.0571,0.196,-1.2618942131453459,-0.01935675925325079,-2.1179676744470886,0.0576
1787569875.5132465,-1.204140578707594,-0.010061540017780663,-2.3076431906427946,-1.2660770471894196,-0.02492695692554532,-1.979888540126726,0.0637,0.328,-1.2677993736305293,-0.02565533718204061,-1.9684817222067437,0.0655
1787569875.6263916,-1.2022787449166596,-0.009755056825407428,-2.4595991586010513,-1.264302510287239,-0.025507640617630896,-1.9869736226271082,0.0640,0.473,-1.2677993736305293,-0.02565533718204061,-1.9684817222067437,0.0674
1787569875.6861787,-1.201563556178212,-0.010155771116192296,-2.466292304248259,-1.2597753861417331,-0.022773624927271054,-2.1613543713375227,0.0596,0.305,-1.2587658401303345,-0.02229601455765292,-2.1689392400521217,0.0585
1787569875.8127532,-1.2000460613273751,-0.011552495726769436,-2.53209857159718,-1.257224330939998,-0.02298985596035023,-2.1847467071695705,0.0583,0.347,-1.2587658401303345,-0.02229601455765292,-2.1689392400521217,0.0597
1787569875.8700552,-1.1992712379695873,-0.012755642935792183,-2.637676772029039,-1.1828501523473265,-0.06595648125983312,-0.43401134756494075,0.0557,2.204,-1.1666229102878283,-0.06991081745627795,-0.38131135154116785,0.0658
1787569875.9531367,-1.1985236501360461,-0.014118651610803733,-2.664961865066861,-1.1944892823123707,-0.047250439603151076,-1.4962744285062932,0.0334,1.169,-1.205257445841168,-0.04006410615695473,-1.6113651189439084,0.0268
1787569876.120463,-1.1969775255637347,-0.016162243343256926,-2.5404330917614124,-1.182242646021056,-0.050760416865886955,-1.4645320171229281,0.0376,1.076,-1.205257445841168,-0.04006410615695473,-1.6113651189439084,0.0253
1787569876.2387724,-1.195024808433717,-0.016703314079878486,-2.5900588859660707,-1.1316370526978552,-0.06378580667636924,-0.461660758709687,0.0790,2.128,-1.1202923732183856,-0.06472931962090624,-0.4498825951713512,0.0888
1787569876.3424766,-1.1932416967540402,-0.016974474588948615,-3.0370543883354295,-1.1105669373985338,-0.06923036371703198,-0.3247039989958915,0.0978,2.712,-1.1202923732183856,-0.06472931962090624,-0.4498825951713512,0.0872
1787569876.3968418,-1.1923527965067782,-0.017324276566166894,-3.0388289782424223,-1.171126661878967,-0.04021985592673303,-2.2552843238993585,0.0312,0.784,-1.1867822755682744,-0.036700458174517024,-2.3194413663958575,0.0202
1787569876.528183,-1.1905195279501781,-0.01891728609547971,-3.050355646862301,-1.2229920844763666,-0.013942122824647674,-3.2452911072786663,0.0329,0.195,-1.2519511541114134,-0.005671789345934586,-3.386776806215737,0.0628
1787569876.6099622,-1.1896430287150423,-0.020063038641364002,-2.9320732554813387,-1.241931547977508,-0.010122875210300983,-3.3592031687885746,0.0532,0.427,-1.2500658387779342,-0.009875467935241418,-3.368837136565186,0.0613
1787569876.6914718,-1.1892724024172616,-0.020576237846961668,-2.8615473481966607,-1.244278416111479,-0.006409611476544142,-3.4994336992029975,0.0568,0.638,-1.2500658387779342,-0.009875467935241418,-3.368837136565186,0.0617
1787569876.8415353,-1.1878796667447462,-0.02006682657307566,-2.3125636490817967,-1.2463389580963855,-0.0109180239626437,-3.1060383984676436,0.0592,0.793,-1.2467743279856858,-0.011916958766197482,-3.0907330469919443,0.0595
1787569876.902494,-1.187429053413989,-0.019428159517046382,-2.190094671700803,-1.243262968457919,-0.019832831602872886,-2.1874538445218157,0.0558,0.003,-1.2415600923282755,-0.02221665344955285,-2.1502425751590986,0.0542
1787569877.012431,-1.1865048910395726,-0.018406122449230237,-2.181199923528308,-1.244988736679989,-0.018629655237397326,-2.200025256940105,0.0585,0.019,-1.2415600923282755,-0.02221665344955285,-2.1502425751590986,0.0552
1787569877.118165,-1.1853255216404528,-0.018288651047428377,-2.2238030824569335,-1.2390184153125883,-0.006695441040465197,-2.5460912330956855,0.0549,0.322,-1.2373108669141009,-0.005263937287926323,-2.565299887562259,0.0536
1787569877.2436948,-1.1839229349333211,-0.019263351653392553,-2.1031554876125167,-1.2400717211303276,-0.003664046348643507,-2.5898562378789842,0.0583,0.487,-1.2323619304124143,-0.0040840427484779875,-2.622734741226187,0.0508
1787569877.311585,-1.1833317980242708,-0.019835622894332428,-1.8629338811431457,-1.2343078430798158,-0.003981656712451333,-2.6256016002649134,0.0534,0.763,-1.2323619304124143,-0.0040840427484779875,-2.622734741226187,0.0515
1787569877.42496,-1.1817651264209745,-0.020141702073937704,-1.829893997665803,-1.2400327291624866,-0.011798005879819252,-2.207188842625767,0.0589,0.377,-1.241817978699854,-0.01378549191943576,-2.179137480791208,0.0604
1787569877.5446389,-1.1800008400669812,-0.019576251863241568,-1.897875423834013,-1.2443402881110681,-0.014369482482422211,-2.086966716127545,0.0645,0.189,-1.2457136771665287,-0.015199413491319367,-2.0755503862310416,0.0659
1787569877.6078799,-1.1791968694827102,-0.019123449311624092,-2.098867696250412,-1.2320850877767735,-0.025544560339255264,-1.6474090986709669,0.0533,0.451,-1.2273619603537094,-0.027665343004924216,-1.61663156730772,0.0489
1787569877.7364647,-1.1775480894256083,-0.0188103204351236,-2.1514263730249454,-1.2318283161222214,-0.026159784067219537,-1.613983695096435,0.0548,0.537,-1.2273619603537094,-0.027665343004924216,-1.61663156730772,0.0506
1787569877.813394,-1.1766537216674782,-0.019024322890597103,-2.1779361402064437,-1.228990102920387,-0.011370955436473781,-2.334932683593099,0.0529,0.157,-1.2283630828043597,-0.00865793792243048,-2.3746808558551042,0.0527
1787569877.921671,-1.174925800908589,-0.01999456865748618,-1.9743588577892588,-1.2281163524577103,-0.009728841734373552,-2.361078223196818,0.0542,0.387,-1.2283630828043597,-0.00865793792243048,-2.3746808558551042,0.0546
1787569878.0319247,-1.173302155897492,-0.020503614112329795,-1.7033523607117167,-1.2228081420137014,-0.0073722683008808415,-2.4656159374398814,0.0512,0.762,-1.221341471346602,-0.007061416644937973,-2.469373684934186,0.0499
1787569878.1384668,-1.1714050224699315,-0.01979197692337276,-1.7152129601231936,-1.2207190684896951,-0.004933309775872187,-2.5091138196860903,0.0515,0.794,-1.232467014515755,-0.03304483245657337,-1.3842977513033754,0.0625
1787569878.1997302,-1.170426151341361,-0.019044567170765095,-1.8132080430121162,-1.2296297463126755,-0.029547541078667146,-1.4365547381073807,0.0601,0.377,-1.232467014515755,-0.03304483245657337,-1.3842977513033754,0.0636
1787569878.3339927,-1.1686256385783234,-0.01773832189414962,-2.055485667488765,-1.2191118785829915,-0.015514010032087133,-2.0495056978514836,0.0505,0.006,-1.2163102054969601,-0.013042816795379013,-2.0848032952518762,0.0479
1787569878.394964,-1.1676727512816418,-0.017524339907954947,-2.090060672188328,-1.2173130381176056,-0.014933526547319737,-2.0484940767004236,0.0497,0.042,-1.2163102054969601,-0.013042816795379013,-2.0848032952518762,0.0488
1787569878.5286372,-1.1656809191788389,-0.017713568933158598,-2.061332641777142,-1.2300458464114,-0.009060363001358557,-2.3910445785946353,0.0649,0.330,-1.2338335016378474,-0.008106036877520227,-2.4077709207444724,0.0688
1787569878.6005347,-1.164784484870981,-0.01797909323480977,-1.8618192684722994,-1.2307284633603524,-0.009548196618132263,-2.340612360054728,0.0665,0.479,-1.2309012533977035,-0.009897242556436777,-2.3355403887180413,0.0666
1787569878.735176,-1.1636462983590479,-0.016887206479407488,-1.7373213023946361,-1.2309201431414059,-0.00852453296245441,-2.3606053236611126,0.0678,0.623,-1.2309012533977035,-0.009897242556436777,-2.3355403887180413,0.0676
1787569878.8024938,-1.163045946116135,-0.015810819840120262,-1.6146783200820833,-1.2303069834881724,-0.025334877223836115,-1.5943879761498345,0.0679,0.020,-1.2304690756217043,-0.028209195022671003,-1.5514564912863076,0.0686
1787569878.8754225,-1.162473822238537,-0.01453125010688506,-1.5978837789351321,-1.232600514594902,-0.0244279587245461,-1.4464924155908752,0.0708,0.151,-1.2333230994778024,-0.024160776812511157,-1.4493227610272355,0.0715
1787569879.0113428,-1.1612535019070078,-0.012648445616467547,-1.7365374462045604,-1.2330289353420336,-0.025450092390135005,-1.3932507559950913,0.0729,0.343,-1.2333230994778024,-0.024160776812511157,-1.4493227610272355,0.0730
1787569879.1275709,-1.1595393473210849,-0.012287472499687263,-1.6881922647092586,-1.2222995957717828,-0.005348403348833269,-2.0137412210568306,0.0631,0.326,-1.2193814496441564,-0.002434123522037998,-2.054984179578142,0.0606
1787569879.2482014,-1.1578218636239477,-0.0127113975429518,-1.2402695950454192,-1.2179290374771388,-0.010475841376595628,-1.7875808246208236,0.0601,0.547,-1.2159441248565563,-0.0121063268419491,-1.7658799808181043,0.0581
1787569879.3411813,-1.1561018612822278,-0.01239465293783188,-1.2179630813603248,-1.2157296986086144,-0.00920421168073502,-1.7605336177995805,0.0597,0.543,-1.2159441248565563,-0.0121063268419491,-1.7658799808181043,0.0598
1787569879.4467,-1.1542052265683016,-0.01132890879007212,-1.2373530317226937,-1.1510876018191394,0.0007347413709885113,-1.9209268168123492,0.0125,0.684,-1.1364545534269266,0.0022429038982576875,-1.9577434769382789,0.0223
1787569879.506568,-1.153267636909473,-0.010556214748295902,-1.3547569510760256,-1.1365873295853408,0.003904778442697373,-1.9125417726524336,0.0221,0.558,-1.1364545534269266,0.0022429038982576875,-1.9577434769382789,0.0211
1787569879.6336472,-1.1510222738780818,-0.010056714492482178,-1.4875655017803748,-1.1329826124947728,0.0019488145021938565,-2.026637529543664,0.0217,0.539,-1.132600929811264,0.0017796424620663306,-2.0251394126766553,0.0219
1787569879.6988783,-1.1498505987449905,-0.010165983816873227,-1.595661668852013,-1.1917997914456115,-0.01746721106143591,-1.294902869377921,0.0426,0.301,-1.2140801178428156,-0.021617917096335686,-1.224936457916656,0.0652
1787569879.8237116,-1.1474354023927724,-0.011348953654931507,-1.8491322133572452,-1.1905659949746152,-0.018392108385839875,-1.2413016655318592,0.0437,0.608,-1.2137737140711136,-0.026266813044664994,-1.4382710408226813,0.0680
1787569879.9499843,-1.1452336793457134,-0.012632861944675024,-1.6816899899599842,-1.2072790467790153,-0.025050048289982182,-1.4565100487035056,0.0633,0.225,-1.2137737140711136,-0.026266813044664994,-1.4382710408226813,0.0699
1787569880.0106308,-1.1444015341676554,-0.012829453225562492,-1.6178039590843196,-1.2260220892307234,-0.03141846549881624,-1.1492731092499724,0.0837,0.469,-1.234015269881861,-0.032722142607933165,-1.1145356590028022,0.0918
1787569880.1411867,-1.143029869043792,-0.012684406010932719,-0.7056656081124573,-1.2292213477056784,-0.033852330641287245,-1.0925984780768854,0.0888,0.387,-1.234015269881861,-0.032722142607933165,-1.1145356590028022,0.0932
1787569880.1989434,-1.142604891560183,-0.01283452860573368,-0.4160922113104012,-1.2319463297204531,-0.03592168368836634,-1.045542383394943,0.0923,0.629,-1.234015269881861,-0.032722142607933165,-1.1145356590028022,0.0935
1787569880.321191,-1.1417996179295762,-0.013688238697169525,-0.0777478097531672,-1.1476588755458197,-0.0010454518696603604,-1.026655823413768,0.0139,0.949,-1.1328940286630897,0.0015609469864469674,-1.0703636846349698,0.0177
1787569880.3874948,-1.1414197240498076,-0.01456393348913538,0.03961725004829133,-1.1379302133676528,0.0016683594458158134,-0.9470691100379611,0.0166,0.987,-1.1328940286630897,0.0015609469864469674,-1.0703636846349698,0.0182
1787569880.5275636,-1.1406747990219774,-0.016950057635378657,0.4799818402226685,-1.185528391252998,-0.01749277628438204,0.10824691107172467,0.0449,0.372,-1.1982418629652927,-0.020625406188023068,0.1589585056655755,0.0577
1787569880.649378,-1.1411671198008002,-0.01875494433980876,1.0754785120606638,-1.1531291007245599,-0.0004863818451813044,-0.5555522157606473,0.0218,1.631,-1.139836086725813,0.00337887409323604,-0.617937291168275,0.0222
1787569880.713202,-1.1413353876433274,-0.019286029256068087,1.3720656294239661,-1.201259617237604,-0.01791046965860425,1.0483698478346086,0.0599,0.324,-1.2171008049677534,-0.02171013322436337,1.112211510116854,0.0758
1787569880.7930045,-1.141305976915588,-0.01918550168699022,1.4339785329242776,-1.2027029333382218,-0.018569783887102665,1.2181378561702199,0.0614,0.216,-1.2171008049677534,-0.02171013322436337,1.112211510116854,0.0758
1787569880.9175441,-1.1408678544608812,-0.019115440687999176,1.166277497550829,-1.1818230716653608,-0.009824330958894718,1.0186482145121392,0.0420,0.148,-1.176837409107482,-0.008792604390916215,1.0067802482896007,0.0374
1787569881.0352435,-1.139541492568769,-0.020190194684987905,0.8777151349854251,-1.1807396759418716,-0.009386161622643227,1.1884434299535682,0.0426,0.311,-1.176837409107482,-0.008792604390916215,1.0067802482896007,0.0390
1787569881.1022787,-1.138768088003206,-0.021068024263025103,0.8192271329616151,-1.1744941233756914,-0.010137932989099787,0.5433742077784872,0.0374,0.276,-1.1732463628569052,-0.009919607630680187,0.5389755445709776,0.0362
1787569881.2260504,-1.1367151281442698,-0.022645061849407334,0.9125006930069776,-1.1724964955607349,-0.009827182761532924,0.6646028231139013,0.0380,0.248,-1.1732463628569052,-0.009919607630680187,0.5389755445709776,0.0387
1787569881.3485363,-1.1338432762479245,-0.02304492365281136,1.0251105910520368,-1.172879186210135,-0.023766121961168698,0.9701995616231482,0.0390,0.055,-1.1731457722474656,-0.025386703868773272,0.9926488926333153,0.0394
1787569881.4090745,-1.1322521921096846,-0.022745170086832366,1.0005172729286955,-1.1707720824638537,-0.025740654322458808,1.1337117253324394,0.0386,0.133,-1.1731457722474656,-0.025386703868773272,0.9926488926333153,0.0410
1787569881.5241141,-1.1292614014467695,-0.021922770008384947,0.6130161792535725,-1.1750748755228804,-0.019903184340593995,0.8197372822040045,0.0459,0.207,-1.1763236304188376,-0.01901959778452687,0.8055645312946507,0.0472
1787569881.6374302,-1.1266809147755121,-0.022273326514388576,0.596855438314431,-1.176390205680696,-0.008045460461811399,0.20564324552150443,0.0517,0.391,-1.1773626052169273,-0.006057714635453861,0.17440357029513257,0.0532
1787569881.7009284,-1.125343881517603,-0.022860438469793076,0.5232450328060926,-1.1757347743299509,-0.007312852201135722,0.24447443106873504,0.0527,0.279,-1.1773626052169273,-0.006057714635453861,0.17440357029513257,0.0547
1787569881.8284562,-1.123185080247333,-0.023930167383426532,0.46031699537855786,-1.1839970524345058,-0.011628327288721315,0.08621430568660762,0.0620,0.374,-1.1861925349358746,-0.012018668872442826,0.08918704920874349,0.0641
1787569881.8944173,-1.1223602690320884,-0.024047049061732172,0.5287532032621982,-1.1812456052087077,-0.022264989536613683,0.5353485685148054,0.0589,0.007,-1.1802064836887765,-0.024789725757607173,0.5734394182413128,0.0579
1787569882.0137713,-1.1206225396964735,-0.023194932380400737,0.7273717424050267,-1.1812853032130295,-0.023520148481742813,0.596911665840281,0.0607,0.130,-1.1802064836887765,-0.024789725757607173,0.5734394182413128,0.0596
1787569882.149144,-1.1190430445070731,-0.021320822725606415,0.6761792472037496,-1.1803073868840925,-0.018118658775008036,0.46733530188185696,0.0613,0.209,-1.1800562199863098,-0.01733699827380393,0.4560141540898116,0.0611
1787569882.2078629,-1.1187691189846387,-0.02062040540786091,0.5868983606223868,-1.1802580566214131,-0.0187617243437781,0.5274188503318908,0.0615,0.059,-1.1800562199863098,-0.01733699827380393,0.4560141540898116,0.0614
1787569882.3212414,-1.1180673242775148,-0.019952343996482828,0.33866254005926705,-1.176108239443867,-0.013574767971706612,0.3367331612946931,0.0584,0.002,-1.1751218913641601,-0.012934553726577938,0.3277322221694605,0.0575
1787569882.4473612,-1.1173915343829657,-0.020231432399575127,0.13203462100403987,-1.1754632739192863,-0.013404143055894203,0.37785656869597295,0.0585,0.246,-1.1751218913641601,-0.012934553726577938,0.3277322221694605,0.0582
1787569882.504073,-1.1174120377803585,-0.020049419544755046,0.1413807850123724,-1.175042816121197,-0.01329078012104204,0.40557676190697606,0.0580,0.264,-1.1751218913641601,-0.012934553726577938,0.3277322221694605,0.0581
1787569882.6241283,-1.1173261359885096,-0.01899300127711675,0.23207922410989112,-1.1907455372098927,-0.02605502496278544,0.34025544733231394,0.0738,0.108,-1.1936120712357852,-0.02706581972481312,0.3545592657029321,0.0767
1787569882.6865935,-1.1172045159140787,-0.018115526746361806,0.25253087492686166,-1.1740535903352434,-0.030673368135495576,0.5214751389720708,0.0582,0.269,-1.1688525715744593,-0.030877169077761734,0.5223381979398823,0.0532
1787569882.809591,-1.1165200991268196,-0.016797603467078613,0.06241033930587315,-1.1731610462400235,-0.032721615784574595,0.5643555786895427,0.0588,0.502,-1.1688525715744593,-0.030877169077761734,0.5223381979398823,0.0542
1787569882.920365,-1.1148630675275781,-0.01688103903226005,-0.3772628807007679,-1.1724840235820018,-0.03432079292323839,0.5970956246419606,0.0602,0.974,-1.153786439166616,-0.023652469346283334,0.0323381493491297,0.0395
1787569883.031411,-1.1126869937940138,-0.018081229391927925,-0.5568650010135678,-1.1567457711717148,-0.024701574450789212,0.048995386525856555,0.0446,0.606,-1.153786439166616,-0.023652469346283334,0.0323381493491297,0.0415
1787569883.0936701,-1.1116044404871903,-0.018943534933225335,-0.49910063346003913,-1.1523050995588633,-0.025911272239273492,0.04312997567186845,0.0413,0.542,-1.153786439166616,-0.023652469346283334,0.0323381493491297,0.0424
1787569883.2110305,-1.1096496494889834,-0.020001610507708552,-0.28442794796968235,-1.1579160742924601,-0.03214135192468095,-0.14793018184309858,0.0498,0.136,-1.159252092346099,-0.032667153203972746,-0.14072132379023777,0.0512
1787569883.3418498,-1.1075379164994443,-0.01969945485669409,-0.28566638222798385,-1.1609953669009727,-0.03787301094913173,0.14793276060548677,0.0565,0.434,-1.162786262843613,-0.03865198142131919,0.1611458915655803,0.0584
1787569883.3947306,-1.1064799927824216,-0.019142964090570164,-0.4205281956702897,-1.1595468440417116,-0.04008274283040064,0.15527908528033935,0.0570,0.576,-1.162786262843613,-0.03865198142131919,0.1611458915655803,0.0596
1787569883.5096924,-1.1045573540706757,-0.018337705455230235,-0.6778737500012787,-1.1685682929335082,-0.032571132732637634,-0.07557518473646721,0.0656,0.602,-1.1712166352479867,-0.03152413068689016,-0.08996841809305227,0.0680
1787569883.616835,-1.102513288992135,-0.01856926568481583,-0.7684133691737945,-1.1683621891250566,-0.03411159469395478,-0.0924084702140941,0.0677,0.676,-1.1712166352479867,-0.03152413068689016,-0.08996841809305227,0.0699
1787569883.7180815,-1.1005340473671068,-0.019705163413065562,-0.7361888682592679,-1.1636468518270755,-0.03055755928296214,-0.467457335059672,0.0640,0.269,-1.1625536378191008,-0.029993964753443975,-0.47680002220341894,0.0629
1787569883.7856245,-1.0996422203764467,-0.020347019134317523,-0.5666590551955359,-1.1626904041104082,-0.031421388774365185,-0.5239739145512504,0.0640,0.043,-1.1550299500224164,-0.027717798077635483,-0.469274380410801,0.0559
1787569883.9120724,-1.0977549356782523,-0.02054741759660418,-0.5310493446764324,-1.156679557106605,-0.028128507784682243,-0.4633011336258867,0.0594,0.068,-1.1550299500224164,-0.027717798077635483,-0.469274380410801,0.0577
1787569884.0385923,-1.0956913413596108,-0.019842227863973938,-0.6078797026800867,-1.160035895733624,-0.036118018225711715,-0.17689964998982538,0.0664,0.431,-1.1617989960006454,-0.037463970592516195,-0.1558056634600348,0.0684
1787569884.1056206,-1.0947564599750668,-0.019360469424267255,-0.8211959992154734,-1.159018827555614,-0.037692812496432714,-0.18914638583947052,0.0668,0.632,-1.1617989960006454,-0.037463970592516195,-0.1558056634600348,0.0694
1787569884.2207744,-1.0928894541440086,-0.019030860915008763,-0.8601382947366539,-1.1613160922714567,-0.029636339347665068,-0.5529150372809007,0.0692,0.307,-1.1618408980577781,-0.028649815692520512,-0.5677698064684706,0.0696
1787569884.2838175,-1.0918758710487695,-0.019221706431377238,-0.8710109383878153,-1.1526872251898455,-0.02915272761903112,-0.5960157721510784,0.0616,0.275,-1.149847073287393,-0.028952867284015922,-0.5995717128572986,0.0588
1787569884.4277549,-1.0899410980743351,-0.02006190457261664,-0.6112361804874703,-1.1510494848993174,-0.02924393330010109,-0.6380326731219726,0.0618,0.027,-1.1625878469695876,-0.028708913120083335,-0.5887672268747147,0.0732
1787569884.4970005,-1.0894754118879757,-0.020384498768192066,-0.5043339675253501,-1.1596986481710658,-0.02865662296415584,-0.5906580510098075,0.0707,0.086,-1.1625878469695876,-0.028708913120083335,-0.5887672268747147,0.0736
1787569884.612412,-1.0883375740408505,-0.020194069724315734,-0.28702794756050404,-1.1591282000519263,-0.028655083683513386,-0.6455311655769272,0.0713,0.359,-1.1625878469695876,-0.028708913120083335,-0.5887672268747147,0.0747
1787569884.7427819,-1.0872460625308484,-0.019363183980118104,-0.3646207463785429,-1.0830473041702549,-0.005402466968948957,-1.0161059587067158,0.0146,0.651,-1.0671862866079305,-0.0032091546546476725,-1.054883288428826,0.0258
1787569884.8165424,-1.0866442105715388,-0.019096738771736448,-0.38243210852701637,-1.1185344043459666,-0.02795134191497914,0.011130640299181658,0.0331,0.394,-1.136052718395181,-0.03386734890415792,0.10599752228848727,0.0516
1787569884.88826,-1.0859689105879713,-0.0191676654754123,-0.42750508121033887,-1.1355849395873323,-0.029328059635521136,-0.08662062402942214,0.0506,0.341,-1.1430751353114297,-0.029642805609544208,-0.08130328659112888,0.0581
1787569885.0146334,-1.0845147800854866,-0.02002412319888019,-0.38788107948022155,-1.1340405076938245,-0.029883790622284287,-0.06937471762080623,0.0505,0.319,-1.1430751353114297,-0.029642805609544208,-0.08130328659112888,0.0593
1787569885.1241224,-1.083283180288495,-0.020912042451080505,0.08328746102344596,-1.1340405076938245,-0.029883790622284287,-0.06937471762080623,0.0515,0.153,-1.1430751353114297,-0.029642805609544208,-0.08130328659112888,0.0604
1787569885.242707,-1.0817427827623787,-0.020698933473606154,0.08349974281502516,-1.1468712639594658,-0.03633911636904691,0.47866908679840564,0.0670,0.395,-1.149281775255717,-0.03697498406937968,0.48960325080275885,0.0695
1787569885.297717,-1.0809253070228177,-0.02028397666462434,0.029029907486518524,-1.147277842149301,-0.03782390831980922,0.5451229331629532,0.0686,0.516,-1.149281775255717,-0.03697498406937968,0.48960325080275885,0.0704
1787569885.4302468,-1.0794448871864246,-0.019354931521310462,-0.15027206785299996,-1.134765078927978,-0.033922315471738726,0.3088620389883436,0.0572,0.459,-1.131568684348023,-0.03321009699960769,0.29674871499027483,0.0539
1787569885.53344,-1.0778702746291566,-0.01928457576258905,-0.2713050652636485,-1.1330960000800863,-0.03496017684723384,0.35931498494495057,0.0574,0.631,-1.1316113350773234,-0.02776755723897903,0.039858660531238085,0.0544
1787569885.6491523,-1.0761768050120752,-0.019915528576934207,-0.2850154734224951,-1.1319671711653323,-0.02864113626287192,0.053402864028200846,0.0565,0.338,-1.1316113350773234,-0.02776755723897903,0.039858660531238085,0.0560
1787569885.7188158,-1.0754177414211463,-0.02039602065922219,-0.12510426204072733,-1.1297750659147923,-0.02854987204866992,0.07320912273436098,0.0550,0.198,-1.1316113350773234,-0.02776755723897903,0.039858660531238085,0.0567
1787569885.8458512,-1.0738086606748078,-0.020487964155478457,0.1373101242390657,-1.1374837882837978,-0.036088435927797716,0.2188487004925497,0.0656,0.082,-1.1390087830929738,-0.03672507018446239,0.2285014332573044,0.0672
1787569885.9009032,-1.0728864298616216,-0.019935346096394378,0.19063056992894448,-1.1371367375784518,-0.037092854533205454,0.24460858722475456,0.0665,0.054,-1.1390087830929738,-0.03672507018446239,0.2285014332573044,0.0682
1787569886.015661,-1.0711016495310854,-0.018372029010048117,0.05245123207082713,-1.1319137710753706,-0.03385326588589948,0.562781921211527,0.0628,0.510,-1.1309443705349103,-0.033615537193266716,0.5601463285325914,0.0618
1787569886.1318023,-1.0695132646750776,-0.017427569112318644,-0.041053976486484164,-1.1311454249498778,-0.03419483415123953,0.602754895221528,0.0639,0.644,-1.1309443705349103,-0.033615537193266716,0.5601463285325914,0.0635
1787569886.1931489,-1.06865670239577,-0.01728764849313533,-0.10477105921515882,-1.1305130177732559,-0.02393035232419542,0.22302544484379055,0.0622,0.328,-1.1303961211754463,-0.022571039370490674,0.20230706195691342,0.0620
1787569886.3399215,-1.0668710869795373,-0.017624659927522122,-0.08106197593098434,-1.1294805035544013,-0.02280283463484571,0.2387677817744582,0.0628,0.320,-1.1303961211754463,-0.022571039370490674,0.20230706195691342,0.0637
1787569886.4241035,-1.0660919120170043,-0.017862430329998156,0.11557395084652414,-1.1178172189542652,-0.024739875179297058,0.11764032410956413,0.0522,0.002,-1.1146337526218675,-0.02481738404753169,0.11720177969321395,0.0490
1787569886.490339,-1.0655792853630095,-0.01775066512156992,0.245763141200968,-1.1285130608014056,-0.028366893722756623,0.4229253712347625,0.0638,0.177,-1.132419932020763,-0.029208032761987652,0.4377537103217092,0.0678
1787569886.6197174,-1.0645040700007347,-0.01656715112205235,0.5252572718523996,-1.1279526116685663,-0.028228010290987458,0.44732039681005875,0.0645,0.078,-1.132419932020763,-0.029208032761987652,0.4377537103217092,0.0691
1787569886.690049,-1.064445691136051,-0.01636938017944964,0.6958093716949216,-1.127527791661261,-0.03333274449337066,0.8020323756505504,0.0653,0.106,-1.1275479265944346,-0.034285931813986203,0.8173367662539331,0.0656
1787569886.8163328,-1.0643877048684034,-0.01652399863795291,0.9147312474824753,-1.1265833078097944,-0.03409284449549541,0.8827817809962706,0.0646,0.032,-1.1139256067847345,-0.02191381707342288,1.0588481156537248,0.0498
1787569886.9446375,-1.0641002966185715,-0.017958996632704314,1.1073040171461803,-1.1165226322522455,-0.023048868999078126,1.0744821142375824,0.0527,0.033,-1.1139256067847345,-0.02191381707342288,1.0588481156537248,0.0500
1787569887.0153913,-1.063982327423272,-0.018930977113659597,1.3896790122031741,-1.1167434261439682,-0.02476069500117662,1.2113230541704092,0.0531,0.178,-1.11750122710742,-0.025153466059498787,1.2171194316431213,0.0539
1787569887.0835068,-1.0632141079032922,-0.01946931626731169,1.7199060744890455,-1.1088915932029397,-0.023877001021339116,1.5247037692055503,0.0459,0.195,-1.1069998588835728,-0.023909234472836563,1.525480244317404,0.0440
1787569887.2189198,-1.0615010562001135,-0.01973148403782506,2.3857947306834215,-1.1066236206659243,-0.023280515577185912,1.6135028169278687,0.0453,0.772,-1.1069998588835728,-0.023909234472836563,1.525480244317404,0.0457
1787569887.3448374,-1.0598891966720458,-0.0193121523832357,2.714715031153331,-1.1046158396575416,-0.022743034680465745,1.6914419927923274,0.0449,1.023,-1.121095619942976,-0.02743773238843318,2.859230102900875,0.0617
1787569887.410225,-1.0590701915316023,-0.019390333959216258,2.7072425791055643,-1.118335778833727,-0.02658901265093564,2.84341808297027,0.0597,0.136,-1.121095619942976,-0.02743773238843318,2.859230102900875,0.0625
1787569887.5434308,-1.0571699633082736,-0.02034909928499375,2.7375154860468793,-1.118868980074388,-0.010963837082523886,2.3962449081529495,0.0624,0.341,-1.1194354746747415,-0.008944974892274556,2.3650910894675676,0.0633
1787569887.6100883,-1.056159719042094,-0.021167885236106226,2.8647095035668007,-1.1204408344749361,-0.012275913062732683,2.4701836840405056,0.0649,0.395,-1.1214765697977143,-0.012981541350953833,2.4800018847087237,0.0658
1787569887.6800947,-1.0552464594671769,-0.022031258888499473,3.1430221544998274,-1.130460943021216,-0.014643493962869718,2.6796910473212194,0.0756,0.463,-1.1345232129103122,-0.01544247221484621,2.690214995135864,0.0796
1787569887.7699063,-1.0543867588226243,-0.022601447339870073,3.167406638295262,-1.1361361032491557,-0.013449101088491998,2.8413529541204814,0.0823,0.326,-1.137957085315732,-0.013461356671384817,2.8406626376633373,0.0841
1787569887.9387405,-1.052543033565212,-0.022680287747845876,3.1302353655367976,-1.1384613516414424,-0.011748680797009872,3.0175467604763306,0.0866,0.113,-1.1300276906907671,-0.015064750695193163,2.7881883859223904,0.0779
1787569888.013849,-1.0517177096574488,-0.022525567703912706,2.9106153975676365,-1.1318986771118111,-0.01481358245591321,2.78479740901314,0.0806,0.126,-1.1300276906907671,-0.015064750695193163,2.7881883859223904,0.0787
1787569888.1480114,-1.0499323325246233,-0.02298967261230294,2.3338911886370215,-1.131205179119385,-0.01558935480356952,2.6701856319217954,0.0816,0.336,-1.1306277178178943,-0.01567596425688477,2.6702379664866767,0.0810
1787569888.2235878,-1.048637540296653,-0.023954647149234308,2.364229150039261,-1.1322181964536284,-0.014729511191669892,2.7871769137709004,0.0841,0.423,-1.1306277178178943,-0.01567596425688477,2.6702379664866767,0.0824
1787569888.310037,-1.0473341968656462,-0.024858342761948413,2.309799602973542,-1.1216213561621717,-0.018162142080719007,2.1974972235598313,0.0746,0.112,-1.1186122023981875,-0.01823193079262926,2.1968869582637187,0.0716
1787569888.4487023,-1.044909851398414,-0.02566345268675542,2.693499348874866,-1.1158083199980038,-0.016645940688405626,1.984989042604584,0.0715,0.709,-1.1143525555668514,-0.01635938806559451,1.980517843484238,0.0701
1787569888.5062065,-1.043721101236442,-0.025280677099898546,2.8113328268131896,-1.114565043586632,-0.0161849868141762,2.0171141077756034,0.0714,0.794,-1.1143525555668514,-0.01635938806559451,1.980517843484238,0.0712
1787569888.6382828,-1.0414888259264743,-0.024143561486390575,2.7559374573623487,-1.1208148402808757,-0.02049055879252468,2.5061531324346347,0.0794,0.250,-1.1225097746440442,-0.021214003942873143,2.5174738904342577,0.0811
1787569888.7074258,-1.0407952676372598,-0.023845703775457583,2.6702889211810565,-1.1204443551102417,-0.02069760339170443,2.596651133392189,0.0797,0.074,-1.1225097746440442,-0.021214003942873143,2.5174738904342577,0.0818
1787569888.8425539,-1.0392346437085838,-0.024155787068332837,2.414532302076651,-1.1222823151725765,-0.013625865138339112,2.393997583165344,0.0837,0.021,-1.122804153570327,-0.012786975912073019,2.3809011396630635,0.0843
1787569888.9066663,-1.0384577683800724,-0.024691332845562342,2.3437517406053643,-1.1165001648241373,-0.010687814015468908,2.155759848920137,0.0793,0.188,-1.1147482438514318,-0.010273255665534445,2.149699975077161,0.0776
1787569889.032697,-1.037831723918262,-0.024546153564081453,2.2797610407680975,-1.1156426747711172,-0.009485245946992035,2.1868756510202574,0.0793,0.093,-1.1147482438514318,-0.010273255665534445,2.149699975077161,0.0782
1787569889.0995455,-1.03750174896609,-0.024093792742549896,2.3244181507836856,-1.1030721280465166,-0.017448206200537893,1.995460377088156,0.0659,0.329,-1.0996403335095082,-0.018275671465171346,2.007941995871232,0.0624
1787569889.2255447,-1.03698449880995,-0.02202561261556037,2.3239405149004044,-1.0995050474921546,-0.01748820958191485,2.0121647910532445,0.0627,0.312,-1.1078109245662253,-0.03238251390968111,2.6148301853073646,0.0716
1787569889.2932682,-1.0368358390246737,-0.02088633785794126,2.1418503154332336,-1.1060404555776286,-0.030729162406500865,2.588859978239498,0.0699,0.447,-1.1078109245662253,-0.03238251390968111,2.6148301853073646,0.0719
1787569889.4495323,-1.0357866167345267,-0.01985225844715528,2.085086995740324,-1.1028143090403975,-0.016326691077921944,1.9113642217410032,0.0671,0.174,-1.102605503659132,-0.013796184112960548,1.8722692172930482,0.0671
1787569889.5129128,-1.0351488900696952,-0.019789117409849954,2.0933018532428602,-1.0912487836797198,-0.010340593660289416,1.8059608649562162,0.0569,0.287,-1.0864275513730601,-0.009022030384250727,1.7893791820459641,0.0524
1787569889.5786963,-1.0345608518060543,-0.019870914636861192,2.2145668246111225,-1.0862282709506048,-0.014851717581838956,1.7937066194856053,0.0519,0.421,-1.086009462592036,-0.015537552787200593,1.803405930444232,0.0516
1787569889.7140353,-1.0329589242892991,-0.019540821939126443,2.5752327828047834,-1.0828843284090313,-0.014447451106383867,1.7818335461562878,0.0502,0.793,-1.086009462592036,-0.015537552787200593,1.803405930444232,0.0532
1787569889.8419397,-1.0305774127983056,-0.017980698883285618,2.654397884823678,-1.0990733992024868,-0.026222415245439758,2.8132010726073955,0.0690,0.159,-1.1038498666786032,-0.028237090112769096,2.847710503620564,0.0740
1787569889.9066978,-1.029446075640393,-0.016966732992968317,2.5501901935891604,-1.1060151509240566,-0.030050954787912146,2.945326094383124,0.0777,0.395,-1.1083853376864312,-0.030439968262705328,2.951728044386497,0.0801
1787569890.0340137,-1.027559611279389,-0.015896379758337763,2.46876967326294,-1.1059475359424917,-0.03131411929709311,3.008557770135907,0.0799,0.540,-1.1083853376864312,-0.030439968262705328,2.951728044386497,0.0821
1787569890.1010916,-1.0265267856206601,-0.0157222599957477,2.416890415426314,-1.1000682565357967,-0.022258113920167737,2.6269905506782814,0.0738,0.210,-1.0985363407559485,-0.020992055633145615,2.606937435382993,0.0722
1787569890.2306898,-1.0244141031086498,-0.015987100193563725,2.5252598080849156,-1.0992253193404096,-0.022506179662312026,2.6699081169218766,0.0751,0.145,-1.0985363407559485,-0.020992055633145615,2.606937435382993,0.0743
1787569890.2895849,-1.0234692254398794,-0.016081728350258163,2.7652882158800454,-1.0992253193404096,-0.022506179662312026,2.6699081169218766,0.0760,0.095,-1.0985363407559485,-0.020992055633145615,2.606937435382993,0.0752
1787569890.4188168,-1.0221507666501726,-0.015687635785228398,2.9795535955711965,-1.0986384976859613,-0.02985206858076305,3.088347411520204,0.0778,0.109,-1.0987598252994644,-0.03044052904593242,3.097691937824907,0.0780
1787569890.548907,-1.020795869227739,-0.014410187382249423,2.9969433183984666,-1.097578889714843,-0.03144510114485081,3.185437538682917,0.0786,0.188,-1.0987598252994644,-0.03044052904593242,3.097691937824907,0.0796
1787569890.616461,-1.020170470110379,-0.013853138463200286,2.972039047327047,-1.101919416986423,-0.02719569969591124,3.282094378133357,0.0828,0.310,-1.1029330968940538,-0.026842426546365122,3.278001863399603,0.0838
1787569890.7467892,-1.0187269003731565,-0.013501184312009912,2.8442675612059087,-1.101617007008043,-0.02816275408732558,3.402950955829786,0.0842,0.559,-1.1029330968940538,-0.026842426546365122,3.278001863399603,0.0853
1787569890.8178647,-1.0179197050191358,-0.013673931042342533,2.8248485635756375,-1.0970910490763388,-0.02198860071108058,3.1209359916239663,0.0796,0.296,-1.0961129295417094,-0.021316518697911617,3.110101463502581,0.0786
1787569890.889199,-1.0171721921185584,-0.0140064828466365,2.933812570933167,-1.0964134321388703,-0.022586014200012525,3.0727390091091373,0.0797,0.139,-1.0964957317896065,-0.022614184607416907,3.0726026501502313,0.0798
1787569891.0486789,-1.0157854821922283,-0.014152461080751064,3.419061752784155,-1.0957630703268035,-0.022531392209276933,3.115347021068943,0.0804,0.304,-1.0964957317896065,-0.022614184607416907,3.0726026501502313,0.0812
1787569891.1344252,-1.0147865029012582,-0.0136066714639239,3.4039325768291233,-1.0981236766921243,-0.02454396882324897,3.342798252692414,0.0841,0.061,-1.098943572346151,-0.024977041275587055,3.3505585513615346,0.0849
1787569891.1985755,-1.0138593265264806,-0.012791431674872178,3.232482287595453,-1.097619483041779,-0.02486116825562552,3.4353855882662705,0.0846,0.203,-1.098943572346151,-0.024977041275587055,3.3505585513615346,0.0860
1787569891.3288057,-1.0126634947927786,-0.012383183919370733,3.0309264214093914,-1.0972006136414538,-0.02360456488599343,3.462171327536471,0.0853,0.431,-1.0971183546648635,-0.02349614369346065,3.4606633426556517,0.0852
1787569891.402356,-1.0119739725984906,-0.012517399971034588,2.924108173568157,-1.094579146972246,-0.021156223814740707,3.303148256506954,0.0831,0.379,-1.0937412802464936,-0.020594773979689195,3.293453664555624,0.0822
1787569891.5257196,-1.0105658153011188,-0.01361006419476422,2.8518975094688255,-1.0937284346855463,-0.020784787988491822,3.3628066023626766,0.0835,0.511,-1.0937412802464936,-0.020594773979689195,3.293453664555624,0.0835
1787569891.586638,-1.009866963886927,-0.01398135245782897,2.873606032028267,-1.098606524969779,-0.011364745948627136,2.552109449148505,0.0888,0.321,-1.0996480683697576,-0.010363923853577893,2.535000386415416,0.0899
1787569891.7232547,-1.0083454292199538,-0.013982942901878452,2.969481247175847,-1.0986228024974558,-0.009779239390630442,2.530177481417009,0.0904,0.439,-1.0996480683697576,-0.010363923853577893,2.535000386415416,0.0914
1787569891.7955716,-1.007540632427913,-0.013606750365587025,2.9654472508508194,-1.0897412525275332,-0.0232622486025834,3.1047148550555614,0.0828,0.139,-1.0874470357389776,-0.02517264557077138,3.1337796133555837,0.0807
1787569891.9172287,-1.0061556288613474,-0.012752767315245713,2.5730980906290224,-1.0880258136276695,-0.023719272634525574,3.1449738576922193,0.0826,0.572,-1.0902442077877679,-0.010466879768313939,2.670669168671199,0.0841
1787569892.0408483,-1.0053509591590484,-0.01300693004014495,2.56864627614311,-1.089836247856469,-0.011772738609380426,2.6923122628504714,0.0845,0.124,-1.0902442077877679,-0.010466879768313939,2.670669168671199,0.0849
1787569892.1067438,-1.004866745967989,-0.013484338462062907,2.6097423385170706,-1.0938353207025306,-0.011770544484447771,2.481036019146938,0.0890,0.129,-1.0953200911869634,-0.011847927255800316,2.4809330897597905,0.0905
1787569892.2284799,-1.0038830615035055,-0.014549512582329106,2.7876150291501673,-1.0873710119498088,-0.009105442085597848,2.3564366020080465,0.0837,0.431,-1.0855582846461616,-0.00888764900773556,2.3535446381517966,0.0819
1787569892.333882,-1.0026962920272702,-0.014780334466925373,2.908485823879794,-1.086473741799678,-0.007993552385913967,2.327365056009004,0.0841,0.581,-1.0855582846461616,-0.00888764900773556,2.3535446381517966,0.0831
1787569892.3906667,-1.0020381654693415,-0.014547304733844827,2.9498552312708974,-1.0768346182759747,-0.024347602727638626,3.0709756022359174,0.0754,0.121,-1.0748678786000396,-0.026384673107594254,3.1021185715214155,0.0738
1787569892.5125334,-1.0008553364559376,-0.01371314946415917,2.7577890149291737,-1.0742738798150682,-0.02543472502887224,3.1036646402500034,0.0743,0.346,-1.0748678786000396,-0.026384673107594254,3.1021185715214155,0.0751
1787569892.6408856,-0.9995590245660682,-0.01356145283514608,2.503448823952909,-1.0761480800495098,-0.0191727323263677,2.9175033922803992,0.0768,0.414,-1.0767285478852726,-0.018489644279004763,2.9072726825796655,0.0773
1787569892.710228,-0.9987112695372942,-0.013952425556875784,2.507766020514858,-1.0750705732037704,-0.006123912940046506,2.1079771272364485,0.0768,0.400,-1.0755966461814508,-0.003932454465001959,2.072338987118434,0.0775
1787569892.8332312,-0.9970434655908597,-0.015263364109303918,2.784164808602537,-1.0732716996023628,-0.004535321014416554,2.0549465337316186,0.0770,0.729,-1.0755966461814508,-0.003932454465001959,2.072338987118434,0.0794
1787569892.8963528,-0.9962922249359183,-0.015784778650411283,2.809101314106768,-1.0732716996023628,-0.004535321014416554,2.0549465337316186,0.0778,0.754,-1.0755966461814508,-0.003932454465001959,2.072338987118434,0.0802
1787569893.0254297,-0.9946494040022881,-0.01605161647644252,2.8970075078487403,-1.0793277673626607,-0.010866709767224538,2.4896950303171113,0.0848,0.407,-1.0806493842570524,-0.011548696121800425,2.500238160909438,0.0861
1787569893.1326027,-0.9930018792203255,-0.015527504531500659,2.765408907644579,-1.0781987130977129,-0.009989429019343065,2.4692589180957505,0.0854,0.296,-1.0806493842570524,-0.011548696121800425,2.500238160909438,0.0877
1787569893.1970847,-0.992281383443383,-0.015292110292049197,2.5386307387503297,-1.074523764812642,-0.009344846207692353,2.6100045141769996,0.0825,0.071,-1.0738189092690011,-0.009368333410279065,2.611121558296302,0.0818
1787569893.3172555,-0.9905449060010381,-0.01555574075198138,2.524700749272373,-1.0728211140673696,-0.008355875119235905,2.605073159995665,0.0826,0.080,-1.0738189092690011,-0.009368333410279065,2.611121558296302,0.0835
1787569893.4367106,-0.9876984020659064,-0.017331321689400894,2.7736121521643606,-1.0717695027696033,-0.007735848796429689,2.6020401253448626,0.0846,0.172,-1.0738189092690011,-0.009368333410279065,2.611121558296302,0.0865
1787569893.536415,-0.9862760099536637,-0.018183613023469415,2.878540414671101,-1.0707145870372703,-0.007106875196434675,2.599007193416841,0.0852,0.280,-1.0738189092690011,-0.009368333410279065,2.611121558296302,0.0880
1787569893.6020198,-0.9855375395596354,-0.018364109713987883,2.9751816324392606,-1.0711106083312425,-0.011089421822857774,2.482476795037012,0.0859,0.493,-1.0711815742299806,-0.011218078929310087,2.4840737183578367,0.0859
1787569893.742777,-0.9839447924471394,-0.017889145026202452,3.113958512111761,-1.0678947738508253,-0.013158954786963753,2.6926898185277133,0.0841,0.421,-1.0674452842489426,-0.013567395438454314,2.7002341675519768,0.0836
1787569893.8158069,-0.9832257015484794,-0.017412872353157877,3.023762671918934,-1.0665059032851105,-0.013193399783756509,2.698289174319905,0.0834,0.325,-1.0674452842489426,-0.013567395438454314,2.7002341675519768,0.0843
1787569893.8891985,-0.9825537924174617,-0.01714368025916606,2.8070835611416207,-1.0685395228192016,-0.010968389724606474,2.7504361255926244,0.0862,0.057,-1.0692163445210126,-0.010704346402448736,2.746715501281373,0.0869
1787569894.021992,-0.981529903850846,-0.017089577184974614,1.74780253742568,-1.0667682149207427,-0.01055526222511064,2.76597203774281,0.0855,1.018,-1.079946123478337,-0.012700290995552395,2.362316735641006,0.0985
1787569894.1447291,-0.9813694105540063,-0.017104427985373493,0.4591438679157831,-1.0773610684982369,-0.01269080611410903,2.3653005805495932,0.0961,1.906,-1.079946123478337,-0.012700290995552395,2.362316735641006,0.0987
1787569894.206175,-0.9814107812420771,-0.016985236383601186,-0.07956186563648497,-1.0452691613455176,0.022503102218746282,-1.8962943227392666,0.0751,1.817,-1.0271785340507535,0.09615303596061102,-1.095529668830093,0.1220
1787569894.283403,-0.9813990363716704,-0.016648990754478347,-0.6081856325087716,-1.040839717989736,-0.015094006040414911,0.026156217758039543,0.0595,0.634,-1.0406171441240077,-0.02603047760632005,0.22242547058399098,0.0600
1787569894.4310167,-0.9813539603098341,-0.014885194002466184,-1.6779564950951684,-1.0352543032753647,-0.016209814153756608,-0.19038477892639613,0.0539,1.488,-1.0406171441240077,-0.02603047760632005,0.22242547058399098,0.0603
1787569894.5467706,-0.9807690842169003,-0.013581912192288471,-3.0093683738881123,-1.0411458180805586,-0.018638199725061103,-1.603956756269591,0.0606,1.405,-1.042693368957977,-0.01827453909865425,-1.6149818428818559,0.0621
1787569894.6244533,-0.9800531648159616,-0.0134995051028145,-3.618236694470943,-1.0370942020813865,-0.020144716324349395,-1.9299575798084927,0.0574,1.688,-1.042693368957977,-0.01827453909865425,-1.6149818428818559,0.0628
1787569894.7399619,-0.9786061387231829,-0.014063397038413283,-4.658929211048008,-1.0370942020813865,-0.020144716324349395,-1.9299575798084927,0.0588,2.729,-1.042693368957977,-0.01827453909865425,-1.6149818428818559,0.0642
1787569894.8339434,-0.9760780625940462,-0.014521474785457759,-5.2580937363455025,-1.0227033895026498,-0.011654256432488592,-4.346533732949681,0.0467,0.912,-1.0206689545607053,-0.010479809076304887,-4.368453100116511,0.0448
1787569894.9473186,-0.9732890536701652,-0.013953504132811892,-5.55757209167031,-1.0152477563211515,-0.012158737625900749,-5.0185352063187425,0.0420,0.539,-1.0206689545607053,-0.010479809076304887,-4.368453100116511,0.0475
1787569895.0103526,-0.9718734524882598,-0.013227952927074075,-5.67326091724763,-1.0464528478044777,-0.029403193585595136,-4.9951376763398665,0.0763,0.678,-1.0558238468880092,-0.03179155661071466,-4.9427414912761725,0.0860
1787569895.1293054,-0.969195542063892,-0.01151870328632301,-6.237585495378789,-1.034252944342547,-0.026005539015420666,-5.323832487730948,0.0667,0.914,-1.0297046172415802,-0.02498412717212235,-5.343129736230726,0.0620
1787569895.2458148,-0.9668972080001557,-0.010991290379647767,-6.280990158022165,-1.0402030220025413,-0.023041079138337906,-5.773400191845085,0.0743,0.508,-1.0434844800199572,-0.02252048820876082,-5.777151239483435,0.0775
1787569895.3219204,-0.9657495178565548,-0.011137486731002883,-6.3061807811285,-1.0329544365051206,-0.013864126956216121,-6.157847795467447,0.0673,0.148,-1.029013070201509,-0.011769329438774082,-6.196693840479596,0.0633
1787569895.3945227,-0.9646380751444169,-0.011529724425390648,-6.2334433294408695,-1.0268179644059758,-0.013883383684423807,-6.267098880652939,0.0622,0.034,-1.025704181310962,-0.014081761369614434,-6.263305036719315,0.0611
1787569895.5180476,-0.9628990719476794,-0.012084196040353412,-5.904419496715156,-1.0241311084223352,-0.013752086049951387,-6.672359251625876,0.0613,0.768,-1.025704181310962,-0.014081761369614434,-6.263305036719315,0.0628
1787569895.5827854,-0.9621178768317101,-0.012045477361443627,-5.783894434021211,-0.9532516127772771,0.0006398380948471304,-6.861999771905021,0.0155,1.078,-0.9330537841664391,0.002326645058909139,-6.9122351099733965,0.0324
1787569895.7175055,-0.9605021793913218,-0.010945581674580452,-5.504568878108151,-1.000118895212758,-0.01979405444386771,-5.635689357042511,0.0406,0.131,-1.0272915188230791,-0.026333393776219134,-5.494906848123489,0.0685
1787569895.8333728,-0.9599122446323008,-0.010921183848337106,-5.414164932634115,-0.9944395882427295,-0.020945483680641787,-5.982692192744584,0.0360,0.569,-1.0272915188230791,-0.026333393776219134,-5.494906848123489,0.0691
1787569895.9046483,-0.9596353697198328,-0.011251281200117327,-5.416386625531513,-1.0057003575169752,-0.015250464633957347,-5.392030123069103,0.0462,0.024,-1.0092826061920468,-0.015110673156724702,-5.386908392664352,0.0498
1787569896.0295155,-0.9592577989624427,-0.013134013107018791,-5.289956692112406,-1.0050185093774184,-0.013877702604918704,-5.471111810141074,0.0458,0.181,-1.0060780674610312,-0.013874635010510318,-5.468934955878108,0.0468
1787569896.142661,-0.9587563629986757,-0.014833523692000958,-5.0129414693683865,-1.0023298190802488,-0.013829698556091868,-5.680517585613204,0.0436,0.668,-1.0060780674610312,-0.013874635010510318,-5.468934955878108,0.0473
1787569896.1990788,-0.9582479844191237,-0.015263594193801968,-4.978400957548,-1.0087362442385315,-0.01750880419182262,-4.978126222357301,0.0505,0.000,-1.010953280134606,-0.018274623255785043,-4.9614760759937715,0.0528
1787569896.3326862,-0.9570481600788872,-0.01546267868423801,-4.975360598027813,-1.0102517855304751,-0.0202071529000844,-4.903020599184018,0.0534,0.072,-1.0115372739968336,-0.020703082366386672,-4.893235734516092,0.0547
1787569896.4183803,-0.9564934351488825,-0.015333296390414843,-5.134104805423004,-1.0089378008365153,-0.0209417637874882,-5.030287542174254,0.0527,0.104,-1.0115372739968336,-0.020703082366386672,-4.893235734516092,0.0553
1787569896.485189,-0.9560079534322046,-0.015424372126037575,-5.425185262388168,-1.023046769872429,-0.02533360233066944,-4.6277983169827435,0.0678,0.797,-1.028294586433583,-0.02642547265942035,-4.600597100990959,0.0731
1787569896.611513,-0.954379897304252,-0.016888750107104725,-5.342459607237273,-1.0238998556195307,-0.027201874241611648,-4.757018855309446,0.0703,0.585,-1.028294586433583,-0.02642547265942035,-4.600597100990959,0.0745
1787569896.7202377,-0.9527693989898463,-0.019091473400329483,-4.939641092005949,-1.0242419306793007,-0.023477254705950988,-5.0779060846127075,0.0716,0.138,-1.024144361894553,-0.023050046993014363,-5.084971380895716,0.0715
1787569896.8209245,-0.951355898724349,-0.020500508238638776,-4.864092247949325,-1.0252735148310723,-0.02466005724002243,-5.241791860746656,0.0740,0.378,-1.024144361894553,-0.023050046993014363,-5.084971380895716,0.0728
1787569896.9210112,-0.9495581606478444,-0.0210486568220545,-4.8579414589789724,-1.0158984746533508,-0.03263899993412364,-4.504845317223585,0.0673,0.353,-1.0140779378209004,-0.03326409605814653,-4.497405733567139,0.0657
1787569897.0349555,-0.9475770144840435,-0.020895061216664935,-5.204400298157317,-1.015355349402593,-0.034984555542502335,-4.572881698726276,0.0692,0.632,-1.0140779378209004,-0.03326409605814653,-4.497405733567139,0.0676
1787569897.1282518,-0.9457758866628718,-0.02125666984785678,-5.547099574242995,-0.9938371885855684,-0.015230678149184718,-5.463972583573666,0.0484,0.083,-0.9895055263961011,-0.01343714253200659,-5.491724572083192,0.0444
1787569897.1940444,-0.9448415039885744,-0.021793899060469475,-5.550342886514711,-0.9853630038751758,-0.00842669954463433,-5.969758914510887,0.0427,0.419,-0.9838808956418835,-0.007606133975138886,-5.982638726742573,0.0415
1787569897.267363,-0.9438075472110081,-0.022684272210500536,-5.529153378941242,-0.9819700931906764,-0.007060112459027197,-6.106688108846097,0.0412,0.578,-0.9838808956418835,-0.007606133975138886,-5.982638726742573,0.0428
1787569897.4432294,-0.9420057842981725,-0.02431111904250424,-5.38720401298703,-0.9843318489426941,-0.0075904831393891325,-5.9447730172529365,0.0455,0.558,-0.985355905740055,-0.007787655894320618,-5.941200318644222,0.0464
1787569897.5122385,-0.9411260631502715,-0.024444116180216188,-5.290169357875981,-0.9793785199848041,-0.005470851446987136,-6.1421690901249875,0.0427,0.852,-0.985355905740055,-0.007787655894320618,-5.941200318644222,0.0473
1787569897.605736,-0.9390413201073766,-0.023689850241280192,-5.026173632444947,-0.9889019373821055,-0.01569689720490878,-5.6068355420997555,0.0505,0.581,-0.99121908386879,-0.016650895643599204,-5.591409473960318,0.0527
1787569897.7297456,-0.937107006215793,-0.0226365551581694,-5.114975880324082,-0.9891827521443207,-0.011462604933369942,-5.379528001761913,0.0533,0.265,-0.9900256246651108,-0.011209544411212271,-5.381392521716505,0.0541
1787569897.792074,-0.9362189905914696,-0.022587480087402207,-5.123964884573878,-0.9877314623643577,-0.010881260220170814,-5.431822931405995,0.0528,0.308,-0.9900256246651108,-0.011209544411212271,-5.381392521716505,0.0550
1787569897.9172058,-0.9343698579248167,-0.02336023693014208,-5.118772436913658,-0.9868859159757349,-0.0044017974554581354,-5.600548060052905,0.0558,0.482,-0.986906349090792,-0.0037712315156343637,-5.609957700630684,0.0561
1787569898.0443141,-0.9330609391275334,-0.02426013135966046,-4.943790414918365,-0.9849457790134416,-0.002665065069897792,-5.6830966518646875,0.0562,0.739,-0.986906349090792,-0.0037712315156343637,-5.609957700630684,0.0576
1787569898.1471,-0.9319989183677246,-0.023896984844008193,-4.617965129907222,-0.9835223653963567,-0.0013644820642573791,-5.743613572493008,0.0562,1.126,-0.986906349090792,-0.0037712315156343637,-5.609957700630684,0.0585
1787569898.2367206,-0.9309300275915003,-0.02225168952617522,-4.349687076995819,-0.9088757944305597,0.000632138907555688,-5.694063875453108,0.0318,1.344,-0.8982739572978775,0.0008756442792187891,-5.709573185110314,0.0400
1787569898.306157,-0.930435632011892,-0.021176778622158124,-4.344780965038943,-0.9544762022596731,-0.015367175429167063,-4.50259432693011,0.0247,0.158,-0.9765255300504407,-0.01978788281086265,-4.4082500238530375,0.0461
1787569898.4347649,-0.9283228706166974,-0.019670390137406363,-4.582160249397744,-0.9508870112554118,-0.01584201576950961,-4.4677974282971755,0.0229,0.114,-0.9765255300504407,-0.01978788281086265,-4.4082500238530375,0.0482
1787569898.4964528,-0.9271485658617358,-0.019237320920973154,-4.729554321883263,-0.974108887992176,-0.016380235423025524,-4.548752605269172,0.0470,0.181,-0.9812308900281821,-0.016661278673219357,-4.538146809841083,0.0541
1787569898.615933,-0.9249410578252927,-0.019163072806800435,-5.0069489447932325,-0.9765600724804272,-0.015529658867921464,-4.851854110757989,0.0517,0.155,-0.9777371753948644,-0.015137942116114968,-4.858802212341996,0.0529
1787569898.7434015,-0.9229560835012227,-0.01901943048308869,-4.966371539484722,-0.9763388749971856,-0.01602426127865304,-4.849760587766475,0.0535,0.117,-0.9823891534893306,-0.01997156906109301,-5.012205035590567,0.0594
1787569898.8025937,-0.9218804577357225,-0.018542997862332836,-4.950780394576291,-0.9809290434843855,-0.019618640189065832,-5.017920796885138,0.0591,0.067,-0.9823891534893306,-0.01997156906109301,-5.012205035590567,0.0605
1787569898.9326282,-0.9195498860324995,-0.016939450706681354,-5.002583378228539,-0.9775848151155955,-0.02795079196266399,-4.743618056924032,0.0591,0.259,-0.9765995019842564,-0.02873657967042077,-4.732162439114537,0.0583
1787569898.9972355,-0.9189254723403982,-0.016414576949326194,-4.948023655420322,-0.9776051963636738,-0.030095214930475667,-4.73069339536333,0.0603,0.217,-0.9765995019842564,-0.02873657967042077,-4.732162439114537,0.0590
1787569899.1143029,-0.9176025722734911,-0.015910081447444813,-5.11797720735605,-0.9076355546836496,-0.003380062725272387,-5.794721656702444,0.0160,0.677,-0.888634828967164,-0.00033682796689334576,-5.867322331268024,0.0329
1787569899.1851158,-0.9170189632290208,-0.016226858953815614,-5.229429196979835,-0.8953109127791327,-0.0012905523000811309,-5.896077643092941,0.0264,0.667,-0.9710001638244092,-0.020088098622167833,-5.037575358919519,0.0541
1787569899.3270133,-0.9160229869852391,-0.017526456464476876,-5.141057481795928,-0.9546936047763738,-0.01748907782818256,-5.097831657033018,0.0387,0.043,-0.9710001638244092,-0.020088098622167833,-5.037575358919519,0.0550
1787569899.3992698,-0.9155860877889344,-0.01802333156630681,-4.931573004717951,-0.9714678204490972,-0.025076599970651956,-4.995399249570207,0.0563,0.064,-0.9770497205865915,-0.02610346989756499,-4.973293183007359,0.0620
1787569899.5499465,-0.9144126563918187,-0.018071891667484068,-4.795029773815531,-0.9724246360943953,-0.02662404316137977,-4.996851549387195,0.0586,0.202,-0.9770497205865915,-0.02610346989756499,-4.973293183007359,0.0631
1787569899.616642,-0.9141090134150239,-0.017953505855639533,-4.654289510725518,-0.9047171773670575,-0.0069175576796365185,-5.604007245143898,0.0145,0.950,-0.8889850569673529,-0.004903193756081069,-5.654728455387717,0.0283
1787569899.7423892,-0.9136711246892807,-0.018288193284127584,-4.74528509866896,-0.8966140258760997,-0.005742558801726771,-5.65557680700699,0.0212,0.910,-0.8889850569673529,-0.004903193756081069,-5.654728455387717,0.0281
1787569899.7980485,-0.9134196914424716,-0.01880874010128483,-4.797787370234567,-0.8746340813653322,0.00046313772101843394,-5.78904403935474,0.0433,0.991,-0.8702375415025307,0.0010117882245362984,-5.802492081756617,0.0475
1787569899.9342632,-0.9131495391125181,-0.020914114112619897,-4.884621465685582,-0.9404985648856898,-0.013666020670469101,-4.912520886546096,0.0283,0.028,-0.9721993122140342,-0.018162755961980928,-4.806202211485663,0.0591
1787569899.995352,-0.9131332423645995,-0.022026377223363987,-4.74322009751603,-0.9592338208581335,-0.019944178367127235,-4.915163201645571,0.0461,0.172,-0.9661121006517993,-0.020977306221395584,-4.893126851476806,0.0530
1787569900.1173458,-0.9121404980544369,-0.023024022171502623,-4.69483410851618,-0.9610622564293584,-0.02089416748195437,-4.900424454494112,0.0490,0.206,-0.9661121006517993,-0.020977306221395584,-4.893126851476806,0.0540
1787569900.224308,-0.9108434840333841,-0.023019138118870814,-4.847599518754446,-0.9693465621718123,-0.033456362738246245,-4.387245209058294,0.0594,0.460,-0.971306283308603,-0.03461414941500041,-4.3657637495631345,0.0616
1787569900.3449528,-0.9096572513862893,-0.0229690416942535,-5.062178546453964,-0.9719080722305355,-0.03572403388761481,-4.339202532501171,0.0635,0.723,-0.971306283308603,-0.03461414941500041,-4.3657637495631345,0.0627
1787569900.4001913,-0.9090252082488768,-0.023279274047813384,-5.09700392291272,-0.9745439433661792,-0.0380305731648313,-4.291284930855408,0.0672,0.806,-0.971306283308603,-0.03461414941500041,-4.3657637495631345,0.0633
1787569900.5258176,-0.9076947081992744,-0.02453483805398296,-5.123696793128801,-0.9359784026902799,-0.014589162086637748,-5.3360429591558765,0.0300,0.212,-0.9297323211587729,-0.013017573144969027,-5.35983889930554,0.0249
1787569900.6412497,-0.9065464261300573,-0.02621987930117666,-4.758748045938992,-0.9337874355608434,-0.014176877581656666,-5.370802637613926,0.0298,0.612,-0.9297323211587729,-0.013017573144969027,-5.35983889930554,0.0267
1787569900.7425542,-0.9051619841186413,-0.027003809174491168,-4.7181422361616985,-0.9323628527128716,-0.01390071309102419,-5.3935012906884445,0.0302,0.675,-0.9371213025731544,-0.016511735264656383,-5.107284185425542,0.0336
1787569900.8497503,-0.9034219421354276,-0.02682268243078653,-4.772517236286327,-0.9364560933463555,-0.016305881808952732,-5.110851201691001,0.0347,0.338,-0.9371213025731544,-0.016511735264656383,-5.107284185425542,0.0352
1787569900.9221473,-0.9025754589812741,-0.026511906613799277,-4.949836458392362,-0.9336734425509019,-0.014915147509222175,-5.086114281399643,0.0332,0.136,-0.9332725639223226,-0.014786676964039755,-5.087782133616665,0.0329
1787569900.9981697,-0.9018240721437938,-0.026300853455217054,-5.264524211830877,-0.9319390625085894,-0.014624716863227055,-5.089775048794482,0.0323,0.175,-0.9332725639223226,-0.014786676964039755,-5.087782133616665,0.0335
1787569901.1332567,-0.8999390308547763,-0.02701870587860232,-5.2026194925812055,-0.9308313693273549,-0.014431737051583984,-5.0921396994633605,0.0334,0.110,-0.9399094366448142,-0.02219399788130287,-5.364666412509429,0.0403
1787569901.2382061,-0.8978799453778316,-0.028251976159529187,-5.100431985535074,-0.9386881608399543,-0.02188620058985933,-5.3673785375090945,0.0413,0.267,-0.9399094366448142,-0.02219399788130287,-5.364666412509429,0.0425
1787569901.3349085,-0.8951865612560843,-0.028598219506149297,-4.744406912592591,-0.93814603350575,-0.023079955432007273,-5.407659682944935,0.0433,0.663,-0.9399094366448142,-0.02219399788130287,-5.364666412509429,0.0452
1787569901.4426012,-0.8922288256442118,-0.02815814592288353,-4.358929982346937,-0.9384289772150708,-0.027732988006323463,-5.042323437227078,0.0462,0.683,-0.9386242498592979,-0.02815001463532127,-5.035056521825841,0.0464
1787569901.5081213,-0.8907438578214502,-0.027578942085473058,-4.181741622093869,-0.9380823789211205,-0.02972133143437993,-5.035909736118439,0.0474,0.854,-0.9386242498592979,-0.02815001463532127,-5.035056521825841,0.0479
1787569901.6269748,-0.8879813531041462,-0.026271017398651772,-4.18356627883464,-0.9249989236473227,-0.02843201776389403,-4.103754328092951,0.0371,0.080,-0.9230009232178712,-0.02843251169328775,-4.103318062090023,0.0351
1787569901.6944313,-0.8867903847680169,-0.02618820527466371,-4.193058846651715,-0.9234356828983378,-0.029359665298381164,-4.036391803495752,0.0368,0.157,-0.9230009232178712,-0.02843251169328775,-4.103318062090023,0.0363
1787569901.8021305,-0.884312644583405,-0.026817978354835858,-4.16481159712018,-0.9219186148086018,-0.030273831859776078,-3.971007104069244,0.0378,0.194,-0.9230009232178712,-0.02843251169328775,-4.103318062090023,0.0387
1787569901.9121137,-0.8827064315904897,-0.027050679050653236,-4.508085361179513,-0.9049594232124457,-0.04187802662882706,-3.3470035409069117,0.0267,1.161,-0.9022382278396343,-0.0424324001139603,-3.339605732857734,0.0249
1787569902.0236874,-0.8813052401773362,-0.026570782694706065,-4.569266258413199,-0.9000941530475898,-0.04503912735569725,-3.191170383751912,0.0263,1.378,-0.9022382278396343,-0.0424324001139603,-3.339605732857734,0.0263
1787569902.1388981,-0.8796509589435076,-0.024988193664461186,-4.516165581048184,-0.9530227439913563,-0.04272335466968848,-4.0091108790757195,0.0755,0.507,-0.9683377311063578,-0.04353483374973764,-3.974758201455538,0.0906
1787569902.20594,-0.8788570779099825,-0.02393424687960169,-4.585832104288616,-0.9535004663377571,-0.032745438297374106,-4.387799271473655,0.0752,0.198,-0.9522852939248739,-0.031263472208941455,-4.413252635946073,0.0738
1787569902.3448482,-0.8776085824848335,-0.022722210061844026,-4.813412867308331,-0.9563517475302032,-0.03332520145601578,-4.36576896967959,0.0795,0.448,-0.9522852939248739,-0.031263472208941455,-4.413252635946073,0.0752
1787569902.4130814,-0.8770250962277317,-0.02274810926046721,-4.82326482219724,-0.9478763017587067,-0.025197125994318132,-4.7028676708744,0.0709,0.120,-0.9451029924734647,-0.024157312413117527,-4.722744402151427,0.0681
1787569902.5342546,-0.8758678949995737,-0.02350370734387174,-4.635380457917491,-0.9501194657570591,-0.02439536178638148,-4.712964403460819,0.0743,0.078,-0.9451029924734647,-0.024157312413117527,-4.722744402151427,0.0692
1787569902.607849,-0.8758829664623156,-0.023735989261373998,-4.621284734546595,-0.9380440294034473,-0.027687678289205736,-4.722233489032049,0.0623,0.101,-0.9352036000349035,-0.027780523072077578,-4.723865533751791,0.0595
1787569902.7203028,-0.8756955770556005,-0.023366623409448596,-4.486517501405172,-0.9382250328143176,-0.02747098064883502,-4.733607081156126,0.0627,0.247,-0.9352036000349035,-0.027780523072077578,-4.723865533751791,0.0597
1787569902.808481,-0.8752643632262247,-0.02214394545644407,-4.346736427582447,-0.8660718293809879,-0.009606794651325055,-5.3831723345208635,0.0155,1.036,-0.8515103607025454,-0.007965586129804057,-5.425679561979418,0.0277
1787569902.9108999,-0.8747275553618113,-0.02107538943857266,-4.427610768734299,-0.8544155244131256,-0.006549627650343405,-5.458988212848301,0.0250,1.031,-0.8515103607025454,-0.007965586129804057,-5.425679561979418,0.0267
1787569903.0314076,-0.8738871947313017,-0.02096183842824719,-4.537210883413218,-0.9057869644623566,-0.019145752122581135,-4.511964326103701,0.0320,0.025,-0.9169802804993644,-0.02085375632062596,-4.4725063661174165,0.0431
1787569903.1402135,-0.8729580876061941,-0.02174091014941866,-4.53688933029071,-0.9033727370197643,-0.018360193074437113,-4.49057554678896,0.0306,0.046,-0.9169802804993644,-0.02085375632062596,-4.4725063661174165,0.0440
1787569903.1887,-0.8725882575310925,-0.022272567963951356,-4.377093502262878,-0.9084518297139011,-0.022886179779423085,-4.613556803581372,0.0359,0.236,-0.9097990444251808,-0.023241834078546766,-4.607655580041718,0.0372
1787569903.3181205,-0.8716142050062772,-0.022769916682944695,-4.13975991307544,-0.9068924206676746,-0.022801019105368244,-4.604189739732638,0.0353,0.464,-0.9097990444251808,-0.023241834078546766,-4.607655580041718,0.0382
1787569903.4152043,-0.8701133746681461,-0.022134546742797467,-4.165028223199604,-0.9273444519934616,-0.03672444631743417,-3.7099712048879847,0.0591,0.455,-0.9319731053510567,-0.03819053898236249,-3.677743347121762,0.0639
1787569903.5221126,-0.8686757866587327,-0.021045003848248266,-4.507633417817451,-0.928459684121999,-0.038177304090542256,-3.644642598296494,0.0622,0.863,-0.9319731053510567,-0.03819053898236249,-3.677743347121762,0.0656
1787569903.6283615,-0.8673062564198196,-0.020545095353271887,-4.569997972936633,-0.9035587385898882,-0.022338791944261343,-4.567595571704783,0.0363,0.002,-0.8981523874106254,-0.02066329897602142,-4.600136472915758,0.0308
1787569903.7449625,-0.8658236255850086,-0.020886806928766204,-4.617963547303886,-0.9020098199937571,-0.021971707528462867,-4.5682859538709515,0.0362,0.050,-0.8981523874106254,-0.02066329897602142,-4.600136472915758,0.0323
1787569903.8292425,-0.864466188952578,-0.02177035030609861,-4.349614638090445,-0.9004677809487784,-0.0215975598041192,-4.568971734118302,0.0360,0.219,-0.8981523874106254,-0.02066329897602142,-4.600136472915758,0.0337
1787569903.9203346,-0.8616823184341356,-0.022190808420878897,-3.77322676667519,-0.9256278273269736,-0.03227756140958553,-3.99160658410614,0.0647,0.218,-0.9300571764770882,-0.03332066956588059,-3.966386610567062,0.0693
1787569904.030298,-0.8587277751896156,-0.021873101296816883,-3.2048359120578738,-0.9270205066898469,-0.033203857494716445,-3.9473978082961385,0.0692,0.743,-0.9300571764770882,-0.03332066956588059,-3.966386610567062,0.0722
1787569904.1077783,-0.8572564812756189,-0.021352051425928588,-2.94299154884525,-0.9171650171234996,-0.03416020793126156,-3.0173099135240666,0.0613,0.074,-0.915876854803587,-0.03395691826093944,-3.0196259111398653,0.0600
1787569904.178541,-0.8558627546769557,-0.020667419439241223,-2.8262264445546506,-0.9172636155354749,-0.03497941484153756,-2.918651392111153,0.0630,0.092,-0.915876854803587,-0.03395691826093944,-3.0196259111398653,0.0615
1787569904.3281124,-0.8533285464275933,-0.02016859553485829,-2.836764784636079,-0.9087849388441869,-0.029390237109197775,-2.6494662144711003,0.0562,0.187,-0.9060680787406891,-0.02876134083541766,-2.6603206701273896,0.0534
1787569904.393991,-0.8521028764956364,-0.020634794934288575,-2.8465279317962557,-0.907494271538458,-0.029606924014376052,-2.471732772723574,0.0561,0.375,-0.9080706190155753,-0.02610000120231329,-2.726568776920291,0.0562
1787569904.528573,-0.8502338214483538,-0.02188374472896103,-2.6491609630272874,-0.9080041470611323,-0.026462256143580255,-2.7201741136450965,0.0580,0.071,-0.9080706190155753,-0.02610000120231329,-2.726568776920291,0.0580
1787569904.608165,-0.8494927562080209,-0.022337983389303734,-2.497513515727596,-0.9141286350003935,-0.026426407108511737,-2.6922230480899834,0.0648,0.195,-0.9162080808882858,-0.026515427331556353,-2.689098218477603,0.0668
1787569904.6895874,-0.8486520436742814,-0.022432307481775934,-2.334905806000625,-0.9248650155502364,-0.036192538715177136,-2.1760144063251294,0.0774,0.159,-0.9288888386797419,-0.03781433144576777,-2.144326857006955,0.0817
1787569904.8413067,-0.8469875980352896,-0.021991436666603498,-2.3015178327304273,-0.9262153863703464,-0.0372223015582377,-2.0504115333197306,0.0807,0.251,-0.9288888386797419,-0.03781433144576777,-2.144326857006955,0.0834
1787569904.9286664,-0.8459954494290848,-0.022935353412891997,-2.251483536653336,-0.9274769603662,-0.03816951339262071,-1.937084543825695,0.0829,0.314,-0.9288888386797419,-0.03781433144576777,-2.144326857006955,0.0842
1787569905.041329,-0.8451021486850842,-0.024906200968491568,-2.2119720818286406,-0.8146033690060994,-0.023881881752949516,-2.2745671158774834,0.0305,0.063,-0.7920639121340864,-0.02209092200998559,-2.3241489709442904,0.0531
1787569905.1032264,-0.845132649838379,-0.025900126383989388,-2.3537140021138723,-0.88444044300963,-0.021218214203365605,-2.3357973892343775,0.0396,0.018,-0.9081851516542491,-0.022049047744931913,-2.302762165952047,0.0632
1787569905.1728978,-0.8453454736271083,-0.026847056668045162,-2.346824348565229,-0.8907783113221954,-0.024259976893257543,-2.3372282425071305,0.0455,0.010,-0.8939546702228329,-0.024874813009068956,-2.3257625819472505,0.0486
1787569905.3166468,-0.8455066827818283,-0.028127932812229695,-2.2521450888650936,-0.8897853900488983,-0.0238279235752162,-2.2531804129965183,0.0445,0.001,-0.8939546702228329,-0.024874813009068956,-2.3257625819472505,0.0486
1787569905.3835053,-0.845544146302641,-0.02814769473893344,-2.203606321607663,-0.8949281668982721,-0.028907185615199338,-2.236487630968377,0.0494,0.033,-0.8964663749545775,-0.029427603355041427,-2.227525545738968,0.0509
1787569905.5132792,-0.8458117741634732,-0.027995443039841566,-2.4687714275073174,-0.8945936360456971,-0.02922817283569143,-2.127859729145801,0.0488,0.341,-0.8964663749545775,-0.029427603355041427,-2.227525545738968,0.0507
1787569905.6219513,-0.845328697904516,-0.02884106563515465,-2.4745860500373054,-0.8948749285860806,-0.013600632193254497,-2.835927010407032,0.0518,0.361,-0.8949931607474633,-0.01220347391640993,-2.8585298951893616,0.0524
1787569905.741502,-0.8451448629382406,-0.03082425118718093,-2.6985453140543805,-0.8946225629314659,-0.010998028494127818,-2.797709749659261,0.0533,0.099,-0.8744895933213946,-0.020141856393881073,-2.984616308034596,0.0312
1787569905.8042822,-0.8449468808355263,-0.03120864708028987,-2.675537256174916,-0.8781368710931036,-0.019632383982446825,-2.9917261969410887,0.0352,0.316,-0.8744895933213946,-0.020141856393881073,-2.984616308034596,0.0315
1787569905.9428742,-0.8442400594796361,-0.031362363034696056,-2.396499592229675,-0.8902114648156092,-0.022475938550734997,-2.9902416254002055,0.0468,0.594,-0.893997964962865,-0.022872837560751626,-2.9846947926724385,0.0505
1787569906.0089393,-0.8434813479036499,-0.030777222556354723,-2.4170775530736637,-0.8898610095580621,-0.02220315321355724,-2.978757795861205,0.0472,0.562,-0.893997964962865,-0.022872837560751626,-2.9846947926724385,0.0511
1787569906.1384609,-0.8420665421922888,-0.029152369583962293,-2.7856717821411325,-0.910422856139983,-0.028161465238377266,-2.474178233358702,0.0684,0.311,-0.9141655736775155,-0.028828165104861962,-2.4656021663088543,0.0721
1787569906.2016375,-0.8414213700266401,-0.028542547349136978,-3.1120328210946404,-0.9134040358771642,-0.028870741626445328,-2.412302184713813,0.0720,0.700,-0.9141655736775155,-0.028828165104861962,-2.4656021663088543,0.0727
1787569906.3022923,-0.8395036466556779,-0.02804596474505231,-3.0847512289244694,-0.915538258720114,-0.029372877738965023,-2.3696176483603897,0.0760,0.715,-0.9141655736775155,-0.028828165104861962,-2.4656021663088543,0.0747
1787569906.4186537,-0.8374593376829167,-0.02798165029322673,-3.0639551695995397,-0.8762970599376794,-0.018823620721615763,-3.5240116413847717,0.0399,0.460,-0.8744242617519977,-0.01849526518838703,-3.5287004270977747,0.0382
1787569906.5255158,-0.8351498226892704,-0.027069285985447354,-2.9161145528897294,-0.8743062857652116,-0.01820972273177456,-3.558006298430668,0.0401,0.642,-0.8744242617519977,-0.01849526518838703,-3.5287004270977747,0.0402
1787569906.5870087,-0.8339737308079945,-0.02633702819005609,-2.9197468737962113,-0.8955774281517216,-0.039684143296364105,-2.495879708161937,0.0630,0.424,-0.9042421438481224,-0.0431726324841919,-2.4240608138628765,0.0723
1787569906.7053218,-0.8314283776667521,-0.023852117278900613,-3.065247149523681,-0.8964086390782001,-0.04274438708910262,-2.428997786343093,0.0677,0.636,-0.9042421438481224,-0.0431726324841919,-2.4240608138628765,0.0753
1787569906.8289974,-0.8292878027384218,-0.02148858213448044,-3.3330630764649642,-0.9023833577955434,-0.04146692019437389,-2.530196674178341,0.0758,0.803,-0.9035171707115518,-0.04140036409018006,-2.529283021456891,0.0769
1787569906.8940876,-0.8282991750675561,-0.02076600886183999,-3.3899101560181433,-0.9041423477504414,-0.044004381453436305,-2.480968321120997,0.0793,0.909,-0.9035171707115518,-0.04140036409018006,-2.529283021456891,0.0780
1787569907.010789,-0.8262342483164662,-0.02004103913909882,-3.4403679699562217,-0.9041423477504414,-0.044004381453436305,-2.480968321120997,0.0815,0.959,-0.9010861435102172,-0.03473189147512852,-3.014544917965433,0.0763
1787569907.127194,-0.8243514757944476,-0.019680240569289444,-3.110438197146695,-0.9019373917455091,-0.03548852474315071,-2.9995384584415357,0.0792,0.111,-0.9010861435102172,-0.03473189147512852,-3.014544917965433,0.0782
1787569907.1833344,-0.8233990878683205,-0.019246774505691427,-2.8467782137841113,-0.9038449622124636,-0.036857866454913964,-3.0047592067454993,0.0824,0.158,-0.9010861435102172,-0.03473189147512852,-3.014544917965433,0.0792
1787569907.308413,-0.8218589462562904,-0.01872155941055749,-2.404126952494912,-0.8244935021449347,-0.01737158536908104,-3.4809601211481844,0.0030,1.077,-0.8098887970938575,-0.015609312366709614,-3.528919626550005,0.0124
1787569907.4170623,-0.8209994098604821,-0.018345176300255284,-2.0223918986413087,-0.8119366918146095,-0.015134070508752078,-3.537926479080923,0.0096,1.516,-0.8098887970938575,-0.015609312366709614,-3.528919626550005,0.0114
1787569907.5226233,-0.8202590102379516,-0.0187221708392438,-2.0242966138819116,-0.8365605793918529,-0.01015975497750407,-2.5699495580266594,0.0184,0.546,-0.8404914917045619,-0.010313288981374985,-2.5627219910513386,0.0219
1787569907.6386032,-0.8196491795694976,-0.02039643027416211,-2.052101228456362,-0.8323012710534052,-0.008314522919166475,-2.5375837360465394,0.0175,0.485,-0.8404914917045619,-0.010313288981374985,-2.5627219910513386,0.0232
1787569907.6956725,-0.8194121789709594,-0.021607844188650575,-1.9296504492517041,-0.8927395257153957,-0.026864643615543898,-1.7606126337688468,0.0735,0.169,-0.9064285538864932,-0.0292769724512614,-1.7207969775292393,0.0874
1787569907.826446,-0.8187445434201415,-0.02348608538851254,-1.6786442424244001,-0.900231664306592,-0.03055594547524209,-1.6080706960268143,0.0818,0.071,-0.9016963984107117,-0.031054345071606027,-1.599800322771284,0.0833
1787569907.8924634,-0.8181665018025732,-0.02386718604215038,-1.641173505054303,-0.9042858093244598,-0.03155061505573434,-1.4969696916490016,0.0865,0.144,-0.892995963660311,-0.04370317818446018,-1.0876252767806025,0.0774
1787569908.025699,-0.8168953591972199,-0.02392755268901428,-1.7060850810016732,-0.8951734478548168,-0.04252379098242188,-1.1059989262095422,0.0805,0.600,-0.892995963660311,-0.04370317818446018,-1.0876252767806025,0.0786
1787569908.1337602,-0.8158323073216308,-0.023981218531217117,-2.213022051158593,-0.8961838923406756,-0.042132178822605545,-0.968032844768295,0.0824,1.245,-0.8955376421741518,-0.041765385347582694,-0.9742822939393571,0.0817
1787569908.2014055,-0.8150851686446667,-0.024384471939162787,-2.209114808664678,-0.8947712225790551,-0.0356920976500234,-1.7333191727916872,0.0805,0.476,-0.8937367870672464,-0.034305439547835256,-1.7603904337437473,0.0793
1787569908.334969,-0.8133697530205543,-0.02600165414604353,-2.003710444977034,-0.8966703942346468,-0.03654725098130667,-1.67763871578286,0.0840,0.326,-0.8937367870672464,-0.034305439547835256,-1.7603904337437473,0.0808
1787569908.4157298,-0.8125774473218768,-0.027004549949692293,-1.7548775708464401,-0.8906924495284604,-0.028106910595462085,-2.102882575563702,0.0781,0.348,-0.8891663047791398,-0.027086551398041572,-2.118837478558005,0.0766
1787569908.4839377,-0.8117547056665235,-0.02764739406256044,-1.7316877872037637,-0.8645705513030327,-0.031105855266964452,-1.728159297110846,0.0529,0.004,-0.8563833512288503,-0.031056151478573674,-1.7358676789817131,0.0448
1787569908.6225502,-0.8099145217086597,-0.02816033937382974,-1.7135307900206653,-0.8820852499228177,-0.04279855128828224,-1.2057412880863536,0.0736,0.508,-0.8871429468867674,-0.044466013251107245,-1.1774283833071155,0.0789
1787569908.7321675,-0.8081627588414488,-0.028081845592624555,-2.074892898944056,-0.8822941263343965,-0.04424107699417714,-1.1306735772935192,0.0759,0.944,-0.8871429468867674,-0.044466013251107245,-1.1774283833071155,0.0807
1787569908.8251288,-0.8064587956474715,-0.028541260121115544,-2.098748430704521,-0.8825220616401247,-0.04572443167275039,-1.054703828314407,0.0780,1.044,-0.8871429468867674,-0.044466013251107245,-1.1774283833071155,0.0822
1787569908.8868446,-0.8055232680853998,-0.029079602465311223,-2.0712436731563986,-0.8513055375166171,-0.02084227568291078,-2.368160672979348,0.0465,0.297,-0.8462986610640688,-0.019235291349053767,-2.394462585758849,0.0419
1787569909.030382,-0.8035135249557778,-0.030902094612228304,-1.7116640622300483,-0.8489327775236221,-0.02137083953693482,-2.41563231712398,0.0464,0.704,-0.8490050420527698,-0.02157863764336918,-2.413029992247323,0.0464
1787569909.1446772,-0.8007608772246049,-0.03122244753850436,-1.2479274782104008,-0.8436890900983124,-0.019615665874506975,-2.4433818196305555,0.0445,1.195,-0.8794834210273621,-0.03208367230224726,-1.7033719978401287,0.0787
1787569909.197589,-0.7993269034979703,-0.030931697445127044,-0.9794995692343348,-0.8736271867657134,-0.030858619971595787,-1.7192516935690663,0.0743,0.740,-0.8794834210273621,-0.03208367230224726,-1.7033719978401287,0.0802
1787569909.3024716,-0.7965842899322539,-0.02943384636729417,-0.7159033279457612,-0.8737025451595042,-0.031142467210435454,-1.658536023821119,0.0771,0.943,-0.8794834210273621,-0.03208367230224726,-1.7033719978401287,0.0829
1787569909.4167142,-0.7942300923914826,-0.02811689960782925,-0.7502923157718548,-0.8703269495377332,-0.04147934213082133,-0.2892660902998208,0.0773,0.461,-0.8700212933434686,-0.04233743280654664,-0.27252644684540284,0.0771
1787569909.5430179,-0.7919365971950989,-0.027846750063858755,-0.8049117334826729,-0.8698474763435113,-0.043376960919182576,-0.10557428780528742,0.0794,0.699,-0.8700212933434686,-0.04233743280654664,-0.27252644684540284,0.0794
1787569909.6140885,-0.790737982352478,-0.028083140535950287,-0.8208374168129602,-0.814991052453667,-0.04511029414123554,0.17777805334251423,0.0296,0.999,-0.8053481382335125,-0.04492335883337577,0.18533433976887606,0.0223
1787569909.7359457,-0.7885707280469929,-0.02872067308668387,-0.4491402448704236,-0.8526119773815196,-0.03097533422953523,-0.8635033179659357,0.0641,0.414,-0.8637258840613772,-0.029122617229911156,-0.907436457730169,0.0752
1787569909.8006248,-0.7878638522045764,-0.028554886563805327,-0.4512114202204043,-0.8610392302335045,-0.03941624722566379,-0.08874907555922584,0.0740,0.362,-0.8643602772686613,-0.04108449217467153,-0.0577101947599034,0.0775
1787569909.9195528,-0.7864002651849121,-0.02727274721771387,-0.41130195522541996,-0.8608890228722141,-0.040029074200908434,0.014180903807118285,0.0756,0.425,-0.8643602772686613,-0.04108449217467153,-0.0577101947599034,0.0792
1787569910.0269628,-0.7859881989822556,-0.02639846958929604,-0.2818420362750373,-0.8607580354559581,-0.040633196810639136,0.11436201019460839,0.0761,0.396,-0.8643602772686613,-0.04108449217467153,-0.0577101947599034,0.0797
1787569910.1353393,-0.785550190084841,-0.026097614543234893,-0.2960615612560346,-0.806661531162146,-0.04542241566965122,0.6767724160564165,0.0286,0.973,-0.7984371433931067,-0.04547190339302374,0.6855966900340084,0.0233
1787569910.242695,-0.7851064771092154,-0.026868861871750988,-0.43158626363061126,-0.7962032688250633,-0.047273139204568965,0.9160781138074543,0.0232,1.348,-0.7984371433931067,-0.04547190339302374,0.6855966900340084,0.0229
1787569910.3019283,-0.7849487545676503,-0.02749375681594653,-0.39931342483205473,-0.8115171427916723,-0.04775563453917124,0.8680892187912701,0.0334,1.267,-0.8142993763691357,-0.04790449043350022,0.8697780802218882,0.0357
1787569910.4446664,-0.7838926706009515,-0.028141500642228257,-0.20042163829436682,-0.8041818488663908,-0.04960561618400527,1.0894829060275348,0.0295,1.290,-0.8142993763691357,-0.04790449043350022,0.8697780802218882,0.0363
1787569910.4941278,-0.783330952610136,-0.027889254199342964,-0.19008844675608844,-0.837104390615449,-0.039747435536349345,0.24547500527117697,0.0551,0.436,-0.8414666335176819,-0.039296596515534785,0.23814645886225533,0.0592
1787569910.6103263,-0.781993535431801,-0.02668845723175751,-0.49885218821951366,-0.8364573300987618,-0.03972106014187093,0.31694333809266156,0.0560,0.816,-0.8414666335176819,-0.039296596515534785,0.23814645886225533,0.0608
1787569910.7244482,-0.7799127500951333,-0.026696271457159023,-0.8373986064320127,-0.8364573300987618,-0.03972106014187093,0.31694333809266156,0.0580,1.154,-0.8414666335176819,-0.039296596515534785,0.23814645886225533,0.0628
1787569910.7840025,-0.7787106763326418,-0.02694894884151271,-1.0090195263511001,-0.8253315004611924,-0.030155112513041107,-0.4558934123680402,0.0467,0.553,-0.8232547810621267,-0.029311288268941648,-0.4731335398211815,0.0446
1787569910.9293432,-0.776331467796788,-0.02830624095321712,-1.393361004657265,-0.8380203086997285,-0.022254736537166572,-1.0900172563339543,0.0620,0.303,-0.8413117962838662,-0.021454034271037047,-1.1077172975844518,0.0653
1787569911.0408905,-0.7747484454757015,-0.029637162796320147,-1.3689175382803827,-0.8379012392299315,-0.019857416964627495,-1.1324245727903905,0.0639,0.236,-0.8413117962838662,-0.021454034271037047,-1.1077172975844518,0.0671
1787569911.1435566,-0.7735883316585077,-0.029851085602280808,-1.3114450798426798,-0.8432441954136054,-0.033011688890804004,-1.338441588954492,0.0697,0.027,-0.844201837761516,-0.03384479164558944,-1.327370156703199,0.0707
1787569911.2025294,-0.7729368738829404,-0.029647944827033507,-1.318239856859537,-0.8439443664573767,-0.03265007852118262,-1.3956339726712519,0.0711,0.077,-0.844201837761516,-0.03384479164558944,-1.327370156703199,0.0714
1787569911.317593,-0.7711822504120754,-0.0288138183226299,-1.6509930917351674,-0.8445191884595833,-0.032363099132170704,-1.4394246112833984,0.0734,0.212,-0.844201837761516,-0.03384479164558944,-1.327370156703199,0.0732
1787569911.4016044,-0.7699029395803137,-0.028910389239339862,-1.716746380555418,-0.8364539535178125,-0.029000905726514273,-1.7067456753952903,0.0666,0.010,-0.8354571661261235,-0.028786020451442653,-1.7097774705101152,0.0656
1787569911.5266664,-0.7682942785205703,-0.029922350565754926,-1.7191725095269426,-0.8360564761939205,-0.027919895627105357,-1.8076455229817265,0.0678,0.088,-0.8354571661261235,-0.028786020451442653,-1.7097774705101152,0.0672
1787569911.6303685,-0.7667306582137187,-0.03162448337739188,-1.3612905150463595,-0.8360564761939205,-0.027919895627105357,-1.8076455229817265,0.0694,0.446,-0.8354571661261235,-0.028786020451442653,-1.7097774705101152,0.0688
1787569911.7371008,-0.7651264919983766,-0.03249732145774354,-1.0415495153007448,-0.835647854217506,-0.026577436410912366,-1.9280386262683005,0.0708,0.886,-0.8106794995611996,-0.038267329537308,-0.8930542875396151,0.0459
1787569911.7998729,-0.7642023208841064,-0.03247778615778236,-1.0346574823843508,-0.8127753444561372,-0.03795273891142685,-0.8975093169638177,0.0489,0.137,-0.8106794995611996,-0.038267329537308,-0.8930542875396151,0.0468
1787569911.917793,-0.7622430011229553,-0.03168626843685045,-1.2481956345873637,-0.8258090664524351,-0.04182474519290522,-0.6968271133950493,0.0644,0.551,-0.8287628374780436,-0.04224627696917859,-0.6893384691131752,0.0674
1787569911.9973805,-0.7614490724493177,-0.03129990935513814,-1.2713095422352145,-0.8324286126276719,-0.04598065381672916,-0.6680067437668727,0.0725,0.603,-0.8347740624951439,-0.046557237826226075,-0.659378482395653,0.0749
1787569912.0775812,-0.7606398233776223,-0.0311613855417041,-1.3595269675154693,-0.8326463332042758,-0.04735502057196176,-0.6484169565711394,0.0738,0.711,-0.8347740624951439,-0.046557237826226075,-0.659378482395653,0.0757
1787569912.2387035,-0.7588655896220442,-0.031863763711909604,-1.465931910505591,-0.8147428144161216,-0.03395121141266644,-1.2886379105812544,0.0559,0.177,-0.8098377867682273,-0.03239868032832437,-1.319261430074461,0.0510
1787569912.3018723,-0.7580946451750049,-0.03238215596618159,-1.303283563368471,-0.8119728473770088,-0.03337351240452451,-1.3313026968245465,0.0539,0.028,-0.8098377867682273,-0.03239868032832437,-1.319261430074461,0.0517
1787569912.420931,-0.756740472637927,-0.03249180369102288,-1.079626327346887,-0.8306676270676303,-0.037039558417089086,-1.3129005323965457,0.0741,0.233,-0.834076356418499,-0.03738922898729226,-1.3101623843744528,0.0775
1787569912.502391,-0.7561105226856797,-0.03206921024219575,-1.0965740356545648,-0.8325311486949444,-0.04500295055789114,-0.6444884669001057,0.0775,0.452,-0.8330263045155074,-0.04595589945130135,-0.6266241612597547,0.0782
1787569912.6470098,-0.7554837702842441,-0.030957905514044905,-1.2317589525415669,-0.8330964809025444,-0.04612542719603786,-0.6178301165135465,0.0791,0.614,-0.8330263045155074,-0.04595589945130135,-0.6266241612597547,0.0790
1787569912.7110589,-0.755426090795617,-0.03075286669314042,-1.2942891275626403,-0.8246285229761438,-0.046149675277600326,-0.6414581287389558,0.0709,0.653,-0.8226481969183919,-0.04601354762374313,-0.6438760907263954,0.0689
1787569912.7853317,-0.7553279057637609,-0.030793057507101703,-1.3534851064521511,-0.8214508416327851,-0.035017829201261313,-1.2178745679063239,0.0663,0.136,-0.8209085079206611,-0.03377723781538966,-1.2390737725573593,0.0656
1787569912.9312623,-0.7551358827268404,-0.03149512516991212,-1.2414125495739194,-0.8205293264422527,-0.03442573611192827,-1.2452154033435017,0.0655,0.004,-0.8209085079206611,-0.03377723781538966,-1.2390737725573593,0.0658
1787569912.9959352,-0.7543062827834818,-0.031602428542081236,-1.2213876041412368,-0.8210650294325987,-0.03785874269738817,-1.1647411411969824,0.0671,0.057,-0.82123882842398,-0.03813159866189439,-1.160494830896498,0.0673
1787569913.1138697,-0.7524425310690784,-0.031042366311246933,-1.1553614417328122,-0.820184564950203,-0.03776069487659757,-1.1867640351055688,0.0681,0.031,-0.82123882842398,-0.03813159866189439,-1.160494830896498,0.0692
1787569913.2372851,-0.7505457094786919,-0.029751217534182545,-1.3249554447045442,-0.8218735284283095,-0.048841575525267286,-0.5404631003428522,0.0738,0.784,-0.822428712383219,-0.04982389618656588,-0.5229996259307699,0.0746
1787569913.2971733,-0.7497300127257994,-0.029285635452846258,-1.3478655154041084,-0.8212320326821475,-0.05076003764464145,-0.4928677097854914,0.0747,0.855,-0.822428712383219,-0.04982389618656588,-0.5229996259307699,0.0755
1787569913.4183443,-0.7479660681631193,-0.02899692991500542,-1.4276507432785037,-0.8188267174233067,-0.04407070947581195,-0.866374381383986,0.0724,0.561,-0.8183608608101374,-0.043464850446000756,-0.8776630929386474,0.0719
1787569913.5383325,-0.7461228707344102,-0.02955855987985729,-1.3302889847002533,-0.8177172235101299,-0.04486528425552358,-0.8598214969123852,0.0732,0.470,-0.8183608608101374,-0.043464850446000756,-0.8776630929386474,0.0736
1787569913.5973575,-0.7453089848662602,-0.02988074983173254,-1.1094301275320086,-0.8195815707939567,-0.0456726185131576,-0.7622750266790187,0.0759,0.347,-0.8198840025096582,-0.04574228785452953,-0.7608690955828749,0.0762
1787569913.7179153,-0.7444857972650684,-0.029896763347864307,-0.8881344817287118,-0.8190568676473767,-0.04640937767529628,-0.7479759928650653,0.0764,0.140,-0.8198840025096582,-0.04574228785452953,-0.7608690955828749,0.0770
1787569913.8421168,-0.74344175428817,-0.028875533974024745,-0.8820261851997391,-0.8099103842134147,-0.050796595590216535,-0.21435479688265976,0.0700,0.668,-0.8084385927269742,-0.051131512566980876,-0.20788736166072957,0.0687
1787569913.907897,-0.7425647160494973,-0.028808216309662293,-0.9371774782045702,-0.8077266011602144,-0.05239461900211796,-0.13976162717376892,0.0693,0.797,-0.8084385927269742,-0.051131512566980876,-0.20788736166072957,0.0696
1787569914.04762,-0.740732085633166,-0.02938480786685085,-1.286934375155282,-0.810436616866783,-0.04213883436714394,-0.4585125675540456,0.0709,0.828,-0.8108292214610341,-0.04152269807223599,-0.4687496177872115,0.0711
1787569914.1179729,-0.7397379273489967,-0.030096322515021173,-1.4635095536560438,-0.811117175041545,-0.03415221031644294,-1.2269221552766816,0.0715,0.237,-0.8116065475264954,-0.03315642984797537,-1.2467073030630338,0.0719
1787569914.1904266,-0.7387737573607255,-0.030990375001909064,-1.548700287243936,-0.810342405708901,-0.03309238065422789,-1.2590805472729032,0.0716,0.290,-0.8116065475264954,-0.03315642984797537,-1.2467073030630338,0.0729
1787569914.2719886,-0.7373646383648228,-0.031280865891020346,-1.5419009714590888,-0.7847495660015731,-0.038018218029645626,-1.4214909060674885,0.0479,0.120,-0.7780263882923296,-0.037906186700576314,-1.4305746334555902,0.0412
1787569914.4156632,-0.734465031757324,-0.030894553919136526,-1.3933046355783372,-0.7791476233610813,-0.03734143623912453,-1.4866576271828358,0.0451,0.093,-0.7780263882923296,-0.037906186700576314,-1.4305746334555902,0.0441
1787569914.542932,-0.7315242165686262,-0.029522612495173566,-1.4236825586370518,-0.805078350912143,-0.04986854847484,-0.7565010882727434,0.0763,0.667,-0.8096227488186593,-0.051146176840910294,-0.7338952456830317,0.0810
1787569914.608477,-0.7306406638171773,-0.02916624565390549,-1.4388812505261828,-0.8038917501420842,-0.05135675707476843,-0.7440848462925195,0.0765,0.695,-0.8096227488186593,-0.051146176840910294,-0.7338952456830317,0.0820
1787569914.7142735,-0.7287307099712054,-0.02913249097457124,-1.4913212327655643,-0.8207512342244481,-0.03756446559979094,-1.2028501038437351,0.0924,0.288,-0.8234158615525803,-0.03671274177597455,-1.2196304959867585,0.0950
1787569914.8111155,-0.726809511233592,-0.03006332223078425,-1.5806668146641492,-0.8224501040212061,-0.03663983219134274,-1.2374008887911445,0.0959,0.343,-0.8234158615525803,-0.03671274177597455,-1.2196304959867585,0.0968
1787569914.9356375,-0.7250696414636978,-0.030809435947405935,-1.4509109419513437,-0.7887460341840701,-0.03884584588096693,-1.445403521538657,0.0642,0.006,-0.7812360243793476,-0.03838071885197678,-1.4611862556198745,0.0567
1787569914.997072,-0.7241123969442745,-0.030731937477377527,-1.4124329957064734,-0.784443039276377,-0.03823582077321183,-1.5079915819312082,0.0608,0.096,-0.7812360243793476,-0.03838071885197678,-1.4611862556198745,0.0576
1787569915.1202126,-0.7220500148973676,-0.029854150563207584,-1.4152655904220466,-0.7566099972701152,-0.025956526145274612,-1.8588009933519825,0.0348,0.444,-0.7520916200121693,-0.024985457491177285,-1.8773593020220236,0.0304
1787569915.1913304,-0.7210859496144998,-0.029222441326761536,-1.5705868074459912,-0.7193273823946716,-0.024140092106247065,-2.146383570075285,0.0054,0.576,-0.707290173026573,-0.023376465666739045,-2.1759765456219005,0.0150
1787569915.3373864,-0.7199353856091691,-0.02949454638890174,-1.677456887424725,-0.7654712558751843,-0.03836543216703607,-1.3749224363727517,0.0464,0.303,-0.7824514702638551,-0.04142280471050626,-1.303648979157349,0.0636
1787569915.4006572,-0.7192681785063497,-0.030078930955926387,-1.730769426333035,-0.761697861065547,-0.03852259165283616,-1.3959091741690532,0.0433,0.335,-0.7824514702638551,-0.04142280471050626,-1.303648979157349,0.0642
1787569915.4985342,-0.7180846832799669,-0.03177639221003529,-1.5780527887795912,-0.6712850351101094,-0.03130478248978595,-1.7655630867605745,0.0468,0.188,-0.6567640649951733,-0.030102769771138887,-1.7985132220651314,0.0613
1787569915.6184616,-0.7167720951878372,-0.03256661539457611,-1.4943493164557655,-0.658751298624128,-0.030698701809135236,-1.805395449726182,0.0581,0.311,-0.6567640649951733,-0.030102769771138887,-1.7985132220651314,0.0601
1787569915.7407198,-0.7152397526437997,-0.03240981423231076,-1.4069132554069435,-0.658751298624128,-0.030698701809135236,-1.805395449726182,0.0565,0.398,-0.7018146617619,-0.01994060651762918,-2.3793880128803653,0.0183
1787569915.8015854,-0.7144906561856181,-0.03205462627031814,-1.4866393541947116,-0.6933678852228482,-0.02017214690756224,-2.385217869638708,0.0242,0.899,-0.7018146617619,-0.01994060651762918,-2.3793880128803653,0.0175
1787569915.937392,-0.7131538829724449,-0.03163612007040992,-1.946753327218397,-0.7558360717576496,-0.03547041190845722,-1.3522937528175742,0.0429,0.594,-0.7752413685220786,-0.03871750176419979,-1.275239957306183,0.0625
1787569915.99984,-0.7127694728692647,-0.032136116046921855,-1.9354115595530335,-0.7562021717022067,-0.035828998268924425,-1.3501968536991742,0.0436,0.585,-0.7752413685220786,-0.03871750176419979,-1.275239957306183,0.0628
1787569916.1053307,-0.7120714471350101,-0.033994583052248076,-1.8577824313453235,-0.7562021717022067,-0.035828998268924425,-1.3501968536991742,0.0442,0.508,-0.7752413685220786,-0.03871750176419979,-1.275239957306183,0.0633
1787569916.2151334,-0.7125884086125155,-0.035463614712216304,-1.695120357328089,-0.7312630204749005,-0.05145403090213373,-0.9187357317741379,0.0246,0.776,-0.7282780526303262,-0.05179066247758531,-0.9152839733498639,0.0226
1787569916.3280318,-0.7129025321179987,-0.03607860720412458,-1.3819289689003929,-0.7278414674571939,-0.05426372147534701,-0.8747560702556273,0.0235,0.507,-0.7282780526303262,-0.05179066247758531,-0.9152839733498639,0.0220
1787569916.382715,-0.7129920475011504,-0.03597703411611472,-1.1949269857753806,-0.7503859325451308,-0.040801862297811714,-1.2451514057814106,0.0377,0.050,-0.7544523471020329,-0.04019116187441589,-1.2514621969000739,0.0417
1787569916.5489876,-0.7133449994765472,-0.035506403137250495,-1.1445609172227946,-0.7741827725132099,-0.04605044464334485,-0.7960126846503818,0.0617,0.349,-0.7808333559345982,-0.047267768653877766,-0.7631354163727393,0.0685
1787569916.6134515,-0.713043291097866,-0.035820589601825756,-1.1463076864713018,-0.7773377832225313,-0.047029226849329094,-0.7590996286867362,0.0653,0.387,-0.7808333559345982,-0.047267768653877766,-0.7631354163727393,0.0687
1787569916.7392657,-0.7123097116430203,-0.03723454785352087,-1.0934790412279816,-0.7802488651928864,-0.04792246056545529,-0.7260900636201165,0.0688,0.367,-0.7808333559345982,-0.047267768653877766,-0.7631354163727393,0.0693
1787569916.8256385,-0.7118325707855945,-0.037906693202266306,-1.0947784529299884,-0.7453645066649532,-0.02952616404920059,-1.5054087697238687,0.0346,0.411,-0.7411503313568379,-0.028637683241079313,-1.5188958642977461,0.0307
1787569916.9018192,-0.7112747466315039,-0.03830900202099037,-0.8726606951163981,-0.7444067210783795,-0.028206988411256993,-1.5284427595662056,0.0346,0.656,-0.7411503313568379,-0.028637683241079313,-1.5188958642977461,0.0314
1787569917.0329478,-0.7094971025774421,-0.037739902727913874,-0.4943630099399057,-0.7444067210783795,-0.028206988411256993,-1.5284427595662056,0.0362,1.034,-0.7411503313568379,-0.028637683241079313,-1.5188958642977461,0.0329
1787569917.1071258,-0.7085034641499365,-0.03701916006515525,-0.4317754938243577,-0.7690053509184034,-0.041259618454648886,-0.5470971233628904,0.0607,0.115,-0.7717152490480919,-0.04210259918237845,-0.5346920720049422,0.0634
1787569917.239028,-0.7067219654703365,-0.03580453097396906,-0.6788193153621517,-0.7719548748119045,-0.04193447463630065,-0.47599216966042995,0.0655,0.203,-0.7666159069421571,-0.03139625145849957,-0.6916665401485566,0.0601
1787569917.3199046,-0.7057738838675298,-0.03542061959921079,-0.8085700389688895,-0.7674814129626953,-0.03213887384787054,-0.6808432290018794,0.0618,0.128,-0.7666159069421571,-0.03139625145849957,-0.6916665401485566,0.0610
1787569917.4418395,-0.704270779428001,-0.03528719579776157,-0.9333516372010617,-0.7704138421013783,-0.030904688487720447,-0.618891872160462,0.0663,0.314,-0.7666159069421571,-0.03139625145849957,-0.6916665401485566,0.0625
1787569917.5302918,-0.7037412226629721,-0.03491211839340737,-0.7729655890120553,-0.7550033591572713,-0.027694327756743936,-1.2451633541545422,0.0518,0.472,-0.7524818034984986,-0.027336144756170615,-1.2522068143806928,0.0493
1787569917.6093688,-0.7031085054733678,-0.034222470438105626,-0.5720468380116442,-0.754911824735605,-0.026190868973325225,-1.259329807167621,0.0524,0.687,-0.7713065739545034,-0.03770963162773105,-0.7480148583252716,0.0683
1787569917.6950066,-0.7024555249818415,-0.033122616721121816,-0.3136233742925138,-0.7687063794542068,-0.036713384818945885,-0.7635358495731889,0.0663,0.450,-0.7713065739545034,-0.03770963162773105,-0.7480148583252716,0.0690
1787569917.8148139,-0.7013243437327606,-0.03049257259037464,-0.19230747446409002,-0.7715562981337961,-0.037060527056663684,-0.7175522116343076,0.0705,0.525,-0.7713065739545034,-0.03770963162773105,-0.7480148583252716,0.0704
1787569917.936026,-0.6999002151593277,-0.02914750458523795,-0.24108030574146308,-0.7759260621543435,-0.044404087283992005,0.22578671847309417,0.0775,0.467,-0.7766414879178366,-0.045055341855951406,0.2391209632515827,0.0784
1787569918.001963,-0.6991084343506139,-0.028811320280558845,-0.250841345449759,-0.7794602704673572,-0.046189981810404665,0.3760750873434801,0.0822,0.627,-0.7766414879178366,-0.045055341855951406,0.2391209632515827,0.0792
1787569918.1200943,-0.6976430345850154,-0.02859577108919868,0.04132018468265473,-0.7654275388366463,-0.03891475384016868,0.1258698041811078,0.0686,0.085,-0.7632535578799057,-0.03834167520454419,0.11567957964771337,0.0663
1787569918.2281177,-0.6960636172039707,-0.027812723001010425,0.06235757536207786,-0.7663460369542786,-0.03928053383324833,0.23788451919014816,0.0712,0.176,-0.7632535578799057,-0.03834167520454419,0.11567957964771337,0.0680
1787569918.3499086,-0.6943119583509783,-0.026164401308180336,0.027312544555425634,-0.7635427976701724,-0.0429324469290431,0.4032971878051477,0.0712,0.376,-0.763198413515404,-0.043092529939951996,0.4055138787810246,0.0709
1787569918.416992,-0.6934853616987943,-0.025108328394000602,-0.13404890428938537,-0.7639436118037747,-0.04382403654890935,0.5126634644527762,0.0729,0.647,-0.763198413515404,-0.043092529939951996,0.4055138787810246,0.0720
1787569918.4886694,-0.6927404371639967,-0.024886552316853307,-0.15211912451305207,-0.7643707454514116,-0.04029256965402139,0.3660456191277029,0.0733,0.518,-0.7643613176596279,-0.04002186260534669,0.36135523357109495,0.0732
1787569918.6129715,-0.6910711066683463,-0.025330448821949594,-0.3261542431512121,-0.7649411259204025,-0.040634507341673426,0.46682714261359815,0.0754,0.793,-0.7643613176596279,-0.04002186260534669,0.36135523357109495,0.0747
1787569918.7146897,-0.6892962502956387,-0.026923572473668375,-0.32764492183127,-0.7653394242783096,-0.040859155519220855,0.5313028986827993,0.0773,0.859,-0.7643613176596279,-0.04002186260534669,0.36135523357109495,0.0762
1787569918.8415267,-0.6876382635209903,-0.028213723115038537,-0.15758776055332374,-0.7512869340051542,-0.040715960434419614,0.08016753861189142,0.0649,0.238,-0.7499580784050192,-0.04054310698945721,0.07566466568792185,0.0635
1787569918.9029355,-0.6867114653463489,-0.028406400269016457,-0.13040199388955434,-0.7497438874840228,-0.0410342307969483,0.12892866162399982,0.0643,0.259,-0.7499580784050192,-0.04054310698945721,0.07566466568792185,0.0644
1787569919.0247176,-0.684748718536028,-0.028131308490907322,-0.18534160494243945,-0.7602567871828303,-0.04472489386398024,0.1730658274306354,0.0773,0.358,-0.761870504834254,-0.045057281068548775,0.1802297210888298,0.0790
1787569919.136936,-0.6830186702403285,-0.02831234860011289,-0.39299442989082795,-0.760468315664728,-0.04557962401735377,0.22136943072440918,0.0794,0.614,-0.761870504834254,-0.045057281068548775,0.1802297210888298,0.0806
1787569919.1955967,-0.6821172415017913,-0.028989218486934986,-0.408292404432074,-0.7558977631524949,-0.04024604276796062,0.03587156603841264,0.0746,0.444,-0.7552147686239478,-0.03988720979783958,0.029448093650230378,0.0739
1787569919.339807,-0.680306660452423,-0.03142576828316784,-0.4910101726808902,-0.7555441064978232,-0.04024330338336526,0.05927711047014216,0.0758,0.550,-0.7552147686239478,-0.03988720979783958,0.029448093650230378,0.0754
1787569919.4069376,-0.6794770790155791,-0.032967237162084564,-0.385212347155281,-0.7562004883790053,-0.045888010293124275,0.013107722263735308,0.0778,0.398,-0.7563996314073811,-0.046217063279446094,0.017877936933433727,0.0781
1787569919.5298655,-0.6779182939478305,-0.03476455725859209,-0.3042665354317279,-0.7559419831205836,-0.046731617750126034,0.03492289404686759,0.0789,0.339,-0.7563996314073811,-0.046217063279446094,0.017877936933433727,0.0793
1787569919.596214,-0.677053013391796,-0.03529339281667034,-0.2643059758575274,-0.7503236491675346,-0.043475802197157326,-0.2679883413552367,0.0737,0.004,-0.7495358411784827,-0.04318050293965527,-0.2731918798706382,0.0729
1787569919.7251778,-0.6753719416852427,-0.03582256632981003,-0.45261714822208393,-0.7494291633807527,-0.0437682250389792,-0.27354288944618166,0.0745,0.179,-0.7495358411784827,-0.04318050293965527,-0.2731918798706382,0.0745
1787569919.843693,-0.674153945442127,-0.03683599356009046,-0.7076565381963505,-0.751801267852838,-0.046545229486297496,-0.03976869347373738,0.0783,0.668,-0.7523488474395238,-0.04683367844608589,-0.034202072185454714,0.0788
1787569919.9051795,-0.6736774900867691,-0.03778976350062149,-0.7471804861080183,-0.7511043153974457,-0.047391737939103964,-0.022312394675341612,0.0780,0.725,-0.7523488474395238,-0.04683367844608589,-0.034202072185454714,0.0792
1787569920.0246522,-0.6727963068305659,-0.04035050500736265,-0.7343574563442116,-0.7290089204582548,-0.032624421840914845,-0.9933229860869298,0.0567,0.259,-0.7246059277900537,-0.03133767061999138,-1.016679134511694,0.0526
1787569920.148644,-0.6717693140331976,-0.042077247153863795,-0.6157126930332222,-0.7241917400903706,-0.030871386505398515,-1.0840042911405348,0.0536,0.468,-0.7246059277900537,-0.03133767061999138,-1.016679134511694,0.0539
1787569920.218556,-0.67118927432396,-0.042597977438124546,-0.5317758157099493,-0.7439107229267302,-0.04496955624805477,-0.6532183198543258,0.0728,0.121,-0.7470555550302129,-0.04600723719658292,-0.6387024908688581,0.0759
1787569920.3446178,-0.6699388712232388,-0.04290774394140033,-0.5375705921658042,-0.7426367303651279,-0.04582901277788574,-0.6959843043116352,0.0728,0.158,-0.7470555550302129,-0.04600723719658292,-0.6387024908688581,0.0772
1787569920.4123747,-0.6694288207467749,-0.04303240027791996,-0.7257737910201871,-0.7444663515441545,-0.046058216273373094,-0.5231866313104062,0.0751,0.203,-0.7447652244251709,-0.0461304436693582,-0.5216670322599364,0.0754
1787569920.5369415,-0.6680744022785372,-0.04413770465198504,-0.9491963277700718,-0.7160859205047967,-0.033008510279380884,-1.362354497959434,0.0493,0.413,-0.7110723231615576,-0.0319550733978925,-1.3768472438493946,0.0447
1787569920.6009285,-0.6672492427321615,-0.04513725540400597,-0.9569320456239122,-0.7126053786860522,-0.032059972389337554,-1.4293287752119122,0.0472,0.472,-0.7110723231615576,-0.0319550733978925,-1.3768472438493946,0.0458
1787569920.7360737,-0.6663747587831175,-0.0465274916952374,-0.6958496692060813,-0.7163217281363379,-0.038794184866853244,-1.1071469453505123,0.0505,0.411,-0.7174483136890949,-0.03934435256255026,-1.099407807259265,0.0516
1787569920.7974966,-0.6659076635684782,-0.0469462265034071,-0.3903893354091098,-0.7125705643406456,-0.03859890543913016,-1.161283628863433,0.0474,0.771,-0.7174483136890949,-0.03934435256255026,-1.099407807259265,0.0521
1787569920.9307857,-0.6650259095453345,-0.04645681262020107,0.28550351672641233,-0.7438145773005246,-0.05162272816819109,-0.00016075337856914993,0.0790,0.286,-0.7499325331690209,-0.05332531957259411,0.03051291824940304,0.0852
1787569920.9925992,-0.6646658403170091,-0.04578612233421262,0.5053357681091122,-0.7448518475409978,-0.05387276754064756,0.0644696257723353,0.0806,0.441,-0.7407888664044695,-0.037431165474143206,0.16802577520840634,0.0766
1787569921.1224043,-0.6643873517243014,-0.044862359518142644,0.7069450178781674,-0.7414438263630249,-0.03834311147672226,0.18059586192891977,0.0773,0.526,-0.7407888664044695,-0.037431165474143206,0.16802577520840634,0.0768
1787569921.2254274,-0.6641949645577033,-0.044972236957862954,0.9500312914150213,-0.7420209911939591,-0.03766478101425048,0.26900632744252856,0.0782,0.681,-0.7407888664044695,-0.037431165474143206,0.16802577520840634,0.0770
1787569921.3432028,-0.6635222298462785,-0.04476281367293086,0.9847664829350792,-0.7370128724041163,-0.0351626541578005,0.6681483164672152,0.0741,0.317,-0.736393511394327,-0.035140480907287774,0.6700126349610119,0.0735
1787569921.4483314,-0.6627349711993843,-0.04369032943921321,1.4115971773757845,-0.7367309873412944,-0.03423993377373141,0.7721899907416964,0.0746,0.639,-0.736393511394327,-0.035140480907287774,0.6700126349610119,0.0742
1787569921.5142758,-0.662285335790196,-0.04283182176089026,1.6313573114600322,-0.7388692743024454,-0.04892120411999622,1.3865658545304864,0.0768,0.245,-0.7394807724593864,-0.049990248329736406,1.4053454292032241,0.0775
1787569921.6451585,-0.6609284019740792,-0.04007916952168487,1.4497485027375379,-0.7389699045347903,-0.050595274483486614,1.5681117611762905,0.0787,0.118,-0.7394807724593864,-0.049990248329736406,1.4053454292032241,0.0792
1787569921.7122862,-0.6603640507144231,-0.038665282421151206,1.1687401123618377,-0.7393825757839569,-0.04674766389858109,1.462634400680776,0.0794,0.294,-0.739382246409902,-0.04650462438705536,1.4584279174406212,0.0794
1787569921.7793036,-0.6596183118893176,-0.03785482588410228,1.144285019467062,-0.7335580758614625,-0.04687693780590743,1.3435514174977632,0.0745,0.199,-0.7321191904491894,-0.046636690963206086,1.3382175580696831,0.0730
1787569921.9195318,-0.6579673596610298,-0.03700448577700883,1.1504107808467898,-0.7328732950393068,-0.047581681359374725,1.4552814338858782,0.0756,0.305,-0.7321191904491894,-0.046636690963206086,1.3382175580696831,0.0748
1787569921.9846072,-0.6571713868105004,-0.036859571031316755,1.2976704305187137,-0.7280752530268118,-0.04433339419100285,1.2868110734636704,0.0713,0.011,-0.7273036074801288,-0.04403059626488114,1.281243180702663,0.0705
1787569922.117137,-0.6556147788935922,-0.03613135936468882,1.5641576046617744,-0.7265562452286705,-0.04456170528796387,1.3919965737331543,0.0714,0.172,-0.7273036074801288,-0.04403059626488114,1.281243180702663,0.0721
1787569922.185375,-0.6546840717270566,-0.03530754088545962,1.5043870881404953,-0.6985894860063676,-0.05233026045315734,2.0565355527358635,0.0471,0.552,-0.6944993789540164,-0.05251002788822818,2.062535447788588,0.0434
1787569922.3200521,-0.6525841851837918,-0.03354325603502074,1.3442155832426415,-0.6934514546339479,-0.05355127069523872,2.1998955779492855,0.0455,0.856,-0.6944993789540164,-0.05251002788822818,2.062535447788588,0.0460
1787569922.441772,-0.6503215121087333,-0.032903715687824936,0.9887949716369155,-0.6894583756737395,-0.05449104662205629,2.3094493473352915,0.0447,1.321,-0.6944993789540164,-0.05251002788822818,2.062535447788588,0.0483
1787569922.515124,-0.6491956854781926,-0.03309614813378863,0.781906343734097,-0.7269207940820925,-0.04363620515415722,1.340109950316907,0.0784,0.558,-0.7304971325545272,-0.043325865467367594,1.3339721026394835,0.0819
1787569922.6343238,-0.6469809713217531,-0.03421675150422231,0.6318972288855427,-0.7269550150582142,-0.043301578742390545,1.3991026249500145,0.0805,0.767,-0.7304971325545272,-0.043325865467367594,1.3339721026394835,0.0840
1787569922.6924584,-0.6464308954723224,-0.03461868416604786,0.6199987217895786,-0.7318102364681056,-0.04616584741023033,0.917728143445858,0.0862,0.298,-0.732443036452486,-0.046226027377773475,0.9170350021394871,0.0868
1787569922.826736,-0.6451826551002289,-0.03468565854661761,0.6495829467074137,-0.732468453012893,-0.0462473716929952,0.927907743153356,0.0880,0.278,-0.732443036452486,-0.046226027377773475,0.9170350021394871,0.0880
1787569922.896325,-0.6444998776449278,-0.03434498499609415,0.6133212286159029,-0.7361150010410793,-0.04536463549843944,0.7509559743008568,0.0923,0.138,-0.7366312634596228,-0.045295119238225504,0.7493721258147218,0.0928
1787569923.0269244,-0.6432233092307503,-0.0342396764485675,0.4364853028838588,-0.7374421944955947,-0.045312680719243804,0.7462977436193772,0.0949,0.310,-0.7366312634596228,-0.045295119238225504,0.7493721258147218,0.0941
1787569923.1363397,-0.6417243244084113,-0.03558771380535592,0.40469481097110105,-0.7271505617083102,-0.045995846157162644,0.76074606032258,0.0861,0.356,-0.7255803718329787,-0.04593375099278044,0.7596266498132384,0.0845
1787569923.249985,-0.6403722560284802,-0.03815367648736084,0.3268219177112901,-0.7269691468114057,-0.046043180975024266,0.7576888213708133,0.0870,0.431,-0.7255803718329787,-0.04593375099278044,0.7596266498132384,0.0856
1787569923.293362,-0.640364180351948,-0.03914965577550016,0.3598424684497998,-0.7268462487567805,-0.04607631560161997,0.7553976490113131,0.0868,0.396,-0.7255803718329787,-0.04593375099278044,0.7596266498132384,0.0855
1787569923.4057655,-0.6403048328624945,-0.04069633484748568,0.5296336687905193,-0.7200916882450566,-0.048370697693915755,0.6343776515895162,0.0802,0.105,-0.7193959249390498,-0.04837977467000729,0.6340554967543794,0.0795
1787569923.5154464,-0.6397307064651476,-0.04114588817620262,0.6733900314757305,-0.7187456617583631,-0.04883203128153585,0.6175710243919543,0.0794,0.056,-0.7193959249390498,-0.04837977467000729,0.6340554967543794,0.0800
1787569923.6308343,-0.6391174444760752,-0.04105023702827178,0.3882885566801637,-0.7176821895899386,-0.045791480539621954,0.90040595957044,0.0787,0.512,-0.7175694910255289,-0.04570417579808434,0.9001094227556853,0.0786
1787569923.6920102,-0.6388569077391272,-0.04118277268784451,0.1265920378735379,-0.7162713920369504,-0.04568788520143252,0.9142089356725397,0.0775,0.788,-0.7175694910255289,-0.04570417579808434,0.9001094227556853,0.0788
1787569923.8261552,-0.6375296818698333,-0.041679399456550165,-0.18594249875904856,-0.7164322326156648,-0.03749819834396537,0.305887577847019,0.0790,0.492,-0.7165158118772282,-0.036888330873026454,0.29431734375491875,0.0791
1787569923.892087,-0.6368818891876898,-0.04225619788435336,-0.3860083274793205,-0.7002219268973334,-0.03708562529442821,-0.38085641248267854,0.0636,0.005,-0.6972173695521691,-0.036800424114287064,-0.38860429706573,0.0606
1787569924.0120823,-0.6357365662189426,-0.04250928245362824,-0.21101492941857128,-0.6976567919409056,-0.03623140493222105,-0.4573454031357205,0.0622,0.246,-0.6972173695521691,-0.036800424114287064,-0.38860429706573,0.0617
1787569924.1409383,-0.6339188136400296,-0.0415585312931956,-0.1292350108543862,-0.7141409610163143,-0.04313044063355816,-0.32521753713192014,0.0802,0.196,-0.7173824599723916,-0.043809033557605175,-0.31701693128023434,0.0835
1787569924.2030544,-0.6329022634484903,-0.040661941193029995,-0.21982034234254927,-0.713312157757544,-0.043094632486797145,-0.41841017788961643,0.0804,0.199,-0.7173824599723916,-0.043809033557605175,-0.31701693128023434,0.0845
1787569924.3189476,-0.6303986689479681,-0.039038721362352764,-0.7285899641005935,-0.7098457350582328,-0.04149946552774969,-0.35205788496592605,0.0795,0.377,-0.7093243140564192,-0.04141571574786032,-0.3525178770111139,0.0790
1787569924.384601,-0.6287677911550181,-0.03863954463782939,-1.0395582316174619,-0.6925351512427973,-0.03578105214788881,-0.7551887418863474,0.0638,0.284,-0.6871575534310423,-0.0348190407437028,-0.7716819804409817,0.0585
1787569924.5204096,-0.6254086285709183,-0.03847930825413817,-1.5241473782806294,-0.6879170048638326,-0.034404263995433296,-0.8888932798349919,0.0626,0.635,-0.6798553580948435,-0.03981952546104379,-1.3198430015451923,0.0545
1787569924.6476178,-0.6227669023064398,-0.038499313695702864,-1.6065915172154852,-0.681164421568955,-0.039736365719253416,-1.317881641632697,0.0584,0.289,-0.6798553580948435,-0.03981952546104379,-1.3198430015451923,0.0571
1787569924.7164626,-0.6216651822845909,-0.038114274045215606,-1.5853529284209613,-0.6744226250876714,-0.039315279995598904,-1.5231644097727155,0.0528,0.062,-0.6816783829146755,-0.04571310029121324,-1.4534135667350692,0.0605
1787569924.8490126,-0.6193224256574332,-0.03658497888965165,-1.6285691282791013,-0.6804833439075948,-0.045293139371899015,-1.4613973331016168,0.0618,0.167,-0.6816783829146755,-0.04571310029121324,-1.4534135667350692,0.0630
1787569924.9149075,-0.6182198979515425,-0.035604907061157424,-1.8197406036790829,-0.6914711680717991,-0.05155137631167267,-1.032277241786284,0.0750,0.787,-0.6950282291091859,-0.052423515395374515,-1.0082953041934564,0.0786
1787569924.9821575,-0.6176224263220678,-0.0349813899837164,-1.839748277654363,-0.6900880563590751,-0.05263064985379472,-1.0997364183007068,0.0746,0.740,-0.6950282291091859,-0.052423515395374515,-1.0082953041934564,0.0793
1787569925.1222389,-0.6162704656632519,-0.034594929213352124,-1.9273902781415302,-0.6887665060519695,-0.05367849179050109,-1.1639801788448454,0.0750,0.763,-0.650104984745241,-0.051046649514907845,-0.8547837017253787,0.0376
1787569925.1912649,-0.6155856865119027,-0.03477701797269002,-1.8932175770625521,-0.6143301749420232,-0.022183466691981346,-2.8004229556483584,0.0127,0.907,-0.5995627054177249,-0.017001404568437427,-2.9166401202181094,0.0239
1787569925.3117766,-0.6144090729539646,-0.035015615753682,-1.4625458365048427,-0.6035827128874343,-0.019359061350760466,-3.0096245664286783,0.0190,1.547,-0.5995627054177249,-0.017001404568437427,-2.9166401202181094,0.0233
1787569925.4400427,-0.6139911966690033,-0.03439447231723606,-0.7579120931968348,-0.5982369295133396,-0.021772458888773504,-2.6477562599005475,0.0202,1.890,-0.5982694399027357,-0.022096527472432095,-2.6408032646914843,0.0200
1787569925.5005739,-0.6139685416195303,-0.03401805755769335,-0.2866766642247985,-0.5844983707486208,-0.018740503189050708,-2.8610847955375998,0.0332,2.574,-0.5982694399027357,-0.022096527472432095,-2.6408032646914843,0.0197
1787569925.6223135,-0.6142263859885447,-0.03383868481509769,0.15229296052166044,-0.6438619540810988,-0.032980553143877274,-0.8363248556632699,0.0296,0.989,-0.6532287906491819,-0.034757500302913566,-0.797131930879774,0.0390
1787569925.688276,-0.614375072075984,-0.03409752408677936,0.31208271322421643,-0.6983781901387521,-0.03914011984129441,0.26852161165146593,0.0842,0.044,-0.710255783655912,-0.04066714738777173,0.29783878180708534,0.0961
1787569925.8209774,-0.6145505077398387,-0.03576817583124285,0.4403055132760686,-0.7020611284630633,-0.03945928528498613,0.33823890528322187,0.0876,0.102,-0.710255783655912,-0.04066714738777173,0.29783878180708534,0.0958
1787569925.9421327,-0.6140638613317831,-0.0377454429709543,0.9290947008165659,-0.7057497152909123,-0.039783514857949814,0.4063057175906864,0.0917,0.523,-0.710255783655912,-0.04066714738777173,0.29783878180708534,0.0962
1787569926.0075796,-0.6134525891238578,-0.038321774152333836,1.2209697562533202,-0.6899449077200416,-0.047264966987592125,0.9268640263229677,0.0770,0.294,-0.6880532964977333,-0.04755530302291398,0.9320583576511423,0.0752
1787569926.1288443,-0.6120971408878756,-0.03866588383321531,1.7472284813990115,-0.6937777369193284,-0.049446410391683945,1.1171672485454893,0.0824,0.630,-0.6880532964977333,-0.04755530302291398,0.9320583576511423,0.0765
1787569926.2379658,-0.6102098572404918,-0.038745863843215274,1.8595297587231014,-0.695914819237971,-0.050655497963841084,1.2191445475290277,0.0865,0.640,-0.6880532964977333,-0.04755530302291398,0.9320583576511423,0.0783
1787569926.348453,-0.6075389883213914,-0.03968006196703568,1.7450032932419492,-0.6786590778251921,-0.03501309898649409,1.422656769805941,0.0713,0.322,-0.6769642232867759,-0.03466038482202905,1.4224062298311353,0.0696
1787569926.4126878,-0.6061173584794431,-0.04045991988708802,1.703303228218907,-0.6791341655352745,-0.03448282620615854,1.5615195038372456,0.0733,0.142,-0.6769642232867759,-0.03466038482202905,1.4224062298311353,0.0711
1787569926.5493436,-0.6034225196980982,-0.04270408384551184,1.7291212321841727,-0.6782165323204271,-0.03737341537844409,1.4361364171805342,0.0750,0.293,-0.67802825555289,-0.037506626124184865,1.43786565224108,0.0748
1787569926.612917,-0.6023112803384836,-0.04333280270396512,1.7537770976584208,-0.6787345079565715,-0.03722366333412929,1.6005137124049575,0.0767,0.153,-0.67802825555289,-0.037506626124184865,1.43786565224108,0.0759
1787569926.684446,-0.6011531509206891,-0.04373564764580658,1.7823597279552363,-0.6711701739831741,-0.046735824894839816,1.6772822155332017,0.0701,0.105,-0.6697997552754078,-0.047217963747565185,1.687496446505332,0.0687
1787569926.8215637,-0.5988097538341458,-0.04356171152021637,1.7423015222122704,-0.6703040199611242,-0.04853903876073721,1.8724122136406887,0.0717,0.130,-0.6697997552754078,-0.047217963747565185,1.687496446505332,0.0711
1787569926.9382966,-0.5969915786647314,-0.04341569892087585,1.4276488030362542,-0.7064623814867139,-0.042143851240912945,1.2737968896537326,0.1095,0.154,-0.7113863090338416,-0.041895629864570315,1.263022875416517,0.1144
1787569926.993979,-0.5961774661632532,-0.043665975544667,1.3170744067302038,-0.7128154636523664,-0.042629427224563136,1.3924070619264848,0.1166,0.075,-0.7113863090338416,-0.041895629864570315,1.263022875416517,0.1152
1787569927.1327164,-0.5944855537792926,-0.044915000447573725,1.0709967026020608,-0.6580418914641243,-0.049410665817494134,1.7413376062968369,0.0637,0.670,-0.6502678477350723,-0.04939678386079616,1.7543528332570961,0.0560
1787569927.201963,-0.5941823245350012,-0.04512276499780887,0.9888141596260844,-0.6539718995631648,-0.05112275684627862,1.8883776937080128,0.0601,0.900,-0.6502678477350723,-0.04939678386079616,1.7543528332570961,0.0562
1787569927.332591,-0.5935112529194908,-0.0447609335845892,1.0640357632473414,-0.6967432054703635,-0.039980420593938276,0.623753709253661,0.1033,0.440,-0.7036312296155487,-0.0392539384576809,0.596905147392912,0.1103
1787569927.3968835,-0.5932052328449477,-0.043867267168587465,1.1238165466667072,-0.6719788460257793,-0.045899907119732436,1.0782232603537742,0.0788,0.046,-0.6661502210300165,-0.04617025511551845,1.0952770378373942,0.0730
1787569927.5188498,-0.5927510201726072,-0.04175309405273899,0.9358944753216064,-0.6710611406520011,-0.046424801087060576,1.1152104148430015,0.0784,0.179,-0.6661502210300165,-0.04617025511551845,1.0952770378373942,0.0735
1787569927.646054,-0.5917937025737159,-0.04056752978250186,0.8766470209341288,-0.6861127905257309,-0.03672478430751468,0.5262247992273351,0.0944,0.350,-0.6884270803095661,-0.03611019248605425,0.5115872997727803,0.0967
1787569927.7110488,-0.5912289325275369,-0.040307789780996264,0.854300986154769,-0.6873906494961595,-0.03579682960497132,0.5125325621020805,0.0963,0.342,-0.6884270803095661,-0.03611019248605425,0.5115872997727803,0.0973
1787569927.825397,-0.5901700000787573,-0.04026658432065907,1.0865702557750858,-0.6776731873306762,-0.03643794299352573,0.5739959851970007,0.0876,0.513,-0.67607053805297,-0.03649360733698483,0.5795017050084557,0.0860
1787569927.9408674,-0.5881693128857024,-0.03957321149265858,1.1291792085638266,-0.6775368302803724,-0.03587572744235126,0.5686567415625258,0.0894,0.561,-0.67607053805297,-0.03649360733698483,0.5795017050084557,0.0880
1787569927.9974313,-0.5871012874095795,-0.038872778470002305,1.1557124737380475,-0.6774093353449976,-0.03529250895158774,0.5632133776751672,0.0904,0.592,-0.67607053805297,-0.03649360733698483,0.5795017050084557,0.0890
1787569928.1248605,-0.584935483209777,-0.03688047837381074,1.0269686980046229,-0.6619472864966721,-0.04651846379869157,1.3036390646967395,0.0776,0.277,-0.6599316953023127,-0.04699773574527352,1.3165334967533846,0.0757
1787569928.2393155,-0.5830150604016187,-0.03538242149141252,0.7624818615882846,-0.6591210545680282,-0.04754607165902705,1.3740862929227913,0.0771,0.612,-0.6600060815590582,-0.0436071540009204,0.9626456273098555,0.0774
1787569928.29948,-0.5820132879975957,-0.035120739680624874,0.744593009523138,-0.6598399760852744,-0.04392568564325711,0.9696994814496419,0.0783,0.225,-0.6600060815590582,-0.0436071540009204,0.9626456273098555,0.0785
1787569928.374977,-0.5810089657329398,-0.03524302520214842,0.719622202374164,-0.6651703259238055,-0.04762854020624686,1.2320248941284355,0.0851,0.512,-0.6669826605575438,-0.0480506933105327,1.2383934482667818,0.0869
1787569928.5136852,-0.5791374287641677,-0.03588772023633915,1.0134252774093402,-0.6638151670139864,-0.04861917145543474,1.2827658102459882,0.0856,0.269,-0.6669826605575438,-0.0480506933105327,1.2383934482667818,0.0887
1787569928.6392841,-0.5779375158141951,-0.03588435213697306,1.3306211358366236,-0.6870438694853302,-0.04679137122468791,1.2405517350183142,0.1097,0.090,-0.6900945774172084,-0.046901987948288405,1.24306113893012,0.1127
1787569928.7082343,-0.577259669932706,-0.03547684389550454,1.4575164926096253,-0.68940334629407,-0.047387803625892316,1.2813801600030783,0.1128,0.176,-0.6900945774172084,-0.046901987948288405,1.24306113893012,0.1134
1787569928.8238785,-0.5768700014918489,-0.035361144227492695,1.8727891088826714,-0.68940334629407,-0.047387803625892316,1.2813801600030783,0.1132,0.591,-0.6900945774172084,-0.046901987948288405,1.24306113893012,0.1138
1787569928.9475288,-0.5765004883189045,-0.03605011594246217,2.079501176053746,-0.65964808944722,-0.05131363688717428,2.1622502883319727,0.0845,0.083,-0.6558764024082719,-0.051314683383254386,2.1672453921941033,0.0808
1787569929.015915,-0.5760263945343954,-0.03679958379415345,2.241233071818412,-0.641169511440347,-0.0452430670649816,2.1768958298038705,0.0657,0.064,-0.6379526888859741,-0.04466878787639859,2.1735662293234594,0.0624
1787569929.0861168,-0.5755540057769523,-0.03774142600560786,2.485222701834383,-0.6374523939558954,-0.045230906753479225,2.2622683744410517,0.0623,0.223,-0.6379526888859741,-0.04466878787639859,2.1735662293234594,0.0628
1787569929.213681,-0.5740880433934996,-0.039193830447202975,2.904924643319847,-0.6374523939558954,-0.045230906753479225,2.2622683744410517,0.0637,0.643,-0.6379526888859741,-0.04466878787639859,2.1735662293234594,0.0641
1787569929.2783864,-0.572954512646783,-0.039394940816268244,2.9354141539942886,-0.630269300958459,-0.045874088329748146,3.169277948319168,0.0577,0.234,-0.6301236639377304,-0.04600591034683773,3.1732384370218694,0.0576
1787569929.4419017,-0.5706524707691178,-0.03909679945230778,2.820659385884365,-0.6255371313280055,-0.045867376057877725,3.3350306205160285,0.0553,0.514,-0.6301236639377304,-0.04600591034683773,3.1732384370218694,0.0599
1787569929.5072505,-0.5696140421911964,-0.03896853265775649,2.5458505054387635,-0.6265388137065554,-0.04302050095765836,2.814259516143619,0.0571,0.268,-0.6271328681792235,-0.04278363566825187,2.807503609552715,0.0576
1787569929.6313024,-0.5674526729721708,-0.039541786503759294,2.5436605370563203,-0.6223356915554901,-0.042640695146744956,2.922474539240613,0.0550,0.379,-0.6271328681792235,-0.04278363566825187,2.807503609552715,0.0598
1787569929.7063165,-0.5662959321698424,-0.040177827248997544,2.5935561945158767,-0.6477798897439834,-0.03397300008592164,2.1128014431979065,0.0817,0.481,-0.6524325309445737,-0.033452596249648726,2.0895785080550935,0.0864
1787569929.8314843,-0.5642397564922097,-0.04145946132803885,2.7698912973009024,-0.6473602223431034,-0.03258241696722983,2.142692887153774,0.0836,0.627,-0.6524325309445737,-0.033452596249648726,2.0895785080550935,0.0886
1787569929.9423256,-0.5622137626624623,-0.04182555707588066,2.8374685105083013,-0.6337700746619006,-0.0455713262683082,2.766330950493778,0.0717,0.071,-0.6317576926917928,-0.046248235743910536,2.7822799938551386,0.0697
1787569929.9948483,-0.5611555038487095,-0.04171476884719449,2.8346504179268672,-0.6317791106223134,-0.04585539545986896,2.840839106769552,0.0707,0.006,-0.6317576926917928,-0.046248235743910536,2.7822799938551386,0.0707
1787569930.1100574,-0.5592099032749407,-0.04121770934803133,2.525717156885407,-0.6260684303768973,-0.04239246285417617,2.7073378372866572,0.0669,0.182,-0.6253063662904853,-0.04214259485770516,2.704210327056349,0.0661
1787569930.232946,-0.5572546747975881,-0.041499477078752706,2.5038741644675,-0.6232009422280695,-0.042216685494169424,2.775605630163407,0.0660,0.272,-0.6253063662904853,-0.04214259485770516,2.704210327056349,0.0681
1787569930.293147,-0.5561838182168528,-0.042091404871260306,2.4235383514997406,-0.5811052155454798,-0.03790446350662445,2.3830402013345973,0.0253,0.040,-0.5641704263269212,-0.030480785309108978,2.327226574087859,0.0141
1787569930.4247444,-0.5540985657772013,-0.043734576537548565,2.5284286850416744,-0.57240957856778,-0.037173143642744856,2.4163178162206274,0.0195,0.112,-0.5641704263269212,-0.030480785309108978,2.327226574087859,0.0166
1787569930.4854295,-0.5535163810544281,-0.04418189943796434,2.547592960336595,-0.5560794342010477,-0.04646394626632003,2.5554170012079633,0.0034,0.008,-0.5519838335304861,-0.06145127448803947,2.737676307400227,0.0173
1787569930.6182294,-0.5522065848828047,-0.044238081852302456,2.625826117692346,-0.5453902659647787,-0.046959798971455975,2.599100699670143,0.0073,0.027,-0.5519838335304861,-0.06145127448803947,2.737676307400227,0.0172
1787569930.731464,-0.5509328429032424,-0.04348459552936504,2.4845281109103587,-0.5371715867386333,-0.04733628225915242,2.632109383650421,0.0143,0.148,-0.5519838335304861,-0.06145127448803947,2.737676307400227,0.0180
1787569930.8000038,-0.5503943428295744,-0.04319354369100896,2.246081853083054,-0.40637884391398593,-0.14397679253030965,4.564392836056006,0.1758,2.318,-0.2834368775127803,-0.2511295361420661,6.260644571102824,0.3384
1787569930.9342413,-0.5487577572517703,-0.04368044231143498,2.267077303017491,-0.3838899188273552,-0.15263360093830908,4.7197831575095845,0.1976,2.453,-0.2834368775127803,-0.2511295361420661,6.260644571102824,0.3368
1787569931.0114386,-0.5478572342162834,-0.04427893653801859,2.342049761098591,-0.3196653133870725,-0.19541232591241972,5.23925288668684,0.2737,2.897,-0.28714260639171607,-0.2406735916547238,5.880088961604835,0.3264
1787569931.117172,-0.5462577916717236,-0.04556781026296443,2.6001282057837396,-0.27645412527474134,-0.21353038233601995,5.508063261817474,0.3178,2.908,-0.28714260639171607,-0.2406735916547238,5.880088961604835,0.3244
1787569931.2097602,-0.5445807684412761,-0.046129845604349205,2.6693671262719167,-0.29044437935947626,-0.2237678327679407,5.981293430030415,0.3101,3.312,-0.30044254876591503,-0.22735707359549034,5.987005693682419,0.3041
1787569931.3199277,-0.5427916280231417,-0.04583053544354759,2.6105397521748834,-0.24854352077549421,-0.24334333322246163,6.299194348347512,0.3544,3.689,-0.30044254876591503,-0.22735707359549034,5.987005693682419,0.3028
1787569931.4122508,-0.5411702133536493,-0.04528838853444739,2.4073412864014005,-0.27106276474303614,-0.23893012229792074,6.242654239141025,0.3323,3.835,-0.28652349329347937,-0.22560625774960877,6.032925038975848,0.3120
1787569931.5183306,-0.539483729221857,-0.04557363245458251,2.2872931081701844,-0.24122159682699673,-0.2537460192919841,6.486530635410016,0.3637,4.199,-0.28652349329347937,-0.22560625774960877,6.032925038975848,0.3105
1787569931.6274753,-0.5375961440164971,-0.04667277075085254,2.2294681763491715,-0.2862885419923089,-0.18633528047448902,5.2627396520888405,0.2875,3.033,-0.31620303884473516,-0.13149757618037242,4.533941638740226,0.2371
1787569931.7386377,-0.5363631779075206,-0.047392837538327584,2.334251851880561,-0.2663414332670637,-0.19222566473517252,5.385926925331387,0.3064,3.052,-0.31620303884473516,-0.13149757618037242,4.533941638740226,0.2357
1787569931.836359,-0.5356387616621688,-0.046798338329581635,2.521575600133846,-0.2485832469604882,-0.19742504267530508,5.494030559798586,0.3242,2.972,-0.31620303884473516,-0.13149757618037242,4.533941638740226,0.2352
1787569931.9366279,-0.5350501918055912,-0.04475816291701287,2.7443951781568448,-0.27477215429139834,-0.44729452708324147,9.045429797362834,0.4794,6.301,-0.2372966221863859,-0.6393098890138545,11.28318739140409,0.6649
1787569932.035769,-0.5346928983992817,-0.04210567048077537,2.6776707462306004,-0.24775137851511767,-0.49395974713872226,9.581675772858041,0.5353,6.904,-0.2372966221863859,-0.6393098890138545,11.28318739140409,0.6672
1787569932.093717,-0.5342522396262119,-0.041370251693597204,2.6514706480502706,-0.465795472202131,-0.243024262252085,1.0261464730662782,0.2130,1.625,-0.5375523172932141,-0.07454308456194769,3.15065393730035,0.0333
1787569932.2241266,-0.5331818360240507,-0.04056247037762539,2.5622274458883885,-0.4762401893386429,-0.251184974195732,0.6686107199767274,0.2182,1.894,-0.8952188471303566,0.5572896115606281,-6.546628792498942,0.6989
1787569932.3261123,-0.5319893662098718,-0.04059931983419537,2.666070775138278,-0.8261892018916216,0.17039516670723998,-2.407002032659341,0.3620,5.073,-0.8952188471303566,0.5572896115606281,-6.546628792498942,0.6996
1787569932.421656,-0.53057240318499,-0.03995059473242678,3.1120741905216636,-0.9000195007223194,0.2460324512516131,-3.2512382622665403,0.4672,6.363,-0.8952188471303566,0.5572896115606281,-6.546628792498942,0.6998
1787569932.5050786,-0.5287102827546983,-0.038054674520591095,3.4200831252403643,-0.9377638662578608,0.28579105117911785,-3.6766734825741616,0.5217,7.097,-0.8952188471303566,0.5572896115606281,-6.546628792498942,0.6991
1787569932.6219382,-0.5268228157725151,-0.03522569800373673,3.2990336689757958,-0.7390907497516308,0.5866861920508505,-5.271965022118735,0.6571,8.571,-0.6268208299659462,0.8095867455644423,-7.9975273586698625,0.8507
1787569932.6874306,-0.5264378669012543,-0.03435834985322738,3.302662418860576,-0.7609883269344385,0.6834527525553344,-6.006994324476401,0.7552,9.310,-0.6268208299659462,0.8095867455644423,-7.9975273586698625,0.8499
1787569932.814244,-0.5255495646981889,-0.03316287780700802,2.9715974867578483,-0.6162299549622094,0.25173239742696985,8.496433359762639,0.2990,5.525,-0.5157993545819719,-0.10079913521394461,4.244955033170555,0.0683
1787569932.9431744,-0.524449536098566,-0.0336606153408456,2.7069881008848733,-0.6253865994522653,0.2978381246951625,9.247678494033206,0.3465,6.541,-0.5157993545819719,-0.10079913521394461,4.244955033170555,0.0677
1787569933.003253,-0.5238638404912379,-0.03425879538231818,2.760589994090892,-0.6195673405198185,0.12701666073610313,13.246062838521302,0.1875,10.485,-0.8544447475355121,-0.33006016752822187,7.49902864133121,0.4436
1787569933.127142,-0.5226605652483969,-0.03477528986467032,2.9541909206270933,-0.5439078263141823,0.016866613219539472,5.996549774638571,0.0558,3.042,-0.5396538390498077,-0.1306818803715752,4.225741311504921,0.0974
1787569933.1880164,-0.5219037998777667,-0.03452802714141979,2.944547400430412,-0.7036086070832548,-0.25846634103630894,6.798114940816555,0.2884,3.854,-0.6999953859621758,-0.5020733029510842,9.42860562268829,0.5003
1787569933.3153784,-0.5205847345496163,-0.03386843255416612,2.8258680267976635,-0.7155759003967997,-0.28790839480126285,7.058406172757554,0.3202,4.233,-0.6999953859621758,-0.5020733029510842,9.42860562268829,0.5014
1787569933.4290512,-0.5195150039332975,-0.03401530327341615,2.4440896934029537,-0.6007493201229779,-0.22021897835042992,5.233464060327069,0.2032,2.789,-0.545458474840053,-0.09091073693367978,3.710105174106863,0.0625
1787569933.5337946,-0.5181104286841421,-0.035339708918391596,2.209909226577169,-0.5982654803081346,-0.24619320537479478,5.362887877936563,0.2256,3.153,-0.545458474840053,-0.09091073693367978,3.710105174106863,0.0619
1787569933.644727,-0.5165770848022111,-0.03742745773714374,2.4847168226626293,-0.5381559734969088,-0.17565823593619778,3.9348495134748784,0.1399,1.450,-0.5297865956068302,-0.08817598153096172,2.908885795211219,0.0524
1787569933.707169,-0.5158354817320249,-0.0381875426730449,2.515045591061843,-0.5283208111851047,-0.18961501772578074,3.9294505928464343,0.1519,1.414,-0.5297865956068302,-0.08817598153096172,2.908885795211219,0.0519
1787569933.824606,-0.5142471267420138,-0.038981194317571966,2.6499417141509007,-0.5251431025006037,-0.13939884904186514,3.8343718340656796,0.1010,1.184,-0.5252783443042861,-0.07910418923807576,3.1160219055164955,0.0416
1787569933.944311,-0.5125822001681235,-0.03892050461951518,2.6284751324871105,-0.51688547330369,-0.13140795068193656,3.7991007929634217,0.0926,1.171,-0.5187263057890312,-0.11065217804937534,3.550377051040183,0.0720
1787569934.0084612,-0.5118654640231897,-0.03884190176198177,2.436399095573579,-0.5037653967329201,-0.1393761215411161,3.788523061889452,0.1009,1.352,-0.5187263057890312,-0.11065217804937534,3.550377051040183,0.0721
1787569934.136936,-0.5101848421609726,-0.03959901241917047,2.1960022349502286,-0.5050591846226423,-0.1157373142069723,3.6509744682986485,0.0763,1.455,-0.5092498295166893,-0.08643925676746698,3.2936900426377544,0.0468
1787569934.2209287,-0.509189106456309,-0.04052604065207307,2.2226343402179776,-0.4901311705247535,-0.12097241547598286,3.6264944412949207,0.0827,1.404,-0.5092498295166893,-0.08643925676746698,3.2936900426377544,0.0459
1787569934.3094943,-0.5082174979299053,-0.04165498768784961,2.355063831985146,-0.5147711668769598,-0.10107061364923778,2.9881208115436038,0.0598,0.633,-0.5227468827486191,-0.08017266102392982,2.7289540064757767,0.0412
1787569934.4500685,-0.5071979599024954,-0.042485490501710264,2.642782705373612,-0.5066028835699324,-0.10276275887582875,2.9113657952302954,0.0603,0.269,-0.5227468827486191,-0.08017266102392982,2.7289540064757767,0.0408
1787569934.5276854,-0.5067100764553385,-0.042248887300316236,2.8380415124617557,-0.5226936614687983,-0.09242506353570872,3.2249156413512154,0.0527,0.387,-0.5288429202613074,-0.08350967539708046,3.1136134793531562,0.0468
1787569934.6023636,-0.5062437972864992,-0.041764123079197565,2.934633013288196,-0.5174596956736361,-0.0926258497998189,3.184935165476503,0.0521,0.250,-0.5288429202613074,-0.08350967539708046,3.1136134793531562,0.0475
1787569934.7407422,-0.5052615957558482,-0.041131360943912114,2.8562419071990304,-0.5148403872728234,-0.08384655428052591,3.4295048927759617,0.0438,0.573,-0.5153928160438367,-0.0769113313644351,3.346874326003205,0.0372
1787569934.8121397,-0.5045755284768323,-0.04120816490802365,2.8462947724550807,-0.5097060878182477,-0.08288809827080347,3.415972204230355,0.0420,0.570,-0.5153928160438367,-0.0769113313644351,3.346874326003205,0.0373
1787569934.9384887,-0.5031217730657268,-0.04204580969682761,3.033516638544855,-0.5058144061835188,-0.08214926354095343,3.4058035475120683,0.0402,0.372,-0.5153928160438367,-0.0769113313644351,3.346874326003205,0.0370
1787569935.0114286,-0.5024670678399777,-0.04247312474807032,3.057676779246722,-0.3418037664595393,-0.17984845110659195,5.54562396880518,0.2114,2.488,-0.2987784447381649,-0.2487008737703993,6.477309215321812,0.2899
1787569935.1433973,-0.5010465582300642,-0.042440835307488094,3.209360452764373,-0.30758705199703684,-0.1914174063120053,5.7406164923491705,0.2442,2.531,-0.2987784447381649,-0.2487008737703993,6.477309215321812,0.2889
1787569935.2088928,-0.5003002073360087,-0.04208071949885468,3.2313745581537034,-0.30758705199703684,-0.1914174063120053,5.7406164923491705,0.2438,2.509,-0.2759069012643831,-0.27573081736505106,7.141611321260517,0.3240
1787569935.3285046,-0.4990297506260442,-0.04125384533484585,2.893810667616614,-0.2797528326116658,-0.2441314693060303,6.755473023045408,0.2987,3.862,-0.2759069012643831,-0.27573081736505106,7.141611321260517,0.3237
1787569935.450141,-0.4974458144136441,-0.0416020643903367,2.658875283152761,-0.23514794117616958,-0.2657999742158796,7.094972281497799,0.3451,4.436,-0.2759069012643831,-0.27573081736505106,7.141611321260517,0.3223
1787569935.5072274,-0.4964898671500883,-0.042379368154970905,2.6840335442056467,-0.26782701348697346,-0.2585693045480467,6.6961216095720015,0.3147,4.012,-0.2797857204588761,-0.24723168114605928,6.528880499834978,0.2982
1787569935.609025,-0.4955298133631248,-0.043406631835686264,2.647843744865308,-0.23886973228892355,-0.2743938981158821,6.914055776261729,0.3453,4.266,-0.2797857204588761,-0.24723168114605928,6.528880499834978,0.2968
1787569935.7296374,-0.49475375518941417,-0.04371013231258015,2.8576380512167714,-0.23886973228892355,-0.2743938981158821,6.914055776261729,0.3445,4.056,-0.2797857204588761,-0.24723168114605928,6.528880499834978,0.2960
1787569935.8217924,-0.49389608150511294,-0.042969891298248734,3.1263499612166568,-0.20044485695349276,-0.2952726320170084,7.195796472688567,0.3870,4.069,-0.2797857204588761,-0.24723168114605928,6.528880499834978,0.2959
1787569935.9384942,-0.493325933063252,-0.04160636271897904,2.987606248993478,-0.20044485695349276,-0.2952726320170084,7.195796472688567,0.3875,4.208,-0.2797857204588761,-0.24723168114605928,6.528880499834978,0.2964
1787569935.997947,-0.49283125117535775,-0.04134119038316673,2.970663939788562,-0.46153058658966384,-0.15858060723943906,4.639522878028413,0.1213,1.669,-0.4960443877543959,-0.08336154891048318,3.6999611964446006,0.0421
1787569936.1056967,-0.4916256395061516,-0.04153979382276353,2.9125530861047313,-0.47187374214698247,-0.155539657939613,4.625586827966619,0.1157,1.713,-0.4960443877543959,-0.08336154891048318,3.6999611964446006,0.0421
1787569936.2030659,-0.49032284469265475,-0.0424057919586727,3.0260442225214073,-0.4782026847980796,-0.15367414427499868,4.617421095688563,0.1119,1.591,-0.4960443877543959,-0.08336154891048318,3.6999611964446006,0.0414
1787569936.3274953,-0.4884492681784908,-0.042108132373674084,3.269207553034409,-0.4782026847980796,-0.15367414427499868,4.617421095688563,0.1120,1.348,-0.28587513681351,-0.26474244673705155,6.791183199009771,0.3010
1787569936.4395473,-0.48648816019954894,-0.04088527306534118,3.580563959678668,-0.31577698441991564,-0.2249315994250337,6.236743245020712,0.2510,2.656,-0.28587513681351,-0.26474244673705155,6.791183199009771,0.3006
1787569936.5309474,-0.4846050116502729,-0.038868485880188174,3.7147503278258953,-0.29684215964399957,-0.23242834131074722,6.406141949211015,0.2697,2.691,-0.28587513681351,-0.26474244673705155,6.791183199009771,0.3009
1787569936.5888956,-0.4837548546161326,-0.03785978035856865,3.6490087415691903,-0.43315855728690034,-0.14088292370616143,5.073183417030188,0.1148,1.424,-0.4658176400929703,-0.07314596612588069,4.225650431229433,0.0396
1787569936.728383,-0.48205761517550916,-0.03711131560161825,3.590448543510312,-0.43865894188739385,-0.13569559637309964,5.0833568535243945,0.1077,1.493,-0.4658176400929703,-0.07314596612588069,4.225650431229433,0.0395
1787569936.8404388,-0.48010708889633585,-0.0373232186657131,3.61623495249708,-0.43865894188739385,-0.13569559637309964,5.0833568535243945,0.1067,1.467,-0.47512051035098823,-0.04875662604670664,3.8098510624416586,0.0125
1787569936.8990772,-0.4791972333644227,-0.03757963935646502,3.7722117286814587,-0.46771875297922516,-0.08701649756941655,4.278862325795632,0.0508,0.507,-0.47512051035098823,-0.04875662604670664,3.8098510624416586,0.0119
1787569937.0050845,-0.4774483378557276,-0.037573366288665005,4.036106477436361,-0.4706968211163936,-0.08726747608670939,4.478329281677693,0.0502,0.442,-0.46546910377559875,-0.10334591028159822,4.68268408772264,0.0669
1787569937.1232178,-0.47560883950903843,-0.036486171380359755,4.102133683402847,-0.4813460673225913,-0.07535646880462461,4.4393678482899315,0.0393,0.337,-0.4677867693711156,-0.11584656502156437,5.10121410656941,0.0797
1787569937.2223012,-0.47436269238086753,-0.03543541880591343,4.1043967044350245,-0.4620237369391365,-0.08333261965491223,4.810143710361328,0.0495,0.706,-0.4531489620175512,-0.07505285425496218,4.718294513083815,0.0449
1787569937.3480358,-0.4732099827711795,-0.035823122686043395,4.051009251737927,-0.46691719332027215,-0.07615637211797474,4.808711934549785,0.0408,0.758,-0.4531489620175512,-0.07505285425496218,4.718294513083815,0.0441
1787569937.403653,-0.4728054559067479,-0.03635078775099386,3.9944753459653675,-0.4645792868341079,-0.06369276651513905,4.491000541900169,0.0286,0.497,-0.46346004795938667,-0.053829211733739765,4.373565691141784,0.0198
1787569937.5170906,-0.47205701361055574,-0.03809049085932631,3.9893630266819677,-0.46996787782621446,-0.053783681531659265,4.462356468398614,0.0158,0.473,-0.46346004795938667,-0.053829211733739765,4.373565691141784,0.0179
1787569937.6175983,-0.47135848289190774,-0.03773406142560194,4.068211973123111,-0.46371109727791027,-0.059984468912680215,4.307007048869741,0.0235,0.239,-0.4595734330317505,-0.07158581117578179,4.454172352883011,0.0358
1787569937.7307603,-0.47056067272923136,-0.03654827494514394,4.20663580340382,-0.4681747804675956,-0.0511150616615092,4.264842207503688,0.0148,0.058,-0.4595734330317505,-0.07158581117578179,4.454172352883011,0.0367
1787569937.826632,-0.46930363319039636,-0.0343025771676673,4.047170000700909,-0.45634337400050595,-0.07242663953629822,4.599755937536981,0.0403,0.553,-0.45117534590652764,-0.0970134646367638,4.902202958633806,0.0653
1787569937.9355912,-0.46720533474979464,-0.033541770144262684,3.943877329713572,-0.46038525602135005,-0.0640184565625333,4.579507355067207,0.0312,0.636,-0.4599170335287891,-0.07480516336734944,4.66836658520014,0.0419
1787569938.027434,-0.4649787708613948,-0.03360395729218727,3.750080087595063,-0.4601448992218592,-0.06939995560252668,4.602994418178083,0.0361,0.853,-0.4599170335287891,-0.07480516336734944,4.66836658520014,0.0415
1787569938.135189,-0.4627816646302516,-0.03456022426927363,3.55878432676543,-0.447278066333094,-0.05873327411491877,4.103018244162938,0.0287,0.544,-0.4411592977965037,-0.05713854945740091,4.094045212648433,0.0313
1787569938.245455,-0.46140462567504364,-0.03539257591351284,3.6352901727254756,-0.44817091916373686,-0.053168327945976375,4.054845715108154,0.0222,0.420,-0.4411592977965037,-0.05713854945740091,4.094045212648433,0.0297
1787569938.308285,-0.4610106286820156,-0.035392335403742696,3.6755113361474696,-0.44900174352119054,-0.04827184602461274,4.013212515391694,0.0176,0.338,-0.451521201858069,-0.09916212583995089,4.537259545802526,0.0645
1787569938.4124703,-0.46012624570436245,-0.0346350103022805,3.711995667156464,-0.4515176819940318,-0.07494666639022851,4.2445067644605885,0.0412,0.533,-0.451521201858069,-0.09916212583995089,4.537259545802526,0.0651
1787569938.5099087,-0.45934902850597525,-0.03340482854764514,3.46540341065641,-0.45512540866502504,-0.0792796297955655,4.3195546459432554,0.0461,0.854,-0.4552387477106147,-0.08817947588986454,4.42718615187419,0.0549
1787569938.6374002,-0.4582921288874163,-0.03284660014422912,3.3965801184827247,-0.4520170411738929,-0.08275436408737703,4.169133751556422,0.0503,0.773,-0.44931612952587374,-0.0886378283225092,4.2411658914784,0.0565
1787569938.7388222,-0.4569775250088262,-0.0332331253719045,3.334709924851786,-0.453379643778847,-0.08104412641946018,4.128760426115837,0.0479,0.794,-0.44931612952587374,-0.0886378283225092,4.2411658914784,0.0559
1787569938.798028,-0.456315585990827,-0.03364890009774535,3.3978330078955254,-0.4517187713829728,-0.07630119140782647,3.963091606359204,0.0429,0.565,-0.4514274397271085,-0.07117801720981352,3.9014409368069685,0.0378
1787569938.903461,-0.45518992611051134,-0.03437609706743335,3.8416722919382806,-0.45315073514029214,-0.07360564895162153,3.8994892511627044,0.0393,0.058,-0.4514274397271085,-0.07117801720981352,3.9014409368069685,0.0370
1787569939.031308,-0.4536461236541242,-0.033838750144098095,3.841941248322526,-0.43559486630341215,-0.07903639688537838,4.5030928925421,0.0487,0.661,-0.42989730684611277,-0.08701688393680895,4.607027232921933,0.0582
1787569939.126032,-0.45209386143609637,-0.032437871951696416,3.6213983361659023,-0.4342746972802355,-0.07698162471681906,4.501354902491103,0.0480,0.880,-0.42989730684611277,-0.08701688393680895,4.607027232921933,0.0589
1787569939.2346513,-0.45084423563331605,-0.03133638470974561,3.521169839696014,-0.44138314328454226,-0.08430851598052008,4.4097112871257025,0.0538,0.889,-0.44318602507575594,-0.09045066147916074,4.48192746936908,0.0596
1787569939.3351834,-0.44939273512745836,-0.03102992478689021,3.349412962710456,-0.44139579979398985,-0.08358682915488341,4.399474537514466,0.0532,1.050,-0.44318602507575594,-0.09045066147916074,4.48192746936908,0.0597
1787569939.3873231,-0.4485891720637254,-0.03116335122677484,3.2997071179954602,-0.4545475257351076,-0.07561775250012945,4.008343113026779,0.0449,0.709,-0.45828384728539495,-0.06788690658866543,3.910259532398099,0.0380
1787569939.5198,-0.4471342699987132,-0.03168955018197355,3.5039472474293656,-0.4560308471405201,-0.07436596778735777,3.9748279920811953,0.0436,0.471,-0.45828384728539495,-0.06788690658866543,3.910259532398099,0.0379
1787569939.630234,-0.4457019314548341,-0.0316896828011053,3.806268911925515,-0.45047890922987716,-0.07940931024288567,4.04517591700102,0.0480,0.239,-0.4477853109647864,-0.08575413981743951,4.124690861234121,0.0541
1787569939.6851215,-0.44490238572474444,-0.03140753083875847,3.868498105371108,-0.4430124198760979,-0.09315188626707574,4.603378362354379,0.0618,0.735,-0.4370433010528721,-0.11721275551249896,4.904143204290071,0.0862
1787569939.831739,-0.4439473387064943,-0.030828177908779765,4.265381401060293,-0.43743656942789105,-0.09717803930436128,4.757358601964751,0.0667,0.492,-0.4345965943863674,-0.1024069657639955,4.824229692605967,0.0722
1787569939.90108,-0.4435514286175791,-0.030801341269799398,4.288231507500354,-0.4343456317287035,-0.09213785117688446,5.103568021155269,0.0620,0.815,-0.43336439910851815,-0.08600297437185817,5.032445222314719,0.0561
1787569940.0175595,-0.44255572080043165,-0.03163929417153992,4.250568539360777,-0.43118555465871095,-0.08870552700179933,5.130105704205105,0.0582,0.880,-0.4295244043016065,-0.08344607490386138,5.07045722330725,0.0534
1787569940.1228461,-0.4415667029908969,-0.033220521427057934,4.370476191748327,-0.4296282141110075,-0.08865200732920747,5.193084102798493,0.0567,0.823,-0.4295244043016065,-0.08344607490386138,5.07045722330725,0.0516
1787569940.2364943,-0.440444462150615,-0.03399094060416213,4.455564380497454,-0.42867597846616967,-0.0896551422642162,5.017570670897862,0.0569,0.562,-0.4283685374918521,-0.08991672274259876,5.020217298602194,0.0572
1787569940.3285618,-0.43920229225106533,-0.03385932672984406,4.558926469646479,-0.42658398128125496,-0.08982111158548642,5.074605806821363,0.0574,0.516,-0.4283685374918521,-0.08991672274259876,5.020217298602194,0.0571
1787569940.4232616,-0.43800995354588573,-0.03318921873230052,4.444636105516719,-0.42384175875853836,-0.1091117881851761,5.544009598190288,0.0772,1.099,-0.4223719489748215,-0.1271098034654763,5.764820841165171,0.0952
1787569940.4887943,-0.43750141331874515,-0.03285455601462484,4.2554399193777535,-0.41947803846116566,-0.08599931980810219,5.334235231819716,0.0561,1.079,-0.41846152539972786,-0.054341677834585995,4.949391955661035,0.0287
1787569940.6255,-0.4360081925665469,-0.03305574149144125,4.234997070509387,-0.4170895119035716,-0.08539412970098988,5.396260501343115,0.0557,1.161,-0.42492640600179726,-0.06209136360739008,4.6561213425019226,0.0311
1787569940.6935177,-0.4351417193118001,-0.03353638454345966,4.248737148443135,-0.42128249168273446,-0.0765835943582627,4.841474383744717,0.0452,0.593,-0.42492640600179726,-0.06209136360739008,4.6561213425019226,0.0303
1787569940.816746,-0.43355490231223237,-0.034845699618078506,4.625782592419176,-0.4181634911625985,-0.06555197512215002,4.7803294507218865,0.0343,0.155,-0.41874537993621297,-0.055834581825240016,4.661336846496619,0.0257
1787569940.9342234,-0.4319639457139334,-0.0353921692618031,4.667905577694775,-0.41657385000410635,-0.06308168617135325,4.783592155212277,0.0317,0.116,-0.41874537993621297,-0.055834581825240016,4.661336846496619,0.0243
1787569940.9909256,-0.4311115847429838,-0.03530907349376776,4.6756557060090245,-0.41688621203309856,-0.07833090277775397,5.213753919134947,0.0453,0.538,-0.41522928682983345,-0.09690386231669149,5.443198500395682,0.0636
1787569941.1138093,-0.42954168239954665,-0.03471024990286699,4.408086691760108,-0.3998787500293029,-0.08254602609193093,5.324042069251848,0.0563,0.916,-0.39132354522798735,-0.09080205584100243,5.4428954886161085,0.0679
1787569941.1814766,-0.4288234782660005,-0.034562585370745816,4.120103829546047,-0.39609466957759315,-0.08229622220704078,5.369626280177778,0.0579,1.250,-0.4111009809335507,-0.05329923866334946,4.736613268314609,0.0258
1787569941.3458173,-0.42686165193608333,-0.03540652247764559,4.1417648485106415,-0.4053158346828373,-0.07051828090778046,4.959602156911062,0.0412,0.818,-0.4111009809335507,-0.05329923866334946,4.736613268314609,0.0238
1787569941.4042728,-0.4258122472473395,-0.036295004139922135,4.287691502052038,-0.2818924377779683,-0.15505349405730628,6.579266508167345,0.1866,2.292,-0.20834656831355744,-0.26267820052448554,8.078626803479168,0.3139
1787569941.5311527,-0.42424580721185784,-0.0367417092176159,4.376895874461346,-0.35526563574322645,-0.1303621900593922,5.609215810696399,0.1163,1.232,-0.4056567586921412,-0.06423342447052327,4.691317289216596,0.0332
1787569941.5954132,-0.423421618063343,-0.036583191398832905,4.452087189209908,-0.34726254708644316,-0.13580593081271955,5.664195017858689,0.1251,1.212,-0.4042055866036988,-0.09389199074684666,5.171077377278687,0.0604
1787569941.7324662,-0.4219470646234193,-0.03501136994238747,4.584551732548299,-0.38523457020527174,-0.1194759047498501,5.52121892897371,0.0921,0.937,-0.4042055866036988,-0.09389199074684666,5.171077377278687,0.0615
1787569941.81187,-0.42132132819278606,-0.03414992161592931,4.481036603758885,-0.4078755715788842,-0.10853071598212854,5.498117733519442,0.0756,1.017,-0.41851179659162735,-0.09332307228902892,5.302480116409396,0.0592
1787569941.9237247,-0.4196627736103246,-0.03360966804599152,4.460069082134971,-0.40997826604477583,-0.11008621943131737,5.542222255521432,0.0771,1.082,-0.38777646738319216,-0.07214304250355064,5.019080593812986,0.0500
1787569941.992922,-0.4187805770517833,-0.03375034079636067,4.385600737820319,-0.3923788673003189,-0.09131412104380637,5.243333708392657,0.0633,0.858,-0.38777646738319216,-0.07214304250355064,5.019080593812986,0.0493
1787569942.1304545,-0.41716030088859124,-0.034426356020564916,4.6131705670413865,-0.3935965296224926,-0.0822217077180655,5.041873739947007,0.0533,0.429,-0.3955875135287071,-0.07125271567932268,4.903397065653807,0.0427
1787569942.1943886,-0.41630243026989483,-0.03442903643241518,4.622688361149125,-0.3966905995122914,-0.080579157429141,5.306826242941829,0.0501,0.684,-0.39800261958349203,-0.08237534251098387,5.327381763871635,0.0513
1787569942.3256342,-0.4145011257155618,-0.03367047275340339,4.597277997782138,-0.39681278213761983,-0.07875914953581005,5.321381186284186,0.0484,0.724,-0.39800261958349203,-0.08237534251098387,5.327381763871635,0.0514
1787569942.433335,-0.41292936798702723,-0.03249732810009042,4.407702064739215,-0.3969581286250495,-0.0771609851517133,5.3339481828411195,0.0474,0.926,-0.39800261958349203,-0.08237534251098387,5.327381763871635,0.0521
1787569942.5280907,-0.4113302072371851,-0.032023138525218146,4.294105776572276,-0.3971417653638454,-0.07552686574272695,5.3466011867294165,0.0458,1.052,-0.39800261958349203,-0.08237534251098387,5.327381763871635,0.0521
1787569942.590213,-0.4104492434809114,-0.032054351199965775,4.245463767980822,-0.3971417653638454,-0.07552686574272695,5.3466011867294165,0.0455,1.101,-0.3972318293425453,-0.05217697607521506,4.571374108273724,0.0241
1787569942.7093709,-0.40863848160347455,-0.03264637411453208,4.342317303769407,-0.39699434521783233,-0.060763792834135015,4.677409725949416,0.0304,0.335,-0.3972318293425453,-0.05217697607521506,4.571374108273724,0.0226
1787569942.8115447,-0.40696946388585614,-0.0328605893271081,4.582620204484389,-0.39737393664628273,-0.055128975570536816,4.620382342678611,0.0242,0.038,-0.3985087676997631,-0.07863296036552239,5.266584508385597,0.0465
1787569942.9318829,-0.40517385356049535,-0.03197270438235607,4.669531492919934,-0.39861323258009285,-0.06753439123009815,5.129561482570149,0.0362,0.460,-0.3985087676997631,-0.07863296036552239,5.266584508385597,0.0471
1787569942.9990783,-0.4042995252675879,-0.031159803290864475,4.681332899301763,-0.39941304344551104,-0.06403301893838985,5.135135741636281,0.0332,0.454,-0.3985087676997631,-0.07863296036552239,5.266584508385597,0.0478
1787569943.1400056,-0.402724477494651,-0.0296936170490996,4.522328276913461,-0.386125229213976,-0.08261981630606693,5.434400252057698,0.0555,0.912,-0.37995811831352505,-0.10094691059941162,5.671354826917372,0.0748
1787569943.2028182,-0.4018314640251827,-0.02938609405059369,4.4880530737564674,-0.3848625843307444,-0.08232726140114581,5.463891119775626,0.0556,0.976,-0.37995811831352505,-0.10094691059941162,5.671354826917372,0.0748
1787569943.322195,-0.3998833763016569,-0.029428164023434136,4.531697714676483,-0.2234859488385137,-0.1844010136402954,7.5037214581036595,0.2348,2.972,-0.169078606219251,-0.2644669939732892,8.622298063497148,0.3294
1787569943.4479501,-0.3985657068899286,-0.029693154974603588,4.814050867973765,-0.19787898609096138,-0.195927008011231,7.706563873373903,0.2606,2.893,-0.169078606219251,-0.2644669939732892,8.622298063497148,0.3283
1787569943.511238,-0.3981081318321329,-0.02952703547437602,4.930268701768587,-0.3460947374647205,-0.14960544985260738,6.460581814867231,0.1309,1.530,-0.389252563854935,-0.10147667756057674,5.828196456736576,0.0725
1787569943.593941,-0.39761317393436646,-0.02908070916556761,5.037882235990956,-0.3732057080907484,-0.1389521260605923,6.4444904067829185,0.1125,1.407,-0.38859630519279237,-0.12040044198388562,6.202999160134765,0.0918
1787569943.7418993,-0.3967921470552285,-0.0277443333597247,4.903577186175759,-0.37493237423173953,-0.14150739239235643,6.500372379586095,0.1158,1.597,-0.38859630519279237,-0.12040044198388562,6.202999160134765,0.0930
1787569943.8099132,-0.3961505137180453,-0.027349914456629935,4.887498242488806,-0.3784480364456297,-0.12749728085093023,6.44653734904275,0.1017,1.559,-0.380307620522577,-0.10971072325045593,6.227034896710869,0.0839
1787569943.9417834,-0.39463227906568316,-0.02733668997553694,4.886642240629674,-0.381397926261089,-0.1132776295035315,6.0845571211740515,0.0870,1.198,-0.3824380969487864,-0.09214030517694688,5.8230513986423,0.0659
1787569944.0102074,-0.393867963619549,-0.027612264926520153,5.009601561173736,-0.37711219170856636,-0.10039133932858811,5.883500160632503,0.0747,0.874,-0.3742565009826484,-0.08122686749703355,5.650676873188979,0.0571
1787569944.131692,-0.39241968200576693,-0.027802054942175233,5.285189164091147,-0.37918868378453885,-0.09830162453875263,5.8965592669638225,0.0717,0.611,-0.3742565009826484,-0.08122686749703355,5.650676873188979,0.0564
1787569944.1990106,-0.39161128420114905,-0.02753176789850002,5.292380249886921,-0.3964900640117591,-0.10083003925674078,6.391502494301982,0.0735,1.099,-0.4050403712443466,-0.09729388814129784,6.352967204641002,0.0710
1787569944.280888,-0.39077464706892556,-0.02691331359985099,5.25147895972134,-0.39744404975651126,-0.10532892951656633,6.42781790243074,0.0787,1.176,-0.39696212980438156,-0.11368842654643714,6.526935696552278,0.0870
1787569944.4212801,-0.38926172889738453,-0.026102502824430367,5.059666548164574,-0.3983566667874687,-0.10439510595645454,6.417443742528199,0.0788,1.358,-0.3971787540215901,-0.10343442245184782,6.405211891007523,0.0777
1787569944.4947188,-0.38840527833270433,-0.026387083049338133,5.021757814662406,-0.40377562400180467,-0.10304165314750635,6.481086853047485,0.0782,1.459,-0.3689457885402254,-0.09595280816037169,6.069505659770613,0.0722
1787569944.6230874,-0.38652011849189366,-0.027680126538443255,5.0676524615585175,-0.37916031687617985,-0.09739955467250458,6.067734310611215,0.0701,1.000,-0.3689457885402254,-0.09595280816037169,6.069505659770613,0.0705
1787569944.7400239,-0.3848209072309502,-0.028917804519975034,5.264390326153224,-0.38061856007419637,-0.09472566217919887,6.0898824842794435,0.0659,0.825,-0.36889564177361583,-0.07797470231000139,5.7805387689174195,0.0516
1787569944.802586,-0.38396620737456355,-0.029127096645272414,5.299256328040244,-0.3712843106586684,-0.08664421103804068,5.885060718937107,0.0589,0.586,-0.36889564177361583,-0.07797470231000139,5.7805387689174195,0.0511
1787569944.9244401,-0.38219587524518667,-0.028774310191792798,5.295782607645374,-0.36965477897052806,-0.09429881818209794,6.223556583824204,0.0667,0.928,-0.3683607098464677,-0.10327428556635708,6.336753783235312,0.0758
1787569944.9932802,-0.38139520323624926,-0.028395618997900583,5.140456965217462,-0.3651097730191018,-0.0978273539684732,6.253182030645769,0.0713,1.113,-0.362709723608749,-0.10380456182093734,6.329118662910051,0.0777
1787569945.126843,-0.37971952180155555,-0.028244043356110807,4.88083677852867,-0.36511077339777026,-0.09780311712649088,6.258886582050936,0.0711,1.378,-0.362709723608749,-0.10380456182093734,6.329118662910051,0.0775
1787569945.1863575,-0.37872647078281246,-0.028631928555004495,4.850267377707338,-0.36511077339777026,-0.09780311712649088,6.258886582050936,0.0705,1.409,-0.3656660929957921,-0.0877867183816752,5.673240753378973,0.0606
1787569945.307686,-0.37671864633532487,-0.029906966681935272,5.009320795333995,-0.36480571413329016,-0.09464358948519955,5.760712621891784,0.0658,0.751,-0.3656660929957921,-0.0877867183816752,5.673240753378973,0.0589
1787569945.4124823,-0.3752171606033124,-0.0306870465245035,5.035747088639376,-0.3617436483303079,-0.09161682466001617,5.886051868541291,0.0624,0.850,-0.3604827248675103,-0.08772518254169431,5.840380924986261,0.0589
1787569945.5182714,-0.3737437086103958,-0.030803971468642513,5.023560939653888,-0.35945241109562004,-0.10030670215893522,5.989267568836211,0.0710,0.966,-0.3559895739647707,-0.11628968927106191,6.192651508325638,0.0873
1787569945.6389234,-0.3725858768690937,-0.030728256678734474,5.057526765425599,-0.3594697131486094,-0.1003186292136758,5.989502857844375,0.0708,0.932,-0.3559895739647707,-0.11628968927106191,6.192651508325638,0.0872
1787569945.7231073,-0.3721720487050606,-0.030550297462169067,5.053254759838886,-0.3664103278975906,-0.10437956020224735,6.09254647279708,0.0741,1.039,-0.36984693039975514,-0.11221184347501731,6.1855834484921886,0.0817
1787569945.8486984,-0.3716203874003934,-0.030001518076897774,5.03922752131398,-0.3664905233106584,-0.10440444229631628,6.094502017438872,0.0746,1.055,-0.36984693039975514,-0.11221184347501731,6.1855834484921886,0.0822
1787569945.9388986,-0.3714386364836213,-0.02924618233338541,5.019281874554284,-0.3664905233106584,-0.10440444229631628,6.094502017438872,0.0753,1.075,-0.36984693039975514,-0.11221184347501731,6.1855834484921886,0.0830
1787569945.9968534,-0.37148382069240177,-0.028815239712418065,5.009661281653226,-0.11048642571111295,-0.11174956768614992,6.59904386990036,0.2739,1.589,-0.022384722272657375,-0.1344435756258698,7.039662561842412,0.3647
1787569946.1174638,-0.3718438425920416,-0.027884595602260774,4.981770579514942,-0.10942739448224956,-0.11174459235949143,6.605582330131916,0.2755,1.624,-0.022384722272657375,-0.1344435756258698,7.039662561842412,0.3653
1787569946.241382,-0.37257038034947854,-0.027437211465139683,5.058981798710335,-0.055515336359815586,-0.11343839127200202,6.698017779685563,0.3285,1.639,-0.025506613526065168,-0.11880571150676708,6.815859206725982,0.3589
1787569946.3030164,-0.3730460196711134,-0.027360401786083947,5.096935432216588,-0.054695605847447724,-0.11343784312168827,6.705143266926546,0.3298,1.608,-0.6272268672209366,0.37627356601593037,-1.277729194460373,0.4770
1787569946.4239688,-0.3742360996231811,-0.027521872946821974,5.167557709077802,-0.4706663697207555,0.2322872402983227,-2.7245662809767626,0.2771,7.892,-0.6272268672209366,0.37627356601593037,-1.277729194460373,0.4765
1787569946.5372894,-0.375759293030955,-0.027990778995686288,5.23557105506095,-0.6023884380424793,0.41580207003258174,-2.965055904777716,0.4983,8.201,-0.6258452580463053,0.66183260333257,-5.665132640409121,0.7338
1787569946.6446366,-0.3772655751004301,-0.0286902070723254,5.286023543150738,-0.6032544554398163,0.41674297311565706,-3.05155228350792,0.4995,8.338,-0.6258452580463053,0.66183260333257,-5.665132640409121,0.7339
1787569946.7037065,-0.37775368878055937,-0.029038238705651788,5.291687984870276,-0.36083908996525715,0.32872783921545295,0.2611161068596347,0.3582,5.031,-0.24698443315850824,0.10092063822261355,3.1043814102897405,0.1844
1787569946.8184373,-0.3782569354485528,-0.029337102486788915,5.29638564840444,-0.36007156884320135,0.3289026204152851,0.25526617824415476,0.3587,5.041,-0.24698443315850824,0.10092063822261355,3.1043814102897405,0.1849
1787569946.9376423,-0.3781790156812213,-0.0294116349409154,5.31883696074204,-0.3596369609624457,0.3290883224565557,0.25189058346886567,0.3590,5.067,-0.24698443315850824,0.10092063822261355,3.1043814102897405,0.1849
1787569947.0096378,-0.3779882983429204,-0.02940552165231073,5.319027916862613,-0.36285534525860874,0.1388615351939882,3.344891858580836,0.1689,1.974,-0.35118320493684807,-0.08845217637751383,6.158608326673905,0.0648
1787569947.145308,-0.37755746821802316,-0.0293100480035357,5.317703840826554,-0.362689084991947,0.1381551990701289,3.391715728469594,0.1681,1.926,-0.35118320493684807,-0.08845217637751383,6.158608326673905,0.0648
1787569947.2078607,-0.37742204884795655,-0.029282114365291566,5.326362410863629,-0.370314441928828,0.04584432669208345,4.537589438405985,0.0755,0.789,-0.3677983707248143,-0.08043960863862601,6.0928725140329405,0.0521
1787569947.31579,-0.3772466295882031,-0.02928385159479399,5.327290101848493,-0.3703258347948158,0.04532545171992013,4.58658609745976,0.0749,0.741,-0.3677983707248143,-0.08043960863862601,6.0928725140329405,0.0520
1787569947.4181569,-0.3771690461354809,-0.029310713090545785,5.332944284439497,-0.36794758615826473,-0.012531767329800943,5.219988540419887,0.0191,0.113,-0.36367133346686853,-0.08725737166423538,6.142597443078165,0.0595
1787569947.5258768,-0.37716131707985895,-0.029338394815902596,5.342183171218261,-0.36796531020803896,-0.012801620982215349,5.251577276114822,0.0189,0.091,-0.36367133346686853,-0.08725737166423538,6.142597443078165,0.0595
1787569947.6246622,-0.377176685904275,-0.029362904812917652,5.350312725264817,-0.35620250880762977,-0.044448087180584885,5.676323114594589,0.0258,0.326,-0.3452219662658333,-0.09167503792560933,6.2801186954705965,0.0700
1787569947.7421203,-0.3771870678390218,-0.029382618896307458,5.357063571535686,-0.35617805376800366,-0.044614840350176196,5.702018115239274,0.0259,0.345,-0.3452219662658333,-0.09167503792560933,6.2801186954705965,0.0700
1787569947.798002,-0.3771900298251173,-0.029390899514209513,5.360103691902301,-0.3568375452579608,-0.050437775867655014,5.724642656512321,0.0293,0.365,-0.3568990454866566,-0.05906650350887989,5.830706874327274,0.0359
1787569947.9125738,-0.3771936455911263,-0.029404911641816876,5.365542697984244,-0.35686151931343935,-0.05052187151657375,5.74665627595259,0.0293,0.381,-0.3568990454866566,-0.05906650350887989,5.830706874327274,0.0359
1787569948.0372655,-0.3771956769743872,-0.02941619143661853,5.3702214480551085,-0.35999982697683747,-0.055511478189345084,5.822988647320943,0.0313,0.453,-0.36073042915946946,-0.06160199508549793,5.8973043876135,0.0362
1787569948.0965865,-0.37719640465606996,-0.029421011698014594,5.372305284747653,-0.3600313835039103,-0.05553425170577156,5.832349974371012,0.0312,0.460,-0.36073042915946946,-0.06160199508549793,5.8973043876135,0.0361
1787569948.2151222,-0.3771975468392607,-0.0294293120047827,5.376034622611748,-0.362500801943864,-0.06169991276629187,5.892272701484507,0.0355,0.516,-0.36326589609457344,-0.07050075431075513,5.999688323390781,0.0434
1787569948.316149,-0.37719844189189305,-0.02943611092516827,5.379237351820917,-0.3625509480199878,-0.061725936952493225,5.901259999183676,0.0355,0.522,-0.36326589609457344,-0.07050075431075513,5.999688323390781,0.0434
1787569948.4021602,-0.3771991727106695,-0.02944170105969444,5.381995185608556,-0.36289864933318816,-0.059299615465638195,5.8975060092088265,0.0331,0.516,-0.363152394842757,-0.056073613271298776,5.8576449189551925,0.0301
1787569948.5326207,-0.3771997842706756,-0.029446303703856095,5.384350976179649,-0.35497200909033927,-0.06301506064688807,5.960831764004363,0.0403,0.576,-0.34860945847231234,-0.07251995918720767,6.09086053318004,0.0517
1787569948.5930784,-0.37720005050819694,-0.02944829310989873,5.385394121493524,-0.3549701355752844,-0.06301885690351415,5.965109167836709,0.0403,0.580,-0.34860945847231234,-0.07251995918720767,6.09086053318004,0.0517
1787569948.713951,-0.3772005190526104,-0.029451743025655112,5.387257023280314,-0.356346177881653,-0.062200174978087254,5.89453226913291,0.0388,0.507,-0.3570644257976052,-0.0605080126127695,5.872644857367401,0.0370
1787569948.8267834,-0.3772009217477362,-0.029454589444828174,5.38883310730093,-0.3563780738441174,-0.06219571066407161,5.897225168482667,0.0388,0.508,-0.3570644257976052,-0.0605080126127695,5.872644857367401,0.0370
1787569948.948945,-0.37720125537821597,-0.029457015288368117,5.390156137141622,-0.3564124614672308,-0.06219025601495822,5.8986810103061575,0.0388,0.509,-0.3570644257976052,-0.0605080126127695,5.872644857367401,0.0370
1787569949.0104566,-0.37720140335652,-0.02945809709265052,5.390726496404995,-0.34783539528039026,-0.06761740871236206,6.043504643465288,0.0482,0.653,-0.3443238932030092,-0.07571398399370066,6.150601270712127,0.0567
1787569949.115449,-0.3772016630721195,-0.02946003584448564,5.391730880153989,-0.34781417798260156,-0.06763439252786974,6.047186318046154,0.0482,0.655,-0.3443238932030092,-0.07571398399370066,6.150601270712127,0.0567
1787569949.2327082,-0.3772018813421683,-0.029461713460806522,5.392561640971728,-0.35369051895565395,-0.06382066875748063,5.9882579145251285,0.0416,0.596,-0.355616785894691,-0.0594659957330887,5.932645681494146,0.0370
1787569949.292966,-0.377201977065492,-0.029462467808395554,5.392913887879259,-0.3537160059756355,-0.0638138948098003,5.989175280141836,0.0416,0.596,-0.355616785894691,-0.0594659957330887,5.932645681494146,0.0370
1787569949.4179983,-0.3772021525717379,-0.029463819687856076,5.393524663291522,-0.35375121955419697,-0.06380549666784163,5.990076697122961,0.0416,0.597,-0.355616785894691,-0.0594659957330887,5.932645681494146,0.0370
1787569949.537551,-0.37720229634687064,-0.029464995078769308,5.3940580095918875,-0.3498247400315754,-0.07208283663859066,6.0967381678719965,0.0507,0.703,-0.3470123276673187,-0.08323144781493884,6.239615097962802,0.0617
1787569949.5932796,-0.3772023621554463,-0.029465517885245693,5.394300469398053,-0.34983270658891846,-0.0721106730709838,6.099210760297738,0.0507,0.705,-0.3470123276673187,-0.08323144781493884,6.239615097962802,0.0617
1787569949.71505,-0.3772024791612007,-0.02946644717701502,5.394772214675919,-0.35158616374504276,-0.07409378331611569,6.124774923724346,0.0515,0.730,-0.3520213893464169,-0.07647921804912496,6.153210011988653,0.0533
1787569949.8204606,-0.3772025813175494,-0.02946723921378037,5.395197047246953,-0.35161120176585076,-0.07410690724463855,6.1265354051555825,0.0515,0.731,-0.3520213893464169,-0.07647921804912496,6.153210011988653,0.0533
1787569949.941397,-0.3772026630793038,-0.02946792893482829,5.395584183013649,-0.3495274297084506,-0.07527628374225094,6.147016998807302,0.0535,0.751,-0.3485223792571653,-0.07712141010493516,6.1717650700053195,0.0556
1787569950.0067468,-0.3772027026964724,-0.02946823190973682,5.39576569570785,-0.34953565013131,-0.07528176139627685,6.1481677757572895,0.0535,0.752,-0.3485223792571653,-0.07712141010493516,6.1717650700053195,0.0556
1787569950.1273534,-0.377202768419174,-0.029468786025559558,5.3961012242037505,-0.35041836183276587,-0.07752097844813802,6.180499436507733,0.0550,0.784,-0.35048940604548234,-0.08067037018049421,6.219075869642508,0.0578
1787569950.246039,-0.37720282296997604,-0.029469276356716513,5.396394412959985,-0.3577240720583828,-0.07223349208646868,6.06495985086613,0.0470,0.669,-0.36169704737597813,-0.06387381735407184,5.957828646633646,0.0377
1787569950.314965,-0.3772028504165405,-0.029469494930662542,5.396530300303886,-0.35776077917268884,-0.07222675943064,6.064464770002489,0.0470,0.668,-0.36169704737597813,-0.06387381735407184,5.957828646633646,0.0377
1787569950.4455583,-0.3772028999237571,-0.029469901211084778,5.396767324690696,-0.3498219678516917,-0.0736829888076171,6.103861185440717,0.0520,0.707,-0.3449453447162288,-0.07845671528838015,6.172767668993071,0.0587
1787569950.5107257,-0.37720292355785306,-0.02947008566545908,5.396891069719899,-0.3480114896164669,-0.07514167960521165,6.144351734427431,0.0542,0.747,-0.34678526872646986,-0.07802108640797059,6.18238107059644,0.0573
1787569950.6410537,-0.37720296947662885,-0.029470418674239263,5.397104681485289,-0.348011855990781,-0.07514344170544296,6.1447909581697395,0.0542,0.748,-0.34678526872646986,-0.07802108640797059,6.18238107059644,0.0573
1787569950.7436867,-0.37720300768293913,-0.029470711086435737,5.397316746749503,-0.34620899915304854,-0.0764446805072303,6.152695633419062,0.0563,0.755,-0.3448779581920051,-0.0790569429137724,6.187535862202672,0.0592
1787569950.7972467,-0.37720302692517554,-0.029470838010631505,5.3974174862989415,-0.3462147577301216,-0.07644931220676186,6.153215927707359,0.0563,0.756,-0.3448779581920051,-0.0790569429137724,6.187535862202672,0.0592
1787569950.9087775,-0.37720305835343315,-0.029471071686879843,5.39761580916014,-0.3456919455801602,-0.07680663616123622,6.1521317921938365,0.0569,0.755,-0.34542927957103364,-0.07736759782217538,6.159559397923597,0.0575
1787569951.0207593,-0.37720308678927633,-0.029471268692306023,5.397809125791869,-0.3457012207600231,-0.07680869667647483,6.152358625976351,0.0569,0.755,-0.34499076761164393,-0.07909236574956595,6.196509518093152,0.0592
1787569951.1339197,-0.3772031119081692,-0.02947143678701276,5.397984011432047,-0.3453296778581491,-0.0776491993232665,6.177978923139525,0.0578,0.780,-0.34499076761164393,-0.07909236574956595,6.196509518093152,0.0592
1787569951.2035198,-0.3772031231643918,-0.029471511614686374,5.3980667035679,-0.3457346241369831,-0.07787424364024331,6.173397788479958,0.0577,0.775,-0.34590166190132976,-0.0781174999392325,6.176009186693387,0.0578
1787569951.3499348,-0.3772031427725823,-0.029471644552114325,5.398239474082862,-0.34287783321033605,-0.07722279254892107,6.173130951084099,0.0588,0.775,-0.3409400409390597,-0.07652944417117008,6.1686446722325,0.0594
1787569951.4134936,-0.3772031518701593,-0.029471703198228786,5.398316284449203,-0.34287839427883887,-0.07722165660098097,6.1732986921893165,0.0588,0.775,-0.3409400409390597,-0.07652944417117008,6.1686446722325,0.0594
1787569951.5250702,-0.3772031677608965,-0.029471806374081623,5.398477163640856,-0.34233456980797883,-0.07757941301056628,6.177515369329845,0.0594,0.779,-0.3419628864425328,-0.07830574579548008,6.187218943148571,0.0602
1787569951.5920703,-0.3772031752280805,-0.02947185131595673,5.398548267599004,-0.34279037793068273,-0.077545791184157,6.167034250465527,0.0591,0.768,-0.3430245257444906,-0.07735743542265867,6.164188729306711,0.0588
1787569951.7287805,-0.37720318825994426,-0.02947192897369769,5.398697590396154,-0.34279660790810124,-0.07754602089474748,6.167007602929096,0.0591,0.768,-0.3430245257444906,-0.07735743542265867,6.164188729306711,0.0588
1787569951.8414075,-0.3772031988501425,-0.029471995431895246,5.398836419490462,-0.34389794187582107,-0.07618770194794483,6.1404152726726045,0.0574,0.742,-0.34468145093188657,-0.0738137435821665,6.109532152989005,0.0550
1787569951.9437518,-0.3772032094713201,-0.029472047309990958,5.398962365167125,-0.3439109611771728,-0.07618446454328229,6.14009361232933,0.0574,0.741,-0.34468145093188657,-0.0738137435821665,6.109532152989005,0.0550
1787569952.0491471,-0.37720321757750436,-0.029472088457098415,5.399090358420137,-0.35291641790819356,-0.0680355529240827,6.013933588220472,0.0456,0.615,-0.35678847711245026,-0.05634993099751598,5.866039617222238,0.0338
1787569952.1429856,-0.37720322376374466,-0.029472119705902144,5.399208319972852,-0.3529667819435835,-0.0680110995322574,6.012298739394498,0.0455,0.613,-0.35678847711245026,-0.05634993099751598,5.866039617222238,0.0338
1787569952.1994596,-0.3772032274790686,-0.029472128730303807,5.399263437249067,-0.3490081562525715,-0.07010955249334373,6.066097559934633,0.0495,0.667,-0.3463744053361373,-0.07472498680608475,6.12843942428856,0.0548
1787569952.3146539,-0.3772032351701344,-0.029472155500182885,5.39937223977524,-0.3486416936120767,-0.06955107847221698,6.0654901563605295,0.0492,0.666,-0.3485230196567366,-0.06870669750034386,6.055380686471081,0.0486
1787569952.447265,-0.3772032493811113,-0.029472178828122017,5.399522065210846,-0.34865069511068786,-0.06954661068164517,6.065210133375106,0.0492,0.666,-0.3485230196567366,-0.06870669750034386,6.055380686471081,0.0486
1787569952.5397127,-0.37720325922812986,-0.029472188447660867,5.399607183600339,-0.3486623334250918,-0.06954264233973124,6.065024819407318,0.0492,0.665,-0.3485230196567366,-0.06870669750034386,6.055380686471081,0.0486
1787569952.6408517,-0.3772032671659189,-0.02947218525807693,5.399697132171304,-0.347944462854691,-0.06933544011202696,6.057304386436026,0.0494,0.658,-0.34771790607910635,-0.0691300092928818,6.055223926630874,0.0494
1787569952.7458942,-0.3772032731641486,-0.029472178549445407,5.399782510008199,-0.34752179812409706,-0.0698727459206045,6.061334331483528,0.0501,0.662,-0.3471714659737978,-0.07083554509670505,6.073879032730505,0.0511
1787569952.8392823,-0.3772032774153188,-0.029472173900539963,5.399860900680196,-0.34872844761392846,-0.07185104502315663,6.092041577781198,0.0511,0.692,-0.34909554025531603,-0.07521291053921426,6.132674774511232,0.0537
1787569952.9383345,-0.37720327854953645,-0.029472161833497195,5.3999351379192,-0.3487414105222545,-0.07185477468353738,6.092282634961426,0.0511,0.692,-0.3496517505434981,-0.07327227835257055,6.1144177573330545,0.0517
1787569953.0294185,-0.3772032799466936,-0.02947214967087426,5.40000765597432,-0.3494040188931438,-0.07241148581966843,6.1043146981221215,0.0512,0.704,-0.3496517505434981,-0.07327227835257055,6.1144177573330545,0.0517
1787569953.1271842,-0.37720328122155705,-0.029472132258559106,5.400082986394066,-0.34935744840783767,-0.07327770582687623,6.1218645445740805,0.0519,0.722,-0.34916612679096243,-0.07478363337241177,6.140813457629591,0.0533
1787569953.2362573,-0.37720328227096345,-0.029472118262754903,5.400146230331473,-0.34936684686190167,-0.07327990165145758,6.122264472593603,0.0519,0.722,-0.3501396501259435,-0.07027133106113675,6.0757416814936605,0.0490
1787569953.3332238,-0.3772032852024979,-0.029472100770189042,5.4002184191642435,-0.34973516509810326,-0.0722098005787884,6.100454717225172,0.0508,0.700,-0.3501396501259435,-0.07027133106113675,6.0757416814936605,0.0490
1787569953.4320571,-0.37720328581147805,-0.02947208331843459,5.400283798926572,-0.34827320295753733,-0.07270919943904566,6.099317108968576,0.0520,0.699,-0.34743823740762503,-0.07373111755778107,6.113564900766034,0.0533
1787569953.4932055,-0.3772032887502239,-0.02947207681381996,5.400313798705373,-0.34742981640427373,-0.0742861997947158,6.139005716465547,0.0538,0.739,-0.34650513019193074,-0.07762269090312668,6.182121970842761,0.0571
1787569953.646218,-0.37720328798447245,-0.029472050556383488,5.40041067444546,-0.34821797624577244,-0.0742597246438073,6.128398890992245,0.0533,0.728,-0.3487376302427057,-0.07398781588242048,6.123928077475666,0.0528
1787569953.736801,-0.37720328765345124,-0.029472031984965785,5.400471144163469,-0.34822341116667255,-0.07426065814541444,6.128534188758114,0.0533,0.728,-0.3487376302427057,-0.07398781588242048,6.123928077475666,0.0528
1787569953.8403368,-0.37720328790175484,-0.029472016460457575,5.400536156658648,-0.34733048351475154,-0.07199798809173902,6.100777247725817,0.0520,0.700,-0.3472886946618689,-0.0683040782512218,6.055381792208072,0.0490
1787569953.9478338,-0.3772032888406666,-0.029471998671187154,5.400589321125464,-0.3473331712509901,-0.0719914370285918,6.100608804208456,0.0520,0.700,-0.3472886946618689,-0.0683040782512218,6.055381792208072,0.0490
1787569953.9978364,-0.37720328838728173,-0.029471989621356477,5.400625163440475,-0.3473331712509901,-0.0719914370285918,6.100608804208456,0.0520,0.700,-0.3472886946618689,-0.0683040782512218,6.055381792208072,0.0490
1787569954.1095166,-0.37720328640078604,-0.02947197311512663,5.400676976517001,-0.34890646665630287,-0.07477048563925108,6.13339366966984,0.0534,0.733,-0.34906997820471747,-0.07830798989765621,6.176535997834364,0.0564
1787569954.2146897,-0.37720328720805485,-0.02947195698710812,5.400732247890256,-0.34892633308984244,-0.07478090763066989,6.133752950088705,0.0534,0.733,-0.3469325815091442,-0.07163513105386914,6.096538354971814,0.0519
1787569954.3329523,-0.3772032874961611,-0.02947194964979926,5.400761446567547,-0.34739211915612783,-0.073379026111753,6.1170653030795075,0.0531,0.716,-0.3469325815091442,-0.07163513105386914,6.096538354971814,0.0519
1787569954.4376564,-0.3772032905418578,-0.029471931342157275,5.400814492467413,-0.34739718254072877,-0.07337691552425316,6.117044559997227,0.0531,0.716,-0.3469325815091442,-0.07163513105386914,6.096538354971814,0.0519
1787569954.5283148,-0.3772032923947,-0.029471910580496388,5.400870588641625,-0.34663026669876756,-0.07395909498482141,6.125373718500075,0.0540,0.725,-0.34624893002377444,-0.07482837654344439,6.136855487719932,0.0549
1787569954.6399012,-0.37720329866066277,-0.029471892214527364,5.4009171313801385,-0.34663255843634194,-0.07396008791523354,6.1254627690113255,0.0540,0.725,-0.34624893002377444,-0.07482837654344439,6.136855487719932,0.0549
1787569954.69521,-0.37720329908365036,-0.029471884709318233,5.400944549007102,-0.34660857916968396,-0.0752246246477869,6.14774232709817,0.0550,0.747,-0.34640664745784316,-0.07698723180885501,6.169864667666158,0.0566
1787569954.8315997,-0.377203301248168,-0.029471863759760516,5.400993090156285,-0.347026581145462,-0.07558622724404178,6.1459321065836905,0.0551,0.745,-0.34719725541898727,-0.07605136944100897,6.151267448287845,0.0554
1787569954.9109566,-0.37720330257221457,-0.02947185416916697,5.401019363057841,-0.3470307349517458,-0.07558806473402688,6.146061394014896,0.0551,0.745,-0.34719725541898727,-0.07605136944100897,6.151267448287845,0.0554
1787569954.990737,-0.37720330150531384,-0.029471844839667843,5.401040930005728,-0.3478405787111961,-0.0740623855827364,6.122782125202035,0.0534,0.722,-0.34861593902963056,-0.07120928657156579,6.086063267827571,0.0506
1787569955.1106975,-0.3772033038931813,-0.029471829555133052,5.401087887739928,-0.3478518561383894,-0.07405923003894051,6.122612796542795,0.0534,0.722,-0.34861593902963056,-0.07120928657156579,6.086063267827571,0.0506
1787569955.219789,-0.3772033042336182,-0.02947181362257513,5.401133664107474,-0.3457740766154615,-0.07469397365461872,6.146289321349054,0.0551,0.745,-0.3447964963004837,-0.07600711207336376,6.164531204937462,0.0567
1787569955.3410988,-0.37720330525788887,-0.029471798670245724,5.401178421990812,-0.34611546352451,-0.07266985746567856,6.109143862341116,0.0532,0.708,-0.3466534540242129,-0.06925263588419239,6.065910228641641,0.0502
1787569955.4377491,-0.3772033077116169,-0.02947178358654239,5.40122578524728,-0.34611719688116643,-0.07266620785817007,6.108901847793091,0.0532,0.708,-0.3466534540242129,-0.06925263588419239,6.065910228641641,0.0502
1787569955.4968023,-0.37720330793598117,-0.029471774696582638,5.401245366352868,-0.3453197038869139,-0.07453730512211854,6.145652067980496,0.0552,0.744,-0.3446535646233285,-0.07747685309144876,6.183244418540359,0.0580
1787569955.60219,-0.3772033095840994,-0.029471760278333405,5.401287358910531,-0.3453196626649656,-0.07454038093884709,6.145870623147051,0.0552,0.745,-0.3446535646233285,-0.07747685309144876,6.183244418540359,0.0580
1787569955.6945283,-0.37720330902974053,-0.029471746019786162,5.401324930809619,-0.345321406557789,-0.07454323935838472,6.146068332218299,0.0552,0.745,-0.3446535646233285,-0.07747685309144876,6.183244418540359,0.0580
1787569955.825403,-0.3772033124366637,-0.02947173100202167,5.4013690820298,-0.34837709875781,-0.07320161248201076,6.107855817111691,0.0524,0.706,-0.3497800859351576,-0.07090656231047623,6.076693275986346,0.0497
1787569955.9164112,-0.37720331272841795,-0.029471718227937944,5.401408719515221,-0.3496506238426494,-0.07196363395773774,6.087736093492743,0.0506,0.686,-0.35061932915583227,-0.06968817473397615,6.0577303484650935,0.0482
1787569956.0480447,-0.37720331382597533,-0.02947170352955141,5.401446990927484,-0.3496660825367091,-0.07195912040430336,6.087220433216308,0.0506,0.686,-0.35061932915583227,-0.06968817473397615,6.0577303484650935,0.0482
1787569956.14919,-0.37720331691175807,-0.029471687953537412,5.40148454889693,-0.3502257530579463,-0.07108060991122608,6.075670152571851,0.0496,0.674,-0.35061932915661276,-0.06968817473229554,6.057730348576057,0.0482
1787569956.2451127,-0.37720331877358454,-0.029471675039720202,5.401521240465904,-0.3502359459339899,-0.07107625413524453,6.075214949857272,0.0496,0.674,-0.35061932915661276,-0.06968817473229554,6.057730348576057,0.0482
1787569956.3408787,-0.3772033183252376,-0.029471661862488036,5.401553871953013,-0.3502453464770944,-0.07107285639500811,6.074912045819211,0.0496,0.673,-0.35061932915661276,-0.06968817473229554,6.057730348576057,0.0482
1787569956.3937936,-0.37720331821963343,-0.029471654967097,5.401576637651394,-0.35000828357989205,-0.07239702755281313,6.096327744334304,0.0508,0.695,-0.3497433964122791,-0.07407242211347233,6.117478079428037,0.0524
1787569956.512064,-0.3772033212199689,-0.029471641860159378,5.401608060941225,-0.3500147903213904,-0.07240085094474656,6.096345415513849,0.0508,0.695,-0.3497433964122791,-0.07407242211347233,6.117478079428037,0.0524
1787569956.606377,-0.37720332100656206,-0.029471628335183468,5.401641829094561,-0.3521603917774435,-0.07248814756424184,6.096657543830516,0.0498,0.695,-0.3530089801052133,-0.0723177068103021,6.092827975260884,0.0492
1787569956.7068481,-0.3772033237380132,-0.029471617002588654,5.401675263056857,-0.3521754165399093,-0.07248956321582471,6.096692266506031,0.0498,0.695,-0.3530089801052133,-0.0723177068103021,6.092827975260884,0.0492
1787569956.8188205,-0.3772033236095379,-0.029471604373015308,5.401707596343814,-0.3511843191461669,-0.07405381532490657,6.1187763790541005,0.0516,0.717,-0.3504530905433658,-0.07651568364099405,6.150553321593984,0.0541
1787569956.9210174,-0.3772033252752782,-0.029471593967925803,5.401739537188701,-0.35119025501450196,-0.0740592492376302,6.119128475171957,0.0516,0.717,-0.3504530905433658,-0.07651568364099405,6.150553321593984,0.0541
1787569957.0300765,-0.3772033258292948,-0.02947158091902953,5.401767240686709,-0.3510955630287228,-0.0745440466708816,6.120297817767431,0.0521,0.719,-0.3509851587179004,-0.07521886504363937,6.128798633383706,0.0527
1787569957.098264,-0.37720332743038526,-0.029471573941193416,5.401787339516491,-0.3511007394235865,-0.07454735464468065,6.120497907453706,0.0521,0.719,-0.3520755215220736,-0.07260178415716693,6.0880746689461835,0.0499
1787569957.2283735,-0.37720332870209283,-0.029471565750165997,5.401814312336636,-0.3516848986849065,-0.07380564537525462,6.103699999323995,0.0512,0.702,-0.3520755215220736,-0.07260178415716693,6.0880746689461835,0.0499
1787569957.3447723,-0.3772033279876891,-0.02947155367777784,5.401843532214752,-0.35169338912349196,-0.0738046558748906,6.103555787556216,0.0511,0.702,-0.3520755215220736,-0.07260178415716693,6.0880746689461835,0.0499
1787569957.4499185,-0.37720332897675396,-0.029471544302623498,5.40186946872819,-0.35308901079496835,-0.07108441542440234,6.072943470318329,0.0481,0.671,-0.3540700800532993,-0.06716290671469487,6.022749212875325,0.0442
1787569957.5400941,-0.37720333062901973,-0.02947153202046603,5.401900332621176,-0.35310102896220374,-0.07107517728196631,6.072493817875707,0.0481,0.671,-0.3540700800532993,-0.06716290671469487,6.022749212875325,0.0442
1787569957.644981,-0.3772033304526049,-0.029471522507093107,5.401927987111605,-0.35328596227124504,-0.07117977550800897,6.078957531687272,0.0481,0.677,-0.3533382028396919,-0.07131064234637219,6.080477078303149,0.0482
1787569957.7479684,-0.3772033322446391,-0.02947151133230324,5.401951739467313,-0.35329161763730865,-0.07117767813242531,6.078845580030981,0.0481,0.677,-0.3533382028396919,-0.07131064234637219,6.080477078303149,0.0482
1787569957.7966661,-0.37720333314635257,-0.02947150836653905,5.401963633324984,-0.35409629625702993,-0.07204261827548383,6.0878107672279755,0.0484,0.686,-0.3543427425998811,-0.07315328539397736,6.100946168680195,0.0493
1787569957.9485064,-0.37720333284701846,-0.02947149253331309,5.402000788672501,-0.3555835547537519,-0.07040962522762252,6.073305009308027,0.0463,0.671,-0.356684056311258,-0.06754431235402403,6.035910459508126,0.0433
1787569957.9952233,-0.37720333343561113,-0.029471488787762977,5.402015083049502,-0.35559141107707337,-0.07040698345788522,6.073236714834958,0.0463,0.671,-0.356684056311258,-0.06754431235402403,6.035910459508126,0.0433
1787569958.1002867,-0.3772033345852419,-0.029471479937996717,5.402039962943771,-0.35467238345635194,-0.06967647087289847,6.054811133243991,0.0461,0.653,-0.3542976805093915,-0.0685319303537064,6.04144480485847,0.0453
1787569958.2185385,-0.37720333554461705,-0.02947147008999023,5.402064136738261,-0.353680549494539,-0.07087165220246976,6.076243044101936,0.0476,0.674,-0.352850326621235,-0.07322850979320344,6.106935191644523,0.0501
1787569958.3265975,-0.3772033359766253,-0.029471461487947034,5.402085191061003,-0.35368039428991666,-0.0708720746109642,6.076260056197754,0.0476,0.674,-0.352850326621235,-0.07322850979320344,6.106935191644523,0.0501
1787569958.4329512,-0.37720333715072046,-0.029471452353234586,5.402108372638618,-0.35368220163633773,-0.07087195787490415,6.0762724458309405,0.0476,0.674,-0.352850326621235,-0.07322850979320344,6.106935191644523,0.0501
1787569958.5256243,-0.3772033383268296,-0.029471445403561863,5.402128815294144,-0.35388884199844406,-0.06983776460730712,6.063259981094243,0.0466,0.661,-0.3541064180610858,-0.06850475732920729,6.04643191856572,0.0454
