t,gt_x,gt_y,gt_yaw,ekf_x,ekf_y,ekf_yaw,ekf_err,ekf_yaw_err,fix_x,fix_y,fix_yaw,fix_err
1787377026.715802,-2.478040602438917,-1.8818256405095325e-05,0.00037213801683690654,,,,,,,,,
1787377026.8267026,-2.4780394333558737,-1.7789684041952898e-05,0.00035008190253864915,,,,,,,,,
1787377026.883282,-2.4780387612781904,-1.7319549846754175e-05,0.00033996540400354477,,,,,,,,,
1787377026.996321,-2.478037084785968,-1.5932245926173817e-05,0.00031101500324912557,,,,,,,,,
1787377027.0945003,-2.478035307685211,-1.4488499943933448e-05,0.0002810737819365965,,,,,,,,,
1787377027.206292,-2.4780334660837924,-1.2603587117312762e-05,0.000242561203301049,,,,,,,,,
1787377027.3214438,-2.478031905293718,-1.1511863368275098e-05,0.0002197843523301657,,,,,,,,,
1787377027.3853984,-2.4780310847027236,-1.0599877153024176e-05,0.00020120921953040318,,,,,,,,,
1787377027.5194144,-2.478028889955896,-7.97735648802334e-06,0.00014778233573299997,,,,,,,,,
1787377027.6060843,-2.4780277921311327,-5.37230132988749e-06,9.546414081951462e-05,-2.7139026116282823,-3.405405952295875,106.22097210692168,3.4136,106.221,-2.7139026116282823,-3.405405952295875,106.22097210692168,3.4136
1787377027.6690538,-2.4780273550415077,-4.597208428327803e-06,7.976591145261483e-05,-2.7139026116282823,-3.405405952295875,106.22097210692168,3.4136,106.221,-2.7139026116282823,-3.405405952295875,106.22097210692168,3.4136
1787377027.808177,-2.4780263938570806,-4.361829387619355e-06,7.42680542485059e-05,-2.7139026116282823,-3.405405952295875,106.22097210692168,3.4136,106.221,-2.7139026116282823,-3.405405952295875,106.22097210692168,3.4136
1787377027.8780913,-2.4780258925111665,-4.057482515958929e-06,6.783011065408874e-05,-2.7139026116282823,-3.405405952295875,106.22097210692168,3.4136,106.221,-2.7139026116282823,-3.405405952295875,106.22097210692168,3.4136
1787377028.0233073,-2.4780250985756145,-2.4615066556293863e-06,3.545849233663916e-05,-2.7139026116282823,-3.405405952295875,106.22097210692168,3.4136,106.221,-2.7139026116282823,-3.405405952295875,106.22097210692168,3.4136
1787377028.0963686,-2.4780249777148273,-1.0202953755385495e-06,6.638885560230661e-06,-2.7139026116282823,-3.405405952295875,106.22097210692168,3.4136,106.221,-2.7139026116282823,-3.405405952295875,106.22097210692168,3.4136
1787377028.1680999,-2.4780252018859117,9.740598013428272e-07,-3.302011295198365e-05,-2.7139026116282823,-3.405405952295875,106.22097210692168,3.4136,106.221,-2.7139026116282823,-3.405405952295875,106.22097210692168,3.4136
1787377028.310867,-2.4780267120209962,5.760255492896017e-06,-0.00012765965888852416,-3.488437500315017,-2.500040513173907,82.75241061370956,2.6965,82.753,-3.4901109983228165,-2.497069601458367,82.72457637363819,2.6944
1787377028.3769653,-2.4780279963523077,8.324787385664519e-06,-0.00017811328806126137,-3.556579707251762,-2.282705864783799,78.69349443739905,2.5247,78.694,-3.4901109983228165,-2.497069601458367,82.72457637363819,2.6944
1787377028.5176895,-2.4780313482743677,1.3216063811928618e-05,-0.00027381831777990986,-3.6530494632258814,-2.2845915035292714,72.04864096736786,2.5691,72.049,-3.753070632953092,-2.5032935224561017,71.04324974153347,2.8093
1787377028.5885305,-2.478033168882665,1.5259878013293497e-05,-0.0003135252832653651,-3.6590733818247156,-2.3131102854294765,71.77078840486733,2.5972,71.771,-3.6776450418149973,-2.453265722186972,71.79346879062334,2.7309
1787377028.6592789,-2.4780350968955194,1.719869926774647e-05,-0.0003509716452814929,-3.7095018865913545,-2.222873517345489,67.64407509232385,2.5412,67.644,-3.6776450418149973,-2.453265722186972,71.79346879062334,2.7309
1787377028.8051863,-2.4780381345248195,1.94951527424806e-05,-0.0003944816179259382,-3.603470215841988,-2.4290080280261876,72.52868403410227,2.6771,72.529,-3.5820125002055345,-2.4958796148591342,73.00321856974081,2.7292
1787377028.877298,-2.478039728211847,2.0795600820256712e-05,-0.0004190621843186219,-3.6009263906060918,-2.4667944839212574,72.48538352316018,2.7104,72.486,-3.5910709191279273,-2.490441297157892,72.72197715480495,2.7279
1787377029.0259786,-2.4780419931060766,2.257374268104393e-05,-0.0004519297616041779,-3.618688014883573,-2.5164139417841462,72.49822344069878,2.7629,72.499,-3.6209683396223404,-2.488798244541443,72.47879754523039,2.7387
1787377029.0980027,-2.478042828514708,2.3430334987248184e-05,-0.00046763310823649525,-3.6408842023858874,-2.5367085986965727,72.37529932385112,2.7906,72.376,-3.6376853501117883,-2.5034721799249913,72.42562115308965,2.7590
1787377029.1699147,-2.4780429000050557,2.345039802115854e-05,-0.00046694382382775525,-3.6803874936175593,-2.533989690847972,72.04009749917839,2.8048,72.041,-3.6858015516721383,-2.4788271740274066,71.9096678476801,2.7574
1787377029.3157582,-2.4780421569824433,2.2978484875027386e-05,-0.00045544233049437153,-3.7931409141552628,-2.512241932360547,70.84999354874631,2.8357,70.850,-3.820492154078545,-2.4650719985192877,70.38119817725396,2.8069
1787377029.3861659,-2.478041307810564,2.2295389046679423e-05,-0.000440923154663608,-3.8596987424624984,-2.4939470600082903,70.26563116052682,2.8511,70.266,-3.8717315637854313,-2.4321766190300615,69.95860075589479,2.8032
1787377029.4578032,-2.478040036593797,2.094890835202724e-05,-0.0004134556828922594,-3.8596987424624984,-2.4939470600082903,70.26563116052682,2.8511,70.266,-4.1163937375714665,-2.6343231630869073,67.30740476250378,3.1023
1787377029.5927413,-2.478036938561656,1.67800411706707e-05,-0.0003296723003877929,-4.053574665325414,-2.5919865892050997,67.93232788602823,3.0333,67.933,-4.118617390638023,-2.6230110230825376,67.14492083170609,3.0938
1787377029.6623864,-2.4780354319840554,1.431848328539164e-05,-0.00028049739529184455,-4.125629818053288,-2.6510938466930707,67.09498452774451,3.1214,67.095,-4.089393279579429,-2.596371087744521,67.5261857218979,3.0558
1787377029.8067474,-2.4780329411627546,9.332522145634318e-06,-0.00018127934420694982,-4.1848994810444236,-2.699474668806624,66.4758928428889,3.1938,66.476,-4.073550904429099,-2.6010193463147853,67.75573776499058,3.0514
1787377029.8742568,-2.478032079326578,7.217691966461651e-06,-0.00013929574564378383,-4.269271701695463,-2.789592339041949,64.86441790262195,3.3152,64.865,-4.073550904429099,-2.6010193463147853,67.75573776499058,3.0514
1787377030.0068738,-2.478031002653098,3.9196270987898484e-06,-7.396843353842915e-05,-4.218300976894898,-2.7301807411913503,66.0092068848079,3.2377,66.009,-4.0759718010507955,-2.592515839779003,67.60271965198682,3.0454
1787377030.0779202,-2.4780307037828524,2.6721456685409816e-06,-4.933259186512479e-05,-4.217201550481663,-2.739261853446668,66.09858626468927,3.2447,66.099,-4.058497016001318,-2.5883115983857707,67.90004803756342,3.0327
1787377030.2251658,-2.478030419616479,8.103054112740574e-07,-1.2712210516971874e-05,-4.2093977895712005,-2.726938043195991,66.18829842294755,3.2301,66.188,-4.065063503346867,-2.578111854951803,67.78762884624688,3.0274
1787377030.2959623,-2.478030386391148,1.3729747791886007e-07,4.507157354416786e-07,-4.2988642872485325,-2.7939968655136735,65.09984560481672,3.3349,65.100,-4.30695450092422,-2.7751904869104203,64.9404903749656,3.3236
1787377030.3649976,-2.478030401912255,-3.971891534561528e-07,1.0858057868952635e-05,-4.291288327688223,-2.8002549312824527,65.16063324088721,3.3361,65.161,-4.045290803802172,-2.577345540414184,67.9998930133838,3.0165
1787377030.5003862,-2.478030527691114,-1.1325684396633296e-06,2.5032592876059438e-05,-4.326107870684933,-2.8269108094138855,64.90979481629586,3.3774,64.910,-4.311443993672816,-2.7886323312106014,64.92703072120423,3.3373
1787377030.5771096,-2.4780306192071437,-1.3678588825890756e-06,2.9489059041374266e-05,-4.35775588931685,-2.846700519840353,64.58612996901877,3.4113,64.586,-4.311300846322378,-2.77022746387244,64.79800649585613,3.3219
1787377030.7201076,-2.4780308278052456,-1.6428249674439624e-06,3.453209522416375e-05,-4.3598382108883635,-2.847742917005744,64.56006077434296,3.4133,64.560,-4.3109402214908386,-2.7832219572862913,64.85156040681339,3.3325
1787377030.7900982,-2.4780309364121296,-1.7045213046149228e-06,3.555880744153818e-05,-4.361357891733141,-2.83445841016222,64.42123220263294,3.4031,64.421,-4.243615011361076,-2.4926679396122515,63.47263406690558,3.0546
1787377030.864558,-2.478031043745364,-1.7277612160930132e-06,3.5825375582309844e-05,-4.360801305261983,-2.814210286581277,64.25792734590893,3.3859,64.258,-4.24762320104032,-2.503500838115969,63.479491462614256,3.0658
1787377030.9979215,-2.478031248149418,-1.6872954538787012e-06,3.4658933438128935e-05,-4.352860180880731,-2.778641936415484,64.10271510334671,3.3520,64.103,-4.241583184828287,-2.4881801342409147,63.437206791607075,3.0498
1787377031.0622082,-2.4780313429733556,-1.6351436451752296e-06,3.345606489584908e-05,-4.387720607549984,-2.833422660294371,63.19031163127244,3.4169,63.190,-4.241583184828287,-2.4881801342409147,63.437206791607075,3.0498
1787377031.205554,-2.4780315147030105,-1.4893699146180871e-06,3.024905181947744e-05,-4.295761248041296,-2.4884613833265328,62.09006717324511,3.0817,62.090,-4.163351552417483,-2.143739408954042,61.30534927547608,2.7269
1787377031.2812912,-2.478031591261345,-1.402580002552562e-06,2.838053937887585e-05,-4.2817588368032755,-2.488414603442774,62.93461306260741,3.0734,62.935,-4.252356286703196,-2.49393567422083,63.37345121725707,3.0607
1787377031.4211936,-2.4780317264651606,-1.214138965962441e-06,2.437648133201108e-05,-4.265185996418172,-2.4890657017500395,63.10616309659229,3.0642,63.106,-4.244614801367627,-2.482376638583763,63.323499755903676,3.0468
1787377031.4911222,-2.4780317855488536,-1.1163399690109854e-06,2.2316895322654968e-05,-4.260560844465562,-2.48825189545247,63.22307903851805,3.0608,63.223,-4.246034965144144,-2.4733524683503263,63.311463389891756,3.0403
1787377031.5638804,-2.4780318391007143,-1.0181377481658564e-06,2.0253571274943462e-05,-4.251818194549994,-2.4916784462581565,62.87261192469144,3.0586,62.873,-4.239485080376742,-2.470904582292473,63.223079038518065,3.0345
1787377031.7061858,-2.478031931687431,-8.247953320253811e-07,1.6212302528003188e-05,-4.251818194549994,-2.4916784462581565,62.87261192469144,3.0586,62.873,-4.1601377985437065,-2.142178368077604,61.24119535027914,2.7237
1787377031.7749057,-2.4780319714213053,-7.312431375932737e-07,1.4265159735156209e-05,-4.231544213860815,-2.392483944760836,62.805189010340655,2.9663,62.805,-4.250845314256709,-2.490199657088961,63.29239050007269,3.0568
1787377031.9160223,-2.478032039129472,-5.530582167695192e-07,1.0563094608520513e-05,-4.236480978396446,-2.43008813242057,63.041195684679906,2.9996,63.041,-4.255003822852135,-2.4829681318413495,63.2029567439061,3.0533
1787377031.9878607,-2.4780320677588423,-4.690981049120099e-07,8.820919338275981e-06,-4.238902429799837,-2.4468472094308655,63.16028934061516,3.0146,63.160,-4.24905530913781,-2.484755614468076,63.31720067504602,3.0513
1787377032.057936,-2.478032093557245,-3.8883764170871845e-07,7.160459898440501e-06,-4.240554576624057,-2.4598384895643064,63.241733918113255,3.0261,63.242,-4.24587215504717,-2.478109063428999,63.317899329972605,3.0441
1787377032.1938763,-2.4780321370451963,-2.397871864117534e-07,4.078636754655551e-06,-4.240643663175444,-2.470311724694818,63.3023074120298,3.0347,63.302,-4.240048158988921,-2.468214098233333,63.305840082182996,3.0326
1787377032.2674441,-2.478032155241525,-1.710380041802155e-07,2.6575451067133766e-06,-4.253312551765648,-2.490618012489632,63.28236054608379,3.0586,63.282,-4.256345389468699,-2.4805034245089264,63.18400633600021,3.0521
1787377032.4138234,-2.47803218602272,-4.487457474434595e-08,5.517322811263496e-08,-4.25071847393029,-2.4968914522028274,63.31053032517532,3.0622,63.311,-4.243754521452572,-2.479765134403535,63.283440821865746,3.0442
1787377032.4839084,-2.4780321989988696,1.2717352107863029e-08,-1.130206647565358e-06,-4.252080432647068,-2.5047552618723437,63.363197115167644,3.0694,63.363,-4.24830098590445,-2.4832030312786,63.26742081884181,3.0496
1787377032.559988,-2.478032210404965,6.671980641933953e-08,-2.2393601591950176e-06,-4.252486408080223,-2.504532467511844,63.35485805898397,3.0694,63.355,-4.246017128785873,-2.4716024663245024,63.20965571521123,3.0388
1787377032.7045243,-2.478032229606616,1.648755874603721e-07,-4.258666906474939e-06,-4.253323446719792,-2.5073191512963753,63.36891633230544,3.0722,63.369,-4.247843315401493,-2.477569590889974,63.234481544775385,3.0448
1787377032.7758267,-2.4780322376951642,2.0926414671118836e-07,-5.169803305399595e-06,-4.260137023632075,-2.5140450082531522,63.344450030747886,3.0816,63.344,-4.257146637700199,-2.4785493775753293,63.13801777247894,3.0510
1787377032.9166987,-2.478032251058717,2.893958696132911e-07,-6.8160837097691906e-06,-4.259957282982092,-2.508846796635601,63.32864535877923,3.0773,63.329,-4.253093287522178,-2.4736112984343492,63.17104114585216,3.0446
1787377032.9891357,-2.4780322565251995,3.2544051098187983e-07,-7.557516719384685e-06,-4.262800311379181,-2.5076225828075804,63.30802982280808,3.0779,63.308,-4.257942992957777,-2.471127543887464,63.11588542577323,3.0454
1787377033.0658903,-2.47803226153534,3.590030237183076e-07,-8.245019070070245e-06,-4.25934561817906,-2.506573979409042,63.27652169148576,3.0751,63.277,-4.249079715263318,-2.4755513534232683,63.1886580523758,3.0438
1787377033.2116902,-2.4780322697378736,4.192552775347444e-07,-9.481025121263259e-06,-4.255939351853465,-2.509182613509167,63.3164689134488,3.0752,63.316,-4.24555812255454,-2.477310524096208,63.22443346756156,3.0432
1787377033.2840867,-2.4780322730517272,4.4622086828300213e-07,-1.0035235676385332e-05,-4.255943406152623,-2.513132386043637,63.377207362689504,3.0784,63.377,-4.249897916488088,-2.4832655915739594,63.24770629743075,3.0506
1787377033.3591201,-2.4780322761536477,4.7125495039978377e-07,-1.054702495497453e-05,-4.2580592325834665,-2.5096752420505775,63.32894771904506,3.0768,63.329,-4.25369308123242,-2.473165252393503,63.129687908306344,3.0446
1787377033.5029662,-2.4780322811684994,5.160190529931172e-07,-1.1464110034579873e-05,-4.2553039818211875,-2.5048663943799814,63.32510766851351,3.0713,63.325,-4.24542977924306,-2.462260100977424,63.1476125102564,3.0309
1787377033.5704587,-2.4780322831572574,5.359800242481086e-07,-1.1874162958843282e-05,-4.250311891497258,-2.503373900095962,63.368669748630545,3.0672,63.369,-4.247329661301682,-2.477559774758115,63.24076707906129,3.0445
1787377033.7182848,-2.478032286620462,5.715930842245726e-07,-1.2603088156922029e-05,-4.249248342565802,-2.5043322230171765,63.38506742381115,3.0674,63.385,-4.241694931377691,-2.4696124663857617,63.23728695969889,3.0347
1787377033.7924755,-2.4780322881477126,5.87440714747248e-07,-1.2926015808514907e-05,-4.249246859572621,-2.5010401815255547,63.38436788679535,3.0647,63.384,-4.244002610698203,-2.4698415805588647,63.23419947514946,3.0362
1787377033.8643217,-2.4780322893768365,6.02020705860873e-07,-1.3221010609635525e-05,-4.252482423744733,-2.4983914587265827,63.33943831384472,3.0644,63.339,-4.250929308700472,-2.473211013648303,63.185182590424034,3.0430
1787377034.008836,-2.47803229151709,6.280864835567744e-07,-1.3753106312039496e-05,-4.252580414986642,-2.4987901726174755,63.34056105302919,3.0648,63.341,-4.247150798683136,-2.4682245664526024,63.19498506845999,3.0368
1787377034.0824223,-2.4780322924901115,6.39670020213931e-07,-1.3988136349343763e-05,-4.252590256899323,-2.5003948183389544,63.37110827260618,3.0661,63.371,-4.248239894614132,-2.475887276891261,63.25606707964648,3.0436
1787377034.2264156,-2.478032293958041,6.602639703419877e-07,-1.4407993732016113e-05,-4.25352247901365,-2.498599052605815,63.33440848135146,3.0652,63.334,-4.249307897556839,-2.4684080021375143,63.175435040653014,3.0382
1787377034.301814,-2.4780322944758857,6.693977090510388e-07,-1.4595348510922647e-05,-4.252057623481851,-2.4971557089011145,63.33660382460542,3.0632,63.337,-4.2453409319990145,-2.4691308495753526,63.22317008463217,3.0364
1787377034.372771,-2.4780322951055442,6.778319579558761e-07,-1.4765828793734046e-05,-4.252094637118156,-2.499033082503727,63.35266493869961,3.0647,63.353,-4.248554986015165,-2.476901955079825,63.243375260101345,3.0446
1787377034.5211444,-2.478032296003083,6.928052219569013e-07,-1.5070510911348787e-05,-4.247587353807178,-2.4967828606331337,63.38261644092964,3.0603,63.383,-4.240469824671222,-2.4659971256962234,63.255584253990854,3.0311
1787377034.5923717,-2.4780322962845984,6.994375296054834e-07,-1.520662243269294e-05,-4.248003261442506,-2.4975376458211063,63.399346290699526,3.0611,63.399,-4.244228795493722,-2.47098127484262,63.26166403231035,3.0373
1787377034.653918,-2.478032296705411,7.055573506875893e-07,-1.5329719755125412e-05,-4.248003261442506,-2.4975376458211063,63.399346290699526,3.0611,63.399,-4.244228795493722,-2.47098127484262,63.26166403231035,3.0373
1787377034.7999125,-2.478032297255143,7.164108391097192e-07,-1.555008232469247e-05,-4.225694417735178,-2.3483362714782086,61.89869074734112,2.9273,61.899,-4.1555060752510435,-2.1342739379696805,61.25933774974114,2.7146
1787377034.873737,-2.4780322973923212,7.21213834993246e-07,-1.564876596391543e-05,-4.22524907175153,-2.3800860491689555,62.836836946051974,2.9526,62.837,-4.246352029523317,-2.471078080319945,63.240934897348495,3.0386
1787377035.0209029,-2.47803229784346,7.296197660034776e-07,-1.581414536370965e-05,-4.23296510018518,-2.4274080377880463,63.065150221565446,2.9953,63.065,-4.249901329806954,-2.476194303649785,63.20592025021634,3.0448
1787377035.082011,-2.4780322981007754,7.333756019552943e-07,-1.5888530965560515e-05,-4.229113428132177,-2.4369202154991143,63.01040736743748,3.0008,63.010,-4.249901329806954,-2.476194303649785,63.20592025021634,3.0448
1787377035.2213287,-2.4780322983733325,7.400371137644777e-07,-1.6022467766145564e-05,-4.201733056831121,-2.2451061416533915,61.40516272548578,2.8305,61.405,-4.165750937106272,-2.1394704782267002,61.110880058515406,2.7250
1787377035.2949328,-2.478032298394771,7.429832781545912e-07,-1.60828475628298e-05,-4.185784020772653,-2.246119053759145,62.28330280829414,2.8216,62.283,-4.176419981435974,-2.275212305973874,62.6586304893581,2.8392
1787377035.3662102,-2.4780322985852403,7.45699326743101e-07,-1.6136035624729687e-05,-4.177005207307798,-2.248471585067489,62.44460744926267,2.8182,62.445,-4.178965246679386,-2.2731976787439647,62.61335511351378,2.8391
1787377035.5062473,-2.4780322987500445,7.505101263326599e-07,-1.6232268294099126e-05,-4.174202946073767,-2.248281186887841,62.49216804639575,2.8163,62.492,-4.181871511808346,-2.266345605495884,62.53488787992754,2.8354
1787377035.577047,-2.4780322987268746,7.526366413207388e-07,-1.6275961746082305e-05,-4.167707590816379,-2.2432532673283982,62.52150027856322,2.8084,62.522,-4.172356195595369,-2.251974117118184,62.530622747443616,2.8182
1787377035.7082546,-2.4780322988391124,7.56402947077212e-07,-1.635096196489241e-05,-4.1655683034791045,-2.249632214397748,62.58958670191113,2.8122,62.590,-4.175926743821566,-2.2747742382321556,62.65035518032267,2.8386
1787377035.7804887,-2.478032298976236,7.580677769305068e-07,-1.63827844342488e-05,-4.1643955469373495,-2.2542150978331263,62.63000395725394,2.8152,62.630,-4.172511871327646,-2.2705341317293106,62.65202532351507,2.8331
1787377035.9255636,-2.4780322991032087,7.609323296712427e-07,-1.643492796539272e-05,-4.165403464692689,-2.251898359887819,62.65666693039287,2.8139,62.657,-4.171844146873098,-2.253641278005334,62.58901945017654,2.8192
1787377035.9976676,-2.478032299061298,7.622110428213383e-07,-1.646103601635961e-05,-4.167807798909068,-2.255748409295784,62.63657644971722,2.8185,62.637,-4.176650578415724,-2.2676284229758106,62.61482215767677,2.8333
1787377036.0675511,-2.478032299186941,7.634021032970357e-07,-1.648287974076242e-05,-4.171938087336139,-2.2595732902963355,62.61268278655997,2.8240,62.613,-4.176650608398425,-2.2676284074461868,62.616607416295096,2.8333
1787377036.2087688,-2.4780322992383903,7.655186004244959e-07,-1.6523714115927437e-05,-4.1714307397722,-2.2627182168089472,62.63404063606566,2.8262,62.634,-4.175136596575862,-2.268415562422086,62.63166822955038,2.8330
1787377036.2826574,-2.4780322991672223,7.664550685982546e-07,-1.6542930563984544e-05,-4.170588808857442,-2.2660397224770366,62.682330180998875,2.8284,62.682,-4.173731867255034,-2.269150106115607,62.6679511415762,2.8327
1787377036.4206212,-2.4780322991982606,7.681149928394457e-07,-1.657460263285268e-05,-4.170705257514494,-2.2685728121043356,62.70129318544498,2.8305,62.701,-4.1737319775799895,-2.2691503615780206,62.66861797978653,2.8327
1787377036.4903219,-2.4780322993011303,7.688494308953631e-07,-1.6587284226574943e-05,-4.169999628440159,-2.27207523682374,62.70470094943648,2.8329,62.705,-4.172107381077758,-2.2699875367517794,62.6627825140676,2.8324
1787377036.5638318,-2.4780322992195623,7.695265056359294e-07,-1.660131308278516e-05,-4.171773027392347,-2.2686561669765504,62.68983566227686,2.8312,62.690,-4.170965017379507,-2.2527055037966983,62.579785917706374,2.8179
1787377036.706561,-2.4780322992331354,7.707271732147985e-07,-1.662383064610068e-05,-4.171773027392347,-2.2686561669765504,62.68983566227686,2.8312,62.690,-4.171361975237406,-2.253229708649276,62.57785448634994,2.8186
1787377036.7770376,-2.4780322993286643,7.712587458477964e-07,-1.6632483489828705e-05,-4.173497579918245,-2.2688236216360735,62.64674389596895,2.8323,62.647,-4.17694740532891,-2.268226839362557,62.59819501477642,2.8339
1787377036.9091628,-2.4780322993851622,7.721180253531207e-07,-1.664364086210409e-05,-4.174726343089755,-2.2661971997220096,62.63307070246116,2.8310,62.633,-4.1742548936837345,-2.2517160801526073,62.5289640605729,2.8191
1787377036.980754,-2.4780322993134405,7.725113050446213e-07,-1.665165930081225e-05,-4.174380181572613,-2.2652582907341965,62.643896806791616,2.8300,62.644,-4.1724657832211935,-2.2519232151681514,62.56746888776985,2.8182
1787377037.1184297,-2.478032299325194,7.73236807874065e-07,-1.666404510938151e-05,-4.174340470160366,-2.262219558595207,62.586574566203275,2.8276,62.587,-4.17125267235058,-2.2532814050310424,62.55855664920228,2.8186
1787377037.1901536,-2.478032299418378,7.735611414472741e-07,-1.666825638198395e-05,-4.174813593019112,-2.2616096974271844,62.62140921859241,2.8274,62.621,-4.17396639633849,-2.2511408572465634,62.554083260821734,2.8185
1787377037.259353,-2.478032299327917,7.738609610075933e-07,-1.667448871083238e-05,-4.16974484285741,-2.2622078924607636,62.61465216032397,2.8248,62.615,-4.16447935154822,-2.2501603937202286,62.590460378168906,2.8120
1787377037.4089603,-2.47803229932605,7.743950074481541e-07,-1.668322062506158e-05,-4.172756483884237,-2.267031241094329,62.64364126813817,2.8305,62.644,-4.176947347673657,-2.268226558085529,62.60064605364397,2.8339
1787377037.4823813,-2.478032299414912,7.746325718564848e-07,-1.6685788914698153e-05,-4.171935243888933,-2.2652881964494087,62.6542449593752,2.8286,62.654,-4.169463910119391,-2.2534868950846167,62.597443707824496,2.8176
1787377037.6187725,-2.4780322994081763,7.750557967028211e-07,-1.669244931633544e-05,-4.174324079228068,-2.2707051303713253,62.676900284724795,2.8343,62.677,-4.1766508445227615,-2.2676285977955737,62.624737885815826,2.8333
1787377037.6906996,-2.478032299312741,7.752441200737975e-07,-1.669659530192628e-05,-4.177214523650261,-2.2717041966021987,62.64734137255686,2.8369,62.647,-4.179568023795792,-2.266103131534682,62.57503422610959,2.8338
1787377037.7659218,-2.478032299399058,7.754188415933037e-07,-1.6698007590406956e-05,-4.178179111546795,-2.2734667857878637,62.659753794771746,2.8389,62.660,-4.178164636888831,-2.266841093303462,62.610727539093816,2.8336
1787377037.9120314,-2.478032299388052,7.757308042090371e-07,-1.6702649240881387e-05,-4.176900129877106,-2.2736579325222044,62.64345957393815,2.8383,62.643,-4.1769474631128185,-2.2682268093979165,62.601616471651404,2.8339
1787377037.9806728,-2.4780322993417614,7.757876822045147e-07,-1.6699743371396463e-05,-4.17593364300166,-2.281116317161401,62.638930771269195,2.8437,62.639,-4.1769474631128185,-2.2682268093979165,62.601616471651404,2.8339
1787377038.1263933,-2.4780322993551573,7.760033486326715e-07,-1.670183587215112e-05,-4.1541878579101015,-2.1240843042600814,61.21736930249774,2.7058,61.217,-4.1254037571220845,-2.0400757670661416,60.96787746107147,2.6222
1787377038.1968362,-2.478032299444457,7.76109204489358e-07,-1.6701645161020607e-05,-4.144186597950751,-2.093941989049381,61.118276959329705,2.6759,61.118,-4.125025725985192,-2.0480676517718512,61.02821081606787,2.6281
1787377038.2714338,-2.47803229935013,7.762084829329783e-07,-1.670384253395658e-05,-4.1328469553102325,-2.072751034944126,61.103108412315244,2.6523,61.103,-4.124769477486601,-2.049087413844917,61.011773419479574,2.6288
1787377038.4175918,-2.4780322993413932,7.763884326232725e-07,-1.6705469850702677e-05,-4.121940147961121,-2.044802256058269,61.047939451394534,2.6237,61.048,-4.117954727053955,-2.037900519688439,61.050698205348304,2.6158
1787377038.4898481,-2.478032299427271,7.764698634887411e-07,-1.670491522923014e-05,-4.1177526871745505,-2.0379097293018695,61.0243911072848,2.6157,61.024,-4.119275913499307,-2.043861274231253,61.049194183670075,2.6213
1787377038.620935,-2.4780322994153567,7.766172020551103e-07,-1.670607633667491e-05,-4.115499510786124,-2.0341336267575008,61.02116443267538,2.6113,61.021,-4.122673196828284,-2.0507444790847997,61.0518194344198,2.6288
1787377038.691948,-2.4780322993176815,7.766838602481273e-07,-1.6707806794232928e-05,-4.112577339700465,-2.0308283438310473,61.05522493321404,2.6069,61.055,-4.119023289097436,-2.04677649623532,61.09128266533376,2.6234
1787377038.8241177,-2.478032299303688,7.76805325614511e-07,-1.6708636138960088e-05,-4.113926479777838,-2.0305849034849297,61.054002915350154,2.6076,61.054,-4.123395002999788,-2.047753417568021,61.06016920820979,2.6269
1787377038.8942184,-2.4780322993874413,7.768607417335516e-07,-1.6707747495508024e-05,-4.112484021692213,-2.030143920286102,61.045346919856556,2.6063,61.045,-4.120423600858988,-2.047665885775623,61.07269801801909,2.6250
1787377038.9673648,-2.478032299339635,7.768303631582724e-07,-1.6703132351461607e-05,-4.113977400702318,-2.0316446394153016,61.06466678715873,2.6084,61.065,-4.12196056057962,-2.046354339356105,61.072163917633546,2.6249
1787377039.118179,-2.4780322993504087,7.768918423602914e-07,-1.670222459981967e-05,-4.114364532622078,-2.0351680930423193,61.04376159084412,2.6114,61.044,-4.12038622440236,-2.0458184280503624,61.04591812860235,2.6235
1787377039.1924586,-2.4780322994385804,7.76929695771669e-07,-1.670072051168242e-05,-4.113922533995846,-2.0363043901423348,61.04997800242494,2.6120,61.050,-4.119209641518665,-2.0469878559914214,61.06137244665794,2.6237
1787377039.2684112,-2.4780322993432327,7.769663924468543e-07,-1.6701715640307744e-05,-4.114934147510912,-2.0381078060534423,61.071368700085515,2.6141,61.071,-4.1204236028469445,-2.047665883788467,61.07284788590756,2.6250
1787377039.4244678,-2.4780322993327433,7.770357378175815e-07,-1.6701237543522024e-05,-4.115985718394101,-2.039610372361536,61.056583979096274,2.6159,61.057,-4.119237796858294,-2.043348224861182,61.04291076572071,2.6208
1787377039.4970345,-2.4780322994178734,7.770683817339059e-07,-1.6699764016518166e-05,-4.115918907813748,-2.04100370142984,61.087264327190724,2.6169,61.087,-4.119023394659383,-2.046776691692454,61.09157638554151,2.6234
1787377039.56854,-2.4780322993203128,7.770994479432982e-07,-1.6700779732073077e-05,-4.115330770429375,-2.0421174335322996,61.11283008724232,2.6174,61.113,-4.117354909438592,-2.045941306285994,61.11642668548489,2.6217
1787377039.7153354,-2.4780322993064656,7.771581071405081e-07,-1.670035243133809e-05,-4.117381486679257,-2.0448564094801607,61.108977898341934,2.6209,61.109,-4.120213947341985,-2.0510838458359806,61.1212454592302,2.6275
1787377039.785856,-2.4780322993902666,7.771858529649991e-07,-1.6698912375548164e-05,-4.117182936302984,-2.044519378320203,61.088231544943234,2.6205,61.088,-4.117862996708935,-2.0429667687905555,61.06859470427527,2.6197
1787377039.9211023,-2.4780322993749273,7.772380704130295e-07,-1.66985514199532e-05,-4.117757544824043,-2.0446275331691206,61.074067797022515,2.6209,61.074,-4.119275817841552,-2.0438610688179457,61.04969310943942,2.6213
1787377039.994508,-2.478032299326783,7.771803748099059e-07,-1.6693458015547788e-05,-4.119693799426471,-2.043192870579391,61.05008147413451,2.6210,61.050,-4.121047164707929,-2.0396337955250448,61.00736091153107,2.6191
1787377040.1256716,-2.4780322993369923,7.771935616491133e-07,-1.6691724293245948e-05,-4.1184464980270095,-2.0432700431634148,61.07966259807568,2.6203,61.080,-4.117368642702481,-2.0409681499993013,61.07810720476805,2.6178
1787377040.1969268,-2.478032299424933,7.772101020718178e-07,-1.668986511753755e-05,-4.118808389232735,-2.0449345842432787,61.05791196634353,2.6218,61.058,-4.119848113443319,-2.0444312277101955,61.04127122494934,2.6221
1787377040.2702153,-2.4780322993293846,7.772271756663362e-07,-1.6690540215224318e-05,-4.118831182851356,-2.044701692150222,61.05562912560917,2.6216,61.056,-4.120127950552572,-2.0428289363159364,61.018656335616456,2.6210
1787377040.4186566,-2.478032299318575,7.77261811313009e-07,-1.6689514626642728e-05,-4.119745079754448,-2.047700585867649,61.08844988107132,2.6246,61.088,-4.121028309321553,-2.0500732294800654,61.09135785282153,2.6272
1787377040.4912295,-2.4780322994035813,7.772791308165335e-07,-1.668780872958951e-05,-4.119448498616204,-2.0492150461592398,61.10315067491749,2.6256,61.103,-4.119023396424785,-2.0467766899017192,61.09171097286221,2.6234
1787377040.5627646,-2.478032299305917,7.772960831477823e-07,-1.6688617307470213e-05,-4.121003109451879,-2.051883360689842,61.09022342011758,2.6286,61.090,-4.123311126237876,-2.05322988086109,61.070916412930806,2.6311
1787377040.7044163,-2.478032299291921,7.773297632827436e-07,-1.6687841447392525e-05,-4.121746598290191,-2.053723029893957,61.09927439824987,2.6305,61.099,-4.121584632812127,-2.050169380158027,61.07622102259588,2.6276
1787377040.7782223,-2.478032299375673,7.77346474373317e-07,-1.668625677139784e-05,-4.121840138683103,-2.0541540724416953,61.10979517798774,2.6309,61.110,-4.121028411659294,-2.0500734290766953,61.09138057349037,2.6272
1787377040.919468,-2.4780322993602772,7.773791561508487e-07,-1.6685658525290864e-05,-4.122893538323288,-2.05614931800739,61.102182649266005,2.6331,61.102,-4.119642813680962,-2.049198421608624,61.10994439638637,2.6257
1787377040.991962,-2.478032299312126,7.773128243079711e-07,-1.6680469531512703e-05,-4.122203124742491,-2.0557240282094105,61.117308979370385,2.6324,61.117,-4.12102830974655,-2.050073229052521,61.09139002496961,2.6272
1787377041.0714266,-2.478032299413676,7.773049589591637e-07,-1.6678127981971234e-05,-4.121677447701252,-2.054985118008075,61.14271406033843,2.6315,61.143,-4.1191587046763285,-2.047219943296529,61.11952425351208,2.6238
1787377041.219324,-2.4780322994103066,7.773205001817966e-07,-1.6676668182829688e-05,-4.121865656061532,-2.053979762324415,61.10018117151718,2.6308,61.100,-4.120423605554012,-2.047665881080201,61.073052323236325,2.6250
1787377041.2923796,-2.478032299314786,7.773313390125518e-07,-1.6677296667664037e-05,-4.122709509462996,-2.0550853091983177,61.09869888411045,2.6322,61.099,-4.122421651751882,-2.0509206378046763,61.072393892276196,2.6287
1787377041.3714726,-2.478032299400833,7.773430403974757e-07,-1.66754881028394e-05,-4.1230417724947666,-2.0550735576430244,61.0943154047118,2.6324,61.094,-4.122421754132519,-2.050920837061976,61.07239601306488,2.6287
1787377041.5188859,-2.478032299389109,7.773673426923256e-07,-1.6674480161611653e-05,-4.122416363667005,-2.0535591081464277,61.08025478947749,2.6308,61.080,-4.119275921545206,-2.043861266159711,61.04980314187197,2.6213
1787377041.5849085,-2.4780322992914985,7.773797776968762e-07,-1.6675276569393694e-05,-4.121912861548424,-2.052246497970362,61.07683139874822,2.6295,61.077,-4.119275921545206,-2.043861266159711,61.04980314187197,2.6213
1787377041.7187152,-2.4780322992776243,7.774054362064814e-07,-1.6674496631780513e-05,-4.121444369950964,-2.050936843119769,61.068362181568865,2.6281,61.068,-4.118699947821342,-2.041958345805025,61.03819211747256,2.6194
1787377041.7909973,-2.4780322993614443,7.774185896989097e-07,-1.667291865107656e-05,-4.122565844532539,-2.048347353839271,61.051440876447046,2.6268,61.051,-4.121047268710688,-2.0396339928705736,61.007456526482194,2.6191
1787377041.8609009,-2.478032299262771,7.77431609075475e-07,-1.667385861572685e-05,-4.121732858999317,-2.049012291267438,61.07347579343841,2.6268,61.073,-4.121028412085758,-2.0500734286445104,61.09141266000857,2.6272
1787377042.0024164,-2.478032299298123,7.773758051776497e-07,-1.666718260548362e-05,-4.119988935090186,-2.049680482804524,61.1090723659222,2.6263,61.109,-4.117354911658594,-2.0459413040338204,61.11659589049695,2.6217
1787377042.073881,-2.4780322993997532,7.773653437974338e-07,-1.6664866860456133e-05,-4.120580858002953,-2.051600004865435,61.108034914473514,2.6281,61.108,-4.121028412106998,-2.0500734286234437,61.09141442243627,2.6272
1787377042.2126336,-2.4780322993965482,7.773762632400842e-07,-1.6663469995442927e-05,-4.121271597845397,-2.0534572839362233,61.11265851073555,2.6300,61.113,-4.121028412126714,-2.050073428603271,61.091415914122955,2.6272
1787377042.2831242,-2.478032299301112,7.773850451667675e-07,-1.6664134938852106e-05,-4.120925719277724,-2.0533967090269294,61.12346647406105,2.6297,61.123,-4.119642712307342,-2.049198220681476,61.109973503410025,2.6257
1787377042.4260073,-2.4780322992905544,7.774049526654584e-07,-1.666312524630718e-05,-4.120845886505359,-2.0541007544060754,61.129969730467074,2.6302,61.130,-4.119642814073106,-2.049198421205128,61.109974308868296,2.6257
1787377042.4995036,-2.478032299375698,7.774157379611022e-07,-1.6661443451064665e-05,-4.121582696976534,-2.054804638469898,61.1187824954244,2.6313,61.119,-4.121028412156639,-2.0500734285727362,61.09141824538646,2.6272
1787377042.5696657,-2.478032299278178,7.774266528965616e-07,-1.666228636565279e-05,-4.1219907406527625,-2.054619294880367,61.11198176353383,2.6314,61.112,-4.1210284121689185,-2.0500734285599145,61.09141914990475,2.6272
1787377042.700573,-2.478032299264487,7.774495888279818e-07,-1.666160486308552e-05,-4.1213219488614685,-2.054758432130962,61.10504928248695,2.6311,61.105,-4.119242069401534,-2.0488284022972096,61.08849277348691,2.6251
1787377042.769917,-2.4780322993483996,7.774615229920337e-07,-1.6660078490414895e-05,-4.121014680041209,-2.054783993631123,61.108861153181124,2.6309,61.109,-4.119242069411062,-2.048828402287394,61.08849347784386,2.6251
1787377042.9118721,-2.4780322993333375,7.774856885752509e-07,-1.665961737287311e-05,-4.12078133102408,-2.0543828866741007,61.10893607351558,2.6304,61.109,-4.119242171234211,-2.048828601130214,61.088493966589155,2.6251
1787377042.9815006,-2.47803229928536,7.774155606149545e-07,-1.6654505800468742e-05,-4.120726342712796,-2.05338020292151,61.11751428663984,2.6296,61.118,-4.119023295470127,-2.0467764897754983,61.09176830466969,2.6234
1787377043.1240137,-2.478032299295926,7.774066902312517e-07,-1.6652791901356253e-05,-4.120304056679079,-2.053069514594348,61.105494172080945,2.6291,61.106,-4.119242069425071,-2.048828402273099,61.08849457866026,2.6251
1787377043.1921158,-2.4780322993840618,7.77413448830493e-07,-1.665096685822952e-05,-4.120099013267071,-2.051178269733427,61.09974215111341,2.6275,61.100,-4.117862998504342,-2.042966766956966,61.06873212445516,2.6197
1787377043.2616746,-2.4780322992887176,7.774214833237026e-07,-1.6651691551119328e-05,-4.119819012441096,-2.0498471607426736,61.093728777532746,2.6263,61.094,-4.117862896559247,-2.0429665675420097,61.06873214172389,2.6197
1787377043.4069912,-2.4780322992783432,7.77440035682706e-07,-1.6650802992294136e-05,-4.1192821735090135,-2.0479306805839745,61.08654989440718,2.6244,61.087,-4.117862896564116,-2.0429665675367703,61.068732503239275,2.6197
1787377043.4801826,-2.4780322993635786,7.774502057643882e-07,-1.6649182554260194e-05,-4.1190768319027,-2.04751285882627,61.086131390736405,2.6240,61.086,-4.1178629985142825,-2.0429667669459777,61.06873284999332,2.6197
1787377043.62707,-2.4780322993506774,7.774714541471616e-07,-1.6648547955491766e-05,-4.118801491542599,-2.046800571837041,61.084449207701546,2.6233,61.084,-4.117862998517869,-2.0429667669419946,61.06873313151402,2.6197
1787377043.698965,-2.4780322992526416,7.77482420637139e-07,-1.6649530880896368e-05,-4.118762459844955,-2.0468649201001763,61.08544322569622,2.6233,61.085,-4.117862896571682,-2.042966567528512,61.068733068230436,2.6197
1787377043.7698243,-2.4780322993366446,7.77493871310502e-07,-1.6648067298938897e-05,-4.118367330130008,-2.0494593612683674,61.08396123109791,2.6251,61.084,-4.117862896571682,-2.042966567528512,61.068733068230436,2.6197
1787377043.9188569,-2.478032299321763,7.775171476887227e-07,-1.6647732514495162e-05,-4.119356797968435,-2.0476856475934637,61.0839025441683,2.6243,61.084,-4.117862998523483,-2.04296676693561,61.06873357148511,2.6197
1787377043.9890115,-2.478032299273876,7.77446609948496e-07,-1.6642684482761826e-05,-4.120019438962313,-2.0488337932303766,61.086485546292415,2.6256,61.087,-4.120423503885817,-2.047665681997031,61.07307753806385,2.6250
1787377044.0604413,-2.478032299375687,7.774348457944462e-07,-1.6640489251111175e-05,-4.1195624617242315,-2.048123048084171,61.08446317974298,2.6248,61.084,-4.117862998525516,-2.042966766933241,61.06873374220065,2.6197
1787377044.20103,-2.4780322993728396,7.774433993266506e-07,-1.6639336999279632e-05,-4.119298058431643,-2.047805090202312,61.085481067828,2.6244,61.085,-4.117862998527374,-2.0429667669310203,61.06873388669354,2.6197
1787377044.2720156,-2.478032299277581,7.774511039402091e-07,-1.664012573452968e-05,-4.119083153742534,-2.047322972778202,61.084706749207086,2.6238,61.085,-4.11786299852883,-2.042966766929229,61.068734008997815,2.6197
1787377044.4138427,-2.4780322992673764,7.774690398786694e-07,-1.6639365055694398e-05,-4.118752735702884,-2.0464612244867717,61.082629769293185,2.6230,61.083,-4.117862896581857,-2.0429665675170434,61.06873387552582,2.6197
1787377044.4854875,-2.478032299352696,7.774789220192939e-07,-1.6637808283684782e-05,-4.118718664932535,-2.0465271854462714,61.083568844370824,2.6230,61.084,-4.11786299853018,-2.042966766927511,61.06873411251493,2.6197
1787377044.5623403,-2.478032299255351,7.774889831485782e-07,-1.663877712201757e-05,-4.118629005641136,-2.046095223255534,61.081540642285994,2.6226,61.082,-4.11786289658307,-2.0429665675155784,61.0687339707642,2.6197
1787377044.7122312,-2.4780322992420083,7.77510342034294e-07,-1.663834761252636e-05,-4.119430744394712,-2.047458159639035,61.08398764055484,2.6242,61.084,-4.120423503893203,-2.047665681988527,61.073078116427446,2.6250
1787377044.7838013,-2.478032299326094,7.77521546176834e-07,-1.663694720878064e-05,-4.119162760333239,-2.047105622942518,61.08218456606174,2.6237,61.082,-4.117862998532041,-2.0429667669250153,61.06873427430199,2.6197
1787377044.926065,-2.4780322993113764,7.77544356264393e-07,-1.6636738703518197e-05,-4.119449551099567,-2.0476825848530233,61.08273187745061,2.6244,61.083,-4.1178629985328215,-2.042966766923891,61.06873433707451,2.6197
1787377045.004567,-2.47803229926357,7.774735962633986e-07,-1.663175359690473e-05,-4.120024727930706,-2.048543750091593,61.084320086202766,2.6254,61.084,-4.120423503894683,-2.0476656819866244,61.07307824241357,2.6250
1787377045.0760992,-2.4780322993654593,7.774616198886184e-07,-1.6629621158722924e-05,-4.120193020460106,-2.048096077887784,61.069204465731495,2.6251,61.069,-4.119275921789039,-2.043861265906854,61.049821772484954,2.6213
1787377045.2146945,-2.4780322993627664,7.774697708853688e-07,-1.6628594079422595e-05,-4.120258171385793,-2.0474906513535878,61.063586578223266,2.6247,61.064,-4.119275921790101,-2.043861265905327,61.04982181744251,2.6213
1787377045.2859612,-2.478032299267584,7.774772828631708e-07,-1.6629445242804888e-05,-4.120217684699099,-2.0472451071400792,61.06229750304484,2.6245,61.062,-4.119275819539086,-2.0438610671079434,61.04982166172614,2.6213
1787377045.356863,-2.47803229935397,7.774858757733541e-07,-1.662786163281353e-05,-4.120146809678461,-2.047001028271765,61.061418378877775,2.6243,61.061,-4.119275819539523,-2.0438610671072723,61.04982169674612,2.6213
1787377045.496696,-2.4780322993429245,7.775045526045674e-07,-1.6627313162584977e-05,-4.120162194081549,-2.0471038511669293,61.061985710902015,2.6244,61.062,-4.119275921791116,-2.043861265903613,61.0498218877206,2.6213
1787377045.5730598,-2.4780322992456543,7.775144395660155e-07,-1.6628343342395348e-05,-4.120331535282597,-2.047908461122155,61.075331818800116,2.6251,61.075,-4.1204235038972055,-2.0476656819830223,61.073078397315946,2.6250
1787377045.7205706,-2.4780322992324586,7.775354611884466e-07,-1.662803563200837e-05,-4.120509882986976,-2.048632146808843,61.07851815403061,2.6258,61.079,-4.120423503896979,-2.047665681983182,61.07307842241952,2.6250
1787377045.790087,-2.478032299316617,7.775465024067606e-07,-1.6626695787261133e-05,-4.120435871732658,-2.0480724171494744,61.06590434662825,2.6253,61.066,-4.1192759217909405,-2.043861265903393,61.049821938093075,2.6213
1787377045.8603332,-2.478032299218282,7.775575336401417e-07,-1.662787593284628e-05,-4.1205964301963,-2.048797293131909,61.0785813184621,2.6259,61.079,-4.1204235038975305,-2.047665681982308,61.07307844364695,2.6250
1787377045.9951322,-2.47803229925431,7.774980797334188e-07,-1.6621681947497064e-05,-4.120530141608935,-2.0483081418666376,61.0663817787677,2.6255,61.066,-4.1192759217910995,-2.0438612659029474,61.04982195763126,2.6213
1787377046.0637462,-2.478032299356269,7.77485952916236e-07,-1.6619609082791952e-05,-4.120321476944455,-2.0473437703066626,61.06171802652948,2.6246,61.062,-4.119275819540454,-2.0438610671053263,61.04982180591021,2.6213
1787377046.2029207,-2.478032299353711,7.774938131076292e-07,-1.6618700438485484e-05,-4.120213792458385,-2.0471225739382515,61.06148564628404,2.6244,61.062,-4.11927592179194,-2.0438612659013398,61.04982198814898,2.6213
1787377046.2742393,-2.4780322992585964,7.775011828675964e-07,-1.661961029051923e-05,-4.120096853895275,-2.046745138571941,61.06021354199239,2.6240,61.060,-4.119275819540737,-2.0438610671047788,61.049821818783194,2.6213
1787377046.4180365,-2.4780322992486754,7.775184700226209e-07,-1.6619090058816546e-05,-4.120050681333542,-2.046721608917887,61.060645233699304,2.6240,61.061,-4.120423503898206,-2.0476656819807224,61.07307850060945,2.6250
1787377046.489701,-2.4780322993341346,7.775280366368318e-07,-1.6617652540927675e-05,-4.120176480261913,-2.047289074985594,61.06360409895629,2.6245,61.064,-4.1192759217920765,-2.0438612659006217,61.049822010023966,2.6213
1787377046.6256077,-2.4780322993216792,7.775481310523839e-07,-1.661738250465261e-05,-4.120435015750253,-2.0484935146059366,61.07857401249666,2.6256,61.079,-4.120423503898138,-2.0476656819806314,61.073078509838986,2.6250
1787377046.6990125,-2.478032299223864,7.775585431843966e-07,-1.6618546880159565e-05,-4.120702766275145,-2.049404767500833,61.08204378746729,2.6265,61.082,-4.120423503897627,-2.0476656819811057,61.07307851766313,2.6250
1787377046.7707107,-2.4780322993080866,7.775694526969477e-07,-1.6617263516652462e-05,-4.1205363802870325,-2.0483324753570042,61.06658797711432,2.6255,61.067,-4.119275921791288,-2.0438612659010844,61.04982202571859,2.6213
1787377046.9107857,-2.4780322992936408,7.775916845976485e-07,-1.6617287460831215e-05,-4.1207321205823915,-2.049230049981257,61.08037030193088,2.6264,61.080,-4.120423605902415,-2.047665880718451,61.073078703961045,2.6250
1787377046.9799194,-2.478032299245971,7.775206407020015e-07,-1.6612417856926536e-05,-4.120835912890431,-2.0496005414662775,61.081774923035894,2.6267,61.082,-4.120423503897588,-2.0476656819807655,61.073078529869456,2.6250
1787377047.1231515,-2.4780322992571273,7.775100604971578e-07,-1.661118694197558e-05,-4.120500265913165,-2.047887711090237,61.06347804744653,2.6252,61.063,-4.119275819540157,-2.0438610671043733,61.04982186367956,2.6213
1787377047.1928132,-2.478032299345552,7.775160081279462e-07,-1.660960197200423e-05,-4.1203381069754474,-2.047323258946972,61.061401423385654,2.6246,61.061,-4.119275921791911,-2.043861265899428,61.0498220412843,2.6213
1787377047.2621472,-2.4780322992504966,7.775232585140288e-07,-1.6610566759933183e-05,-4.12007735717715,-2.0465887551650717,61.059359704658355,2.6239,61.059,-4.119275921791943,-2.043861265899094,61.04982204496966,2.6213
1787377047.4033206,-2.478032299240693,7.775403102806572e-07,-1.6610155002543832e-05,-4.120225351478888,-2.04753048768124,61.0741117157096,2.6247,61.074,-4.120423503898313,-2.0476656819792125,61.07307854198466,2.6250
1787377047.4768038,-2.4780322993262103,7.775497599269365e-07,-1.6608771119701463e-05,-4.1201373886844825,-2.047066974865483,61.06242033175518,2.6243,61.062,-4.119275921791416,-2.0438612658994937,61.04982204810389,2.6213
1787377047.611146,-2.4780322993138695,7.775696216432663e-07,-1.6608607690129467e-05,-4.1202142276395195,-2.047313720232818,61.063255140639995,2.6245,61.063,-4.119275921791797,-2.043861265898709,61.04982205073367,2.6213
1787377047.6808577,-2.4780322992161117,7.775799188418798e-07,-1.660982495192735e-05,-4.120357531366076,-2.047983515177482,61.07573307148663,2.6252,61.076,-4.120423503898109,-2.047665681979068,61.07307854729059,2.6250
1787377047.8239603,-2.4780322992021766,7.776015001762285e-07,-1.6609882729827588e-05,-4.1203931692464595,-2.0480770920503444,61.07599233534817,2.6253,61.076,-4.120423503897614,-2.0476656819795034,61.07307854936027,2.6250
1787377047.8930602,-2.4780322992860584,7.776127184400681e-07,-1.6608721910087208e-05,-4.120522308410265,-2.0486166503464416,61.07860367782485,2.6258,61.079,-4.120423605901735,-2.047665880717338,61.0730787270533,2.6250
1787377047.9626932,-2.478032299238444,7.775415615327702e-07,-1.6603903886371265e-05,-4.120492445018501,-2.048077027888381,61.065311877548105,2.6253,61.065,-4.119275921790992,-2.0438612658988924,61.04982205648088,2.6213
1787377048.1070147,-2.4780322992497066,7.775307637235631e-07,-1.6602775567710702e-05,-4.120344539627233,-2.0473900221769115,61.061855809002274,2.6247,61.062,-4.119275819540545,-2.043861067102423,61.049821881637705,2.6213
1787377048.1798272,-2.4780322993381843,7.775366045970023e-07,-1.660124135916585e-05,-4.120199484028044,-2.046887543430434,61.0600159791933,2.6242,61.060,-4.119275921791555,-2.043861265897893,61.04982205781956,2.6213
1787377048.3273292,-2.478032299329743,7.775519772973752e-07,-1.6600836005884718e-05,-4.12018930284439,-2.0470934689476032,61.061960900768064,2.6244,61.062,-4.119275921791549,-2.043861265897614,61.049822058965276,2.6213
1787377048.3970673,-2.4780322992334796,7.775605881295289e-07,-1.6601945221658908e-05,-4.120368097578886,-2.048034138093496,61.07611469179073,2.6252,61.076,-4.120423503897929,-2.0476656819782697,61.07307855486488,2.6250
1787377048.478413,-2.4780322993190476,7.775699326334864e-07,-1.6600610921630887e-05,-4.120203277817048,-2.0471610817650854,61.06244117976874,2.6244,61.062,-4.119275921790872,-2.0438612658982196,61.049822059953215,2.6213
1787377048.555562,-2.478032299221951,7.7757946337367e-07,-1.66018017109791e-05,-4.1202339834154476,-2.0472595467805124,61.06264434230486,2.6245,61.063,-4.11927592179131,-2.0438612658973736,61.04982206076128,2.6213
1787377048.7039328,-2.478032299209101,7.775997803790994e-07,-1.660181200447319e-05,-4.120358171273482,-2.047881899139889,61.0750228789747,2.6251,61.075,-4.120423503897796,-2.0476656819780246,61.07307855651565,2.6250
1787377048.7775674,-2.47803229929343,7.776104714312011e-07,-1.660062938916759e-05,-4.12046724780743,-2.0483599154174623,61.077448897414115,2.6255,61.077,-4.120423605901334,-2.0476658807161843,61.07307873364711,2.6250
1787377048.9195962,-2.4780322992791968,7.776322695077014e-07,-1.6600853286387894e-05,-4.120691136069281,-2.049066951794179,61.07978258863025,2.6262,61.080,-4.120423605901166,-2.047665880716122,61.07307873423849,2.6250
1787377048.988021,-2.478032299231632,7.775610100042765e-07,-1.6596082770969774e-05,-4.12075143508053,-2.049176562885566,61.079810921502954,2.6263,61.080,-4.120423503897062,-2.0476656819785797,61.073078557714894,2.6250
1787377049.0607984,-2.4780322993337527,7.775485513640101e-07,-1.6594164089228835e-05,-4.120608483338729,-2.048403107548818,61.0755541961157,2.6256,61.076,-4.1204235038969985,-2.0476656819784425,61.073078558173584,2.6250
1787377049.2164068,-2.4780322993315123,7.775557602397048e-07,-1.6593561728466607e-05,-4.120426554709371,-2.0476121243144636,61.06269655713827,2.6249,61.063,-4.119275921790505,-2.043861265897321,61.049822062980034,2.6213
1787377049.2921164,-2.4780322992365544,7.775628076892699e-07,-1.6594623777289208e-05,-4.120509949808842,-2.04820785070038,61.075549429770035,2.6254,61.076,-4.120423503897564,-2.047665681977502,61.073078558544665,2.6250
1787377049.3647804,-2.478032299323162,7.775709393897424e-07,-1.659324920964035e-05,-4.120390293608543,-2.0478713933143715,61.07458480241419,2.6251,61.075,-4.1204235038970385,-2.047665681977987,61.07307855888607,2.6250
1787377049.508487,-2.478032299312557,7.775887041343874e-07,-1.6593115858570556e-05,-4.12023473651998,-2.047124584384944,61.061633201145746,2.6244,61.062,-4.119275921790387,-2.0438612658969473,61.04982206363839,2.6213
1787377049.5794349,-2.478032299215506,7.775981402904811e-07,-1.6594352230433555e-05,-4.120359394662615,-2.0478480525322427,61.074863299701654,2.6251,61.075,-4.120423503897485,-2.047665681977197,61.07307855915022,2.6250
1787377049.7140317,-2.478032299202744,7.776182679030026e-07,-1.6594452453426393e-05,-4.120511198161807,-2.048487662246628,61.077857847257505,2.6257,61.078,-4.120423503896945,-2.047665681977705,61.07307855939882,2.6250
1787377049.7869484,-2.4780322992871175,7.776288645911346e-07,-1.659331425971895e-05,-4.120609407593185,-2.0487551204939627,61.07856358124741,2.6259,61.079,-4.120423605900684,-2.0476658807151504,61.07307873629097,2.6250
1787377049.8620343,-2.4780322991889987,7.776394544432093e-07,-1.6594695584013288e-05,-4.120609407593185,-2.0487551204939627,61.07856358124741,2.6259,61.079,-4.120423503896751,-2.047665681977756,61.073078559601704,2.6250
1787377050.0080106,-2.4780322992254535,7.775791224473268e-07,-1.658889970881811e-05,-4.120750315066543,-2.0490444631310933,61.07887689606688,2.6262,61.079,-4.120423503896695,-2.0476656819776387,61.073078559770295,2.6250
1787377050.0821457,-2.478032299327616,7.775665740481039e-07,-1.6587024557131016e-05,-4.1205244526493505,-2.0479323976013477,61.06390488177147,2.6252,61.064,-4.119275921789904,-2.0438612658964974,61.04982206445333,2.6213
1787377050.1559832,-2.4780322992368933,7.775679498242787e-07,-1.6587953127862438e-05,-4.12035882262541,-2.0473671847576083,61.061953321615434,2.6247,61.062,-4.119275921790391,-2.0438612658956163,61.04982206456918,2.6213
1787377050.302641,-2.47803229923054,7.775805641832177e-07,-1.658761380540552e-05,-4.120444020344158,-2.0479972921263956,61.0749070306175,2.6252,61.075,-4.120423503897181,-2.0476656819766084,61.073078560017144,2.6250
1787377050.376351,-2.4780322993171877,7.775886082162409e-07,-1.6586281678954145e-05,-4.120241039647216,-2.047058108223189,61.06117454600291,2.6244,61.061,-4.119275921789902,-2.043861265896003,61.04982206469157,2.6213
1787377050.5214283,-2.478032299306664,7.776061986831929e-07,-1.658623276010341e-05,-4.120341543949797,-2.0477162601095498,61.0741444888672,2.6249,61.074,-4.119275921790339,-2.0438612658951767,61.04982206477141,2.6213
1787377050.5964844,-2.4780322992096533,7.776155482508353e-07,-1.658751081088821e-05,-4.120255098127417,-2.0473537225540244,61.072409321465635,2.6246,61.072,-4.120423503896614,-2.0476656819769405,61.07307856021799,2.6250
1787377050.668353,-2.4780322992945942,7.776254888074597e-07,-1.6586341379923746e-05,-4.120445014541143,-2.048171842672659,61.07640825529623,2.6254,61.076,-4.120423503896623,-2.047665681976749,61.073078560289424,2.6250
1787377050.812227,-2.4780322992813844,7.776460117502612e-07,-1.6586596228096144e-05,-4.120528453892468,-2.048454892694404,61.07741888540014,2.6256,61.077,-4.120423605900192,-2.047665880713988,61.07307873711086,2.6250
1787377050.8843431,-2.478032299183305,7.776565148921288e-07,-1.6588018117670864e-05,-4.120626003741114,-2.0487409137751205,61.078269015176,2.6259,61.078,-4.120423503896382,-2.047665681976872,61.07307856035637,2.6250
1787377051.0231607,-2.478032299219839,7.775960107030675e-07,-1.6582302490762478e-05,-4.1207237029761306,-2.048992948547738,61.07886649151321,2.6262,61.079,-4.1204235038962915,-2.0476656819767953,61.07307856040964,2.6250
1787377051.0930808,-2.4780322993220376,7.775833793765272e-07,-1.658046732462284e-05,-4.120463960869683,-2.0476749034746735,61.06277277845427,2.6250,61.063,-4.119275921789366,-2.043861265895427,61.0498220650415,2.6213
1787377051.1628861,-2.478032299231352,7.77584673022436e-07,-1.6581435611759184e-05,-4.120520638694823,-2.0481379036464324,61.074965524709015,2.6254,61.075,-4.120423503896802,-2.0476656819759507,61.07307856043848,2.6250
1787377051.3131309,-2.478032299225071,7.775971259130698e-07,-1.6581175105367963e-05,-4.120614685518311,-2.048601955985223,61.07739616143788,2.6258,61.077,-4.120423503896296,-2.047665681976407,61.07307856048817,2.6250
1787377051.387564,-2.4780322993117543,7.776050901144439e-07,-1.6579882041260175e-05,-4.120341059929303,-2.0472995925883097,61.061582974306454,2.6246,61.062,-4.119275921789273,-2.0438612658950666,61.04982206511528,2.6213
1787377051.459996,-2.4780322992156125,7.776134379539805e-07,-1.6581118493159013e-05,-4.120387809940455,-2.0476424515337057,61.07285189934679,2.6249,61.073,-4.120423503896728,-2.0476656819756616,61.07307856050656,2.6250
1787377051.6073112,-2.4780322992043256,7.776317876082418e-07,-1.6581226614417037e-05,-4.120496174101333,-2.048223703711991,61.07614431366985,2.6254,61.076,-4.120423503894784,-2.047665681978015,61.0730785605852,2.6250
1787377051.6810703,-2.4780322992893016,7.776416475589883e-07,-1.6580095108673514e-05,-4.1205465950954805,-2.0484045300963425,61.07682785111394,2.6256,61.077,-4.1204236058997505,-2.047665880713087,61.07307873734477,2.6250
1787377051.824151,-2.4780322992761628,7.776620103273988e-07,-1.6580425131435058e-05,-4.1206424966235,-2.0486620960139557,61.07748923563872,2.6259,61.078,-4.120423605899653,-2.0476658807129766,61.07307873736634,2.6250
1787377051.894841,-2.478032299178119,7.776724331177694e-07,-1.658188431126895e-05,-4.120689592120273,-2.048792652245185,61.07784506105725,2.6260,61.078,-4.1204235038959744,-2.0476656819760772,61.07307856059122,2.6250
1787377051.9710627,-2.478032299262169,7.776832880484119e-07,-1.658089219685054e-05,-4.12070408023389,-2.048791496550115,61.07764897675019,2.6260,61.078,-4.120423605899544,-2.0476658807128847,61.073078737384975,2.6250
1787377052.120126,-2.478032299316956,7.775990619357553e-07,-1.6574443770261722e-05,-4.120460127186922,-2.047600471484886,61.06235662819958,2.6249,61.062,-4.119275921788893,-2.0438612658943542,61.049822065222735,2.6213
1787377052.1909842,-2.4780322992263026,7.776002815227951e-07,-1.657544864905776e-05,-4.120487761875698,-2.047933379939633,61.073848387715685,2.6252,61.074,-4.120423503896416,-2.047665681975142,61.07307856060607,2.6250
1787377052.3257442,-2.478032299220086,7.776125849022204e-07,-1.6575260301292314e-05,-4.120262774278706,-2.046963512615657,61.06018327612579,2.6243,61.060,-4.119275921788968,-2.043861265894036,61.049822065231446,2.6213
1787377052.3979237,-2.4780322993068005,7.776204737314858e-07,-1.6574002852199512e-05,-4.12006590352352,-2.046248315748012,61.05712998274258,2.6236,61.057,-4.119275921789408,-2.043861265893227,61.04982206522803,2.6213
1787377052.4699295,-2.478032299210691,7.776287480535499e-07,-1.6575274966818906e-05,-4.120160750462303,-2.0470162765281947,61.07135085769078,2.6243,61.071,-4.12042350389649,-2.047665681974666,61.07307856062228,2.6250
1787377052.6153672,-2.4780322991994677,7.776469494737116e-07,-1.6575453350996432e-05,-4.1203030953605335,-2.0477200720939415,61.07494625278385,2.6249,61.075,-4.120423503895916,-2.0476656819752326,61.073078560644774,2.6250
1787377052.6956663,-2.478032299284475,7.776567357680993e-07,-1.657435649840901e-05,-4.120381590624348,-2.0479118779194856,61.07534540169038,2.6251,61.075,-4.120423605899294,-2.0476658807120525,61.07307873743683,2.6250
1787377052.7702985,-2.4780322991869204,7.776665949961979e-07,-1.6575781124459877e-05,-4.120466937074533,-2.0481968570202107,61.076345630536814,2.6254,61.076,-4.120423605899208,-2.0476658807119312,61.07307873744364,2.6250
1787377052.9101048,-2.478032299173388,7.776873005071799e-07,-1.6576248686028803e-05,-4.120562805055683,-2.0484061646569165,61.07664913412702,2.6256,61.077,-4.120423503895625,-2.047665681975258,61.07307856066269,2.6250
1787377052.9818244,-2.4780322992574693,7.776980813923163e-07,-1.6575290354167396e-05,-4.120610059722067,-2.0485308980687296,61.07695937233159,2.6257,61.077,-4.1204236058990915,-2.0476658807118593,61.073078737450366,2.6250
1787377053.0624552,-2.4780322992100556,7.776264903511156e-07,-1.6570674177399405e-05,-4.120396002779561,-2.047391316133513,61.06165376099006,2.6247,61.062,-4.119275921788425,-2.0438612658933573,61.049822065278256,2.6213
1787377053.2077022,-2.4780322992216925,7.776148628772025e-07,-1.6569947442651748e-05,-4.120435742391441,-2.0477698701367086,61.07335537200946,2.6250,61.073,-4.1204235038960535,-2.0476656819743515,61.0730785606572,2.6250
1787377053.2808528,-2.4780322993103527,7.776202936077205e-07,-1.656861171123885e-05,-4.120209366430923,-2.0467926302683903,61.059694025001924,2.6241,61.060,-4.119275921788495,-2.0438612658930553,61.04982206527842,2.6213
1787377053.4255402,-2.478032299302276,7.776348517911824e-07,-1.656860037924206e-05,-4.120331104774559,-2.047634839446685,61.073956889691914,2.6249,61.074,-4.120423605899502,-2.0476658807106487,61.07307873744504,2.6250
1787377053.4975507,-2.478032299206195,7.776430582173081e-07,-1.656990504809106e-05,-4.1204024696436194,-2.0479234598978393,61.07517278950547,2.6251,61.075,-4.120423503895497,-2.0476656819747254,61.073078560676045,2.6250
1787377053.5715313,-2.4780322992919435,7.776519974548961e-07,-1.65687641995379e-05,-4.12045738606344,-2.048076192529787,61.07558904975737,2.6253,61.076,-4.12042360589887,-2.047665880711251,61.07307873746322,2.6250
1787377053.7149973,-2.478032299280064,7.776708429025052e-07,-1.6569082724599164e-05,-4.120565424301802,-2.048370776693091,61.07636580715808,2.6256,61.076,-4.120423605898788,-2.0476658807111408,61.07307873746591,2.6250
1787377053.7893517,-2.4780322991825376,7.77680633870238e-07,-1.657053900348858e-05,-4.12058567732631,-2.048391133566137,61.07625368140258,2.6256,61.076,-4.120423503895307,-2.0476656819746397,61.07307856068308,2.6250
1787377053.8631961,-2.4780322992670456,7.776909224335065e-07,-1.6569544538045416e-05,-4.120619634341196,-2.0484520276614204,61.0762647777904,2.6257,61.076,-4.120423503895253,-2.0476656819745225,61.073078560684756,2.6250
1787377054.0105493,-2.4780322992531723,7.77711917355643e-07,-1.6570141562399314e-05,-4.120630007320931,-2.0484834368621114,61.07636346514168,2.6257,61.076,-4.120423605898631,-2.047665880710917,61.07307873747014,2.6250
1787377054.082539,-2.478032299205787,7.776402586900423e-07,-1.6565556154685532e-05,-4.120641536696917,-2.0485124339067786,61.07642926057864,2.6258,61.076,-4.1204235038952,-2.04766568197443,61.07307856068636,2.6250
1787377054.1553085,-2.4780322993080746,7.776274172992227e-07,-1.656382184487916e-05,-4.120417343156928,-2.0476372538059207,61.072603644311585,2.6249,61.073,-4.120423503895143,-2.047665681974329,61.073078560687655,2.6250
1787377054.298552,-2.4780322993061623,7.776338717119377e-07,-1.6563585437777477e-05,-4.120187823447167,-2.0466661758661586,61.05899210765879,2.6240,61.059,-4.119275921788054,-2.0438612658921054,61.04982206529188,2.6213
1787377054.370015,-2.478032299211368,7.776405457573144e-07,-1.6564828974676873e-05,-4.120238211712896,-2.0471301531068544,61.071158697884655,2.6244,61.071,-4.120423503895731,-2.0476656819734083,61.0730785606713,2.6250
1787377054.5068347,-2.4780322992020816,7.776564478140853e-07,-1.6564968581661876e-05,-4.120302318988148,-2.047542688461093,61.07366506987706,2.6248,61.074,-4.120423605898621,-2.0476658807102903,61.073078737468435,2.6250
1787377054.5781324,-2.4780322992878547,7.776653244228162e-07,-1.6563857222834478e-05,-4.120410005326005,-2.0479508992741837,61.07529334140721,2.6252,61.075,-4.120423605898465,-2.0476658807102837,61.07307873747169,2.6250
1787377054.6566403,-2.478032299190965,7.776743893557567e-07,-1.65652701858675e-05,-4.120472330980739,-2.048096827413159,61.075561302993236,2.6253,61.076,-4.120423503895033,-2.047665681973978,61.07307856068918,2.6250
1787377054.8114004,-2.4780322991785257,7.776937750336341e-07,-1.6565719434989418e-05,-4.120537996126255,-2.0482479367325994,61.07582683611399,2.6255,61.076,-4.120423503894971,-2.04766568197389,61.07307856069005,2.6250
1787377054.887185,-2.478032299263059,7.777040006984857e-07,-1.656475366350082e-05,-4.120557982926295,-2.04827917930974,61.075798776292785,2.6255,61.076,-4.12042360589826,-2.0476658807101407,61.073078737475036,2.6250
1787377054.9618022,-2.4780322991651014,7.777142203479125e-07,-1.656630670407893e-05,-4.120581435254243,-2.0483261684137153,61.075843294373556,2.6256,61.076,-4.120423605898198,-2.0476658807100154,61.073078737475406,2.6250
1787377055.1002998,-2.4780322992018777,7.776531511277023e-07,-1.6560850187985423e-05,-4.120596434345461,-2.0483598868055455,61.075898686306076,2.6256,61.076,-4.120423503894859,-2.047665681973705,61.07307856069123,2.6250
1787377055.1694438,-2.4780322993041892,7.776402502209054e-07,-1.6559143924868333e-05,-4.120355442437079,-2.0471868434219918,61.06068676806791,2.6245,61.061,-4.120423503894806,-2.047665681973608,61.07307856069161,2.6250
1787377055.3141952,-2.478032299302323,7.776465888152955e-07,-1.6558963210045947e-05,-4.120404579737697,-2.0477442818813283,61.07383503177475,2.6250,61.074,-4.120423605898624,-2.0476658807090558,61.07307873746094,2.6250
1787377055.385621,-2.478032299207552,7.7765320487342e-07,-1.656023436088984e-05,-4.120438848101421,-2.047904307088688,61.074580792230535,2.6252,61.075,-4.120423503894831,-2.0476656819734127,61.07307856068982,2.6250
1787377055.4599028,-2.4780322992943433,7.776609049968907e-07,-1.655906672141812e-05,-4.1204755114393965,-2.048034747994322,61.07506978400448,2.6253,61.075,-4.120423605898057,-2.0476658807095958,61.07307873747502,2.6250
1787377055.6140113,-2.4780322992841066,7.776778095177511e-07,-1.6559343839979264e-05,-4.12052111908904,-2.0481317843811078,61.075195683683866,2.6254,61.075,-4.120423605897975,-2.0476658807094954,61.07307873747568,2.6250
1787377055.687943,-2.4780322991872406,7.776868166913117e-07,-1.6560783678722055e-05,-4.1205475494346215,-2.048227101419878,61.075558234299564,2.6255,61.076,-4.120423503894685,-2.047665681973288,61.07307856069155,2.6250
1787377055.7582498,-2.478032299272325,7.776964149547934e-07,-1.6559774201203657e-05,-4.120567405765746,-2.048244780666053,61.07543193105409,2.6255,61.075,-4.120423503894621,-2.0476656819732075,61.073078560692046,2.6250
1787377055.8995843,-2.4780322992594033,7.777162547395835e-07,-1.6560346185074243e-05,-4.120582883755244,-2.0483003251842167,61.07564298994213,2.6255,61.076,-4.120423605897841,-2.0476658807092756,61.07307873747626,2.6250
1787377055.9668818,-2.478032299161469,7.777264156763727e-07,-1.6561925253149755e-05,-4.120568913614167,-2.048790835352909,61.07602884625567,2.6259,61.076,-4.120423605897841,-2.0476658807092756,61.07307873747626,2.6250
1787377056.1023679,-2.478032299198292,7.776652305964481e-07,-1.6556520209484026e-05,-4.120614082893628,-2.0483920384288186,61.07591814854744,2.6256,61.076,-4.120423605897757,-2.047665880709184,61.07307873747693,2.6250
1787377056.1735854,-2.4780322993006245,7.776522750297071e-07,-1.6554839569371454e-05,-4.120619074395296,-2.048386481907038,61.07581266648197,2.6256,61.076,-4.1204236058977,-2.0476658807090593,61.07307873747682,2.6250
1787377056.3262336,-2.4780322992988,7.77658506460145e-07,-1.6554709814796426e-05,-4.1205938535909805,-2.0483037802118065,61.075529811005346,2.6256,61.076,-4.120423605897649,-2.047665880708949,61.07307873747677,2.6250
1787377056.4042237,-2.4780322992040498,7.776650691311787e-07,-1.6556006337444853e-05,-4.120579426712714,-2.0482457112439354,61.07528796877689,2.6255,61.075,-4.120423503894426,-2.0476656819728247,61.07307856069226,2.6250
1787377056.4754713,-2.478032299290861,7.776727159335595e-07,-1.655486365110399e-05,-4.120574093259508,-2.0482388901867994,61.07530772636451,2.6255,61.075,-4.1204236058976065,-2.0476658807088026,61.073078737476244,2.6250
1787377056.6212888,-2.4780322992806663,7.776895136134515e-07,-1.65551903920078e-05,-4.120569222759688,-2.0482224183058295,61.07525058731671,2.6255,61.075,-4.120423605897547,-2.0476658807086907,61.073078737476244,2.6250
1787377056.6970031,-2.478032299183821,7.776984673533549e-07,-1.655665475806297e-05,-4.120562649181321,-2.0481972170342932,61.0751501225505,2.6255,61.075,-4.120423503894341,-2.0476656819726244,61.07307856069197,2.6250
1787377056.7697873,-2.4780322992689254,7.777080116152201e-07,-1.6555669553050024e-05,-4.120557093628383,-2.048176058043418,61.0750670568937,2.6254,61.075,-4.120423503894294,-2.0476656819725223,61.073078560691854,2.6250
1787377056.907291,-2.478032299256046,7.777277439412905e-07,-1.6556289715707322e-05,-4.120554382716664,-2.0481744499429606,61.075091102204574,2.6254,61.075,-4.120423605897441,-2.047665880708456,61.07307873747594,2.6250
1787377056.980642,-2.478032299158133,7.77737851591115e-07,-1.6557892754096697e-05,-4.1205557909817365,-2.0481831364168293,61.075137778259545,2.6254,61.075,-4.120423503894252,-2.0476656819724335,61.073078560691776,2.6250
1787377057.0554767,-2.478032299242313,7.77748390431613e-07,-1.655704275386534e-05,-4.120545707010869,-2.048132508354428,61.074895262822984,2.6254,61.075,-4.120423503894206,-2.047665681972349,61.073078560691805,2.6250
1787377057.20187,-2.4780322992973502,7.776635527370179e-07,-1.655087751284568e-05,-4.120548777428432,-2.048162140454767,61.07507548576898,2.6254,61.075,-4.120423605897329,-2.0476658807082173,61.07307873747563,2.6250
1787377057.271133,-2.478032299206815,7.776644784245773e-07,-1.6552023540512533e-05,-4.120538469223345,-2.048117759461031,61.07488183087198,2.6254,61.075,-4.120423605897269,-2.047665880708119,61.073078737475775,2.6250
1787377057.4228194,-2.478032299200831,7.776761984949667e-07,-1.655211395729882e-05,-4.120544018965115,-2.048147663886403,61.07503186020689,2.6254,61.075,-4.120423503894125,-2.0476656819721604,61.07307856069145,2.6250
1787377057.495034,-2.478032299287661,7.776837956364156e-07,-1.655099411900395e-05,-4.120544228135141,-2.0481409184704114,61.07497961672654,2.6254,61.075,-4.120423605897218,-2.0476658807080157,61.07307873747568,2.6250
1787377057.5689518,-2.478032299191668,7.776917792824136e-07,-1.6552403494172038e-05,-4.120533831698584,-2.04809134225642,61.07474828322398,2.6254,61.075,-4.120423503894072,-2.0476656819720684,61.0730785606915,2.6250
1787377057.7124238,-2.4780322991806765,7.777093997208065e-07,-1.655285298969107e-05,-4.120530159270427,-2.048087374298204,61.074767605210816,2.6254,61.075,-4.120423503894034,-2.0476656819719654,61.073078560691194,2.6250
1787377057.7842019,-2.4780322992657995,7.777188939509427e-07,-1.6551889929450327e-05,-4.12053048805162,-2.0480959632233864,61.07482753424087,2.6254,61.075,-4.120423605897115,-2.047665880707785,61.07307873747528,2.6250
1787377057.9224696,-2.4780322992529578,7.777385272639574e-07,-1.655255397004896e-05,-4.120528332658302,-2.0480844395226763,61.074770646976575,2.6253,61.075,-4.120423503893984,-2.0476656819718793,61.07307856069124,2.6250
1787377057.9956987,-2.478032299155064,7.777485853473925e-07,-1.6554178820925005e-05,-4.120524737192856,-2.048062971013112,61.07465949361485,2.6253,61.075,-4.120423503893941,-2.0476656819717896,61.07307856069111,2.6250
1787377058.069361,-2.478032299239263,7.77759074446294e-07,-1.6553350383731336e-05,-4.120522647340281,-2.048064699038754,61.074699964208456,2.6253,61.075,-4.120423605897008,-2.0476658807075627,61.07307873747501,2.6250
1787377058.2138753,-2.4780322992943367,7.776741402584645e-07,-1.6547228150696868e-05,-4.12052111443303,-2.0480560051144763,61.07465644796943,2.6253,61.075,-4.120423605896949,-2.0476658807074535,61.073078737474944,2.6250
1787377058.287713,-2.478032299203819,7.776750197467869e-07,-1.654839553941944e-05,-4.120523385319841,-2.0480698715559944,61.07473017259043,2.6253,61.075,-4.120423503893862,-2.0476656819716217,61.073078560690874,2.6250
1787377058.3599458,-2.478032299292583,7.776801798902583e-07,-1.6547187538135364e-05,-4.120518962552459,-2.0480528491548577,61.07466253877822,2.6253,61.075,-4.12042350389381,-2.04766568197153,61.073078560690874,2.6250
1787377058.503567,-2.478032299284714,7.776941989979104e-07,-1.6547429302356914e-05,-4.120516542228264,-2.0480390950758562,61.074592566270034,2.6253,61.075,-4.120423605896846,-2.0476658807072465,61.073078737474745,2.6250
1787377058.5722718,-2.478032299188738,7.777021368442813e-07,-1.6548859569279386e-05,-4.12051510447196,-2.048035509572585,61.074585154501186,2.6253,61.075,-4.1204236058967965,-2.0476658807071426,61.0730787374746,2.6250
1787377058.7124794,-2.47803229917778,7.77719665651463e-07,-1.6549350150758703e-05,-4.120511981682994,-2.048023634305674,61.07453870478323,2.6253,61.075,-4.120423503893727,-2.047665681971351,61.0730785606906,2.6250
1787377058.7858362,-2.47803229926292,7.777291145078197e-07,-1.65484074127569e-05,-4.120511418254672,-2.0480222659843816,61.07453637053466,2.6253,61.075,-4.120423605896746,-2.047665880707038,61.07307873747446,2.6250
1787377058.8580027,-2.4780322991654997,7.777386370726852e-07,-1.654998570534008e-05,-4.120510595296162,-2.048018182215568,61.07451768965559,2.6253,61.075,-4.120423605896692,-2.0476658807069317,61.0730787374744,2.6250
1787377059.0004451,-2.4780322991522366,7.777586688189123e-07,-1.655075665264211e-05,-4.120510892613281,-2.048019271451624,61.07452230789783,2.6253,61.075,-4.120423503893646,-2.0476656819711843,61.07307856069042,2.6250
1787377059.0717888,-2.4780322992364527,7.777691115876866e-07,-1.6549947851481914e-05,-4.12050778243981,-2.0480035278610087,61.074446580161,2.6253,61.074,-4.1204235038936,-2.0476656819710963,61.07307856069034,2.6250
1787377059.21699,-2.4780322992915593,7.776840886652547e-07,-1.6543864966348963e-05,-4.120505029354707,-2.0479970415250586,61.07443518951803,2.6253,61.074,-4.120423605896589,-2.0476658807067194,61.073078737474084,2.6250
1787377059.2869565,-2.478032299201057,7.77684925316153e-07,-1.654505191571976e-05,-4.120505525545136,-2.047999367801691,61.07444635204814,2.6253,61.074,-4.120423503893562,-2.0476656819710115,61.07307856069018,2.6250
1787377059.35991,-2.4780322992898363,7.776900432185927e-07,-1.6543863332370038e-05,-4.120503465153887,-2.047981409085642,61.074340972642304,2.6253,61.074,-4.12042350389352,-2.0476656819709302,61.073078560690114,2.6250
1787377059.5094588,-2.4780322992819976,7.777039774255982e-07,-1.654414350994674e-05,-4.120501170821471,-2.04797968074962,61.074358431397215,2.6252,61.074,-4.1204236058964945,-2.0476658807065253,61.07307873747384,2.6250
1787377059.584626,-2.4780322991860366,7.777118727735207e-07,-1.6545592817848726e-05,-4.120506137287437,-2.0480029858024595,61.07446699864779,2.6253,61.074,-4.12042350389348,-2.0476656819708428,61.07307856068997,2.6250
1787377059.658799,-2.4780322992719035,7.777205001250666e-07,-1.654459485750401e-05,-4.12049850941737,-2.0479694936729294,61.07431876436341,2.6252,61.074,-4.120423503893433,-2.047665681970763,61.073078560689986,2.6250
1787377059.7998383,-2.4780322992602652,7.777387234310959e-07,-1.6545196804009326e-05,-4.120501527534479,-2.047984155262117,61.074388620274945,2.6253,61.074,-4.120423605896397,-2.047665880706332,61.07307873747365,2.6250
1787377059.8750455,-2.478032299162861,7.777482029292556e-07,-1.654679349922276e-05,-4.120496994213671,-2.047957963528164,61.07425386454633,2.6252,61.074,-4.120423605896344,-2.047665880706239,61.07307873747365,2.6250
1787377060.015968,-2.478032299149629,7.777681483206499e-07,-1.6547600813480882e-05,-4.120499502270445,-2.0479772562289633,61.07436503439126,2.6252,61.074,-4.120423503893359,-2.047665681970593,61.073078560689645,2.6250
1787377060.0782237,-2.4780322992338606,7.777785480191134e-07,-1.654681004479726e-05,-4.1204857283054075,-2.0481806095025465,61.07446327366529,2.6254,61.074,-4.120423503893359,-2.047665681970593,61.073078560689645,2.6250
1787377060.216915,-2.4780322992713,7.777160505645548e-07,-1.6541538898181528e-05,-4.120511387441876,-2.0480145057735055,61.074487230814135,2.6253,61.075,-4.12042350389331,-2.0476656819705235,61.07307856068978,2.6250
1787377060.287842,-2.47803229919161,7.777023959454257e-07,-1.654244107022128e-05,-4.120513030082577,-2.0480110155161944,61.07444033911386,2.6253,61.074,-4.12042350389327,-2.047665681970447,61.073078560689694,2.6250
1787377060.419336,-2.478032299190005,7.77708098553191e-07,-1.6542507048644386e-05,-4.1205107585074465,-2.048001488475928,61.07439977799694,2.6253,61.074,-4.120423503893226,-2.0476656819703574,61.073078560689616,2.6250
1787377060.4936445,-2.4780322992776234,7.777146604632775e-07,-1.6541413923338493e-05,-4.120504368785439,-2.047978103594055,61.074310002598665,2.6252,61.074,-4.120423605896148,-2.047665880705857,61.07307873747332,2.6250
1787377060.5739963,-2.4780322991822454,7.777218475184548e-07,-1.6542854854854102e-05,-4.120495296522567,-2.047944238543995,61.07417750695104,2.6252,61.074,-4.120423503893196,-2.047665681970284,61.073078560689424,2.6250
1787377060.725324,-2.4780322991722277,7.777381954935118e-07,-1.6543372841202245e-05,-4.120490543941229,-2.0479336128937766,61.07416110577616,2.6252,61.074,-4.120423503893156,-2.0476656819701904,61.07307856068921,2.6250
1787377060.8021076,-2.478032299257747,7.777471606343702e-07,-1.6542445588438118e-05,-4.120486809852467,-2.0479163181349294,61.074082407919036,2.6252,61.074,-4.120423605896059,-2.0476658807056554,61.07307873747291,2.6250
1787377060.8799613,-2.478032299160659,7.777562552300794e-07,-1.6544040580002957e-05,-4.120490322477801,-2.047939084171047,61.074205813548055,2.6252,61.074,-4.120423503893121,-2.047665681970109,61.073078560689055,2.6250
1787377060.9629557,-2.4780322992455637,7.777658932620697e-07,-1.6543184052421653e-05,-4.120487160214668,-2.0479248049463212,61.07414177998547,2.6252,61.074,-4.120423503893078,-2.0476656819700403,61.07307856068912,2.6250
1787377061.1059918,-2.478032299232389,7.777857019806186e-07,-1.6544056795464117e-05,-4.120485997748306,-2.04791682491665,61.07409808915806,2.6252,61.074,-4.120423605895967,-2.0476658807054737,61.07307873747275,2.6250
1787377061.1774652,-2.478032299134368,7.777958065471348e-07,-1.6545784147814266e-05,-4.120485072763868,-2.0479137428449676,61.07408761547435,2.6252,61.074,-4.12042350389304,-2.0476656819699532,61.07307856068893,2.6250
1787377061.2569704,-2.4780322992701764,7.777227649906078e-07,-1.6538788513223943e-05,-4.120482275285757,-2.0479014527509944,61.07403361899178,2.6252,61.074,-4.120423503893004,-2.047665681969883,61.073078560688856,2.6250
1787377061.4009228,-2.4780322992825767,7.777097270112744e-07,-1.653843170730961e-05,-4.120482729149453,-2.0479061628500324,61.07406298589872,2.6252,61.074,-4.120423605895881,-2.047665880705291,61.07307873747246,2.6250
1787377061.4712138,-2.478032299189216,7.777143898000656e-07,-1.653976936489939e-05,-4.1204809739189665,-2.0478967022213563,61.07401598001932,2.6252,61.074,-4.120423503892957,-2.047665681969789,61.07307856068875,2.6250
1787377061.618692,-2.4780322991816095,7.777279370105381e-07,-1.6540127363637294e-05,-4.120478904436361,-2.047888890868574,61.07398563896566,2.6252,61.074,-4.120423503892921,-2.047665681969711,61.073078560688636,2.6250
1787377061.6908574,-2.478032299268027,7.777358897784312e-07,-1.6539128620947177e-05,-4.12048356769128,-2.0479103893644264,61.074084733725854,2.6252,61.074,-4.12042360589579,-2.047665880705111,61.07307873747229,2.6250
1787377061.7634695,-2.4780322991717085,7.777441222755804e-07,-1.6540656209246756e-05,-4.120476502818311,-2.047879949576413,61.07395155538748,2.6252,61.074,-4.120423605895742,-2.047665880705027,61.07307873747229,2.6250
1787377061.9093993,-2.4780322991602333,7.777620464698002e-07,-1.6541335403813335e-05,-4.120477403279914,-2.047886039160758,61.07398521782991,2.6252,61.074,-4.120423503892849,-2.0476656819695638,61.073078560688444,2.6250
1787377061.9840684,-2.4780322992451773,7.777716229783317e-07,-1.6540484563443855e-05,-4.1204758002563056,-2.0478764062255315,61.0739349883258,2.6252,61.074,-4.120423605895699,-2.0476658807049315,61.07307873747211,2.6250
1787377062.05508,-2.478032299147595,7.77781236806918e-07,-1.6542153482484285e-05,-4.120474686527105,-2.0478662564739833,61.07387494612537,2.6251,61.074,-4.120423605895658,-2.047665880704845,61.07307873747198,2.6250
1787377062.1992536,-2.4780322991340835,7.778013697193721e-07,-1.6543102334678018e-05,-4.120473647985283,-2.047869568932756,61.073913145591554,2.6251,61.074,-4.1204235038927735,-2.047665681969408,61.07307856068822,2.6250
1787377062.2757087,-2.478032299269921,7.777282783216104e-07,-1.6536112468878153e-05,-4.120473393464281,-2.047868902220817,61.07391179785414,2.6251,61.074,-4.120423605895612,-2.047665880704753,61.073078737471896,2.6250
1787377062.4203029,-2.4780322992823476,7.777151886553509e-07,-1.653577063445809e-05,-4.12047801397056,-2.0478877642671414,61.0739918147241,2.6252,61.074,-4.120423503892744,-2.0476656819693546,61.073078560688195,2.6250
1787377062.4916542,-2.478032299188995,7.777198304371286e-07,-1.6537116002806513e-05,-4.120481458299114,-2.047895698171498,61.074006089634004,2.6252,61.074,-4.120423503892694,-2.047665681969268,61.07307856068822,2.6250
1787377062.561781,-2.4780322992767023,7.777262652812684e-07,-1.6536035355671104e-05,-4.120481458299114,-2.047895698171498,61.074006089634004,2.6252,61.074,-4.120423605895519,-2.0476658807045847,61.07307873747183,2.6250
1787377062.7137456,-2.478032299267826,7.777412707320078e-07,-1.6536498080216308e-05,-4.120473845676889,-2.047865528762223,61.073882417717016,2.6251,61.074,-4.120423605895476,-2.04766588070449,61.073078737471654,2.6250
1787377062.786431,-2.478032299171514,7.777494830857106e-07,-1.6538033218590547e-05,-4.120470158248629,-2.0478508178861854,61.073821671690645,2.6251,61.074,-4.120423503892624,-2.0476656819691184,61.07307856068799,2.6250
1787377062.8577228,-2.4780322992570887,7.777583567730858e-07,-1.6537118972520296e-05,-4.12046998052821,-2.047854968608061,61.073855047228065,2.6251,61.074,-4.120423605895438,-2.0476658807044053,61.073078737471484,2.6250
1787377063.0126598,-2.478032299245004,7.777769159853041e-07,-1.6537883723931216e-05,-4.1204676206048,-2.047841072207417,61.07378331765949,2.6251,61.074,-4.120423605895393,-2.0476658807043213,61.07307873747146,2.6250
1787377063.08625,-2.4780322991474297,7.777865043169247e-07,-1.6539559921415682e-05,-4.120468091519252,-2.0478479807308623,61.07382858177423,2.6251,61.074,-4.120423503892558,-2.047665681968977,61.07307856068776,2.6250
1787377063.1566613,-2.478032299231916,7.777965592359532e-07,-1.6538782607571982e-05,-4.120467542428809,-2.0478438556171743,61.073805398473795,2.6251,61.074,-4.120423605895352,-2.0476658807042374,61.07307873747136,2.6250
1787377063.3057086,-2.4780322992697856,7.777334615551186e-07,-1.6533540250752154e-05,-4.120467542428809,-2.0478438556171743,61.073805398473795,2.6251,61.074,-4.1204236058953105,-2.0476658807041543,61.073078737471256,2.6250
1787377063.382317,-2.4780322991902413,7.777196037341678e-07,-1.6534462162563785e-05,-4.120467440829048,-2.047842147189487,61.0737947617863,2.6251,61.074,-4.120423503892487,-2.047665681968841,61.073078560687634,2.6250
1787377063.4593642,-2.4780322992822086,7.777203523170854e-07,-1.6533215242730766e-05,-4.12046451331948,-2.047833425450301,61.07376870097681,2.6251,61.074,-4.120423503892445,-2.047665681968758,61.073078560687584,2.6250
1787377063.5905406,-2.478032299276557,7.777314122471839e-07,-1.6533496721213605e-05,-4.1204554235740725,-2.0479618492987943,61.07382336671825,2.6252,61.074,-4.120423503892445,-2.047665681968758,61.073078560687584,2.6250
1787377063.6594558,-2.4780322991812547,7.777384753530079e-07,-1.6534959018227635e-05,-4.1204675811953795,-2.047833197487455,61.07372768178409,2.6251,61.074,-4.120423605895185,-2.0476658807039123,61.07307873747106,2.6250
1787377063.8022633,-2.478032299171364,7.777545972232854e-07,-1.6535519432208858e-05,-4.12046690143645,-2.0478386569678593,61.07377721125261,2.6251,61.074,-4.120423503892377,-2.0476656819686183,61.07307856068739,2.6250
1787377063.8752203,-2.4780322992569395,7.777634559253061e-07,-1.6534613356605816e-05,-4.12046358179045,-2.0478235691280995,61.07370881611835,2.6251,61.074,-4.120423605895144,-2.0476658807038266,61.07307873747094,2.6250
1787377064.0194547,-2.4780322992448585,7.777819815017782e-07,-1.653539415351787e-05,-4.120460748331206,-2.047815884783203,61.073689178762976,2.6251,61.074,-4.120423605895106,-2.0476658807037444,61.0730787374708,2.6250
1787377064.0959241,-2.4780322991472885,7.777915499032693e-07,-1.6537078257957217e-05,-4.120460716674026,-2.0478179707564537,61.07370521623154,2.6251,61.074,-4.120423503892304,-2.047665681968469,61.07307856068722,2.6250
1787377064.17125,-2.47803229923178,7.77801582446696e-07,-1.653630851361182e-05,-4.120461053499258,-2.0478187649696804,61.07370694263308,2.6251,61.074,-4.120423605895067,-2.0476658807036676,61.07307873747071,2.6250
1787377064.3146257,-2.4780322992179475,7.778219901378037e-07,-1.6537349770139092e-05,-4.120462209388216,-2.047821147669366,61.073709968135,2.6251,61.074,-4.1204236058950245,-2.0476658807035863,61.07307873747066,2.6250
1787377064.3811343,-2.4780322991706125,7.777500091509047e-07,-1.6532984067834365e-05,-4.120455270493704,-2.047924395582453,61.07375482253663,2.6252,61.074,-4.1204236058950245,-2.0476658807035863,61.07307873747066,2.6250
1787377064.5254416,-2.4780322991825003,7.777374731628422e-07,-1.653274545670537e-05,-4.120462923151828,-2.047820543955085,61.0736966149532,2.6251,61.074,-4.120423503892199,-2.0476656819682737,61.0730785606871,2.6250
1787377064.5961876,-2.4780322992713075,7.777424240551587e-07,-1.6531650158557022e-05,-4.120460339524304,-2.047810867702682,61.073658789010665,2.6251,61.074,-4.120423605894947,-2.0476658807034345,61.07307873747051,2.6250
1787377064.666279,-2.4780322991766477,7.777486738155251e-07,-1.653310299014777e-05,-4.120460804857828,-2.047815949607119,61.07369062726589,2.6251,61.074,-4.120423503892168,-2.0476656819682026,61.07307856068697,2.6250
1787377064.810998,-2.478032299167648,7.777637069809114e-07,-1.6533655012416972e-05,-4.120456079030672,-2.0477942106713116,61.07359145670968,2.6251,61.074,-4.120423503892131,-2.0476656819681356,61.073078560686945,2.6250
1787377064.8831978,-2.4780322992535715,7.777721427847518e-07,-1.653274700056971e-05,-4.120456026542071,-2.0477991466235195,61.07362887690423,2.6251,61.074,-4.12042360589487,-2.047665880703271,61.073078737470254,2.6250
1787377065.0263162,-2.478032299242055,7.777899785445306e-07,-1.653352733871846e-05,-4.120455289925564,-2.0477921689070686,61.073587127459255,2.6251,61.074,-4.120423605894827,-2.047665880703192,61.073078737470226,2.6250
1787377065.0957217,-2.4780322991447137,7.777992661441913e-07,-1.653521255676059e-05,-4.12045517914958,-2.0477950390519255,61.073609950968,2.6251,61.074,-4.120423503892068,-2.0476656819680006,61.07307856068672,2.6250
1787377065.1681476,-2.478032299229404,7.778090517799804e-07,-1.653444448143806e-05,-4.12045470424311,-2.0477923102467805,61.07359609938942,2.6251,61.074,-4.120423503892037,-2.0476656819679415,61.073078560686675,2.6250
1787377065.3152974,-2.478032299215899,7.778290483459883e-07,-1.6535490669392256e-05,-4.120454768291484,-2.0477924440213586,61.07359658420931,2.6251,61.074,-4.120423605894752,-2.047665880703041,61.07307873747008,2.6250
1787377065.3893127,-2.4780322991686967,7.777568969512933e-07,-1.6531128299547786e-05,-4.1204559184676794,-2.0477972815149745,61.07361762609961,2.6251,61.074,-4.120423503892006,-2.0476656819678785,61.07307856068662,2.6250
1787377065.4621842,-2.4780322992711845,7.77743531294459e-07,-1.652961193764526e-05,-4.120454367076604,-2.0477883430652892,61.07357175284708,2.6251,61.074,-4.120423605894708,-2.047665880702959,61.073078737469984,2.6250
1787377065.618069,-2.4780322992696866,7.777489299714885e-07,-1.652980761934713e-05,-4.120453390942836,-2.0477846059489853,61.07355709869242,2.6251,61.074,-4.12042360589789,-2.0476658806986974,61.07307873738174,2.6250
1787377065.6932194,-2.478032299175101,7.777550796313714e-07,-1.6531265362135238e-05,-4.120453326628028,-2.0477867150833005,61.07357370087275,2.6251,61.074,-4.120423503895053,-2.0476656819636645,61.07307856060087,2.6250
1787377065.8271878,-2.4780322991662227,7.777699441620389e-07,-1.6531827948958845e-05,-4.120452595788917,-2.0477829001678827,61.073555119788246,2.6251,61.074,-4.120423605897865,-2.047665880698607,61.07307873738132,2.6250
1787377065.898602,-2.478032299252196,7.777783076647732e-07,-1.6530925396690672e-05,-4.120457176356466,-2.0478013069121985,61.073632265083944,2.6251,61.074,-4.120423605897707,-2.047665880698691,61.073078737384556,2.6250
1787377065.9687183,-2.478032299155508,7.7778686491964e-07,-1.653254683466233e-05,-4.120453046522647,-2.0477818985175262,61.073542339747746,2.6251,61.074,-4.120423605894565,-2.0476658807026813,61.073078737469785,2.6250
1787377066.1074317,-2.478032299143459,7.778052493087302e-07,-1.6533407852372307e-05,-4.120451771457099,-2.0477788417288303,61.073536429832785,2.6251,61.074,-4.120423503894856,-2.0476656819635926,61.07307856060331,2.6250
1787377066.1800616,-2.4780322992281825,7.778149829539894e-07,-1.6532645496944857e-05,-4.1204509110733865,-2.047776121685786,61.07352766347778,2.6251,61.074,-4.1204236058975106,-2.047665880698704,61.07307873738776,2.6250
1787377066.32205,-2.4780322992147337,7.778348841784837e-07,-1.6533703359101606e-05,-4.120450245080225,-2.0477747816292924,61.0735267123658,2.6251,61.074,-4.1204236058974155,-2.0476658806987023,61.07307873738924,2.6250
1787377066.3909214,-2.4780322991675567,7.777626899261984e-07,-1.6529346806436563e-05,-4.12044960604067,-2.047771065592664,61.073507596476915,2.6251,61.074,-4.1204235038946955,-2.0476656819636085,61.07307856060599,2.6250
1787377066.461893,-2.4780322992700627,7.777492896716325e-07,-1.6527836831007185e-05,-4.120448527303503,-2.0477668789223427,61.07349089545522,2.6250,61.074,-4.120423503894541,-2.0476656819637107,61.073078560609325,2.6250
1787377066.6053007,-2.4780322992685955,7.777546274678098e-07,-1.652804537197891e-05,-4.1204487917658374,-2.0477688873221456,61.07350250281646,2.6251,61.074,-4.120423605897105,-2.0476658806988737,61.07307873739566,2.6250
1787377066.6792822,-2.4780322991740222,7.777607492159919e-07,-1.652950962288579e-05,-4.120448579200062,-2.0477672582960484,61.07349329153359,2.6250,61.074,-4.120423503894475,-2.0476656819636894,61.07307856061016,2.6250
1787377066.8206754,-2.478032299165168,7.777755596500668e-07,-1.6530085063159088e-05,-4.120448548516052,-2.0477671318678103,61.073492919834614,2.6250,61.074,-4.120423503894383,-2.0476656819637036,61.07307856061177,2.6250
1787377066.8854916,-2.478032299251152,7.777838979151496e-07,-1.652918891045676e-05,-4.120449472168825,-2.0477709460858717,61.07350928887536,2.6251,61.074,-4.120423503894383,-2.0476656819637036,61.07307856061177,2.6250
1787377066.9580717,-2.478032299154474,7.777924301231301e-07,-1.6530816769993222e-05,-4.120451296392339,-2.0477768089321797,61.073529184627894,2.6251,61.074,-4.1204235038944566,-2.0476656819635113,61.07307856060887,2.6250
1787377067.1044314,-2.4780322991424457,7.778107640401698e-07,-1.6531690593681153e-05,-4.120449311593686,-2.04776673376981,61.07348058545136,2.6250,61.073,-4.12042350389455,-2.0476656819632733,61.073078560605296,2.6250
1787377067.17565,-2.4780322992271784,7.778204720303324e-07,-1.6530934491740777e-05,-4.1204472527932055,-2.047759242255193,61.073452053570136,2.6250,61.073,-4.120423605896894,-2.0476658806986805,61.07307873739725,2.6250
1787377067.3185909,-2.47803229921375,7.778403222492944e-07,-1.6532004778715828e-05,-4.1204457077249925,-2.0477564072741723,61.07345141492005,2.6250,61.073,-4.120423605896675,-2.0476658806988537,61.073078737402255,2.6250
1787377067.390035,-2.478032299166583,7.777681028227291e-07,-1.6527654570708853e-05,-4.120445198621826,-2.0477538874452326,61.073439455397164,2.6250,61.073,-4.120423503893986,-2.0476656819638133,61.073078560618995,2.6250
1787377067.4628625,-2.4780322992690946,7.777546838207085e-07,-1.652615116106731e-05,-4.120446555826854,-2.047760154379147,61.073468412721326,2.6250,61.073,-4.120423605896556,-2.0476658806988888,61.0730787374044,2.6250
1787377067.601129,-2.478032299267636,7.777599862691573e-07,-1.6526372998228984e-05,-4.120448548484289,-2.0477660524768577,61.073486350400614,2.6250,61.074,-4.12042360589671,-2.047665880698579,61.07307873739922,2.6250
1787377067.674183,-2.4780322991730674,7.777660901844635e-07,-1.6527843897498468e-05,-4.120447656348302,-2.0477604558354248,61.07345652057044,2.6250,61.073,-4.120423503894152,-2.0476656819634,61.07307856061266,2.6250
1787377067.8218486,-2.478032299164222,7.777808644025808e-07,-1.6528432469157848e-05,-4.120445331790233,-2.0477529965310435,61.07343177200452,2.6250,61.073,-4.120423503893927,-2.047665681963591,61.07307856061793,2.6250
1787377067.8923302,-2.478032299250211,7.777891831078161e-07,-1.6527542713161327e-05,-4.120444726953892,-2.0477509196161456,61.073424405588526,2.6250,61.073,-4.120423605896405,-2.047665880698756,61.07307873740561,2.6250
1787377067.9658625,-2.4780322991535386,7.777976964226793e-07,-1.6529177147741785e-05,-4.120443734290294,-2.0477478091912835,61.073414509948186,2.6250,61.073,-4.120423605896326,-2.0476658806987573,61.073078737406874,2.6250
1787377068.1097143,-2.4780322991415216,7.778159898802755e-07,-1.6530063772590188e-05,-4.120443408873443,-2.0477463007850836,61.0734076431694,2.6250,61.073,-4.120423503893595,-2.0476656819638297,61.07307856062529,2.6250
1787377068.1813185,-2.478032299226261,7.778256765947052e-07,-1.6529313902731615e-05,-4.120444615508663,-2.0477515334154415,61.07343089039505,2.6250,61.073,-4.120423605896182,-2.0476658806988306,61.073078737409794,2.6250
1787377068.322694,-2.4780322992128463,7.778454839759178e-07,-1.6530396576691522e-05,-4.120447351627729,-2.0477600962086613,61.073458946699276,2.6250,61.073,-4.120423605896296,-2.0476658806985646,61.07307873740559,2.6250
1787377068.4004188,-2.4780322991656867,7.777732430176666e-07,-1.6526052589822986e-05,-4.120445315637524,-2.047749676989029,61.07340818700802,2.6250,61.073,-4.1204235038938295,-2.04766568196335,61.07307856061732,2.6250
1787377068.475538,-2.4780322992682025,7.777598075409228e-07,-1.6524555728946717e-05,-4.120444456583739,-2.0477483536885397,61.07340974898382,2.6250,61.073,-4.120423605896114,-2.0476658806986867,61.07307873740955,2.6250
1787377068.6244357,-2.47803229926675,7.777650793934574e-07,-1.6524790694776204e-05,-4.120441779454467,-2.0477398610080573,61.0733818793491,2.6250,61.073,-4.120423605896096,-2.047665880698618,61.07307873740926,2.6250
1787377068.6970086,-2.4780322991721846,7.777711676291944e-07,-1.6526268131641677e-05,-4.120441522243626,-2.0477389879872234,61.07337882401031,2.6250,61.073,-4.120423503893267,-2.0476656819638803,61.073078560630904,2.6250
1787377068.7694762,-2.478032299259177,7.77778343346707e-07,-1.652530432348037e-05,-4.120442638749325,-2.0477436770487443,61.073399205616866,2.6250,61.073,-4.120423605895863,-2.047665880698816,61.07307873741468,2.6250
1787377068.9105983,-2.4780322992493393,7.777942117598443e-07,-1.652598620767284e-05,-4.120444463764747,-2.0477491264467247,61.07341599389145,2.6250,61.073,-4.120423605895962,-2.0476658806985792,61.07307873741102,2.6250
1787377068.9820638,-2.4780322991526713,7.778027071892206e-07,-1.652762698194026e-05,-4.120443100338259,-2.047741879417269,61.0733800332484,2.6250,61.073,-4.12042350389343,-2.047665681963477,61.07307856062472,2.6250
1787377069.0552194,-2.4780322992379475,7.778117963459753e-07,-1.6526816110477002e-05,-4.120441156672983,-2.0477348228167513,61.073353278417734,2.6250,61.073,-4.120423503893166,-2.0476656819637227,61.07307856063108,2.6250
1787377069.1992028,-2.4780322992254082,7.778306317483157e-07,-1.6527782481890984e-05,-4.120441083300932,-2.0477366121770544,61.07336763990469,2.6250,61.073,-4.120423605895601,-2.047665880698845,61.07307873741906,2.6250
1787377069.2646034,-2.4780322991276633,7.778402980668968e-07,-1.652955754245004e-05,-4.120437359743401,-2.047790900197724,61.07339094161689,2.6251,61.073,-4.120423605895601,-2.047665880698845,61.07307873741906,2.6250
1787377069.4111702,-2.4780322991648527,7.777781368366592e-07,-1.652453948553268e-05,-4.1204422128412945,-2.047738725855303,61.073368783583135,2.6250,61.073,-4.120423503893185,-2.047665681963528,61.07307856062905,2.6250
1787377069.4841948,-2.4780322992673716,7.777646857815023e-07,-1.6523048979897718e-05,-4.120440087011755,-2.0477295938233278,61.073328937035626,2.6250,61.073,-4.120423605895633,-2.0476658806985797,61.07307873741616,2.6250
1787377069.5599189,-2.4780322991770087,7.777651658772561e-07,-1.6524361454816042e-05,-4.120439337914401,-2.0477294468456955,61.073337643331925,2.6250,61.073,-4.120423503892757,-2.0476656819640007,61.07307856064001,2.6250
1787377069.7090776,-2.4780322991713613,7.77776001623429e-07,-1.65247805392477e-05,-4.120438790613495,-2.0477262248801944,61.07332108142723,2.6250,61.073,-4.120423503892779,-2.0476656819638617,61.07307856063842,2.6250
1787377069.7831016,-2.478032299258356,7.777831619064292e-07,-1.65238229930307e-05,-4.120438643319673,-2.04772726752831,61.07333082763906,2.6250,61.073,-4.120423605895267,-2.0476658806988737,61.07307873742458,2.6250
1787377069.9244745,-2.478032299248525,7.777989976526906e-07,-1.652451730015717e-05,-4.120438685861746,-2.047726861229304,61.07332742226924,2.6250,61.073,-4.120423605895299,-2.04766588069873,61.07307873742278,2.6250
1787377069.9935582,-2.4780322991518604,7.778074766955979e-07,-1.652616431375586e-05,-4.120438336925392,-2.0477254388843424,61.07332147530351,2.6250,61.073,-4.120423503892661,-2.0476656819638457,61.07307856064014,2.6250
1787377070.0636575,-2.4780322992371415,7.778165493400619e-07,-1.6525359415936136e-05,-4.1204376356211165,-2.047721979055464,61.073305133588825,2.6250,61.073,-4.120423503892595,-2.0476656819638435,61.07307856064114,2.6250
1787377070.20676,-2.4780322992246115,7.77835348764373e-07,-1.652633784436182e-05,-4.120437541667736,-2.0477228152052556,61.073312649917824,2.6250,61.073,-4.120423605895068,-2.0476658806988213,61.07307873742724,2.6250
1787377070.2763162,-2.4780322991268724,7.778449954654542e-07,-1.652811880152755e-05,-4.120437618931795,-2.047723156106212,61.0733142101113,2.6250,61.073,-4.12042350389251,-2.047665681963864,61.07307856064267,2.6250
1787377070.4187486,-2.4780322991640737,7.777827949930068e-07,-1.65231126578781e-05,-4.12043766791682,-2.047723028923243,61.07331273341044,2.6250,61.073,-4.120423503892494,-2.0476656819637995,61.073078560642365,2.6250
1787377070.488427,-2.4780322992665953,7.777693289315432e-07,-1.6521628234799133e-05,-4.12043795034623,-2.047724137950211,61.07331732594892,2.6250,61.073,-4.120423503892494,-2.0476656819637995,61.073078560642365,2.6250
1787377070.5607774,-2.4780322991762342,7.777697950523375e-07,-1.6522946958593332e-05,-4.120438199115385,-2.0477220437517167,61.07329875492453,2.6250,61.073,-4.120423605895057,-2.0476658806985437,61.07307873742492,2.6250
1787377070.7006748,-2.478032299170592,7.777806039543152e-07,-1.652337843668288e-05,-4.1204379135749445,-2.0477231644865017,61.073310844183396,2.6250,61.073,-4.120423503892336,-2.0476656819638173,61.073078560645016,2.6250
1787377070.775119,-2.4780322992575896,7.777877494657926e-07,-1.6522426967382225e-05,-4.120436663011044,-2.047717311136529,61.07328385264691,2.6250,61.073,-4.120423605894985,-2.0476658806985393,61.07307873742603,2.6250
1787377070.9221058,-2.478032299247765,7.778035561568724e-07,-1.6523133403532234e-05,-4.120436258510913,-2.047717602185568,61.07329140859546,2.6250,61.073,-4.120423605894781,-2.0476658806987116,61.07307873743078,2.6250
1787377070.9958737,-2.4780322991511046,7.778120186643683e-07,-1.652478629630982e-05,-4.120436023406473,-2.0477164062248465,61.0732856435879,2.6250,61.073,-4.12042350389224,-2.0476656819637853,61.07307856064622,2.6250
1787377071.0689113,-2.4780322992363892,7.778210747468311e-07,-1.652398728537865e-05,-4.120435791781191,-2.0477139496010555,61.07327061320048,2.6250,61.073,-4.120423503892174,-2.047665681963778,61.073078560647204,2.6250
1787377071.1508813,-2.478032299139114,7.77830208907273e-07,-1.652570935190238e-05,-4.120435933158233,-2.047716212712959,61.07328563178111,2.6250,61.073,-4.120423605894636,-2.0476658806987085,61.073078737433015,2.6250
1787377071.30015,-2.4780322991261334,7.778494700757253e-07,-1.6526764189427095e-05,-4.1204365471346245,-2.047718425309052,61.07329408247811,2.6250,61.073,-4.12042350389215,-2.047665681963732,61.07307856064715,2.6250
1787377071.3736124,-2.478032299210487,7.778595323805558e-07,-1.6526095654679148e-05,-4.1204360988449364,-2.0477155799048132,61.07327891112791,2.6250,61.073,-4.120423605894761,-2.0476658806984553,61.073078737428794,2.6250
1787377071.4505377,-2.478032299163345,7.777872328719991e-07,-1.6521769351844666e-05,-4.120435038554688,-2.0477113971069714,61.07326186211394,2.6250,61.073,-4.120423605894628,-2.0476658806985193,61.07307873743142,2.6250
1787377071.6015878,-2.4780322991755113,7.777742057595157e-07,-1.652161563163517e-05,-4.120435567402953,-2.0477148853976486,61.07328087660021,2.6250,61.073,-4.120423503891939,-2.0476656819638213,61.07307856065128,2.6250
1787377071.6751528,-2.4780322992644304,7.777789415097463e-07,-1.652056286662035e-05,-4.12043530899213,-2.047712822063968,61.07326902120162,2.6250,61.073,-4.1204236058946195,-2.047665880698459,61.073078737431054,2.6250
1787377071.8234534,-2.4780322992568724,7.777921196982943e-07,-1.6521113084933676e-05,-4.120434740643922,-2.0477116233803803,61.0732676723695,2.6250,61.073,-4.120423605894512,-2.0476658806985006,61.07307873743311,2.6250
1787377071.8942962,-2.4780322991610513,7.777996409556471e-07,-1.652269649216864e-05,-4.120434413025778,-2.0477095571471806,61.07325664093873,2.6250,61.073,-4.12042350389193,-2.0476656819636814,61.07307856065018,2.6250
1787377071.9674313,-2.4780322992470536,7.778078975481054e-07,-1.652183108224246e-05,-4.120434774402339,-2.0477114591085988,61.073266132443344,2.6250,61.073,-4.120423605894405,-2.047665880698552,61.07307873743527,2.6250
1787377072.111724,-2.478032299235684,7.778253857743046e-07,-1.652269640659189e-05,-4.120434479934313,-2.0477096096287206,61.07325627631628,2.6250,61.073,-4.120423503891888,-2.0476656819636334,61.073078560650394,2.6250
1787377072.1834924,-2.4780322991384134,7.778345030980626e-07,-1.6524424048546917e-05,-4.120436050612604,-2.0477159166141683,61.07328270864643,2.6250,61.073,-4.1204235038918045,-2.0476656819636774,61.073078560652114,2.6250
1787377072.3216856,-2.478032299125441,7.778537306042871e-07,-1.6525489929639042e-05,-4.120434951409677,-2.0477097979822334,61.07325169019501,2.6250,61.073,-4.12042350389195,-2.0476656819634043,61.07307856064737,2.6250
1787377072.3868153,-2.4780322992097994,7.778637761969001e-07,-1.6524826808183716e-05,-4.120434546079675,-2.047709567952496,61.07325530577882,2.6250,61.073,-4.12042350389195,-2.0476656819634043,61.07307856064737,2.6250
1787377072.459014,-2.478032299162663,7.777914593272851e-07,-1.6520505868595085e-05,-4.120434443312157,-2.047708304738374,61.073247437896434,2.6250,61.073,-4.1204236058942785,-2.0476658806983337,61.07307873743528,2.6250
1787377072.6031046,-2.4780322991748327,7.777784066969652e-07,-1.652036364025082e-05,-4.120433763763955,-2.0477063281718944,61.07324167333014,2.6250,61.073,-4.120423503891666,-2.0476656819635957,61.073078560653535,2.6250
1787377072.6774704,-2.478032299263754,7.777831299256093e-07,-1.6519316567098682e-05,-4.120434082873529,-2.0477082885020303,61.07325216054718,2.6250,61.073,-4.120423605894169,-2.0476658806984087,61.07307873743771,2.6250
1787377072.754047,-2.478032299169198,7.777891632660761e-07,-1.6520818108944492e-05,-4.120432875274228,-2.047702823909234,61.0732274861126,2.6250,61.073,-4.120423605894208,-2.0476658806982635,61.073078737435765,2.6250
1787377072.9036677,-2.4780322991603807,7.778037903689633e-07,-1.652146702318508e-05,-4.120432875274228,-2.047702823909234,61.0732274861126,2.6250,61.073,-4.12042350389149,-2.047665681963673,61.07307856065701,2.6250
1787377072.9747107,-2.4780322992463857,7.778120329560232e-07,-1.652060703627738e-05,-4.12043276095499,-2.0477033736776686,61.07323314914793,2.6250,61.073,-4.120423503891488,-2.047665681963602,61.073078560656384,2.6250
1787377073.1205916,-2.4780322992350223,7.778294930222936e-07,-1.6521483169617204e-05,-4.120432526603413,-2.0477021085758835,61.07322692203491,2.6250,61.073,-4.120423605894032,-2.0476658806983203,61.073078737439054,2.6250
1787377073.196276,-2.478032299137755,7.778385951756508e-07,-1.652321621152091e-05,-4.120433046838218,-2.047704415707698,61.07323728130206,2.6250,61.073,-4.1204235038914385,-2.047665681963585,61.07307856065704,2.6250
1787377073.2737277,-2.4780322992225168,7.778481956381656e-07,-1.6522495012725738e-05,-4.1204324336670615,-2.0477007881602236,61.07321845000591,2.6250,61.073,-4.12042360589403,-2.0476658806982297,61.07307873743828,2.6250
1787377073.3504877,-2.478032299124791,7.778577921488177e-07,-1.6524292544878916e-05,-4.120432461738919,-2.047701038801019,61.073220032854,2.6250,61.073,-4.1204236058938815,-2.047665880698338,61.07307873744159,2.6250
1787377073.5060332,-2.478032299162023,7.777954856678254e-07,-1.6519318843542882e-05,-4.1204325335809795,-2.0477020175745824,61.07322637974877,2.6250,61.073,-4.120423503891348,-2.047665681963552,61.07307856065817,2.6250
1787377073.5843718,-2.478032299264552,7.777819796326137e-07,-1.6517851568602757e-05,-4.120431913599125,-2.0476988200259685,61.07321083038343,2.6250,61.073,-4.120423605893904,-2.047665880698214,61.07307873744008,2.6250
1787377073.724501,-2.4780322992631203,7.777871193361907e-07,-1.6518145713910434e-05,-4.120432297282448,-2.047701448534299,61.073225342266994,2.6250,61.073,-4.120423503891263,-2.047665681963581,61.073078560659745,2.6250
1787377073.7969384,-2.478032299168566,7.77793140818901e-07,-1.6519652668976917e-05,-4.120433346634843,-2.047704803082678,61.073236625068965,2.6250,61.073,-4.120423503891329,-2.0476656819634047,61.07307856065714,2.6250
1787377073.8741508,-2.47803229925557,7.778002474149743e-07,-1.6518717894607296e-05,-4.120432371656255,-2.0476996863780172,61.07321142984583,2.6250,61.073,-4.120423605893923,-2.0476658806980357,61.073078737438216,2.6250
1787377074.0145125,-2.47803229924576,7.77815972497777e-07,-1.6519457439643567e-05,-4.120432269355809,-2.0477005869641904,61.07321947158654,2.6250,61.073,-4.120423503891222,-2.0476656819634895,61.07307856065958,2.6250
1787377074.086051,-2.478032299149108,7.778243932764185e-07,-1.6521126846130252e-05,-4.120433084536288,-2.047703527027341,61.07323074338373,2.6250,61.073,-4.120423503891252,-2.0476656819633785,61.07307856065812,2.6250
1787377074.1612554,-2.4780322992344024,7.778334057988905e-07,-1.6520343989635412e-05,-4.120432000066327,-2.047698132757205,61.073204916298174,2.6250,61.073,-4.120423605893832,-2.0476658806979824,61.07307873743916,2.6250
1787377074.3162086,-2.4780322992219035,7.778520802787404e-07,-1.6521366055823674e-05,-4.120431427520149,-2.0476971022650776,61.07320483359699,2.6250,61.073,-4.120423605893641,-2.0476658806981543,61.07307873744373,2.6250
1787377074.3928082,-2.4780322991241825,7.77861661341436e-07,-1.652316860968174e-05,-4.12043126021892,-2.0476967861060245,61.073204688796764,2.6250,61.073,-4.120423503891107,-2.0476656819634043,61.07307856066061,2.6250
1787377074.4665136,-2.47803229920855,7.778716744159526e-07,-1.652251558801721e-05,-4.120431230021538,-2.0476966388115128,61.073204068635356,2.6250,61.073,-4.120423605893615,-2.047665880698108,61.073078737443716,2.6250
1787377074.6181548,-2.478032299246258,7.778084140280578e-07,-1.6517518400638668e-05,-4.120430668020751,-2.047694343542468,61.073194458757385,2.6250,61.073,-4.120423605893586,-2.047665880698066,61.073078737443794,2.6250
1787377074.6892936,-2.4780322991667023,7.777943800203507e-07,-1.651855659786532e-05,-4.12043077842445,-2.0476951672359602,61.073199140147636,2.6250,61.073,-4.120423503891,-2.047665681963413,61.07307856066238,2.6250
1787377074.8239849,-2.4780322991653625,7.777993279321684e-07,-1.6518891348165392e-05,-4.120431396747459,-2.0476973597206074,61.07320740065137,2.6250,61.073,-4.1204235038910015,-2.0476656819633186,61.07307856066153,2.6250
1787377074.8958697,-2.478032299253111,7.778055150000078e-07,-1.651793079492841e-05,-4.120430935428206,-2.0476946673008953,61.07319349919075,2.6250,61.073,-4.120423605893559,-2.047665880697943,61.073078737443105,2.6250
1787377074.9679413,-2.478032299157865,7.778123297944777e-07,-1.6519504346873742e-05,-4.120430286505497,-2.047692588175797,61.07318662335894,2.6250,61.073,-4.120423605893445,-2.047665880698013,61.073078737445535,2.6250
1787377075.1074414,-2.478032299148107,7.778279375384161e-07,-1.6520284077322844e-05,-4.1204300440236885,-2.0476920065945814,61.073185476822296,2.6250,61.073,-4.120423503890873,-2.047665681963332,61.07307856066366,2.6250
1787377075.176314,-2.478032299233754,7.778365357042965e-07,-1.6519486073381495e-05,-4.1204299473159836,-2.0476917277537803,61.07318473562685,2.6250,61.073,-4.120423605893366,-2.047665880698028,61.073078737446906,2.6250
1787377075.3217642,-2.4780322992218267,7.778545377007287e-07,-1.6520481297079476e-05,-4.120430097266925,-2.0476924087899113,61.07318790312372,2.6250,61.073,-4.120423605893337,-2.0476658806979877,61.07307873744701,2.6250
1787377075.3939028,-2.4780322991243358,7.778638471082758e-07,-1.6522271971883496e-05,-4.120430063602792,-2.047691996314507,61.07318528452461,2.6250,61.073,-4.1204235038908426,-2.0476656819632457,61.07307856066337,2.6250
1787377075.4571753,-2.4780322992089037,7.778736225088983e-07,-1.6521607623754856e-05,-4.120428543538362,-2.047714193585441,61.073194646412865,2.6250,61.073,-4.1204235038908426,-2.0476656819632457,61.07307856066337,2.6250
1787377075.6068766,-2.4780322992469395,7.77809973071615e-07,-1.6516589923729535e-05,-4.12043011404603,-2.0476907615188997,61.073175595438286,2.6250,61.073,-4.12042360589335,-2.047665880697805,61.07307873744515,2.6250
1787377075.679581,-2.4780322991675034,7.777958015559559e-07,-1.6517620410231643e-05,-4.120430110742243,-2.0476920850806883,61.073185456433926,2.6250,61.073,-4.120423503890719,-2.047665681963265,61.073078560665444,2.6250
1787377075.810695,-2.478032299166346,7.778005398942584e-07,-1.6517941093068455e-05,-4.1204303775683,-2.0476930046629036,61.07318884127387,2.6250,61.073,-4.120423503890763,-2.0476656819631422,61.07307856066369,2.6250
1787377075.8800664,-2.478032299254166,7.778066451051861e-07,-1.651697418458424e-05,-4.120429922553262,-2.0476906928014884,61.07317768133968,2.6250,61.073,-4.120423605893267,-2.047665880697764,61.073078737446096,2.6250
1787377076.0213084,-2.478032299245516,7.778209975482754e-07,-1.6517662934188415e-05,-4.1204292565697465,-2.047688644900203,61.07317124846174,2.6250,61.073,-4.12042360589317,-2.0476658806978114,61.07307873744805,2.6250
1787377076.0897815,-2.478032299149318,7.778288853483076e-07,-1.6519310375628612e-05,-4.120429121235117,-2.0476884046256276,61.07317123135025,2.6250,61.073,-4.120423503890627,-2.047665681963176,61.07307856066613,2.6250
1787377076.1580892,-2.4780322992350037,7.778374366658122e-07,-1.6518506977486207e-05,-4.120428905729505,-2.0476875133371424,61.073167492533926,2.6250,61.073,-4.1204235038906045,-2.0476656819631325,61.073078560666104,2.6250
1787377076.300423,-2.478032299223139,7.778553608629322e-07,-1.65194920949282e-05,-4.120429227383958,-2.047688956385659,61.07317406784129,2.6250,61.073,-4.120423605893059,-2.0476658806978087,61.07307873744977,2.6250
1787377076.3674147,-2.4780322991256742,7.778646357317284e-07,-1.6521277835456525e-05,-4.120429778872923,-2.0476906391834295,61.07317940513583,2.6250,61.073,-4.1204236058930785,-2.0476658806977093,61.073078737448576,2.6250
1787377076.5056965,-2.4780322991123946,7.778840945487189e-07,-1.652245728024063e-05,-4.120429345039877,-2.0476883563650983,61.07316811280626,2.6250,61.073,-4.120423503890614,-2.04766568196298,61.073078560664555,2.6250
1787377076.576324,-2.478032299248344,7.778106712963504e-07,-1.651558156475894e-05,-4.12042907481475,-2.047687631777251,61.07316632723441,2.6250,61.073,-4.1204236058930155,-2.0476658806977115,61.07307873744959,2.6250
1787377076.717332,-2.4780322992609953,7.777969220588976e-07,-1.651546643168717e-05,-4.120428624362864,-2.047686104363197,61.07316093240986,2.6250,61.073,-4.120423605892982,-2.0476658806976835,61.07307873744987,2.6250
1787377076.7872784,-2.4780322991677552,7.778012357064813e-07,-1.6516924443275282e-05,-4.120428823076997,-2.047687281804812,61.07316707649854,2.6250,61.073,-4.120423503890453,-2.0476656819630543,61.073078560667774,2.6250
1787377076.863027,-2.478032299255572,7.778073437656895e-07,-1.65159548098734e-05,-4.120428243917056,-2.047684410931161,61.0731533963171,2.6250,61.073,-4.1204235038904695,-2.0476656819629593,61.07307856066665,2.6250
1787377077.0111654,-2.478032299246916,7.778217010616676e-07,-1.6516638490539393e-05,-4.120428210778388,-2.047684840887656,61.07315706375731,2.6250,61.073,-4.120423605892856,-2.0476658806977106,61.073078737452114,2.6250
1787377077.0841205,-2.4780322991507138,7.778295908046173e-07,-1.6518283485599236e-05,-4.120428277153564,-2.0476851746826976,61.07315866616981,2.6250,61.073,-4.120423503890389,-2.0476656819630112,61.07307856066841,2.6250
1787377077.1565447,-2.478032299236396,7.77838143367572e-07,-1.6517477590245053e-05,-4.120428226814494,-2.047684744696295,61.07315618384213,2.6250,61.073,-4.120423503890377,-2.0476656819629557,61.073078560668094,2.6250
1787377077.298274,-2.4780322992245276,7.778560657024122e-07,-1.651845790030588e-05,-4.1204284501193555,-2.047685648122203,61.0731600336932,2.6250,61.073,-4.12042360589283,-2.047665880697601,61.073078737451524,2.6250
1787377077.373246,-2.4780322991270625,7.778653378262795e-07,-1.6520241238371907e-05,-4.120428306756611,-2.0476847748947002,61.073155416673785,2.6250,61.073,-4.120423503890367,-2.0476656819629064,61.07307856066781,2.6250
1787377077.5128152,-2.478032299113784,7.778847845199652e-07,-1.6521415604522016e-05,-4.120428748490864,-2.0476866720419853,61.073163774547126,2.6250,61.073,-4.120423503890314,-2.0476656819629016,61.073078560668584,2.6250
1787377077.5827436,-2.4780322992497354,7.778113530114786e-07,-1.6514537234242005e-05,-4.12042850450583,-2.0476851474667446,61.07315568849681,2.6250,61.073,-4.120423605892835,-2.0476658806974513,61.0730787374501,2.6250
1787377077.7245631,-2.4780322992623653,7.777976279400248e-07,-1.6514420121492413e-05,-4.120428381330813,-2.047684975919677,61.07315602363196,2.6250,61.073,-4.120423503890301,-2.04766568196287,61.073078560668485,2.6250
1787377077.7987192,-2.4780322991691137,7.778019554383726e-07,-1.651587731979793e-05,-4.120428676838018,-2.047686162926191,61.07316102040261,2.6250,61.073,-4.120423503890277,-2.0476656819628154,61.07307856066842,2.6250
1787377077.870003,-2.4780322992569186,7.778080761714704e-07,-1.651490682399532e-05,-4.120428317270291,-2.0476843090749433,61.07315200039323,2.6250,61.073,-4.120423605892774,-2.0476658806973904,61.07307873745051,2.6250
1787377078.0168667,-2.47803229924824,7.77822455208223e-07,-1.6515588898301767e-05,-4.1204277579411865,-2.0476823168861578,61.07314457697657,2.6250,61.073,-4.120423605892695,-2.0476658806974277,61.073078737452114,2.6250
1787377078.088562,-2.4780322991520296,7.778303540523722e-07,-1.6517233195190196e-05,-4.120427629041906,-2.0476823317056945,61.07314635763983,2.6250,61.073,-4.1204235038901675,-2.047665681962844,61.07307856067038,2.6250
1787377078.1601398,-2.4780322992377037,7.778389131916908e-07,-1.651642641991895e-05,-4.120427547114625,-2.0476819552436254,61.07314468753321,2.6250,61.073,-4.120423503890159,-2.0476656819627896,61.073078560670034,2.6250
1787377078.3037965,-2.478032299225822,7.778568424498123e-07,-1.651740496910866e-05,-4.1204276515188685,-2.047682401389261,61.073146682003006,2.6250,61.073,-4.120423605892604,-2.047665880697404,61.07307873745332,2.6250
1787377078.3691714,-2.478032299128353,7.77866114910216e-07,-1.6519187536292765e-05,-4.120426796280809,-2.0476950514089194,61.073152119541135,2.6250,61.073,-4.120423605892597,-2.0476658806973473,61.07307873745291,2.6250
1787377078.5150142,-2.4780322991150703,7.778855571991135e-07,-1.652036002106339e-05,-4.120427785743975,-2.0476823348545956,61.07314445513091,2.6250,61.073,-4.120423503890154,-2.04766568196266,61.073078560668954,2.6250
1787377078.5861573,-2.478032299199307,7.778956711183913e-07,-1.6519748777353247e-05,-4.120427773926923,-2.0476825146687756,61.07314600415471,2.6250,61.073,-4.1204236058925625,-2.047665880697328,61.07307873745328,2.6250
1787377078.7178252,-2.4780322992545374,7.778098927222594e-07,-1.651405361541277e-05,-4.120427980775934,-2.0476832521077966,61.07314881191873,2.6250,61.073,-4.1204236058925465,-2.047665880697264,61.07307873745294,2.6250
1787377078.7905848,-2.4780322991641457,7.778102912365159e-07,-1.6515430294836912e-05,-4.120427569377785,-2.0476813621397643,61.07314013837195,2.6250,61.073,-4.120423503890098,-2.047665681962621,61.073078560669465,2.6250
1787377078.8623857,-2.478032299253046,7.778149572618674e-07,-1.6514428612640674e-05,-4.120427177723545,-2.0476803585212564,61.07313784590173,2.6250,61.073,-4.120423503890023,-2.0476656819626555,61.073078560670965,2.6250
1787377079.0015619,-2.4780322992454806,7.778279641978633e-07,-1.6515079253090426e-05,-4.1204271318455135,-2.047680234316852,61.073137574710586,2.6250,61.073,-4.120423605892457,-2.0476658806972607,61.07307873745435,2.6250
1787377079.0704587,-2.4780322991496675,7.778353895040828e-07,-1.651671224230828e-05,-4.1204270341123355,-2.0476798689640754,61.073136128065414,2.6250,61.073,-4.120423605892434,-2.0476658806972226,61.07307873745436,2.6250
1787377079.214793,-2.4780322991390418,7.778518874085522e-07,-1.6517602847456604e-05,-4.120426873161949,-2.047679327496433,61.07313424835068,2.6250,61.073,-4.120423503889964,-2.0476656819626258,61.07307856067164,2.6250
1787377079.2834675,-2.4780322992243495,7.778608213946444e-07,-1.6516857463186256e-05,-4.120426922356628,-2.0476795022332026,61.07313495182536,2.6250,61.073,-4.120423605892391,-2.0476658806972097,61.07307873745491,2.6250
1787377079.4218674,-2.478032299211882,7.778793375783207e-07,-1.6517953819292406e-05,-4.120426817598413,-2.047678972779444,61.073132426468504,2.6250,61.073,-4.120423605892375,-2.047665880697163,61.07307873745477,2.6250
1787377079.4939556,-2.478032299114177,7.778888418692297e-07,-1.6519793347809355e-05,-4.120426731177038,-2.047678672724497,61.073131313996626,2.6250,61.073,-4.120423503889898,-2.047665681962575,61.073078560672215,2.6250
1787377079.5680652,-2.478032299198559,7.778987805335418e-07,-1.6519176931928946e-05,-4.12042670993166,-2.0476785886450677,61.07313099996525,2.6250,61.073,-4.120423503889873,-2.04766568196255,61.07307856067239,2.6250
1787377079.7108767,-2.478032299254021,7.778127228900544e-07,-1.651347363223721e-05,-4.120426775730031,-2.0476788569669786,61.07313218052272,2.6250,61.073,-4.120423605892306,-2.047665880697112,61.073078737455354,2.6250
1787377079.7823782,-2.4780322991637185,7.778130137317324e-07,-1.6514847219022342e-05,-4.120426709048076,-2.04767851183636,61.07313047505526,2.6250,61.073,-4.120423503889866,-2.0476656819625165,61.0730785606722,2.6250
1787377079.9266503,-2.4780322991581962,7.778234692981309e-07,-1.6515386536658957e-05,-4.120426545019006,-2.0476779026764405,61.07312812891473,2.6250,61.073,-4.120423503889834,-2.0476656819624885,61.07307856067246,2.6250
1787377079.9959204,-2.4780322992452537,7.778304402573683e-07,-1.6514488313512074e-05,-4.120426583273735,-2.047678103377637,61.07312916535636,2.6250,61.073,-4.120423605892254,-2.0476658806970716,61.07307873745584,2.6250
1787377080.0671775,-2.47803229914949,7.778378034849632e-07,-1.651611915628745e-05,-4.120426473797071,-2.047677623334753,61.07312706323812,2.6250,61.073,-4.120423605892239,-2.047665880697022,61.073078737455624,2.6250
1787377080.2114692,-2.4780322991389454,7.778541980942391e-07,-1.651700608538317e-05,-4.120426427095903,-2.047677473140043,61.073126541984394,2.6250,61.073,-4.120423503889772,-2.047665681962443,61.07307856067301,2.6250
1787377080.2818644,-2.4780322992242865,7.778630884401367e-07,-1.6516259088358954e-05,-4.120426463452631,-2.0476775964938883,61.07312702926135,2.6250,61.073,-4.120423605892206,-2.0476658806970125,61.07307873745604,2.6250
1787377080.3570545,-2.4780322991270674,7.778720590149622e-07,-1.6518033055174375e-05,-4.120426417199344,-2.047677386880845,61.07312610805129,2.6250,61.073,-4.120423605892192,-2.0476658806969734,61.07307873745594,2.6250
1787377080.5026472,-2.478032299114192,7.778910038007522e-07,-1.6519190812450576e-05,-4.120426351576985,-2.0476770931680184,61.07312476866838,2.6250,61.073,-4.1204235038897306,-2.0476656819623815,61.07307856067313,2.6250
1787377080.5749757,-2.478032299198595,7.779009120817621e-07,-1.6518573083114892e-05,-4.120426357069634,-2.047677108618576,61.073124858021906,2.6250,61.073,-4.120423605892159,-2.047665880696957,61.07307873745632,2.6250
1787377080.7206585,-2.4780322992540875,7.778148102569548e-07,-1.651286796325466e-05,-4.1204262851915034,-2.047676572655169,61.073121852004,2.6250,61.073,-4.120423605892136,-2.0476658806969112,61.07307873745622,2.6250
1787377080.7934978,-2.478032299163795,7.778150877828141e-07,-1.6514241006163006e-05,-4.120426120326109,-2.0476761014758,61.07312049050977,2.6250,61.073,-4.120423503889669,-2.0476656819623527,61.07307856067383,2.6250
1787377080.8660064,-2.4780322992527792,7.778196477393117e-07,-1.651323589152538e-05,-4.120426263240602,-2.0476768779486014,61.07312443186661,2.6250,61.073,-4.1204236058920936,-2.0476658806969197,61.073078737456996,2.6250
1787377081.0178738,-2.478032299245349,7.77832481496806e-07,-1.6513880991452644e-05,-4.120426039202108,-2.0476756437546073,61.07311822904653,2.6250,61.073,-4.120423605892099,-2.0476658806968477,61.07307873745627,2.6250
1787377081.0897415,-2.47803229914959,7.778398347254277e-07,-1.6515511632259454e-05,-4.120426203678155,-2.047676690772304,61.07312383288129,2.6250,61.073,-4.120423503889611,-2.0476656819623154,61.07307856067441,2.6250
1787377081.1650496,-2.478032299235652,7.778479253145259e-07,-1.6514692563283718e-05,-4.120425976997632,-2.047675565812945,61.0731184682081,2.6250,61.073,-4.120423503889627,-2.0476656819622274,61.07307856067337,2.6250
1787377081.311133,-2.4780322992243984,7.778650931126335e-07,-1.65156505567753e-05,-4.120426110853607,-2.04767620995424,61.07312154676917,2.6250,61.073,-4.120423605892022,-2.0476658806968233,61.073078737457266,2.6250
1787377081.3881795,-2.478032299127183,7.778740546020074e-07,-1.651742446121758e-05,-4.120425991762343,-2.0476755396433726,61.07311810838677,2.6250,61.073,-4.120423503889596,-2.0476656819622177,61.07307856067374,2.6250
1787377081.4617774,-2.478032299211993,7.778835179342791e-07,-1.6516743586034508e-05,-4.120425878943846,-2.047675162423508,61.07311680811393,2.6250,61.073,-4.1204235038895565,-2.047665681962211,61.073078560674325,2.6250
1787377081.6011462,-2.4780322991987216,7.77902879642398e-07,-1.6517963708762254e-05,-4.120425905487893,-2.047675335000703,61.0731177854823,2.6250,61.073,-4.1204236058919745,-2.047665880696766,61.07307873745751,2.6250
1787377081.6731648,-2.478032299151632,7.778304208067e-07,-1.6513688290395574e-05,-4.120425955613064,-2.0476755573301286,61.073118763087,2.6250,61.073,-4.120423503889539,-2.0476656819621835,61.073078560674375,2.6250
1787377081.8216305,-2.478032299163923,7.778170400322656e-07,-1.651363205720387e-05,-4.120425750473128,-2.04767459890116,61.07311435554561,2.6250,61.073,-4.1204235038895325,-2.047665681962152,61.07307856067417,2.6250
1787377081.8929083,-2.478032299252906,7.778215980913823e-07,-1.6512627300948044e-05,-4.120425724044341,-2.047674590703397,61.07311468092207,2.6250,61.073,-4.120423605891922,-2.047665880696715,61.07307873745785,2.6250
1787377081.9599519,-2.4780322991584116,7.778274689298657e-07,-1.651417138190304e-05,-4.120425679759891,-2.0476742318156185,61.07311262249201,2.6250,61.073,-4.120423605891909,-2.0476658806966817,61.07307873745777,2.6250
1787377082.1068578,-2.478032299149713,7.778417777178255e-07,-1.6514904106004257e-05,-4.1204256510142425,-2.0476743686965104,61.07311398956707,2.6250,61.073,-4.120423503889457,-2.047665681962134,61.0730785606752,2.6250
1787377082.1763246,-2.478032299235774,7.778498645716846e-07,-1.651408545676783e-05,-4.120425761966553,-2.0476747826371953,61.07311565642942,2.6250,61.073,-4.120423605891886,-2.0476658806966515,61.07307873745788,2.6250
1787377082.3170877,-2.478032299224519,7.778670223917983e-07,-1.651504415774962e-05,-4.120425663081131,-2.0476743358935265,61.07311365430283,2.6250,61.073,-4.120423605891877,-2.047665880696599,61.07307873745754,2.6250
1787377082.3911347,-2.4780322991273036,7.778759780814495e-07,-1.6516818400247757e-05,-4.120425598825413,-2.0476740533475475,61.07311237595945,2.6250,61.073,-4.120423503889431,-2.0476656819620627,61.07307856067497,2.6250
1787377082.466496,-2.478032299212115,7.778854348198475e-07,-1.651613796589665e-05,-4.120425565862944,-2.04767389633496,61.0731116834131,2.6250,61.073,-4.1204236058918395,-2.047665880696596,61.07307873745809,2.6250
1787377082.6110969,-2.478032299198846,7.779047832099793e-07,-1.6517358804749907e-05,-4.120425666128821,-2.0476743134637148,61.073113492633695,2.6250,61.073,-4.120423605891817,-2.0476658806965684,61.07307873745819,2.6250
1787377082.6764672,-2.4780322991517574,7.77832316110655e-07,-1.6513083675310556e-05,-4.120425272777869,-2.0476801430897957,61.073116014692516,2.6250,61.073,-4.120423605891817,-2.0476658806965684,61.07307873745819,2.6250
1787377082.8261044,-2.4780322991640444,7.77818931509529e-07,-1.6513028984705338e-05,-4.1204258340543936,-2.047674846386343,61.07311527336409,2.6250,61.073,-4.120423503889395,-2.047665681961941,61.07307856067445,2.6250
1787377082.8985832,-2.4780322992530244,7.778234883683798e-07,-1.6512025119841825e-05,-4.120425571945599,-2.0476735440020035,61.07310905282832,2.6250,61.073,-4.120423605891808,-2.047665880696473,61.07307873745752,2.6250
1787377082.9694045,-2.4780322991585275,7.778293571232705e-07,-1.651357001449686e-05,-4.1204254623702345,-2.047673455576719,61.073109803567775,2.6250,61.073,-4.120423503889332,-2.0476656819619645,61.07307856067566,2.6250
1787377083.114803,-2.4780322991498243,7.7784366150796e-07,-1.6514304477873295e-05,-4.120425353450173,-2.047673077195011,61.073108438060686,2.6250,61.073,-4.120423503889328,-2.0476656819619428,61.07307856067552,2.6250
1787377083.186933,-2.478032299235884,7.778517454078561e-07,-1.6513486704640033e-05,-4.120425369912589,-2.0476731639750185,61.07310890804469,2.6250,61.073,-4.120423605891727,-2.0476658806964596,61.07307873745865,2.6250
1787377083.3251567,-2.4780322992246275,7.778688958860237e-07,-1.6514447152777616e-05,-4.1204253199992475,-2.0476728866981024,61.07310752210482,2.6250,61.073,-4.120423605891713,-2.0476658806964236,61.07307873745854,2.6250
1787377083.3940682,-2.478032299127412,7.778778470093949e-07,-1.651622208780813e-05,-4.120425282730897,-2.047672822574639,61.07310751063303,2.6250,61.073,-4.120423503889278,-2.0476656819618917,61.07307856067587,2.6250
1787377083.4661448,-2.478032299212223,7.778872976948006e-07,-1.651554234970071e-05,-4.12042524124694,-2.047672668754812,61.073106928895434,2.6250,61.073,-4.120423503889264,-2.047665681961866,61.073078560675825,2.6250
1787377083.6110168,-2.4780322991989556,7.779066323046686e-07,-1.651676460934743e-05,-4.1204253620406055,-2.0476731218021254,61.07310875670769,2.6250,61.073,-4.120423605891668,-2.0476658806963774,61.07307873745884,2.6250
1787377083.6800148,-2.4780322991518693,7.778341584090229e-07,-1.6512490372588412e-05,-4.12042502690017,-2.047678138081818,61.073110951971934,2.6250,61.073,-4.120423605891668,-2.0476658806963774,61.07307873745884,2.6250
1787377083.753665,-2.4780322992544517,7.778204983042915e-07,-1.6511062627620983e-05,-4.12042558812031,-2.0476738121422975,61.07311094737126,2.6250,61.073,-4.120423605891674,-2.047665880696305,61.073078737458054,2.6250
1787377083.9179606,-2.4780322992531296,7.778253275014194e-07,-1.6511435400776853e-05,-4.120425487775156,-2.0476732966658058,61.073108405393505,2.6250,61.073,-4.120423503889254,-2.047665681961773,61.07307856067518,2.6250
1787377083.988157,-2.4780322991586305,7.778311956743646e-07,-1.6512981606582795e-05,-4.1204255982649185,-2.0476737871548742,61.07311062530433,2.6250,61.073,-4.120423503889221,-2.047665681961761,61.07307856067558,2.6250
1787377084.0598807,-2.478032299245687,7.778381502331468e-07,-1.6512085341653778e-05,-4.120425507001831,-2.047673290302426,61.0731081648541,2.6250,61.073,-4.120423605891645,-2.0476658806962553,61.073078737458104,2.6250
1787377084.203564,-2.478032299235981,7.778535768244391e-07,-1.6512901783912792e-05,-4.120425479453718,-2.047673233754338,61.073108120628916,2.6250,61.073,-4.120423605891612,-2.047665880696241,61.073078737458495,2.6250
1787377084.2737074,-2.47803229913938,7.778618510042017e-07,-1.651460958087811e-05,-4.120425253765075,-2.0476723655153695,61.07310459808648,2.6250,61.073,-4.1204235038891905,-2.047665681961709,61.07307856067558,2.6250
1787377084.362711,-2.4780322992247226,7.778707196265096e-07,-1.6513864471297964e-05,-4.120425141758821,-2.0476720432082,61.07310370965788,2.6250,61.073,-4.120423605891599,-2.047665880696216,61.07307873745849,2.6250
1787377084.5161269,-2.4780322992123174,7.778891122732089e-07,-1.651496200947852e-05,-4.1204251654719,-2.047672153446652,61.07310423830438,2.6250,61.073,-4.120423605891554,-2.047665880696224,61.073078737459234,2.6250
1787377084.5907376,-2.4780322991146417,7.778985563472039e-07,-1.651680223779272e-05,-4.12042501307952,-2.0476715439313398,61.073101684450116,2.6250,61.073,-4.120423503889132,-2.047665681961678,61.07307856067622,2.6250
1787377084.6603715,-2.4780322991990524,7.779084337636343e-07,-1.6516186347589353e-05,-4.120424958194422,-2.0476714125192315,61.073101441580214,2.6250,61.073,-4.120423503889102,-2.0476656819616714,61.07307856067666,2.6250
1787377084.8051856,-2.4780322992545467,7.778222899802842e-07,-1.6510486642316074e-05,-4.1204250167822805,-2.0476717099375574,61.073102923395346,2.6250,61.073,-4.120423605891502,-2.0476658806961696,61.073078737459554,2.6250
1787377084.8845391,-2.4780322991642447,7.778225620883581e-07,-1.651186363259383e-05,-4.120424890950562,-2.047671080761526,61.073099876942315,2.6250,61.073,-4.1204235038890955,-2.047665681961633,61.073078560676386,2.6250
1787377085.0244226,-2.4780322991587176,7.778329832601233e-07,-1.6512409859410276e-05,-4.120424892228115,-2.047671201964926,61.07310077007698,2.6250,61.073,-4.120423503889058,-2.0476656819616252,61.07307856067692,2.6250
1787377085.0928745,-2.4780322992457724,7.778399355439782e-07,-1.651151500337468e-05,-4.120424892154868,-2.047671174576138,61.073100606342635,2.6250,61.073,-4.120423605891468,-2.047665880696117,61.07307873745963,2.6250
1787377085.1661308,-2.478032299150007,7.778472785884721e-07,-1.6513149526247208e-05,-4.120424848726544,-2.047670938940693,61.073099439838224,2.6250,61.073,-4.120423605891453,-2.0476658806960915,61.07307873745965,2.6250
1787377085.3112078,-2.4780322991394614,7.778636266839297e-07,-1.651404327665071e-05,-4.120424828350205,-2.0476709882969404,61.073100046577885,2.6250,61.073,-4.120423503889027,-2.047665681961575,61.07307856067693,2.6250
1787377085.3892436,-2.478032299224803,7.778724906418644e-07,-1.6513299497523837e-05,-4.120424834970593,-2.0476709499338885,61.073099713499566,2.6250,61.073,-4.120423605891435,-2.047665880696068,61.0730787374597,2.6250
1787377085.4694948,-2.4780322991275865,7.778814326161413e-07,-1.6515076939319926e-05,-4.12042485498696,-2.0476710195159398,61.073099982379894,2.6250,61.073,-4.1204236058914185,-2.0476658806960435,61.07307873745977,2.6250
1787377085.6197515,-2.478032299114722,7.779003113842647e-07,-1.6516241047408395e-05,-4.120424826196377,-2.0476709176151373,61.07309957738704,2.6250,61.073,-4.120423503889005,-2.047665681961519,61.073078560676805,2.6250
1787377085.6892173,-2.4780322991991333,7.779101820270336e-07,-1.651562633569438e-05,-4.120424819499721,-2.047670838135522,61.073099113369516,2.6250,61.073,-4.120423605891402,-2.047665880696013,61.07307873745976,2.6250
1787377085.758869,-2.478032299152049,7.778376938928047e-07,-1.6511354310741026e-05,-4.120424743942826,-2.0476705432236217,61.07309792455572,2.6250,61.073,-4.1204236058913795,-2.0476658806959787,61.073078737459795,2.6250
1787377085.9017258,-2.4780322991643233,7.778242994324592e-07,-1.6511308014897793e-05,-4.120424783322527,-2.047670818914721,61.07309943205966,2.6250,61.073,-4.120423503888966,-2.0476656819614867,61.073078560677125,2.6250
1787377085.9677513,-2.4780322992532953,7.778288521986636e-07,-1.6510308201785774e-05,-4.120424523528516,-2.047674603027877,61.073101077079585,2.6250,61.073,-4.120423503888966,-2.0476656819614867,61.073078560677125,2.6250
1787377086.1076481,-2.478032299245844,7.77841666002501e-07,-1.651096412372627e-05,-4.120424836906909,-2.047670709156106,61.073097965570526,2.6250,61.073,-4.120423605891365,-2.0476658806959103,61.07307873745941,2.6250
1787377086.1792636,-2.4780322991500765,7.778490064117331e-07,-1.6512600206351434e-05,-4.12042466986761,-2.047670127190564,61.07309580616117,2.6250,61.073,-4.120423503888937,-2.0476656819614294,61.07307856067706,2.6250
1787377086.3232903,-2.4780322991395285,7.778653482672549e-07,-1.6513497020955347e-05,-4.120424623468869,-2.0476701298690494,61.07309643978598,2.6250,61.073,-4.120423503888909,-2.04766568196142,61.07307856067743,2.6250
1787377086.394757,-2.478032299224869,7.778742083051752e-07,-1.651275473370009e-05,-4.120424645913976,-2.047670221110281,61.07309686080455,2.6250,61.073,-4.1204236058913075,-2.047665880695896,61.07307873746018,2.6250
1787377086.464697,-2.478032299127652,7.778831456903767e-07,-1.6514533680349937e-05,-4.120424602319965,-2.047670047230812,61.073096114253545,2.6250,61.073,-4.1204235038889045,-2.04766568196139,61.07307856067721,2.6250
1787377086.6130128,-2.478032299114789,7.779020119499784e-07,-1.6515700583172825e-05,-4.12042457479835,-2.047669872246906,61.07309518806867,2.6250,61.073,-4.120423503888886,-2.0476656819613694,61.073078560677324,2.6250
1787377086.6877177,-2.478032299199201,7.779118763724083e-07,-1.651508723287983e-05,-4.120424592007436,-2.04766999126493,61.07309588187852,2.6250,61.073,-4.120423605891267,-2.0476658806958423,61.07307873746034,2.6250
