t,gt_x,gt_y,gt_yaw,ekf_x,ekf_y,ekf_yaw,ekf_err,ekf_yaw_err,fix_x,fix_y,fix_yaw,fix_err
1787531802.152711,-2.4828454772383997,3.100307752772072e-06,-0.0032261572898121824,,,,,,-2.297759296093751,-0.00984868868727599,0.09756212241274481,0.1853
1787531802.2328792,-2.4833181945856815,3.0794544407129678e-06,-0.0032242917240673744,-2.2787266093162093,-0.001275472536836535,0.03267307573944693,0.2046,0.036,-2.272910962173629,0.0018032711924563568,-0.003862593832706499,0.2104
1787531802.3163052,-2.4836451791688368,3.0459231250390786e-06,-0.0032220924224028555,-2.244984648883647,-0.002943151763318382,-0.018061355848743372,0.2387,0.015,-2.259726627387936,-0.0038727097021424768,-0.008023643179873622,0.2240
1787531802.4657001,-2.483863962566754,2.9594478257300816e-06,-0.0032202204918235925,-2.1925041087631816,-0.0028811286943315082,-0.023700339790664413,0.2914,0.020,-2.2474587026606354,-0.0038831825735366234,0.010450940615221062,0.2364
1787531802.5446262,-2.4837562232845745,2.9115207078680993e-06,-0.0032194308544930823,-2.213230942326128,-0.003501610572069501,0.005780217095787482,0.2705,0.009,-2.2474587026606354,-0.0038831825735366234,0.010450940615221062,0.2363
1787531802.6290739,-2.4835036817332723,2.8614209893317185e-06,-0.0032183005921656467,-2.1996252506961786,-0.0031414244339739317,-0.004065541960097863,0.2839,0.001,-2.2430674827932773,-0.0037340546876116726,0.00228208545497673,0.2405
1787531802.7759538,-2.4825627982814913,2.7552920168265555e-06,-0.003218695773385321,-2.1629252469256106,-0.0031207219597725565,-0.0069143752165856465,0.3197,0.004,-2.2717437568354564,-0.007438913198375079,0.041669839882669826,0.2110
1787531802.8477118,-2.481873255683883,2.697564808346216e-06,-0.0032189355911568227,-2.2111402189237443,-0.008198249206674599,0.06094046266437199,0.2709,0.064,-2.280622641752214,-0.010052514419482069,0.0810706851135324,0.2015
1787531802.9222271,-2.481036520468263,2.635436027129378e-06,-0.0032193963774468327,-2.2269273417952924,-0.0054512991781681605,0.030891284388746883,0.2542,0.034,-2.3061156258069486,-0.003288383305654851,0.004758318859766256,0.1750
1787531803.070201,-2.478916982770562,2.494040727379931e-06,-0.0032209420874615324,-2.1880588186572782,-0.005691580405611787,0.030707037104472864,0.2909,0.034,-2.368130349794845,-0.0010686230809084233,0.018332529181539017,0.1108
1787531803.1386209,-2.4776315011749377,2.41255530711632e-06,-0.0032219747122869103,-2.290569608821921,-0.0008892155209494835,0.00035586019493593626,0.1871,0.004,-2.4319956413656354,-0.004378319915222873,0.021124031762752484,0.0458
1787531803.2829704,-2.4755827761383395,2.5935454933320983e-06,-0.003232005089138486,-2.3243108701700157,-0.0025721894224072835,-0.00023292217445300463,0.1513,0.003,-2.436751792793756,0.000829752959350382,0.01757158853649656,0.0388
1787531803.353014,-2.4746835252749175,2.5816239783215485e-06,-0.0032346261963619406,-2.373601118745992,-0.0006727111013790191,0.0065041297657584055,0.1011,0.010,-2.447521228027254,-0.0008337645360341579,0.007526883745963749,0.0272
1787531803.4256134,-2.473874382461291,2.53821331463929e-06,-0.0032362744665252736,-2.4106837925791083,-0.0014407048970928454,0.010252981870565834,0.0632,0.013,-2.5715347365581933,-0.004309991377469405,0.010252981870565834,0.0978
1787531803.5581515,-2.472521734440845,2.409722245779307e-06,-0.0032376973185564077,-2.4449194872855338,-0.0017505936809796233,0.010594299555588176,0.0277,0.014,-2.598918654190002,0.0010314529008928985,0.010594299555588176,0.1264
1787531803.6906347,-2.4715155881673088,2.275835867740733e-06,-0.0032377797193540326,-2.5119745190026683,-0.0012239827516841628,0.008952400500893626,0.0405,0.012,-2.643899921581952,-0.0033634061510955677,0.008952400500893628,0.1724
1787531803.7577174,-2.4711400903552114,2.218014043221377e-06,-0.0032376033815781045,-2.5753938563505083,-0.001580365131552724,0.00860373450286822,0.1043,0.012,-2.666947859516563,-0.0034207230821928815,0.008952400500893628,0.1958
1787531803.8241522,-2.47084868074077,2.168965533110533e-06,-0.003236923225615301,-2.605197865263482,-0.0012438742772487518,0.0077120316770378,0.1344,0.011,-2.70224343496832,-0.005714823866838426,0.007712031677037804,0.2315
1787531803.9459395,-2.4705161539427722,2.101027240545932e-06,-0.0032371163090385534,-2.6329388440773895,-0.001618730435296698,0.008191357904557888,0.1624,0.011,-2.696299529333325,-0.00124446135273855,0.008191357904557887,0.2258
1787531804.049994,-2.470515593270623,2.071195557241625e-06,-0.003236874267292039,-2.6582344946824885,-0.0015073703561563295,0.007363072194550494,0.1877,0.011,-2.696299529333325,-0.00124446135273855,0.008191357904557887,0.2258
1787531804.1831625,-2.4708470479812834,2.0744755151875496e-06,-0.003236077291014457,-2.693641990208645,-0.0001408999195945163,0.001955809319613658,0.2228,0.005,-2.720226177741068,-0.0021358694537694112,0.0019558093196136573,0.2494
1787531804.252603,-2.471137973421277,2.087149282407408e-06,-0.0032364021186833923,-2.7155610182751424,0.0002680258249430228,-0.0006123406219642398,0.2444,0.003,-2.6962994743840607,0.003462134730832521,0.0019558093196136573,0.2252
1787531804.3870816,-2.471972965699647,2.1298789766053606e-06,-0.0032358280180772685,-2.717671998978606,0.0004998542187325546,-0.002503650642228061,0.2457,0.001,-2.666948275991681,-0.0030793562921171027,-0.0025036506422280616,0.1950
1787531804.4546733,-2.4725185983201134,2.1598750417277748e-06,-0.0032349298842251407,-2.714257972318487,0.00036314458463641874,-0.0030378319257022344,0.2417,0.000,-2.6496270016012664,-0.0041550399889884616,-0.003037831925702235,0.1772
1787531804.5862525,-2.4738712254413677,2.2340979816116676e-06,-0.003234330852795525,-2.692954808547937,7.537200117141817e-05,-0.005480467230112983,0.2191,0.002,-2.593397924096189,-0.0028961609744855023,-0.005480467230112983,0.1196
1787531804.6536064,-2.474680725884928,2.2781540133753843e-06,-0.003233584421639059,-2.6552484376421472,-2.9047392777619187e-05,-0.010240647017599523,0.1806,0.007,-2.571534586575903,-0.0007288387750099286,-0.005480467230112983,0.0969
1787531804.7775326,-2.476573543365324,2.3814858805509657e-06,-0.003231815658404051,-2.6365300802773843,-0.0001144632830898022,-0.012472978312008146,0.1600,0.009,-2.4411848481588816,-0.0038136957762115674,0.04338344814625187,0.0356
1787531804.8454888,-2.477660308234285,2.438392919471298e-06,-0.003230697092749214,-2.5366140928611642,-0.002779341478114164,0.03357014193891136,0.0590,0.037,-2.4453180524316576,-0.0019303169460954716,0.022836090308569843,0.0324
1787531804.9172652,-2.47841911030741,2.6622031849138903e-06,-0.003232910942030839,-2.502003620363562,-0.0019246836215261222,0.01523416738125297,0.0237,0.018,-2.43035160668474,-0.001194063358978576,0.005601575883750505,0.0481
1787531805.065567,-2.4796396042181783,3.160184626108635e-06,-0.0032374235537985163,-2.4806180313034494,0.0023071103785966022,-0.013564081292962776,0.0025,0.010,-2.3983472850168965,0.0015139409753751642,-0.010744597180441661,0.0813
1787531805.1403513,-2.479979546979597,3.2744079870631563e-06,-0.0032377813061084046,-2.427236742506215,0.0017836194480970434,-0.03707280892113077,0.0528,0.034,-2.3721111818485783,1.993893125405831e-08,0.0011635525154998375,0.1079
1787531805.2802868,-2.4800033406031297,0.0006478491936981423,-0.06162848124487072,-2.4057493274563626,0.0009368348150224257,-0.010739518062914346,0.0743,0.051,-2.353103093482175,0.006413700005773582,-0.15480355828700634,0.1270
1787531805.3536682,-2.4796835036158233,0.0008624444506567197,-0.11907018441376759,-2.38350505631717,0.004060017233252534,-0.12409553407088132,0.0962,0.005,-2.3618164549662723,0.014888119778325413,-0.2865403400320249,0.1187
1787531805.4259274,-2.479352673370951,0.0008035022844033036,-0.20389594384064336,-2.364393216405308,0.015666110402857897,-0.3705590303418037,0.1159,0.167,-2.3710080656798405,0.017333811602999176,-0.5128595572248222,0.1096
1787531805.566966,-2.4783193605663594,-0.00028235931900365876,-0.2170286374373645,-2.3593308719186195,0.01682154392058973,-0.5037567434297072,0.1202,0.287,-2.3762279713311476,0.015073317426001829,-0.505614687513165,0.1032
1787531805.639916,-2.4778757338709942,-0.0009872794300937158,-0.10474948489722383,-2.3574611788273927,0.010519992590163287,-0.4305757230027564,0.1210,0.326,-2.381016167546592,0.005237036119913719,-0.36522566991508276,0.0971
1787531805.7803981,-2.4766384226906233,-0.0011418324811375991,0.07538908256916439,-2.361436550221583,0.0045987935989314855,-0.1939609459859646,0.1153,0.269,-2.407549114774982,-0.00768042826794991,0.18298182697740617,0.0694
1787531805.847607,-2.4757818696827236,-0.000564880957477033,0.035626442583847,-2.3726506580724362,-0.002287742567595526,0.13119557364734566,0.1031,0.096,-2.399205078655655,-0.0027558815074382333,0.13789591756547356,0.0766
1787531805.917622,-2.474979276541508,0.0001871669153402902,-0.12580530384378175,-2.3751583253896595,-0.0022561219266065565,0.07358971792008372,0.0999,0.199,-2.375809717542253,0.000291813402091763,-0.1507149736327134,0.0992
1787531806.0655873,-2.473531139377454,0.0011635678523022341,-0.21938205582235526,-2.372379206303632,0.003340949103547315,-0.22624878657861167,0.1012,0.007,-2.3863741462553927,0.007764230078913552,-0.2817937863449221,0.0874
1787531806.1346931,-2.472717885126151,0.0012091944976336353,-0.28270267646130176,-2.3758395638013337,0.008179814800693342,-0.36035323787376033,0.0971,0.078,-2.3915910208150315,0.00987735320565489,-0.42840368171467413,0.0816
1787531806.2685575,-2.4711473070018606,0.000749066955932789,-0.13152160146999356,-2.3771658763720236,0.009186791678474,-0.41928983533412567,0.0944,0.288,-2.405882417752995,0.004620383413365124,-0.3259991262978379,0.0654
1787531806.3389478,-2.4704466657069877,0.0006566747349317045,0.10734909603015846,-2.384253346996912,-9.811041882174486e-05,-0.09854307009844153,0.0862,0.206,-2.4347805656347044,-0.005995696158652804,0.30860739180597657,0.0363
1787531806.481738,-2.468627381168209,0.001701107084663655,0.025230445280000485,-2.39583380541223,-0.0026219461557394803,0.2573133284251657,0.0729,0.232,-2.529546759821501,-0.05010797014925655,1.1843105215483167,0.0800
1787531806.5502994,-2.467697754708924,0.0026140215405707394,-0.15880128628118095,-2.411893046074004,-0.012197763762160693,0.3183094849501246,0.0577,0.477,-2.4021929590001116,-0.005742904195474157,0.23261935851380755,0.0660
1787531806.6205795,-2.4665550678336134,0.003005953410152506,-0.28237197430810795,-2.409723137346616,-0.008578627674840848,0.03802004574795901,0.0580,0.320,-2.442013896481194,0.00792422641978102,-0.32969766107818144,0.0250
1787531806.768878,-2.464160610230475,0.003173006703702632,-0.5216298275442816,-2.4177668249908755,-0.00016174907079388734,-0.22757813222301326,0.0465,0.294,-2.554621314121481,-0.03932971669004065,0.5000187315951388,0.0999
1787531806.841598,-2.4628875056665853,0.0028268980084786583,-0.589733598201281,-2.461628701232785,0.0020522533727662853,-0.8896562612516359,0.0015,0.300,-2.549799903304413,0.030363081337205784,-1.3799990468547851,0.0912
1787531806.9799252,-2.4610499734635667,0.0020171828465869487,-0.5207903530963865,-2.452926100528839,0.003228199305595061,-0.636865564924277,0.0082,0.116,-2.537733746198211,-0.055698932292741844,0.5629881113699969,0.0960
1787531807.055473,-2.460342795982386,0.0019365288041349581,-0.5025716110695422,-2.4678792548546546,-0.02218714709511288,0.02914920042404464,0.0253,0.532,-2.539480138598116,-0.05230073427272301,0.5337937278139757,0.0959
1787531807.1297522,-2.4595626605576038,0.0021630842713466093,-0.49518268095428397,-2.4998333871226794,-0.047276822895510426,0.409888630625894,0.0638,0.905,-2.5446637404392445,-0.05765376889130773,0.6279196261529956,0.1040
1787531807.2681808,-2.4581527181039866,0.0030499294557559562,-0.8502463937839297,-2.514408671925431,-0.052662137403985176,0.5370244447744972,0.0792,1.387,-2.43679114123573,-0.008940230610796867,-0.46195238236383956,0.0245
1787531807.3379629,-2.4573728785616633,0.003232659959365711,-0.8628629819859698,-2.471849358318556,-0.0141836275586775,-0.6535254428038757,0.0226,0.209,-2.431105042461923,-0.0026832319012079983,-0.8014820033357196,0.0269
1787531807.490735,-2.4556595597299617,0.002781065517529783,-0.8486365406645507,-2.4608094639897766,-0.007534430705267995,-0.8197128511725946,0.0115,0.029,-2.444770702664425,-0.0032663815794334644,-0.9074197390424714,0.0125
1787531807.5598698,-2.4548594893798117,0.002261245075993624,-0.6754851179382867,-2.4569556244789683,-0.005263836443564684,-0.8825512258514746,0.0078,0.207,-2.410468486877558,-0.0009331908608802392,-0.8425341357834665,0.0445
1787531807.627992,-2.4541168815707035,0.0019176906332044586,-0.3811682200128117,-2.438746305969733,-0.005573546796742474,-0.6484547353053165,0.0171,0.267,-2.4268707833946253,-0.00925645194943974,-0.5980045898474845,0.0294
1787531807.7689366,-2.4522950110915143,0.0023703725285548803,-0.32842192371776746,-2.437059160198683,-0.009318191282175776,-0.2721270899522152,0.0192,0.056,-2.431794691703247,-0.01959762616774356,-0.13848196278940925,0.0300
1787531807.8395486,-2.4513793910024413,0.003021986557048214,-0.3752832511369118,-2.433456151846698,-0.009931647668861057,-0.1717775632759472,0.0221,0.204,-2.4302761404498914,-0.005997460095921689,-0.218793422970326,0.0229
1787531807.9871123,-2.449707920595211,0.0040535579206796785,-0.5910596687416272,-2.4347279555541137,-0.004400786831375715,-0.3008630673777705,0.0172,0.290,-2.429537298206129,0.0008016318578436717,-0.5952269245735143,0.0204
1787531808.0598793,-2.4487865831356013,0.004123846907389631,-0.6133289977650092,-2.4327524296061585,-0.00157662594565055,-0.5607874329111481,0.0170,0.053,-2.429537298206129,0.0008016318578436717,-0.5952269245735143,0.0195
1787531808.1323204,-2.447814757976253,0.003927434876953308,-0.5936242619759929,-2.432053857553218,0.0033341290132879267,-0.7041366822241705,0.0158,0.111,-2.42455343659457,0.0017709273024815175,-0.6419951580847598,0.0234
1787531808.276899,-2.446082788910675,0.003370903289784211,-0.16533275627633018,-2.4291830908303598,0.002913384540848398,-0.6573285570099349,0.0169,0.492,-2.430273002605953,-0.006793882732910566,-0.3680777500712877,0.0188
1787531808.346905,-2.445150877765068,0.0034985212204565,-0.1639080806755182,-2.4507233557003008,-0.015539828934872796,0.33919862265491374,0.0198,0.503,-2.555344721708586,-0.04904981209694591,0.9096883429754069,0.1221
1787531808.414987,-2.4441872979010166,0.004058437867921005,-0.1289340777062697,-2.447263944310033,-0.013970330580689826,0.06912996562427577,0.0183,0.198,-2.5179742873724273,-0.039506183873178544,0.8287609998722305,0.0857
1787531808.5717378,-2.442392877312208,0.0055915770826511155,-0.3903299148213418,-2.46168232329678,-0.022321100625487228,0.5280701871155887,0.0339,0.918,-2.423874019120695,-0.005174130589381252,-0.06983961227287057,0.0214
1787531808.6408086,-2.4414976939139854,0.006019581776162398,-0.4069382214907123,-2.440360761204811,-0.010074625463510588,-0.2784814368683519,0.0161,0.128,-2.4283271518471956,0.005186083794296154,-0.4582862679458201,0.0132
1787531808.7812033,-2.4395978962863123,0.006000452576586589,-0.40539015809578655,-2.436710908531828,-0.0017757970162973879,-0.3719174503955239,0.0083,0.033,-2.42912327877402,0.002425850838072422,-0.4413501527212428,0.0111
1787531808.8579416,-2.438714305875673,0.005676398959926521,-0.25967380786557426,-2.4341761818702943,0.0009739344926128738,-0.4228836754590791,0.0065,0.163,-2.4134085055637007,-0.002799426578933748,-0.3661929841704016,0.0267
1787531808.9321308,-2.4378665798210872,0.005524313878909426,-0.24382541012768452,-2.444192184908257,-0.016491335480863484,0.2826151729070813,0.0229,0.526,-2.523846469449751,-0.04548660766497084,0.7704058822455045,0.1000
1787531809.0668569,-2.4359615896090427,0.0060856590968363065,-0.19414294907889748,-2.4671988743423126,-0.03125466424384063,0.5443877211487249,0.0487,0.739,-2.54468840680632,-0.05275740449791208,0.9016887027806972,0.1236
1787531809.1343722,-2.4349967102396586,0.0066990124763052755,-0.2694222398206401,-2.4756663753703556,-0.03986607339374117,0.765580269865135,0.0618,1.035,-2.497283536829312,-0.04698660183998052,0.7655802698651349,0.0822
1787531809.278923,-2.433525270972589,0.007561119696868826,-0.5097104795393397,-2.4833382410004052,-0.04522543919212292,0.8388096239205538,0.0726,1.349,-2.50358127585472,0.03326573151299875,-1.2679222447030454,0.0746
1787531809.34835,-2.432853235165944,0.007501041613256677,-0.5265698412173342,-2.475045651122228,-0.012741307882839364,-0.5523370439142191,0.0468,0.026,-2.406677862507687,-0.0034779503425239255,-0.4218985112062132,0.0284
1787531809.4215968,-2.432146007874277,0.007163449136668359,-0.5146370621175829,-2.4390551037076205,-0.0033732516322815508,-0.43171408719081766,0.0126,0.083,-2.524195754105811,0.03569660041481421,-1.316612310854342,0.0964
1787531809.5687115,-2.4309354613085628,0.0062501099647355556,-0.10751940613123956,-2.453720398927018,0.01034359720278346,-0.8885191886474431,0.0231,0.781,-2.528999003006377,-0.04995502979243413,0.7014247275258866,0.1130
1787531809.640135,-2.4301792962588666,0.006233994983261338,-0.10295884248129017,-2.469423589597831,-0.028757493702176354,0.6586011774336291,0.0526,0.762,-2.3943898071461196,-0.014684897156510335,0.2068324335498726,0.0415
1787531809.7774956,-2.428535625108045,0.007009859035430912,-0.19924512965661878,-2.4452955635654368,-0.020980383940672868,0.2903790505776433,0.0326,0.490,-2.516029794702425,-0.053365010550497693,1.096602484995962,0.1063
1787531809.8477468,-2.4278184111959584,0.007534379036523845,-0.44022527507361475,-2.4583165203527244,-0.032591137999155737,0.7505744069927173,0.0504,1.191,-2.4079838096572845,-0.006466639801814017,-0.014609766806259026,0.0243
1787531809.9273703,-2.427050903042101,0.007880600183640842,-0.45801506614305026,-2.4308716773770853,-0.0121433767238681,-0.20351366124674347,0.0204,0.255,-2.508480722766275,-0.03336906854610241,0.45185994944714397,0.0913
1787531810.0723672,-2.4253222064511344,0.007651396386472699,-0.4686091651131522,-2.4461665343449703,-0.018410707796090057,0.18246582504783346,0.0334,0.651,-2.3889331997320418,0.006394088244605011,-0.489995581658531,0.0364
1787531810.1392593,-2.4244989101131815,0.0072429668451535366,-0.32418245109161803,-2.4167126223721738,0.001038258929540434,-0.3945856201084854,0.0100,0.070,-2.3988301185596135,0.003979652712059872,-0.4317338794777314,0.0259
1787531810.2835157,-2.422888329849846,0.006970102466502833,-0.05311512428126644,-2.4057330678920152,-0.0022750260966847504,-0.19303652492931228,0.0195,0.140,-2.3873509506594166,-0.016966833107727786,0.2864371646310153,0.0428
1787531810.3591595,-2.4219591257714406,0.007295523162837671,-0.055223313937966784,-2.3933397181676352,-0.011388911477460257,0.2620864892473105,0.0342,0.317,-2.38824206418103,-0.01266258512368183,0.2793985890235693,0.0392
1787531810.4273705,-2.421038305572021,0.007866101954678788,-0.15533116104808087,-2.3858026120198326,-0.011557772880516315,0.25511436127526466,0.0402,0.410,-2.393993321543643,-0.012443653132784508,0.10503640712591386,0.0338
1787531810.5636663,-2.419363609304857,0.008824401927104389,-0.41019626317672,-2.385744308430978,-0.012288595472072903,0.10713809866085668,0.0397,0.517,-2.3837347028491327,-0.0011419552291038958,-0.28522054671356306,0.0370
1787531810.6349406,-2.418463030959406,0.00893537909524118,-0.4315756627104772,-2.384363021016664,-0.0017897294121122544,-0.3118860050262006,0.0357,0.120,-2.395703411321848,0.0020095066591166214,-0.36050100434973154,0.0238
1787531810.7750242,-2.416664970731795,0.008231251417544553,-0.3593203309405401,-2.3819595399160183,0.0004133196309871141,-0.3812180390353126,0.0356,0.022,-2.3825990005122364,-0.0029997772158976543,-0.33666123489644967,0.0359
1787531810.8441784,-2.415885646160017,0.007856215110774587,-0.12114521930644621,-2.37944966971617,-0.0017639459079452546,-0.20852929734776454,0.0377,0.087,-2.383119181437908,-0.0033685106952418883,-0.1837371685699131,0.0346
1787531810.9842613,-2.414027665532173,0.007899458578451993,-0.10019427094096417,-2.3789363114642565,-0.006876887961083313,0.1282014023159472,0.0381,0.228,-2.3685806184259124,-0.022382364454914077,0.32424430842754487,0.0546
1787531811.0546334,-2.413037557966288,0.008321416869063639,-0.15227464881252523,-2.3909587742364007,-0.024552295173749537,0.6323834534761527,0.0396,0.785,-2.4705792337913746,-0.044390091978831536,0.9829918172529554,0.0780
1787531811.1238582,-2.4121358551383647,0.008847769953750128,-0.34976465349792574,-2.3849293187731613,-0.02219766287906092,0.2877719892942546,0.0413,0.638,-2.3877446711679666,-0.005912994024518218,-0.14673122277382528,0.0285
1787531811.2621622,-2.4103647713120435,0.009348646837151468,-0.40823984041072997,-2.384225161443856,-0.014040403097140282,-0.03820918537340294,0.0351,0.370,-2.3846669600435098,-0.00840289940944977,-0.1826927857490333,0.0312
1787531811.330905,-2.4093904954944776,0.009217406152504973,-0.4332474457178706,-2.402346945918126,-0.019770501334566568,0.21282321781291288,0.0298,0.646,-2.4879977869371865,-0.04159162338578385,0.5993052921261045,0.0936
1787531811.472758,-2.407551114272084,0.008460475249230092,-0.16689030038509947,-2.421046901239289,-0.028764480584866022,0.33442589571083287,0.0396,0.501,-2.477213121707683,-0.04024422335832555,0.6201984905738457,0.0850
1787531811.5419562,-2.4066766790750167,0.008300348389441239,0.11850422254740695,-2.4460574927078023,-0.039877957823243285,0.7891899134799103,0.0622,0.671,-2.4770849336561467,-0.04993509304774331,0.9645736228159012,0.0914
1787531811.6798992,-2.4045256752880833,0.008839550293947783,0.08901895218595401,-2.4549095180836544,-0.043747422473300795,1.1754376518779137,0.0728,1.086,-2.471419023362597,-0.04775451559132536,1.2531545085305502,0.0876
1787531811.758895,-2.4034694089715956,0.009414063866251373,-0.04613867157555087,-2.460651820161003,-0.047790438639645785,1.2745985788555172,0.0809,1.321,-2.4655768885801304,-0.050243279544215515,1.2894150303377723,0.0861
1787531811.833333,-2.402922519362511,0.009771667037352839,-0.06422698942659777,-2.428490334899724,-0.029266877165130746,0.6057513608359189,0.0467,0.670,-2.373828552854799,-0.015654317107736626,0.4255725833306275,0.0386
1787531811.9754858,-2.4016359838666865,0.00960714608772721,-0.15714210781375879,-2.4027595120295864,-0.014739776297074767,0.24942463729053735,0.0244,0.407,-2.370257152146719,-0.00562917587267519,0.03970326005663461,0.0349
1787531812.0482008,-2.4009647694647605,0.009160403729055442,-0.11371149219210093,-2.3790384221455025,-0.004698715490665,0.026409744343835407,0.0259,0.140,-2.3529611606134653,-0.00124879698856874,-0.018147534032914896,0.0491
1787531812.1215842,-2.4003832291050955,0.00866262606689752,0.06425218744029845,-2.3747276661303176,-0.0030031129203777177,0.0463935427678994,0.0282,0.018,-2.462150679053445,-0.04993393869202313,1.1879769607751631,0.0851
1787531812.2625155,-2.399899027024146,0.008384125929602141,0.2887118584021255,-2.387395988860489,-0.01836477294447275,0.6536005270724087,0.0295,0.365,-2.3650697411901795,-0.01774307170128167,0.525808276923458,0.0435
1787531812.3318417,-2.3995908826041497,0.008705572928261443,0.42023894206514695,-2.373346953815152,-0.016632165988427438,0.6780761459284124,0.0365,0.258,-2.440609847954089,-0.03333771314337481,1.4097732681369406,0.0587
1787531812.473393,-2.398990708615664,0.008919332939402065,0.42070965755277756,-2.385640115611556,-0.020650420037668413,1.1690838027984036,0.0324,0.748,-2.340115429805589,0.004116159983083109,0.5487840373716034,0.0591
1787531812.542522,-2.3985758325685578,0.008369168686053608,0.3803180000571754,-2.3567629523259526,-0.0014242606340566875,0.529900768161795,0.0429,0.150,-2.3353726078533374,0.0018039809449953003,0.4854736938363224,0.0635
1787531812.6872697,-2.3972890197963905,0.006323172287870771,0.4682471844785434,-2.3484389730065853,0.010048909830332148,0.3519477187736213,0.0490,0.116,-2.3159302981759886,0.017811042055587752,0.2584744542296756,0.0822
1787531812.762239,-2.3967211075686485,0.005087789074988358,0.6876307317457332,-2.3359058169320304,0.015390689238974093,0.2904009860002823,0.0617,0.397,-2.310659262318411,0.00637820874746148,0.4443325945352795,0.0861
1787531812.837389,-2.3960338630200573,0.004307756166667643,0.7150600634667525,-2.3175625496996894,0.007328986739986617,0.6425343150643271,0.0785,0.073,-2.3108929360393593,0.0025814101848672367,0.7066834033323974,0.0852
1787531812.986138,-2.394475225866711,0.003616710200810637,0.7523801786061238,-2.3096935547323607,0.007134272165508765,0.7293753724018119,0.0849,0.023,-2.29257629782168,-0.0006031828250003675,0.810360077445686,0.1020
1787531813.0709834,-2.3937327619938253,0.003598652388757831,0.6162945552146732,-2.29340623163146,0.006570057050503464,0.7249288294084866,0.1004,0.109,-2.2891362448425836,0.008766201884538975,0.696655066073196,0.1047
1787531813.144583,-2.3930581899291643,0.0033854571277061414,0.3347534358661293,-2.2843467153061763,0.008753482565848706,0.5170511815319513,0.1088,0.182,-2.2782167156725235,0.009930458034787365,0.4978640317805593,0.1150
1787531813.2845953,-2.3905939299041803,0.0020021362949294626,-0.3058018834593331,-2.2828714063089715,0.013166225972618913,0.1687712494011496,0.1083,0.475,-2.300289045341615,0.015903004781083124,-0.22595159199967116,0.0914
1787531813.3561232,-2.3893521327874447,0.000994321639015554,-0.5266219201403437,-2.283777046859665,0.014866990120681156,-0.2064097782141871,0.1065,0.320,-2.3043653231468237,0.012903076923389883,-0.5608404095753209,0.0858
1787531813.4215875,-2.388444782196653,0.0002787362495738,-0.4981204848293898,-2.2864932951446635,0.013687893976527917,-0.5639849572206717,0.1028,0.066,-2.3188267610039794,-0.0008510656056894901,-0.5808269857431617,0.0696
1787531813.5650122,-2.3865397460489146,-0.00038206101714061233,-0.31584934270320775,-2.293027401045865,0.004738024991827839,-0.6491132604181323,0.0937,0.333,-2.335209221293691,-0.0015869906250028437,-0.4428218491313935,0.0513
1787531813.6315265,-2.385493954216506,-0.000312520904759501,-0.2637341885266011,-2.3149812496868214,-0.0004811790755524356,-0.37565836403474556,0.0705,0.112,-2.443319309036617,0.04036503508015677,-1.2374421678797085,0.0707
1787531813.7699134,-2.3836145758748506,2.0800216941089513e-05,-0.5363804601469951,-2.339249605506537,0.01236776660934689,-0.7437525197586442,0.0461,0.207,-2.341029128896556,0.004718114805766709,-0.5487537492359196,0.0428
1787531813.8460946,-2.382653566736724,-0.0001470610711562276,-0.7663888691079918,-2.3564309971371737,0.020379858829112654,-1.2037937026430383,0.0333,0.437,-2.427502285656208,0.044496424961995795,-1.629787011729733,0.0633
1787531813.9905646,-2.381814106785241,-0.0007099637800300279,-1.7558748079989699,-2.379426282106543,0.03323778336289101,-1.6035086165581893,0.0340,0.152,-2.466174216563966,0.062192265801836455,-2.6246056863640717,0.1052
1787531814.0578096,-2.3815202451951127,-0.0008847620569382869,-1.9862807246608891,-2.4038210506111484,0.0459817635645543,-2.339853431724712,0.0519,0.354,-2.466174216563966,0.062192265801836455,-2.6246056863640717,0.1056
1787531814.1300857,-2.3811753721975344,-0.0009021695393637292,-2.1094827341735036,-2.4232986847501983,0.024040219057385022,-2.3995270325560467,0.0490,0.290,-2.4600685801827726,0.02139887070380157,-2.856289545202666,0.0820
1787531814.2652562,-2.380471680215863,0.0002470546470091161,-2.2275497608763075,-2.435923180922819,0.021917312013147856,-2.8414207918332273,0.0595,0.614,-2.4600685801827726,0.02139887070380157,-2.856289545202666,0.0824
1787531814.3671532,-2.3799284856314387,0.002182174322521288,-2.6252741512553994,-2.4503942203508116,0.02447193681668269,-3.138639519557165,0.0739,0.513,-2.3573125292694854,-0.01752172106461605,-2.0507458952278204,0.0300
1787531814.4308631,-2.379434519321065,0.002680975112795481,-2.6479664469655813,-2.3818064811894333,-0.016831011328588025,-2.1683180267330275,0.0197,0.480,-2.3489825451306636,-0.004899610793015942,-2.501560012215715,0.0314
1787531814.5736284,-2.378291833379652,0.002898684791665522,-2.715706370400354,-2.372266417779491,-0.011609231344441147,-2.4126634101952456,0.0157,0.303,-2.3489825451306636,-0.004899610793015942,-2.501560012215715,0.0303
1787531814.6441891,-2.377720052173887,0.0026267643470652084,-2.6497054571720864,-2.360455509738269,-0.0024385815965414868,-2.794901949404015,0.0180,0.145,-2.338597926315286,0.005275806556189482,-2.9432406737394317,0.0392
1787531814.7767408,-2.3767512911231394,0.0022967681709484024,-2.166983286628662,-2.3536263778377937,0.0014188556454220141,-2.8941559255479667,0.0231,0.727,-2.338597926315286,0.005275806556189482,-2.9432406737394317,0.0383
1787531814.8755035,-2.3749919376371915,0.0033642991043439058,-2.234752419606034,-2.3521543299095837,0.0007491803705202712,-3.1212902385833763,0.0230,0.887,-2.338597926315286,0.005275806556189482,-2.9432406737394317,0.0364
1787531814.9791331,-2.3731483653392575,0.005116843968762018,-2.5560263649484267,-2.3345181113481934,0.004377051298457338,-2.8862623324534082,0.0386,0.330,-2.3222172896612663,-0.005946974161116881,-2.5482246230109773,0.0521
1787531815.0345135,-2.3724163677985035,0.005763555445644733,-2.5836466081398033,-2.3288402461710103,-0.0014550834916907118,-2.612242153135541,0.0442,0.029,-2.3222172896612663,-0.005946974161116881,-2.5482246230109773,0.0515
1787531815.1793914,-2.3708819909540613,0.006398118446253082,-2.7349673306186713,-2.3149649858848327,-0.008221897389859024,-2.2416803228800792,0.0578,0.493,-2.296830963791028,-0.00140959316398363,-2.469279501125576,0.0745
1787531815.2556849,-2.3700423901261165,0.006300098080782481,-2.78041196465628,-2.306852554703832,-0.004659002419191748,-2.4261148597388447,0.0641,0.354,-2.3038374542532782,0.002004984351758775,-2.7218492944158474,0.0663
1787531815.3300786,-2.3692797748877603,0.006023534749661713,-2.6880809277274302,-2.302168418282805,0.002644221501430514,-2.8802316016245095,0.0672,0.192,-2.3111979991729927,0.005047906457308097,-2.9889491175125857,0.0581
1787531815.4872494,-2.3678145099188868,0.006078100330763093,-2.213348567762496,-2.305989073035068,0.004902981920611837,-2.9966812466655495,0.0618,0.783,-2.319366270153052,0.005888521693721095,-3.0086300199546936,0.0484
1787531815.5801978,-2.366727398311013,0.0070833600205621175,-2.240540110231758,-2.3055135333049077,-0.0006405104824306947,-2.776909010503664,0.0617,0.536,-2.3367249479135714,-0.009213694369862113,-2.4444114556937078,0.0341
1787531815.6529233,-2.3656914026753855,0.008336212372748933,-2.4196878903282935,-2.317572261691314,-0.009010174606181528,-2.170800523777155,0.0512,0.249,-2.3326515966036876,-0.012776042170778074,-2.116002860042098,0.0392
1787531815.7225466,-2.3648269519733027,0.009396501598086374,-2.454917201956091,-2.339101969453416,-0.01587089965787347,-2.152005025899367,0.0361,0.303,-2.324738933832487,-0.007673138939867265,-2.4339877180323635,0.0436
1787531815.8618548,-2.362940253826416,0.010687612947520589,-2.56573818208707,-2.3515547662834253,-0.02171551609985965,-2.022347944710839,0.0343,0.543,-2.4156900158347714,-0.040046353227407266,-1.6947948882715522,0.0732
1787531815.9306848,-2.3619843296836036,0.010969892588986346,-2.5317504120081358,-2.3393831999735326,-0.011999764255847244,-2.4340385128221427,0.0322,0.098,-2.3156677323032033,-0.0047177492703815195,-2.531170370540251,0.0489
1787531816.0762382,-2.3602637284837558,0.011663448934796018,-2.1057987686086586,-2.332588927459623,-0.00887549554419391,-2.387504615286325,0.0345,0.282,-2.3162888868874716,-0.028090049037138732,-1.9532036468555036,0.0593
1787531816.1480322,-2.359476357813906,0.012095185134923005,-1.9473206508262257,-2.3412610779329595,-0.03696370879631189,-1.306360944533984,0.0523,0.641,-2.409306993001457,-0.06566924935852533,-0.8192023740774855,0.0924
1787531816.272604,-2.358285078565004,0.013342040762622125,-1.4478627727065105,-2.341922966661086,-0.04074339413165951,-1.2601103755302545,0.0565,0.188,-2.409306993001457,-0.06566924935852533,-0.8192023740774855,0.0941
1787531816.389148,-2.357495250159626,0.013887979725093258,-1.4172805877284254,-2.3661268076003332,-0.055441917795886794,-0.8014424311083383,0.0699,0.616,-2.423645062745909,-0.06202161164352752,-0.31267907317820054,0.1007
1787531816.4708564,-2.3570767663140453,0.013818402154874471,-1.4522200711711617,-2.392653065174814,-0.05412346512502054,-0.23100658905345342,0.0767,1.221,-2.409182120360111,-0.05029009567689015,-0.27055128676424617,0.0826
1787531816.5452101,-2.356688874634526,0.013148078577918235,-1.4365690479009259,-2.4020865005510594,-0.03465740893016993,-0.3660278810759017,0.0659,1.071,-2.4098294322941687,-0.017022683363702874,-0.6284248169061978,0.0611
1787531816.6819315,-2.3561230116439553,0.011513973330737838,-1.0060533842955892,-2.4041858604666975,-0.03634441942112717,-0.47430588576661264,0.0678,0.532,-2.319667018224496,0.004106127293110258,-1.136885932328475,0.0372
1787531816.7523012,-2.3562076203276283,0.011063507661921285,-0.7869932042835187,-2.360922798684663,-0.008141014832829647,-0.7320656651467572,0.0198,0.055,-2.3302926758424416,-0.007334336241369375,-0.7346625156587531,0.0318
1787531816.884721,-2.356189905510341,0.010991269666127448,-0.3406490466830645,-2.362067282114936,-0.0069195358888905585,-0.6735436225858421,0.0189,0.333,-2.271688869893443,-0.007891845018551226,-0.2607968591968466,0.0866
1787531816.952404,-2.355947956398971,0.010822427114024627,-0.24891104613138285,-2.3100650600086996,-0.004362718074028479,-0.12458581919041174,0.0483,0.124,-2.2775915866908893,-0.0030963177027763245,-0.13995376460353864,0.0796
1787531817.0209517,-2.355348550314377,0.010431965369071625,-0.3095698762013407,-2.29954646840223,0.003180435983358648,-0.1853156916327216,0.0563,0.124,-2.283312642840379,0.00799987605620224,-0.2490638069085402,0.0721
1787531817.1750033,-2.3539661972799335,0.008882250897792763,-0.45524435884525527,-2.2904100735948156,0.01034120091863845,-0.3983113575852224,0.0636,0.057,-2.280561156403299,0.017042695440868064,-0.5960437595126025,0.0739
1787531817.2506447,-2.3532562711939677,0.007723843407496944,-0.42592847731075567,-2.2814836307331334,0.02002049207709211,-0.6842071233170028,0.0728,0.258,-2.2812080961693653,0.023323288306780172,-0.7291817482030364,0.0737
1787531817.3903697,-2.3518853581724395,0.005969430223443976,-0.20981341498102835,-2.275460506125065,0.018620920413105146,-0.6746886416132925,0.0775,0.465,-2.2825630427753376,0.0066387578811258645,-0.3349089208057429,0.0693
1787531817.4646833,-2.3510557659281783,0.005637845625121182,-0.1900666895458832,-2.2742176974830066,0.012449520219288447,-0.4113335053386175,0.0771,0.221,-2.2715124122407246,0.00935903782153375,-0.30802958727130725,0.0796
1787531817.5380697,-2.3501856878932945,0.0055892085784326525,-0.23359717887421466,-2.2671713827226982,0.010933546553562353,-0.30934058084054655,0.0832,0.076,-2.266459747344978,0.009797948474145024,-0.29567769509403363,0.0838
1787531817.6874957,-2.3482169094390763,0.005474227673968577,-0.7694311358177267,-2.264514571501416,0.013203613695216408,-0.43716779607969936,0.0841,0.332,-2.2529081127945245,0.018721898438581533,-0.7400150150334132,0.0962
1787531817.7676904,-2.34696740094621,0.005013624658813113,-1.1315277327510966,-2.257946999844664,0.016692902334398945,-0.7085669914765862,0.0898,0.423,-2.270043415555444,0.021006185663249657,-1.1556924384234757,0.0786
1787531817.84289,-2.3456541497592545,0.00422915625570589,-1.4634498263043447,-2.2788061410374416,0.025978751702688242,-1.8106281552584251,0.0703,0.347,-2.2900976884288693,0.02298170027520984,-1.8992413572086788,0.0586
1787531817.9852917,-2.3433449793933097,0.0032241872012969343,-1.6613037864011486,-2.2807633760100567,0.024857247516030773,-1.9211166940230033,0.0662,0.260,-2.374700297423928,0.03790139099589556,-2.698852421284249,0.0468
1787531818.0559075,-2.34221547292536,0.00344336811378927,-1.6176578869809934,-2.299599521238131,0.014026512435014682,-1.9738808668459327,0.0439,0.356,-2.3004332899990314,0.0020030271588008432,-1.8081054152144491,0.0418
1787531818.125032,-2.3410093546048523,0.003971296386543404,-1.582490366447955,-2.2980044749628488,0.004388076006890793,-1.7746157693905746,0.0430,0.192,-2.302147932213348,-0.007356643468412144,-1.5995027420301067,0.0405
1787531818.266777,-2.3386732804872787,0.005513197793866523,-1.8049730314023515,-2.298846925005185,-0.0023244293556327917,-1.6657816006475554,0.0406,0.139,-2.3056984366332256,0.0063603641841989255,-1.771710271763579,0.0330
1787531818.339637,-2.3376622989197253,0.005914926805721439,-1.8227688290625148,-2.3213246879308143,0.017841572800757363,-2.374313512687487,0.0202,0.552,-2.4101680691997656,0.04849887369319354,-2.9123409926289936,0.0841
1787531818.4885056,-2.335473508454222,0.00584746087190705,-1.8419370296658268,-2.34086306664921,0.02530250139395796,-2.5790430212148587,0.0202,0.737,-2.3764880402494426,0.028055136976979794,-2.5790430212148583,0.0466
1787531818.5624824,-2.3344153087785524,0.005499936620471222,-1.7132502859127599,-2.3659119863578573,0.03659325950062191,-2.756226381733755,0.0443,1.043,-2.4047907200244394,0.050661525636434265,-2.990568663243355,0.0836
1787531818.6359708,-2.3334418029215818,0.005264000718291629,-1.4437264336556108,-2.3768414219419323,0.04010694706588106,-2.839702081043529,0.0557,1.396,-2.4130924340594295,0.06284930449406675,-2.839702081043529,0.0983
1787531818.7653296,-2.331946603862804,0.005884121522626342,-1.3737663106387474,-2.38971959737721,0.04663252577325746,-2.9236913145938908,0.0707,1.550,-2.403881418906926,0.05703134732341107,-2.9236913145938908,0.0883
1787531818.8803911,-2.330447558536502,0.007406850811232178,-1.4616047189117705,-2.4003498873779066,0.05717335472195709,-3.0637216428787686,0.0858,1.602,-2.393652965635209,0.07086092198182611,-2.9236913145938908,0.0896
1787531818.9456038,-2.330315674661371,0.007859615325991803,-1.4796793071674068,-2.4075823565334344,0.04552668538472069,-2.5207502643374102,0.0860,1.041,-2.4004447483857025,0.03764162570908869,-2.393580373622706,0.0762
1787531819.0795445,-2.3299127758153038,0.00803718670054927,-1.570279112167312,-2.4033050129164626,0.05135559788332254,-2.555766714532697,0.0852,0.985,-2.357103756465673,0.04701138307834751,-2.542782708119847,0.0475
1787531819.1474938,-2.3296573937084974,0.007747717849746247,-1.5621392313603375,-2.3571981718808575,0.03308473070449916,-2.048684848713905,0.0374,0.487,-2.2890115121106867,0.020149207939242568,-1.8776291325040677,0.0425
1787531819.2901115,-2.3293565912257006,0.007069093700881792,-1.1765680169182786,-2.3375456008454174,0.019983832469164825,-1.8660595965122673,0.0153,0.689,-2.2845280911828043,0.003080226151171886,-1.5234549438217622,0.0450
1787531819.361531,-2.328750434503161,0.007225549284465726,-1.1750797962892554,-2.319706917738378,0.009642331610057607,-1.6102802805834344,0.0094,0.435,-2.2816432261642987,-0.002565866111235568,-1.1167553146512361,0.0481
1787531819.4333532,-2.328019069985302,0.007775387658869287,-1.257574364929437,-2.298129351651471,0.004158593371632668,-1.167093992582757,0.0301,0.090,-2.2837080732885426,0.006296767396519109,-1.1945034993303765,0.0443
1787531819.5786304,-2.326679501743401,0.00931193964840945,-1.7659659473005231,-2.2858780130241385,-6.291159868271941e-05,-1.2263183651874672,0.0419,0.540,-2.2697036411085785,0.00011046472057536067,-1.4493778180516295,0.0577
1787531819.648931,-2.325944031435194,0.009796802676903978,-1.7852265260237994,-2.2721104456771974,0.0027596960342311195,-1.8331110175989243,0.0543,0.048,-2.265397694324554,0.007595410125185038,-1.9032754855427458,0.0606
1787531819.7886765,-2.3242586939335106,0.009835358971619839,-1.7523046677330425,-2.268365761231757,0.0042222258406653885,-1.8659102791539983,0.0562,0.114,-2.2600387170347207,0.007842014135315718,-1.9587531165943965,0.0643
1787531819.8596041,-2.32341643400864,0.009493229319558798,-1.5760666468803743,-2.262613727383272,0.005919961955776703,-1.933327551591596,0.0609,0.357,-2.248910706931595,-0.0009303103471973099,-1.7853921491907985,0.0752
1787531819.9339442,-2.3226580801118675,0.00926218510099624,-1.2605405829843361,-2.252160250385728,-0.003700570937396594,-1.5475339988529648,0.0717,0.287,-2.2469760668733056,-0.005047659122126706,-1.1261767253590453,0.0770
1787531820.0732958,-2.3207502932377744,0.009789372534058781,-1.2997293042519062,-2.2472828062617607,-0.0044989540682358695,-1.1415425749261947,0.0748,0.158,-2.249038017804907,-0.010623100910170486,-1.0088197075923873,0.0746
1787531820.1467712,-2.3197262410755206,0.010479277381528965,-1.4281627574993998,-2.2444614047629563,-0.008685040916729864,-1.0348350006831533,0.0777,0.393,-2.2449631077889434,-0.01327832675310478,-1.0370809680546864,0.0784
1787531820.2767677,-2.317920155794052,0.011667324960913734,-1.7282530527223543,-2.241331539533832,-0.01226048568823613,-1.0487821878293146,0.0802,0.679,-2.2449631077889434,-0.01327832675310478,-1.0370809680546864,0.0771
1787531820.3646886,-2.3159725976938046,0.011782246355633633,-1.746919363060229,-2.2297812236211962,-0.017053641101537707,-0.9686187113615847,0.0909,0.778,-2.2510112953325674,-0.009546996692164885,-1.2770931108806938,0.0684
1787531820.4823883,-2.313760089590861,0.010814656717798877,-1.623554423191798,-2.242248130353086,-0.007491402069817833,-1.5693938588796028,0.0738,0.054,-2.253355385551126,-0.002980070244295388,-1.6370414915215272,0.0620
1787531820.5401394,-2.312771479546124,0.010266240195768928,-1.3735858045802576,-2.2371061388782256,-0.009148355672323144,-1.5692454746607094,0.0781,0.196,-2.253355385551126,-0.002980070244295388,-1.6370414915215272,0.0609
1787531820.6108775,-2.3117897119749102,0.010086401650587128,-1.3600883310797003,-2.2436908255238115,-0.002779628389944255,-1.7007773516615545,0.0693,0.341,-2.244667084758218,0.0016502113892835418,-1.707031102646048,0.0677
1787531820.784941,-2.3096173799733752,0.010581659260543906,-1.361374318600013,-2.2476687189970885,-0.004025198273339076,-1.5232865267264935,0.0636,0.162,-2.2565197779269672,-0.008206115750116878,-1.142335747759832,0.0563
1787531820.8517447,-2.30859483055102,0.01116007696754133,-1.5659602537704542,-2.2637817183511766,-0.02097604767560299,-0.6607385744497534,0.0551,0.905,-2.3458376895704296,-0.05265852818659209,-0.11079454539492786,0.0739
1787531820.9787738,-2.3072158942426593,0.011008015391068045,-1.6508963776967,-2.2619942140897984,-0.02469972566829,-0.5711290420011595,0.0576,1.080,-2.351912167598378,-0.050340081480552204,-0.1700847288949405,0.0759
1787531821.053615,-2.3065514460308414,0.010290880752079632,-1.738691760061725,-2.2781450649891286,-0.021991836704322143,-1.1456109657544626,0.0430,0.593,-2.268860069201363,-0.002445760220981567,-1.5051726879747855,0.0398
1787531821.138194,-2.3058974473142135,0.009346354515945572,-1.7419018501113643,-2.274693117492864,-0.012245774550239438,-1.3739718632751012,0.0379,0.368,-2.268860069201363,-0.002445760220981567,-1.5051726879747855,0.0389
1787531821.2581496,-2.3046190950613763,0.007891024533272315,-1.5489775386926536,-2.2747312559138866,-0.014037992365849437,-1.3667602671211792,0.0371,0.182,-2.27093592188234,0.004594258756043388,-1.6346649337320456,0.0338
1787531821.3360386,-2.303830732348585,0.007586136744969999,-1.5320348380498092,-2.270250660557046,0.0008747683707070025,-1.6945110768983536,0.0342,0.162,-2.271669061081808,-0.002134564754980774,-1.657783335939924,0.0336
1787531821.4680605,-2.302156264387601,0.00780081310514482,-1.6996458072798708,-2.271126579962211,-0.0031933341596341834,-1.4741460475329744,0.0329,0.225,-2.2730882325652155,-0.006807873400179034,-1.419396377529553,0.0325
1787531821.5384727,-2.3018052359202716,0.0075107992897933415,-1.697149300074187,-2.2694137601610413,-0.00885509524043449,-1.3565105064441578,0.0363,0.341,-2.2429854665893827,0.005927590049194754,-1.8399041021645062,0.0588
1787531821.6806338,-2.30065797449145,0.006073199465161762,-1.6740954895679423,-2.2605301015862307,-0.0008527169502766437,-1.7433486341447433,0.0407,0.069,-2.2468424788057813,0.00879182599240925,-1.9124672255240227,0.0539
1787531821.7527003,-2.300001566447062,0.00490438372350774,-1.5934339196662428,-2.2552135326183125,0.005131282438099145,-1.8640132003341332,0.0448,0.271,-2.2371075520555146,0.010401189544992421,-1.9307054844967606,0.0631
1787531821.8918962,-2.2987568523096344,0.0027793227849258863,-1.3386221226496366,-2.2435098612888833,0.007899303648434074,-1.8515456409291349,0.0555,0.513,-2.232963381983715,0.0017973310976642683,-1.5412210565577704,0.0658
1787531821.962482,-2.2980107595934323,0.0021760511105074105,-1.298827591924067,-2.2356481908919106,0.003468299734381153,-1.4903627883640027,0.0624,0.192,-2.2320996464177325,0.0016203857135130804,-1.464502768195718,0.0659
1787531822.0351074,-2.297150368587234,0.0019151719395977625,-1.2778557394408658,-2.230571827941899,-0.0046208676350712,-1.3623100077802128,0.0669,0.084,-2.2161838014647315,0.004422079379301697,-1.4659548383382266,0.0810
1787531822.1777623,-2.2955833274707507,0.0017731247195694484,-1.595921316633266,-2.2251255014077183,0.00020461592371338096,-1.4116851993304864,0.0705,0.184,-2.2135686546788613,0.006920230458701029,-1.6512591809427464,0.0822
1787531822.24778,-2.2948199362290644,0.0014235787093950915,-1.8825825287071447,-2.219513158964955,0.003994311402599279,-1.6101196222860967,0.0754,0.272,-2.2207967254940337,0.007567103080940449,-1.9320277112702344,0.0743
1787531822.389541,-2.292942954755177,-0.0001222774571653898,-1.8173329166894474,-2.2187340940363742,0.009985107832302512,-2.24982031623422,0.0749,0.432,-2.219922558539955,0.011404617515006103,-2.2963351952849353,0.0739
1787531822.4599845,-2.2923031124920743,-0.00066817440150597,-1.7916221196640882,-2.217366473221233,0.011121644811760908,-2.2924666382600907,0.0759,0.501,-2.2139654419893353,0.014244969099546626,-2.297422690966774,0.0797
1787531822.5323744,-2.291672033443819,-0.001081386982040639,-1.5869970202836863,-2.216076106842817,0.006508461159987179,-2.1543160124873015,0.0760,0.567,-2.224776667596092,-0.0005000638274546561,-2.0617883663833534,0.0669
1787531822.6749127,-2.2900934192826106,-0.0007368636507657296,-1.163367524109348,-2.217218633988824,0.0022783977662066595,-1.8491091989176662,0.0729,0.686,-2.225528617838402,-0.0015323618641535843,-1.7945334292073365,0.0646
1787531822.748343,-2.289255093594058,-2.9886315898443273e-05,-1.0833185210090512,-2.2162601578375454,-0.00022305300853057985,-1.3269741319080228,0.0730,0.244,-2.221186635249274,-0.0021102393408954615,-1.2970003714379768,0.0681
1787531822.8857353,-2.2877815338715544,0.00117423360515776,-1.286117994683568,-2.2137240369610933,-0.00045989906121824314,-1.3041465547702884,0.0741,0.018,-2.231679100024097,0.012303554685175824,-1.4975689244703456,0.0572
1787531822.957308,-2.2870758628066237,0.001270538912673646,-1.2915238512471754,-2.2203965566111434,0.008449462825294263,-1.446726892903875,0.0671,0.155,-2.3225370471546607,0.04671040872191302,-2.4564013876867157,0.0576
1787531823.0319877,-2.2863199467938595,0.0011137304638114546,-1.2668617298326,-2.2396693028455914,0.016641808067175266,-1.7062565978421464,0.0492,0.439,-2.236765553516033,0.010778407675148208,-1.578337629409997,0.0505
1787531823.1739478,-2.284947513070217,0.0005854992729067573,-1.1019931452839644,-2.238697563177577,0.013731202127310294,-1.6179825855007401,0.0481,0.516,-2.2298762726537986,0.004065187567459198,-1.2867864828667843,0.0552
1787531823.2521825,-2.284200002247818,0.0006572361318741929,-1.0610251214674093,-2.2357899121126374,0.008700966001626124,-1.3516876964387778,0.0491,0.291,-2.230828560206328,0.0032168937866936006,-1.241244402811394,0.0534
1787531823.3287451,-2.2833761624901188,0.0010351233542169457,-1.0322824891118418,-2.2291890593350145,0.003287441013474378,-1.1488454545454279,0.0542,0.117,-2.230702104845011,-0.005108605059985619,-1.0518739997088482,0.0530
1787531823.471064,-2.2818630682001544,0.0022472478965226386,-1.330211105707854,-2.229196901496637,-0.0019432505847779475,-1.0926830615071,0.0528,0.238,-2.2290030228077984,0.003954026811673311,-1.2361186841601568,0.0529
1787531823.5404296,-2.281466944487554,0.002648734144667694,-1.445939937633412,-2.228038598563105,0.0017531816728691074,-1.43278319205156,0.0534,0.013,-2.2279955872321713,-0.00020904901310508185,-1.6112060886488353,0.0535
1787531823.6808894,-2.2805503550075343,0.002694955557841225,-1.6339203648032345,-2.227677468383051,0.00018051983532915749,-1.6116478960367042,0.0529,0.022,-2.2122316983614168,7.18218601803528e-05,-1.7395587629900742,0.0684
1787531823.7566864,-2.280140905873892,0.0024327990075374713,-1.5779696941069963,-2.218968714331447,-0.0027604767415047218,-1.7421439596129076,0.0614,0.164,-2.2139139759478024,-0.0043720107830221904,-1.7218080139766574,0.0666
1787531823.8271458,-2.279227171629115,0.002478716394176406,-1.564122987277095,-2.2084333910934615,-0.0017676615189894905,-1.681328848207046,0.0709,0.117,-2.1925606956945893,-0.009633488094220544,-1.5118051102922299,0.0875
1787531823.9711742,-2.277173406212671,0.003425546296531287,-1.5006517671653703,-2.202352777217939,-0.006351507258074235,-1.5567621241838925,0.0755,0.056,-2.2145690553458075,-0.015011819610346136,-1.374238791245708,0.0653
1787531824.0427303,-2.276118220155761,0.004266159660628888,-1.5707487926707597,-2.2027513065501263,-0.013314797902851583,-1.3352205618901207,0.0754,0.236,-2.2021643796877837,-0.014189114625680553,-1.3222356688040042,0.0762
1787531824.190716,-2.2742689232753484,0.005615225892803863,-1.8122501808811249,-2.20489574921275,-0.01429851597852425,-1.4215698634401241,0.0722,0.391,-2.219256182053112,-0.006348380535633213,-1.7671411311400824,0.0563
1787531824.2608337,-2.2733177577182153,0.005807084937544387,-1.8332375777453844,-2.208144379732188,-0.006708210696463493,-1.7793431997812892,0.0664,0.054,-2.2090087881969005,-0.003117261317398977,-1.8266868577342261,0.0649
1787531824.32877,-2.2723294942360095,0.005767155434754558,-1.8120388671224785,-2.2057390281720046,-0.0033330834412708425,-1.8082048911754545,0.0672,0.004,-2.213622362994574,-0.0069362362478302235,-1.75225440649493,0.0601
1787531824.4663558,-2.2705660584069647,0.005502145961265246,-1.3908991690931396,-2.2074052471096133,-0.005420591602493297,-1.7725038741331562,0.0641,0.382,-2.216227632524065,-0.017598210272712567,-1.4526768126727707,0.0590
1787531824.5380955,-2.269591238456183,0.005657712014809947,-1.388702598188604,-2.2124719344232666,-0.010552122991668453,-1.1693620976474306,0.0594,0.219,-2.220824949895056,-0.00984252070727382,-1.170747460513438,0.0512
1787531824.677384,-2.267483866633678,0.006827260928567821,-1.4682666736051277,-2.2264454804028273,-0.02572599739673294,-0.659494678337577,0.0524,0.809,-2.2116419667409164,-0.015258325806519868,-1.0785117192068996,0.0601
1787531824.7469156,-2.2665161463573105,0.007574589771010776,-1.6859971950164712,-2.21776147609768,-0.014468078122657987,-1.1659330408084794,0.0535,0.520,-2.210102930469251,-0.008998305079879514,-1.2401973334484602,0.0588
1787531824.822054,-2.2656198081028105,0.008068253562642728,-1.7078568217854802,-2.2218771429878053,-0.014583953510497983,-1.4439877070153229,0.0493,0.264,-2.2184447702299317,-0.0007598018367942973,-1.646004166180489,0.0480
1787531824.9736342,-2.2636582526701052,0.008186182997421645,-1.733431810871197,-2.220833692173275,-0.006618307738495404,-1.5684487462131131,0.0453,0.165,-2.2198271368367335,-0.00020518937660067975,-1.6840627037116866,0.0446
1787531825.0441558,-2.2627104540848566,0.007927559002713896,-1.6078487433902258,-2.2196550657934906,-0.007079513673634257,-1.6144642756145728,0.0456,0.007,-2.217381647405149,-0.010019849886883066,-1.5760871605943354,0.0488
1787531825.1135657,-2.2618475099537094,0.007779953051937757,-1.343529832145907,-2.2185094510579813,-0.00953143988128715,-1.3989968693866726,0.0467,0.055,-2.216022041804474,-0.011495112707464583,-1.3691622226257476,0.0497
1787531825.2635267,-2.2606053057501403,0.0082991495945672,-1.0583754131005885,-2.2205963537893223,-0.009256532503352777,-1.0896677693966497,0.0437,0.031,-2.224589962731538,-0.009683205321204034,-1.0783429597133367,0.0403
1787531825.333559,-2.25996905037687,0.009007070518715275,-0.9835921250215666,-2.2188628209696963,-0.015484332993174942,-0.724186349385808,0.0478,0.259,-2.2157889786632627,-0.018526356511590646,-0.6807820777320703,0.0521
1787531825.4759078,-2.2589513606006433,0.008909565431825382,-1.0986154407966837,-2.212813418853642,-0.015699996754499176,-0.6600204735886758,0.0523,0.439,-2.202140878945928,-0.015388043692380348,-0.6633476464255708,0.0618
1787531825.5485413,-2.2583366588007343,0.008479017598596747,-1.243657064254278,-2.214059217499779,-0.007375763113418556,-0.9357569805356758,0.0470,0.308,-2.2172811254313105,-0.002071886327742657,-1.0091887345889305,0.0424
1787531825.6887007,-2.257233240461512,0.006516938913059192,-1.4249236554768896,-2.2136652107428576,0.0010845724386862729,-1.1841881169197073,0.0439,0.241,-2.206578709108404,-0.004397640312700855,-1.3107041338567893,0.0518
1787531825.7561157,-2.256800367576439,0.0055599884603449185,-1.3152418254599003,-2.2111114264212937,-0.0022139461026460337,-1.3347411862870593,0.0463,0.019,-2.21525019993134,-0.00458887498795877,-1.2816139727146412,0.0428
1787531825.8898523,-2.2553218858749506,0.00507701003412346,-1.2913536484423744,-2.2120356738610485,-0.006609954092312504,-1.1472715034567207,0.0448,0.144,-2.2123463298733586,-0.009490196952055673,-1.1065244505558869,0.0454
1787531825.9610047,-2.25452319477491,0.005200613219717577,-1.3432444577716716,-2.208160951304133,-0.009126539789602536,-1.100657389569182,0.0485,0.243,-2.202382553345452,-0.010297124585548935,-1.0852148852724626,0.0544
1787531826.0288277,-2.2538099307599264,0.005431521353680005,-1.5404228989530588,-2.203431134003128,-0.009849992214588326,-1.165276092413002,0.0526,0.375,-2.1953740112525404,-0.009963521890377617,-1.165712075617757,0.0604
1787531826.1723497,-2.25229979499587,0.005365870129507298,-1.588628003826372,-2.2030363964465676,-0.006740172560840122,-1.4468656471941588,0.0507,0.142,-2.1899093197616497,-0.004045525790476998,-1.5849660983775946,0.0631
1787531826.2470293,-2.2514567930252616,0.004917937756272701,-1.6082988861228515,-2.1981824133273715,-0.005271131301066479,-1.5669435115719188,0.0542,0.041,-2.191943601680752,0.003391581755568199,-1.707300722377894,0.0595
1787531826.390933,-2.2499278984714794,0.0036104608063256033,-1.2911709714243658,-2.1909719882223615,0.00037135825722829646,-1.6996151394853887,0.0590,0.408,-2.1900765869544867,5.0106010532250884e-05,-1.5958865768228658,0.0600
1787531826.458727,-2.249172614785625,0.003223148276026933,-0.9973533210182073,-2.18994484775187,0.0005711617964386892,-1.6058240916890847,0.0593,0.608,-2.1954101184999093,-0.005383867362134827,-1.2366086576434203,0.0544
1787531826.524686,-2.2481903779724615,0.0035260461591148312,-1.0055440766680501,-2.1915943759443475,-0.0033516496828827243,-0.9820418645238641,0.0570,0.024,-2.196372320232949,-0.005314337501421288,-0.9490404729835286,0.0526
1787531826.6685956,-2.246190831666346,0.004751827374780532,-1.2355097949034997,-2.1972356514584637,-0.005379225865529249,-0.9764991060720472,0.0500,0.259,-2.204993967717034,-0.0031404783347468174,-1.077599057392502,0.0419
1787531826.7374742,-2.245327522360508,0.005266383574202417,-1.2597904103484667,-2.1965806293074306,-0.00144193497348027,-1.2954960739046895,0.0492,0.036,-2.1915887090512762,0.0011540326023245003,-1.3347899914382972,0.0539
1787531826.876297,-2.243426494066822,0.005462050845726234,-1.3477352519642463,-2.198825598605738,0.006786897233642444,-1.403512453949281,0.0446,0.056,-2.196696648159646,0.009174440161350168,-1.4948328359343883,0.0469
1787531826.9507706,-2.242449140316429,0.005219801548164638,-1.3151700769294628,-2.1951042624030537,0.009693006492365312,-1.5356718578124042,0.0476,0.221,-2.18994070004016,0.009922779061997412,-1.5397082030687745,0.0527
1787531827.0271466,-2.241569198768991,0.004904704574973961,-1.133886227213088,-2.1917438692041156,0.0007758281501668487,-1.4088933704681983,0.0500,0.275,-2.1864090255144832,-0.005787565296292944,-1.3218093112742113,0.0562
1787531827.1803324,-2.240520974483235,0.005191055900352257,-1.1137361346294763,-2.19530535881546,-0.009473993960709748,-1.1133806098886505,0.0475,0.000,-2.198864141250959,-0.004098564421413038,-1.0528026151106866,0.0427
1787531827.2640996,-2.239904446707353,0.005777765538334624,-1.1537168211486315,-2.19615076706554,-0.006178555811683994,-1.0275263069797849,0.0454,0.126,-2.196263602033987,-0.004608617334088965,-1.0155090661727704,0.0449
1787531827.3359582,-2.23937691671185,0.006499688970452274,-1.3501812160626054,-2.192622002628456,-0.004248274175785176,-1.0843364068234305,0.0480,0.266,-2.1799916168964484,-0.004229812286177373,-1.2904328317603162,0.0603
1787531827.4734256,-2.2380900820461416,0.00689277827563782,-1.6555772720089823,-2.188281298145859,-0.0046092399506538675,-1.280026401518004,0.0511,0.376,-2.187028165866612,0.0061217241420295455,-1.7307943810106683,0.0511
1787531827.5409691,-2.2371651656088023,0.006383007656432621,-1.6206014500455836,-2.1846067240688476,0.0008008656782939288,-1.6833471071251784,0.0529,0.063,-2.1731059253605554,-0.002532133171943775,-1.6251364765362082,0.0647
1787531827.6820254,-2.235472054985295,0.004994441182341923,-1.216955975994491,-2.180376228274439,-0.0009697386664773923,-1.6466998044754049,0.0554,0.430,-2.1684639015918035,-0.008613301642018933,-1.3441975866671945,0.0684
1787531827.750498,-2.2346141343783636,0.004610734750271048,-1.2004101450488183,-2.1693354109668066,-0.004873143639192159,-1.0817883728870914,0.0660,0.119,-2.1589772595208796,-0.005349233809586412,-1.068441975718393,0.0763
1787531827.886249,-2.2327074960429627,0.004683773337085957,-1.2061779216338842,-2.1715671074083205,-0.012362552875947931,-0.9708597658348999,0.0635,0.235,-2.1809453897469395,-0.016908052904600044,-0.9105034957768298,0.0561
1787531827.960298,-2.2317921270845633,0.004989011176417304,-1.3591755823912528,-2.1690065852175606,-0.013568704808804483,-0.9422414481514504,0.0655,0.417,-2.1638844118720844,-0.012700017832931274,-0.9946328464493872,0.0702
1787531828.0349321,-2.2306353897462072,0.004997536453890181,-1.3756444162597146,-2.1597164478423534,-0.01492863632645729,-1.1445554149969697,0.0737,0.231,-2.1503428012686747,-0.015116277414929751,-1.1459455509512313,0.0828
1787531828.11164,-2.229420191000174,0.004702980676898854,-1.4263624600323934,-2.1630199355617155,-0.004487438645763682,-1.3110806401276875,0.0670,0.115,-2.177021608996036,0.001370346634553714,-1.4859455520801768,0.0525
1787531828.271201,-2.226901869228356,0.003290273505685438,-1.3955823923290698,-2.1664747334878833,-0.0013095539622030943,-1.447867177253228,0.0606,0.052,-2.192848763288843,0.0022453541866933463,-1.5319441862975507,0.0341
1787531828.344167,-2.225756101516291,0.0024868773511086024,-1.1740416197108596,-2.1723184505896804,-0.0030186983367343667,-1.4053082962426497,0.0537,0.231,-2.1706809292847065,-0.0060511995319969475,-1.3633633154018892,0.0557
1787531828.4763927,-2.2240273912977746,0.0021541221541869745,-1.1564338790903306,-2.1710349397627207,-0.0027785383748232307,-1.414676763256032,0.0532,0.258,-2.1797322386071594,0.00019837076909978135,-1.1654300144516923,0.0443
1787531828.5478997,-2.2230962929759115,0.002347689114981198,-1.2017702827348677,-2.1742902864940183,-0.00034100854703902287,-1.161766481243968,0.0489,0.040,-2.181013807638073,-0.006835543857134605,-1.1016350003089121,0.0431
1787531828.6239293,-2.2222392527447594,0.0026754826452538598,-1.3819715229572798,-2.177957621814888,-0.0012694933503765464,-1.184609487111831,0.0445,0.197,-2.1753902009583856,0.0013752679597340007,-1.4139250762744768,0.0469
1787531828.76509,-2.2214570909323057,0.002574704052303497,-1.4144444670590972,-2.1769466338776633,0.0001182950429279067,-1.3931192361283562,0.0446,0.021,-2.1730231970263456,0.005212115145840014,-1.539299244368116,0.0485
1787531828.837506,-2.2209819817284377,0.0021415509017696528,-1.4220675382735974,-2.1752864434022747,0.00844671199147715,-1.6236141710119025,0.0461,0.202,-2.1652254097666246,0.006061918748468734,-1.6350903992467,0.0559
1787531828.9790604,-2.220180589080741,0.0008486521944381205,-1.0937639863540252,-2.1719402212449803,0.00738752549590298,-1.6517144101088963,0.0487,0.558,-2.165609731149776,0.0035591671387596464,-1.4480289900610115,0.0546
1787531829.049865,-2.2195441391409085,0.0005237172300691954,-1.0783274843863975,-2.1706760465532264,0.0030160190898236156,-1.2310410295494842,0.0489,0.153,-2.174509059129068,9.478553603473505e-05,-1.1870226814824072,0.0450
1787531829.1883397,-2.2180818790124617,0.0007429555891384949,-1.097108822308426,-2.169182409550411,-0.001468350550698167,-1.1524835399342714,0.0489,0.055,-2.1604781509955613,-0.00033003018042854546,-1.1278231983394682,0.0576
1787531829.256486,-2.217388461255271,0.0011088745150379452,-1.250881325339691,-2.1658580262786895,-0.0007291203990051221,-1.123206341611482,0.0516,0.128,-2.1475687783004966,7.52051794011148e-05,-1.1876275722221146,0.0698
1787531829.329855,-2.21677308589964,0.00133354185836976,-1.535542523092799,-2.148622009924189,0.002458033243453647,-1.3964143440959498,0.0682,0.139,-2.1552597165731404,0.006221961293268038,-1.761562067776576,0.0617
1787531829.4746537,-2.215095069017185,0.0008259242807152461,-1.4742532619641426,-2.1497248474070303,0.004055458337684419,-1.7227138821238228,0.0654,0.248,-2.141871557200477,0.009786431735727385,-1.833980719800164,0.0738
1787531829.5447333,-2.2142067649160904,0.0001480951870095546,-1.3233850221047543,-2.1414644490951993,0.008735948403780294,-1.71214518535754,0.0732,0.389,-2.1361105410098915,0.008664893819152305,-1.7082284113414001,0.0786
1787531829.6818972,-2.2126101724542684,-0.0010312031498024576,-1.00077450421243,-2.134434761115436,0.005642883675067623,-1.494701763304852,0.0785,0.494,-2.1368768112589915,-0.0029786597456992886,-1.1058604900014941,0.0758
1787531829.7540674,-2.2117330916511007,-0.0012066946302397986,-0.9722318831150424,-2.1345261593118448,-0.0014247212884498086,-1.0749383566246995,0.0772,0.103,-2.141541157915465,-0.003341092497854843,-1.048254794218727,0.0702
1787531829.8252485,-2.2107865341724415,-0.001096366600080183,-0.9766359171962806,-2.135150871675536,-0.0038633165193299943,-0.9886762118852915,0.0757,0.012,-2.1287744848903905,-0.00405907576575851,-1.0048805269136611,0.0821
1787531829.9659395,-2.2090885379830163,-0.0006327992335300847,-1.3684976618932791,-2.131777449472799,-0.004172894171579488,-1.0026476468322527,0.0774,0.366,-2.130121752663905,0.001399311168593532,-1.248107568624348,0.0790
1787531830.0381494,-2.2081762692154214,-0.0006486820009216903,-1.3756593332730422,-2.1283902251959788,-0.0009220616524012649,-1.4828592101293159,0.0798,0.107,-2.129708724625435,6.976899310351461e-05,-1.5027892699313066,0.0785
1787531830.1796393,-2.2062275639599265,-0.0014618699330902513,-1.332281844216423,-2.1253299878112704,0.003070690094405969,-1.566992061353249,0.0810,0.235,-2.123661493291531,0.003090391971519633,-1.6081188551568757,0.0827
1787531830.2478886,-2.2053342641095623,-0.002109275502461775,-1.128205740091996,-2.1206954139060588,0.0023898763964352145,-1.5318158020125183,0.0848,0.404,-2.118668809814132,0.0015557151164614727,-1.518823298616819,0.0867
1787531830.3881223,-2.2035690525378233,-0.0027559628578754584,-1.0753865625876728,-2.11809991292635,0.0030979000215816716,-1.2959554840990795,0.0857,0.221,-2.1284049889819374,-0.0037571229827983933,-1.1816667717503684,0.0752
1787531830.4618666,-2.2025756238473195,-0.00265307453015565,-1.0615788818973078,-2.1199082822190554,-0.0010350899422805976,-1.218003612597164,0.0827,0.156,-2.1378675749018807,-0.005460853011525195,-1.1367885594233869,0.0648
1787531830.535795,-2.2016182438288996,-0.002327975230835577,-1.1676873609641458,-2.1278681200498837,-0.0032566508858605137,-1.1532118931801378,0.0738,0.014,-2.1378441850292185,-0.002844313215583333,-1.1584936938127257,0.0638
1787531830.684246,-2.2001859453005634,-0.001977102002692542,-1.5201093416467417,-2.1254198748987543,-0.004474884598782265,-1.2778999037448517,0.0748,0.242,-2.12319380551781,-0.0046707414483337685,-1.2781218421346183,0.0770
1787531830.759725,-2.1995715390979154,-0.0021806928973676057,-1.6295943998177813,-2.123289185834707,-0.005108851626896065,-1.2742932869335375,0.0763,0.355,-2.1291794244232802,-0.00041247931893800095,-1.5858472206068277,0.0704
1787531830.8322952,-2.19893603671572,-0.0026308149097520033,-1.6772295339837882,-2.125003724408107,0.0031778579640483282,-1.7635654328213486,0.0742,0.086,-2.1255564841024506,0.0077111457989156576,-1.829009631636376,0.0741
1787531830.9761014,-2.1977242902280545,-0.003517089003757445,-1.545236588429347,-2.1248811682044955,0.005420945341485411,-1.9247569093918628,0.0734,0.380,-2.125443475034306,0.003760140902565185,-1.9407189712660322,0.0726
1787531831.0512094,-2.1969713127226838,-0.0035686015745439925,-1.5197436233125388,-2.1246575485112698,0.004564243975165581,-1.9506301985998167,0.0728,0.431,-2.111004981653487,0.004313481753584783,-1.812012880181063,0.0863
1787531831.1432824,-2.196145986304671,-0.003334795117028445,-1.5275179714214804,-2.113695043564366,-0.0009299103553262701,-1.733061778438123,0.0825,0.206,-2.1005073640174765,0.002098609033128391,-1.6804243446795446,0.0958
1787531831.2904894,-2.1947025073612463,-0.002679083323294717,-1.9786121398942054,-2.1081063178454897,0.0010533561787549296,-1.6686998719653183,0.0867,0.310,-2.096508820450976,0.0005170596425028868,-1.9269938662597625,0.0982
1787531831.358629,-2.193844022300016,-0.0027058743546239097,-1.9816829201527895,-2.102047948100256,0.002836776287470372,-2.2342187850374327,0.0920,0.253,-2.1045574248370484,0.00515965495981045,-2.271183082034882,0.0896
1787531831.4320357,-2.192880919312832,-0.003081383983367668,-1.9105665391267788,-2.09906359986192,0.003147513684485548,-2.2911816759006918,0.0940,0.381,-2.100583336529415,-0.006992520927238726,-2.0853257784383152,0.0924
1787531831.576186,-2.190820655496035,-0.003711033901114956,-1.6027025387597353,-2.0979920929645632,-0.0029999847639262545,-2.1403276991241516,0.0928,0.538,-2.103095747709658,-0.0005367727522317639,-1.9227402220619514,0.0878
1787531831.6467302,-2.1894444975990606,-0.003529716887183095,-1.368783284037991,-2.1058895219929137,-0.005094426011221958,-1.6609311945337069,0.0836,0.292,-2.1252996680431857,-0.008605138150492499,-1.608347672848081,0.0643
1787531831.7916355,-2.1866389710604506,-0.00232683972044599,-0.9912608419307105,-2.107666909273018,-0.00840015568904346,-1.3188486007068785,0.0792,0.328,-2.128831976431062,-0.01073212183516678,-1.091635488760193,0.0584
1787531831.866174,-2.185295315368642,-0.0014803409470411683,-0.9628328975702396,-2.1137859712129576,-0.009593190755088092,-1.1123134980801486,0.0720,0.149,-2.1379308070652225,-0.012639998939785112,-0.9199430251805218,0.0487
1787531831.9378536,-2.1841821828334744,-0.0010010241227624188,-0.9839598777454407,-2.1251060592945348,-0.009119357107884935,-0.9178013352052743,0.0596,0.066,-2.1323821629679665,-0.007278868588683918,-0.9423404364966249,0.0522
1787531832.0760317,-2.181776787042439,-0.0008567476230841611,-1.0349772282569465,-2.125713804804557,-0.009965071589126568,-0.8735668565509579,0.0568,0.161,-2.127525674544666,-0.0004022126292453015,-1.1271659319339555,0.0543
1787531832.150695,-2.1805674707106735,-0.0011181580315990484,-0.9575120201285476,-2.1258473537715092,-0.0027785200469644194,-1.1188833172521029,0.0547,0.161,-2.1238885496691187,-0.002124188731732564,-1.128998401238655,0.0567
1787531832.223693,-2.1794607447905694,-0.00138301313370225,-0.7287934635093819,-2.1204449619291506,-0.006998284919175014,-0.991246856839299,0.0593,0.262,-2.14410098882101,-0.0035836901778988958,-0.6788262994003608,0.0354
1787531832.3666325,-2.1777816550902953,-0.0009784373315959518,-0.7255879698994598,-2.128216577727247,-0.004557031115311321,-0.6747673445930531,0.0497,0.051,-2.1464248797054015,-0.013250536133608567,-0.5659047334102835,0.0337
1787531832.4377456,-2.1768735306865,-0.0004007593852617365,-0.7768946495660294,-2.1329644107044117,-0.011291862782501811,-0.5584704178569453,0.0452,0.218,-2.13088865938595,-0.0079681690685737,-0.6816114774346025,0.0466
1787531832.5811045,-2.175768733009723,0.0007127867151550053,-0.9800179663795683,-2.132852136454522,-0.009760961043420582,-0.6544160311401912,0.0442,0.326,-2.117750104492114,-0.00676475560110199,-0.9070851358929719,0.0585
1787531832.651195,-2.175435222810548,0.0008341612131789111,-1.0136848649462662,-2.1225186359835093,-0.005474275096309426,-0.9492469863138102,0.0533,0.064,-2.1094282871437793,-0.0030459516332019864,-0.9831621052552278,0.0661
1787531832.7898998,-2.174667110284226,0.0003151167732405026,-0.9579513682227676,-2.122955355747763,-0.0037887601170894293,-1.028484995283035,0.0519,0.071,-2.1231743768415865,-0.007086841247110726,-1.0437772367198748,0.0520
1787531832.8637261,-2.1743867725232544,-6.780252567556541e-05,-0.7459016261949131,-2.1229250500755246,-0.0027553097256369083,-0.9461482239262677,0.0515,0.200,-2.122469975857186,-0.0009734979084743909,-0.9667286535904182,0.0519
1787531832.937467,-2.1744963185549926,-0.0002730072239958434,-0.6362741043870037,-2.1253864953535815,-0.003399579900548904,-0.6974486199232034,0.0492,0.061,-2.1302575022071344,-0.004537468717384532,-0.6769479467104136,0.0444
1787531833.0804086,-2.1744590828665715,0.0003819064433632247,-0.566894232619655,-2.1171705801218246,-0.010438805119990758,-0.48908395504719687,0.0583,0.078,-2.106720578284576,-0.011337154333182957,-0.2985508863510053,0.0687
1787531833.1505756,-2.1744620914918134,0.001037651856732223,-0.7477108171934204,-2.113580759706642,-0.01087788462376635,-0.3092507910221851,0.0620,0.438,-2.0622568398607517,-0.011751439118130069,-0.37808061836877105,0.1129
1787531833.2245972,-2.1738094398806287,0.001320939000972606,-0.7886745561584442,-2.0734405728988587,-0.011148313056637512,-0.6281341991282307,0.1011,0.161,-2.036910316182668,-0.002231046255142279,-0.8112204155587389,0.1369
1787531833.3698564,-2.1723146342688144,0.001026537656135164,-0.9102249829981605,-2.0590425854462056,-0.0060471389871155,-0.7592825697985484,0.1135,0.151,-2.037837205419219,0.003159519393689031,-0.9864367388231293,0.1345
1787531833.4444942,-2.1715540570889846,0.000511603990290713,-0.8695383029461391,-2.0390392021356485,0.0006195692930514786,-0.969834172266445,0.1325,0.100,-2.0276764867329433,0.0010258862406245124,-0.9757452681153226,0.1439
1787531833.5848181,-2.1695396492267656,-0.00018770196065865817,-0.6612247719386001,-2.030934723951393,-0.0028996975948190487,-0.9028434596658129,0.1386,0.242,-2.0402273736112737,-0.0065026063459007145,-0.5716285423826188,0.1295
1787531833.6566966,-2.1681137901823737,-6.166210874126229e-05,-0.6423368371969678,-2.03901307794708,-0.005111662359687076,-0.580289647120019,0.1292,0.062,-2.065943925083509,-0.005590096781907295,-0.5736020629760481,0.1023
1787531833.7293544,-2.1666426114718353,0.00032047032290948105,-0.6753917039557792,-2.048585289224084,-0.009541259185891425,-0.5248448398124481,0.1185,0.151,-2.0746342314137807,-0.01073689122535727,-0.5288588266984113,0.0927
1787531833.8717163,-2.164110541261427,0.0011072662646884899,-0.8614328423882178,-2.055475067725793,-0.01032161954057497,-0.5333572761677252,0.1092,0.328,-2.096643051100469,-0.00809931660893709,-0.7733267515510474,0.0681
1787531833.9437177,-2.16291470212509,0.001098167308408618,-0.896827425387698,-2.0769218902878595,-0.006446031886968306,-0.8240884952093935,0.0863,0.073,-2.100735369078888,-0.00408526313478529,-0.8578015716781565,0.0624
1787531834.0902512,-2.1604269648398313,0.00034669159330782273,-0.8468006569964072,-2.083083946366646,-0.00036907185028052427,-0.9579726953000794,0.0773,0.111,-2.0999946994811514,-0.0009146972124724264,-1.0169251686065952,0.0604
1787531834.1602151,-2.159292480915849,-0.0001556008359684976,-0.6218151101150876,-2.0884236065821136,-0.0006521645156048735,-1.0182467531048398,0.0709,0.396,-2.099693403626592,0.00013503721637553607,-0.876170143364703,0.0596
1787531834.2318766,-2.1581310785744776,-0.000407990250898712,-0.33160037124499353,-2.095016255695249,-0.004498357766091675,-0.6068012593276555,0.0632,0.275,-2.107094606837182,-0.007276604398550508,-0.23812374045732035,0.0515
1787531834.3789377,-2.156352178192311,0.0006192375942105416,-0.4025749574160009,-2.0993808724199168,-0.005584950409464552,-0.26921993044977083,0.0573,0.133,-2.096410448719483,-0.004081979945085378,-0.2762780739828599,0.0601
1787531834.4490707,-2.1555172144946564,0.0013945268148987243,-0.5993783216964828,-2.0990720668526888,-0.004745220682957956,-0.26691262948890626,0.0568,0.332,-2.0906380732161596,-0.010361327535180818,-0.2738414913500394,0.0659
1787531834.5910287,-2.1548043070835767,0.00203453406444858,-0.6560217143310134,-2.101858396081108,-0.0020771478075748175,-0.5685246391347847,0.0531,0.087,-2.09654489666234,0.003265728500078515,-0.7194138426710613,0.0583
1787531834.662724,-2.1543536291827117,0.001940489122523546,-0.6799778557939404,-2.1008204546805387,0.0010723809073072703,-0.6868273256523689,0.0535,0.007,-2.1040313839497076,0.008379525893738958,-0.8338216760692235,0.0507
1787531834.7274942,-2.153916870468014,0.0016548207010928233,-0.6211047094589236,-2.102420078202013,0.005443354133439113,-0.7919855459770071,0.0516,0.171,-2.089666794133448,-0.0014577887251493802,-0.6150406050837737,0.0643
1787531834.8687587,-2.153021894789259,0.0011986045075924683,-0.3978390557097822,-2.098497557931199,0.0010309770591718165,-0.6495831297054526,0.0545,0.252,-2.0804859542942578,-0.005749328532153823,-0.3509433595051698,0.0729
1787531834.9386473,-2.1523961044461104,0.0013567835477848204,-0.3759556298342622,-2.090622279914277,-0.00735376347887284,-0.2672091355938557,0.0624,0.109,-2.0755669793426903,-0.011624433820403334,-0.16475790844974073,0.0779
1787531835.0820587,-2.1510670380343577,0.0024183921223120577,-0.5195062314433146,-2.0855372819028255,-0.010046443610475256,-0.18696562463676475,0.0667,0.333,-2.0740139954415855,-0.0060115292396895805,-0.22250994473779995,0.0775
1787531835.151522,-2.1505191660349765,0.0029272266851186695,-0.7924774378227398,-2.0775887338700563,-0.006728685109316997,-0.3877254975766487,0.0736,0.405,-2.070909534496649,-0.005299979895357429,-0.4116993421700943,0.0800
1787531835.221808,-2.1497608621926,0.0031055079218319523,-0.8022801960744833,-2.0736344575307784,-0.0065258538275882435,-0.7253719900683244,0.0767,0.077,-2.065430417755994,-0.0021423550059078288,-0.8141058307135344,0.0845
1787531835.3663006,-2.148127917756497,0.002719153629495503,-0.7480222344023164,-2.0701343926909694,-0.003918544840378804,-0.7895168523491867,0.0783,0.041,-2.062339834533293,-0.003724967919049042,-0.7942572491918983,0.0860
1787531835.4385934,-2.1473869375154218,0.002296530078722469,-0.5452059069187531,-2.057237756512451,0.0013616850603978253,-0.7548775502151983,0.0902,0.210,-2.0429839332499076,0.0037948804582421287,-0.7862878914402888,0.1044
1787531835.5837383,-2.1447000299517436,0.002292506817025977,0.17394432608530927,-2.055034122940009,-0.0029759792585429628,-0.45062892286408485,0.0898,0.625,-2.0664977674936553,-0.012087561978886958,0.04324735173502567,0.0795
1787531835.6497033,-2.1432551653973246,0.0027367871550978587,0.5086703702093301,-2.0574248747559873,-0.007888240807983766,-0.021554905358895683,0.0865,0.530,-2.084051856687133,-0.012851699763869946,0.449674079561982,0.0612
1787531835.721135,-2.1418619454713994,0.0033397684544020844,0.7378088374490187,-2.071813262283716,-0.004686657820377053,0.6752237031037994,0.0705,0.063,-2.0888808706779542,0.011656943175428836,0.7228398982767404,0.0536
1787531835.8662057,-2.1393718267030684,0.0038909213231215238,0.8147537765384061,-2.0769165204526736,0.0055118820927198805,0.8018217363681016,0.0625,0.013,-2.079813869419248,0.005211911360029309,0.826203425774673,0.0596
1787531835.9354708,-2.1381191580751047,0.0035769374302560774,0.7707280816853328,-2.08291459000675,0.007150938685868679,0.7884750750994121,0.0553,0.018,-2.086815810502733,0.008640639063672864,0.7085424872521349,0.0516
1787531836.0777576,-2.1356388217090596,0.0023500181812327455,0.952003985140111,-2.0844786974323535,0.008175326890823058,0.7180222056163429,0.0515,0.234,-2.07403828738355,0.01352328745510859,0.7180974735988825,0.0626
1787531836.1497076,-2.134587465778665,0.0019161936883710325,0.973279943923754,-2.0825271288203253,0.006283906458921174,0.9557867334060586,0.0522,0.017,-2.0846875062260732,0.001630957574063537,1.0217767303160048,0.0499
1787531836.2886183,-2.132293618389257,0.001948199174028067,1.052813376527802,-2.0983529852148766,-0.0034755611749618517,1.4851165401553672,0.0344,0.432,-2.151579394840725,-0.0333387661012224,1.9812162694725708,0.0402
1787531836.358651,-2.1311521560739313,0.00233399205119244,0.9883295431205449,-2.122933026290566,-0.01555827228451983,1.769752837987488,0.0197,0.781,-2.142733780263302,-0.013838196668465442,1.4851165401553672,0.0199
1787531836.4296043,-2.1301131280921806,0.002684675875626273,0.7737871994591452,-2.1318854980161484,-0.018106710858775053,1.8630804869432291,0.0209,1.089,-2.169708752451261,-0.032029283456037255,1.8630804869432291,0.0527
1787531836.5585005,-2.128601793399725,0.0025099239166824694,0.766110695488374,-2.151270273247389,-0.02482807342648669,2.035043999733492,0.0355,1.269,-2.1579889437756914,-0.030930580266217783,1.8630804869432291,0.0445
1787531836.6915314,-2.127017322064794,0.0012027782883740911,0.7785678245968795,-2.1541363337517394,-0.028134440132028857,2.1259517156053023,0.0400,1.347,-2.1382712700733246,-0.04677400628622498,2.1259517156053023,0.0493
1787531836.7604995,-2.1268433192900824,0.0007465908185382018,0.7954009214631393,-2.1497467397974424,-0.035908327902629544,2.2929797891127994,0.0432,1.498,-2.134480599327975,-0.045783778684126426,2.1259517156053023,0.0472
1787531836.8266528,-2.126632028804289,0.000548828754758098,0.8633518687382997,-2.1502855770249893,-0.029354506711992884,1.6819622083708794,0.0381,0.819,-2.128135288279405,-0.031880198759415064,1.758377045476295,0.0325
1787531836.9672823,-2.126070691459916,0.0009632483601004467,0.9446423383704625,-2.1456954720125028,-0.03231065265200837,1.776811728836982,0.0386,0.832,-2.0660118549393807,1.9645419680529335e-05,1.0182906407311778,0.0601
1787531837.0371664,-2.12585208939751,0.0014300447900519456,0.8241212098697935,-2.098699831724411,-0.0013645520053252643,1.0441995384196896,0.0273,0.220,-2.0611355283834807,0.008842232886652656,0.7735594194805707,0.0651
1787531837.1793997,-2.125166893536668,0.0016889854385110986,0.5869918771199215,-2.0855830627013057,0.004884368384781391,0.8328859060937782,0.0397,0.246,-2.062445374899159,0.006117222094980941,0.5580446589302741,0.0629
1787531837.2521343,-2.1245752508987685,0.0013550375742766192,0.5928660140184079,-2.0760267088599345,0.005845775994362047,0.5672400291602084,0.0488,0.026,-2.0671123313802564,0.011400386852914772,0.4364415699455437,0.0583
1787531837.3238983,-2.12398413054474,0.0007968832468472,0.6835707709652737,-2.0645725351967363,0.011949978250651024,0.43554834384419666,0.0604,0.248,-2.0610368629944436,0.008650527619097396,0.6086186125805465,0.0634
1787531837.4668443,-2.1228074906661187,-0.00018245906195973996,0.9434110464905897,-2.0619790195658374,0.010728125174094608,0.5768961873694847,0.0618,0.367,-2.073780294911507,0.009733469313742691,0.8708480320998138,0.0500
1787531837.5384123,-2.122061088129374,-0.0002571119748152836,0.9660720044479518,-2.0615818443695137,0.005478166210072884,0.9242778917049258,0.0608,0.042,-2.0618065132351897,0.0014238260579723977,0.9793624678743288,0.0603
1787531837.6796355,-2.120539745302271,0.0002819893671812352,0.7975568137739165,-2.059064620845511,0.0015574616256613999,0.9944057086574318,0.0615,0.197,-2.0540579991483727,0.009741005898064242,0.8932430242509722,0.0672
1787531837.7521572,-2.1198874251707016,0.0005074639308866523,0.5233961441296316,-2.0555150863573064,0.00684096856200855,0.9334619010952506,0.0647,0.410,-2.050493838526376,0.015813112551760426,0.6265586160558773,0.0711
1787531837.825977,-2.1190494122567043,0.00039200011637907986,0.5217372496019241,-2.056734416488077,0.014244184457801436,0.3657872243038711,0.0638,0.156,-2.055544521102583,0.016328881125439402,0.2733608368498197,0.0655
1787531837.9699311,-2.117230635470485,-0.0006928767843932691,0.6193066387011815,-2.0547465464453047,0.015946547610796547,0.27995530152531944,0.0647,0.339,-2.0452304478721013,0.014258259813604351,0.329179985043472,0.0735
1787531838.0397851,-2.1164204440987984,-0.0013887176781931375,0.8615805519198851,-2.0483224938199838,0.008775270754923178,0.48273112636911725,0.0689,0.379,-2.0564609671165996,0.007669602285995868,0.8058007484333825,0.0606
1787531838.182738,-2.1146922110611475,-0.001980712294055488,0.9034454801513858,-2.0495842218945386,0.008777875298744625,0.7827217242363697,0.0660,0.121,-2.0429554504830003,0.006910998774266954,0.8503676007814992,0.0723
1787531838.2623947,-2.113741849359173,-0.0018585275585345962,0.8929982827245971,-2.0453026852339113,0.007801262213541331,0.8377312068266962,0.0691,0.055,-2.0379690563408346,0.010404335430302005,0.8490862430518528,0.0768
1787531838.3312058,-2.1128733940346964,-0.0015466250365768698,0.7282260857144485,-2.0406888005308224,0.006288774098056074,0.8293901598184245,0.0726,0.101,-2.043065503922269,0.004033252159262725,0.8582552992746331,0.0700
1787531838.4722126,-2.111157881299337,-0.0015283248272498855,0.44886176600047634,-2.0375251885379178,0.009028775383434015,0.6236156984010119,0.0744,0.175,-2.0561027410554575,0.009901689872392112,0.28238178365802913,0.0562
1787531838.5434256,-2.110193667233706,-0.002038418923069988,0.43154646033322513,-2.0443059892846374,0.00953350439496274,0.26548209156512237,0.0669,0.166,-2.0522662719837816,0.00975567848943109,0.2620150325711518,0.0591
1787531838.6209054,-2.109224376345889,-0.002749614267586994,0.4862179738512304,-2.0410037356332027,0.00864363312402512,0.22939848620826164,0.0692,0.257,-2.045770420874866,0.014624956248341335,0.27044737855791745,0.0658
1787531838.7718494,-2.1074664789608626,-0.003965501952430989,0.7241356912214808,-2.041319121667587,0.012772649759186037,0.2932150402604508,0.0682,0.431,-2.042064272178123,0.001273150901768371,0.6924232284919285,0.0656
1787531838.843615,-2.10651116253573,-0.0040950538115131635,0.7432115726290713,-2.0360365008214285,0.003704950490730614,0.647316631976885,0.0709,0.096,-2.029977096618676,0.002114241980124705,0.6691067337899036,0.0768
1787531838.9875817,-2.1045991603042027,-0.0037066486739098744,0.5417947949566865,-2.0345300145143628,0.003452603026742015,0.7059139235277944,0.0704,0.164,-2.0406170102547514,-0.0017036002228447964,0.6792052375594996,0.0640
1787531839.060914,-2.104160266488313,-0.0035632762846043845,0.441947342937028,-2.0352877214904646,-0.00011741170171633954,0.6591918574804598,0.0690,0.217,-2.038206908358613,0.003791595863251503,0.42777823055599085,0.0664
1787531839.135773,-2.103653627983068,-0.003700708741500747,0.3242380375294454,-2.034153806202352,0.005575214785094533,0.24260102625139768,0.0701,0.082,-2.033242048885483,0.02021229084861641,-0.05884440722057753,0.0744
1787531839.2772958,-2.1025261498670766,-0.004779945073746248,0.22622927911199706,-2.032874449788668,0.014076441678313428,0.029345783921239273,0.0722,0.197,-2.0279061715754128,0.016018078815594312,-0.16022323439092825,0.0775
1787531839.3492422,-2.1020328159051602,-0.004760187060362363,0.24065968254287298,-2.030246402845096,0.015314739867321361,-0.14696187695720242,0.0745,0.388,-2.014148225040922,0.011157231808428482,-0.0732241638624947,0.0893
1787531839.4278505,-2.1015192363254793,-0.004491889059384565,0.3198577751124646,-2.0198806879114195,0.007305553905002933,0.03835376437372375,0.0825,0.282,-2.0181878654364396,0.003637155240261208,0.09122611327442716,0.0837
1787531839.5794828,-2.1003248619266435,-0.0030044533220367478,0.4046635761842958,-2.018616025543249,0.0036632947348287774,0.19712620666442562,0.0820,0.208,-2.013357380208307,0.006176063550673803,0.3345404531848528,0.0875
1787531839.6566174,-2.099813249279856,-0.002049634037726558,0.26175247753886555,-2.016940358229472,0.006303362704199051,0.32128202983819404,0.0833,0.060,-2.0234619966815406,0.007022169506892641,0.31141600524865826,0.0769
1787531839.729606,-2.0997173482346057,-0.0013285837183920886,0.15776345930288016,-2.02063366617112,0.006450185481048754,0.1291264104189253,0.0795,0.029,-2.0316361784193444,0.007007485059411851,0.11824339845241699,0.0686
1787531839.872738,-2.099326103361909,-0.0007829692105746272,-0.03469925661514747,-2.017531418188278,0.0077418397137943296,-0.0369065077135494,0.0822,0.002,-2.015131976018946,0.01587417171931547,-0.2071736563312193,0.0858
1787531839.9426384,-2.0991588192671604,-0.000807583768943006,0.00847246991012586,-2.006443611386472,0.009855977508332947,-0.2287656625238532,0.0933,0.237,-1.9914057859396304,0.008025237600368707,-0.20529467491526815,0.1081
1787531840.0887806,-2.0978519845361117,0.0006463439328004275,0.3785934304751304,-1.9942460236552935,0.002880561730987592,-0.06705930605991214,0.1036,0.446,-1.9890499742886403,-0.007770779619556008,0.3201391754381714,0.1091
1787531840.1580396,-2.096886476955205,0.001954245634030577,0.5160992107055462,-1.9858609995647103,-0.005428154836865702,0.5583897359871542,0.1113,0.042,-1.9830399269672498,-0.006735181478112121,0.5825377068575799,0.1142
1787531840.2276168,-2.0959248096405134,0.00348638583471885,0.5692670992377009,-1.9844685834488152,-0.004910690789468944,0.7378553037180331,0.1118,0.169,-1.9870318490747387,0.002773424643635276,0.7211174403930196,0.1089
1787531840.3673396,-2.094241996311545,0.006093921611663307,0.45511203580872284,-1.9834352395595904,-0.00035882761246726434,0.7616288180867066,0.1110,0.307,-1.9862783041167515,-0.004307977717657574,0.7068785551650838,0.1085
1787531840.4399383,-2.0933697184966693,0.006865846518997302,0.41639673593337617,-1.983386036933717,0.00117917482026085,0.5979549064072612,0.1101,0.182,-1.9903964030625372,0.004461533383283385,0.552177737338741,0.1030
1787531840.5910282,-2.0913952313325166,0.007464862849406473,0.5291193863355524,-1.9824991978870627,0.0036504133915286462,0.5548904693734243,0.1090,0.026,-1.9843031464132022,0.0011685083429978048,0.6221449201661897,0.1073
1787531840.66387,-2.0905338051565208,0.007750222073571512,0.8058904635283073,-1.982025450860361,0.002266255864484805,0.6061047153783251,0.1086,0.200,-1.9756397101555738,-0.00724568764293509,0.8897124743529274,0.1159
1787531840.7354968,-2.0896140562428247,0.00831152020723049,1.1146383347561786,-1.9776438324780004,-0.00784682461756346,1.2054321238827366,0.1131,0.091,-1.9824565570939527,-0.010336102711893063,1.2454273959635669,0.1088
1787531840.884243,-2.087970050137923,0.009349005041190296,2.136234039078201,-1.9800029359117097,-0.0052235552091418475,1.559185209619813,0.1089,0.577,-1.9955312693848102,0.002490859747556935,2.017532001661155,0.0927
1787531840.9576015,-2.0873306557812126,0.009448865406811325,2.1208951347772325,-1.9841650899031273,0.00016071860646098366,2.0368958109260915,0.1036,0.084,-2.0097804466980596,0.006500217625313322,2.3890811517854713,0.0776
1787531841.0276127,-2.08662214707902,0.009375445732581946,2.0127013521887904,-2.00164447691644,0.015378923693817114,2.2628384931370262,0.0852,0.250,-2.0150637719612026,0.0216288094900382,2.008033633104778,0.0726
1787531841.173354,-2.0851130032139893,0.008046491336625319,1.753099456104244,-2.0059849939727434,0.018931198446687503,2.0520429929664825,0.0799,0.299,-2.0127062059730947,0.019408489843132197,1.8281699247457168,0.0733
1787531841.2430341,-2.084413394852506,0.0069776652548367395,1.7779417362894823,-2.0075060298238263,0.017860854353825083,1.771454298134016,0.0777,0.006,-2.0153868059777302,0.012037261095466779,1.868489234803872,0.0692
1787531841.3804772,-2.082992792041977,0.005675077813904935,1.9549137588585872,-2.010299695069918,0.014706968021867991,1.831832507064312,0.0733,0.123,-2.0040112545984763,0.011787670148585644,2.0683921987737888,0.0792
1787531841.4515634,-2.0821305150492133,0.005616611641756148,1.9614331092812656,-2.0111213324460673,0.009742592559303504,2.0680538366286085,0.0711,0.107,-2.0155977075349343,0.007229891487179556,2.101624517196139,0.0666
1787531841.5239284,-2.0812617871596815,0.005793556829277196,1.8943399700890056,-2.010860235422313,0.006869530672892904,2.09091171055155,0.0704,0.197,-2.00403766631297,0.010681931677272214,1.9791338025704774,0.0774
1787531841.6640763,-2.0796830431987026,0.0061317557254132165,1.6659898256956196,-2.008799246627778,0.009168355662937912,2.002960708877984,0.0709,0.337,-2.006762349749232,0.017348372884518976,1.6673258099796684,0.0738
1787531841.734528,-2.0788029842716105,0.0059339251195737255,1.645286624610712,-2.0118695900587906,0.01853113743094986,1.5915118412908067,0.0681,0.054,-2.004554143184527,0.029053457500823644,1.4542557894402126,0.0778
1787531841.8789365,-2.076930861424514,0.004848983927801304,1.7545289410569858,-2.009645118457326,0.025433524352061247,1.5058779599495589,0.0704,0.249,-2.005306533766508,0.024274934874585586,1.4938573207560648,0.0742
1787531841.9477894,-2.076118222177092,0.004270062245765927,2.021035574880018,-2.005751482724164,0.024649357599261016,1.646821062482708,0.0733,0.374,-2.0001543874426786,0.023189216447582022,1.669353796259668,0.0783
1787531842.0910144,-2.074335464727092,0.004051673193751886,2.0466874299338063,-2.0044691791949183,0.02339146294486777,1.881154191627599,0.0725,0.166,-1.9971759248812704,0.006677959212598992,2.1175962859911546,0.0772
1787531842.1628225,-2.0733970815828817,0.004345821163912075,1.9957612951536476,-2.001994418290629,0.014100020752203847,2.0141306772288896,0.0721,0.018,-2.000648573933805,0.01818707476528102,2.0311885890024093,0.0741
1787531842.2336655,-2.0725501890185485,0.004743781552904728,1.800335019403068,-2.0014306867758007,0.020393023218060087,1.9392131701364181,0.0728,0.139,-2.0019691572917218,0.02252269681081351,1.9072385059752932,0.0728
1787531842.3788016,-2.070802931764627,0.004938185714799886,1.7547626530583857,-1.9997728138872137,0.022789179454596995,1.6641214404045706,0.0732,0.091,-1.9997238533151793,0.03479194791930442,1.482370127585024,0.0771
1787531842.448831,-2.0698174289443476,0.004628262774424069,1.7437259284507842,-1.9988061447338583,0.02809710042840734,1.4877091070061323,0.0748,0.256,-1.9978074160131976,0.026115363900547563,1.5123362605957118,0.0751
1787531842.5233111,-2.0688578654640377,0.004116587183451653,1.8381750124242962,-1.9975451988449322,0.03061022414503257,1.4717767842283855,0.0761,0.366,-2.0071178918142403,0.027832382950335792,1.6353676413604312,0.0661
1787531842.6717353,-2.067312137122056,0.0035902031420003153,2.076107976397747,-2.0005000367199006,0.029505667717046345,1.6074544530902277,0.0717,0.469,-1.9916105144269938,0.020830321201375217,1.9531596959011053,0.0776
1787531842.73903,-2.0665788067148227,0.003875063020139427,2.077579670207796,-1.9948722770650402,0.023009815368924904,1.9601668484880228,0.0742,0.117,-1.9909486579054823,0.021583776827217963,1.9801087921592693,0.0777
1787531842.8842459,-2.065180194054267,0.0049735782052998615,1.81144802697183,-1.993773662585715,0.02562345728091312,1.9697566228891992,0.0743,0.158,-1.9906790040262283,0.02505621609626746,1.880285992217834,0.0772
1787531842.957339,-2.0639455541474057,0.005326238041681586,1.454363683311104,-1.9909492642801347,0.025804727157082766,1.636015212498958,0.0758,0.182,-1.9889785163285445,0.026500351013258584,1.6197347952766818,0.0779
1787531843.027255,-2.0626254890961784,0.005404707604661862,1.0886401084385056,-1.99218611042529,0.023845471183296617,1.2754887589836952,0.0728,0.187,-1.9957560224597088,0.023405097408836784,1.2732137884346313,0.0692
1787531843.1726642,-2.059969129184857,0.004841882061085615,0.5443668791827789,-1.9969166749684202,0.021761975109170897,0.8728868630407738,0.0653,0.329,-1.9907805079988048,0.014135483268667367,0.6394566980480556,0.0698
1787531843.25282,-2.0587647345497206,0.004491301337506034,0.47490124247820287,-1.9909242215771257,0.014178359707661674,0.48635462515904543,0.0685,0.011,-1.9841975255300226,0.013092549263808742,0.4978657986605272,0.0751
1787531843.3266666,-2.0575968105387186,0.004530522100148528,0.4801564592442509,-1.9868842470695038,0.007423777335901553,0.523928361871149,0.0708,0.044,-1.9860253652308621,-0.004036454576244464,0.6757301611993222,0.0721
1787531843.4672027,-2.055115826147856,0.005498508959889031,0.4047713721450975,-1.9860097603381202,-0.00013511260071679809,0.6192775070586867,0.0693,0.215,-1.9789338202881421,0.005490063776642662,0.5951045840016257,0.0762
1787531843.5370824,-2.0539707708818744,0.006158169627313842,0.181890514768654,-1.9851740341669202,0.0016268125020913677,0.5141233540827423,0.0689,0.332,-1.9802100730853858,0.01455807331574773,0.11432771345655385,0.0742
1787531843.680209,-2.0524809756533258,0.006566201072607916,0.14734422466160707,-1.983048973347682,0.00852205254239951,0.20558962882683068,0.0695,0.058,-1.9927214064024055,0.01501735517966185,0.054864213218604005,0.0604
1787531843.749811,-2.0516693563307276,0.0062362223381174885,0.14416052571344526,-1.987152668536724,0.013369085008846586,0.040162391762611174,0.0649,0.104,-1.9909516789186659,0.014250629994581404,0.028154038474755703,0.0612
1787531843.8877141,-2.050230144501759,0.00525017796849045,0.5007552029388991,-1.9838213205876365,0.012899021245428932,0.06907763954960945,0.0668,0.432,-1.974497811486657,0.00672538169391951,0.29148469413608324,0.0757
1787531843.9657245,-2.0498906670091017,0.00518346130936741,0.5076630926145509,-1.9799170351937907,0.009051057193809844,0.2549108003624742,0.0701,0.253,-1.9767604208014615,0.004149798334744458,0.6338459191357947,0.0731
1787531844.0482354,-2.04949812670325,0.005414074253490517,0.5290463262215784,-1.9781234294140304,0.006187766010666923,0.5974703002237107,0.0714,0.068,-1.9819505772607038,-0.001569830514088056,0.7263735775743412,0.0679
1787531844.1231349,-2.0490750283927417,0.00595017609820019,0.47581646397834293,-1.9784322581624116,0.0011511423126146284,0.7368452108416137,0.0708,0.261,-1.9741752149375744,0.004317824951670333,0.6046443496925602,0.0749
1787531844.2689514,-2.0481813366356225,0.006907400982273358,0.24000090556420706,-1.9765041459010668,0.0026304002511334844,0.6302392271891226,0.0718,0.390,-1.976676373932884,0.009868967347998704,0.2979314080369438,0.0716
1787531844.3423772,-2.047538066320186,0.006970174642950074,0.21718209370983818,-1.9755795016733657,0.010886024399610499,0.2246940897816364,0.0721,0.008,-1.9764667031832368,0.013914757630542982,0.18084753051878846,0.0714
1787531844.4829056,-2.0461920683558894,0.006394376913314535,0.36816428212485197,-1.9751420407390001,0.01596629312311404,0.1549463292722471,0.0717,0.213,-1.965591410332663,0.014863514679787025,0.19979013774573784,0.0810
1787531844.5547316,-2.0456340116610146,0.006140887498174027,0.639085447337569,-1.9711053787037431,0.014542923541047937,0.3709668568769824,0.0750,0.268,-1.972453514502692,0.01316287639637194,0.39642659580258777,0.0735
1787531844.6275122,-2.0448588669472767,0.006180080741030827,0.6437916141421386,-1.9697083987577197,0.00546996847961106,0.74084505858583,0.0752,0.097,-1.9731129381484154,0.003281657440219437,0.8288315088536317,0.0718
1787531844.7696407,-2.0431031190359175,0.007266803555380964,0.43175988670854415,-1.970199992197135,0.003986206483150349,0.8172406540219145,0.0730,0.385,-1.9665920434205602,0.002710108802268846,0.7724303764582023,0.0766
1787531844.8393176,-2.042325904066375,0.007961479029746537,0.1321667937896564,-1.9598431861791252,0.007101605222647365,0.5807367366564363,0.0825,0.449,-1.9479616661721204,0.00975350538387292,0.5408081790384605,0.0944
1787531844.9119704,-2.041507347265103,0.00838653486343094,0.11296179198887861,-1.9588509259605753,0.011023221312112719,0.1732982176744929,0.0827,0.060,-1.959980633515504,0.01412618692833844,0.12257847869853578,0.0817
1787531845.0684395,-2.039693008484108,0.008401647073895544,0.10757942851384644,-1.9563464489880018,0.011089625001098571,0.12306088476289033,0.0834,0.015,-1.9486969629298758,0.017477734727941372,0.02212184712710175,0.0914
1787531845.1381536,-2.0388190409459797,0.008097120226692617,0.2541149264201754,-1.9490842098624113,0.01605981248165475,0.06536711955356132,0.0901,0.189,-1.9438599843395423,0.012445159769914317,0.2908978148662507,0.0951
1787531845.2754683,-2.037121782042869,0.008086406229647547,0.533142680610048,-1.9460567902810277,0.014250734516922757,0.2609687548194094,0.0913,0.272,-1.955782435656067,0.014919719399328757,0.5855643599720802,0.0816
1787531845.3442397,-2.0361263426716962,0.008612761671693813,0.5176146999745181,-1.9466613088090459,0.011714066456991556,0.6159198662889841,0.0895,0.098,-1.946753008689556,0.009406952393258297,0.6483607205022693,0.0894
1787531845.479961,-2.0342306074846626,0.010162839234339957,0.18206144010066427,-1.9483219601984159,0.007930395030257952,0.6545385081453797,0.0859,0.472,-1.9484214508135198,0.014876053364008497,0.4635978178928133,0.0859
1787531845.5529873,-2.033355585506659,0.010654889790412894,0.16119549180107098,-1.947139451294063,0.012356470584582675,0.5005176091879001,0.0862,0.339,-1.9511764367319349,0.022708361711422584,0.08840165072774821,0.0831
1787531845.6221619,-2.032415113330918,0.010858246258453948,0.1323700485301368,-1.9467783726492218,0.017558686948106333,0.10312169463601133,0.0859,0.029,-1.9476171019515354,0.02078787997216804,0.022131513845934193,0.0854
1787531845.7657242,-2.03044454432838,0.010601013482026196,0.2199577561826593,-1.9462133009862457,0.019694141886263398,0.03803667364361127,0.0847,0.182,-1.9445450418776784,0.015560878280607015,0.07769098782168955,0.0860
1787531845.8362913,-2.0295760719960265,0.010403869117512845,0.4657693350842614,-1.9452437042138329,0.017737288746586796,0.18520676157210283,0.0847,0.281,-1.9483518418244232,0.01743696068728796,0.19362112054935027,0.0815
1787531845.975739,-2.0276432194005545,0.010803448383371678,0.47797053142362583,-1.9477441293833047,0.01243628780014727,0.5392384960767183,0.0799,0.061,-1.959767021430354,0.00461524082965294,0.6683952054385165,0.0682
1787531846.0552073,-2.0266156534827506,0.011379885359983006,0.4318247232543282,-1.9553576690519456,0.0056736987791718456,0.7008555269306657,0.0715,0.269,-1.9639920427303157,0.004528970769643295,0.7192267902346527,0.0630
1787531846.1260772,-2.0256811341111334,0.01208792098056256,0.22883100414395832,-1.9507546089925951,0.012562205395344271,0.5732559514858948,0.0749,0.344,-1.951540440529622,0.013999241551129847,0.2950834531462183,0.0742
1787531846.2671998,-2.023878793482272,0.01284280145239688,0.17161867770103775,-1.9507697677572573,0.012999029667260268,0.3169993883920831,0.0731,0.145,-1.9488615683349348,0.017411263000066273,0.19477291493913537,0.0752
1787531846.3353093,-2.0228762079609224,0.01281154206959194,0.15603642991257752,-1.9456933540944727,0.017227732374173372,0.1632427491517785,0.0773,0.007,-1.9424950685471025,0.014388923577614376,0.2092209234324769,0.0804
1787531846.4755497,-2.021027223143254,0.012357196809324324,0.4711871836007496,-1.9441521114195246,0.01564949165908116,0.19086421525744218,0.0769,0.280,-1.9414173919907232,0.011954900259542241,0.32958312977890625,0.0796
1787531846.5478778,-2.0201273554935404,0.012388452320294995,0.761045356128542,-1.9425023766777032,0.013439823352470483,0.30645858977770535,0.0776,0.455,-1.9504944824685948,0.006127914530215756,0.672371086749432,0.0699
1787531846.6254141,-2.0191710235507165,0.01297239403195939,0.7473113032325217,-1.949872503317894,0.0040127217605314585,0.9608301045956356,0.0699,0.214,-1.954031071114204,0.006588868940159859,0.9998351469931431,0.0655
1787531846.770963,-2.017668528855799,0.014376910330070467,0.7012786314955282,-1.9511484072538299,0.0054316433644302445,1.014791742931851,0.0671,0.314,-1.9455973841387857,0.00781379664311226,0.890507531213827,0.0724
1787531846.8479538,-2.0171332898512913,0.014753987431305546,0.6042884794284442,-1.9458528585973855,0.011992715051525339,0.862533237915096,0.0713,0.258,-1.9410557751762256,0.015304101587446602,0.8152376511064305,0.0761
1787531846.9878426,-2.0159256213004872,0.014202501415248942,0.43777920697652695,-1.9381144151575656,0.019463969383690098,0.6718070488053614,0.0780,0.234,-1.9455611700069604,0.01850206133252583,0.47833579424239314,0.0705
1787531847.0613208,-2.0153545906214547,0.013489027876849434,0.515303402544457,-1.9400936860966271,0.018732062294947848,0.4798840931744462,0.0754,0.035,-1.9355107992820526,0.01290741059189357,0.5196418677561715,0.0798
1787531847.140716,-2.01488451141574,0.012806859941029173,0.7417357471887501,-1.935743780768857,0.01411352695636527,0.6177388351310407,0.0792,0.124,-1.933499240239035,0.013138941965613278,0.6343648433886623,0.0814
1787531847.2831886,-2.013451384364779,0.012663706475377692,0.76061253791895,-1.9396995883472843,0.011043604169635374,0.898941164810192,0.0738,0.138,-1.9293776278756176,0.009010807693570433,0.9511582568761726,0.0842
1787531847.3525937,-2.0126985564512214,0.012964111111499707,0.6950326130999652,-1.93580119213887,0.00980002341508814,0.9399273836585904,0.0770,0.245,-1.917876246569334,-0.0006361170642164216,1.0428494061496758,0.0958
1787531847.4269342,-2.0120293754709158,0.013341792178184687,0.4966817472670078,-1.9276493979636624,0.010784052965887709,0.9110424627014385,0.0844,0.414,-1.9149718532388131,0.010680006801344169,0.6313508866063196,0.0971
1787531847.5731955,-2.010500858671587,0.013515314080094461,0.45692068287624643,-1.92241675103917,0.010261883818941383,0.6451353483012812,0.0881,0.188,-1.9239205690588692,0.012121179677963967,0.565557928776799,0.0866
1787531847.6434627,-2.009637191129606,0.013198796591720493,0.45874877369988065,-1.9190519136635324,0.018933925182377815,0.48758028245592,0.0908,0.029,-1.9168891744167054,0.02331649072913764,0.4252286968961978,0.0933
1787531847.7821238,-2.008091744327832,0.012256183691385526,0.8364817320237723,-1.9152033702891966,0.017293445594059723,0.47721261617724436,0.0930,0.359,-1.9082782676772374,0.005352994245008241,0.7413845385144218,0.1001
1787531847.8514748,-2.0071967733773928,0.012080799547636568,0.8473794074582588,-1.9110909191267387,0.012554592174424799,0.9423367856320614,0.0961,0.095,-1.9134250995232511,0.013454487714386664,0.9380658290256538,0.0938
1787531847.9887955,-2.005278313797083,0.012535275623239564,0.7994235071419266,-1.9084399483407777,0.010511381410459396,0.9954403058493122,0.0969,0.196,-1.9058758649237046,0.009482993244078553,1.0317757348874923,0.0994
1787531848.055764,-2.0043795379074156,0.012988538431932773,0.6210099599735649,-1.9063275065871474,0.009822787428001979,1.0267950989623085,0.0981,0.406,-1.9200086689301978,0.015325106213409743,0.9081522334336308,0.0844
1787531848.125462,-2.0035325545167306,0.013305162502391702,0.6020078440716818,-1.905508286266163,0.012708687428508813,0.7410464043211372,0.0980,0.139,-1.9013285791095282,0.012909839418300971,0.7333714769027134,0.1022
1787531848.2752306,-2.001634536473967,0.013137685552404205,0.5446389694106151,-1.90682045701446,0.017485333927935755,0.5823364815883585,0.0949,0.038,-1.9124690938168822,0.02019362969538733,0.5419487298276715,0.0894
1787531848.3534262,-2.0006640116546945,0.012686584748956963,0.6175761933578838,-1.9040112909331193,0.018239044570963887,0.5735594708079592,0.0968,0.044,-1.9042738446025504,0.022391560894845355,0.4736744904315508,0.0969
1787531848.4304373,-1.999796031751849,0.012229747630919854,0.8415716229109523,-1.9055611477787813,0.021327471218685317,0.48627849026167563,0.0947,0.355,-1.910024018739227,0.02109222757004973,0.4899626106046187,0.0902
1787531848.582049,-1.997846864759177,0.012617964918620975,1.1223577731880396,-1.9053873636224974,0.021061039150032844,0.5715174552336145,0.0928,0.551,-1.9084825582646199,0.012704693400805694,0.9363073943404074,0.0894
1787531848.6460586,-1.9967868641713309,0.013450434321182992,1.022121541441446,-1.90597414199884,0.01680453928891775,0.8674146732953613,0.0909,0.155,-1.9084825582646199,0.012704693400805694,0.9363073943404074,0.0883
1787531848.7889395,-1.994931118994518,0.014968562405635176,0.7628262292440724,-1.9084446391255898,0.027186675957817832,1.0887830301255073,0.0873,0.326,-1.911987956363137,0.024639948771039907,1.114893532484719,0.0835
1787531848.858449,-1.9939765818518727,0.015323025874749445,0.725947382964218,-1.9115602441623636,0.025205666182044863,0.7186091787939421,0.0830,0.007,-1.9167053374373733,0.025794375598242724,0.6926193416641414,0.0780
1787531848.9320686,-1.9929399238734802,0.015371859591875018,0.6728753188990823,-1.914241646947269,0.02586971562754347,0.6425946651698969,0.0794,0.030,-1.898159155736183,0.0404525973737582,0.48772416317801703,0.0980
1787531849.0784495,-1.9910373109908068,0.015116380183680733,0.9396532186353558,-1.9082555061610444,0.03488491702765091,0.5685363498590585,0.0851,0.371,-1.8931442633417495,0.029204792802215402,0.6788153028763528,0.0989
1787531849.1500306,-1.9904781060642447,0.015212200969869537,1.0370046944203655,-1.9033940531069136,0.025756170644990573,0.9097338551081888,0.0877,0.127,-1.9080484204457895,0.020654321498445052,0.9898014042135749,0.0826
1787531849.2910943,-1.9892217820082252,0.01627395424445925,1.1654682454735519,-1.9051154069051517,0.023720394969409753,1.092289797143871,0.0844,0.073,-1.900697442793002,0.019233291064140453,1.298939633965147,0.0886
1787531849.3613122,-1.989081409106541,0.016536166108544314,1.3171159106279344,-1.9030544912811966,0.021108339074096944,1.2693894659765768,0.0861,0.048,-1.9064087999045651,0.02530504705939721,1.2642256195413348,0.0831
1787531849.4321637,-1.9888489043756254,0.01662823378998069,1.3036506014445186,-1.9016429285315681,0.028664484347006428,1.3358328811752451,0.0880,0.032,-1.898928660494059,0.03130216556562529,1.2999841213770542,0.0911
1787531849.5783172,-1.987863422350491,0.01591047100049824,1.3242597565837404,-1.8975205699541569,0.028874501305435035,1.278226019015244,0.0913,0.046,-1.8959893299776351,0.03970208200621065,1.118473539377232,0.0949
1787531849.6500673,-1.98735718176843,0.015198902664300674,1.45181976679491,-1.8886285121357005,0.03740027413993304,1.2008424949294447,0.1012,0.251,-1.876566397406033,0.037613942980735046,1.1956072323006772,0.1130
1787531849.7925017,-1.9862668757776478,0.014310285290396305,1.7416457938528518,-1.8803717358068341,0.03605414524564953,1.3656219613992442,0.1081,0.376,-1.8726819525826055,0.025026622998578416,1.7732956404329876,0.1141
1787531849.8667514,-1.9855261391802321,0.014414939609250964,1.754115710858273,-1.8706442173299092,0.022797947575265626,1.8402112089927547,0.1152,0.086,-1.863672248457595,0.01834845394174968,1.9018253111465633,0.1219
1787531849.9428804,-1.9847635195138744,0.014766473427123407,1.7040996720284463,-1.8630492473451912,0.016113887326917188,1.9272532794073627,0.1217,0.223,-1.8551041633123155,0.012912087949114715,1.9701868079932385,0.1297
1787531850.0923123,-1.9833834942882476,0.015542258185132263,1.4917706800562258,-1.8522676398764284,0.01996802302568831,1.8157549307959104,0.1312,0.324,-1.842699227046147,0.032588726874198976,1.45567200262866,0.1417
1787531850.164102,-1.9826047600568955,0.015576329739347172,1.4660674891804977,-1.84614077603272,0.028046718245756858,1.5240849914826549,0.1370,0.058,-1.840063734102833,0.0276172571860081,1.4389419430671753,0.1430
1787531850.2345517,-1.9817174895190262,0.015302156714585548,1.5028612141228568,-1.8392940674090554,0.029583472436877773,1.3899646085303878,0.1431,0.113,-1.8421665533629088,0.030405858002815075,1.3778586215385107,0.1404
1787531850.3856955,-1.9801146934246925,0.01444211432106499,1.9502945088209693,-1.8305427081983086,0.028560214846586295,1.4438416332431028,0.1502,0.506,-1.8143766799143255,0.023093553996619113,1.6695163967336386,0.1660
1787531850.4569724,-1.978716800183931,0.014502755879351155,1.9594091333060908,-1.821302723719934,0.025164229596439047,1.638793120920476,0.1578,0.321,-1.8200250974391994,0.02848422456441591,2.014047654002888,0.1593
1787531850.527083,-1.977200809834186,0.014968054938748011,1.8980175791852796,-1.82470680267126,0.026848634209006784,2.0535296799599556,0.1530,0.156,-1.846312809460897,0.020994954730952427,2.0363593270228324,0.1310
1787531850.669352,-1.9742709978594197,0.01639403317194818,1.4714392169746586,-1.830296822376351,0.022731481476578524,2.0119471931224564,0.1441,0.541,-1.8497137468095997,0.02577467913348637,1.7917980732379262,0.1249
1787531850.740077,-1.9730850249364564,0.016760703627534148,1.4540925942228897,-1.84395979418485,0.0272402664190592,1.4934372168177372,0.1295,0.039,-1.8625948162086143,0.029714911770359377,1.4554198397813232,0.1112
1787531850.8733437,-1.9705027134193176,0.016634532229146563,1.3793680910251054,-1.84151563431492,0.02747063565370279,1.507119480136703,0.1294,0.128,-1.8753770523597582,0.04038996549767739,1.2325076773526347,0.0980
1787531850.9436276,-1.9692052230468708,0.01622565053111716,1.4349239820604547,-1.862810256219806,0.04005822214831946,1.2402850164906738,0.1090,0.195,-1.8741149455073007,0.041496719795512386,1.2220330848742422,0.0984
1787531851.0186515,-1.968010799934849,0.015847360390843057,1.6396800453346725,-1.868839683790915,0.0346024422709612,1.341150347321722,0.1009,0.299,-1.8783822398171768,0.024836965048786516,1.7080700140944074,0.0901
1787531851.1652672,-1.9663097667123146,0.016162791814729335,1.650218122304498,-1.8724088417713403,0.029277785171362966,1.635389035379255,0.0948,0.015,-1.8849711091907062,0.03019585231072851,1.7182212834662491,0.0825
1787531851.2362468,-1.9654104754857082,0.01672329602795318,1.5918138295773443,-1.8793093018147768,0.026252287150193027,1.7718904446502306,0.0866,0.180,-1.8735435727236174,0.015624044815998177,1.7446109618795733,0.0919
1787531851.3739982,-1.9638065106159233,0.017857110319425194,1.36733858493369,-1.87788636365099,0.019295041181074335,1.6964565689756128,0.0859,0.329,-1.880075593046973,0.03075381633358671,1.3819771338106788,0.0847
1787531851.4466803,-1.9629434357152487,0.018077647091571954,1.3354795372719686,-1.8780854562468041,0.029247891104706672,1.3699917657083427,0.0856,0.035,-1.8744622654530834,0.03131816019063694,1.337939258670878,0.0895
1787531851.5881813,-1.9610786786951069,0.017735191585086352,1.3979722023842402,-1.8738623016503964,0.03399670792070094,1.268997170738232,0.0887,0.129,-1.8645415227467428,0.03695756216475285,1.2336642383165919,0.0984
1787531851.6571646,-1.960258989241724,0.017464217070305054,1.6255267876486463,-1.870767041445332,0.03608441568442414,1.2475178922361472,0.0914,0.378,-1.867979871151597,0.016651479664689425,1.5410067450544098,0.0923
1787531851.729235,-1.9597808724678516,0.017358989981694994,1.7302678068802049,-1.8698453185942625,0.026211393839709368,1.741160978379713,0.0904,0.011,-1.8683051191175866,0.015666215855866802,1.9862135916644448,0.0915
1787531851.8732064,-1.9586828621445016,0.0180246597007805,1.8907862782129607,-1.869441776393313,0.019681796164087866,1.925468182307894,0.0893,0.035,-1.86544683739652,0.013719776997088448,2.1185751230284624,0.0933
1787531851.940429,-1.958198952194122,0.018614111655000855,1.8101248759005373,-1.8649101524594622,0.018557892415789045,2.130017587285616,0.0933,0.320,-1.861500620139448,0.028259477993696054,1.914573438636041,0.0972
1787531852.081928,-1.9569846773226913,0.019268763757775406,1.7409321934737614,-1.863509538716883,0.024343391066765568,1.9743721586177119,0.0936,0.233,-1.8706161654407019,0.02528446164349861,1.8870125034904657,0.0866
1787531852.1508403,-1.9562697848122632,0.019186006475879272,1.7038570745285273,-1.8659217411998834,0.024702970964359233,1.897017242897582,0.0905,0.193,-1.861664498760168,0.03489169203734374,1.7353503915784698,0.0959
1787531852.22417,-1.9555502174620507,0.01887662437684506,1.7512539884369378,-1.8601215847738146,0.03462362215187142,1.720745256510579,0.0967,0.031,-1.8568137350474605,0.026935170312448832,1.8809314537253252,0.0991
1787531852.3696313,-1.9543025033221013,0.01840016773574477,2.2093165970587414,-1.8587262472952557,0.030151604373254193,1.8333582146214724,0.0963,0.376,-1.8435614750768698,0.02619719278941725,2.093400640721617,0.1110
1787531852.4388628,-1.953932316912087,0.018563870014066165,2.3689938264507515,-1.8528598464044739,0.02802130425447317,2.064728117336659,0.1015,0.304,-1.8518809456246095,0.022240527395811,2.462350766143614,0.1021
1787531852.5873172,-1.9529926043601804,0.01983955292778937,2.28193295674454,-1.844389546748378,0.024809210266432326,2.598156076692768,0.1087,0.316,-1.830206496673795,0.03287410160866275,2.5398675677983227,0.1235
1787531852.6543996,-1.9521423746763562,0.020208481782768545,2.2606794690356096,-1.8318237528011514,0.03220270162732833,2.3692755678686126,0.1209,0.109,-1.8237280145008958,0.033669955738373704,2.341057242989645,0.1291
1787531852.722804,-1.9512156540954664,0.020304475892681285,2.2144657961481924,-1.8296012398514983,0.03274623621151699,2.2723037772401713,0.1222,0.058,-1.8293291102317657,0.033110083097070454,2.2640017685787166,0.1226
1787531852.8699017,-1.949214123720303,0.019774632102882057,2.212525715942811,-1.8296655237071435,0.040107915665772924,2.1374986863935717,0.1213,0.075,-1.8462212493854289,0.05047856825475888,2.0009110668948673,0.1075
1787531852.9397697,-1.9482937994407625,0.01931220374204489,2.3962106167446624,-1.8351363792795408,0.04201412343657598,2.1141676425270406,0.1154,0.282,-1.8387057456473035,0.03899187325778985,2.158161060814217,0.1113
1787531853.0806468,-1.9463567674240303,0.019121173201265503,2.4377398318113093,-1.8386233356856942,0.043262114997082095,2.365969841433802,0.1104,0.072,-1.8484823749144004,0.033606205427992406,2.5249051387494412,0.0989
1787531853.1529267,-1.9453097141160998,0.019461404185885486,2.429809837644199,-1.8444039307697082,0.03275599857350786,2.5511434085756166,0.1018,0.121,-1.850428945067681,0.02976777487628023,2.595900572929154,0.0954
1787531853.2275155,-1.9443259232815449,0.019970771310471574,2.2998774379326727,-1.8417564869311087,0.034330657288051444,2.538562959815866,0.1036,0.239,-1.839003734336241,0.03494011920137289,2.528252313755376,0.1064
1787531853.3638718,-1.9426803263472885,0.02034441228711736,2.025195483809622,-1.840985481509322,0.034567868564449204,2.5812719196941325,0.1027,0.556,-1.849197455124842,0.04118243433135197,1.973836608547629,0.0958
1787531853.435371,-1.9418781738458952,0.020075046347779454,2.0277009531252856,-1.8457415760080047,0.038778680983242234,1.952533638725603,0.0979,0.075,-1.847946522362963,0.03870961161925911,1.9523321408048242,0.0958
1787531853.5826612,-1.9402948427271107,0.018939485196920933,2.3183273890964693,-1.8485116830479515,0.041879651278999244,1.9281084795725403,0.0946,0.390,-1.8424753756544008,0.038419155309212805,2.0316902218754938,0.0997
1787531853.6498265,-1.9395101797044685,0.018578421813652844,2.3371137665092787,-1.8444861954223921,0.03919897680921519,2.2922104276896165,0.0972,0.045,-1.8413919658203755,0.03781034732066004,2.317671483205697,0.1000
1787531853.7918313,-1.9377871970613656,0.018673366465166458,2.364570396056136,-1.8428618395631795,0.030962502049289534,2.405652994563277,0.0957,0.041,-1.8302397616192039,0.028954206943474788,2.4916935321205895,0.1080
1787531853.864141,-1.9369490079226002,0.01905570050790763,2.251820480083772,-1.8382111519021205,0.029781851865614627,2.4796194469070088,0.0993,0.228,-1.8301056458025373,0.024561373919608314,2.5074466702535956,0.1070
1787531853.9481044,-1.9362046204423025,0.019362707317965005,1.9925457153953314,-1.8333660674496113,0.025172643819628807,2.368257860803546,0.1030,0.376,-1.8321651131481356,0.025271774323535025,2.363248478370327,0.1042
1787531854.0345435,-1.9353329889211488,0.01940434218853912,1.9866755831413807,-1.8321559852234701,0.02730413412659831,2.052201366790192,0.1035,0.066,-1.8318133794990095,0.02939987011896797,2.0151038538204213,0.1040
1787531854.179614,-1.9334238030875195,0.018596370683144913,2.09041496577846,-1.8358598430975646,0.0373476134278735,1.9434906023925682,0.0993,0.147,-1.8322883769219693,0.03574016637320878,1.9398298662399904,0.1026
1787531854.2511342,-1.9325752897409494,0.01807640497450619,2.3413509520036944,-1.8315989412400497,0.03527746835376938,2.039982748481007,0.1024,0.301,-1.8283951237824283,0.034296236659868834,2.055835889524827,0.1054
1787531854.3225973,-1.9316667076560707,0.017761340102605227,2.3577594452892425,-1.8318272091200873,0.03247030360167356,2.386669382081828,0.1009,0.029,-1.826559995506903,0.03936439675423179,2.3837005389537222,0.1073
1787531854.4661899,-1.929721135758973,0.01797793900342069,2.3422849778506807,-1.8295888802576288,0.03676814188642577,2.4201007897000903,0.1019,0.078,-1.8296219807889575,0.04073049675875165,2.367121747173004,0.1027
1787531854.5389807,-1.9288104209204602,0.018361914888537362,2.174018872846255,-1.8274047038132952,0.03491543057481864,2.3729195407092267,0.1027,0.199,-1.8256708455281143,0.032355589219214435,2.407825018115915,0.1041
1787531854.6853156,-1.9269899265180894,0.018411298432975298,1.8848826770699272,-1.8258023794147957,0.03140216015743443,2.1661581037496087,0.1020,0.281,-1.8553990677275296,0.03715751901958597,1.8327453498679267,0.0740
1787531854.7567255,-1.9259603122887428,0.017837628712393267,1.8885927655105135,-1.837365365444091,0.03900885018612235,1.797428185605134,0.0911,0.091,-1.8405066593129003,0.041625067343303915,1.7597123197120443,0.0887
1787531854.8256493,-1.9249407842735913,0.017049087868120597,1.988237865539884,-1.8331138354321814,0.0418348324389259,1.7811784283069971,0.0951,0.207,-1.8267112812779498,0.04269753249729132,1.7675709423696468,0.1015
1787531854.9818077,-1.9231092048363847,0.015819828741451523,2.2570971686957635,-1.8312837065987417,0.0328070069264562,1.9458218025840142,0.0934,0.311,-1.826760561586004,0.03813150600683564,2.2029922562857585,0.0989
1787531855.055267,-1.922135666497772,0.015730663471979635,2.2766225439260337,-1.8260461366456393,0.03167452731139003,2.3033510838482534,0.0974,0.027,-1.821131737522651,0.028915372777891378,2.3432644459604512,0.1019
1787531855.1889694,-1.9202477407348297,0.016169769623831133,2.035062839036144,-1.8264609123757296,0.03092241911246911,2.3349783190848457,0.0949,0.300,-1.8283257216919955,0.030684807974484134,2.339139460542985,0.0931
1787531855.263023,-1.9198139218754309,0.01623649440059891,2.023460957109205,-1.825352351735937,0.0303270378181697,2.3585121288977033,0.0955,0.335,-1.8277069195994866,0.02714370542829872,2.0358228402340672,0.0928
1787531855.3371382,-1.9193052674691085,0.016025978236992602,1.994298986753311,-1.8241103176889972,0.03289636534779152,1.9222462035167565,0.0967,0.072,-1.8215260434076053,0.03611316026941908,1.8733309033571066,0.0998
1787531855.4804885,-1.9181491027066329,0.014804413856928926,2.0745759925419183,-1.82446190434372,0.037916318013173626,1.8292390214944756,0.0965,0.245,-1.818818993121191,0.03929366702954256,1.772716889523099,0.1023
1787531855.5556335,-1.9176864613028053,0.014122996485417755,2.317319009082254,-1.8190912562774872,0.04047054048317949,1.897857556202282,0.1021,0.419,-1.815498978341832,0.04070519842012828,1.897412124784361,0.1056
1787531855.6310623,-1.9169832657013692,0.013817751207205292,2.3324306745397214,-1.8172650759371471,0.03340820213075205,2.171513782454334,0.1016,0.161,-1.8039963313040208,0.034828829082680236,2.246860922001417,0.1149
1787531855.7794478,-1.9154593221855178,0.014104480511539546,2.2847090534262375,-1.811632270106946,0.034511416725577046,2.2510696876727305,0.1058,0.034,-1.7943787260508404,0.03787731839113838,2.2435360001421496,0.1234
1787531855.848997,-1.9147876629879221,0.014455917784449462,2.07543960279273,-1.7981511311674214,0.04461364631168548,2.1158222445470627,0.1205,0.040,-1.792556728181489,0.048086020674516054,2.0627369096751615,0.1268
1787531855.9191566,-1.914125182073281,0.01458543510146568,1.774876888246149,-1.7952886557993013,0.03775893272376249,1.8596894071833663,0.1211,0.085,-1.7995520871854467,0.048594592379581886,1.4172735140134414,0.1195
1787531856.0697913,-1.9122508394911688,0.013647201107854275,1.8693772335268206,-1.7959081981557066,0.04157272297015968,1.4747442242010553,0.1196,0.395,-1.798847418747934,0.03986146579023375,1.4991350616126582,0.1164
1787531856.133782,-1.9112904440917928,0.012823071113528739,2.0725715301523797,-1.793320126869856,0.04212714253429018,1.4351111806298513,0.1216,0.637,-1.7914241904033634,0.04132001904613996,1.8631396990542886,0.1232
1787531856.2743185,-1.9088881032435068,0.012559995894268022,2.4394878992176814,-1.7919217048500502,0.04200641190239698,1.8483798807640515,0.1206,0.591,-1.805170153291012,0.032618979219958974,2.1953560927595146,0.1056
1787531856.3468423,-1.907627314497107,0.01293444379498005,2.6950135350802187,-1.7990795708352871,0.03546463649055924,2.376845537270439,0.1109,0.318,-1.8056235141251225,0.034807343999564935,2.3949074487574866,0.1043
1787531856.484126,-1.9051722379217495,0.01428073301988205,2.9367471493232835,-1.8041049882398057,0.022549284460261863,2.7293483567442185,0.1014,0.207,-1.8071175825471455,0.02452979449197721,2.941668218692407,0.0986
1787531856.5492344,-1.9041491558384644,0.014690613159579221,2.91826318353267,-1.8075961086258363,0.03266413572976449,2.926971097097936,0.0982,0.009,-1.8139908091529477,0.038474391139533964,2.8443781484442927,0.0932
1787531856.685692,-1.9018771605088918,0.014746052635964006,2.858933267967813,-1.809948885608519,0.04269117856976447,2.780082878757131,0.0961,0.079,-1.8104331473089492,0.035164849548849325,2.7530878437284354,0.0937
1787531856.7587605,-1.9006904024670674,0.014436302526085272,2.90546339914184,-1.8100893427345146,0.03772988213838022,2.718741650445027,0.0935,0.187,-1.8159251434983574,0.04463328020702245,2.651753169728204,0.0900
1787531856.8327956,-1.8995965697037895,0.01404663354849028,3.1006769065283546,-1.81225399443394,0.0380345225181177,2.7396025940735056,0.0906,0.361,-1.8052491468640188,0.04245009503650679,3.007157324133477,0.0985
1787531856.9706666,-1.8980367412872674,0.01481111048422622,3.287042820677981,-1.8096562896463597,0.04146173562257124,3.015895476784325,0.0923,0.271,-1.8018651259375196,0.041090794579800714,3.1211181809863944,0.0997
1787531857.041227,-1.8972576689590783,0.01574033971955076,3.4338307985721883,-1.8067260382645272,0.04151005558069491,3.114570440434194,0.0941,0.319,-1.799797478223195,0.04055915104760829,3.306980471076307,0.1006
1787531857.186719,-1.896392640539271,0.017491315174708224,3.4509800804578665,-1.8037599077088857,0.040131835660207796,3.386301528085124,0.0954,0.065,-1.8032277374742007,0.06281454677642286,3.2353439413475558,0.1036
1787531857.2610557,-1.8961701734825496,0.01788935130824939,3.3967509127949267,-1.8027871446778219,0.0552650227222985,3.345852102438954,0.1006,0.051,-1.802989152879091,0.054290972120965925,3.237979790144756,0.1000
1787531857.3358605,-1.895873742893537,0.018012861770142895,3.3487003179705472,-1.803119039636641,0.056451163558673134,3.1863600845808864,0.1004,0.162,-1.8016387677103267,0.05698757498423789,3.1269829714377946,0.1020
1787531857.4776988,-1.8953327217190572,0.01769670721519218,3.5762890770438855,-1.8023225016103284,0.05714149379599702,3.127333188256469,0.1010,0.449,-1.8014213588225148,0.06241186300894533,3.173258652933795,0.1040
1787531857.543842,-1.895127567882544,0.01772556527433424,3.8391261175685027,-1.801605817317616,0.06135938560508596,3.187865650123784,0.1032,0.651,-1.8014213588225148,0.06241186300894533,3.173258652933795,0.1038
1787531857.6909335,-1.8938144431210897,0.019164122698001287,3.7789696072866454,-1.8023087680955683,0.0551016109048135,3.775282032917051,0.0983,0.004,-1.789890959470662,0.051277848049392616,3.835810501278166,0.1088
1787531857.7642334,-1.8932067958404817,0.02020085343848508,3.606169305091567,-1.7973010160595264,0.052971936889222436,3.814260502834008,0.1014,0.208,-1.7911041655858855,0.05596086416669379,3.759919763373136,0.1082
1787531857.836989,-1.8926309573877698,0.021085400184957203,3.574319045918735,-1.7913127170262786,0.05240158269458591,3.583401272847414,0.1060,0.009,-1.7878059509080118,0.05120540553755569,3.5936764758875634,0.1091
1787531857.9792695,-1.8912493250589144,0.022047885571644308,3.4529923855727827,-1.7911164740874246,0.05437754813098451,3.4815887096404565,0.1052,0.029,-1.7822082214811166,0.06367059658723292,3.335328733979582,0.1167
1787531858.0503726,-1.8904922248667448,0.02215698023934368,3.469321802589427,-1.7864730160748814,0.05530523270328138,3.3669783618356806,0.1092,0.102,-1.7869285342156729,0.052461614030745486,3.4066718793542057,0.1079
1787531858.1225207,-1.8898252887481513,0.02218303019986032,3.633261007344674,-1.7806336496377693,0.046275502694209145,3.4913743530609067,0.1118,0.142,-1.7768517192828863,0.05679135673507723,3.673043840826809,0.1182
1787531858.265535,-1.888345907367285,0.02302336211762396,3.878227923821372,-1.778176693348595,0.053523099991662215,3.7146663181827932,0.1143,0.164,-1.7776090538486538,0.040706955946267505,4.142125118398868,0.1121
1787531858.3361132,-1.887457834300353,0.023908367960634336,3.8371143771576923,-1.772787168340891,0.04080714281726951,4.1689277747908315,0.1159,0.332,-1.769337705879586,0.03897095962618855,4.194900829849293,0.1191
1787531858.4799821,-1.8862138617094728,0.025646719396416703,3.649739395575182,-1.769054942734581,0.04257042992380192,4.151026915926679,0.1184,0.501,-1.7690011053849826,0.057227488454005875,3.7498155729193474,0.1214
1787531858.551787,-1.8857217155655663,0.026099495778777536,3.596427739828135,-1.76928805311031,0.0507986122828028,3.76824108699238,0.1190,0.172,-1.7749551347999757,0.05075632011187235,3.768245353922438,0.1135
1787531858.6231172,-1.8851254326714135,0.026227069189163888,3.546589634666298,-1.7663055019493088,0.04799691113059472,3.7318691036818676,0.1208,0.185,-1.764014521895885,0.046642334444531974,3.748833886042975,0.1228
1787531858.7697542,-1.883951796063159,0.02592326758988517,3.725896425638959,-1.7662322119696139,0.048321330875599554,3.667297670041933,0.1198,0.059,-1.7547649172768933,0.04919662274455917,3.7330837439504854,0.1313
1787531858.841456,-1.883448928203787,0.025953982588308906,3.988530746850888,-1.7564542196239483,0.04601694686644502,3.991752049361153,0.1286,0.003,-1.7516325437405698,0.04382342625654865,4.027356606435489,0.1330
1787531858.982192,-1.8818949921134784,0.027069371173311634,3.945733242983247,-1.7512944887960744,0.03759822605253478,4.376263584235698,0.1310,0.431,-1.7549806867457076,0.029787650955623596,4.508523282237028,0.1269
1787531859.0521724,-1.881406500559102,0.027534447746555873,3.921879727977207,-1.746035474540125,0.04050152864920537,4.314193979344389,0.1360,0.392,-1.741572786418733,0.04534247306381143,4.239469426447527,0.1410
1787531859.191869,-1.8804251244023522,0.027931250780935984,3.452975843609488,-1.7421874272677205,0.04127895829202533,4.262847766484061,0.1389,0.810,-1.7623858578237692,0.04879282623683785,3.8728577251728256,0.1199
1787531859.2630713,-1.8797896375757939,0.02752358214554962,3.2063632992675353,-1.7528683630352713,0.049838407649830135,3.5653903718111906,0.1289,0.359,-1.7640165515697115,0.05324653793652965,3.5103626503225853,0.1186
1787531859.3318782,-1.8791127399859324,0.026870316192944388,3.0224471747077613,-1.7598186239765656,0.05221681912871373,3.275204395407517,0.1220,0.253,-1.7732111480324813,0.05405288814581609,3.247095752058731,0.1093
1787531859.4744554,-1.8779705798052826,0.0255125621190016,3.0192766609562103,-1.7614606543405722,0.047890680943104454,3.109589002449244,0.1186,0.090,-1.768640831692436,0.04085009455107082,3.1583622303790895,0.1104
1787531859.545931,-1.8772266083383486,0.025488533448705063,3.0257420392410332,-1.7702854733617093,0.04754557489338146,3.1737046653405865,0.1092,0.148,-1.7820271064951279,0.04974242269972069,3.1481657618005827,0.0982
1787531859.68732,-1.8756511070848698,0.026316479105800247,2.852894332913029,-1.7718208500517936,0.04979547614272091,3.1687427127654533,0.1065,0.316,-1.7665575940865221,0.034834852417034635,3.2546493974519963,0.1094
1787531859.7555447,-1.875023724211998,0.026373189538859466,2.837628714798316,-1.769906236707087,0.03968210262129564,3.185525339788218,0.1060,0.348,-1.766700806347292,0.03145146430243112,3.096281616311248,0.1084
1787531859.828606,-1.8743363366245402,0.026244105595624536,2.804374498808412,-1.7707368664245655,0.03911162837568517,2.9336977286688013,0.1044,0.129,-1.7692903435477902,0.04005421256003192,2.844028928352808,0.1059
1787531859.974251,-1.872775915092923,0.025023772105407897,2.657039334194323,-1.770266728045817,0.03947295360176566,2.85439008132231,0.1035,0.197,-1.7724246719300314,0.05883317220098525,2.5810817438372777,0.1059
1787531860.0460284,-1.8720393081547149,0.024085894221251986,2.707351629857184,-1.768035482066817,0.046813111559790246,2.5754533264505572,0.1065,0.132,-1.7633044154076778,0.04411650400402536,2.611272468860978,0.1106
1787531860.1843824,-1.8704604318804579,0.023064183516814347,2.7863573477447976,-1.7652669436141917,0.03708814848059097,2.769000876493031,0.1061,0.017,-1.761355633728923,0.03262213504043484,2.8367140581312364,0.1095
1787531860.2560153,-1.8695894455189508,0.023003468112863187,2.826401307969303,-1.7648831898904287,0.03592034679819802,2.7255260018455125,0.1055,0.101,-1.7537372514508298,0.023380114810193496,3.0371798236383296,0.1159
1787531860.3302839,-1.868738509463435,0.02313369429818077,2.78388005783517,-1.7555102500451438,0.02530531961609488,3.024268065004707,0.1132,0.240,-1.7554833959997034,0.040836881949476204,2.8102256570135498,0.1146
1787531860.4725995,-1.8672252997294312,0.023191955226366464,2.3013871660402105,-1.7548061307153706,0.03499804487594412,2.897512439409183,0.1130,0.596,-1.750660922774474,0.03267857821425427,2.5620077696479675,0.1169
1787531860.5347123,-1.8663220618276417,0.022692551276989745,2.3129054942141267,-1.7526784331759422,0.03280256608757221,2.568866429669567,0.1141,0.256,-1.750660922774474,0.03267857821425427,2.5620077696479675,0.1161
1787531860.676833,-1.864427132265149,0.021056448456964805,2.5091704864862474,-1.7540437398773592,0.04477947105414308,2.172484830282647,0.1129,0.337,-1.756383491109504,0.04089804443606301,2.2474061010272792,0.1099
1787531860.7481644,-1.8640482578752706,0.020758992736730025,2.5718420830401914,-1.7546940989010897,0.04245549373629543,2.2217734599836776,0.1115,0.350,-1.7491940414715108,0.03999990227004058,2.4191304119622377,0.1165
1787531860.8216248,-1.8634974087713385,0.020720843609778734,2.5799225296361437,-1.751411904589808,0.035721892846499424,2.5427720853595885,0.1131,0.037,-1.7431087929539264,0.03167550296453858,2.688608911729847,0.1209
1787531860.9661782,-1.862106342195038,0.021730542225053166,2.4834575526856786,-1.7478631871360666,0.03318795216991888,2.663774793197081,0.1148,0.180,-1.738144287475101,0.03626802993116218,2.608473205239519,0.1248
1787531861.039333,-1.8615058378114973,0.02242424724171824,2.2496356810197615,-1.7372817553509974,0.03547107163941684,2.5042458878268667,0.1249,0.255,-1.7258039985486444,0.04074101806914578,2.1595618568853623,0.1369
1787531861.1812499,-1.8600074183275515,0.02290971134165992,2.2086827771459414,-1.7316137621762808,0.038694885263108825,2.1963643989949766,0.1294,0.012,-1.732541030167214,0.040256735887915306,2.1066994061886475,0.1286
1787531861.2555332,-1.8591568861984855,0.02278453338342146,2.211552959080964,-1.7305497290738703,0.03971726695583163,2.1146282195950374,0.1297,0.097,-1.7237325551106506,0.0431964319755584,2.077879365468083,0.1370
1787531861.3310263,-1.8583517708318098,0.022454943365798417,2.3444124727452693,-1.7247959169019251,0.04195349257380243,2.0986888603458675,0.1350,0.246,-1.7083049367877285,0.025141094230685196,2.402477705885638,0.1501
1787531861.4784536,-1.8567872913054426,0.022342435227076088,2.6201680822326567,-1.7174197503135873,0.031361505799211764,2.3078623126132367,0.1397,0.312,-1.7184511553084614,0.0245573747269154,2.719054769078254,0.1384
1787531861.5487466,-1.8558484160555346,0.02282338513931456,2.5419813088308474,-1.7096679019399046,0.02864412768426592,2.7251344965063957,0.1463,0.183,-1.7028222269907585,0.029852190633900155,2.708141238510347,0.1532
1787531861.6190681,-1.8549191954384883,0.023529060237146814,2.378775223741936,-1.7050870969502303,0.03180403360562379,2.603509989611878,0.1501,0.225,-1.7134080930388138,0.04097758880069404,2.315622243356108,0.1426
1787531861.772445,-1.8532325904408882,0.024758379186492076,2.04524675541227,-1.706310982742641,0.037815712385847716,2.363428887289159,0.1475,0.318,-1.7066158444010429,0.04292951426110286,1.9518864593104968,0.1477
1787531861.8444464,-1.8522994178575507,0.024943147643040144,2.0204341185648937,-1.7048758490809923,0.057149303220251156,1.8073464722064234,0.1509,0.213,-1.710061351103885,0.06440290378045567,1.7022910351033802,0.1476
1787531861.9877272,-1.8503670608629286,0.024627324831152174,2.1832568877480223,-1.705917809399583,0.049037308206515494,1.8140630422227533,0.1465,0.369,-1.7060804655808557,0.06103058497024389,1.7617961428884237,0.1488
1787531862.0620813,-1.849511551509226,0.024531083924117885,2.460632025919301,-1.7036064858011195,0.046764980794275476,2.0550443436219576,0.1476,0.406,-1.705141385302238,0.04070886725007193,2.148207688943192,0.1453
1787531862.1352673,-1.8485957598913232,0.02474133779500386,2.461657322358685,-1.7051818345211482,0.03844738132598108,2.430427545980973,0.1441,0.031,-1.707914868594927,0.030527433943429886,2.5885220599003134,0.1408
1787531862.2746027,-1.846607279891621,0.02621558686502824,2.1843899718198685,-1.7051919164682574,0.032964848242790216,2.5501706044776276,0.1416,0.366,-1.7040404462522627,0.03663743010791292,2.430891971358516,0.1429
1787531862.342208,-1.8457231522920137,0.027032353027758832,1.856988236423954,-1.6988092583586167,0.03472578979593507,2.2440485285236003,0.1471,0.387,-1.6940443039356217,0.03507693928455956,2.233237301167368,0.1519
1787531862.491092,-1.8439364588525546,0.02775704857166646,1.8131043143639827,-1.7027638675142804,0.04385046254896774,1.8010288438104276,0.1421,0.012,-1.7138583648787842,0.06426393635145534,1.5147857892378518,0.1351
1787531862.562282,-1.8429423527746778,0.027698686510359276,1.8304105925286853,-1.7106338205095961,0.049015865181761986,1.62359122065681,0.1340,0.207,-1.7198352016839944,0.04432559056917856,1.694269653310453,0.1242
1787531862.6337585,-1.8420093251718417,0.02748400026269022,1.9763869794384528,-1.7116996543493852,0.044766768172226204,1.735164073348559,0.1315,0.241,-1.7141768004501734,0.0427301270927484,1.7681170006464386,0.1287
1787531862.782262,-1.8402303237763373,0.027640872576402555,2.254162524638186,-1.706701995116064,0.04016605854212642,1.943121719873751,0.1341,0.311,-1.7164136686547986,0.03157209573994607,2.361461203599312,0.1239
1787531862.8552835,-1.839210456354695,0.02827999084923852,2.2129644028323887,-1.7099326480480312,0.035093129298341436,2.297472049320697,0.1295,0.085,-1.7169168329063778,0.02851858453623911,2.439215151540179,0.1223
1787531862.9251273,-1.838223441513852,0.029150955613533567,2.0618789517348537,-1.709888722176054,0.0339786402706218,2.360456443285766,0.1284,0.299,-1.7113046748914922,0.043609217540341555,2.0789260665373273,0.1277
1787531863.062557,-1.8364393662690313,0.03050289263922948,1.7561532673348765,-1.7100838304542443,0.039754548149110155,2.1404526737016836,0.1267,0.384,-1.722924670434902,0.03958516186983337,1.755059087619649,0.1139
1787531863.1317003,-1.8354861846272683,0.03073220124806794,1.7362335414225611,-1.7188605026873045,0.04593466401724501,1.714379662910934,0.1176,0.022,-1.712258981702444,0.03725384294579503,1.7045204474451208,0.1234
1787531863.2676175,-1.8334527975152481,0.03030195271086848,1.8980426857715627,-1.7165279073246968,0.04020738542722169,1.6629321638801553,0.1173,0.235,-1.710465970426598,0.048115343805708054,1.6833073101954126,0.1243
1787531863.3348887,-1.8325488808242056,0.030083061205304868,2.1681578535364405,-1.7143176826318958,0.04628664303255018,1.896525435920854,0.1193,0.272,-1.71059914570524,0.03792443055770863,2.293553438462823,0.1222
1787531863.4769223,-1.8305930006582622,0.03050046781365107,2.1814266143941166,-1.7129290687093965,0.04164849221492737,2.2277338499275228,0.1182,0.046,-1.7116629650603088,0.03501694738595983,2.366222680602438,0.1190
1787531863.5490184,-1.829569808733391,0.03111154481352801,2.1251495839071346,-1.7124018865975932,0.037372860307631824,2.329633604552284,0.1173,0.204,-1.7096235426534292,0.04674799385459196,2.2911986145534775,0.1210
1787531863.689043,-1.8277729821508846,0.03234251935144929,1.9015108294707737,-1.7090045414266428,0.044967072876872134,2.2431743974178837,0.1194,0.342,-1.7110381340577667,0.043829064618874085,2.023000152878554,0.1173
1787531863.7581763,-1.8268316775405076,0.03257908894483352,1.8672434346169524,-1.7086582356879354,0.04146628996121965,1.951194604599242,0.1185,0.084,-1.707504838236377,0.04033117810083482,1.9656542036861524,0.1196
1787531863.8289435,-1.8258274538133814,0.03253044854665272,1.8257634173949435,-1.7072795652323416,0.030374402701008798,1.9820505438876161,0.1186,0.156,-1.699959542827374,0.04807016631621623,1.8478811491466647,0.1268
1787531863.9670484,-1.8239436398028035,0.031991622738219816,2.0812817138987674,-1.7038750872442623,0.04208427591119541,1.9372524760621737,0.1205,0.144,-1.6988394707592291,0.04014749073101996,2.015378365506354,0.1254
1787531864.0368226,-1.8230382413624104,0.03196924817538685,2.3486875515955132,-1.702802869532725,0.04269924183679026,2.1905678654409324,0.1207,0.158,-1.709463893205192,0.05900754002513906,2.3469910361291215,0.1167
1787531864.1802711,-1.8211184165068615,0.033206797835716666,2.2864328461661594,-1.704748012224161,0.05386399104671759,2.414027967182504,0.1182,0.128,-1.7072192179156485,0.06043757883804476,2.3459211905398925,0.1171
1787531864.257043,-1.8205986713998765,0.03369407895850067,2.383557279305163,-1.7058254619745001,0.04976312218802202,2.345717880867206,0.1159,0.038,-1.7067549585515742,0.04410810444040396,2.4271303209897974,0.1143
1787531864.3286812,-1.8200893860334613,0.03400625947192933,2.2970589732944755,-1.7061482636267942,0.047964690374362275,2.4410307489471466,0.1148,0.144,-1.7108416372199688,0.06666621411067505,2.14047149894773,0.1140
1787531864.470359,-1.8189107522537753,0.033526661842995846,2.118328642304118,-1.707559165596396,0.060608755355108936,2.233513334914226,0.1146,0.115,-1.701440191327732,0.049242735935584606,2.1529188927352956,0.1185
1787531864.5422246,-1.8183266729357936,0.03284070357039246,2.142529499320186,-1.6995193602996868,0.0606780190159593,2.026373525507056,0.1220,0.116,-1.6906688281052555,0.0691933330444785,1.9842318871230606,0.1327
1787531864.6866934,-1.8171806444825185,0.03174217811052836,2.3340501219837027,-1.695703653409918,0.06669207379206672,2.0227860598782925,0.1264,0.311,-1.6907783772583884,0.052330446189519375,2.3584209120039588,0.1281
1787531864.7590854,-1.8164694277318598,0.03168696748602535,2.357134236352087,-1.6914599374054116,0.05427212919778426,2.3545987131700707,0.1270,0.003,-1.690108299870199,0.05223119829575791,2.3858572423786963,0.1280
1787531864.827719,-1.815725131859725,0.03188783885411241,2.3236336821664008,-1.686844629133961,0.04065012856887211,2.512520122398112,0.1292,0.189,-1.6750113803840154,0.051854673502472734,2.3368230899465927,0.1421
1787531864.9741123,-1.8143965530186024,0.03193849650273442,2.1644837358037234,-1.6813914506289003,0.047796243364232174,2.4018206661295705,0.1339,0.237,-1.6726751399288837,0.05693349419453544,2.111728686761108,0.1439
1787531865.0427735,-1.8136679425147992,0.03139243038816491,2.1333950022419894,-1.6747851176167754,0.06351287024060827,1.9834335303315052,0.1425,0.150,-1.6754631495182397,0.06774600327741434,1.9178015638058639,0.1429
1787531865.1832075,-1.812059563042171,0.029526070995065202,2.1745466058814005,-1.674103669897655,0.06462545290595126,1.87241586913096,0.1424,0.302,-1.675034929532209,0.06175650356892567,1.8522414089455181,0.1408
1787531865.2581134,-1.8113506339352359,0.02843617577615179,2.3883167472051374,-1.674034300904531,0.058794189697509935,1.9552545392673386,0.1406,0.433,-1.6771886590208607,0.05604553258205084,2.0002977619074787,0.1370
1787531865.3317266,-1.8105543067952947,0.02786158474512542,2.4105991485370644,-1.6774575534441134,0.05168587702446949,2.193772149819769,0.1352,0.217,-1.684947065262337,0.048000532928698325,2.2557785331273714,0.1272
1787531865.4841177,-1.8088127867464858,0.02759469830896346,2.4205070572944156,-1.6817372702752906,0.051584744830624876,2.2564695743366454,0.1293,0.164,-1.6809989764685258,0.05768191220736483,2.2421968181196603,0.1313
1787531865.556122,-1.808004965673072,0.027754354294157374,2.259130557981196,-1.6761216831169363,0.06126847736101022,2.1839682285119966,0.1361,0.075,-1.6674883396084381,0.06383694174978616,2.141070075815454,0.1451
1787531865.6307359,-1.8072505077119636,0.027736632490629326,1.9767797791518358,-1.6745591810259433,0.0667172102173236,1.9283169969084941,0.1383,0.048,-1.6756664829763044,0.05609693194780923,1.7022066388800179,0.1346
1787531865.7712355,-1.8053018711510551,0.026849431115284733,1.99903289784816,-1.6750355058108326,0.059509018619927787,1.6611136960010837,0.1343,0.338,-1.6687254092479362,0.07201510749841859,1.5184215105058725,0.1439
1787531865.8418753,-1.804278872979872,0.026028740557127648,2.113441539829553,-1.6736127421211522,0.06291534664837853,1.5726165373971466,0.1358,0.541,-1.6755284740077316,0.06013835475196033,1.6134435954643684,0.1332
1787531865.9860637,-1.802798678794125,0.025813524726668372,2.1264192643028617,-1.673021673840115,0.04675394004970233,1.8526175237001885,0.1315,0.274,-1.675142529826739,0.041521920952953074,2.027407238330382,0.1286
1787531866.0499213,-1.8020577627723728,0.02609740831806018,2.11268204460243,-1.6738585012540494,0.04332035023039968,1.9973282244268564,0.1294,0.115,-1.675142529826739,0.041521920952953074,2.027407238330382,0.1278
1787531866.1215067,-1.8014630294268696,0.026503118893079596,2.103473555470634,-1.6730660259062933,0.05083373238368648,2.027190481899182,0.1307,0.076,-1.6722886930197813,0.05330038816406913,1.9905519218755354,0.1319
1787531866.2717614,-1.8005453325285508,0.02747000384103719,2.0808587122321747,-1.6761244706363734,0.05268094699477269,2.023597912097844,0.1269,0.057,-1.6778285799289199,0.05323518462838887,1.9980075989238177,0.1254
1787531866.3430305,-1.8002305232024782,0.028017350566630538,2.0696254465154698,-1.6763444855762257,0.06258821360073358,1.9442575901695236,0.1286,0.125,-1.6765229344512875,0.06795848055601869,1.862694153287225,0.1300
1787531866.4808614,-1.7998884482102413,0.029199493422211203,2.0418873014085905,-1.6803436706325037,0.056667209989799745,1.96441911188181,0.1227,0.077,-1.6893495623665529,0.04611909110555654,2.077452878626994,0.1118
1787531866.5494018,-1.799862484311469,0.02983266590935944,2.023128136609135,-1.6852126118871575,0.04462297002570108,2.081809180168424,0.1156,0.059,-1.6882167215230364,0.041737016961002994,2.1272022069782595,0.1123
1787531866.6194472,-1.7999330688648238,0.030495688908044598,2.000913132145615,-1.6842252174171113,0.05039636997582688,2.0901717178232144,0.1174,0.089,-1.6859451442245406,0.046845516086080286,2.099279895707785,0.1152
1787531866.7657573,-1.8004057564764513,0.03119463376604733,2.10287743970919,-1.684908267855041,0.04789210686906139,2.083597892340744,0.1167,0.019,-1.6724527241012508,0.053236785358743356,2.06629794624084,0.1298
1787531866.834876,-1.8007637448679743,0.03133742650331855,2.153254160526745,-1.6814382061545874,0.05205305248701348,2.1338578372485313,0.1211,0.019,-1.6798962853842652,0.05654796426008502,2.180985672304942,0.1235
1787531866.9764817,-1.801735555262221,0.031270461587633455,2.2505924188368454,-1.6808425282670645,0.05512266368045944,2.2005047723895608,0.1232,0.050,-1.668355100785724,0.04249492659445992,2.3331251171675205,0.1339
1787531867.0551023,-1.8023534506924723,0.031090846840810416,2.2971615911985985,-1.674659642978292,0.0490653784417386,2.306550631162406,0.1290,0.009,-1.671535576606726,0.05033136206297834,2.2882523765576464,0.1322
1787531867.1924157,-1.8029999972614867,0.030548704007202835,2.375343870803625,-1.676571968223774,0.0455966566416481,2.360938969350321,0.1273,0.014,-1.667285516425456,0.03650778586309163,2.5137504466519323,0.1358
1787531867.2606711,-1.803143040553576,0.03022412243809774,2.3819733306480093,-1.6733193939927513,0.039843671538488896,2.462686145557179,0.1302,0.081,-1.665242108709243,0.04650765617330242,2.4143980522323645,0.1389
1787531867.331416,-1.8032004143629246,0.02989349332318645,2.3887244172414266,-1.6665145763534475,0.03639283060961584,2.500261696153688,0.1368,0.112,-1.663438481263358,0.05074563851223297,2.3902850745545394,0.1413
1787531867.4714704,-1.803148546506653,0.029269474921492084,2.401552118141578,-1.6651847262345576,0.0458167409945765,2.4647250147218522,0.1390,0.063,-1.66157005184809,0.04570871186004727,2.4145860799724685,0.1425
1787531867.5393152,-1.8030893922912663,0.029125340464123895,2.4045380532792766,-1.662191031786076,0.050097887952014454,2.3672684763073413,0.1425,0.037,-1.6593579710812656,0.05234524973013877,2.3317501060197077,0.1456
1787531867.6785922,-1.8029580880445684,0.028984404244168392,2.407772397743234,-1.6600825070017344,0.05551468712726775,2.323610877603388,0.1453,0.084,-1.6629291956674586,0.06765506679858892,2.2003766756727936,0.1453
1787531867.7476807,-1.8028984947281095,0.028950299675313238,2.408741573980375,-1.6608251100887907,0.0629881164755014,2.269845340494621,0.1461,0.139,-1.6634518278295392,0.0468505485653074,2.3523526430910238,0.1406
1787531867.8894904,-1.802803049097362,0.02890883928191042,2.410220556574998,-1.6644762164922933,0.059152394611801856,2.2636322823255464,0.1416,0.147,-1.6638753026153636,0.0599278449047234,2.2465658101024704,0.1423
1787531867.9587111,-1.8027673782230653,0.028893396615378944,2.4108864892181665,-1.6642623553764295,0.05964933597418297,2.251191429567028,0.1419,0.160,-1.6730858452466975,0.06007234582143246,2.25086569435684,0.1334
1787531868.033516,-1.8027514830273756,0.02888505059637977,2.4185708343125256,-1.667288248773083,0.05723768886844638,2.250844333517103,0.1384,0.168,-1.6666714776720994,0.05563984941571274,2.2740490527780044,0.1387
1787531868.1742613,-1.8027491148060033,0.02887322571311968,2.4325795011577838,-1.6666935506518148,0.05688747406226844,2.283617960493075,0.1389,0.149,-1.6598454764289603,0.0523687204889264,2.3552112300380617,0.1448
1787531868.2423403,-1.802755245899356,0.028867864559085257,2.4389103832961516,-1.6653683847776974,0.05667057203600411,2.3101714847617463,0.1402,0.129,-1.6673183578406099,0.058034076517814864,2.290213389723345,0.1385
1787531868.3805518,-1.8027686579047868,0.028856767126343122,2.4501515781363223,-1.6632815968553563,0.05682873100205364,2.301645997615428,0.1423,0.149,-1.6643411530234187,0.05026265783812205,2.3584557799185975,0.1401
1787531868.4460187,-1.8027723312930264,0.0288509836887719,2.455124674400747,-1.663735098611476,0.05239002497344775,2.325936756768071,0.1410,0.129,-1.6643411530234187,0.05026265783812205,2.3584557799185975,0.1401
1787531868.5876036,-1.8027769169958845,0.028839365174617864,2.464026961303948,-1.658422488456598,0.05813440639601487,2.343153609463314,0.1473,0.121,-1.6546675679359288,0.056319950914113154,2.337166159259775,0.1506
1787531868.656562,-1.8027784824131143,0.028833723791535655,2.4680000497924968,-1.6570536261694147,0.056982874360028066,2.328734912159714,0.1484,0.139,-1.6608504445539094,0.04902422135177336,2.398525425125032,0.1434
1787531868.72694,-1.8027797944135109,0.028828288552311572,2.4716743108804917,-1.661383067040791,0.054485473966484246,2.3771569255385936,0.1437,0.095,-1.6615694913142858,0.059958029186510546,2.3166363497371214,0.1446
1787531868.8672445,-1.802781974598509,0.02881822409241551,2.4782301823175237,-1.661365491687764,0.05805689759469135,2.345591698985823,0.1444,0.133,-1.6587608796107753,0.06230170433045823,2.3064310999061863,0.1479
1787531868.9352837,-1.8027829233035995,0.028813654365093845,2.481144824521531,-1.662147242560251,0.05077550384351917,2.3548009085547865,0.1423,0.126,-1.665179242112617,0.055373097747273704,2.355425707713002,0.1401
1787531869.074027,-1.802784613651115,0.028805455383493116,2.486327673472631,-1.6631302026651344,0.05378233816356755,2.377746350884693,0.1419,0.109,-1.6590222985332612,0.05714508254939718,2.337520228425308,0.1465
1787531869.1486602,-1.8027853757633336,0.02880181899732179,2.4886263241756628,-1.661545964665354,0.056155929801620104,2.3535809955564533,0.1439,0.135,-1.6661024234621042,0.06030229195106312,2.3095560353115068,0.1403
1787531869.290042,-1.8027867436546094,0.028795396907770204,2.492706512065305,-1.6626510590919286,0.056834778048941804,2.3287593976908947,0.1429,0.164,-1.665287949585679,0.06465572148591359,2.2816393745211596,0.1421
1787531869.367188,-1.8027873570920998,0.02879258182414864,2.4945085920492955,-1.6634362624699073,0.062008824443686134,2.32048553881168,0.1433,0.174,-1.6633184313621625,0.06088859346376122,2.2867197390046448,0.1431
1787531869.4513173,-1.8027879319181124,0.028790012152927497,2.4961756052797623,-1.6656102902277408,0.05841335419143577,2.3301940489508346,0.1403,0.166,-1.669522520813658,0.05693680633538575,2.3548874417395957,0.1362
1787531869.5245214,-1.8027884575402355,0.028787657574951924,2.4977130161448713,-1.664447849181832,0.05757826155607468,2.3605126734036728,0.1413,0.137,-1.6642515034633831,0.055170480682746124,2.3853976135481054,0.1410
1787531869.6626294,-1.8027894058265794,0.02878356943627183,2.5004341098415623,-1.664409055607105,0.05597232341085144,2.3732297145791135,0.1410,0.127,-1.6660893843617939,0.059338449521735996,2.318112293332134,0.1401
1787531869.7375813,-1.8027898254016663,0.02878179486579269,2.5016451391138026,-1.6626020694115298,0.06172611864634239,2.3224408783094757,0.1440,0.179,-1.6587731643878076,0.06326045157360245,2.2979112734729683,0.1481
1787531869.8744707,-1.8027905743808224,0.02877873064116364,2.5037781793573304,-1.6626086215056928,0.06173561609147873,2.322323778279042,0.1440,0.181,-1.6587731643878076,0.06326045157360245,2.2979112734729683,0.1481
1787531869.960383,-1.8027912096182677,0.028776215743807364,2.5055964377582063,-1.6626239291357174,0.061744518868115425,2.322206611132415,0.1440,0.183,-1.6586825727742442,0.056549192756626766,2.3575511973869867,0.1468
1787531870.053335,-1.8027917487514615,0.028774170194185107,2.507143206861617,-1.6606845569637667,0.05747767485250459,2.3441541336983764,0.1450,0.163,-1.6586825727742442,0.056549192756626766,2.3575511973869867,0.1468
1787531870.159402,-1.802792208787519,0.028772482998169445,2.5084391948638154,-1.6606968550195185,0.05745349326117204,2.3443260848087153,0.1450,0.164,-1.6592140280166248,0.051715869605277846,2.4265635975983244,0.1454
1787531870.2205899,-1.80279240976824,0.02877173184458646,2.509010982317612,-1.6615747528226594,0.052449921264811426,2.407906735270268,0.1432,0.101,-1.654059502424095,0.04627193698487441,2.4634324759975392,0.1498
1787531870.3068593,-1.8027925941055314,0.028771030660021537,2.5095201404277834,-1.6605202094725613,0.04678932291046371,2.4552820581237165,0.1434,0.054,-1.6591984601973042,0.050756749511861564,2.4350858110877827,0.1453
1787531870.4723244,-1.802792920848686,0.02876976498989636,2.5104140508603487,-1.6597713809481194,0.05118504269798684,2.440993148752363,0.1448,0.069,-1.6592293371957214,0.05267498746304517,2.418041448101022,0.1455
1787531870.5497892,-1.8027930678420907,0.028769195040367204,2.510800109054584,-1.6597834337024184,0.051187724480829734,2.4414390726906774,0.1448,0.069,-1.6522317360765593,0.0548130805546895,2.3872568055705243,0.1528
1787531870.6291711,-1.8027931953597214,0.02876865249473483,2.5111495598159883,-1.6562498459725288,0.05771217667126818,2.3714523092961657,0.1494,0.140,-1.6601808742569042,0.058895546249955716,2.351864467135333,0.1458
1787531870.7696424,-1.8027934325118407,0.028767678981815953,2.511750734666559,-1.6576789858710868,0.05844559361456108,2.3579409950378833,0.1481,0.154,-1.6586825729431092,0.056549192762618855,2.3575511966382368,0.1468
1787531870.8455107,-1.8027935384600462,0.028767240599412647,2.512034851334336,-1.6580993226738965,0.05706911396993959,2.3497668748388385,0.1474,0.162,-1.6547755393432586,0.05833300390615254,2.341312273364879,0.1509
1787531870.9838827,-1.8027937320398457,0.028766459652608323,2.51254808809865,-1.6579885976712014,0.052012214849748585,2.389211801647626,0.1467,0.123,-1.659302011483288,0.05747054109405286,2.375431666567382,0.1463
1787531871.0520697,-1.8027938150392333,0.02876610714383602,2.5127942196471635,-1.658367604346164,0.05564374626933237,2.401944748764942,0.1469,0.111,-1.6592140277139893,0.05171586959588101,2.426563597012321,0.1454
1787531871.1227863,-1.8027938955701621,0.02876578780216915,2.5130297439953155,-1.6587328789442772,0.05289515708278838,2.4086671097580408,0.1461,0.104,-1.6561285404383894,0.052063382310248936,2.4121406990442966,0.1485
1787531871.263408,-1.8027940349040281,0.02876521133421971,2.513470744887505,-1.6576575489252552,0.0523050185235144,2.409040876380009,0.1470,0.104,-1.6560972702139993,0.05014919053986613,2.4291582702683394,0.1482
1787531871.3335505,-1.8027940958435298,0.028764951508892907,2.5136685962574847,-1.6560478150060007,0.05310088336936931,2.4305098807423113,0.1488,0.083,-1.6544540118556108,0.054011727714197356,2.4166371154116733,0.1505
1787531871.47396,-1.802794203037756,0.028764483244502505,2.5140484018005522,-1.6564729060479526,0.05336368846760279,2.4132575970419246,0.1484,0.101,-1.6611747968281754,0.05081172058090264,2.434805587782579,0.1433
1787531871.5449672,-1.8027942529258545,0.028764275682463213,2.514222967708992,-1.6578223125713802,0.0479841730626081,2.446563911547758,0.1462,0.068,-1.6571426524822734,0.045912879118412665,2.4779318408581337,0.1467
1787531871.6850326,-1.8027943363541337,0.02876388814986024,2.514543245450635,-1.6589764528979378,0.049843096724398725,2.4484393034198644,0.1454,0.066,-1.660125032945528,0.05505655641126651,2.3859717691804962,0.1451
1787531871.757231,-1.8027943741280175,0.02876371047505007,2.5146831310451163,-1.6593357958346566,0.05343107663795739,2.41075371212841,0.1456,0.104,-1.6591826345329432,0.04979762727549193,2.4436080885490417,0.1451
1787531871.828857,-1.8027944096842174,0.02876354334305971,2.5148292515982624,-1.6595964762632107,0.04927746082976131,2.4313443579806635,0.1447,0.083,-1.6612642319270876,0.05657441535440672,2.383617976463078,0.1442
1787531871.9690614,-1.802794476884,0.028763235429478527,2.5150768808924213,-1.6600714422398055,0.05404749082564475,2.4209772108508756,0.1449,0.094,-1.6593020113843728,0.057470541090569476,2.375431666299515,0.1463
1787531872.037478,-1.802794505904133,0.0287630896009402,2.5151980697845535,-1.6584608466998871,0.05667974281973695,2.3734766283609767,0.1470,0.142,-1.6562018132745124,0.05684881147006765,2.3695979264850915,0.1493
1787531872.1812463,-1.8027945597396255,0.028762827000299557,2.5154259224232325,-1.6578309378149352,0.05506765936195509,2.374325571094656,0.1473,0.141,-1.6578288221344433,0.05377435419402988,2.403679019908701,0.1471
1787531872.2487817,-1.8027945845987712,0.02876270985221428,2.5155323038262885,-1.6578472771812913,0.05425100876020721,2.3959443024497804,0.1472,0.120,-1.6578288221344433,0.05377435419402988,2.403679019908701,0.1471
1787531872.3831286,-1.802794627301022,0.028762496530632325,2.515745146422451,-1.6569831985865855,0.052467590775635155,2.40950423770247,0.1477,0.106,-1.6591782580529062,0.054492045121615255,2.3798570400296004,0.1459
1787531872.453154,-1.802794646015387,0.02876239997680641,2.5158413451207946,-1.657805441625206,0.05379693252560109,2.390191413159291,0.1471,0.126,-1.6552040271930346,0.0524589237713257,2.397496086693561,0.1495
1787531872.5292397,-1.8027946645785093,0.028762313681708337,2.5159388629268262,-1.6560120505928368,0.05240986615754134,2.406374130102107,0.1487,0.110,-1.654343368436636,0.05199902507951132,2.4124967784771103,0.1503
1787531872.6721013,-1.80279469542024,0.028762155816556285,2.516133995411612,-1.656465569490143,0.05321892242467465,2.414696417157757,0.1484,0.101,-1.6585916661527795,0.04847994325679176,2.4399071606384997,0.1455
1787531872.7405005,-1.8027947080665374,0.02876208400925972,2.516231502780956,-1.6577063786179818,0.05157073751977065,2.41654734853583,0.1469,0.100,-1.658087746199252,0.05116186878156703,2.4203648909700886,0.1464
1787531872.8819258,-1.8027947331476988,0.028761956127961976,2.516404402475371,-1.6578480196907228,0.05129515774524924,2.4182563768115615,0.1467,0.098,-1.6586238502335484,0.05039762978019223,2.4228641481501993,0.1458
1787531872.9506726,-1.8027947439486298,0.028761899842085634,2.516499129464448,-1.6580986931579524,0.05227517143927893,2.415355020527459,0.1466,0.101,-1.6581183187833342,0.05307871784345947,2.4033290436071275,0.1467
1787531873.0866134,-1.802794762998985,0.02876179862501377,2.5166692507260593,-1.6577876962151015,0.049910399445732175,2.4133118746198066,0.1465,0.103,-1.6616786250222457,0.05187290389157313,2.39889404483487,0.1430
1787531873.1552374,-1.8027947714198331,0.028761753298152243,2.516744886447593,-1.65907794991008,0.05055055053444919,2.4239236504570627,0.1454,0.093,-1.658955167727688,0.050199515342595605,2.429501085080102,0.1454
1787531873.2280054,-1.802794780472247,0.028761714848825233,2.516821814932615,-1.658028834517944,0.050665729125729315,2.436221298385742,0.1464,0.081,-1.6561267995407052,0.05064312633229122,2.436262547012031,0.1483
1787531873.3711522,-1.8027947947305671,0.028761644076854123,2.5169760115043256,-1.6578423429255187,0.04953468069294622,2.4363147658524853,0.1464,0.081,-1.6565846060784752,0.051360160765357064,2.411832533444716,0.1479
1787531873.4565845,-1.8027948001324248,0.028761611616057014,2.5170532282031535,-1.6582472956690837,0.052197202395107056,2.4164201894902915,0.1464,0.101,-1.6600956790800954,0.0531370505763023,2.4030257849812493,0.1448
1787531873.532848,-1.80279480686606,0.028761585567410722,2.5171224986273315,-1.6590919165153457,0.05060987428837261,2.406040438261905,0.1454,0.111,-1.6592140279918999,0.05171586960448586,2.4265635965576675,0.1454
1787531873.6757843,-1.8027948177582038,0.028761539227691583,2.5172614327071994,-1.6591244629388169,0.05140736649475246,2.4305604362778834,0.1454,0.087,-1.6592293371189704,0.052674987461711814,2.418041447337212,0.1455
1787531873.743256,-1.8027948224941164,0.028761518982658957,2.5173221774218426,-1.6589446983511509,0.05316255219437947,2.3916367739705877,0.1459,0.126,-1.660621902865174,0.05141393042073576,2.4140086539561043,0.1440
1787531873.8807771,-1.8027948309619093,0.028761487025014666,2.517450315506869,-1.6595409560710592,0.05204613524558667,2.4038645506821177,0.1451,0.114,-1.6617741031750957,0.05293498530287428,2.411499617095652,0.1431
1787531873.9543557,-1.802794835871505,0.028761476659710662,2.517508848137934,-1.6603161854560586,0.052625306495093976,2.41531970727477,0.1445,0.102,-1.6588664797419457,0.05327513847557038,2.3970806202669146,0.1460
1787531874.026611,-1.802794838697929,0.028761464952966033,2.5175713718385975,-1.6606311812627772,0.05081074819797481,2.408272502094081,0.1439,0.109,-1.6598370999263896,0.055754131418937626,2.386271190151873,0.1455
1787531874.164937,-1.8027948451705318,0.028761450775784885,2.5176855747224294,-1.6602902443861063,0.05396591579107464,2.412814292545216,0.1447,0.105,-1.6593032637854817,0.05493402165395608,2.3895424768506244,0.1459
1787531874.2400239,-1.8027948488773444,0.02876144826286928,2.517737373524035,-1.6597011416208287,0.05356115529605366,2.3985183717824623,0.1452,0.119,-1.6593177266554058,0.0558932236131071,2.3810186797687503,0.1460
1787531874.3818243,-1.802794852920024,0.028761443097353134,2.5178387452530213,-1.6595427136228453,0.054992770410547225,2.3945248771624827,0.1456,0.123,-1.6598225350558877,0.05479459861130873,2.3947966083117107,0.1453
1787531874.452118,-1.8027948566503567,0.028761444518001496,2.51788638732868,-1.6596466948734647,0.05485349813123708,2.393869562865876,0.1455,0.124,-1.65922719326819,0.05013798290405446,2.4321623686872913,0.1452
1787531874.5887368,-1.8027948573911416,0.02876144689773147,2.5179826637234015,-1.6599338108508201,0.053782260669230246,2.4101086500646636,0.1450,0.108,-1.6607065018159812,0.05479435370551864,2.3953739258622253,0.1445
1787531874.6613228,-1.802794855748903,0.028761448748336072,2.518031230309259,-1.6599382350509704,0.05378382593586201,2.41019367067591,0.1450,0.108,-1.6596640024478035,0.059030464274385026,2.346728416904921,0.1463
1787531874.7337506,-1.8027948553029867,0.028761454845354237,2.5180737089091667,-1.659796807980307,0.054116617312766145,2.387148538908986,0.1452,0.131,-1.6597771732908353,0.0519159832381991,2.4203732570141794,0.1449
1787531874.8861344,-1.802794858332939,0.028761458223137876,2.5181611305816927,-1.6594396650265457,0.05487747966911392,2.384997481078124,0.1457,0.133,-1.6665995003559104,0.052551008329293124,2.404446258500673,0.1383
1787531874.9621472,-1.8027948616139524,0.028761459838839393,2.5181971588069927,-1.6610719098825213,0.05460788244182246,2.390033234820334,0.1441,0.128,-1.6596085629579043,0.055192791760446634,2.3808292554926753,0.1456
1787531875.0335054,-1.8027948646805427,0.028761465099176636,2.518242542478696,-1.6605330533726828,0.055015929686559224,2.383923553667468,0.1447,0.134,-1.6596085627627426,0.05519279175414473,2.380829255518078,0.1456
1787531875.1722298,-1.802794872976613,0.028761473023357364,2.518317141171195,-1.661584570808814,0.05367549595565159,2.3969806887158307,0.1434,0.121,-1.660065175090612,0.05121753178931337,2.4200800737172368,0.1445
1787531875.240645,-1.8027948749744633,0.02876148213958688,2.5183550156514034,-1.660507492466435,0.0542671658232466,2.3951510445089523,0.1446,0.123,-1.65960856274464,0.05519279175277039,2.380829255538367,0.1456
1787531875.3892097,-1.802794878001459,0.028761496895168607,2.5184307654766696,-1.6586170092750043,0.05448300103954926,2.402452913328468,0.1465,0.116,-1.6612499926318853,0.055613972968472064,2.3921490802891636,0.1441
1787531875.4617786,-1.8027948792266806,0.028761503783981127,2.5184680814756613,-1.6601465034950187,0.053839245799633784,2.394694088597572,0.1448,0.124,-1.661249915388055,0.053076508780095726,2.406193951474592,0.1436
1787531875.5319371,-1.802794882017479,0.028761510993753233,2.5185044694345833,-1.660566240500581,0.053303133345665166,2.4024257360153642,0.1443,0.116,-1.6640577532457517,0.05325394961553053,2.40241855091662,0.1409
1787531875.6747854,-1.8027948859224021,0.028761523971284692,2.518576198686838,-1.661780154273925,0.05322927907022621,2.4020166371135088,0.1431,0.117,-1.6614762783425105,0.04852994713420271,2.4402024115477268,0.1427
1787531875.7453892,-1.8027948875361377,0.028761531570969858,2.518605915558366,-1.6617234939331649,0.050201074117026304,2.415163059441881,0.1427,0.103,-1.6566746005767357,0.048926224529943975,2.4471723095869575,0.1475
1787531875.8887389,-1.8027948931252424,0.02876154614175138,2.5186750363173704,-1.6602565612913949,0.05166732342816137,2.427153120085573,0.1444,0.092,-1.6612795410336305,0.0549975881913463,2.389127744571483,0.1439
1787531875.9594977,-1.8027948923265515,0.028761556794255627,2.5187087397011907,-1.6605656152903638,0.053806392081173986,2.4071609163578223,0.1444,0.112,-1.6606148218343335,0.04903366490664416,2.4465522193393685,0.1436
1787531876.029043,-1.802794893069492,0.028761565866242955,2.518742323373631,-1.6606444303641805,0.049585443508214866,2.4379713141807824,0.1437,0.081,-1.6620603671604912,0.05223436472704681,2.4112586355944696,0.1427
1787531876.174138,-1.8027948945411472,0.028761581810328837,2.5188083624193154,-1.6611062147492974,0.051273713472600436,2.425551348270908,0.1435,0.093,-1.6605821521940183,0.04711341644484729,2.463612173238204,0.1434
1787531876.2465384,-1.8027948949138166,0.028761589323561796,2.5188408142979566,-1.6610093389435596,0.050087952543101784,2.4391179412414905,0.1434,0.080,-1.6612192539572235,0.05115542060137262,2.42326040802754,0.1433
1787531876.388914,-1.8027948968626455,0.028761605731590128,2.5189041729766104,-1.661041901821438,0.05264456022021379,2.41885829849777,0.1438,0.100,-1.6585864192367277,0.048639603018494876,2.4582883911413793,0.1456
1787531876.4653966,-1.8027948992679101,0.028761613453803563,2.5189309160451696,-1.6601505575886784,0.04986696320532027,2.4400942980412976,0.1442,0.079,-1.6612206205099675,0.05369307681775197,2.4092114995952856,0.1438
1787531876.5393229,-1.8027949001073265,0.028761624617505175,2.5189617073583435,-1.6609354271440004,0.05149913787410085,2.4213523336750242,0.1437,0.098,-1.6606463387542425,0.05095390128918926,2.4294925427679943,0.1439
1787531876.6808472,-1.802794900798071,0.028761642674686685,2.5190226235235538,-1.6608409303454132,0.05114860156138857,2.4265268564280658,0.1437,0.092,-1.6617587986305162,0.051974107835345285,2.4200344611540294,0.1429
1787531876.7536175,-1.8027949009796194,0.028761650610553507,2.519052568594666,-1.6606871117390678,0.052452094553213736,2.4185957855591385,0.1441,0.100,-1.6597926298819285,0.052875526310732786,2.411847631940022,0.1450
1787531876.8259912,-1.8027949026494479,0.028761658138316343,2.5190822329397107,-1.6604622998574787,0.052913394232407755,2.406764065782935,0.1444,0.112,-1.6637273176863212,0.05107009144930361,2.4282395453390357,0.1408
1787531876.9646313,-1.8027949046286784,0.028761674308618257,2.51914004400512,-1.6616210343555147,0.05169853708379863,2.4178943994714293,0.1430,0.101,-1.6606307683542922,0.04999378601904595,2.438022339167991,0.1437
1787531877.0347104,-1.8027949057183599,0.02876168239142853,2.5191686394667427,-1.6612981177126753,0.050618051633025914,2.428672623667937,0.1432,0.090,-1.661249915336328,0.05307650877974682,2.406193951448569,0.1436
1787531877.184111,-1.8027949030967607,0.028761702395988468,2.5192246643465444,-1.6601651971997236,0.05314670313924515,2.4173647300612,0.1447,0.102,-1.6572997255500777,0.052954802803013436,2.406986195489189,0.1475
1787531877.257144,-1.8027949017838616,0.028761710065946782,2.51924807735443,-1.659081909028328,0.053036820934218264,2.4065520173719936,0.1457,0.113,-1.6625393493964944,0.04620312042558634,2.4718594311274575,0.1413
1787531877.3898995,-1.8027948995460563,0.02876172472839902,2.519302523283659,-1.6603821352290649,0.0485177311279651,2.4362056839505577,0.1438,0.083,-1.6625393493964944,0.04620312042558634,2.4718594311274575,0.1413
1787531877.4628,-1.8027949000632486,0.028761731586751937,2.5193293110363024,-1.6604641695450986,0.05038323179377635,2.437974262473881,0.1440,0.081,-1.6581032777747349,0.0521202980296926,2.4118469193285454,0.1466
1787531877.5357623,-1.8027948990160474,0.028761739863377166,2.5193553234949304,-1.6594762035414474,0.050377790679759185,2.4347449520754383,0.1449,0.085,-1.660049418780939,0.05025776567159629,2.428607328907061,0.1444
1787531877.6766915,-1.8027948972697,0.028761757785248154,2.5194070457884616,-1.6596812427775463,0.05028146630226967,2.428315090505691,0.1447,0.091,-1.6556094666127514,0.05473998861866012,2.3925827747027157,0.1495
1787531877.7453692,-1.8027948975482024,0.02876176438748419,2.5194326284866726,-1.6585642301179893,0.05307786289572494,2.4057001038786945,0.1463,0.114,-1.6592735636320808,0.053015611010621716,2.406590256579739,0.1456
1787531877.8898091,-1.80279489635999,0.028761778488404287,2.5194784132664876,-1.659699688987002,0.05232695878749157,2.413873912848505,0.1450,0.106,-1.6595792933093212,0.05327394070262416,2.3978800533260256,0.1453
1787531877.9653165,-1.8027948956419837,0.02876178666317453,2.519506636271499,-1.6596427599477919,0.05297386480674235,2.402611026216775,0.1452,0.117,-1.6600650583400693,0.051217528210983104,2.42008008938174,0.1445
1787531878.0372355,-1.8027948958865485,0.0287617929408961,2.51952701872994,-1.6605860779994825,0.05085367944189716,2.4195728023608596,0.1439,0.100,-1.659729720338873,0.049037356948197705,2.445950429260078,0.1445
1787531878.1773775,-1.8027948936924652,0.028761809121864955,2.5195747546382243,-1.660307556017005,0.04968528401192777,2.4360084123505605,0.1440,0.084,-1.6567519788083807,0.05371350818477671,2.404615416499029,0.1482
1787531878.2489629,-1.8027948941633694,0.02876181537197753,2.5195983495701957,-1.658954443705439,0.052460526260392035,2.424260224502075,0.1458,0.095,-1.657240122468565,0.05165963698716567,2.426852817853564,0.1473
1787531878.390577,-1.8027948950878372,0.028761832299789437,2.5196440128844815,-1.6592990258303044,0.050041478242152576,2.4339291066363806,0.1451,0.086,-1.6572244045462232,0.05070184548998287,2.4353658434576935,0.1472
1787531878.4606218,-1.8027948943177596,0.028761840610754378,2.519666312482014,-1.6585426368199092,0.0505216937433072,2.438385774688087,0.1459,0.081,-1.6600719876784502,0.05171199605449745,2.4271765852800176,0.1446
1787531878.53256,-1.8027948939150364,0.028761849931328833,2.519688581859332,-1.6598508873814446,0.04900838404036867,2.4436999906407983,0.1444,0.076,-1.6611266433703138,0.04793034443459198,2.4604002596892003,0.1430
1787531878.6746085,-1.8027948948508747,0.028761865512701965,2.5197287448962804,-1.6588554854163662,0.050841827129485866,2.439679547077037,0.1456,0.080,-1.6572401225629536,0.05165963699031398,2.4268528178369833,0.1473
1787531878.748148,-1.8027948956976347,0.028761872726671973,2.5197537625325364,-1.6588559617095773,0.050844631919667864,2.4397606091825472,0.1456,0.080,-1.6571925460458197,0.04878626687210158,2.452392040795688,0.1470
1787531878.888523,-1.8027948949761186,0.028761885848131774,2.5197959852622933,-1.6593125337113763,0.04707971842193957,2.460643943410453,0.1446,0.059,-1.661093363994572,0.04600942000029419,2.4774636871395392,0.1427
1787531878.9618993,-1.8027948951301977,0.028761896940050196,2.519812882334637,-1.6593158931761176,0.04706941758810862,2.4608490188825187,0.1446,0.059,-1.661264857625948,0.05403704961402323,2.397660816838879,0.1438
1787531879.0306888,-1.8027948952715833,0.028761904388963044,2.5198371168649,-1.6607052646075562,0.0508338417036361,2.4251573404587985,0.1438,0.095,-1.66054143450875,0.047730103501959505,2.4666031639593706,0.1435
