t,gt_x,gt_y,gt_yaw,ekf_x,ekf_y,ekf_yaw,ekf_err,ekf_yaw_err,fix_x,fix_y,fix_yaw,fix_err
1787536579.573952,-2.4638556994321466,1.3335865952334423e-06,-2.8110346163023824e-05,-2.5187698881802443,-0.006740389680299687,0.11790117069567592,0.0553,0.118,,,,
1787536579.650743,-2.4633641472459407,1.3207047391144988e-06,-2.8331042129403014e-05,-2.518769063541729,-0.0067391166215480655,0.11790294890787079,0.0558,0.118,,,,
1787536579.8016453,-2.4625861722431353,1.3088437430848346e-06,-2.9288336408299866e-05,-2.5187696919691476,-0.0067397403520545835,0.11790216302652287,0.0566,0.118,,,,
1787536579.8810275,-2.462298272687417,1.3069080711397302e-06,-2.9623292059546585e-05,-2.6778194357359215,-0.006641484546361593,0.12527738835991797,0.2156,0.125,,,,
1787536579.9601176,-2.4620769913106666,1.3066370290097467e-06,-3.041183002389467e-05,-2.6778728035056623,-0.00664103347101056,0.12527815517249202,0.2159,0.125,,,,
1787536580.1008523,-2.4618327205199835,1.309708683155952e-06,-3.131000624169005e-05,-2.677909753169731,-0.006640383415356774,0.12527918092995088,0.2162,0.125,,,,
1787536580.1808317,-2.461809266971983,1.3120905676900158e-06,-3.138757462898457e-05,-2.790161150089937,0.014139436937563622,-0.608205506263661,0.3287,0.608,,,,
1787536580.2572901,-2.461851503031997,1.3145735339555248e-06,-3.139342752706598e-05,-2.790267828496867,0.014157943300818902,-0.6112833994741792,0.3287,0.611,,,,
1787536580.4007728,-2.4621335134104463,1.320034737883896e-06,-3.165575703499816e-05,-2.790277093022935,0.01415120660555563,-0.6120582702374651,0.3284,0.612,,,,
1787536580.4704134,-2.4623738407668707,1.3215862988666437e-06,-3.1477906719227814e-05,-2.7903153756229715,0.014157699844025247,-0.6137064086120535,0.3282,0.614,,,,
1787536580.5709422,-2.4626809651996835,1.3224789338134508e-06,-3.1108027143345596e-05,-2.7902934105998276,0.014151558775983116,-0.6130260350485102,0.3279,0.613,,,,
1787536580.7242625,-2.4634981245463234,1.3239826305287174e-06,-3.066849593865787e-05,-2.7903393484303924,0.014159171900091682,-0.614833509998522,0.3271,0.615,,,,
1787536580.7851186,-2.4640097438057817,1.3231918028315797e-06,-3.054443570273626e-05,-2.790321011901354,0.014154888732239992,-0.6143092045134348,0.3266,0.614,,,,
1787536580.923171,-2.4652440040881762,1.3218767632452132e-06,-2.895762504446063e-05,-2.7903529404451906,0.014160106776816235,-0.615341496774512,0.3254,0.615,,,,
1787536581.001211,-2.465969018721881,1.3209629608395884e-06,-2.8510053107568632e-05,-3.6558350936122004,0.13250545308103828,-1.7892841275696911,1.1972,1.789,,,,
1787536581.0820265,-2.466767761448274,1.3185830366378118e-06,-2.752011658836216e-05,-3.656846797919932,0.132460201149852,-1.7695586041235123,1.1974,1.770,,,,
1787536581.1614323,-2.4676417545165945,1.315708699499798e-06,-2.636570475336154e-05,-3.751958920879,-0.3643974513864592,5.672636094746072,1.3350,5.673,,,,
1787536581.3115854,-2.4696222609539102,1.3102155561658794e-06,-2.4349611831709577e-05,-3.7524298668912577,-0.36485057728319714,5.710215284343839,1.3337,5.710,,,,
1787536581.3747282,-2.4707325021896263,1.3074402297943565e-06,-2.2906405210429417e-05,-3.7004012533308392,-0.38919436566833837,6.287536176218701,1.2898,6.288,,,,
1787536581.508639,-2.4732033160084494,1.2992471922482402e-06,-2.0328471428764762e-05,-3.615489866451326,-0.40799472127052744,6.907230204984832,1.2130,6.907,,,,
1787536581.5801768,-2.474568446858973,1.2949602892148098e-06,-1.8605453048316025e-05,-3.5247565351906647,-0.42055726319670844,7.443586229880137,1.1313,7.444,,,,
1787536581.7152348,-2.477570591930682,1.2837175556598365e-06,-1.539426713246894e-05,-3.4305199298621676,-0.4257125102228634,7.8979172971809515,1.0437,7.898,,,,
1787536581.7822022,-2.479212993331566,1.2779791839201665e-06,-1.3392477112160379e-05,-3.430440951237738,-0.42572175733302253,7.90287623497891,1.0421,7.903,-2.548841780568399,-0.003957077859271092,0.060298786486193016,0.0697
1787536581.914049,-2.4815633627787417,1.6151601834557777e-06,-1.5077322184314351e-05,-3.039949852633825,-0.06363083094118371,0.9096448387092277,0.5620,0.910,-2.548841780568399,-0.003957077859271092,0.060298786486193016,0.0674
1787536581.9715085,-2.4825461523908454,1.6521128500513967e-06,-1.3925862716183544e-05,-3.0393034493115905,-0.06330473024881723,0.9101844322976939,0.5603,0.910,-2.513819232998486,0.0011840875807528537,-0.003090257016462195,0.0313
1787536582.0872564,-2.484083517526118,1.6147371524295533e-06,-9.526990247022061e-06,-2.802923913377199,-0.014155612690405245,0.21999875578040418,0.3192,0.220,-2.513819232998486,0.0011840875807528537,-0.003090257016462195,0.0298
1787536582.1964307,-2.485052383309134,1.5191088701345975e-06,-6.054483381002552e-06,-2.8020757610314853,-0.013824719082299113,0.18163484868426208,0.3173,0.182,-2.513819232998486,0.0011840875807528537,-0.003090257016462195,0.0288
1787536582.2658706,-2.485324657773217,1.4694086866418293e-06,-4.367536819804791e-06,-2.56436761719837,-0.013150239103139115,0.22353444287859195,0.0801,0.224,-2.4726486968288635,-0.012354355137794612,0.2160457370214699,0.0177
1787536582.413422,-2.4854458267893884,1.3842738785999195e-06,-2.478210276112269e-06,-2.5639714681210495,-0.013122746019039852,0.21217222046676357,0.0796,0.212,-2.438116013598068,-0.0008769937167305685,-0.013813777083528033,0.0473
1787536582.4844794,-2.485294626483046,1.3514312880786499e-06,-1.6524929628924997e-06,-2.493543697947129,-0.004846793815825428,0.042071010759529744,0.0096,0.042,-2.4334441100309476,0.0012431003345967887,-0.10196103632570826,0.0519
1787536582.619497,-2.484567143753419,1.3047846947101562e-06,-1.3695306239034295e-06,-2.4593184154084438,-0.0016005399538257304,-0.04876743671975658,0.0253,0.049,-2.4334441100309476,0.0012431003345967887,-0.10196103632570826,0.0511
1787536582.6916564,-2.4839897276362315,1.2894632799877713e-06,-1.2728572473174145e-06,-2.44398610665401,0.0054762847069395005,-0.15636734130341576,0.0404,0.156,-2.4343848917984157,0.008092349461261968,-0.1974430129183237,0.0503
1787536582.765875,-2.4832688089724226,1.2781142636559477e-06,-2.0176167171292377e-06,-2.4438312069037575,0.0054933027243858025,-0.16387780359253595,0.0398,0.164,-2.3948909138074748,0.0031233553169477744,-0.1463014172295679,0.0884
1787536582.9147377,-2.4813922485612667,1.2642665462743983e-06,-2.8811493947970932e-06,-2.4157310130136747,0.0038992252992887263,-0.15616771201156524,0.0658,0.156,-2.3948909138074748,0.0031233553169477744,-0.1463014172295679,0.0866
1787536582.990963,-2.480234072681383,1.25940513636457e-06,-4.218347348000015e-06,-2.4331870376796405,-0.0010186298956229097,0.005250103193983053,0.0471,0.005,-2.447228660318341,-0.0031194217934605254,0.034937154270216327,0.0332
1787536583.108793,-2.477470384709348,1.2503960220130647e-06,-6.133026625215256e-06,-2.4331288738969596,-0.0010399452908722289,0.003335446629855527,0.0444,0.003,-2.447228660318341,-0.0031194217934605254,0.034937154270216327,0.0304
1787536583.1930063,-2.475109437569844,1.5726335464082651e-06,-1.733211871019647e-05,-2.433041969742539,-0.0010641630670865736,0.0016979044027515054,0.0421,0.002,-2.447228660318341,-0.0031194217934605254,0.034937154270216327,0.0281
1787536583.2578003,-2.4740639025926425,0.00036315355048741396,-0.0038888744542192933,-2.45264369572087,0.0038764309349826652,0.018041597666338498,0.0217,0.022,-2.463741205928563,0.005867716866859559,-0.07765796778801856,0.0117
1787536583.4225788,-2.472448798226828,0.0013743967266421474,-0.10006556948045757,-2.470730829725476,0.004765344504337748,-0.06721547935630767,0.0038,0.033,-2.510638214219113,0.005407176350872949,-0.07670156256922563,0.0384
1787536583.5084405,-2.4716865327961757,0.0015841929546972712,-0.20471930291442197,-2.4926642390761304,0.002966664041160584,-0.03240621944590227,0.0210,0.172,-2.5467157163484537,0.0016351815272401004,-0.012819774272961697,0.0750
1787536583.5929768,-2.4708587657108256,0.0013846102916153903,-0.3388334373541906,-2.5139816418806404,0.0012432213936401594,-0.021216696361199227,0.0431,0.318,-2.553571030106142,0.0004784303066724645,-0.010655767456634256,0.0827
1787536583.6752465,-2.4700485642074095,0.0009547495139577513,-0.42232231749444743,-2.5756303703931387,-0.013636907146323412,0.23726845796333254,0.1066,0.660,-2.584465849344522,-0.01405270396957496,0.21155460731444656,0.1154
1787536583.811107,-2.4685699932856,0.00034897770513283644,-0.2788079620566618,-2.5751916046390364,-0.014035612093085952,0.24786212213935938,0.1076,0.527,-2.584465849344522,-0.01405270396957496,0.21155460731444656,0.1168
1787536583.8761582,-2.468269853709777,0.00036147803008036803,0.2587127443650797,-2.575296167315324,-0.014078469643877064,0.2495440241892259,0.1080,0.009,-2.584465849344522,-0.01405270396957496,0.21155460731444656,0.1171
1787536583.9496303,-2.468091322137723,0.0005997947522220748,0.8155654294106296,-2.575525755393895,-0.014135174096496025,0.25194885445151416,0.1084,0.564,-2.584465849344522,-0.01405270396957496,0.21155460731444656,0.1173
1787536584.10019,-2.4678955806846807,0.001125799509084064,1.459221696476322,-2.575550921865881,-0.014141597595470082,0.2522003029438708,0.1087,1.207,-2.584465849344522,-0.01405270396957496,0.21155460731444656,0.1176
1787536584.1807337,-2.4677006552356793,0.0010210218742099401,1.7201072751734545,-2.57556223315834,-0.014146123083764095,0.2524731713093744,0.1089,1.468,-2.584465849344522,-0.01405270396957496,0.21155460731444656,0.1177
1787536584.2611375,-2.4674511515454363,0.0005479026751722112,1.9246128827200994,-2.575563619491605,-0.014149090793351197,0.2526872755259291,0.1091,1.672,-2.584465849344522,-0.01405270396957496,0.21155460731444656,0.1179
1787536584.4237094,-2.4671219059968,-0.0007242987773600114,2.744349548631501,-2.5755571125237555,-0.014152435951074974,0.25291173574557113,0.1093,2.491,-2.584465849344522,-0.01405270396957496,0.21155460731444656,0.1181
1787536584.488394,-2.4673235227513577,-0.0009434393910909141,3.190826792222513,-2.5755538772896016,-0.014153303006663648,0.2529482116786745,0.1090,2.938,-2.584465849344522,-0.01405270396957496,0.21155460731444656,0.1179
1787536584.5510209,-2.4674706201011536,-0.00085323248555596,3.6201924893290602,-2.575515495842489,-0.014161912949158044,0.2533564430281611,0.1089,3.367,-2.584465849344522,-0.01405270396957496,0.21155460731444656,0.1177
1787536584.7103927,-2.467548722845041,-0.00037133771403183855,3.9531019277187727,-2.5755321377629463,-0.014158229604365285,0.2532123497182087,0.1089,3.700,-2.584465849344522,-0.01405270396957496,0.21155460731444656,0.1177
1787536584.7855747,-2.4673944122974807,-0.0004149243211852868,3.8673260929438746,-2.575134455542783,-0.01471599034368411,3.156028215199155,0.1087,0.711,-2.584465849344522,-0.01405270396957496,0.21155460731444656,0.1179
1787536584.9045718,-2.466867782783605,-0.0013013895233776676,3.7409716185064523,-2.575133701736101,-0.014716176964391743,3.1590484769675404,0.1091,0.582,-2.584465849344522,-0.01405270396957496,0.21155460731444656,0.1183
1787536584.9754105,-2.4666182987219663,-0.0019736898516198044,3.7963201443089236,-2.627109969633377,0.05210368354724464,2.9548141535972015,0.1694,0.842,-2.661628397055074,0.059766821162678105,2.8318806201653977,0.2046
1787536585.0503244,-2.4664703563941055,-0.002580110386622292,3.997288469885374,-2.580423834927305,0.019182184315936275,3.5737583425236603,0.1160,0.424,-2.538941051687243,0.005651432142871181,3.768902896465462,0.0729
1787536585.204455,-2.465422487515242,-0.0027952982488986984,4.019507420950109,-2.5802575097880025,0.01921166401188654,3.427749321457741,0.1169,0.592,-2.438932443234093,-0.015222008346701524,4.310410062510941,0.0293
1787536585.265707,-2.464897792534202,-0.002483284921711843,3.9295938697823103,-2.4995491776545546,-0.009970468364005787,4.296424652578698,0.0355,0.367,-2.438932443234093,-0.015222008346701524,4.310410062510941,0.0289
1787536585.3434749,-2.4644656364616604,-0.0021602074341189404,3.7031501127049373,-2.5146953495320408,-0.008236973017796134,4.270729417946763,0.0506,0.568,-2.53059576378074,-0.007773274531410292,4.278003667246672,0.0664
1787536585.444845,-2.4634223305135694,-0.0020841640706343884,3.611517787004713,-2.514110873554368,-0.007625492030766326,4.205905789947964,0.0510,0.594,-2.317688675520279,0.03748385818877616,3.1011319699251927,0.1510
1787536585.613871,-2.4610872315559056,-0.0029750809357996207,3.516853485420963,-2.4525960116007437,0.01726737926805805,3.8197066042010657,0.0220,0.303,-2.4952619154738187,-0.00013466117599064914,4.102220492205087,0.0343
1787536585.6739511,-2.460016116913692,-0.003571868420522013,3.684865075674174,-2.448725536044592,0.017626418771284035,3.839536894153956,0.0240,0.155,-2.4952619154738187,-0.00013466117599064914,4.102220492205087,0.0354
1787536585.8183181,-2.457883206396463,-0.003718501956687842,3.902046764265478,-2.444685553095895,0.019800703254212713,2.0894314849458246,0.0270,1.813,-2.495330335078056,0.006466126235085634,3.4179558005591892,0.0388
1787536585.8965821,-2.4567932705275317,-0.0031832948931817266,3.8582901263616085,-2.473886601840937,0.009743663357018489,3.344509312874129,0.0214,0.514,-2.4025052062286205,-0.011206616341140415,3.8333690030999867,0.0549
1787536585.9631538,-2.455792472329008,-0.002491877029541246,3.6696449608221657,-2.410315125136639,0.024451541358670253,3.009014588168182,0.0529,0.661,-2.3931805555994092,0.036275683698715304,2.8564201866892374,0.0736
1787536586.114602,-2.453880377547748,-0.0017206885905809866,3.6098624602209615,-2.4039995720505787,0.025598704006729908,2.987486693067751,0.0569,0.622,-2.5470237110798557,0.0034479698966432,3.962261119811811,0.0933
1787536586.2068772,-2.452779628249677,-0.001766530456685054,3.5460027265618304,-2.4487216482098657,0.014034336774544319,3.5936248357259672,0.0163,0.048,-2.5470237110798557,0.0034479698966432,3.962261119811811,0.0944
1787536586.3004315,-2.4516790285174057,-0.0020784510568623827,3.593884993624233,-2.483629690590331,0.004110206047167548,3.949479530934431,0.0325,0.356,-2.541711005959913,-0.0016895819528587725,3.973829925918829,0.0900
1787536586.3790407,-2.4506919521288175,-0.0022478737936275726,3.839300916339083,-2.503943819662385,0.0002644834182397972,3.9475439798101353,0.0533,0.108,-2.5403806269728815,0.009427920222745353,3.631416296727018,0.0904
1787536586.4618042,-2.450007259527876,-0.001993539002884988,3.8372180046699587,-2.5206973888925215,0.006691832187496306,3.244155772250248,0.0712,0.593,-2.551354098721383,0.015211025774404622,3.479092053542999,0.1028
1787536586.6240704,-2.44867648348825,-0.0005912589408792339,3.595190728398717,-2.534666956371411,0.014641397507774975,3.4754604590884886,0.0873,0.120,-2.551354098721383,0.015211025774404622,3.479092053542999,0.1039
1787536586.7112436,-2.4480189830225365,1.6176653177363666e-05,3.5713939882685017,-2.5393754924288254,0.01289704440075568,3.4898726490760628,0.0923,0.082,-2.534398633509917,0.010844567605524939,3.549556703164044,0.0871
1787536586.7873564,-2.447252825754899,0.0002505403858187646,3.525796080735601,-2.544507796266059,0.004329072911981546,3.8947566355457277,0.0973,0.369,-2.5466851225021307,-0.0008587367404171242,3.9733262362871193,0.0994
1787536586.8625605,-2.4464138280810714,0.0002115756714260854,3.5220537019545266,-2.55008029260471,0.005216116791440791,3.2045950235946328,0.1038,0.317,-2.540017853751602,0.003270115806904852,3.658339865499668,0.0937
1787536587.0248642,-2.4449255890649204,-8.80686016862121e-06,3.8971861228974762,-2.5474670732255125,0.005743275692620447,3.6130683623723487,0.1027,0.284,-2.6230594640511575,0.06477821362476432,2.3443916199721633,0.1895
1787536587.083841,-2.444454379062833,0.00023066809651350374,4.050899438220954,-2.568787288263012,0.03272498835783282,2.893943307345387,0.1285,1.157,-2.6230594640511575,0.06477821362476432,2.3443916199721633,0.1899
1787536587.2207263,-2.44346595471601,0.0013630916052911801,4.225637205280269,-2.5791126176881827,0.03834566787803738,2.074152644948938,0.1406,2.151,-2.5373501568428933,0.006699851033187288,3.541670518194783,0.0940
1787536587.2932267,-2.4430107411983024,0.0019412671744561533,4.199715278628427,-2.5590999058991364,0.014044381892355459,3.430396561294269,0.1167,0.769,-2.5312840001258534,-0.0028844115801460683,4.298915472450741,0.0884
1787536587.3650916,-2.442515845380171,0.002273213259781987,4.108992550986589,-2.551488046659296,0.005374912562229742,3.7953964872744947,0.1090,0.314,-2.494100493841769,0.008124538307822156,4.334288973725503,0.0519
1787536587.4498904,-2.441944876314244,0.0023373519599681385,4.016669270707563,-2.529177193088679,0.009800232334474763,3.9113604634310346,0.0876,0.105,-2.5063619928406315,0.013278139867339028,4.230306661734503,0.0653
1787536587.5931396,-2.4407555345014598,0.0017545836103611899,4.108209012637722,-2.5204592695758605,0.012724101497749312,4.234466262713732,0.0805,0.126,-2.5063619928406315,0.013278139867339028,4.230306661734503,0.0666
1787536587.707324,-2.4397019735999033,0.0016217564291541259,4.553098588159884,-2.520878540358483,0.014699447223273664,3.2219777142605324,0.0822,1.331,-2.6003706628633747,0.061860352340387094,2.918153067362071,0.1716
1787536587.7713091,-2.4388761335976628,0.0024559807669196332,4.533848705077411,-2.552635316945558,0.04607810452570693,3.1837028116857864,0.1218,1.350,-2.6003706628633747,0.061860352340387094,2.918153067362071,0.1721
1787536587.8811698,-2.4376342209843016,0.0042108018961202484,4.487748930127552,-2.5582918834575827,0.052480142841313644,3.145395903621225,0.1300,1.342,-2.6003706628633747,0.061860352340387094,2.918153067362071,0.1726
1787536588.0068836,-2.4370479609592923,0.005260280917613597,4.365003618217611,-2.5413115921358376,0.011660575510264955,4.640907243639257,0.1045,0.276,-2.5306876808573566,0.0033123939242747534,4.763725193413702,0.0937
1787536588.0798888,-2.436650286377633,0.005402547192058166,4.27589273706983,-2.5326439043776223,0.0036749473636047483,4.698435466442601,0.0960,0.423,-2.521586494343231,-0.00015650119354635448,4.7533218320926665,0.0851
1787536588.1649349,-2.436178362401848,0.00530125085532452,4.22037405814475,-2.524831976082127,0.0016090484759414625,4.723429333888227,0.0887,0.503,-2.513548593758806,0.00032616466710537316,4.743461856214016,0.0775
1787536588.3202667,-2.435430468580484,0.004912709486162779,4.530974190681709,-2.520079347483339,-0.00019692980906173426,4.735590604667442,0.0848,0.205,-2.6096180727999134,0.06394957076460951,3.3926816549499335,0.1839
1787536588.404067,-2.4347255539224766,0.0049867844523673035,4.536979703637231,-2.5397107716370786,0.025963306500286595,4.10077703390435,0.1071,0.436,-2.6096180727999134,0.06394957076460951,3.3926816549499335,0.1846
1787536588.4919724,-2.4339743287031648,0.005391168217932225,4.513602715675595,-2.5274701115330926,0.011990202327566524,4.365720806278581,0.0937,0.148,-2.5107806214186446,0.007057082527841937,4.431552718008774,0.0768
1787536588.5666559,-2.4335098284048593,0.0057560634313802254,4.491809535402235,-2.5273529081989246,0.011124186177139858,4.653973223920439,0.0940,0.162,-2.491773972281437,0.005201429890487255,4.808865621393564,0.0583
1787536588.7096467,-2.4323469212392075,0.00588482586761345,4.449364396677615,-2.505661760673402,0.006281435443704711,4.805129503361207,0.0733,0.356,-2.5112077776121144,-0.012841105046087781,5.200920497641119,0.0811
1787536588.7949061,-2.431635073565078,0.005550277910387962,4.439755731638731,-2.503748766768531,-0.006038282697073478,5.009549649591874,0.0730,0.570,-2.5112077776121144,-0.012841105046087781,5.200920497641119,0.0817
1787536588.8708985,-2.43094707521478,0.00499362620395108,4.550478275069555,-2.503172664004989,0.009037456333190762,4.669263404044183,0.0723,0.119,-2.511285177411352,0.014569869114494309,4.596696781594681,0.0809
1787536588.9509716,-2.4303667160382103,0.004523269868270211,4.817633359560953,-2.5011257556476862,0.009928807447273732,4.290605265321249,0.0710,0.527,-2.4725045259545015,0.013924258076179953,4.635734335074803,0.0432
1787536589.1045144,-2.428737568201113,0.0048577875604973834,4.820321747746011,-2.487620916326321,0.013536689374873841,4.63910641222881,0.0595,0.181,-2.4725045259545015,0.013924258076179953,4.635734335074803,0.0447
1787536589.1871698,-2.427935725455841,0.005393736240493261,4.7232578064918,-2.4855555000107215,0.014728337332909739,4.938723111143911,0.0584,0.215,-2.489171433788382,0.013584376159007719,4.959331236278673,0.0618
1787536589.266037,-2.42724523895925,0.00588958142041262,4.448377503526322,-2.350636298310536,0.05712055721755397,3.2011738811973416,0.0922,1.247,-2.2646362208794977,0.06916731742554842,3.4402592450432867,0.1745
1787536589.3432977,-2.4264029016971445,0.00607706272850784,4.441298376915451,-2.3324183550513697,0.06060942986279395,2.376125023006683,0.1087,2.065,-2.5245281864845497,0.0547280215011192,3.9111117304174168,0.1095
1787536589.509527,-2.4244319832432595,0.005484708911719745,4.699154164925558,-2.4238467913738173,0.04779874678182732,4.100234683725909,0.0423,0.599,-2.422975974415733,0.022316783131837735,4.349896727181801,0.0169
1787536589.5928383,-2.4235459604035428,0.005082922895171995,5.046422915820572,-2.415311004111289,0.0326710523735207,3.696741321794567,0.0288,1.350,-2.486404453504549,0.046902073511983694,3.921715901224985,0.0755
1787536589.6826017,-2.42262361684373,0.004994191454684144,5.057374956690921,-2.4467193532598914,0.03996081856628012,4.058055434848969,0.0425,0.999,-2.4465845419813057,0.02450076370707677,4.519665206019619,0.0309
1787536589.7601373,-2.4216487548754455,0.005315048953517028,5.057434565268422,-2.4443644308034185,0.030634251427892927,4.428749016144897,0.0340,0.629,-2.4465845419813057,0.02450076370707677,4.519665206019619,0.0315
1787536589.903577,-2.4199053070543908,0.006306004920405934,4.670032950093623,-2.4389628860853114,0.03166526467966865,4.468415528483657,0.0317,0.202,-2.510042650970117,-0.007952384612545252,5.535159018158808,0.0913
1787536589.9779956,-2.4190199229383857,0.006521680764530112,4.660319208201532,-2.467085136746495,0.006877128290056666,5.271271682920244,0.0481,0.611,-2.5053205210888096,0.004452670421212597,5.210325882954412,0.0863
1787536590.053276,-2.418032374495714,0.0064420531518951584,4.670277609839599,-2.5022496554092384,0.015760008215838672,4.97376167702733,0.0847,0.303,-2.521987220082652,0.023438703519259998,4.879092141640382,0.1053
1787536590.2149012,-2.4160514147180487,0.005664200457775837,4.986212822392872,-2.5029841134826154,0.01870072128702832,4.066498898453235,0.0879,0.920,-2.495854423201082,-0.01778072715289141,5.656587828313813,0.0832
1787536590.2969139,-2.4151193447668895,0.005478246068500982,5.002137177450523,-2.4665781042896517,0.008252124128909025,4.866750922934529,0.0515,0.135,-2.439195418682924,0.014266210697811752,4.79414399231719,0.0256
1787536590.4138725,-2.413135786712763,0.006114257599176492,4.9910288939830885,-2.4654079094363905,0.006902863918927465,4.901481610483812,0.0523,0.090,-2.439195418682924,0.014266210697811752,4.79414399231719,0.0273
1787536590.5074172,-2.4109610939558648,0.006707960841730962,4.762313860020759,-2.4642806344358865,0.005598578731365911,4.934414556566863,0.0533,0.172,-2.4199632949540106,0.005502598171677524,5.030277377236489,0.0091
1787536590.58069,-2.4097968021187746,0.006656314785243772,4.66137503967427,-2.434563692813354,0.006450680960928404,4.99420877758994,0.0248,0.333,-2.315824502353543,0.010186213644129978,5.009956771446445,0.0940
1787536590.66064,-2.4085436437831675,0.0063371932361424585,4.5428798675922595,-2.330594329415362,0.014217087062429247,4.939146428075694,0.0783,0.396,-2.5340207590461454,-0.02333077310177436,5.855514508254224,0.1289
1787536590.7488377,-2.407195385787096,0.005725769995432647,4.4414213422972315,-2.4178052228347173,0.004786592482933885,5.2739373650946995,0.0107,0.833,-2.5559070998726536,-0.020199890021652577,5.783622459584411,0.1510
1787536590.8911374,-2.404675350110176,0.0041846238023383,4.668279621005543,-2.4310310996267837,0.013050262748946353,4.900051751858673,0.0278,0.232,-2.477579729945243,0.020976577572328455,4.782670136620366,0.0748
1787536590.9615757,-2.403803873809646,0.004280733594384842,4.687221796059165,-2.429236993914114,0.015378931112028201,3.5531372923608817,0.0277,1.134,-2.477579729945243,0.020976577572328455,4.782670136620366,0.0756
1787536591.1119165,-2.4021903682862935,0.005671872680185688,4.692515646659713,-2.4317733305498948,0.015357610777928118,3.579765684408619,0.0311,1.113,-2.5537904437063936,0.06761401812275221,3.3475320017956567,0.1638
1787536591.1710768,-2.4019445250695877,0.0062687132181625995,4.654831747579917,-2.471640433930221,0.045500576433410746,3.7300698327481587,0.0800,0.925,-2.5537904437063936,0.06761401812275221,3.3475320017956567,0.1638
1787536591.3027391,-2.401302973427314,0.006783812547593121,4.457786747245986,-2.5107135550727335,0.061790600007769425,3.737634820092493,0.1225,0.720,-2.5753943601758356,0.07310275230352033,3.550326826555914,0.1863
1787536591.3914075,-2.4008501996873917,0.006617046321212541,4.321103457513001,-2.5140997680950536,0.06908249352646974,2.858191202808881,0.1293,1.463,-2.5964136800842605,0.08553219988912987,3.3572656759929846,0.2109
1787536591.4779375,-2.4004115993760027,0.006268007162752226,4.276801927679172,-2.55765310958702,0.0792190278665565,3.3284478145364287,0.1733,0.948,-2.5871828921472755,0.08388249440342181,3.24564565699841,0.2023
1787536591.5506556,-2.4000999484242103,0.006013285226726163,4.438170877782857,-2.5704763938695185,0.07800252069501809,3.206627178982941,0.1850,1.232,-2.594059352204894,0.07927492531033094,3.1812193915168843,0.2073
1787536591.7090862,-2.4003173769989146,0.007113599922311077,5.030758976722999,-2.57414360865608,0.08223735003977937,2.5131140505328506,0.1894,2.518,-2.5699851462562817,0.06866656712807433,3.1832386638674026,0.1805
1787536591.7979164,-2.400676672102862,0.0076656619388630245,5.355823002765397,-2.575982847212294,0.07548967902083821,3.1394500178817872,0.1880,2.216,-2.4944670511368567,0.03841773960594919,3.980396516572961,0.0987
1787536591.886084,-2.4007647456885324,0.008137370797369248,5.333762043401276,-2.5080406996907096,0.05170563241015862,3.7606066764869577,0.1158,1.573,-2.486924451285791,0.011036921436177327,4.538694009511305,0.0862
1787536591.9624188,-2.400737645035321,0.00824616243295212,5.281620044721346,-2.484882130680272,0.01371009216036547,5.473890764951469,0.0843,0.192,-2.452095178280579,0.014465828578047507,5.504817731191255,0.0517
1787536592.09096,-2.4003051851813337,0.007573320577584031,5.48878003616521,-2.4820809574950555,0.010103740066992188,5.563881172416687,0.0818,0.075,-2.452095178280579,0.014465828578047507,5.504817731191255,0.0522
1787536592.206936,-2.399486246313102,0.007209925350381857,6.0879495510681805,-2.4798624833020577,0.006026561786408836,4.6131593506899335,0.0804,1.475,-2.4886905576913345,0.06261416367016258,4.492169014306294,0.1050
1787536592.2739275,-2.3987434097372766,0.0074960644609490795,6.401240735599615,-2.4787666435532207,0.050947599232907495,4.660310366743166,0.0911,1.741,-2.443448591811916,0.03350141697732811,4.991099611282338,0.0517
1787536592.3516886,-2.3979654340965686,0.008054604042256008,6.696781924197631,-2.4542875372697295,0.038280509071131966,4.922724322995589,0.0639,1.774,-2.3820104427254543,0.024548755998975758,5.67568494314856,0.0229
1787536592.4976919,-2.3960613272583386,0.008987879485756065,6.86604780659952,-2.4104806951191406,0.027039191480933564,6.080889289543457,0.0231,0.785,-2.3764426100212597,0.02844417492177717,6.165128520966888,0.0276
1787536592.568354,-2.394655166516072,0.008886204168530342,6.8164852455738405,-2.3899149131997963,0.027175350510942164,6.195028433169645,0.0189,0.621,-2.399324068728819,0.039587279687534706,6.5589145161007,0.0311
1787536592.7158515,-2.391418150309061,0.0078033889657658385,6.904969891991255,-2.3897474104095737,0.03619715007756229,6.602650028415066,0.0284,0.302,-2.443442170183528,0.0414363302843351,6.417046214283466,0.0619
1787536592.7789264,-2.3898543654855766,0.007042188936844919,7.134364154710568,-2.404341914348158,0.033757784548566594,6.5831243554283185,0.0304,0.551,-2.443442170183528,0.0414363302843351,6.417046214283466,0.0637
1787536592.9135149,-2.387397042896551,0.006594549777123185,7.187006787758198,-2.3946250358633203,0.03288109402210348,6.762917163093011,0.0273,0.424,-2.375940189815122,0.023300576269536362,6.851523230250011,0.0203
1787536592.9864058,-2.386122868363495,0.0067774305719715995,7.205693528276277,-2.3839942485261045,0.0255452279759745,6.813808481328992,0.0189,0.392,-2.4336291789379687,0.04827522705207596,6.355602789256763,0.0631
1787536593.0661082,-2.3848935696718763,0.007170228694369977,7.129085734396795,-2.399627089416503,0.03699965363109983,6.555366337474938,0.0333,0.574,-2.406187566056486,0.03551466365172428,6.662142881272542,0.0355
1787536593.2197857,-2.3828856833448575,0.007643725882943842,6.765094634998216,-2.4013242951817397,0.0360521240968845,6.654236492072571,0.0339,0.111,-2.4164418769915983,0.006637167130858677,7.456818503465171,0.0336
1787536593.292716,-2.3819081399316397,0.007478615252257178,6.649444663304466,-2.4060837518908658,0.015871787910199442,7.329113177735712,0.0256,0.680,-2.4164418769915983,0.006637167130858677,7.456818503465171,0.0345
1787536593.3858654,-2.38088717777783,0.007129668906572933,6.584603865036224,-2.4186324142913556,0.015876330433783593,7.322773716201018,0.0387,0.738,-2.4463469759352225,0.013466798019868591,7.37270366467619,0.0658
1787536593.473422,-2.379967545459445,0.0066480006353758555,6.708957545790778,-2.4386764969703756,0.020783801761903767,6.910110175032926,0.0604,0.201,-2.4445741066198714,0.026592311537827044,6.664814520432591,0.0676
1787536593.6046796,-2.378039827197466,0.006783227329192899,6.724495283112664,-2.4407740349493663,0.023639751264419844,6.7119230000163705,0.0650,0.013,-2.4445741066198714,0.026592311537827044,6.664814520432591,0.0694
1787536593.6905878,-2.3761626087297616,0.007709218401826758,6.521202586964818,-2.441462444092498,0.021936861407000584,6.842695164472591,0.0668,0.321,-2.4445741066198714,0.026592311537827044,6.664814520432591,0.0710
1787536593.7878609,-2.3747086159727013,0.00833853963901371,6.4093109246492705,-2.441840061779605,0.022762405673962798,5.374721392548906,0.0687,1.035,-2.4554061026258642,0.02086557628665651,6.834598469305997,0.0817
1787536593.8537047,-2.3739083749495546,0.00837955314728927,6.297485140187025,-2.450587787922197,0.02963046512592297,5.564595832216444,0.0796,0.733,-2.812950879068155,0.13009421534388194,4.660859478815355,0.4556
1787536594.009369,-2.3719808668584275,0.007844398775022382,6.142728453599743,-2.788445752864215,0.1169345494704655,4.71898317601926,0.4305,1.424,-2.513157756280167,0.06848675387765034,5.7133894192639945,0.1537
1787536594.0970037,-2.3710423348531253,0.007292789921002979,6.225640995252113,-2.7789510172488985,0.1288222589311361,4.092084627196296,0.4256,2.134,-2.513157756280167,0.06848675387765034,5.7133894192639945,0.1547
1787536594.1765478,-2.370178665500456,0.0069641831376910605,6.441664777583903,-2.743516258476467,0.11988071522028157,4.180400568911056,0.3900,2.261,-2.513157756280167,0.06848675387765034,5.7133894192639945,0.1557
1787536594.2480118,-2.369731784647179,0.007332500602356738,6.435050523760484,-2.7435529242363446,0.122931366014138,2.0143521062466174,0.3913,4.421,-2.513157756280167,0.06848675387765034,5.7133894192639945,0.1559
1787536594.4071968,-2.3689030806759805,0.008722741957918556,6.181061576821457,-2.7434816515561167,0.12370733578932246,1.1887922299778777,0.3918,4.992,-2.513157756280167,0.06848675387765034,5.7133894192639945,0.1561
1787536594.4922566,-2.3684111108808796,0.009291614146468667,6.159473852904984,-2.7435615207827087,0.12404690831377864,0.660612236593333,0.3923,5.499,-2.513157756280167,0.06848675387765034,5.7133894192639945,0.1564
1787536594.6172829,-2.3671079084631206,0.00948482004237871,6.126169009103936,-2.7435841016868188,0.12405844164399307,0.6495637532777236,0.3935,5.477,-2.513157756280167,0.06848675387765034,5.7133894192639945,0.1575
1787536594.672374,-2.366440731427976,0.009333729693654218,6.2129866766129505,-2.743644169759708,0.12408707831108953,0.6004514780256545,0.3943,5.613,-2.5396964654123435,0.08334372759746643,4.9387017677016845,0.1884
1787536594.7975914,-2.3655678403377114,0.009336277114571672,6.428006583932892,-2.640589921166366,0.10959048534690302,4.416408520373223,0.2927,2.012,-2.5396964654123435,0.08334372759746643,4.9387017677016845,0.1892
1787536594.8718193,-2.3652438836667575,0.009783441155048388,6.4465095236738055,-2.5986460572495234,0.10157958996182101,4.6221811496225955,0.2508,1.824,-2.5366680275244495,0.09003242900929738,4.8210978699531495,0.1893
1787536595.0029745,-2.3645898493833375,0.011461283066046577,6.320441897003433,-2.5322335325776724,0.04561899487213455,6.161513643050298,0.1711,0.159,-2.4513924768115882,0.021890433504945628,6.513189910747747,0.0874
1787536595.1128592,-2.3638656912314304,0.012893348990721622,6.046935931888364,-2.5293447914328206,0.04326611938671924,6.243288624717698,0.1682,0.196,-2.4513924768115882,0.021890433504945628,6.513189910747747,0.0880
1787536595.1772597,-2.3632855623053213,0.013269631031643098,6.024655019381948,-2.485958209545923,0.02559553360297711,6.525806963790669,0.1233,0.501,-2.4385965600898643,0.019558730311702906,6.61653338218405,0.0756
1787536595.2628512,-2.362622889488681,0.013411783798423206,6.01311091274743,-2.46938686918282,0.023593688374860138,6.58498615931988,0.1072,0.572,-2.4514186528225705,0.021653342841532617,6.617472377070293,0.0892
1787536595.3505986,-2.3619434342252084,0.013308163860021196,6.099775064517282,-2.4667782466663684,0.023238223935389452,6.344914410186574,0.1053,0.245,-2.447956107361609,0.02344911383963842,6.540778089958711,0.0866
1787536595.5103142,-2.3602307588639593,0.013627678095003634,6.723681934931957,-2.457959792975115,0.023352393277166473,6.541249209944168,0.0982,0.182,-2.42007700630871,0.022027875025270063,6.186280417729376,0.0604
1787536595.5862544,-2.359041417723333,0.014342725819348772,7.067694882964999,-2.416307504463534,0.02602962015718701,6.044622798595818,0.0584,1.023,-2.3970539967140523,0.02786540760059087,6.035404293881171,0.0403
1787536595.658657,-2.35790981394406,0.01525493615554766,7.306745301465716,-2.4143201560698895,0.048479305180129065,5.495841534822693,0.0655,1.811,-2.432921699218883,0.06456307838997387,5.245479999301332,0.0898
1787536595.7826185,-2.356063236205444,0.016282708800670724,7.2196309663633365,-2.6579168047604145,-0.016705763242758104,7.510782136897745,0.3037,0.291,-2.684708707665766,-0.03817748514727621,7.73230063318451,0.3331
1787536595.9191704,-2.3539226992431037,0.01644699930493579,7.1127183065066495,-2.6730064057190033,-0.02380920940843344,7.570279025390289,0.3216,0.458,-2.4593061935489504,0.0015742522889780738,7.688732939568909,0.1064
1787536596.0019307,-2.352830412102861,0.016212708338930272,7.188959860979898,-2.6020968061985346,-0.02103198950317427,8.05902275672618,0.2520,0.870,-2.425622601716832,0.024869292779358863,7.4882723050930355,0.0733
1787536596.082781,-2.3518493657924737,0.01605927605214342,7.420547827552512,-2.542109486458827,0.012271360374917394,7.423389815123787,0.1903,0.003,-2.368349283011802,0.043166050970318795,7.0843431477076155,0.0317
1787536596.1766064,-2.351186998420492,0.016413159827862647,7.417324798349374,-2.4387087085948624,0.035518620867846164,7.233285722726417,0.0896,0.184,-2.418221539152336,0.031869587272330344,7.286036331959886,0.0688
1787536596.3209417,-2.3498813662218163,0.018019324816537837,7.225674497619297,-2.420973796238542,0.03276558524237772,7.2184996549025975,0.0726,0.007,-2.401758958975904,0.031229636043185537,7.236638430279005,0.0535
1787536596.3940504,-2.3498000609699363,0.018618235097469887,7.2034088364713265,-2.4141076956584877,0.03168597258753031,7.567121398569635,0.0656,0.364,-2.483372108059119,0.005384100478079917,8.105872427898417,0.1342
1787536596.4625213,-2.3496172861835922,0.018927490579407846,7.145946134319057,-2.433803216592073,0.015544591409860913,7.9260772687193635,0.0843,0.780,-2.4705917960670676,0.0035442563921202017,8.128059559564566,0.1219
1787536596.620784,-2.3490446752423337,0.018841495301366345,7.1201907746210145,-2.4392399912087868,0.007363190291245448,8.000361857210567,0.0909,0.880,-2.425578515253411,0.030336856185449294,7.4869967051099025,0.0774
1787536596.6952405,-2.3488471045221484,0.01861414380879501,7.322704628478478,-2.4288572532285593,0.02471112987810744,7.568370751622606,0.0802,0.246,-2.425578515253411,0.030336856185449294,7.4869967051099025,0.0776
1787536596.7715163,-2.348658080393946,0.018641295869969075,7.5882457334461995,-2.416865937392682,0.031090665758671105,7.419355696029269,0.0693,0.169,-2.4155211202671065,0.033009948282615324,7.390987288082392,0.0684
1787536596.860758,-2.348094941517936,0.01915653988721431,7.584132954827966,-2.4094997755322685,0.029125438575935088,7.310712391676423,0.0622,0.273,-2.406573395291466,0.023111699124486792,7.432465669007838,0.0586
1787536597.008446,-2.346952544537632,0.020549743242539588,7.444976166841683,-2.40514270474291,0.025425174047434666,7.397436310257548,0.0584,0.048,-2.406573395291466,0.023111699124486792,7.432465669007838,0.0597
1787536597.0857115,-2.3462851662340145,0.020936634114012326,7.3076589821230415,-2.4148890022816185,0.02542306809822002,7.8751017808143535,0.0688,0.567,-2.4374087306261836,0.0215611182678926,7.965050533173296,0.0911
1787536597.1565678,-2.345509062383675,0.020960579479086992,7.111334323378717,-2.409473242997031,0.027100975300581587,7.451710101674509,0.0643,0.340,-2.402831161647284,0.031034164443408462,7.50026653108176,0.0582
1787536597.3053641,-2.3440211418092702,0.01989565710540222,7.010697908777603,-2.4030963578607185,0.030186565262201665,7.512483736929775,0.0600,0.502,-2.402831161647284,0.031034164443408462,7.50026653108176,0.0599
1787536597.3857121,-2.3433949854425626,0.019400479867229935,7.1596768427550055,-2.397733269627643,0.03267924498434223,7.09558424329303,0.0559,0.064,-2.401653310866647,0.033302639679770416,7.086227206584836,0.0599
1787536597.4539504,-2.342573649654536,0.019571482063787456,7.160683096035292,-2.391660286029772,0.03261768311939881,7.285996701623594,0.0508,0.125,-2.4465999331909796,0.011404308788713981,7.5356100071015675,0.1043
1787536597.59873,-2.340920795388143,0.020740278003367894,6.9509393916025495,-2.417535423060666,0.01968137622526122,7.3780185349006455,0.0766,0.427,-2.4465999331909796,0.011404308788713981,7.5356100071015675,0.1061
1787536597.6792586,-2.340248700913505,0.020878248848104092,6.9355562287920085,-2.4193480302913355,0.015730850959168124,7.560988853124535,0.0793,0.625,-2.424586021124532,0.01459249311760235,7.582850053052978,0.0846
1787536597.7530296,-2.339447169959002,0.020787818860900455,6.891297240217419,-2.416542904166455,0.013903130952670435,7.815447921571199,0.0774,0.924,-2.3907560237944896,0.02425370981259409,7.3513202456546995,0.0514
1787536597.9040651,-2.337611194061036,0.019802113572447596,6.882940379536399,-2.4163700016184455,0.01633230874655918,7.448649998363746,0.0788,0.566,-2.4380906351011675,0.010817986016213884,7.556272479267989,0.1009
1787536597.973496,-2.336751466466987,0.019091188497986095,7.067930630825718,-2.412564462702415,0.01721865063010611,6.739620447737406,0.0758,0.328,-2.4380906351011675,0.010817986016213884,7.556272479267989,0.1017
1787536598.115142,-2.3350211165449437,0.01864490270178844,7.117166739681943,-2.3793983984460736,0.04288318769133778,6.7015636928364986,0.0506,0.416,-2.3583566724757015,0.04349921352541286,6.726866063484548,0.0341
1787536598.1860106,-2.3341129345356375,0.01886274321030874,7.112514562918918,-2.35791089444328,0.03464249369613501,7.128164426932121,0.0286,0.016,-2.352766840547108,0.02923448664337664,7.21183856493963,0.0213
1787536598.3061454,-2.3325206899208215,0.019552999031483824,6.742805563343509,-2.348153407836307,0.03575850526915906,7.136029235471487,0.0225,0.393,-2.352766840547108,0.02923448664337664,7.21183856493963,0.0224
1787536598.365836,-2.331689204427877,0.019727537147759405,6.731690133405906,-2.3562559040825466,0.03876056794343101,7.120888643625482,0.0311,0.389,-2.3715685596193867,0.035240364111892686,7.19429271949607,0.0428
1787536598.5112464,-2.329770046128623,0.01935417508545219,6.719073979964623,-2.3816255530190276,0.06746606139684035,6.012683446957936,0.0707,0.706,-2.4566717750993643,0.09850414786139051,5.449266274113233,0.1496
1787536598.5837827,-2.328783871587529,0.018835808753670753,6.8425863844356485,-2.380998552387792,0.07565600526223508,4.571732090132644,0.0772,2.271,-2.4566717750993643,0.09850414786139051,5.449266274113233,0.1507
1787536598.6623511,-2.3279029914445064,0.018378334639893523,7.112155590200021,-2.4167428393568073,0.08053026952582414,5.825683064437908,0.1084,1.286,-2.4445775120630517,0.080149397183544,5.821163735030798,0.1320
1787536598.7461932,-2.326958360005043,0.018327348884711204,7.122060999467186,-2.4080201370803733,0.05305700730684271,6.907553889942579,0.0882,0.215,-2.403438573473338,0.04023225920566017,7.096375219802114,0.0796
1787536598.8911796,-2.325071124132373,0.019141179654304397,6.997629673440427,-2.408095202269149,0.05435956799612971,6.920752420676675,0.0902,0.077,-2.403438573473338,0.04023225920566017,7.096375219802114,0.0812
1787536598.9981322,-2.3225656720750862,0.020263037157214576,6.703454576182163,-2.408188513687547,0.055570735480057296,6.9328515036191325,0.0926,0.229,-2.403438573473338,0.04023225920566017,7.096375219802114,0.0833
1787536599.0945745,-2.320749167205685,0.020213730752329646,6.595953754701706,-2.4084494416341204,0.05805626341974498,5.654237493134993,0.0955,0.942,-2.4068978628017508,0.03330749817081769,7.193584245789592,0.0871
1787536599.2205243,-2.318977574825484,0.019210985677502047,6.546903377857119,-2.3667053725572704,0.04914192153478914,6.475949071542853,0.0563,0.071,-2.3387359524192934,0.050429391429891876,6.477929122438217,0.0369
1787536599.2883012,-2.3186886407060507,0.0193037737096775,6.6025487629631305,-2.3624746392179192,0.04975739749083159,6.454113502415516,0.0533,0.148,-2.3387359524192934,0.050429391429891876,6.477929122438217,0.0370
1787536599.3612509,-2.318394585341982,0.019631502484828037,6.703754443931063,-2.3419872709339096,0.07918503547406974,5.647063294778025,0.0641,1.057,-2.337910796041648,0.07838240549796223,5.6960772014854335,0.0619
1787536599.5055485,-2.317734034202752,0.021297220134351678,6.918750447135242,-2.337657043338861,0.08394375878399067,5.220051595678508,0.0657,1.699,-2.389500962417926,0.036886902212289144,6.67209689007282,0.0734
1787536599.5776572,-2.3175080099661427,0.0223647396247912,6.84413923840154,-2.3460114431647097,0.050564303046480706,6.447335841819571,0.0401,0.397,-2.397059876191218,0.03387477273102198,6.8689770113448185,0.0804
1787536599.6572158,-2.317067919841594,0.023066927999402322,6.818686317319139,-2.361252624998613,0.03796218247014206,6.8360033006864125,0.0466,0.017,-2.360720260307214,0.025829761876776068,7.111031131202572,0.0437
1787536599.81414,-2.3158670746198307,0.023555226127090923,6.754584400900636,-2.3595378417245585,0.029182770125097277,7.062122576612949,0.0440,0.308,-2.360720260307214,0.025829761876776068,7.111031131202572,0.0449
1787536599.890123,-2.3152400408759983,0.02348050310535224,6.844193454805107,-2.351574083423325,0.025611571045713825,7.245703970562253,0.0364,0.402,-2.3473302623069716,0.022869569480934583,7.29591471002264,0.0321
1787536599.9668677,-2.314725844140473,0.023509953478489103,7.098154268491239,-2.348429692740825,0.022961413682319177,7.296340453909691,0.0337,0.198,-2.367872934021225,0.05400686290077592,6.435412028002343,0.0613
1787536600.0483112,-2.3141796558538466,0.023792243828236116,7.373065965530529,-2.353947129896169,0.042822594779930126,6.635370661610671,0.0441,0.738,-2.367872934021225,0.05400686290077592,6.435412028002343,0.0616
1787536600.2079153,-2.3123568876779115,0.026054791484731016,7.20402226574287,-2.3391308170821494,0.0558941935651277,6.488265249528752,0.0401,0.716,-2.3310459983608465,0.06079209633645063,6.41309245194155,0.0394
1787536600.2945104,-2.3115647489667763,0.02718778132147623,6.901209944372038,-2.34266020513357,0.05441737273643063,7.025608456723106,0.0413,0.124,-2.348124215396729,0.05219072586298978,7.0653923420640705,0.0443
1787536600.3775213,-2.3107124295099517,0.02783511016356717,6.885614427859261,-2.3468783095575376,0.05519928816202949,6.967797935121131,0.0454,0.082,-2.352535674511134,0.05530505595709658,6.967225342044729,0.0500
1787536600.4608264,-2.309624449420742,0.027972732230198093,6.933059492249137,-2.350394613440115,0.06044992816804891,6.553349186052689,0.0521,0.380,-2.3549282331659445,0.06275354658492519,6.517347136360788,0.0571
1787536600.552071,-2.30855572944759,0.027916500965542684,7.094604164132636,-2.3490607322008565,0.06188880185758908,6.544548633074544,0.0529,0.550,-2.350066760945758,-0.027630914061037105,8.605074440935319,0.0693
1787536600.7089024,-2.3062252637616667,0.028549808830163843,7.740164304063984,-2.3922587794590267,-0.003530184629292445,8.250427252694896,0.0918,0.510,-2.4678570226404903,-0.006812433934087934,8.406872824719699,0.1655
1787536600.7968724,-2.3048693812311174,0.02943461133956745,7.979105868628582,-2.394404797993944,0.0057021284231406275,8.256823064452773,0.0926,0.278,-2.4103306812018035,0.01877777404871497,8.539961371994949,0.1060
1787536600.884657,-2.3036069257827756,0.030489887517404793,8.080433543002485,-2.4025039831200545,0.014278005356532305,8.585521974253005,0.1002,0.505,-2.4103306812018035,0.01877777404871497,8.539961371994949,0.1074
1787536600.9626005,-2.3025411060684067,0.031183659783615102,8.05835003427028,-2.3836262016866074,0.028614493233096568,8.486695402100015,0.0811,0.428,-2.3606893253462897,0.035412194799787126,8.364858655899011,0.0583
1787536601.123742,-2.300107601914287,0.03160074933115657,7.982196328450296,-2.38593540310438,0.02763003838449841,8.619989445468926,0.0859,0.638,-2.417765395039862,0.027100054036955028,8.607455093448882,0.1177
1787536601.1965213,-2.298902897238422,0.031402080126751115,8.097953896697794,-2.4168587010192764,0.023777854339947568,8.73707273485738,0.1182,0.639,-2.417765395039862,0.027100054036955028,8.607455093448882,0.1189
1787536601.2852972,-2.2977779873880007,0.03132003672233487,8.3170222780648,-2.562399150504599,0.012089485068838236,8.871299417718484,0.2653,0.554,-2.588923482986088,0.020531916403181694,8.711250566952078,0.2913
1787536601.371396,-2.296896510773474,0.031533051013980726,8.45679920746556,-2.525304269322419,0.01890808052170743,8.965868848059284,0.2288,0.509,-2.375294238655154,0.05164218789389518,8.191243607381214,0.0809
1787536601.5217297,-2.2952078532444093,0.03290792643527925,8.504541849556295,-2.5399859998889975,0.01734701522687773,9.073729137174352,0.2453,0.569,-2.4092662850599686,0.02176774088910964,9.186746028902489,0.1146
1787536601.5963278,-2.294757359242936,0.033308219052932235,8.489479454856983,-2.484486991729422,0.013447506522815286,9.414927555910086,0.1908,0.925,-2.386511411853564,0.021465511604485468,9.25224563120949,0.0925
1787536601.667271,-2.294190598690414,0.03341033671891531,8.45570277536631,-2.445858055480882,0.013847885696001346,9.449757259472173,0.1529,0.994,-2.398762634161156,0.02312167747779716,9.236568969196082,0.1051
1787536601.8129964,-2.292840764898635,0.03274661338130166,8.450975241078988,-2.4259445983067662,0.01766754901782202,9.35584719439883,0.1340,0.905,-2.398762634161156,0.02312167747779716,9.236568969196082,0.1064
1787536601.8853471,-2.2922726916807323,0.03232772210841329,8.6496845706388,-2.3888485926026095,0.0367260548016714,8.88530759928449,0.0967,0.236,-2.3448071173325378,0.04246770440893381,8.783786563090603,0.0535
1787536601.9588954,-2.292021525208565,0.03209516063235737,8.750177922744335,-2.3851210433082146,0.03797454353249276,8.957190261019736,0.0933,0.207,-2.412795788238787,0.02419738440654466,9.30349789204614,0.1210
1787536602.1011674,-2.2915115871776393,0.03249767498837846,8.875283424871988,-2.3976061804685327,0.02938593975701713,9.206282381318092,0.1061,0.331,-2.412795788238787,0.02419738440654466,9.30349789204614,0.1216
1787536602.1732936,-2.290908097340252,0.03251871800927709,8.884770808270565,-2.3844612864947385,0.0355191535359284,9.116880413326612,0.0936,0.232,-2.3737578427247517,0.039626211009670544,9.031893553209928,0.0832
1787536602.3239837,-2.2894853910075903,0.031916743030200666,8.583153156563245,-2.378716776204603,0.027050682064523397,9.43595851400356,0.0894,0.853,-2.3769496843267524,0.023830763463636905,9.479667724462756,0.0878
1787536602.398286,-2.288661852274745,0.03098965199335783,8.348720577834676,-2.363637525882359,0.042337793804028585,8.865443646405403,0.0758,0.517,-2.354446528115166,0.04783237409626375,8.922430586163937,0.0679
1787536602.4724665,-2.287858425965972,0.02986723033437411,8.228571683467854,-2.359272599864287,0.048020292195020395,8.792182202721522,0.0737,0.564,-2.3583220717747824,0.04978328464904764,8.76669251688912,0.0732
1787536602.6119704,-2.2863284939477055,0.028363005903333446,8.271750532264097,-2.353899836555006,0.05355609517230939,8.377718601181142,0.0721,0.106,-2.354282376684288,0.05429672763227661,8.366831663514862,0.0727
1787536602.685925,-2.2854727394480268,0.02824220726946364,8.284820485403621,-2.3523786462090706,0.05452804164618719,8.34010415116934,0.0719,0.055,-2.367435631639863,0.027176114454824422,8.832130937425003,0.0820
1787536602.7603104,-2.2846283945158548,0.02833280612084384,8.235749338636417,-2.35452434375937,0.035607919347616125,8.690297612296085,0.0703,0.455,-2.367435631639863,0.027176114454824422,8.832130937425003,0.0828
1787536602.8420174,-2.283897025418456,0.02851022466808228,8.025508029830135,-2.3382782500217196,0.07267032764683291,7.670240415039829,0.0701,0.355,-2.347824258807829,0.0865121038186881,7.456408206854479,0.0863
1787536603.017946,-2.2821829713909705,0.02816975832277937,7.996807829974661,-2.354109252692365,0.08269261877483514,7.28311753599406,0.0903,0.714,-2.379158782559575,0.08950503519375447,7.158066226540887,0.1147
1787536603.089512,-2.2811906951964485,0.027543837560714306,8.05156908827883,-2.35087333103872,0.0873950334330732,7.2092813887508935,0.0919,0.842,-2.379158782559575,0.08950503519375447,7.158066226540887,0.1159
1787536603.1646228,-2.280281794613126,0.026831285144827025,8.255363667703563,-2.366184477431404,0.09376542582762533,7.102063671665854,0.1089,1.153,-2.3771809931790275,0.0928566692178294,7.133793798345657,0.1173
1787536603.31293,-2.277974853520996,0.027083193144659984,8.771673224375075,-2.3708450435658244,0.09392597188688792,7.124014708386506,0.1144,1.648,-2.3771809931790275,0.0928566692178294,7.133793798345657,0.1190
1787536603.4031284,-2.2769288408048123,0.027842919545641113,9.008632180552747,-2.3795720425465747,0.09674765672806031,7.5491067617668834,0.1236,1.460,-2.386593308888162,0.0947247881992489,7.577926156979533,0.1285
1787536603.476509,-2.2760174353748077,0.02874435069872254,9.063366024186992,-2.3815026590920967,0.10305536239048406,6.779507334928484,0.1290,2.284,-2.3506655138330577,0.044207503394287334,9.251418920018036,0.0762
1787536603.6216471,-2.274154979946936,0.02960639348018467,9.023279807550196,-2.362630316618066,0.05964322756611945,9.019613426120864,0.0934,0.004,-2.3506655138330577,0.044207503394287334,9.251418920018036,0.0779
1787536603.6968331,-2.2731351729908478,0.029545927383952994,9.022396906032489,-2.364566041482689,0.06235562712615116,7.830025311245002,0.0971,1.192,-2.3506655138330577,0.044207503394287334,9.251418920018036,0.0789
1787536603.7703846,-2.2724883369889715,0.029492660834673716,8.878131155957417,-2.3818115441878818,0.1098091293627354,7.731034699215068,0.1357,1.147,-2.446294322482245,0.15908140159944564,6.793581284602639,0.2168
1787536603.9131029,-2.2714072472166253,0.030013597279019512,9.038754409618388,-2.4023122410223654,0.10393511179666542,7.821463889778905,0.1503,1.217,-2.433093986458,0.09989765715866611,7.9033037004890945,0.1761
1787536603.9891372,-2.2708977476790935,0.03079724409224713,9.188128911449436,-2.4027297866970807,0.10426875458966212,7.81737079863604,0.1509,1.371,-2.4102784436794797,-0.007466640704913671,10.51060105212494,0.1445
1787536604.0687153,-2.2704142202134214,0.03181529511974789,9.263967413616463,-2.388435609377739,0.03222226213605829,9.781028428622664,0.1180,0.517,-2.4102784436794797,-0.007466640704913671,10.51060105212494,0.1453
1787536604.217848,-2.2696780583312783,0.03329732103514656,9.144459206571987,-2.3887600190796068,0.02925136864444111,9.886585539462738,0.1192,0.742,-2.350105776284859,0.04917641659898746,9.449367787329814,0.0820
1787536604.2999437,-2.2691859853933933,0.033432818966750974,9.127207126892865,-2.369954189492812,0.045591857508078655,9.134944883190443,0.1015,0.008,-2.350105776284859,0.04917641659898746,9.449367787329814,0.0824
1787536604.38762,-2.268613306268109,0.033346641416101885,9.152227902028887,-2.35875722473358,0.05701789574731298,9.138419640983416,0.0932,0.014,-2.2904717246940107,0.05933732813715205,9.163883299962064,0.0340
1787536604.4647489,-2.2681329942413706,0.033094303697596535,9.376795053401372,-2.326386170006834,0.06104403143144671,9.127937440167042,0.0646,0.249,-2.348613634487952,0.0625818898116715,9.102849178829063,0.0857
1787536604.6055398,-2.2678811497530074,0.033046229459880505,9.598411923142832,-2.3330482777153048,0.06178732396406483,9.11025820863311,0.0712,0.488,-2.348613634487952,0.0625818898116715,9.102849178829063,0.0860
1787536604.6915176,-2.2677360804038194,0.033423836371969086,9.678784717038502,-2.3589956070330795,0.040606301284886084,9.878522970282686,0.0915,0.200,-2.4011002821954617,0.026044605714455223,10.15100625169881,0.1336
1787536604.773469,-2.2677011242843115,0.033974378826862946,9.604371188650576,-2.3683956446398238,0.04182230334383176,10.013233249034759,0.1010,0.409,-2.3362531454948137,0.09487678352816796,8.945030357521762,0.0917
1787536604.9158664,-2.266855622929546,0.03443093597708146,9.560308941384593,-2.3464013334749665,0.07571227717288853,9.23949863784501,0.0896,0.321,-2.3362531454948137,0.09487678352816796,8.945030357521762,0.0920
1787536604.9991863,-2.2662708336113857,0.03427473995112628,9.559683730248631,-2.3267671544691946,0.08644639177812327,8.990929555730824,0.0799,0.569,-2.3137863742114173,0.08942710542698087,8.940295734693779,0.0728
1787536605.0800092,-2.2656957739171095,0.033924457885277925,9.673446076406162,-2.3169319373302604,0.0918787456390704,8.890950541858071,0.0774,0.782,-2.311825159609721,0.09291691839451635,8.872836797468203,0.0749
1787536605.1529908,-2.265237999897786,0.033672455335588096,9.952910555029232,-2.295219248846073,0.09257541022595533,8.89424002091289,0.0661,1.059,-2.281276385706505,0.09127474595739976,8.907824774936032,0.0598
1787536605.308905,-2.2631136453423424,0.03459376369010942,9.862191856064554,-2.2923765582444373,0.08596073731618908,9.351909386000177,0.0591,0.510,-2.2943612960746202,0.08133544742216192,9.423975896041805,0.0562
1787536605.398939,-2.2620503410430564,0.035491950358952834,9.66809252855229,-2.265964021089424,0.08364353616605046,9.508656156507689,0.0483,0.159,-2.241278741577616,0.07957936965478724,9.57185623558525,0.0487
1787536605.4805365,-2.2610931658368405,0.036317719781546055,9.285628454881628,-2.2703475527033277,0.09742752083431877,8.98020396857072,0.0618,0.305,-2.279250093158415,0.10247810148341203,8.907206521771965,0.0686
1787536605.5674362,-2.260094003785,0.03665697732691286,9.27801128187235,-2.2629875285867147,0.10048951620836095,8.981554144025681,0.0639,0.296,-2.284565256634628,0.09468236558747295,8.971815010252094,0.0630
1787536605.6566622,-2.258871579034342,0.03657205955118898,9.334524593316216,-2.2224528950874616,0.10220862837702822,8.38347612231779,0.0751,0.951,-2.210339625085243,0.09717198700630426,8.472420869350003,0.0776
1787536605.8160605,-2.2565589142230027,0.03605263050973033,9.890232878833473,-2.2358092403637957,0.09234123860299528,8.705053157517174,0.0600,1.185,-2.2706996318857264,0.08430732028170546,8.840936179292697,0.0503
1787536605.9009213,-2.255476294302575,0.03623245341825257,9.893090733485222,-2.2538730811466188,0.09140046856885937,8.8535863766327,0.0552,1.040,-2.2773470278937724,0.09052413330796819,8.880337980704393,0.0585
1787536605.985091,-2.2543815432201897,0.036799009935538064,9.818015027866945,-2.255517980834365,0.09543127525461281,9.130908552225454,0.0586,0.687,-2.261412973296156,0.09610212940348627,9.1267968408844,0.0597
1787536606.124728,-2.252146799426719,0.03791215511700651,9.571871641620064,-2.2504844221672466,0.09697286483871155,9.146932152002623,0.0591,0.425,-2.0910216825800108,0.16788899803711393,6.932764041961758,0.2070
1787536606.2005565,-2.250787705959741,0.038018335037588134,9.537256898365168,-2.159348978217451,0.1537483486988333,7.247530266429759,0.1475,2.290,-2.0910216825800108,0.16788899803711393,6.932764041961758,0.2059
1787536606.2851524,-2.24933098559522,0.037894239461820356,9.514252101056734,-2.235238756898705,0.10816520880660505,8.751290447846426,0.0717,0.763,-2.324881271288818,0.10633677721779602,8.703488562082512,0.1019
1787536606.3704395,-2.247845681761454,0.03750425377238806,9.602917798065542,-2.2289671070212287,0.11020858848108137,8.747414546999371,0.0751,0.856,-2.3102073912511942,0.24535087505207898,5.3324994441327656,0.2170
1787536606.452722,-2.246481595952961,0.03716963032778573,9.865104475902323,-2.2621629870468283,0.20952362172542804,4.804489799049654,0.1731,5.061,-2.3766289792211395,0.095131509332688,9.005742707742417,0.1425
1787536606.614405,-2.2441146458992214,0.037871061517564655,9.842089207428476,-2.3279535494989965,0.13443963884484353,8.480700363999167,0.1279,1.361,-2.380734163720028,0.0954644965203341,9.272446982369903,0.1483
1787536606.6868575,-2.2430088177265883,0.03856750169026332,9.693151732028568,-2.333409425419484,0.1364156717384666,8.492823731943362,0.1332,1.200,-2.1319400797115224,0.18429807951310156,6.774992596380403,0.1832
1787536606.7771714,-2.242407555017914,0.039113450390150004,9.564667150533783,-2.2050389476909587,0.17788609317165796,6.9732041130780535,0.1437,2.591,-2.3340694697488944,0.11403786035603897,8.724314933500397,0.1184
1787536606.8654833,-2.2416895503249217,0.03934911697386121,9.390075472616912,-2.2689230822514577,0.1281737571361515,8.561682887602956,0.0929,0.828,-2.3340694697488944,0.11403786035603897,8.724314933500397,0.1188
1787536606.996395,-2.2399890531176996,0.03891008410071807,9.202415889661472,-2.2703831857476535,0.1327406912616188,6.5961844046106215,0.0986,2.606,-2.3715388014041276,0.11939192515688261,8.124412450462685,0.1542
1787536607.0654922,-2.239241655445401,0.03863030450524968,9.28231466555333,-2.327807189489584,0.11617138036376527,8.210819352697465,0.1177,1.071,-2.3715388014041276,0.11939192515688261,8.124412450462685,0.1550
1787536607.194208,-2.2384412490198415,0.038968953966423525,9.288438911726713,-2.335865284778676,0.11420347234257576,8.212287468555429,0.1231,1.076,-2.298435764567789,0.05572402862625421,9.630039122095704,0.0623
1787536607.2734168,-2.2380777511310357,0.03960513928061377,9.332555814409524,-2.3138546992816402,0.06401825303406367,9.425042504911312,0.0796,0.092,-2.298435764567789,0.05572402862625421,9.630039122095704,0.0625
1787536607.357999,-2.2378001001553804,0.0404024485183269,9.253913183873555,-2.3062729086912377,0.0595905441112624,9.465181528380434,0.0711,0.211,-2.296090074401807,0.05946283686067584,9.464116925592736,0.0613
1787536607.505545,-2.2368467079538883,0.04107315452600518,9.01110120418311,-2.3259842105909936,0.08586576056426803,8.713608935769932,0.0998,0.297,-2.3532535519539404,0.10313189092995434,8.433818281570034,0.1319
1787536607.5833511,-2.235967177279762,0.04077501513049732,9.053744678703621,-2.330140274970276,0.08304562736180836,8.732343932362042,0.1032,0.321,-2.3218510915634307,0.06829509291771145,9.053930482317348,0.0902
1787536607.6625476,-2.235091951003641,0.0402542829680079,9.21727978151553,-2.3278787308694193,0.07120862709152616,8.706932444428165,0.0978,0.510,-2.303264646631232,0.07156720407500278,9.088231713907147,0.0750
1787536607.7505357,-2.234350446608592,0.03986562293552586,9.241132145236659,-2.319093511290196,0.06987992780988204,9.114234488544922,0.0899,0.127,-2.303264646631232,0.07156720407500278,9.088231713907147,0.0759
1787536607.9028656,-2.2328565679206784,0.04010237665213666,9.39025768284079,-2.3119391008641523,0.06547471856694528,9.329413792364436,0.0831,0.061,-2.3016274790662754,0.06434524157402445,9.344135642558062,0.0729
1787536607.9794834,-2.2321477821864746,0.04055994521400977,9.344221916538048,-2.312834924900877,0.06341857218110701,9.339306623698409,0.0839,0.005,-2.2827554281123774,0.07223220889491991,9.31784450165868,0.0597
1787536608.118648,-2.230861814761119,0.04106793056846175,8.906098721552167,-2.284066837902288,0.07051827677390476,9.224405747835782,0.0608,0.318,-2.2938485097947656,0.059441029161007616,9.59564106485313,0.0656
1787536608.1918418,-2.229944803643796,0.04066896979987048,8.919932607380217,-2.28461053727095,0.061003816262459015,8.971458197941455,0.0583,0.052,-2.2938485097947656,0.059441029161007616,9.59564106485313,0.0666
1787536608.265399,-2.2289608880596403,0.04003032840203968,8.996568461877745,-2.2907795628526024,0.06674791995577167,8.924026422298855,0.0673,0.073,-2.30037218282843,0.06924219717388178,8.890934583380515,0.0772
1787536608.423467,-2.2271691542321426,0.03878655576259069,9.258535559032788,-2.310453974987364,0.09636201918252894,8.289274461058165,0.1012,0.969,-2.3399849580960024,0.11262825354144955,8.025440079447645,0.1348
1787536608.4981763,-2.226257042574926,0.03863876855839212,9.290946803690279,-2.3123045344198676,0.0974657984478939,8.257691281821318,0.1042,1.033,-2.283241088055458,0.06290105682961075,9.338274729594119,0.0619
1787536608.5789022,-2.225334919090177,0.03876290188694911,9.280797628201404,-2.296731096910222,0.07069194363990278,9.225069145865305,0.0782,0.056,-2.283241088055458,0.06290105682961075,9.338274729594119,0.0627
1787536608.665504,-2.224516943005972,0.0390335852871769,9.125407287987953,-2.3106655679455024,0.0804160522568924,8.99974417910284,0.0956,0.126,-2.286024913328677,0.06024555156459199,9.419825719573431,0.0651
1787536608.8225307,-2.2227113426614893,0.03873303630984705,8.853150158119814,-2.3002766123060705,0.06666104598628202,9.327234440684181,0.0824,0.474,-2.286024913328677,0.06024555156459199,9.419825719573431,0.0669
1787536608.8959987,-2.2216068140468916,0.03811183419061422,8.9066672440256,-2.3084518943652546,0.093441933787859,8.096830166233003,0.1030,0.810,-2.324954806819644,0.10597548952170129,7.89590662804022,0.1236
1787536608.9776778,-2.220544827344001,0.03732879430184122,9.089271347534236,-2.3110066154714537,0.09639167281254066,7.4225240750855175,0.1080,1.667,-2.231209655081027,0.07579788477911907,8.71681444220047,0.0399
1787536609.0683277,-2.2199220595728346,0.0368145459286983,9.112891914363141,-2.2652194158800856,0.08360531917951601,8.571332878736982,0.0651,0.542,-2.3090191307529278,0.11064536535187326,8.099112727066204,0.1157
1787536609.2180774,-2.2186237532110518,0.03693263218471462,9.1636025487597,-2.2816130980616656,0.09898982715192997,8.296201727432075,0.0884,0.867,-2.3090191307529278,0.11064536535187326,8.099112727066204,0.1166
1787536609.2911825,-2.218056888047007,0.037255234231361,9.044363983991381,-2.260693319496577,0.06879655994310863,9.069914812296325,0.0530,0.026,-2.2462222349211274,0.05786879717526,9.242128380454387,0.0349
1787536609.3659642,-2.2175421987904493,0.03742505948623328,8.79364163973766,-2.256897719438751,0.06668706854942473,9.101007686691585,0.0490,0.307,-2.283904714192071,0.06810390666102653,9.043191732982562,0.0731
1787536609.5140405,-2.216810174398012,0.036868471985010316,8.482969157227206,-2.268686535446816,0.06988521824036412,8.799233265989008,0.0615,0.316,-2.283904714192071,0.06810390666102653,9.043191732982562,0.0740
1787536609.5896807,-2.2163911207145426,0.03617391932145216,8.401127779761264,-2.304342560284751,0.10259113033818523,7.890049612007174,0.1102,0.511,-2.343524393323077,0.11767102793874905,7.6453081193435075,0.1510
1787536609.6661527,-2.216045412247919,0.0361351405064013,8.418250789953388,-2.2758724825345995,0.08605770274333956,8.066447698933892,0.0779,0.352,-2.2496624624173593,0.0776021022867432,8.207350153495577,0.0534
1787536609.8173022,-2.215330407989257,0.03693213748849683,8.554302577725322,-2.274596243951214,0.08636638627264963,8.021544307270267,0.0772,0.533,-2.2910288316132057,0.09612794174014797,7.590282574222194,0.0961
1787536609.884497,-2.21499133417217,0.03776316197399529,8.534783147625802,-2.281547550720567,0.09269671750288304,7.64350363436068,0.0863,0.891,-2.2910288316132057,0.09612794174014797,7.590282574222194,0.0959
1787536610.019364,-2.214274086988118,0.039168287391806965,8.359880420064357,-2.281120664391276,0.0936925877055295,7.575081548776545,0.0863,0.785,-2.252472749579806,0.060174178479277855,8.532507952395102,0.0436
1787536610.0901146,-2.2137036350193227,0.03946522927805946,8.327349215515625,-2.263648030886747,0.06763762020874263,8.413252450235523,0.0573,0.086,-2.324897820111192,0.10615356028406073,7.471935496431408,0.1297
1787536610.1724377,-2.2130185272981775,0.039474209031095865,8.311229259618248,-2.290271759418446,0.0913226791132385,7.724018164252684,0.0930,0.587,-2.308069762320937,0.10157799196156407,7.476101795382899,0.1135
1787536610.2531204,-2.212331525014356,0.03930114862257755,8.386879162431748,-2.298627995069911,0.09768287586100127,7.543312573646504,0.1042,0.844,-2.308069762320937,0.10157799196156407,7.476101795382899,0.1142
1787536610.3931036,-2.211187079449447,0.03930648267573174,8.945524849289358,-2.3010754021805235,0.1000027471306709,7.452296932814516,0.1085,1.493,-2.269764964207992,0.09405315469804185,7.999503564153785,0.0802
1787536610.4575243,-2.210370889119767,0.040203500438836144,8.92579860670669,-2.284260514325383,0.09761859608800916,7.930038381475538,0.0936,0.996,-2.278711252096525,0.09755272437612424,8.18852628172122,0.0892
1787536610.5964017,-2.2088749674420343,0.04245020030234948,8.620395978952189,-2.2815165101665578,0.09860459569773057,8.168378254232726,0.0918,0.452,-2.278711252096525,0.09755272437612424,8.18852628172122,0.0890
1787536610.6741278,-2.208211572295198,0.04333461124418466,8.593690758739951,-2.2678953717466226,0.09673267823434369,8.18983518616566,0.0801,0.404,-2.263564849384175,0.1036779311035262,7.811502281454768,0.0819
1787536610.7639341,-2.2074410916633775,0.043948334330791525,8.55402585910198,-2.2643137326274205,0.1014897270403108,7.846317841962783,0.0809,0.708,-2.250457821970232,0.09291601457313957,8.052372848373686,0.0652
1787536610.852166,-2.206552235041487,0.044254891480906194,8.545739442301949,-2.2581550301196667,0.09693409562259149,7.983860135555554,0.0737,0.562,-2.250457821970232,0.09291601457313957,8.052372848373686,0.0655
1787536611.0025172,-2.204957878909133,0.04468871751769732,8.970924169788413,-2.2687261855310106,0.10428040568610725,7.727407539244857,0.0873,1.244,-2.2848861893888235,0.10963756193485,7.632008209598348,0.1030
1787536611.0742145,-2.203670699294582,0.04542650664772091,9.294115800464313,-2.26727230518342,0.10643799230362523,7.676686494562748,0.0881,1.617,-2.2652953645817777,0.10117827230247566,8.25695318079354,0.0831
1787536611.2164574,-2.201430427036767,0.047005234256852005,9.912309931089887,-2.26556714029123,0.1028291149495281,8.229085655609433,0.0850,1.683,-2.2652953645817777,0.10117827230247566,8.25695318079354,0.0837
1787536611.3001401,-2.200691975080994,0.04741721334651885,10.106113267069922,-2.302053225658796,0.07662481386740835,9.679932750255976,0.1055,0.426,-2.3539841989825323,0.060905427469054134,10.001370996351088,0.1539
1787536611.382286,-2.1998584625118753,0.047579088256386064,10.258147726652656,-2.26480048396458,0.08622398819566643,9.84439402204956,0.0756,0.414,-2.2262633328980606,0.0844320318171973,9.879881760390372,0.0453
1787536611.4605296,-2.198824219218049,0.047338186801452374,10.361678475095282,-2.239946609588781,0.0861805290091964,9.986885158601527,0.0566,0.375,-2.21831919103787,0.08403850542987396,10.0329708929911,0.0416
1787536611.6108875,-2.1968209351736427,0.04642360391265428,10.926306669248937,-2.2589522582589723,0.10354815898267808,9.623238253763397,0.0844,1.303,-2.2951334926290747,0.11938484089596173,9.354489448373666,0.1224
1787536611.6883643,-2.1958808606026183,0.04625764569289457,11.346522291074535,-2.2585628326757767,0.10456652732451664,9.576192719827965,0.0856,1.770,-2.296251189732837,0.12053697309796547,9.530363467608831,0.1249
1787536611.768786,-2.195081716908349,0.04656749102730078,11.46701840206114,-2.274273824846124,0.11368375604816856,10.210806399155903,0.1038,1.256,-2.2601444246180127,0.07051485109599975,11.131076961521666,0.0693
1787536611.856906,-2.1943266172470595,0.04713409041425269,11.505745154083211,-2.2653026609780675,0.08149909896253621,10.96887253452702,0.0789,0.537,-2.2668940075399853,0.07094382710855976,11.5857940960394,0.0764
1787536612.0094213,-2.193479466140271,0.04787114424308117,11.322439026708725,-2.265629374212177,0.07369046469021855,11.542271962164804,0.0766,0.220,-2.2553212356828056,0.07654351552039951,11.628398047821067,0.0682
1787536612.0786624,-2.192895195088848,0.04784131716544551,11.206650802247033,-2.260491964190456,0.07558115090704434,11.330801686494047,0.0731,0.124,-2.211995034349107,0.08102275878167373,11.30323753366175,0.0383
1787536612.2196739,-2.1916429158485906,0.04718718451363799,11.244488505409032,-2.2322700956815273,0.08074791224052111,11.30122324837894,0.0527,0.057,-2.211995034349107,0.08102275878167373,11.30323753366175,0.0395
1787536612.2957652,-2.190964235879633,0.04706279867514711,11.261961564035117,-2.270890167389701,0.10421462658409104,10.572127819211874,0.0983,0.690,-2.3236834416470216,0.12366832443749896,10.238383676877334,0.1532
1787536612.3682594,-2.190275973891032,0.04725974116145413,11.298778660318169,-2.27148425409106,0.10606773732688478,10.661430286496026,0.1003,0.637,-2.299717574720058,0.061413119534433645,11.832934366294108,0.1104
1787536612.518834,-2.1889720650246893,0.04844754983740238,11.193916393956554,-2.282150580404045,0.07840804050556281,11.489216244054802,0.0979,0.295,-2.299717574720058,0.061413119534433645,11.832934366294108,0.1115
1787536612.593536,-2.188433118803688,0.04901078153904494,10.935883980470688,-2.2248133821003906,0.07681275885936023,11.355427660224976,0.0458,0.420,-2.1872290266170036,0.07392172477023087,11.41000359960597,0.0249
1787536612.6639683,-2.1877801722517645,0.04932031511298799,10.645369449794991,-2.2298425676785825,0.07596635387221612,11.304262238596884,0.0498,0.659,-2.2423324046183963,0.07678958263585507,11.295232035176172,0.0611
1787536612.812187,-2.1856049344178348,0.04841478531824732,10.747964716967921,-2.2263178604508345,0.07452487246451843,11.411654240907252,0.0484,0.664,-2.2485902274395366,0.07984705712574967,10.710104523824462,0.0704
1787536612.8851025,-2.1845796199940843,0.04776031559269713,10.999833580352039,-2.2362753164273617,0.07746988114617445,10.74552740250267,0.0596,0.254,-2.2485902274395366,0.07984705712574967,10.710104523824462,0.0716
1787536612.9613192,-2.1839392465054726,0.047233533048748555,11.198969779288696,-2.3134576559618965,0.12225644126778842,9.753895359925268,0.1497,1.445,-2.369077629394679,0.13737316720788964,9.602664453585536,0.2059
1787536613.097837,-2.1826412170519687,0.04716521266811978,11.5734562337449,-2.3214521898921947,0.127985568765891,9.729312508278573,0.1606,1.844,-2.231587280281337,0.06401417469593243,11.773216448725238,0.0518
1787536613.1721065,-2.1820800145841606,0.04737691399026573,11.626725010658236,-2.277900618707522,0.0771064531028245,11.592720572779283,0.1003,0.034,-2.231587280281337,0.06401417469593243,11.773216448725238,0.0522
1787536613.2489212,-2.181816192307012,0.04694618414992226,11.735553027907258,-2.2494739325671755,0.06424571579829698,12.184320213339078,0.0698,0.449,-2.2190288132760667,0.05987781955429943,12.241796473225866,0.0394
1787536613.3314843,-2.181271005568153,0.04626301370314112,11.74696161160636,-2.240504141969267,0.06922808187948967,12.003343639418132,0.0635,0.256,-2.232283275466668,0.07216521838912526,11.95498811961121,0.0572
1787536613.5044608,-2.1796702306130777,0.04394433709883083,12.026036291642027,-2.208169261002885,0.07731995208859131,11.755349016120414,0.0439,0.271,-2.1848093217685953,0.07970552154278278,11.724443769841058,0.0361
1787536613.5889242,-2.1786978953435665,0.04338630852101968,12.238558860211228,-2.224299469781074,0.10442460566724118,11.263903619199953,0.0762,0.975,-2.2583557004433215,0.1215988497722992,10.975169064463788,0.1116
1787536613.664544,-2.177723634007729,0.043179096722242745,12.479661090145695,-2.2201726672675997,0.10724816514978233,11.326047670239,0.0769,1.154,-2.1755472911033844,0.0717477219976379,12.483336617840065,0.0287
1787536613.821428,-2.1758647131555655,0.0435627025660298,12.78452803632501,-2.1940978303725482,0.0810454094103717,12.330400067125174,0.0417,0.454,-2.1755472911033844,0.0717477219976379,12.483336617840065,0.0282
1787536613.8990653,-2.1750504568354323,0.043724324383186866,12.73350239064177,-2.2300970215981635,0.11072174738251467,11.961749451378838,0.0867,0.772,-2.280292632899819,0.12990780220520734,11.635245737842407,0.1360
1787536613.9781094,-2.1741027274215305,0.043595812784885786,12.735178916093153,-2.228005049428719,0.11437717573991268,12.070693962041489,0.0890,0.664,-2.2681081948173967,0.13238542674737164,11.702764445456605,0.1293
1787536614.0612118,-2.1731393446426237,0.04307072199442846,12.478358799075972,-2.2479240536533136,0.12529047440442867,11.825676368573138,0.1111,0.653,-2.2877369026856633,0.1491756738968537,11.31064018215101,0.1562
1787536614.2192624,-2.1718156636994146,0.04221359854032058,12.283989548794478,-2.265367549614242,0.13974435479836578,11.486808225726227,0.1351,0.797,-2.2877369026856633,0.1491756738968537,11.31064018215101,0.1577
1787536614.292847,-2.1711844670975404,0.042169322669642545,12.361250537162189,-2.27297673778324,0.13869816210948843,10.976543342310428,0.1403,1.385,-2.276089408246259,0.1377634774553441,10.983050417090366,0.1419
1787536614.3664877,-2.1707227326579925,0.04269579818745417,12.462278169872931,-2.2785429410215112,0.14600384259626395,10.432741310839894,0.1493,2.030,-2.1764935232805747,0.08781702450501619,12.244211142662639,0.0455
1787536614.5210905,-2.1700356594495815,0.044131008858234705,12.30697158070199,-2.2173678073780723,0.10414443406707237,11.959914374029552,0.0764,0.347,-2.1764935232805747,0.08781702450501619,12.244211142662639,0.0442
1787536614.6100965,-2.1694651866584835,0.04458304637369783,12.291588522244865,-2.2083366168924585,0.09290471772838378,12.302811987071195,0.0620,0.011,-2.202626934310308,0.08804028421226699,12.38237146617437,0.0547
1787536614.706078,-2.1687346315884306,0.04468887345004285,12.274040027011663,-2.2458166386610103,0.11539138426971181,11.490506420468046,0.1046,0.784,-2.2998975350655213,0.13522405139741334,11.152017071854347,0.1594
1787536614.7931585,-2.1679438066364902,0.04452355005821437,12.355516778004079,-2.2593653325197374,0.12928764018268032,11.248438519515512,0.1247,1.107,-2.2780229414339708,0.13354950917272282,11.1481882811669,0.1416
1787536614.8695972,-2.1672812684971503,0.044386403374590364,12.62719916942176,-2.267684968765163,0.13127680982087597,11.196477511057255,0.1328,1.431,-2.2780229414339708,0.13354950917272282,11.1481882811669,0.1422
1787536614.9480786,-2.1667422003667745,0.04460945935414244,12.628936843650234,-2.2716146497848038,0.13549468481710447,11.198492721386575,0.1388,1.430,-2.2863054050289016,0.1618724723963501,11.085204230972655,0.1675
1787536615.1224563,-2.1659020495272845,0.04615371198498615,12.533381900860975,-2.2787915790476947,0.14753797055843904,11.323235742011041,0.1517,1.210,-2.2683144685457717,0.14032784369789245,11.439297247528653,0.1391
1787536615.2129002,-2.1655974117009498,0.04691177163388225,12.258187822311605,-2.282029817325714,0.15134817377669807,11.333480062488208,0.1564,0.925,-2.2423973506147403,0.13883315721939568,11.539786052147303,0.1198
1787536615.3072338,-2.1649430158761107,0.04734378729863097,12.249857729295572,-2.21783816517342,0.11071879411137688,12.0727336715454,0.0825,0.177,-2.1652186389443493,0.09164121220338345,12.391696335955512,0.0443
1787536615.3846912,-2.1641412473735473,0.04742375733317245,12.290910289299811,-2.2137088558001636,0.1097354521260151,12.135775445138137,0.0796,0.155,-2.2502429446990404,0.13574112181441259,11.125214820380867,0.1233
1787536615.4680612,-2.163384620435688,0.04736052952888252,12.46717600286277,-2.228682174613723,0.12532385034283416,11.30428798208258,0.1017,1.163,-2.2374960599929175,0.13163184671270936,11.316072828897857,0.1122
1787536615.6124334,-2.1612988810665823,0.04816469904711336,12.501742216700599,-2.231606364741562,0.1295459597475277,11.351398478279002,0.1075,1.150,-2.244267781427336,0.12392231137767722,11.572980509194744,0.1124
1787536615.6865027,-2.1602545399205932,0.049011240329729325,12.490337410927557,-2.237504208987562,0.12511282053714584,11.559254884328189,0.1084,0.931,-2.244267781427336,0.12392231137767722,11.572980509194744,0.1126
1787536615.7651649,-2.1593024745382654,0.05001548735147519,12.35709597695762,-2.239495143347298,0.11836492605938809,11.773415876901723,0.1054,0.584,-2.2410982835219535,0.11591933958122629,11.809809555573676,0.1050
1787536615.9044435,-2.1583488400559148,0.05090121662584539,12.279723144199341,-2.2335952592227684,0.12360380036821539,11.650525100776003,0.1046,0.629,-2.2298349472098233,0.12489738993077551,11.633159962725722,0.1029
1787536615.9739985,-2.1577048984060587,0.05097563639580581,12.233117331764332,-2.2364287265450176,0.13593106508201577,11.30523213741908,0.1158,0.928,-2.2436343123821336,0.14274581197295394,11.194524996530436,0.1257
1787536616.0480456,-2.156997234026531,0.05082334639218559,12.259987096306087,-2.235587756520441,0.13777714390020576,11.299531394034556,0.1172,0.960,-2.156487686638374,0.09514479505043817,12.17408399774922,0.0443
1787536616.2097914,-2.1557847612953207,0.0505990145193863,12.694334329221697,-2.184741073762217,0.09271366372121752,12.269870505717808,0.0511,0.424,-2.1816052650313282,0.08539511129384018,12.384358785775357,0.0433
1787536616.2794983,-2.1550440170871954,0.051381448497908815,12.679701988653527,-2.179580788703497,0.08892605067021724,12.805962566899552,0.0449,0.126,-2.1816052650313282,0.08539511129384018,12.384358785775357,0.0432
1787536616.3673446,-2.154319469396194,0.05238891839388273,12.613200725352637,-2.261175065751894,0.1571135489287246,10.883930763044486,0.1496,1.729,-2.1715882972241296,0.08498781833141318,12.759869608168376,0.0369
1787536616.452593,-2.153712570931973,0.053507264242230165,12.390119594797206,-2.225253344577164,0.1004056347304354,12.943399221362547,0.0855,0.553,-2.1715882972241296,0.08498781833141318,12.759869608168376,0.0362
1787536616.6152167,-2.152247934700931,0.05489160884519304,12.343675790685955,-2.218484187514296,0.12111030995295743,11.63224930427186,0.0937,0.711,-2.224981173891694,0.1334000360222393,11.432399837282597,0.1070
1787536616.6969516,-2.1513452049941733,0.05518101002407622,12.37203150815638,-2.1795866496940905,0.10451523738553241,12.207035857379312,0.0568,0.165,-2.145403955654915,0.09540035051498418,12.366565249399475,0.0407
1787536616.7701662,-2.150514992851936,0.05532151801639407,12.573171490150187,-2.1735316024230498,0.10288706472060946,12.253356264846609,0.0528,0.320,-2.14970181807147,0.086389951643365,12.51303383531698,0.0311
1787536616.9197078,-2.1489409827374777,0.05651720648597248,12.851997594059968,-2.1596781846699473,0.09062658799483203,12.44481694062205,0.0358,0.407,-2.14970181807147,0.086389951643365,12.51303383531698,0.0299
1787536617.0084903,-2.1481480051293884,0.05764246484069061,12.769812213738792,-2.13278627051408,0.08092477492782267,13.206500404477035,0.0279,0.437,-2.119487826885428,0.07758900481675263,13.265443219065174,0.0349
1787536617.094697,-2.1475021343753165,0.05892966387700389,12.509635328941817,-2.1375195099507316,0.08340663394143204,13.032317686103486,0.0264,0.523,-2.1556442838657675,0.0863049531945831,12.995500229991462,0.0286
1787536617.1740606,-2.1468227430511524,0.05988007148796329,12.482900699660458,-2.1275614146685284,0.08722495249905646,12.879498452306313,0.0334,0.397,-2.1264486390294217,0.08984467069083962,12.837910649612244,0.0362
1787536617.251474,-2.146008613883795,0.060527528280875945,12.448985753839594,-2.117495485273145,0.08449292276020517,12.962053974706258,0.0372,0.513,-2.1390984484238222,0.093759999096014,12.601618576198366,0.0339
1787536617.3481696,-2.1450930200209037,0.06085774379439955,12.417132104602477,-2.1288721604484278,0.0906916229671946,12.652641028674187,0.0340,0.236,-2.1931221928378526,0.11277913720574792,12.137123397922542,0.0707
1787536617.506291,-2.1434359659108266,0.061402869381820324,12.824618726618493,-2.153295739765507,0.10068641233964842,12.356959697356341,0.0405,0.468,-2.1414951971056286,0.08237605471229818,12.887468193094048,0.0211
1787536617.5839896,-2.142723188392979,0.06166924166372596,12.984573999974788,-2.1442511384567022,0.0862339096334389,12.829660371770604,0.0246,0.155,-2.1414951971056286,0.08237605471229818,12.887468193094048,0.0207
1787536617.662627,-2.1420368637482263,0.062218757723894146,13.085317447345746,-2.116245853048361,0.0865480906238802,12.992242349755616,0.0355,0.093,-2.0988623919092206,0.08569301042370776,13.00976828368003,0.0491
1787536617.8213015,-2.140887592519785,0.06250975870094908,12.924496424479349,-2.245148308899803,0.06051471497892688,13.900913626336683,0.1043,0.976,-2.1377759282194186,0.09197192878414813,13.342401892815724,0.0296
1787536617.8914104,-2.1401216848742197,0.062241152855326935,12.737124704933835,-2.220889292476031,0.07845125147621126,13.595366811552081,0.0824,0.858,-2.1377759282194186,0.09197192878414813,13.342401892815724,0.0298
1787536617.9740977,-2.1391727298539585,0.061540620779217986,12.698653074788973,-2.202013099854937,0.12320714927605916,12.477764551791658,0.0880,0.221,-2.2082731031363787,0.1298075887622925,12.413518775167134,0.0971
1787536618.0577524,-2.1382546021419215,0.06067289284646843,12.788752652723817,-2.2062106566690165,0.12865452541820566,12.428444495482578,0.0961,0.360,-2.2082731031363787,0.1298075887622925,12.413518775167134,0.0984
1787536618.2088244,-2.136575999402142,0.060101041529461524,13.026949525751501,-2.258606853738055,0.08656345722077567,13.389277420382589,0.1249,0.362,-2.3029678561902784,0.0715603730635454,13.607807339474752,0.1668
1787536618.2852724,-2.1357065735599905,0.060519106314244224,12.996917781994338,-2.2204687722217495,0.09255495007944546,13.26776746511329,0.0906,0.271,-2.159094934717263,0.09331998514821427,13.224039236484836,0.0403
1787536618.3571305,-2.1349422284593054,0.0611002702005185,12.82849518637573,-2.2243625036386603,0.09153969817010126,13.337273823718565,0.0945,0.509,-2.129307977456298,0.0893271058622866,13.249014756772404,0.0288
1787536618.511415,-2.1334118773390434,0.061716343509737516,12.7663556775357,-2.167473940908382,0.09228620037414342,13.19683071655442,0.0458,0.430,-2.135873642996376,0.09914757473368375,12.885389021849006,0.0375
1787536618.5953674,-2.1324476559892034,0.06161336508678162,12.734362418500371,-2.147897310632718,0.09788092610805194,12.905054397282242,0.0394,0.171,-2.135873642996376,0.09914757473368375,12.885389021849006,0.0377
1787536618.6766422,-2.1314567799767383,0.061276702779317925,12.812224601106333,-2.1719119353788097,0.13220066008691306,12.088363974813701,0.0817,0.724,-2.2133796849150738,0.15281056738089713,11.742708828499596,0.1228
1787536618.8213193,-2.1300751690533284,0.06097991491824175,13.072305008076547,-2.169743121410884,0.13718887748548414,12.039767850673073,0.0859,1.033,-2.2133717002954434,0.14333738844506977,11.891252750804677,0.1171
1787536618.899349,-2.1295667547599817,0.06132245556438385,13.075691237879337,-2.193042289848571,0.13911785437053634,11.969536659284422,0.1004,1.106,-2.1248422577720287,0.0958976500554588,13.255066180266866,0.0349
1787536618.993726,-2.129099984210422,0.0618630727254451,13.006529985363638,-2.1528051103882055,0.10826405770358666,13.053544519921632,0.0521,0.047,-2.1248422577720287,0.0958976500554588,13.255066180266866,0.0343
1787536619.0695138,-2.128760474660573,0.06236975237156412,12.720661178976473,-2.147950330012928,0.10868007901860775,13.104302606730867,0.0501,0.384,-2.1175734372299817,0.09529525559570921,13.198735849383162,0.0348
1787536619.2035189,-2.127239448589952,0.0625857032567851,12.74581839113155,-2.130049842048847,0.09876058297494875,13.14308888912212,0.0363,0.397,-2.1175734372299817,0.09529525559570921,13.198735849383162,0.0341
1787536619.2656174,-2.126332102802699,0.06234138262178825,12.84088453850849,-2.119986626335328,0.09728354174055447,13.214177957273852,0.0355,0.373,-2.1156124230733737,0.09920786486001532,12.74995878833404,0.0384
1787536619.4047356,-2.124662891369339,0.061790935201169614,13.062926130750121,-2.1167819998209736,0.09866232984364989,12.760145386258019,0.0377,0.303,-2.1156124230733737,0.09920786486001532,12.74995878833404,0.0385
1787536619.4809275,-2.123864630205295,0.06187773630914224,13.107242863601257,-2.0997109392068456,0.09774003084888926,13.211535264317027,0.0432,0.104,-2.0951483925598398,0.09694708482527795,13.226983449037503,0.0453
1787536619.554628,-2.123067492880476,0.06227861250197367,13.140091426933768,-2.0919307362382704,0.09700683374344354,13.254922260028449,0.0466,0.115,-2.1324917342000798,0.12973805474699876,12.43588287721654,0.0681
1787536619.7099893,-2.1217079991739656,0.06345019256459207,12.848748382613246,-2.1291273719041963,0.12743874982242445,12.516044786085377,0.0644,0.333,-2.145790669539526,0.13131191931198255,12.460094864543189,0.0720
1787536619.7834375,-2.120971898422564,0.06374408006377306,12.564710716770097,-2.100714782673231,0.10554931699302786,13.006281439346742,0.0465,0.442,-2.0749982393383797,0.09512692381310536,13.173162998260217,0.0557
1787536619.8559763,-2.119895188243689,0.06343335655328816,12.578019135195792,-2.094368701418155,0.10317499342154166,12.893535472418138,0.0472,0.316,-2.0914467040646745,0.10222150514635212,12.9066077248494,0.0481
1787536619.9330547,-2.1187346543856624,0.06288610693616217,12.653910633103765,-2.08751122631189,0.10266540238834197,12.90806524843752,0.0506,0.254,-2.102203934984208,0.09886027006095953,12.707288541978311,0.0396
1787536620.1075954,-2.1166339450952947,0.06181577478443354,12.896541758496179,-2.0955288518847004,0.0989594329623706,12.708845814078709,0.0427,0.188,-2.086245776397915,0.08954777327968284,12.900467557650897,0.0411
1787536620.1812434,-2.115632952790626,0.06182930797114666,12.922669977479355,-2.0882779611825715,0.09173743999565252,12.86557234443271,0.0405,0.057,-2.086245776397915,0.08954777327968284,12.900467557650897,0.0404
1787536620.3183296,-2.113815259004499,0.06237406299203911,12.678735669861707,-2.08204339353927,0.09285824154757061,13.118680462202706,0.0440,0.440,-2.0826428225529465,0.09342158899917158,13.111784543463418,0.0440
1787536620.3851986,-2.1123903804749076,0.06253873618531083,12.416242255892831,-2.0754576837090144,0.09123343225802666,13.152144228629009,0.0468,0.736,-2.1758431943454495,0.14634705388786642,11.630082858024869,0.1051
1787536620.4544804,-2.1108491513057683,0.06255745784078232,12.208576031457751,-2.1259058541289657,0.12658387437850302,11.971736387551696,0.0658,0.237,-2.1758431943454495,0.14634705388786642,11.630082858024869,0.1060
1787536620.6102128,-2.107598797311957,0.061665547663427675,11.781877179032485,-2.15454203651077,0.13505097114232792,11.641373897991087,0.0871,0.141,-2.1807787790672237,0.14177804091162657,11.516673996166809,0.1085
1787536620.6784503,-2.1060872631767094,0.06110560301288298,11.801968161675909,-2.1589357536533607,0.13946588736409615,11.54382384547008,0.0945,0.258,-2.1629675270612903,0.164366723199869,10.304798892635283,0.1179
1787536620.8173795,-2.1035482962427405,0.06104002822784778,11.831727959843299,-2.158699578121362,0.15860144194494163,10.396172180142845,0.1121,1.436,-2.168883053662541,0.13686049832745903,10.857038316351872,0.1001
1787536620.8983173,-2.102299943415719,0.06143389658904742,11.781847778113978,-2.1700250492692916,0.14710594231852503,10.445498368394716,0.1092,1.336,-2.1857258937418576,0.09096197465361835,12.220362258652147,0.0885
1787536620.9888415,-2.1011449126634956,0.06191712833848117,11.609354567181141,-2.171170702353375,0.10893135254088224,11.883965276718387,0.0843,0.275,-2.1857258937418576,0.09096197465361835,12.220362258652147,0.0894
1787536621.0611017,-2.1003013192802986,0.06205523829473786,11.607262081675294,-2.174763877855622,0.1100408311805662,11.067210925008641,0.0886,0.540,-2.201311334281996,0.16683761164034708,10.25259225369804,0.1455
1787536621.2041056,-2.0983078052757715,0.06144175972976971,11.533675261557475,-2.180549686553492,0.14941425515261214,10.560639918896001,0.1204,0.973,-2.201311334281996,0.16683761164034708,10.25259225369804,0.1474
1787536621.2822957,-2.0972912509168378,0.0607690045532443,11.586055159184337,-2.201833783205883,0.17602467870783037,10.03614333452138,0.1556,1.550,-2.2291666205530882,0.197011935416634,9.613565381248062,0.1896
1787536621.373953,-2.0968488642956884,0.06031767442096401,11.604099447031585,-2.2104535549235047,0.18627323221781444,9.156688824256621,0.1696,2.447,-2.2065707274117314,0.15530406459929924,10.210857033568281,0.1451
1787536621.4599292,-2.09639889606367,0.06018154671999776,11.646394353373875,-2.212834548770128,0.1645600340895811,10.045218917756694,0.1564,1.601,-2.2065707274117314,0.15530406459929924,10.210857033568281,0.1456
1787536621.620884,-2.0956203316115567,0.06086003298296996,11.496381991443293,-2.190266647030685,0.15329747982015748,10.493625442194443,0.1323,1.003,-2.1663650443983307,0.1447620561670532,10.645485880353515,0.1097
1787536621.6929882,-2.095284010017104,0.06102388209408677,11.220661653901026,-2.1940892096981766,0.1557064570175395,10.40630695065376,0.1368,0.814,-2.159843592607991,0.13747330752777467,10.769313595980782,0.1001
1787536621.7612743,-2.095096810503888,0.06089806459940623,11.067753326543425,-2.176560699578592,0.1441598663513281,10.652053214744871,0.1165,0.416,-2.107854047217732,0.11202126120903477,10.993375304850195,0.0527
1787536621.9182136,-2.09463709298669,0.059784036426966294,10.806369791558835,-2.1375092714740784,0.12096433268243414,10.842470144103004,0.0747,0.036,-2.107854047217732,0.11202126120903477,10.993375304850195,0.0539
1787536621.9982295,-2.0942662876783413,0.05929520528199,10.831814098925742,-2.16429437537617,0.1376564937743855,9.99773831194631,0.1051,0.834,-2.1978295124631075,0.15127054251733058,9.762274511524236,0.1385
1787536622.073348,-2.0938926462032854,0.059137149411871655,10.901833138139995,-2.1650910659185225,0.13811247710519045,9.877890644350327,0.1063,1.024,-2.2108946453549594,0.09860764377516484,10.786945839210622,0.1235
1787536622.2224154,-2.0931902709633103,0.059676636710893294,10.905388457231858,-2.2099559923204724,0.1035650961085193,10.725387266674929,0.1247,0.180,-2.2108946453549594,0.09860764377516484,10.786945839210622,0.1240
1787536622.295184,-2.0929620174969363,0.06002583183278732,10.716259419787296,-2.1966391638314304,0.13781179251640563,9.919455214803444,0.1296,0.797,-2.172712522638949,0.14450702903483265,9.831593515758357,0.1162
1787536622.3677638,-2.0926524964838253,0.060105131183321246,10.458352845838272,-2.1778199153413333,0.1409236251333416,9.8666487968365,0.1174,0.592,-2.1530676468955887,0.13742589828618915,9.940880584777263,0.0981
1787536622.5215552,-2.0911702546612903,0.05947054379932988,10.524324496930156,-2.178846894828842,0.14232139977806524,9.750295093768427,0.1206,0.774,-2.173334087682893,0.1401858229915882,9.45914314212745,0.1152
1787536622.6023326,-2.0904500651729245,0.0588850311364097,10.74010229044933,-2.261924571608274,0.14862295285441338,9.305559095798538,0.1935,1.435,-2.2815428064718017,0.16183139605359403,9.062126642352082,0.2171
1787536622.686237,-2.089668889810558,0.05854839772036856,10.760672228704248,-2.271370101300702,0.1501749685992007,9.198043222732931,0.2035,1.563,-2.1381893450341445,0.13288085615787198,9.902156974947264,0.0888
1787536622.7898366,-2.088880762085101,0.058478500821302175,10.784211543762435,-2.215783388892684,0.1498676115802535,9.552435317492282,0.1564,1.232,-2.123087632202055,0.1253460617237887,10.037597340788594,0.0751
1787536622.872771,-2.0881201855827967,0.05882421988868542,10.72057964755628,-2.1736384585743194,0.1385072415118633,9.789156168070125,0.1169,0.931,-2.123087632202055,0.1253460617237887,10.037597340788594,0.0752
1787536623.0136259,-2.0858195912842894,0.0591436813423,10.183670637091625,-2.1710269240832525,0.13901621422535249,9.693201590971734,0.1168,0.490,-2.123087632202055,0.1253460617237887,10.037597340788594,0.0760
1787536623.0628374,-2.0847621109713184,0.05889316997308575,10.194107115483167,-2.1439069247260734,0.13462965425553688,9.283853724618549,0.0961,0.910,-2.1302755242322773,0.13110412283062797,9.352671332406839,0.0854
1787536623.2145727,-2.082385992597739,0.05790770643985666,9.656054781952026,-2.133455850663182,0.1375783191133953,9.312451949153397,0.0946,0.344,-2.1281852808644985,0.13747138910402726,9.321439229349682,0.0918
1787536623.28388,-2.0813699763384292,0.057895689772825325,9.747793822241743,-2.1401274461922455,0.1400533368625872,9.163194076107976,0.1010,0.585,-2.1523739326259594,0.1435996208898908,9.09451897069551,0.1113
1787536623.3507488,-2.0803293814032537,0.058156214568054074,9.85989621672136,-2.1355859642429076,0.14051009188267755,9.068858396712962,0.0992,0.791,-2.1614949515001363,0.124074522340567,8.980506815081286,0.1046
1787536623.4931633,-2.078264555010739,0.059504464666879864,9.98125249796353,-2.1355859642429076,0.14051009188267755,9.068858396712962,0.0992,0.912,-2.085248712762154,0.0990625222049293,9.797767250993594,0.0402
1787536623.5733345,-2.0773468879273973,0.06034137518286135,9.86358460548444,-2.1090821013047223,0.10598581931776782,9.680419634965569,0.0556,0.183,-2.0979557906814827,0.08823057904595356,10.114521959547137,0.0347
1787536623.7219155,-2.0754932449996826,0.060993204400565076,9.82066103435248,-2.101981191303052,0.09394753162779648,10.020467304068129,0.0423,0.200,-2.0979557906814827,0.08823057904595356,10.114521959547137,0.0353
1787536623.804407,-2.0744074447741028,0.06093313135642809,9.826420730456498,-2.1253775224146763,0.12449657756746357,9.131265257474917,0.0815,0.695,-2.166986276039305,0.14396505943899213,8.796293253490324,0.1244
1787536623.8837702,-2.0733687667659244,0.06067236869047057,9.98683471855969,-2.1408807210670475,0.1371271133069929,8.846338133245325,0.1020,1.140,-2.1617448265625665,0.14538803375420084,8.703004325192776,0.1224
1787536623.9749198,-2.0724188638921794,0.06057345193351782,10.267865544987398,-2.1391983968797867,0.13823181435443677,8.756871662261133,0.1024,1.511,-2.3569106559468294,0.0856309508197464,10.079024742879662,0.2856
1787536624.0674956,-2.071453657836001,0.06088299966824993,10.267348629604356,-2.2611644808466007,0.09813347407499366,9.930133147932315,0.1933,0.337,-2.0968732637200445,0.09565640553444023,10.001401371878051,0.0431
1787536624.1529136,-2.0705035019114817,0.06162276128474113,10.1933280535429,-2.265880684578221,0.09649589646124333,9.898674182762347,0.1985,0.295,-2.1496498171331604,0.1338370092746448,9.3788327852617,0.1071
1787536624.244901,-2.0696695037338633,0.06240945597510413,9.955062345994152,-2.152759478189637,0.10840741236549896,10.100893150495073,0.0950,0.146,-2.089586235771204,0.09349976724335844,10.355544894667004,0.0369
1787536624.40898,-2.0683409351079356,0.06284186835007657,9.893885600694132,-2.1486280751643876,0.10667638822541003,10.114648933186157,0.0915,0.221,-2.089586235771204,0.09349976724335844,10.355544894667004,0.0373
1787536624.4802225,-2.0675600187825953,0.06263712631287519,9.930415635558827,-2.1384210222245357,0.13163576396506582,9.175793179231249,0.0989,0.755,-2.1384128427617224,0.13904561646492142,9.056095145450438,0.1042
1787536624.5585806,-2.066870872173238,0.06237399442157518,10.117920148896753,-2.1222983903459385,0.12908627812555348,9.230589847807202,0.0867,0.887,-2.116865178108975,0.12827069275187017,9.23850992083126,0.0827
1787536624.7214663,-2.0652598496765426,0.06267830596012855,10.142170803341024,-2.124448922574871,0.13270621548578632,9.107578450949688,0.0917,1.035,-2.130741735490678,0.13362536618862575,9.099587989471878,0.0965
1787536624.8035142,-2.064460486158146,0.06327079576441207,10.09147576147295,-2.1684571611989796,0.1513493816785816,8.723874253021895,0.1363,1.368,-2.2093112401889523,0.16304477083876964,8.57568867573717,0.1759
1787536624.8771274,-2.0637947291107706,0.06392025952308965,9.848760302912703,-2.1845154405356824,0.1656481413980624,8.57891114525061,0.1579,1.270,-2.1987825120537727,0.171562395401882,8.499765618643393,0.1727
1787536625.02082,-2.0620840271312746,0.06422659185004391,9.544978115007765,-2.18649154703338,0.1714644298812286,8.477290692336531,0.1642,1.068,-2.0721898156846468,0.09488311031208946,9.931682396810555,0.0323
1787536625.0990045,-2.061006116000126,0.06387238078508563,9.592019047168383,-2.1272160471698816,0.11532487538773636,9.594163391556801,0.0839,0.002,-2.081368255021002,0.09706176158439583,9.582225440219004,0.0389
1787536625.1814249,-2.059967772611045,0.06335400759612722,9.767674022257879,-2.0988297165109544,0.10157952844798797,9.508864600722793,0.0545,0.259,-2.0406944352953884,0.10318538021972111,9.37907817539331,0.0442
1787536625.2674038,-2.059002374632232,0.063022840308991,9.78948852047259,-2.064118301582889,0.10358721854083457,9.368815046654767,0.0409,0.421,-2.1700910469943926,0.15911548487436017,8.245662066610127,0.1469
1787536625.4153426,-2.0570330424541425,0.06332612299282171,9.80636164972043,-2.121252700774959,0.1391762422628094,8.523531357996108,0.0994,1.283,-2.1700910469943926,0.15911548487436017,8.245662066610127,0.1482
1787536625.4865148,-2.056130915919645,0.06378117327174217,9.671492771365829,-2.1044938971022282,0.13059227862337788,9.061464990155155,0.0825,0.610,-2.0869047017708673,0.12359654066631899,9.189170389590965,0.0673
1787536625.5646229,-2.0552798053209917,0.06408217109475446,9.403585858875326,-2.0702066263179018,0.09836335428808575,9.926747981450404,0.0374,0.523,-2.045686512977788,0.08480483581912902,10.152192027324414,0.0228
1787536625.7236536,-2.05324638666752,0.06362836756990219,9.359024602265189,-2.1157546229139474,0.1361776423211487,8.438016628642053,0.0958,0.921,-2.1510037754641447,0.15492579991772437,8.160114869628499,0.1338
1787536625.8100328,-2.0521753448217686,0.0629712156044743,9.423693719522749,-2.112719749315846,0.13795292694069905,8.346927323618566,0.0964,1.077,-2.05783664301592,0.10626016204609971,9.230863367874308,0.0437
1787536625.8914783,-2.051225066241014,0.06236940315809921,9.66096054957596,-2.0831092747767785,0.11523450311831593,9.08160338616819,0.0617,0.579,-2.0381993129403906,0.10094880163145141,9.329126155170849,0.0407
1787536625.9767346,-2.050256338806148,0.0622423181981285,9.671450272674027,-2.0546152364647243,0.10501377426329275,9.260842796114776,0.0430,0.411,-2.0381993129403906,0.10094880163145141,9.329126155170849,0.0405
1787536626.0645766,-2.0492911999922336,0.06251049990276229,9.655424061791628,-2.129333610872777,0.15714261754546333,8.060882801313461,0.1239,1.595,-2.1631478107955333,0.15777507049054934,8.329554139442264,0.1485
1787536626.20386,-2.047999620069543,0.06328134921784813,9.359385704253368,-2.1473299100070373,0.15838375001566266,8.30113112400877,0.1375,1.058,-2.1631478107955333,0.15777507049054934,8.329554139442264,0.1490
1787536626.2739925,-2.0474738157376224,0.06335171890345684,9.202228322687665,-2.1383797116626067,0.14933579802953545,8.403605440781641,0.1251,0.799,-2.119991353303348,0.14118589688685043,8.54508496309951,0.1064
1787536626.4208586,-2.046157359338672,0.06270245706210999,8.971345958911684,-2.140203902142991,0.15243593716629397,8.332681539218907,0.1300,0.639,-2.055952380784616,0.11183436427208124,9.001959629882412,0.0501
1787536626.4906123,-2.0455802556610863,0.06219627606123282,9.056536036623186,-2.104242250167882,0.1336622477969086,8.185227451805,0.0925,0.871,-2.1256542303876227,0.1431731959521143,8.015501717846398,0.1139
1787536626.567286,-2.044843006195194,0.06199457886249695,9.072963061617278,-2.102208134027471,0.13412851731652942,8.119383561592278,0.0922,0.954,-2.133712945867912,0.13723424515020927,8.050009723509875,0.1164
1787536626.7227726,-2.0433306733406607,0.062469063846256154,9.060032525961338,-2.1183212822977735,0.13437246677729459,8.10573195899766,0.1039,0.954,-2.133712945867912,0.13723424515020927,8.050009723509875,0.1173
1787536626.8001382,-2.042666171368683,0.06299896845602287,8.893227253732192,-2.0798256711216734,0.10269965225674549,9.046160720681863,0.0544,0.153,-2.054463324616235,0.09462515583156857,9.033636775246697,0.0338
1787536626.8895903,-2.0420253694799406,0.06332187656306305,8.597986494443093,-2.0654862610054208,0.09687286235391145,8.99651425953561,0.0409,0.399,-2.054463324616235,0.09462515583156857,9.033636775246697,0.0337
1787536626.9738722,-2.0411472690691665,0.06338988642855037,8.59755189476963,-2.085047857332886,0.12036640713292732,8.283799363946498,0.0719,0.314,-2.1211087282901357,0.13751685532125424,7.983862080556313,0.1090
1787536627.0501516,-2.040156787680026,0.06313055232222484,8.64752272732114,-2.1062588341364865,0.1339696290231933,7.609809243342603,0.0969,1.038,-2.1349969869508905,0.14521891611233728,7.4090616383054035,0.1254
1787536627.2095373,-2.0387142013649013,0.06255863530932382,8.848872840709953,-2.106610937502051,0.1439187334853156,7.5013766226845044,0.1060,1.347,-2.106708191143033,0.14693097818259937,7.453973256917337,0.1084
1787536627.2869043,-2.0381843423397923,0.06274059075699653,8.884928493650929,-2.1102407395010365,0.13978649946148572,7.8469226560186005,0.1055,1.038,-2.111881396703357,0.1374595057851467,7.885654274027469,0.1049
1787536627.3561678,-2.0376396958558733,0.06324215668455091,8.879333104522528,-2.1105020381932516,0.1414819848579552,7.7737185349506905,0.1069,1.106,-2.0577971778091104,0.22035958011138485,5.582818525646162,0.1584
1787536627.5107982,-2.0367823758212458,0.06437717753620781,8.47903151830617,-2.0760350284782123,0.1562979829622112,7.5967584866447035,0.1000,0.882,-2.089935866105229,0.1316017104115603,8.019275637028798,0.0857
1787536627.5842626,-2.0360401368707994,0.06446698875019237,8.475829396993838,-2.0728232383307823,0.15869296888836387,7.535882126830563,0.1012,0.940,-2.0898552498258804,0.12740548854574207,7.730630989925939,0.0828
1787536627.6621912,-2.0351605516313875,0.06424727936728993,8.526230632093675,-2.0836232915594164,0.13382233500659538,7.62453195619846,0.0848,0.902,-2.099889543406471,0.1279888339323074,7.7413291876918,0.0908
1787536627.8175821,-2.0334833743759515,0.06335778007080015,8.99654419919774,-2.0918927011649915,0.12956654139446644,7.709817295867073,0.0883,1.287,-2.0774656178307853,0.12909186547273332,7.672428168275371,0.0791
1787536627.8918006,-2.0326334391887273,0.06325876370972058,9.008658203936033,-2.084168415741359,0.13002621697710431,7.651922174561156,0.0843,1.357,-2.021745638386273,0.07765712522510983,9.346960469547549,0.0181
1787536627.969188,-2.031768218604166,0.06347726248025162,9.016377024088568,-2.048582899179221,0.09187275547490177,9.107683770180339,0.0330,0.091,-2.0106728106474785,0.08051524789351373,9.334552733108023,0.0271
1787536628.0528765,-2.0309340363697728,0.06395242033492174,8.938028715415108,-2.0264355092126882,0.08325827153560254,9.286938143046223,0.0198,0.349,-2.089687039752481,0.13461393533218613,8.046488334765916,0.0919
1787536628.1475468,-2.0302119003244052,0.0644383940799856,8.693914465347065,-2.062481932054059,0.11845295211860356,8.28592771618712,0.0629,0.408,-2.089687039752481,0.13461393533218613,8.046488334765916,0.0920
1787536628.3177297,-2.028366455738331,0.06453049798605645,8.687313498371884,-2.027951746972289,0.09603554368497072,8.974362251434753,0.0315,0.287,-1.998390008440089,0.08672184999920644,9.132497586286405,0.0373
1787536628.407731,-2.0273636049076025,0.06419948916679025,8.784691073694132,-2.0603119189824004,0.1219681445648136,8.007610297105918,0.0665,0.777,-2.0845581439752188,0.13415898925729092,7.82394988136783,0.0904
1787536628.4862273,-2.026488742414091,0.06392588707484899,9.079942835239125,-2.073784794627724,0.12774997992735623,7.957069872615102,0.0794,1.123,-2.085051914406427,0.1304660080028489,7.921579889029246,0.0886
1787536628.571525,-2.025589159534026,0.06403745262221935,9.084446157907808,-2.073329508965459,0.12849044482766003,7.918670784705127,0.0802,1.166,-2.086960739501867,0.15352466162016612,7.790018464766959,0.1085
1787536628.6661506,-2.0246461594529017,0.06454617236965053,9.044663509931793,-2.077460598593699,0.15022843765837388,7.887055457521418,0.1007,1.158,-2.073798598050352,0.1497792525030886,7.8914571344512625,0.0984
1787536628.7535937,-2.0238121466101537,0.06529152001195253,8.836571686606927,-2.04035398957752,0.11230994072710407,8.921554873124592,0.0498,0.085,-1.99681085320861,0.09360865582161493,9.2326434486928,0.0391
1787536628.9242983,-2.021999735779991,0.06580940805396808,8.503707869632057,-2.0361925288691776,0.11052525326574303,8.968080272883643,0.0469,0.464,-2.067399249735778,0.1324378512238666,7.950491246755299,0.0806
1787536629.0063336,-2.020901488727602,0.06548058227140865,8.569902610399103,-2.04894312093708,0.1233693519641344,8.119781690325553,0.0643,0.450,-2.067399249735778,0.1324378512238666,7.950491246755299,0.0815
1787536629.1006477,-2.0198725943755567,0.06503373860166507,8.780821137187793,-2.0597177562980193,0.13693181139813815,7.56684421023912,0.0822,1.214,-2.0660383904825665,0.14123876343156616,7.4996777612457075,0.0891
1787536629.1749682,-2.018883299760343,0.06486905390341043,8.795786043458687,-2.058261226047027,0.138531897334099,7.499963329473911,0.0835,1.296,-2.0774905511663135,0.12776679931001925,8.068719897109244,0.0860
1787536629.2586381,-2.0178778499950756,0.06502115057613318,8.809135325892575,-2.071048109408529,0.13009635488818802,8.023671093243836,0.0840,0.785,-2.0774905511663135,0.12776679931001925,8.068719897109244,0.0865
1787536629.400415,-2.0160118966266998,0.06594822259890079,8.527223082293412,-2.0641773659385536,0.14001731310617588,7.7698793333988,0.0884,0.757,-2.0610141070675816,0.14201636957314545,7.734246433848397,0.0884
1787536629.4749725,-2.0151168427142157,0.06624732016066792,8.513964303707157,-2.0636982794041443,0.1415134931361135,7.736243443234472,0.0896,0.778,-2.044238180316203,0.1186786866311603,7.946365175586246,0.0600
1787536629.5595257,-2.014128285066236,0.06629753058057791,8.496674911125858,-2.0553553596921397,0.12483145210951375,7.839634727333289,0.0716,0.657,-2.078188368437516,0.14236448096759421,7.391782339240457,0.0994
1787536629.6399338,-2.0130300597176394,0.06604706021956788,8.520367573320595,-2.0648009946067547,0.13550572722952248,7.511373561384593,0.0866,1.009,-2.0459680061531222,0.12602727961992763,7.823328423410995,0.0684
1787536629.8000507,-2.0110231042589106,0.06542322126000479,8.991436890449638,-2.0554598521715968,0.12988545100722854,7.752103839756404,0.0783,1.239,-2.0459680061531222,0.12602727961992763,7.823328423410995,0.0700
1787536629.8796122,-2.010057138644072,0.06572635744131815,8.989796493802093,-2.058724158734489,0.1441309628129272,7.483706418260513,0.0923,1.506,-2.0607106436253155,0.1482855671385646,7.417399386657354,0.0969
1787536629.9601982,-2.009076541554389,0.06635147634262592,8.94593012306252,-2.0579518792336193,0.14612931697864423,7.433635433818264,0.0936,1.512,-2.004361997472911,0.09617690078228365,9.054793535191578,0.0302
1787536630.116577,-2.007355892845869,0.0676982212663752,8.752371582059551,-2.0285916013095937,0.10833382507786815,8.846873884197493,0.0458,0.095,-2.004361997472911,0.09617690078228365,9.054793535191578,0.0286
1787536630.209764,-2.00641926456596,0.06800398486558412,8.718383087722739,-2.043145844969127,0.1315448619191124,8.054133316885368,0.0734,0.664,-2.066576819178584,0.143959246699082,7.836095396926259,0.0969
1787536630.2961202,-2.0053629788050866,0.06800144081322794,8.715538698957431,-2.0578687882265156,0.1326756937410962,7.912856995988904,0.0833,0.803,-2.0639608291127436,0.14968884443823532,7.7006349322274,0.1005
1787536630.3712263,-2.00437171495728,0.06779705278177828,8.889176110311936,-2.0594995437278274,0.1436631452521106,7.799183584667779,0.0938,1.090,-2.0639608291127436,0.14968884443823532,7.7006349322274,0.1013
1787536630.4478548,-2.003449184656084,0.06778597868713662,9.167866098679195,-2.0794730873268277,0.1406746821952824,7.820910749857401,0.1053,1.347,-2.0908009872289353,0.1393866912975439,7.850028821074776,0.1129
1787536630.610177,-2.0015600970917853,0.06894611091424704,9.126193156682291,-2.082783585827417,0.1422130870003584,7.799186433122628,0.1094,1.327,-2.0819452832891328,0.1593736057706978,7.933274097724122,0.1210
1787536630.6948864,-2.000714406831271,0.06985018840347619,8.934456207240684,-2.055852621276436,0.13078877654964324,8.762940743032393,0.0822,0.172,-2.0151646008899067,0.11101742578499012,9.094240879548757,0.0436
1787536630.781557,-1.9998916253740269,0.07054816632259533,8.614923448561855,-2.0779282347678927,0.14909042044109996,8.022053007998622,0.1107,0.593,-2.095373277337451,0.15903658126668233,7.871431348653691,0.1302
1787536630.8649702,-1.9988555812984021,0.07061224083781069,8.617053976402284,-2.070655643739886,0.15164246188589592,7.827911028388367,0.1083,0.789,-2.0609790023058867,0.14975728120158474,7.86468397495361,0.1006
1787536630.947171,-1.997720118596908,0.0703830563031963,8.671085684924389,-2.073176268094525,0.15077495211592798,7.653679209557308,0.1103,1.017,-2.074322393322425,0.15039748434268946,7.657230295320894,0.1108
1787536631.119092,-1.9956411806942702,0.0698729214546535,8.897370613726208,-2.0831351230623287,0.14730085541650836,7.755020273270361,0.1168,1.142,-2.0909934252949354,0.14682909920777024,7.758237939754231,0.1225
1787536631.1996872,-1.994611158727215,0.07005228678453236,8.914558257816177,-2.0365520203411007,0.12663888397011264,8.550885575652043,0.0704,0.364,-1.993232213851435,0.1144628240763369,8.758980450324135,0.0444
1787536631.272229,-1.9935948461016395,0.07053981683849268,8.85716304939963,-2.0328616590248565,0.12500830419033684,8.597538513152687,0.0671,0.260,-1.998753060805064,0.1078927115980254,8.895495628954015,0.0377
1787536631.4111276,-1.991760994190626,0.07147423681635622,8.652510741909257,-2.012650026095566,0.11222752785949447,8.823446706553934,0.0458,0.171,-1.998753060805064,0.1078927115980254,8.895495628954015,0.0371
1787536631.4786317,-1.9907409958198696,0.07157918943269918,8.62923377797345,-2.032331824072888,0.13551948902509467,7.939114173299696,0.0763,0.690,-2.06044586791975,0.14869674748094516,7.7060928987569435,0.1040
1787536631.54992,-1.9896270416541535,0.07146477407036349,8.62554662066026,-2.0293577815922204,0.13568529384292727,7.924663936960272,0.0755,0.701,-2.04648452991922,0.14907385942621482,7.792800287165533,0.0962
1787536631.6964514,-1.98750591867469,0.07086409247997905,8.966458699965532,-2.0380890486838865,0.1451500865545719,7.860996582926402,0.0899,1.105,-2.0769576590146097,0.14672621054846124,7.64961183390326,0.1173
1787536631.76968,-1.986939893361556,0.07084494551744171,8.97422033527947,-2.0637378964000956,0.14640603335721117,7.644820589007515,0.1077,1.329,-2.0769576590146097,0.14672621054846124,7.64961183390326,0.1177
1787536631.9201958,-1.985798112972003,0.07174077554315252,8.919614959541448,-2.035708836025526,0.11965833130408977,8.74073564472301,0.0692,0.179,-2.0052115183857877,0.10646559253957162,8.967077440664315,0.0398
1787536631.9957602,-1.9853424268180175,0.07238386023431158,8.706646652319966,-2.0069961399960996,0.10759924990660429,8.932614074192045,0.0413,0.226,-1.9873899696331812,0.10333554899521145,9.004145209592135,0.0310
1787536632.066599,-1.9847113443814752,0.07285772307859456,8.689279943078116,-2.0022811545549484,0.10451536982236533,8.991828440518631,0.0362,0.303,-2.0455448751932686,0.14296387320695292,7.891539290439475,0.0928
1787536632.145427,-1.9839853648961951,0.07308243035856272,8.667373685008192,-2.020458290270495,0.1294097968424245,8.131791097042754,0.0671,0.536,-2.062120774877648,0.14312881714523515,7.772639729066232,0.1049
1787536632.3080463,-1.9823583322155653,0.07279157089488844,8.826429779520687,-2.039994781472262,0.13652219175155766,7.89517302671614,0.0859,0.931,-2.0449762380145886,0.1505221191231085,7.676215448856755,0.0998
1787536632.3820372,-1.9816615209925466,0.07273139100366421,9.120531791849846,-2.041493563646769,0.1466917661212401,7.740336459484564,0.0951,1.380,-2.0742166002139184,0.15371613166921824,7.901245197062108,0.1230
1787536632.4557002,-1.9808734397394914,0.07304252677527805,9.119149391431531,-2.0584308813910326,0.15418752206019432,7.850519064573619,0.1122,1.269,-2.0742166002139184,0.15371613166921824,7.901245197062108,0.1234
1787536632.6033714,-1.9793252054220345,0.07445310226664963,8.952113959378725,-2.028929375698019,0.11715941482952263,8.987483987689751,0.0655,0.035,-2.0020117738632512,0.10398895214167239,9.208803484598121,0.0372
1787536632.6727357,-1.9791150504182988,0.07509928555354974,8.80146906237622,-2.0272802545806474,0.1150377400348519,9.050730868944035,0.0626,0.249,-2.035241935440382,0.14776157321647873,8.049974070131299,0.0918
1787536632.8186831,-1.9784156285110839,0.0756641889289193,8.443815371540712,-2.0277295524108205,0.1393710412666151,8.194694763481042,0.0806,0.249,-2.0364030902424797,0.14983113754189983,7.879614348329855,0.0941
1787536632.8960202,-1.9779539451457675,0.07557391614258968,8.32863697335607,-2.0308724653032697,0.14646999267440405,7.939219930664908,0.0885,0.389,-2.0364030902424797,0.14983113754189983,7.879614348329855,0.0945
1787536632.9727535,-1.9775787965814484,0.07536773906876412,8.374728179250068,-2.053033241757258,0.15896675926522436,7.3097359185932715,0.1126,1.065,-2.051595261730504,0.16366300064858133,7.1382544397632595,0.1152
1787536633.1126676,-1.9764066358089565,0.07580683119400142,8.40141519796456,-2.0526224150403403,0.16265130943528497,7.157111591788955,0.1155,1.244,-2.051595261730504,0.16366300064858133,7.1382544397632595,0.1156
1787536633.1968927,-1.9757938876286285,0.07643168762456971,8.389095893862208,-2.033662586109724,0.1779550916018235,6.558846801773019,0.1169,1.830,-2.0210060448878027,0.18141408899526462,6.4834068047669176,0.1143
1787536633.2700791,-1.9752830836048187,0.07722918531446883,8.21643015343547,-2.0322891719901146,0.1839919333358246,6.415321932097634,0.1210,1.801,-1.9778782737213083,0.1322176414576705,7.736922566410484,0.0550
1787536633.3527591,-1.9748128118728099,0.07786972833175516,7.929249003190748,-2.000865313635709,0.14428263795740903,7.541226718069253,0.0713,0.388,-2.013698968827315,0.1392595608697835,7.345647535224078,0.0727
1787536633.5024111,-1.9730164036285982,0.07778908129827068,7.99371544419646,-2.0074699924322967,0.14003694458215238,7.329306319170119,0.0711,0.664,-2.013698968827315,0.1392595608697835,7.345647535224078,0.0737
1787536633.5874898,-1.9720237739598947,0.07736617664023829,8.160982619479213,-2.007678497065206,0.14027674883851005,7.136874409231227,0.0723,1.024,-1.97993754928762,0.1319425119641789,7.3575086473407065,0.0551
1787536633.6680179,-1.971148760570566,0.07700158983206665,8.49986672194412,-1.9921405530075962,0.13517890892144943,7.306071599427807,0.0618,1.194,-1.97993754928762,0.1319425119641789,7.3575086473407065,0.0556
1787536633.8072898,-1.9684731517070302,0.077792041543459,9.091057694335857,-1.9949320654639233,0.13868882335262855,7.2935303485266765,0.0664,1.798,-1.9992062886125717,0.140043810239679,7.27673368794423,0.0694
1787536633.8777275,-1.9671422528492184,0.07857189815566944,9.256116042611408,-1.9786982581310772,0.13098130568251098,8.271592102737085,0.0537,0.985,-1.968397617653193,0.12670270917833834,8.345457498156849,0.0481
1787536633.9578412,-1.9660760847883305,0.078593846756719,9.246495076135865,-1.9784751699857805,0.14068032896834787,8.35562625003676,0.0633,0.891,-1.9831805265269133,0.14425175794252731,8.30060245749193,0.0678
1787536634.038202,-1.96494373789498,0.07841522419907454,9.209343250755104,-1.9623988426424315,0.11897113779738573,9.18415253250136,0.0406,0.025,-1.9497584846367675,0.11004185172345254,9.3351869074339,0.0351
1787536634.208947,-1.962334823428151,0.077122397233818,9.152887929980723,-1.9564368395531693,0.11652056989364486,9.284404851880241,0.0398,0.132,-2.0752909555686143,0.18736617353198468,7.633850067732558,0.1578
1787536634.2785704,-1.9610978175698468,0.07625762866136443,9.34164094070916,-2.0280755946672295,0.158114706406137,8.335141349418118,0.1058,1.006,-2.0149355750014863,0.1488614931774433,8.499341619521038,0.0904
1787536634.418675,-1.9593674131008436,0.07576867684956767,9.3801201886677,-2.0302236377678997,0.16044877373324987,8.369038436141144,0.1104,1.011,-2.0739977313049502,0.18083102184044406,7.8541647086683595,0.1555
1787536634.488654,-1.9584941986761664,0.07596337609676268,9.347304676423496,-2.0579441061051282,0.17521214503841903,7.931038225625748,0.1405,1.416,-2.0739977313049502,0.18083102184044406,7.8541647086683595,0.1560
1787536634.5682952,-1.957705089750638,0.07627403425991762,9.196506440829928,-2.040082224120812,0.1662352119159785,8.230595179830685,0.1220,0.966,-2.014472772498908,0.1570579044074046,8.3959853800584,0.0987
1787536634.720001,-1.9560202232705681,0.07623798696638028,8.911337771660031,-2.0287674894982826,0.16120817812967203,8.2423664414494,0.1119,0.669,-2.01558106028089,0.15664766536468733,8.323443654187612,0.1001
1787536634.794452,-1.9549587125945966,0.07566995155794864,8.933508542641665,-2.028310580408197,0.16080597338426877,7.810680813943678,0.1124,1.123,-2.027048551930048,0.16064788019738513,7.809670567030804,0.1114
1787536634.8693871,-1.9539037689824927,0.07488125943046083,9.07627223273232,-2.029245877045404,0.1621011250264459,7.798105507670176,0.1153,1.278,-2.0272485197142434,0.1601403465717699,7.885276886547505,0.1125
1787536635.0207472,-1.9529849020115158,0.07464925811045772,9.267555396113666,-2.0284521746474677,0.1608773440065038,7.872177291440765,0.1146,1.395,-2.0272485197142434,0.1601403465717699,7.885276886547505,0.1132
1787536635.1025977,-1.9525323642498136,0.07505401454809446,9.450361194807865,-2.023975829907421,0.15666522483113782,8.133532913947908,0.1085,1.317,-2.018781601826202,0.15399524709126464,8.181680532730963,0.1031
1787536635.183239,-1.9521210708622456,0.07577281233692394,9.53289219919441,-2.024385710876721,0.15727728920090572,8.146960249946781,0.1089,1.386,-2.0654371219417667,0.1835154209960709,7.740023641676534,0.1564
1787536635.2633233,-1.951819120027835,0.07646176507539809,9.450772233453472,-2.024385710876721,0.15727728920090572,8.146960249946781,0.1086,1.304,-1.9334786999001958,0.12118546555175069,9.524718076962333,0.0483
1787536635.3519044,-1.951236166493866,0.07684881469510278,9.438028612956678,-1.9884862004027057,0.1388447911592248,9.225470417143574,0.0723,0.213,-2.009602767617587,0.1645283080631177,8.464669774534222,0.1053
1787536635.5104067,-1.9497520729378788,0.07666835850977363,9.514991334353379,-1.9942192137712542,0.15489144865162083,8.634585929709399,0.0900,0.880,-2.009602767617587,0.1645283080631177,8.464669774534222,0.1063
1787536635.581572,-1.949104265775156,0.07645060089848978,9.76843715573651,-1.989591258924465,0.155195108868546,8.696595076374827,0.0885,1.072,-2.004407458455678,0.1659830593956795,8.528902268345878,0.1052
1787536635.650318,-1.948350038011189,0.07638525017212879,9.781768223363278,-1.9977502355651762,0.16306719979689607,8.58029692819308,0.0998,1.201,-1.9398384308733194,0.12084290003739628,9.647660392494492,0.0453
1787536635.7978895,-1.9468285858931542,0.07716660920211275,9.748942944768482,-1.9623267387633876,0.13210455136867982,9.457020080169743,0.0571,0.292,-1.9398384308733194,0.12084290003739628,9.647660392494492,0.0442
1787536635.8777838,-1.9461619175872686,0.07779131997595323,9.578478001470598,-1.9392909479354554,0.1307077494509557,9.561356440669549,0.0534,0.017,-1.9286481456266245,0.12995106561685463,9.57372632823448,0.0550
1787536635.9529145,-1.9455050177952147,0.0781854541452668,9.275933054613441,-1.9290917355595016,0.12758241680648047,9.682373491919526,0.0521,0.406,-1.998750185492002,0.16892289157036094,8.402880510221637,0.1052
1787536636.1038883,-1.94345205857221,0.07766900203640861,9.368272728067218,-1.9649183834015467,0.15445495337237083,8.661388038265192,0.0797,0.707,-1.9950537903496388,0.1568747457600049,8.30422151258251,0.0945
1787536636.1801953,-1.942366035817962,0.07703485873247974,9.586459952974693,-1.979305049011299,0.15382785229352516,8.367040593853135,0.0852,1.219,-2.0477087328025947,0.19033259394220423,7.643074967277731,0.1547
1787536636.2657242,-1.9411916826760924,0.07676386276302422,9.610590364718853,-2.023441864352739,0.1806933815521351,7.777843885156225,0.1325,1.833,-1.9747728399401714,0.1402815221309269,8.931848462628379,0.0718
1787536636.3455071,-1.9400048710588356,0.07683367417330841,9.671423703042102,-1.999008374932365,0.15900512424164498,8.797636948547131,0.1012,0.874,-1.9859943943997673,0.15424265305857893,8.894561253865652,0.0900
1787536636.502353,-1.9376922524545048,0.0778239162614944,9.606729937790119,-1.9991436787679946,0.15958193742201504,8.828046659777998,0.1023,0.779,-1.9859943943997673,0.15424265305857893,8.894561253865652,0.0904
1787536636.586927,-1.9366432391732007,0.07830279334763549,9.375690654625648,-1.962329398372945,0.13134072818388962,9.550598892368267,0.0589,0.175,-1.9398030552819152,0.12335430597413793,9.684105468402691,0.0452
1787536636.6691384,-1.9355193728832636,0.0783301034853086,9.376176476924051,-1.9741905586614021,0.14788384563097542,8.910671693419305,0.0796,0.466,-1.9949738265145176,0.15936206716627913,8.704747182395119,0.1005
1787536636.7437384,-1.9342668486519137,0.0780424097448309,9.399859524770736,-1.9761427794493014,0.16050812142111262,8.451694710244796,0.0925,0.948,-1.9826789686002146,0.16567446155058407,8.360816988616532,0.1001
1787536636.900377,-1.9322926580826767,0.07750204327767826,9.591608135096571,-1.9743082683444437,0.1615378996724925,8.445708591228662,0.0940,1.146,-1.9826789686002146,0.16567446155058407,8.360816988616532,0.1016
1787536636.9790003,-1.9315223544671811,0.07773292650607672,9.671623350817667,-1.9744772594853284,0.1735080774892433,8.270885743762006,0.1050,1.401,-1.9773030130521716,0.17672777832317627,8.215436158319845,0.1091
1787536637.0616083,-1.9308114882614704,0.0783722678574606,9.807227710140715,-1.977677643062181,0.1638245983013892,8.631794143896071,0.0975,1.175,-1.9800041348828046,0.16039600979591973,8.689608606236494,0.0956
1787536637.2136428,-1.9296338587782715,0.08004550423326157,9.681693583527737,-1.9762725591845776,0.16502764935508882,8.643311466718268,0.0969,1.038,-1.9225550878341222,0.12170951662899375,9.640870024434143,0.0423
1787536637.2833076,-1.9288329665473025,0.08042233575869862,9.671701672604541,-1.955924176269123,0.1480027401406922,9.030656296277291,0.0728,0.641,-1.978766263753557,0.16044978515440758,8.80870991073895,0.0943
1787536637.3600292,-1.9279189994729062,0.0804980017506512,9.638662214320172,-1.9526687127153584,0.14728003672087028,9.065387360374809,0.0712,0.573,-1.9819182889338558,0.16700320704875607,8.676894567784437,0.1020
1787536637.5201993,-1.926091248969837,0.0801387183712135,9.888482986086531,-1.9673621562762684,0.16057150300264464,8.79148649895884,0.0904,1.097,-1.9819182889338558,0.16700320704875607,8.676894567784437,0.1033
1787536637.5979657,-1.9256347003642837,0.08015291280845013,9.895972650620037,-1.9427422329960577,0.13044267667263137,9.497066883099373,0.0531,0.399,-1.9295992068310106,0.12273340677955195,9.627530112547436,0.0428
1787536637.6785507,-1.9251655237269631,0.08051591772721489,9.904361539197204,-1.9537164025482932,0.14959284794387082,9.135983746239996,0.0747,0.768,-1.9766286909641495,0.16424129385768063,8.872176339625815,0.0983
1787536637.7647586,-1.9247195284461631,0.0811502019694103,9.839100721895699,-1.930988337684085,0.1240326233770106,9.925067240571359,0.0433,0.086,-1.9161952019461468,0.11572213126189027,10.0668089987091,0.0356
1787536637.8478403,-1.9246885606071558,0.08136231431838231,9.877200045034522,-1.9262507409927743,0.12078577501352858,10.012869012687394,0.0395,0.136,-1.9618971912130034,0.15745350812251657,8.943431949864726,0.0847
1787536638.0170822,-1.9243341550140753,0.08098368688159341,9.8431443952786,-1.9287147796706736,0.1309204102184415,9.770391209031827,0.0501,0.073,-1.921223964270697,0.12645887728776095,9.847855925118171,0.0456
1787536638.0912266,-1.9240220828695254,0.08034282365210434,9.891933505190014,-1.9246770706246301,0.12898958097105775,9.835226360366185,0.0487,0.057,-1.9161956093689259,0.12635187924512672,9.890344808380156,0.0467
1787536638.1672332,-1.9238008591493851,0.07964450683420493,10.091508489013421,-1.9196166606475853,0.1271601606043725,9.87679802791113,0.0477,0.215,-1.9236181538578283,0.15422726179179935,9.106941317976933,0.0746
1787536638.3141212,-1.9227309433097441,0.07949013545424087,10.13109295442191,-1.916434535033756,0.14623105034120149,9.24660942571326,0.0670,0.884,-1.9103259322788075,0.13910846981096564,9.507734017344745,0.0609
1787536638.3866634,-1.9222017594006207,0.07984984976337142,10.09088908789953,-1.90706601644064,0.14911167603061756,9.152406024207343,0.0709,0.938,-1.9092058039959947,0.1538180359419504,9.068431816768623,0.0751
1787536638.4572508,-1.921776317363318,0.08029908555436471,9.905996218206356,-1.9017993613019242,0.14977635432964687,9.160153765777528,0.0723,0.746,-1.8887894549973763,0.14631628542179703,9.425313520505425,0.0738
1787536638.6113195,-1.9198381310177766,0.08066546543961146,9.228624360769606,-1.8938657012225872,0.14808875969895205,9.389291388179752,0.0723,0.161,-1.8750926899473472,0.12741593288745637,9.66137549127135,0.0647
1787536638.6829646,-1.9186874938683611,0.08040821193799662,8.899335056059508,-1.8824586378821906,0.13324365924791814,9.55603137535214,0.0641,0.657,-1.8750926899473472,0.12741593288745637,9.66137549127135,0.0641
1787536638.7610614,-1.917553707629122,0.0799570094389797,8.683473443555991,-1.8725198478140115,0.13117001443042964,9.60751342104514,0.0682,0.924,-1.9048503942772428,0.2114796981197335,6.7888509351617685,0.1321
1787536638.9132857,-1.914837274520865,0.07963091815676011,8.651580777156425,-1.9127644241073634,0.16472462717744538,7.904779305197817,0.0851,0.747,-1.918370614494769,0.14006847404782552,8.33234747982127,0.0605
1787536638.9845572,-1.913120656278114,0.08001857091287591,8.682236716499833,-1.910217102244705,0.166634923387014,7.820480706511358,0.0867,0.862,-1.9690417113885668,0.1634467735081336,7.351845281992796,0.1004
1787536639.0587838,-1.9115368036021383,0.08074217980309242,8.616114302981412,-1.9496263290813522,0.16309821800685853,7.340119228348268,0.0907,1.276,-1.9016478298600294,0.11042940567397512,8.802955682555517,0.0313
1787536639.2146535,-1.9091314137054283,0.08064442314678512,8.54474322618146,-1.9265576994719533,0.12449324757248306,8.560688634298351,0.0472,0.016,-1.9016478298600294,0.11042940567397512,8.802955682555517,0.0307
1787536639.2924554,-1.9077981334970735,0.08018273168695902,8.442663170454313,-1.9414916050184667,0.14508364984583305,7.865421040205729,0.0731,0.577,-1.9596285564466434,0.1552930658323422,7.683144489563045,0.0913
1787536639.3689446,-1.9063717455223739,0.07941391378116668,8.403080976465876,-1.953767974917386,0.15107059518651378,7.669523171716954,0.0859,0.734,-1.9657362174880255,0.15568849240910726,7.585224434706094,0.0967
1787536639.519551,-1.9041546545806796,0.07804205454309604,8.529861635201891,-1.9670255110412516,0.16177591942279435,7.408743114082187,0.1047,1.121,-1.8873918249627106,0.17310631612138724,7.449576841650085,0.0965
1787536639.5916622,-1.903264333726003,0.07788091901270813,8.562976849490358,-1.928304183416925,0.17399549566072725,7.412254657827053,0.0993,1.151,-1.8873918249627106,0.17310631612138724,7.449576841650085,0.0965
1787536639.6666563,-1.9023555882389498,0.07801653049029925,8.561756455192123,-1.9452604791209755,0.15988125762101088,7.503182798586013,0.0924,1.059,-1.957026312750064,0.15781436147905736,7.5301117568240965,0.0967
1787536639.8243423,-1.9007728444349246,0.07847293220504444,8.163565424068244,-1.9483361952799503,0.15408263955836818,7.673440271618271,0.0893,0.490,-1.9489800113779252,0.15162118017656423,7.715829075292553,0.0876
1787536639.9060805,-1.9001996124024711,0.07839508870191894,8.040601694684625,-1.957166003398948,0.1649132031332687,7.352760851008343,0.1036,0.688,-1.9647230867430192,0.16948121260942237,7.271383281362406,0.1116
1787536639.9789343,-1.8995369685461063,0.0778756905723808,7.859099012199111,-1.959470190153738,0.16614655023475067,7.290676078803668,0.1067,0.568,-1.9647230867430192,0.16948121260942237,7.271383281362406,0.1124
1787536640.0539505,-1.898889294850929,0.07713586632161831,7.798572186299687,-1.9679994279004087,0.1684892308239244,6.673742469070193,0.1145,1.125,-1.9721794273808189,0.17007479019673583,6.6422307317893505,0.1184
1787536640.2110796,-1.898771301730261,0.07621724478276154,7.892652297515792,-1.9616726866518175,0.15370364968058495,6.768157792262789,0.0998,1.124,-1.9516462441217857,0.1461850425584744,6.8995170664878085,0.0877
1787536640.294667,-1.8986628510565131,0.0763040021520286,8.023665209844118,-1.956646064142768,0.15232005580902214,6.874550963632683,0.0956,1.149,-1.9498166774411416,0.15047259409634206,6.911510194152244,0.0901
1787536640.3747602,-1.898609319505572,0.07665379660656342,8.041359268733357,-1.9585468720954102,0.15174320435627178,6.783416343851172,0.0961,1.258,-1.9487048591640996,0.14611870945277652,7.038569557582236,0.0856
1787536640.4642026,-1.8986561650937446,0.07693629435268025,7.89776741118039,-1.9533256354648112,0.1480272590170207,7.002439439875748,0.0897,0.895,-1.9635713486923523,0.1578108480182239,6.956753439097575,0.1037
1787536640.5534291,-1.898604127061767,0.07692996750572322,7.709673339199478,-1.9603396604521053,0.15526879142380212,6.99490551327372,0.0997,0.715,-1.9088169872356413,0.11334067729066466,8.163135015445183,0.0378
1787536640.720105,-1.89730104319741,0.07661018448169571,7.565223975046733,-1.9327848216315566,0.1248283868101944,7.970712211636199,0.0599,0.405,-1.9644186151117191,0.1593413513661861,6.576542289572731,0.1065
1787536640.8001046,-1.8967668606444803,0.07670940415829625,7.578097063630861,-1.9431947751927334,0.14551657690385592,6.827074681235771,0.0830,0.751,-1.953737015472132,0.1654474359709014,6.429271455049135,0.1055
1787536640.8798628,-1.896204993564814,0.07709018622495231,7.615721374185002,-1.9497355579464077,0.1598868832964462,6.519760935308584,0.0986,1.096,-1.9388944711689784,0.148744639040839,6.606636953214151,0.0834
1787536640.9649246,-1.8954176594643495,0.07799909138277848,7.556619293707067,-1.9435233847082327,0.1518817308901269,6.557514810891236,0.0882,0.999,-1.9377974689789845,0.1466268782765359,6.723320916707473,0.0807
1787536641.057237,-1.8947092877181193,0.07910284520181435,7.368008559622429,-1.9399875363259884,0.14810873163408605,6.69856298140417,0.0825,0.669,-1.922895121381647,0.16240547149492743,6.335974520949428,0.0879
1787536641.1426003,-1.8940657657414393,0.08003970490210856,7.022624229425895,-1.930016926998287,0.15828300551381166,6.41480525679941,0.0861,0.608,-1.922895121381647,0.16240547149492743,6.335974520949428,0.0873
1787536641.3066022,-1.8921429808551624,0.08018632368766634,7.056138930240652,-1.9183941103846187,0.15544057187551008,6.38127467731521,0.0797,0.675,-1.9366008533922408,0.1431409213426696,6.2713440088266355,0.0771
1787536641.3754349,-1.8911859180789328,0.07993866926111792,7.23894689563063,-1.9286663596436728,0.1458694160371544,6.221617490233117,0.0758,1.017,-1.9366008533922408,0.1431409213426696,6.2713440088266355,0.0778
1787536641.519293,-1.8894587011202737,0.07996802478807602,7.289593430001524,-1.9141820819847497,0.1442522241056922,6.401471814065489,0.0689,0.888,-1.90839520303529,0.14349281864413196,6.410764387895257,0.0663
1787536641.578673,-1.8885474529076258,0.08045273756122448,7.308179848758143,-1.91159072544233,0.14340798231409527,6.343883314306915,0.0670,0.964,-1.90839520303529,0.14349281864413196,6.410764387895257,0.0661
1787536641.6502385,-1.8876834764191541,0.08111457205376557,7.235319551251528,-1.923160060835188,0.13683404648318515,6.558072459362255,0.0661,0.677,-1.928471549618398,0.13591767684442885,6.57972128193975,0.0683
1787536641.8232875,-1.8860734581106282,0.0821727097994004,7.011127976432878,-1.9220213091031446,0.14183030615038528,6.4742149121116865,0.0697,0.537,-1.92230341751116,0.14375508890029265,6.442310894083835,0.0714
1787536641.9094806,-1.8851311001518283,0.08226618621945804,6.995165929528931,-1.9287401239780595,0.1316577035645446,6.532071285599583,0.0659,0.463,-1.933738260462448,0.1289064379909832,6.583097355482959,0.0674
1787536641.981578,-1.8841230955639023,0.08201446294472318,7.0796304251950195,-1.9229550950817347,0.1426772234400889,6.312028094290488,0.0720,0.768,-1.9198006959023264,0.14687408010017153,6.237383823405407,0.0740
1787536642.0482252,-1.8832159884259208,0.08174587520274051,7.3156180707318255,-1.9218658333073313,0.14211751229656086,6.254123949654403,0.0717,1.061,-1.9068565075398554,0.14689984466152042,6.230803214493003,0.0693
1787536642.2050614,-1.8813929149785782,0.08218785153717338,7.6071320638260875,-1.911868710701321,0.14629603657759785,6.245682374368275,0.0710,1.361,-1.922847171025686,0.14825955894661105,6.488355435321441,0.0780
1787536642.2789333,-1.8804571061011326,0.08299725905788609,7.536977035983087,-1.917673792350208,0.14792863705388926,6.485164998745787,0.0748,1.052,-1.9322411838406244,0.1443412198580082,6.809992389630255,0.0803
1787536642.3655813,-1.8796232271414395,0.08390013657731048,7.322156109102194,-1.926459393282695,0.14519982587122518,6.786913549236596,0.0771,0.535,-1.9278028464813048,0.16875817719180605,6.365244772888821,0.0976
1787536642.459303,-1.8787899207679906,0.08457533237837919,6.998777154037052,-1.926737018506989,0.16314834009703189,6.460095612513435,0.0920,0.539,-1.9278028464813048,0.16875817719180605,6.365244772888821,0.0974
1787536642.6082149,-1.8765633688382282,0.08422026905320895,7.072085943811078,-1.919648945341395,0.1521509953122897,6.297225895729829,0.0804,0.775,-1.9154066931583054,0.1489317235495755,6.345899641271801,0.0755
1787536642.6849709,-1.8754864022794648,0.08378801759023918,7.284843115661132,-1.9188064651047807,0.1526556333307953,6.2559752174361325,0.0814,1.029,-1.9076920902817385,0.1516065472898008,6.196914181954169,0.0751
1787536642.768006,-1.8745388648625743,0.08353752565007705,7.30511602960218,-1.9111689215482213,0.1519691433285192,6.194655587037528,0.0776,1.110,-2.047511045301368,0.09608939590730328,7.99178848008412,0.1734
1787536642.913689,-1.8725531501900416,0.08410037750081473,7.348612964377296,-1.9850599806802567,0.11457109785150052,7.629324099921026,0.1166,0.281,-1.919110069890712,0.14598153766944189,6.51965595702159,0.0774
1787536642.9752667,-1.8716510232173198,0.08466459962594995,7.204381252549862,-1.9479130251093437,0.13776483443168053,6.697858603434192,0.0929,0.507,-1.919110069890712,0.14598153766944189,6.51965595702159,0.0775
1787536643.0977993,-1.869588126201903,0.08521665945094645,6.947331239748964,-1.951701827126813,0.13579855852523762,6.686892308977343,0.0964,0.260,-1.919110069890712,0.14598153766944189,6.51965595702159,0.0784
1787536643.2081337,-1.8683894039463542,0.08450462729207796,6.839773367677924,-1.951701827126813,0.13579855852523762,6.686892308977343,0.0978,0.153,-2.2059929129066873,0.09150391814649861,8.067709999718335,0.3377
1787536643.2837052,-1.8678057296388215,0.08382875107165243,6.867811346588403,-2.189644827468445,0.08551096908501522,8.188332754583056,0.3218,1.321,-1.9072989547461594,0.15540200974641177,6.071113631744524,0.0817
1787536643.4176004,-1.8665940591627876,0.08288913880901182,7.061885204216649,-2.064594813907397,0.10375008492926639,7.013963812200252,0.1991,0.048,-2.0557724842441605,0.07851508604874852,7.380738819235332,0.1892
1787536643.491926,-1.8658423783075502,0.08292213765400763,7.077748040679614,-2.074672777411091,0.09962138652233121,7.014388867142604,0.2095,0.063,-2.0557724842441605,0.07851508604874852,7.380738819235332,0.1900
1787536643.5829706,-1.8650705178179234,0.0832265556851376,7.050930353658238,-1.9467618394965598,0.15535739159256323,6.075754574378515,0.1090,0.975,-1.899634785583438,0.15105342897180266,6.135660896235009,0.0761
1787536643.6739907,-1.8644101930211396,0.08367958851923864,6.857069822303335,-1.9212937451484224,0.15321317015177383,6.122705048453369,0.0898,0.734,-1.899634785583438,0.15105342897180266,6.135660896235009,0.0760
1787536643.7668364,-1.8636660358461272,0.08395568208773849,6.843304235516946,-1.9163699149699684,0.13801812466248678,6.450154395994836,0.0755,0.393,-1.883664250674198,0.14325893094606312,6.304779129871441,0.0626
1787536643.9226172,-1.8619047096175079,0.0835134392008838,6.92573708738632,-1.8988435305096498,0.14215404500761772,6.341687096799969,0.0693,0.584,-1.883664250674198,0.14325893094606312,6.304779129871441,0.0636
1787536643.98743,-1.8610614714242057,0.08312917697262219,7.111159206802312,-1.8986847685080297,0.14217652109941775,6.334248110097792,0.0700,0.777,-1.883664250674198,0.14325893094606312,6.304779129871441,0.0642
1787536644.0712137,-1.8603837554203986,0.08285225267530384,7.128442747120863,-1.894634479124318,0.1407781840041796,6.259665991244157,0.0673,0.869,-1.8926778725920288,0.1404580211344664,6.2627883161399875,0.0660
1787536644.2193592,-1.8590934529425802,0.08294845567600204,7.13350190238658,-1.888497671496234,0.14560591386308364,6.072837443103988,0.0692,1.061,-1.821327019078832,0.10400635927949077,7.316403756058481,0.0432
1787536644.274202,-1.8584483636306006,0.08298969215147621,7.134000849894099,-1.8599768836939732,0.11953471372504045,7.042537416086118,0.0366,0.091,-1.821327019078832,0.10400635927949077,7.316403756058481,0.0427
1787536644.4165845,-1.857714610053942,0.08329939767389719,7.2182503925213615,-1.859835942239895,0.11943262991674104,7.053632123317971,0.0362,0.165,-1.887499251613036,0.13566657057350126,6.449427531561653,0.0602
1787536644.4953105,-1.857502225015568,0.08348535543348996,7.25579823467457,-1.8780363425541102,0.13205379957312327,6.503385597397814,0.0527,0.752,-1.8991700889583933,0.1395202511536678,6.463655508895744,0.0698
1787536644.5704982,-1.8573915664766574,0.08369229233957834,7.290086184149792,-1.8901710473217037,0.13733102392670749,6.490874256915766,0.0629,0.799,-1.8885489618118179,0.14844033384508723,6.3060307149402055,0.0719
1787536644.7184412,-1.8574723301616998,0.08417057356455114,7.348600758694484,-1.889115131264199,0.14494435925799512,6.3669272352183,0.0685,0.982,-1.901618124403758,0.1477354274316374,6.470297334394623,0.0774
1787536644.7887573,-1.857662803711647,0.08444275950678813,7.372708073013801,-1.8964911537337836,0.14699944601332238,6.476163309906299,0.0736,0.897,-1.8857380111955975,0.14544315959845902,6.380904023411404,0.0672
1787536644.916128,-1.858324779676635,0.08457039488925021,7.484716133392374,-1.8921355449235828,0.14542503920846483,6.400760740765903,0.0696,1.084,-1.8857380111955975,0.14544315959845902,6.380904023411404,0.0668
1787536644.9834075,-1.8586639199283856,0.08454834231003831,7.530694928925879,-1.892137286352649,0.1454419201412766,6.399229790877173,0.0695,1.131,-1.9077444261210892,0.15403176605749938,6.40852882416035,0.0851
1787536645.0579484,-1.8589776863131329,0.08448844091679417,7.574155725476102,-1.9022184498156884,0.15223330715108324,6.431705857303737,0.0804,1.142,-1.8987375435785503,0.16468105375880634,6.294452828969924,0.0895
1787536645.2063646,-1.8594076744047678,0.08422909350129028,7.650665323234677,-1.9010256032330393,0.148855134958433,6.714350627786854,0.0769,0.936,-1.9015613203394022,0.1416544148558722,6.842051412393445,0.0712
1787536645.2728574,-1.8594892129862317,0.0840202279566658,7.685720068682198,-1.9010353328841514,0.14883776207970123,6.718316578477221,0.0770,0.967,-1.9015613203394022,0.1416544148558722,6.842051412393445,0.0714
1787536645.4196055,-1.8594876115525072,0.0834966891678748,7.6967634921222965,-1.9027094710141705,0.14663263431882287,6.618711681660156,0.0765,1.078,-1.9151636653512163,0.13723959398219418,6.898603633067639,0.0774
1787536645.4919336,-1.8594371375882635,0.08321839732856047,7.7026687093909505,-1.91064474523833,0.1396889197777412,6.850427592149095,0.0762,0.852,-1.9044434626593552,0.1511487587244198,6.615261882295268,0.0815
1787536645.5625784,-1.8593691177267642,0.08294269239054888,7.708542900409233,-1.8999258555138814,0.15649096054437656,6.605971578717591,0.0840,1.103,-1.894128271526714,0.15972991079089616,6.543868745389216,0.0843
1787536645.703811,-1.8592592285647684,0.08250081692424784,7.717889301742762,-1.8975163154071353,0.14942247514032692,6.694176709331925,0.0771,1.024,-1.8946232055036958,0.14566423127293462,6.755420118691146,0.0724
1787536645.7948937,-1.859223867505037,0.08238218491992667,7.720430982310914,-1.8952893839066898,0.1561958539104835,6.576073724027159,0.0822,1.144,-1.8940187528741235,0.15834997061572934,6.537225662322,0.0836
1787536645.8839092,-1.8591888602674416,0.08229967237606022,7.722295966273528,-1.8959118767049576,0.15142099291682887,6.735546883744175,0.0783,0.987,-1.8961740783008671,0.14952486962993566,6.769501131591385,0.0767
1787536646.0004158,-1.8591260572082167,0.08219264100740561,7.724971357658297,-1.8959117083962107,0.1514204381218244,6.7368676239729375,0.0784,0.988,-1.8961740783008671,0.14952486962993566,6.769501131591385,0.0769
1787536646.1081865,-1.8590563884559779,0.08208989750498275,7.727966402886662,-1.8959133845212113,0.1514248618447499,6.737927981101641,0.0785,0.990,-1.8961740783008671,0.14952486962993566,6.769501131591385,0.0770
1787536646.1629546,-1.8590392090644714,0.08206153538028378,7.728859381209634,-1.9075742772900708,0.15699985049130516,6.6282761637064285,0.0893,1.101,-1.9118462383661714,0.15811677393793727,6.613945795565287,0.0926
1787536646.3116574,-1.859036540105018,0.08201871335886801,7.741171233583299,-1.8747586593559207,0.1191828757432355,7.669275048524211,0.0404,0.072,-1.8376504843196444,0.10176709582973731,7.975098448843077,0.0291
1787536646.42373,-1.8590491190559664,0.08198326652023841,7.7521434579659605,-1.8746816463128504,0.11906457646481537,7.682082911426994,0.0402,0.070,-1.8376504843196444,0.10176709582973731,7.975098448843077,0.0291
1787536646.500301,-1.8590642539282698,0.08195251758433286,7.761775123640967,-1.8746114511424004,0.11895865017588207,7.693409495628735,0.0401,0.068,-1.8376504843196444,0.10176709582973731,7.975098448843077,0.0292
1787536646.6239903,-1.8590695447679904,0.08192636207871581,7.769858422144554,-1.9045695046919806,0.1445159012223527,6.942804155520849,0.0774,0.827,-1.9160934381915897,0.14945322022964053,6.868974436170191,0.0884
1787536646.7077482,-1.859069812526448,0.08191473044067844,7.773489980565829,-1.9040818994472437,0.15288376467440165,6.747569056177418,0.0840,1.026,-1.904115024238734,0.1561161771078176,6.691157191262364,0.0868
1787536646.783926,-1.8590693905110602,0.08190394417219231,7.776855809830029,-1.9041257506282092,0.15296142629102455,6.743301599038555,0.0841,1.034,-1.9064658792863156,0.14750731976805623,6.837620578458627,0.0809
1787536646.917129,-1.8590677760056415,0.08188469672117549,7.782873528904638,-1.9056986497951112,0.14859740208886701,6.8179888574710965,0.0814,0.965,-1.9064658792863156,0.14750731976805623,6.837620578458627,0.0810
1787536646.9807014,-1.8590669030415512,0.0818761347955454,7.785543202505245,-1.9057313971096481,0.14861733036478175,6.815430423606225,0.0814,0.970,-1.914968213668238,0.14666495537047267,6.81536036346789,0.0856
1787536647.0547748,-1.8590660885069403,0.08186822112401278,7.78801879318932,-1.912048063626125,0.14679216659665975,6.8103198211573615,0.0838,0.978,-1.914968213668238,0.14666495537047267,6.81536036346789,0.0856
1787536647.1424398,-1.8590653593950746,0.08186092095056383,7.7902950505780915,-1.911787483147417,0.14548651813830107,6.875300462594091,0.0826,0.915,-1.9180106261087826,0.15138035489919816,6.828456035429429,0.0911
1787536647.2999284,-1.8590641903473364,0.08184800687623775,7.794335331378378,-1.9147631337102282,0.14925573803392908,6.8607320007408905,0.0874,0.934,-1.9180106261087826,0.15138035489919816,6.828456035429429,0.0912
1787536647.3864338,-1.85906373631255,0.08184230847302829,7.796127846207132,-1.9147881854008018,0.14927791830826925,6.860603001704724,0.0875,0.936,-1.9225843802570797,0.1458422393519651,6.994260272429445,0.0902
1787536647.46033,-1.8590633565325463,0.08183707579357265,7.797772300709251,-1.919267207996896,0.15116231663688123,6.9081029115606905,0.0918,0.890,-1.8345632714111493,0.11143071958171527,7.87298400039796,0.0384
1787536647.5877578,-1.8590627739470516,0.08182790330557457,7.800730430195557,-1.882853867337834,0.12689265719383916,7.603400242093768,0.0510,0.197,-1.8345632714111493,0.11143071958171527,7.87298400039796,0.0384
1787536647.660723,-1.8590625456307992,0.08182390000955155,7.802043513888906,-1.8827437975246923,0.12681424566364166,7.613038879628031,0.0508,0.189,-1.8362291138702433,0.11383750395236887,7.925975704777231,0.0393
1787536647.8189638,-1.8590621895542194,0.08181691435751245,7.804391940593948,-1.8561862628375883,0.11810166434152253,7.852244679036403,0.0364,0.048,-1.914487603584511,0.1586329668867598,6.7457543296733,0.0947
1787536647.9060247,-1.8590620390448567,0.08181384975111577,7.805439619121991,-1.8908250663313424,0.14657948740050453,6.9324593859934955,0.0721,0.873,-1.9269981349423337,0.16401022054565412,6.66847541862665,0.1066
1787536647.9729757,-1.8590619016528689,0.08181102583450742,7.806390455993969,-1.9095072989235824,0.1576945704062255,6.756710423853573,0.0911,1.050,-1.921261368372107,0.16586301373915505,6.593444389811375,0.1046
1787536648.111415,-1.8590616607085646,0.08180601749888122,7.808074871012214,-1.9157192281077227,0.16322843221378136,6.632755248441546,0.0992,1.175,-1.890858192886267,0.13955971594681055,7.14714621485221,0.0659
1787536648.1790514,-1.859061556727676,0.08180379875107648,7.808813214531136,-1.9122012198166514,0.1602262809741525,6.754492482707608,0.0947,1.054,-1.915921914531349,0.16520898067595674,6.672624501091983,0.1009
1787536648.3004947,-1.8590613651073713,0.08179984346777153,7.810106424220633,-1.912212219103083,0.16025272925256687,6.752309658439277,0.0948,1.058,-1.915921914531349,0.16520898067595674,6.672624501091983,0.1009
1787536648.3715928,-1.8590612786267027,0.08179808370814244,7.81066413270569,-1.9084824244761514,0.15495538909056508,6.85782705371513,0.0883,0.953,-1.906131202547805,0.15344645065526316,6.8815502611775194,0.0857
1787536648.510983,-1.859061123376327,0.08179494951640014,7.811647309212462,-1.9079555281924592,0.15251767554376458,6.886031157908799,0.0860,0.926,-1.907452510453545,0.15163428061679932,6.9005905220482715,0.0850
1787536648.5792153,-1.8590610590342835,0.08179356187496296,7.81207397818519,-1.9079541426715225,0.15250871388253742,6.88593390868837,0.0860,0.926,-1.8769384974742354,0.13361642739513038,7.274421930121269,0.0548
1787536648.6572003,-1.8590609913703557,0.08179226910686174,7.812461532287047,-1.8930974226398787,0.13985797006832917,7.156228550832666,0.0673,0.656,-1.8769384974742354,0.13361642739513038,7.274421930121269,0.0548
1787536648.7406487,-1.8590609356952676,0.08179107883602371,7.812813091058197,-1.8666038757925203,0.11796979723173313,7.836953318704872,0.0370,0.024,-1.8385294605722204,0.10480468819099761,8.001439273190847,0.0308
1787536648.90969,-1.8590608306706287,0.08178894646138532,7.8134179880321994,-1.8531370720478455,0.10946958227162619,7.921161276094003,0.0283,0.108,-1.8385294605722204,0.10480468819099761,8.001439273190847,0.0308
1787536648.9997969,-1.8590607828706434,0.08178799306769419,7.8136713761545415,-1.8459546045350441,0.10537554324702282,7.988857398889567,0.0270,0.175,-1.840270717654504,0.10381503531128482,8.01607149737485,0.0290
1787536649.0772395,-1.8590607416623568,0.08178711749089489,7.8139220995199565,-1.8425909045427074,0.11270962421491845,7.979532168552193,0.0350,0.166,-1.8397249638412787,0.11558727101263024,7.932365392484931,0.0389
1787536649.152303,-1.8590606991829521,0.08178630187422256,7.8141655984569205,-1.8425481854891093,0.11271922665301033,7.985110303117815,0.0351,0.171,-1.9108526708185514,0.1612774543442493,6.765795365984937,0.0949
1787536649.3074858,-1.8590606304818744,0.08178486388358736,7.814612538805612,-1.8847487762796236,0.14894128229799178,6.952450594098245,0.0719,0.862,-1.8767098808133198,0.1295110265358467,7.2822110195375025,0.0509
1787536649.3891878,-1.8590605994498912,0.0817842260029728,7.81483309788182,-1.882599560926923,0.13459504305165762,7.191247153274343,0.0578,0.624,-1.8767098808133198,0.1295110265358467,7.2822110195375025,0.0509
1787536649.4667842,-1.8590605704833891,0.0817836344209033,7.8150287413650945,-1.8988022825641886,0.14641384037964475,6.910844324741357,0.0759,0.904,-1.909216302603913,0.15100192818782596,6.841839141233958,0.0855
1787536649.6190774,-1.8590604999281548,0.08178211635276854,7.815578172233046,-1.8988635389945632,0.1464582971894765,6.9048319412587675,0.0759,0.911,-1.909216302603913,0.15100192818782596,6.841839141233958,0.0855
1787536649.663933,-1.8590604795917047,0.0817816800259126,7.815735028703669,-1.8989109194757974,0.14649366282247442,6.9005482397448255,0.0760,0.915,-1.91448459934266,0.15085288729552646,6.883007458165076,0.0886
1787536649.8128088,-1.8590604428092607,0.0817808959653989,7.816035339656159,-1.909703423340319,0.1499197456725515,6.893919218756595,0.0849,0.922,-1.9152494371631628,0.14553217407875774,6.899994832215582,0.0850
1787536649.8970392,-1.8590604270868003,0.0817805436982712,7.816180008290132,-1.9131465988360081,0.1464181044323893,6.883244862358199,0.0843,0.933,-1.9152494371631628,0.14553217407875774,6.899994832215582,0.0850
1787536649.9811563,-1.8590604131014845,0.08178021294891602,7.816302111030904,-1.9132517760017833,0.14778526332293676,6.906003029113831,0.0854,0.910,-1.913352183831697,0.14809294431686076,6.901145531077672,0.0857
1787536650.0559165,-1.8590604036572491,0.08177990846536903,7.816421950901976,-1.9132686703107855,0.1477921189801903,6.904598341673774,0.0854,0.912,-1.9177654642210686,0.14683364882549632,6.892102152870626,0.0876
1787536650.1405063,-1.859060392108782,0.08177962049796916,7.816545504603037,-1.9160501852260567,0.1469232445836932,6.889070162418502,0.0866,0.927,-1.8431088011346546,0.10364951057206477,8.023658303095228,0.0271
1787536650.2940598,-1.8590603793672658,0.08177911071426208,7.816762447926275,-1.88131653822951,0.11769461337682983,7.7756346835182875,0.0423,0.041,-1.9178728379604746,0.14618506163516548,6.911468448012173,0.0872
1787536650.3739376,-1.8590603743226846,0.08177888421585341,7.8168798196364575,-1.9098346140069622,0.14264968301845127,6.946144945540125,0.0793,0.871,-1.9197113532208987,0.14697648974612595,6.881083402707226,0.0890
1787536650.5213332,-1.8590603691990883,0.08177848109714263,7.817080287194009,-1.9098683005004387,0.1426845158592363,6.943598380968548,0.0793,0.873,-1.9197113532208987,0.14697648974612595,6.881083402707226,0.0890
1787536650.596567,-1.859060365612978,0.08177829986152942,7.817186825533187,-1.9127447138787745,0.1462855108432118,6.908965960347807,0.0839,0.908,-1.9181445100797,0.14998911497161246,6.875280750077923,0.0902
1787536650.679887,-1.8590603653659996,0.0817781359842496,7.8172825978447795,-1.9156805378205373,0.1488618918916221,6.891841682201862,0.0878,0.925,-1.9181445100797,0.14998911497161246,6.875280750077923,0.0902
1787536650.7674272,-1.8590603649673005,0.08177798273309142,7.81737260008258,-1.9138896143092246,0.14597319068077266,6.901053638460369,0.0844,0.916,-1.9130632001552954,0.14469959637138494,6.9247860836021795,0.0829
1787536650.9121642,-1.8590603649044966,0.08177771174039714,7.817560159413043,-1.9134652562439112,0.14508216847881494,6.918528976817,0.0835,0.899,-1.9130632001552954,0.14469959637138494,6.9247860836021795,0.0829
1787536651.0108333,-1.8590603650566084,0.08177748134350946,7.817739225374512,-1.9134704198720855,0.1450805688455569,6.917866513005008,0.0835,0.900,-1.9130632001552954,0.14469959637138494,6.9247860836021795,0.0829
1787536651.0635574,-1.8590603663212082,0.08177738218166236,7.817822362169461,-1.9134770202976668,0.14508097096658262,6.917422408781337,0.0835,0.900,-1.9171225829044365,0.15078824118849185,6.839212188209463,0.0902
1787536651.137336,-1.8590603657222486,0.08177728764504544,7.817909887474675,-1.915978152870757,0.1499412701097405,6.852594086339753,0.0888,0.965,-1.913339542789192,0.16835113401532315,6.632564496782814,0.1022
1787536651.297061,-1.8590603657239255,0.08177712227759797,7.8180726903746605,-1.914007402925077,0.16343820429882697,6.716931218635799,0.0984,1.101,-1.913339542789192,0.16835113401532315,6.632564496782814,0.1022
1787536651.3715127,-1.8590603662747054,0.08177705023789292,7.818148135824616,-1.9134585243527547,0.1512344524504182,6.809407564758352,0.0882,1.009,-1.9125639120605569,0.14793466177193615,6.86487901573878,0.0851
1787536651.452563,-1.8590603660501201,0.08177698263765541,7.818218305511867,-1.9134604106929753,0.15122187576834406,6.808834283938197,0.0882,1.009,-1.9136709891552897,0.1492371568506578,6.8454452668043,0.0868
1787536651.624065,-1.8590603703893829,0.08177686518475735,7.818366042943249,-1.913626932629823,0.1497067393408668,6.837281255894269,0.0871,0.981,-1.9136709891552897,0.1492371568506578,6.8454452668043,0.0868
1787536651.6959429,-1.8590603733742797,0.0817768134258257,7.818430769136317,-1.9164616523989007,0.15017934299376787,6.782590257421117,0.0893,1.036,-1.9181485871176367,0.15048577063470184,6.77866546277176,0.0906
1787536651.7658696,-1.859060374748427,0.0817767683940704,7.818506184321471,-1.9184555123123692,0.14927173282074818,6.793246811287513,0.0899,1.025,-1.9197979847930298,0.14907008689476553,6.798052635309826,0.0907
1787536651.8527997,-1.8590603765977491,0.08177672652166865,7.818567329988509,-1.918467330707251,0.149269162605097,6.792901625009889,0.0899,1.026,-1.917287921618035,0.15272104966787037,6.777628810242074,0.0918
1787536652.021853,-1.8590603811189497,0.08177665739105185,7.8186967212776635,-1.9173843633788417,0.1513231487821403,6.7961506071259326,0.0908,1.023,-1.9170919091226073,0.15106319173904534,6.800267734075819,0.0904
1787536652.0827208,-1.8590603836610524,0.08177662521235686,7.8187651770031215,-1.9173871985482864,0.15132540498277589,6.796050917978093,0.0908,1.023,-1.9170919091226073,0.15106319173904534,6.800267734075819,0.0904
1787536652.1502652,-1.8590603882243744,0.08177659261747812,7.818819891031156,-1.9173924756093872,0.15132863642403213,6.795954658813192,0.0908,1.023,-1.9206696358626567,0.14966876105685803,6.801329661983354,0.0917
1787536652.305878,-1.8590603968136372,0.08177654417841064,7.818935951105671,-1.9196710425597385,0.14985179162671725,6.797272674376023,0.0911,1.022,-1.91516645341513,0.14411434534195508,6.898737196762171,0.0839
1787536652.3782604,-1.859060401364608,0.0817765235887982,7.818988816747962,-1.9172134243349546,0.145790754929175,6.871784833641001,0.0865,0.947,-1.9128377874589908,0.14680699869803532,6.863995996004702,0.0844
1787536652.520712,-1.859060410135356,0.0817764832151905,7.819092593570899,-1.9146155531583775,0.14666361535288117,6.868165764553034,0.0854,0.951,-1.9128377874589908,0.14680699869803532,6.863995996004702,0.0844
1787536652.6122692,-1.8590604208184365,0.08177645637914804,7.8191930785736865,-1.9146098519996027,0.14666006224218722,6.868882794552316,0.0854,0.950,-1.9128377874589908,0.14680699869803532,6.863995996004702,0.0844
1787536652.6622841,-1.8590604251920337,0.0817764485134108,7.819238215523276,-1.9138593624101956,0.14587923299661978,6.86858281411266,0.0843,0.951,-1.9135141051596314,0.14572708318758618,6.870807979204116,0.0840
1787536652.8056533,-1.8590604315979076,0.0817764411289207,7.819329473380534,-1.9138577436898285,0.14587622161226965,6.86888087923511,0.0843,0.950,-1.8671684114619873,0.15885347054147989,6.704159150959892,0.0775
1787536652.8868032,-1.8590604336540029,0.08177643980011014,7.819375510055451,-1.8835831230749753,0.1572058202787223,6.7516622440809,0.0793,1.068,-1.915249180494023,0.14969905215040266,6.8193823708328365,0.0882
1787536653.0209816,-1.8590604386784186,0.08177643801811839,7.819452966489996,-1.9008768355157204,0.1511731123444796,6.7804048594665645,0.0810,1.039,-1.915249180494023,0.14969905215040266,6.8193823708328365,0.0882
1787536653.124392,-1.8590604409756404,0.0817764368773689,7.81953528800265,-1.900884042579435,0.15117261341200103,6.779526621689711,0.0810,1.040,-1.915249180494023,0.14969905215040266,6.8193823708328365,0.0882
1787536653.2016835,-1.8590604410724803,0.08177643967730479,7.819574767601052,-1.9105236417408293,0.16482338945540836,6.68409545709334,0.0977,1.135,-1.9153200294534847,0.16759250899780948,6.64249198785532,0.1026
1787536653.2827153,-1.859060441740718,0.08177644706234505,7.81961296110617,-1.9132946799395885,0.15914783819801778,6.660768196889211,0.0945,1.159,-1.9149384915061853,0.1575079313666159,6.689616199631984,0.0941
1787536653.4138494,-1.8590604424945811,0.08177645769153775,7.819689324731266,-1.9165480317296486,0.1533298661504778,6.719836280990941,0.0918,1.100,-1.9190062927501639,0.15109621832422443,6.760316179210707,0.0916
1787536653.4848647,-1.8590604438369644,0.08177646205186478,7.819721284354379,-1.9165738683146758,0.15330912922125847,6.7193775511998135,0.0918,1.100,-1.9190062927501639,0.15109621832422443,6.760316179210707,0.0916
1787536653.5654802,-1.8590604443224639,0.08177646630106389,7.819758296277346,-1.9191723705973986,0.15172947093507186,6.7688211556977,0.0922,1.051,-1.9204289460192527,0.15146911996276274,6.774694187167814,0.0929
1787536653.649905,-1.859060445274349,0.08177647034959501,7.8197947709388185,-1.918641429444555,0.1499595279595734,6.792265594128133,0.0905,1.028,-1.9181796032842422,0.14935818265377182,6.8021377297603065,0.0898
1787536653.7889187,-1.8590604469725436,0.0817764856320014,7.8198656000776765,-1.9186491919019286,0.14995056609066712,6.792765485499488,0.0905,1.027,-1.9181796032842422,0.14935818265377182,6.8021377297603065,0.0898
1787536653.8977027,-1.8590604481216944,0.0817764988638299,7.819930502676334,-1.9186583307454155,0.14994377022873714,6.793191032379199,0.0905,1.027,-1.9189955474528195,0.15126746853108386,6.773324663810389,0.0918
1787536653.9793434,-1.859060449285031,0.08177650465521498,7.819964961166498,-1.9188635865222163,0.151056740516803,6.776811314962286,0.0915,1.043,-1.9162073672825906,0.14870721479631535,6.827071622833528,0.0880
1787536654.1181905,-1.8590604513728346,0.08177651775221399,7.820032223397849,-1.9180187413666954,0.14918135844778252,6.806514607733738,0.0896,1.014,-1.91855721085458,0.1491159393326945,6.807977269038024,0.0899
1787536654.185154,-1.8590604521762457,0.081776528174619,7.820065206598256,-1.918021827581189,0.1491793723844167,6.806816835738262,0.0896,1.013,-1.91855721085458,0.1491159393326945,6.807977269038024,0.0899
1787536654.3193789,-1.8590604529697365,0.08177654412866542,7.820130570722883,-1.9180387909733507,0.15033367682045803,6.782831638822865,0.0904,1.037,-1.9182063918707508,0.15007146818714204,6.809604761569157,0.0903
1787536654.3927813,-1.8590604538608457,0.08177655026616773,7.820157963805683,-1.9181348764285,0.15017991958923874,6.807352354988015,0.0904,1.013,-1.9182063918707508,0.15007146818714204,6.809604761569157,0.0903
1787536654.4697368,-1.859060455262766,0.08177655711228422,7.820194596789976,-1.9169363821585008,0.1537614596519043,6.771532922759025,0.0924,1.049,-1.9162601659065774,0.15484474687874492,6.752366875840714,0.0928
1787536654.5450497,-1.8590604564805624,0.08177656447959415,7.820220840618942,-1.915860556922861,0.14949703157916783,6.821689056879126,0.0884,0.999,-1.914875567062884,0.14807942439533292,6.8450206998233245,0.0867
1787536654.7083757,-1.8590604579303143,0.08177658380021487,7.820282394416849,-1.915140207061063,0.14989165246682093,6.837747261524193,0.0882,0.983,-1.9146238746704103,0.1499570110317362,6.83633878040491,0.0880
1787536654.7969556,-1.859060460450188,0.08177659273815689,7.820312324031923,-1.9151391689815653,0.14989084333873892,6.838151773634939,0.0882,0.982,-1.915367285190661,0.14814666211083283,6.85682672684263,0.0870
1787536654.8887494,-1.859060459932208,0.08177660069883143,7.820342328495129,-1.9153187510584668,0.14852703856757515,6.850286740246665,0.0873,0.970,-1.9176189871419151,0.1549514119006227,6.7467413089141735,0.0937
1787536654.9667726,-1.8590604603000136,0.08177660880199517,7.820366974489047,-1.9164423395562096,0.153083617384746,6.777714681919757,0.0915,1.043,-1.9176189871419151,0.1549514119006227,6.7467413089141735,0.0937
1787536655.1232364,-1.8590604608574772,0.08177662820980483,7.820425072114784,-1.9175295420218776,0.1477234103259428,6.824785843477094,0.0881,0.996,-1.9179384483760067,0.14642188774828704,6.847408634751676,0.0874
1787536655.1941948,-1.8590604627862326,0.08177663527464872,7.820453809342003,-1.917535125200882,0.14771436362650425,6.824917799687053,0.0881,0.996,-1.9179384483760067,0.14642188774828704,6.847408634751676,0.0874
1787536655.3008058,-1.8590604645615776,0.08177665027763893,7.820509766036482,-1.9175420479589556,0.1477058421143298,6.825041145571054,0.0881,0.995,-1.9178281394639938,0.15130525876684234,6.790864168476663,0.0910
1787536655.368089,-1.8590604642997213,0.08177665829729734,7.82053701476968,-1.9176582287271915,0.15070626657816136,6.80088805042203,0.0905,1.020,-1.91613578689425,0.14923052556248245,6.836876051727336,0.0884
1787536655.4545987,-1.859060464307343,0.08177666788253021,7.820559861948828,-1.9167675261896147,0.1496268748446448,6.830557214231524,0.0891,0.990,-1.9160509063314075,0.149087638737579,6.805516605587024,0.0882
1787536655.5994658,-1.859060464287773,0.08177668429926509,7.8206133649078176,-1.9163626128415223,0.14920093295272482,6.804187732596244,0.0885,1.016,-1.9160509063314075,0.149087638737579,6.805516605587024,0.0882
1787536655.699736,-1.8590604620928775,0.08177669921871884,7.820665601783903,-1.91636338349113,0.14919968615338702,6.80396360722667,0.0885,1.017,-1.9160509063314075,0.149087638737579,6.805516605587024,0.0882
1787536655.7647681,-1.8590604626022336,0.08177670869441317,7.8206912989626005,-1.9168678197337916,0.15446621104064084,6.764075471342192,0.0929,1.057,-1.9172759978751244,0.15540354708665224,6.748545550368505,0.0939
1787536655.8405526,-1.8590604622677103,0.08177671774114897,7.820716411888366,-1.9162437375563108,0.1534080817731664,6.774202682877518,0.0917,1.047,-1.915764312999741,0.15302663970340794,6.780218177717047,0.0911
1787536656.0086956,-1.8590604601368668,0.08177673109672705,7.820766673666085,-1.9164717789508263,0.15389753353481625,6.777571688623446,0.0922,1.043,-1.9167087349399843,0.1541111351063492,6.774287943236583,0.0925
1787536656.0931845,-1.8590604600623146,0.08177673735704125,7.820786923783779,-1.9173250805915947,0.1541031243893186,6.758363154655009,0.0929,1.062,-1.917992990872902,0.15425110903717956,6.756315553371521,0.0934
1787536656.1717875,-1.8590604621834348,0.08177674907739102,7.82081499409567,-1.9171811318179446,0.15010372015694845,6.810747520435293,0.0897,1.010,-1.9168154755355349,0.14846470385329624,6.838478227010384,0.0882
1787536656.3203025,-1.8590604643295376,0.08177676246269719,7.820858544078752,-1.914916801097872,0.15017617816742473,6.833948772514972,0.0883,0.987,-1.913086796283696,0.15002857903596042,6.834998545914441,0.0870
1787536656.4113455,-1.8590604639730175,0.08177676922702302,7.82088173045599,-1.9149323438064174,0.1511967452943656,6.800493491305193,0.0891,1.020,-1.9150089304432747,0.15162071442039612,6.793068834654071,0.0895
1787536656.493701,-1.8590604658343624,0.08177678008643656,7.8209006859982955,-1.9136651693562405,0.14869341669729916,6.86107073008639,0.0864,0.960,-1.9126091303419535,0.1477655757825238,6.876245988601601,0.0850
