t,gt_x,gt_y,gt_yaw,ekf_x,ekf_y,ekf_yaw,ekf_err,ekf_yaw_err
1787312653.5305262,-2.4992690902830113,-0.9794808512854005,89.93773970278826,-2.424584104241973,-1.0701730329603725,90.83503929103205,0.1175,0.897
1787312653.6669567,-2.4992690903470005,-0.979480851288708,89.93774024903828,-2.424584125299701,-1.0701729966238553,90.83504050159131,0.1175,0.897
1787312653.7339113,-2.49926909028463,-0.9794808513282366,89.93773970410295,-2.4245841224916944,-1.0701729988149362,90.8350391813763,0.1175,0.897
1787312653.816147,-2.499269090333147,-0.9794808513853579,89.93774025250342,-2.4245841287943986,-1.0701729901600532,90.83503913142998,0.1175,0.897
1787312653.9622946,-2.499269090349183,-0.9794808512728183,89.9377402490608,-2.4245841150936154,-1.0701730168397823,90.83503923111289,0.1175,0.897
1787312654.0294547,-2.4992690902848924,-0.9794808513066775,89.93773970415424,-2.4245841311325895,-1.0701729902739052,90.8350404293024,0.1175,0.897
1787312654.1663373,-2.499269090347614,-0.9794808513124081,89.93774025040597,-2.424584130561541,-1.0701729867260534,90.83503913107513,0.1175,0.897
1787312654.2349374,-2.4992690902847,-0.9794808513522879,89.93773970537717,-2.4245841231749172,-1.0701729993390117,90.8350391681183,0.1175,0.897
1787312654.3659513,-2.4992690903451593,-0.9794808513643923,89.93774025192832,-2.4245841284028153,-1.0701729909811752,90.83503913354285,0.1175,0.897
1787312654.442671,-2.4992690903501464,-0.9794808512980064,89.93774025032009,-2.4245841310316125,-1.070172987560971,90.83503911189,0.1175,0.897
1787312654.5103593,-2.499269090285022,-0.9794808513332411,89.93773970542668,-2.4245841221440303,-1.0701729983449793,90.83503920300946,0.1175,0.897
1787312654.6522121,-2.499269090347638,-0.9794808513382239,89.93774025174002,-2.4245841275851823,-1.0701729914150082,90.83503914129082,0.1175,0.897
1787312654.7181246,-2.499269090350383,-0.9794808512721073,89.9377402503697,-2.424584122372542,-1.0701730002367313,90.83503917647194,0.1175,0.897
1787312654.8480322,-2.4992690903319907,-0.9794808513584505,89.9377402535401,-2.424584128206333,-1.0701729911461006,90.83503913620856,0.1175,0.897
1787312654.918964,-2.4992690903473,-0.9794808513083948,89.9377402516978,-2.424584116378163,-1.0701730183419664,90.83504054448962,0.1175,0.897
1787312655.0587418,-2.499269090333622,-0.9794808514052287,89.93774025529669,-2.42458412234313,-1.0701729981359884,90.83503920300518,0.1175,0.897
1787312655.126746,-2.4992690903481134,-0.9794808513577133,89.93774025311026,-2.4245841132679993,-1.0701730198045714,90.83503924230972,0.1175,0.897
1787312655.2653294,-2.4992690902824397,-0.9794808513269063,89.93773970674938,-2.424584123867759,-1.070172997684358,90.83503916774265,0.1175,0.897
1787312655.340682,-2.4992690903328194,-0.9794808513804866,89.93774025496438,-2.424584128516663,-1.0701729907582833,90.83503913375473,0.1175,0.897
1787312655.4088159,-2.4992690903477177,-0.9794808513323489,89.93774025296942,-2.4245841145140057,-1.0701730158120106,90.83503926227404,0.1175,0.897
1787312655.5431902,-2.499269090284995,-0.9794808512991965,89.93773970669278,-2.424584128859464,-1.0701729902201644,90.83503912949647,0.1175,0.897
1787312655.6140034,-2.4992690903330956,-0.9794808513500873,89.93774025471043,-2.424584113962362,-1.0701730188854226,90.83503923712658,0.1175,0.897
1787312655.749103,-2.4992690902838723,-0.9794808513412593,89.93773970795628,-2.4245841282766594,-1.0701729910858417,90.83503913580735,0.1175,0.897
1787312655.815349,-2.499269090333491,-0.97948085139717,89.93774025645087,-2.424584132661706,-1.0701729878149047,90.83504042629013,0.1175,0.897
1787312655.9537473,-2.4992690903506025,-0.9794808512851354,89.93774025280705,-2.424584123406453,-1.0701729981288965,90.83503917101872,0.1175,0.897
1787312656.0277085,-2.4992690902854378,-0.9794808513189783,89.93773970790755,-2.4245841287219934,-1.0701729903970871,90.83503913141894,0.1175,0.897
1787312656.1038907,-2.49926909033331,-0.9794808513733941,89.93774025610017,-2.4245841311110694,-1.070172987443088,90.83503911106273,0.1175,0.897
1787312656.2459617,-2.49926909035012,-0.9794808512568802,89.93774025286187,-2.42458411392489,-1.0701730193210324,90.8350392361081,0.1175,0.897
1787312656.3085358,-2.499269090285166,-0.9794808512920701,89.93773970787367,-2.4245841268146067,-1.0701729908568,90.83503917769794,0.1175,0.897
1787312656.44398,-2.49926909034773,-0.9794808512929647,89.93774025409522,-2.424584127392048,-1.0701729887697724,90.83503915264188,0.1175,0.897
1787312656.5739746,-2.4992690903328296,-0.9794808513893747,89.9377402575692,-2.4245841320385098,-1.0701729863061553,90.83503910249192,0.1175,0.897
1787312656.645858,-2.4992690903479646,-0.9794808513429534,89.9377402554342,-2.4245841182337977,-1.0701730160704532,90.8350405230282,0.1175,0.897
1787312656.7227242,-2.4992690903508983,-0.9794808512768076,89.93774025397474,-2.4245841236980277,-1.0701729964516875,90.83503918611518,0.1175,0.897
1787312656.8577359,-2.499269090333641,-0.97948085136441,89.93774025719513,-2.4245841286157734,-1.070172990255477,90.83503913173747,0.1175,0.897
1787312656.9229553,-2.499269090347804,-0.9794808513160825,89.9377402552814,-2.4245841233308054,-1.0701729986258377,90.83503917057006,0.1175,0.897
1787312657.0644891,-2.49926909026712,-0.9794808513067372,89.93773971267345,-2.424584128461558,-1.0701729908291076,90.8350391340643,0.1175,0.897
1787312657.1346068,-2.4992690903314783,-0.9794808513440597,89.93774026040886,-2.4245841172642932,-1.0701730172237378,90.83504053390227,0.1175,0.897
1787312657.271283,-2.499269090287384,-0.9794808513317692,89.9377397135921,-2.424584122572772,-1.070172997886394,90.8350392009788,0.1175,0.897
1787312657.3460634,-2.499269090337878,-0.9794808513850136,89.93774026187079,-2.4245841282369534,-1.070172990664052,90.8350391365437,0.1175,0.897
1787312657.416125,-2.4992690903486374,-0.9794808513384031,89.93774025982026,-2.4245841222390854,-1.0701730004242693,90.83503917821372,0.1175,0.897
1787312657.5432322,-2.499269090287059,-0.9794808513081278,89.93773971340936,-2.4245841278909244,-1.0701729915715694,90.8350391391372,0.1175,0.897
1787312657.6132755,-2.4992690903350465,-0.979480851358439,89.93774026145502,-2.4245841127377625,-1.0701730190170187,90.83503926597753,0.1175,0.897
1787312657.7591372,-2.4992690902865906,-0.9794808513525896,89.93773971447555,-2.4245841230521887,-1.0701729986456934,90.83503917294428,0.1175,0.897
1787312657.8357625,-2.499063200188709,-0.9794754831680296,89.94394369219023,-2.424584109477932,-1.0701730250066201,90.83503927380693,0.1174,0.891
1787312657.9658494,-2.4981574986059183,-0.9793954607623608,89.98678094076374,-2.4245841221901485,-1.0701729998496041,90.83503918258684,0.1168,0.848
1787312658.0347056,-2.49783137414962,-0.9792813843734471,90.00302374196424,-2.4244442474545917,-1.0847174319754973,90.56993157270826,0.1285,0.567
1787312658.1717062,-2.4981356486152992,-0.9788306036853752,90.0043034182986,-2.407597027914374,-1.0793133639653987,91.2714068470499,0.1353,1.267
1787312658.2407243,-2.4987037152503926,-0.978589532511982,89.90427142607652,-2.4085324033458297,-1.0750367534427476,91.20950970785678,0.1320,1.305
1787312658.365655,-2.4996725150488324,-0.9781612768200771,89.6076191319587,-2.413667344776716,-1.072948427308834,91.0389304203913,0.1280,1.431
1787312658.4349525,-2.4997652947237596,-0.9776226318041022,89.60134436345744,-2.4231993415421993,-1.0867865504047376,90.52030527029454,0.1333,0.919
1787312658.5674975,-2.4991142650097014,-0.9765099557585966,89.67286200714702,-2.4236165460634758,-1.0761081922928217,90.6420908488175,0.1250,0.969
1787312658.643323,-2.4987391625020563,-0.9760591406736093,89.69541123824334,-2.432496603359685,-1.0601935972206395,90.49113502704037,0.1071,0.796
1787312658.713368,-2.4986267910278355,-0.9756104319656803,89.80244011781689,-2.430698902011669,-1.0581536073098525,90.50658529007261,0.1069,0.704
1787312658.8559504,-2.499235786474741,-0.9745817934022604,89.97269322336587,-2.420921585425201,-1.0621960672047899,90.72370924767709,0.1175,0.751
1787312658.9297261,-2.499800192882459,-0.9741140146862917,89.93154007519189,-2.415532856458522,-1.0641462327959277,90.88732288221568,0.1233,0.956
1787312659.0716588,-2.5001770058334505,-0.9730447621754484,89.74022029238093,-2.41750077162528,-1.0667985967040352,91.0573319000131,0.1250,1.317
1787312659.1405585,-2.4998484397452567,-0.9722981077608821,89.74291339867632,-2.41565323016838,-1.0693482336853726,91.12615854736502,0.1285,1.383
1787312659.2070172,-2.4992975091477305,-0.9715695079576429,89.82720397508436,-2.4304155605076856,-1.080295981586526,90.32845865012817,0.1287,0.501
1787312659.361652,-2.4982947162143416,-0.9702804400473156,90.06272410535581,-2.4279515026205303,-1.0751264435342713,90.52116220640103,0.1263,0.458
1787312659.4362853,-2.49825330483944,-0.9695517671434043,90.09953655030145,-2.429116272954578,-1.0513533465019955,90.86956914873362,0.1071,0.770
1787312659.5754042,-2.498889470416483,-0.9681083773646365,89.95859506523047,-2.422219755215202,-1.0570811194704397,91.01409223580133,0.1174,1.055
1787312659.6493323,-2.4991545374467417,-0.9675197351553394,89.71170304922641,-2.419304897993303,-1.0569225486824751,91.21386812572209,0.1199,1.502
1787312659.7165785,-2.4990874705695765,-0.9666661611167795,89.70758865217276,-2.4313464766260373,-1.0462528200728627,90.81963471446436,0.1045,1.112
1787312659.8549533,-2.498116845253825,-0.9648437491732276,89.84598947996612,-2.42863543155026,-1.0475435076062807,90.76384312153247,0.1080,0.918
1787312659.9223692,-2.497462981854567,-0.964054738568357,90.09406627183178,-2.438437347628456,-1.0393861361256183,90.61264967640982,0.0957,0.519
1787312660.06394,-2.4969191231406755,-0.9624679570461401,90.1471750176932,-2.4465494627002102,-1.028557717657135,90.39345190123898,0.0831,0.246
1787312660.1463253,-2.497060164221357,-0.9616035301796153,90.16634511660111,-2.4283430145353884,-1.0433907177926955,90.97958330571369,0.1068,0.813
1787312660.2680316,-2.4977305360946542,-0.9601199576116722,89.81167190429063,-2.4257486799502628,-1.0468468758636547,91.0158148862654,0.1127,1.204
1787312660.3280277,-2.497823650502224,-0.9593057007180029,89.80112733069787,-2.423180677604159,-1.0408902612636606,91.24111608034917,0.1106,1.440
1787312660.4720159,-2.4973265712901926,-0.957601518781545,89.80555853367792,-2.4262761365267127,-1.0413767350770429,90.87677101286326,0.1098,1.071
1787312660.5452902,-2.4967967287358674,-0.9567842926443706,89.91093738301433,-2.4409546793330783,-1.0300806620635703,90.52455310784597,0.0921,0.614
1787312660.6726582,-2.497241262202803,-0.9553260626600811,89.96249090187494,-2.4472443564213826,-1.0189922617726033,90.3952757320211,0.0810,0.433
1787312660.755171,-2.497862772457973,-0.9545365742026284,90.00354809344441,-2.4355825749332896,-1.0288326189007533,90.67158340717148,0.0969,0.668
1787312660.835417,-2.498840581022367,-0.9536270478115485,89.9715102464229,-2.428440948292372,-1.0283889839218068,90.86399006167156,0.1027,0.892
1787312660.9636369,-2.5005441823538597,-0.9520633688738906,89.730702264149,-2.4186062091596443,-1.0407623120576375,90.93740892001348,0.1208,1.207
1787312661.0270717,-2.5008927131025525,-0.9512398782139272,89.70051719992698,-2.4154241749813585,-1.0551847509378915,90.78006661437524,0.1346,1.080
1787312661.158983,-2.500937384644573,-0.9495510877013972,89.74905265746432,-2.4266931643091043,-1.0402407979850063,90.66406032690702,0.1172,0.915
1787312661.2270944,-2.5008247607400667,-0.9488428475543195,89.95894607698152,-2.4307256438169174,-1.039040492371034,90.436041859767,0.1142,0.477
1787312661.358213,-2.5012355997235547,-0.9471974852919683,89.98184715425658,-2.4169083916752774,-1.0490451614968137,90.9492133624376,0.1322,0.967
1787312661.4195616,-2.5019476064450554,-0.9462504205396521,89.92582355314765,-2.4075653740720204,-1.0474818445109284,91.21800809721564,0.1384,1.292
1787312661.5556529,-2.5036648148824554,-0.9445699525007064,89.50201923377946,-2.398569551960748,-1.0537777482701338,91.3568549977717,0.1516,1.855
1787312661.625287,-2.504122542733226,-0.9437512138466804,89.48329320016666,-2.4138647441712395,-1.0397557172628127,90.93524228796687,0.1318,1.452
1787312661.7541916,-2.504120646551223,-0.9419523459805278,89.49419074634972,-2.4251950357478935,-1.050797197657795,90.15309830891962,0.1344,0.659
1787312661.81884,-2.50377943528912,-0.9410728917572977,89.63120277988227,-2.428874975289907,-1.0347262120590772,90.38353533554024,0.1199,0.752
1787312661.961303,-2.503422200603663,-0.9394459391054215,89.89310528683173,-2.438431076984687,-1.014057879094489,90.29570079989827,0.0989,0.403
1787312662.0268557,-2.5037101008300167,-0.938543103743371,89.90745604458789,-2.4183732947696854,-1.03018280047614,91.06053420172208,0.1252,1.153
1787312662.1629894,-2.5048399502720966,-0.9367974135205248,89.72357485328965,-2.4031436346688486,-1.0397191865817177,91.30590284340452,0.1447,1.582
1787312662.2309494,-2.5051278006286855,-0.935746396610462,89.7007508713418,-2.39195842920972,-1.0488160873365222,91.60342608377715,0.1600,1.903
1787312662.3693523,-2.5048901581291583,-0.9335470567974598,89.59177944704501,-2.3984715099784,-1.069039157278044,90.83872698565746,0.1723,1.247
1787312662.4324985,-2.504398529698256,-0.9324449244867399,89.61142873404759,-2.4239362503823787,-1.0329463355830062,90.48769907012534,0.1287,0.876
1787312662.499917,-2.503835958621154,-0.9314246184087206,89.72246575646402,-2.4215535995807893,-1.0240861689121288,90.69567320256033,0.1239,0.973
1787312662.6483238,-2.503352159882213,-0.9303892713954218,89.9452562580693,-2.4100882125696907,-1.0412979188617675,90.87143731774749,0.1449,0.926
1787312662.714829,-2.5035673746184997,-0.9297835651912736,90.05290119254877,-2.3832729551063867,-1.0602535663706414,91.37989161302848,0.1775,1.327
1787312662.8515098,-2.5043822481795,-0.9287737340623762,89.92068232035373,-2.385624343444071,-1.0570603757408523,91.37592954447207,0.1748,1.455
1787312662.9240036,-2.5043638437853377,-0.9284732304671506,89.9131700657082,-2.3964424027388502,-1.0496900135931486,91.45163952598838,0.1623,1.538
1787312663.0558574,-2.50349663844705,-0.9277139859445098,89.91348015012517,-2.3988775551778034,-1.0502382306920086,91.2535681207177,0.1611,1.340
1787312663.1204221,-2.5027923807049617,-0.9273662774020991,90.03269092365714,-2.409143605712649,-1.0341746683711217,91.09944259844657,0.1420,1.067
1787312663.2558236,-2.501854517775988,-0.9265439053142798,90.29614943035641,-2.4299763637606584,-1.0161379966953026,90.72068119625281,0.1149,0.425
1787312663.327009,-2.5018730283222745,-0.9259225396672581,90.31625975047278,-2.4267467013594732,-1.0151305637411874,91.17606541931188,0.1166,0.860
1787312663.4583392,-2.502558780760005,-0.9247165849921293,90.12581710512143,-2.4182486701097634,-1.0180479123103543,91.44539923574536,0.1258,1.320
1787312663.528077,-2.502751281269295,-0.9236311223760387,89.9877684435768,-2.4291531748833757,-1.0053579123467709,91.24507807593943,0.1100,1.257
1787312663.6580288,-2.502432376636752,-0.9213732478417325,89.677289267876,-2.4339065114145635,-0.995471930957944,91.085690987161,0.1009,1.408
1787312663.725775,-2.5018967375998704,-0.9202679568241376,89.60905248532741,-2.429237227706826,-1.0125189222496798,91.04489385810284,0.1174,1.436
1787312663.8658307,-2.500946029306175,-0.9182914652226233,89.65526723021058,-2.4377586521595083,-0.9999156641298949,90.37136008442471,0.1032,0.716
1787312663.93584,-2.5008819662536745,-0.9173202475783432,89.69153690323806,-2.432841191259998,-0.998363490956146,90.4273823032339,0.1058,0.736
1787312664.0719056,-2.5015515288904644,-0.915328180291677,89.65503204256616,-2.4181831516834786,-1.0061102430381916,90.68843237683437,0.1233,1.033
1787312664.1369205,-2.5020262594789298,-0.914463248204749,89.45493980243491,-2.411483616546655,-1.0158172726489587,90.75776722161955,0.1359,1.303
1787312664.2728112,-2.5020331869563344,-0.9126824456343889,89.18766157083391,-2.415451738675459,-1.0114740235508275,90.75633063144478,0.1314,1.569
1787312664.3430078,-2.501382295466035,-0.9117583042834803,89.20655929918455,-2.422704225670484,-1.0019823530618783,90.4127797031362,0.1197,1.206
1787312664.4720564,-2.4997210656632842,-0.9101354429440606,89.5815274346292,-2.425980581868932,-1.0041104793452287,90.04156848352095,0.1195,0.460
1787312664.5482357,-2.4992475124028473,-0.9093259641883676,89.60101613467074,-2.4264813032184613,-1.0020794571475828,90.05862280198576,0.1179,0.458
1787312664.6141527,-2.4990828652409602,-0.9084691218356534,89.62833465011032,-2.4041716853943886,-1.009647785639413,90.9609420499373,0.1387,1.333
1787312664.7474806,-2.4994443586007806,-0.9067608466064263,89.49427342390901,-2.404613355764817,-1.0102434692614144,90.67705903538936,0.1404,1.183
1787312664.813706,-2.4995970177548297,-0.9060521805817844,89.23469560453884,-2.4044190371850376,-1.0276160696355365,90.44155430324982,0.1544,1.207
1787312664.9462047,-2.499162869448531,-0.9043687261057252,89.18366859532799,-2.406736995696739,-1.0104352339482763,90.65992715183418,0.1407,1.476
1787312665.0152664,-2.4985485109880674,-0.9034982131068297,89.18774495744292,-2.424138552809773,-0.9953164420882601,90.03696083689248,0.1182,0.849
1787312665.1611347,-2.497288623949729,-0.9019967147769131,89.33280853726534,-2.4288266949342208,-0.9919097210176657,89.92932908198313,0.1130,0.597
1787312665.2358756,-2.4970298969356928,-0.9012414272634325,89.40069917229894,-2.4235568541991985,-0.9906647082410373,90.14985993783364,0.1157,0.749
1787312665.363824,-2.4974751379368287,-0.8996291479005623,89.4298709880514,-2.4243242643497296,-0.9882570279246817,90.11573607664305,0.1149,0.686
1787312665.4304385,-2.497826703868976,-0.89895224626368,89.26337902440581,-2.4128878612860705,-0.9942349148387635,90.4283812383774,0.1276,1.165
1787312665.5630608,-2.4976604123855015,-0.8978986855857193,89.02892405498226,-2.4122176267858633,-0.9958475568262294,90.45002044261264,0.1300,1.421
1787312665.6305997,-2.4969972571264805,-0.8975160335587372,88.97926307991376,-2.417315717212034,-1.0184843149255256,89.63019901098352,0.1449,0.651
1787312665.7594638,-2.495259557573289,-0.8969148368733565,89.20356322600925,-2.419885933901952,-1.0190674651507883,89.47343091160845,0.1435,0.270
1787312665.843585,-2.4947292269809958,-0.8963770656338941,89.22491933917192,-2.4169606148796094,-1.017150464716651,89.54981521540974,0.1436,0.325
1787312665.9310932,-2.494536640373409,-0.895773440704867,89.25781009075877,-2.421961679110039,-0.9782098679026715,90.06260229729043,0.1098,0.805
1787312666.073022,-2.4949050499798755,-0.8946024242491342,89.04366593158892,-2.418933870379762,-0.9795213013390592,90.08178743837877,0.1139,1.038
1787312666.1416898,-2.4949538261553488,-0.894114898114922,88.77330095388548,-2.416846575876178,-0.9933978894310294,89.90827792194584,0.1263,1.135
1787312666.2187836,-2.494652940213633,-0.8933805516093738,88.7763639807201,-2.423680629933264,-0.9723714370195271,89.8678272073835,0.1062,1.091
1787312666.3008049,-2.4940094063696567,-0.8925445820083635,88.84315149249734,-2.428536547000729,-0.9667988176350161,89.62237954664523,0.0990,0.779
1787312666.4489264,-2.4928994007688736,-0.8907817865424232,89.24880049585727,-2.4411939617875245,-0.9609921572442636,89.31236324281502,0.0872,0.064
1787312666.5134342,-2.4928092708885843,-0.8897394048693006,89.42465629537816,-2.438451694021131,-0.9535099761114514,89.72466440464434,0.0838,0.300
1787312666.6527052,-2.493438639920399,-0.8876109992441165,89.68635022429773,-2.429484303059639,-0.9616897748651297,89.96866620033181,0.0979,0.282
1787312666.7195785,-2.4939700003726255,-0.8866733133891598,89.63524406225143,-2.425697237313677,-0.9591753004212525,90.36597938764736,0.0996,0.731
1787312666.8562856,-2.4941844131402275,-0.8848834162005439,89.58803686985159,-2.425839086462246,-0.9563908216429655,90.38141914463557,0.0989,0.793
1787312666.9253693,-2.4938590607959124,-0.8839152458098882,89.52349423868013,-2.436547065121151,-0.9565506730405059,90.13731550736436,0.0925,0.614
1787312667.0687382,-2.492771508127094,-0.8821777402241543,89.71789342732387,-2.4334196721931494,-0.9723435302930793,90.07536842950678,0.1079,0.357
1787312667.137978,-2.492505060072201,-0.8813058188692241,89.73199951682719,-2.43178196562125,-0.9549753077874316,90.2925198542716,0.0955,0.561
1787312667.2684658,-2.492821897717664,-0.8794482902473735,89.7290814649436,-2.4174429245993276,-0.9648397421924229,90.71669977103446,0.1139,0.988
1787312667.3352947,-2.493241624356724,-0.8785828992190645,89.5978942020557,-2.4106704289878245,-0.9671909498998346,90.79974878584551,0.1211,1.202
1787312667.4744754,-2.4936480331726067,-0.8769958809360935,89.33220506659181,-2.410321176975877,-0.9709917977962762,90.7476630749989,0.1256,1.415
1787312667.5433478,-2.49345414828602,-0.8761353056083407,89.31275815098329,-2.4178750067062658,-0.9667295182728824,90.42492493885956,0.1180,1.112
1787312667.6108096,-2.4929884082118576,-0.8752517933351931,89.344550975491,-2.428067479382583,-0.9515431016823187,90.11725476336979,0.1002,0.773
1787312667.7517793,-2.4919596365601304,-0.8737085208266252,89.53111578317296,-2.428348475335976,-0.9536221917149448,90.02070296190641,0.1021,0.490
1787312667.8182104,-2.4918029758816793,-0.8729020555878743,89.57968246719045,-2.427153036169286,-0.9503192009701777,90.23598740260778,0.1009,0.656
1787312667.9549606,-2.4923011912277206,-0.8712111306522348,89.57764132762391,-2.4206022409311734,-0.9522570494447871,90.29892423482987,0.1082,0.721
1787312668.024198,-2.492691238141125,-0.8704989088631232,89.38770849458712,-2.4059181106770775,-0.9671713028834398,90.70843239573445,0.1299,1.321
1787312668.1643155,-2.492539393987183,-0.86893560340337,89.1324227272427,-2.414715734447191,-0.9617852260116536,90.33820020003682,0.1212,1.206
1787312668.2279665,-2.491819129199255,-0.8680630272971698,89.11807363122152,-2.405038447400479,-0.9631015791045189,90.36239935956264,0.1287,1.244
1787312668.3594644,-2.490086509036041,-0.866547674188355,89.41767391777353,-2.413591168618028,-0.9760283177707518,89.71185202827343,0.1336,0.294
1787312668.4276018,-2.48958417135295,-0.8657779317427847,89.43742168664294,-2.41324789842173,-0.9551997637885112,90.0269769035191,0.1176,0.590
1787312668.5595462,-2.489501400783824,-0.8641190241269898,89.47750838578015,-2.39747634392751,-0.9532552499845716,90.88887549405317,0.1281,1.411
1787312668.6303012,-2.489775230593171,-0.8633430227404021,89.38578208647077,-2.393100739923465,-0.95920286863628,90.72698591993709,0.1361,1.341
1787312668.7062955,-2.4899833681170955,-0.8626823578344772,89.15075888542933,-2.4019391323172803,-0.9573678288695017,90.37311221446457,0.1293,1.222
1787312668.8544006,-2.4894470417200507,-0.8610190436554949,89.07882238924637,-2.404330139274216,-0.9561315094015344,90.11907198183724,0.1276,1.040
1787312668.9213853,-2.4887674844812415,-0.8601849221014145,89.08351768133501,-2.409570098800258,-0.9629080873401761,89.87752873168051,0.1297,0.794
1787312669.060774,-2.487521982662594,-0.8587050717979726,89.24052074483336,-2.422896535207103,-0.9322417180644215,89.8436346074163,0.0979,0.603
1787312669.1311622,-2.487283394178477,-0.8579103886357945,89.27558716227195,-2.4196990109493237,-0.9351177988596276,89.94335512987122,0.1026,0.668
1787312669.2664814,-2.487629908224182,-0.8562442108684758,89.22155754192342,-2.4044496983889485,-0.9404051965256182,90.38532069401846,0.1183,1.164
1787312669.3362446,-2.4878919469349894,-0.8555545254715287,89.00450231518202,-2.4047008002910877,-0.9432330637796331,90.23737412758823,0.1209,1.233
1787312669.4720998,-2.4877075333004033,-0.8539103606960018,88.9797717431135,-2.411614149940419,-0.9340591614138922,90.20764603305659,0.1105,1.228
1787312669.5385032,-2.4871941575653946,-0.853056711204191,88.93119376299508,-2.4215899366184064,-0.9271869872471373,89.79765098130318,0.0990,0.866
1787312669.6750588,-2.4864063142467505,-0.8519824595508226,89.01866175911958,-2.423519067617647,-0.9375325935745739,89.49836368811081,0.1062,0.480
1787312669.7431529,-2.4865649944504966,-0.8516065231868533,89.05361522833465,-2.426718565558205,-0.920524035134137,89.67949062988875,0.0913,0.626
1787312669.873969,-2.487886308773775,-0.850766809961413,89.11528426459098,-2.420022655809735,-0.9170615317126819,89.86074883940722,0.0949,0.745
1787312669.939912,-2.488794834349169,-0.8504114920999475,88.96462569987727,-2.4101108270305964,-0.9266234761825138,90.06769594509962,0.1095,1.103
1787312670.012272,-2.4893560329522995,-0.8499115899523844,88.93938202270932,-2.416104416100556,-0.9171146096287311,90.04804848959796,0.0994,1.109
1787312670.1469085,-2.4896631902918562,-0.8487837734596783,88.84170111827069,-2.4300418963675137,-0.9066094835553936,89.8278181023859,0.0831,0.986
1787312670.2739701,-2.489156863788623,-0.8477242522836325,89.02297118577557,-2.4395383894699374,-0.9032248242288898,89.46245041749825,0.0744,0.439
1787312670.338449,-2.489033004699996,-0.8472938157558815,89.27295775104336,-2.433988661760856,-0.8995282741633333,89.64124011876511,0.0759,0.368
1787312670.4075336,-2.489224429109141,-0.8465934790902794,89.27364695713725,-2.4346326671631493,-0.8941187598345192,89.7707666417032,0.0724,0.497
1787312670.5412843,-2.4905260370611275,-0.8449710674355664,89.0677320751937,-2.432009102367657,-0.8977248398643584,90.02056407916253,0.0788,0.953
1787312670.6084094,-2.4913276932761605,-0.8442714617668807,88.79437306459074,-2.4318532040276426,-0.8967316277960539,89.87815327051315,0.0793,1.084
1787312670.7452989,-2.4918880837857174,-0.8416925484718406,88.68267677043967,-2.4347819369105426,-0.9097823934121858,89.28078614560309,0.0889,0.598
1787312670.874935,-2.4912427703194533,-0.8388691484580203,88.81616081910215,-2.4424845826886745,-0.8949548772923994,89.279972251347,0.0743,0.464
1787312670.9414785,-2.490796512377061,-0.8376084091533799,89.0606462394765,-2.434939161062736,-0.8992509963697572,89.35724364705108,0.0832,0.297
1787312671.0109456,-2.4906489177974995,-0.8364657604051838,89.07408906425837,-2.429594829395341,-0.8970364032307797,89.55609782619294,0.0860,0.482
1787312671.1601713,-2.4911776451005956,-0.8340649651956772,89.0919355500017,-2.403557739568692,-0.9175283361116908,90.21321184860606,0.1210,1.121
1787312671.2260168,-2.4917702659909,-0.8329219031551162,88.96731965286845,-2.4004527145789902,-0.9164484363132116,90.17794033126886,0.1238,1.211
1787312671.3684616,-2.492463356263597,-0.8308979491161975,88.7042943266799,-2.393294987596743,-0.9189143247115132,90.29699830785019,0.1326,1.593
1787312671.4431489,-2.492342586483631,-0.8298861050259266,88.68470295661041,-2.402808332920456,-0.9155841820111481,90.07130698094674,0.1239,1.387
1787312671.5123882,-2.491994755198909,-0.8288749351379358,88.71667826413031,-2.4041277740619313,-0.9258884238237469,89.71507815546208,0.1309,0.998
1787312671.6471336,-2.491209720741468,-0.8275394622617488,89.01633682255154,-2.4018826024732016,-0.9210689873673652,89.78296353316827,0.1293,0.767
1787312671.7115767,-2.4911589625620443,-0.8270437198945585,89.1418967034686,-2.3945804631803167,-0.9220666844496849,90.09045290578156,0.1355,0.949
1787312671.8501987,-2.4917932217618874,-0.8259585361695105,89.28731982222531,-2.386357595964924,-0.926538585517937,90.30156869393348,0.1457,1.014
1787312671.9180238,-2.491621003321314,-0.8254910962459423,89.27565717696562,-2.380824468654032,-0.9281948497831805,90.56278797525638,0.1511,1.287
1787312672.063125,-2.490581790938393,-0.8244487206112479,89.11085511054844,-2.389060331697525,-0.9188562796938541,90.58548504117077,0.1386,1.475
1787312672.1380248,-2.489515712361965,-0.8238978184373444,89.04822775730025,-2.4067396566505077,-0.9089899328410442,90.25967088338781,0.1187,1.211
1787312672.2692637,-2.487200510613526,-0.823037812187279,89.30308420274433,-2.4155720839745833,-0.9161655334345103,89.71689980134336,0.1175,0.414
1787312672.3326824,-2.4867116826726323,-0.8223568881810565,89.31943239682823,-2.414915708351012,-0.9133539672095936,89.75296621352649,0.1159,0.434
1787312672.4665582,-2.4865364982651847,-0.8208916184245653,89.30295049061208,-2.400897786086967,-0.9185748402739924,90.23392104624423,0.1299,0.931
1787312672.5319564,-2.486697566122989,-0.8202279726760922,89.15466376136571,-2.408566601033661,-0.8970046724863234,90.2366603774337,0.1095,1.082
1787312672.6654007,-2.486601377983917,-0.8188868349164142,89.10554683368238,-2.413973743087085,-0.8838132022484863,90.22773115978308,0.0974,1.122
1787312672.7311382,-2.4861275189299272,-0.8181519645190387,89.06996069605145,-2.4273415422817153,-0.8857071972649974,89.83900474382618,0.0896,0.769
1787312672.868041,-2.4846758514625304,-0.8167745487837185,89.23749109915266,-2.4306120450254074,-0.8759452998703664,89.84161236530328,0.0802,0.604
1787312672.9392602,-2.4846951731324123,-0.8161086053314239,89.2492975137391,-2.4379597692498094,-0.8654333932695112,89.6906839295566,0.0679,0.441
1787312673.0119936,-2.484955704003833,-0.8153945890637436,89.2794607261064,-2.4284577910039546,-0.8724204187883161,90.01887057005327,0.0803,0.739
1787312673.1705859,-2.4863444058125164,-0.8138938597681495,89.19593956536173,-2.420273744148864,-0.8719766374354015,90.12446980591623,0.0880,0.929
1787312673.2421467,-2.4870661134431664,-0.8132853904601367,88.95201197935533,-2.418764097491659,-0.8742684336400861,90.21244879572913,0.0916,1.260
1787312673.3721328,-2.487233468122819,-0.8116747478056655,88.93358267230772,-2.418731815465514,-0.8780103006013446,90.03914236922435,0.0954,1.106
1787312673.4465806,-2.4869674103736665,-0.8108470339836312,88.9740731043482,-2.4191698106321047,-0.8767679754954799,89.75770191131693,0.0946,0.784
1787312673.5259051,-2.4865692009036335,-0.8101214232350572,89.141384166988,-2.425224372699531,-0.8698557342875617,89.7128805159128,0.0856,0.571
1787312673.6641366,-2.4863807413264336,-0.8085906197075701,89.18941177357713,-2.421741020273419,-0.874018462791615,89.81811970325863,0.0920,0.629
1787312673.7310433,-2.486753693617235,-0.8076806460105584,89.14585289258643,-2.4099601653909817,-0.8739692787818225,90.34560331724458,0.1014,1.200
1787312673.8635848,-2.4879397487858506,-0.8060530174295547,88.7148229180081,-2.4129478178011836,-0.8735317761761935,90.04939460674413,0.1009,1.335
1787312673.9320195,-2.488274005803132,-0.8052794701633194,88.69676516005389,-2.4199750509015545,-0.8716026720890178,89.85575627341495,0.0952,1.159
1787312674.0613766,-2.488065545403763,-0.803612289849837,88.65996447626917,-2.421407682240019,-0.8707557387680604,89.53265788481629,0.0946,0.873
1787312674.1251361,-2.4876760162201283,-0.8028211320297665,88.75011029450246,-2.436559664836362,-0.8532375733285928,89.22254189353735,0.0718,0.472
1787312674.2640657,-2.487154814981047,-0.8013788063823616,88.98566803127902,-2.4381347854982645,-0.8477170573521313,89.30503837961047,0.0675,0.319
1787312674.3301032,-2.4873064517627848,-0.8005648800363345,89.00600902408173,-2.4260304969433064,-0.8577816070542427,89.70029331770691,0.0838,0.694
1787312674.4592936,-2.4882781805980163,-0.7989295659234507,88.85838440806765,-2.4197953748765526,-0.8768627967594008,89.55740275882822,0.1037,0.699
1787312674.525449,-2.4887478198967066,-0.7982521302030715,88.6034657222074,-2.4185649886248104,-0.8592130914930615,89.92298076351946,0.0930,1.320
1787312674.6557205,-2.4888975376925098,-0.7966999112424996,88.57648212379164,-2.420618503594422,-0.8568482673040877,89.73230795038857,0.0910,1.156
1787312674.723473,-2.488456867165468,-0.7958019664099656,88.63188495581456,-2.4343594990643056,-0.8521012688436271,89.15040069871006,0.0781,0.519
1787312674.8586223,-2.4873285952472126,-0.7942645769831725,89.10297839206788,-2.4372335316312195,-0.8463526386156118,89.18795412700173,0.0723,0.085
1787312674.926139,-2.487117998496207,-0.7934639995637544,89.1151893795153,-2.4306896259622945,-0.8485284569791898,89.51926858926872,0.0788,0.404
1787312675.053077,-2.487537660413037,-0.7917485465100604,89.09494151865918,-2.426622951066123,-0.8457248438453949,89.73707509822468,0.0814,0.642
1787312675.1147869,-2.487984749801799,-0.7909622829004429,88.94515533322625,-2.4209896975391048,-0.8469960750184056,89.97549506420393,0.0873,1.030
1787312675.2482162,-2.4879833997015015,-0.7889409678548864,88.84949077833853,-2.4213955561088523,-0.8464692507563076,89.89223945364144,0.0880,1.043
1787312675.3128724,-2.4876041711318564,-0.7879054313371204,88.77531433945255,-2.422106971028649,-0.8447437360440312,89.88213954447019,0.0867,1.107
1787312675.4428413,-2.4862498078064794,-0.785898432926022,88.83484662429777,-2.432770890835159,-0.8435659488780356,89.44527607115194,0.0786,0.610
1787312675.5101905,-2.4856272363025225,-0.7850393662084906,89.04845271062571,-2.4202581578834867,-0.844996866804186,89.72544410684733,0.0887,0.677
1787312675.6437752,-2.4855197031112453,-0.7832194159897872,89.06683824715725,-2.4140524366199823,-0.8526695586143588,89.73469858530899,0.0997,0.668
1787312675.7217674,-2.485845943355042,-0.7822704362213715,89.02690641658188,-2.3985542974102225,-0.8635263785926055,90.11912922002983,0.1193,1.092
1787312675.8558867,-2.4866108366484685,-0.7806158516220072,88.79822603098482,-2.3986318737712815,-0.8600690768635328,90.12760108458737,0.1185,1.329
1787312675.9261901,-2.4866640282172563,-0.7797520065826437,88.76590523164073,-2.4061678735637533,-0.8577676694383712,89.82911319640438,0.1121,1.063
1787312676.0572739,-2.485889594148921,-0.7779643048296497,88.71753042563951,-2.411423788809173,-0.8562113747681784,89.70577681894062,0.1080,0.988
1787312676.121223,-2.4853729310236528,-0.7771955257352795,88.86338633547615,-2.4087452988079274,-0.8513285556240465,89.67977922324587,0.1066,0.816
1787312676.2641714,-2.485098177291001,-0.775531644193343,88.91168790705119,-2.4075394105018364,-0.8522268172682187,89.775684644394,0.1091,0.864
1787312676.332263,-2.4853950118202026,-0.7746188112146232,88.92184500475724,-2.3973004933303113,-0.8544454159050774,90.03144724493929,0.1189,1.110
1787312676.4643006,-2.4863134940091394,-0.7730306710376649,88.58718228743597,-2.391028733136334,-0.8746458090701171,89.80510357254552,0.1393,1.218
1787312676.529921,-2.4864344255751543,-0.7726718572315049,88.57788158083494,-2.4003437386386386,-0.8553712678170405,89.80570291542477,0.1194,1.228
1787312676.6753426,-2.485898884839074,-0.771840657327861,88.58082968338756,-2.4051599059591156,-0.8511941552229259,89.60706062360194,0.1132,1.026
1787312676.7405896,-2.485326192965431,-0.7714856531162712,88.73287637853066,-2.4145478332019374,-0.84043686263154,89.54204754341157,0.0988,0.809
1787312676.8052938,-2.484877057911633,-0.7712113300609298,89.00318799799214,-2.4195357415600087,-0.8375136942172708,89.39669829007275,0.0931,0.394
1787312676.949599,-2.4849551077911403,-0.7698972427565737,89.00941145108392,-2.4182271465550547,-0.8393983431531479,89.58609587959411,0.0963,0.577
1787312677.0184174,-2.485428526676847,-0.7691857523039274,88.93471382979632,-2.4103610483471423,-0.8313353941137712,90.00375103481868,0.0975,1.069
1787312677.1511433,-2.4863586312614983,-0.7679096839031936,88.71089111332726,-2.4153578553065107,-0.8293188361832288,89.84880558896596,0.0939,1.138
1787312677.222159,-2.486480388494859,-0.7672110239783138,88.67644506002777,-2.417539747299157,-0.8263568091211231,89.65582541201192,0.0908,0.979
1787312677.3627903,-2.485977753117983,-0.7657589995071529,88.70820946866142,-2.426445236320529,-0.8192277203457144,89.55927758585348,0.0800,0.851
1787312677.424684,-2.485602044376623,-0.7651742269895463,88.9270664508758,-2.4360877184786425,-0.8106310015201011,89.32056819848269,0.0672,0.394
1787312677.563003,-2.48547461637467,-0.7637460996452436,88.96821669827327,-2.41646376834496,-0.8303825747335429,89.76532341286263,0.0959,0.797
1787312677.6279106,-2.4858112173243385,-0.7629560950272593,88.97199259628493,-2.4150404148928097,-0.8240123434677175,90.00215079890415,0.0935,1.030
1787312677.757812,-2.4868071797510103,-0.7615993169301355,88.6255991851202,-2.4208422872980515,-0.8188263524390045,89.79780133633693,0.0873,1.172
1787312677.8252592,-2.4870377026516666,-0.7608744804552063,88.61121247426225,-2.430833433113563,-0.8017480119970141,89.53985171847792,0.0695,0.929
1787312677.966579,-2.486660704134592,-0.759309747484352,88.63730568790382,-2.4232069409947425,-0.81347916625746,89.59627798835652,0.0834,0.959
1787312678.0382133,-2.4861578783495633,-0.7585769118896013,88.8009186323222,-2.4350758485604675,-0.8026427084147141,89.25852567700493,0.0675,0.458
1787312678.1690361,-2.4857056101773805,-0.7571435034928802,89.09562128848225,-2.4367955928045046,-0.8120335923425326,89.06019950929151,0.0735,0.035
1787312678.2352169,-2.4859674528345925,-0.7562760307565501,89.05882374324887,-2.425493106914688,-0.8198384637194531,89.7150104618646,0.0877,0.656
1787312678.37153,-2.487055480892618,-0.7545976585096679,88.75978471725081,-2.418477251633434,-0.8255782179557603,89.71062087701812,0.0987,0.951
1787312678.4469452,-2.4872755976653025,-0.7535629347335102,88.74070047443621,-2.4262830073593955,-0.8041775201934361,89.73065461399723,0.0793,0.990
1787312678.5129373,-2.4871899581642993,-0.7524925777202391,88.69306039334207,-2.431375108153085,-0.7997757615794078,89.50598050710164,0.0732,0.813
1787312678.6519072,-2.4861939324737112,-0.7501728430002155,88.77140275996653,-2.4400528769918925,-0.7986308467397213,89.25631034064978,0.0669,0.485
1787312678.7173586,-2.4855421149899795,-0.7491584773045082,89.00401197853934,-2.4453352076592734,-0.7913721650825165,89.23552614630279,0.0583,0.232
1787312678.847522,-2.485221464187455,-0.745859185241501,89.1369607440319,-2.4374998456547954,-0.7932301206635459,89.35246854558368,0.0672,0.216
1787312678.9180644,-2.4854270077736578,-0.7441724360131369,89.19531216342907,-2.409707029674718,-0.8079318612885467,90.19510813766314,0.0990,1.000
1787312679.0555227,-2.48607480633365,-0.7416403564698648,89.13044890882753,-2.4061425972242967,-0.8144504661243055,90.18693433092116,0.1081,1.056
1787312679.1260061,-2.48605593729766,-0.7407311433334239,89.06462906743982,-2.4001128606033024,-0.8235391307596367,90.24339730674139,0.1193,1.179
1787312679.257608,-2.4852432663409614,-0.7388252934256269,88.95808673236134,-2.407997318522435,-0.818920095223877,90.02554531772167,0.1113,1.067
1787312679.3226068,-2.4845658743662784,-0.7379311428401595,89.02522238432216,-2.4117490956248355,-0.835157052521583,89.42906800543739,0.1215,0.404
1787312679.4488673,-2.4837864415950004,-0.7367406375327049,89.24441900660234,-2.404149213789307,-0.8426147431588779,89.56064756692666,0.1325,0.316
1787312679.5122144,-2.483864573812918,-0.7362803029414204,89.2590981207092,-2.3882168889184796,-0.8565223530845953,89.91630910361937,0.1536,0.657
1787312679.6547751,-2.4850243260471028,-0.7353505136120208,89.20113010234317,-2.3824891356834077,-0.8484636337163289,90.27103541086831,0.1527,1.070
1787312679.7219875,-2.4855844750584097,-0.7350251896559177,88.9653581659393,-2.386780314538331,-0.8269336984999852,90.4752010625751,0.1349,1.510
1787312679.8564413,-2.4856184521155256,-0.7337417369663716,88.9144773396635,-2.3920086857136864,-0.8226263399859908,90.42033261362657,0.1291,1.506
1787312679.9207704,-2.485200279871867,-0.733125202212538,88.9142273509107,-2.399953554049581,-0.8198156822656697,89.95416597590965,0.1216,1.040
1787312680.0564947,-2.484271504071879,-0.7320033943602491,89.06152466569571,-2.407844717057657,-0.8151746529171853,89.7889335528004,0.1130,0.727
1787312680.1262462,-2.4841571479266102,-0.7313647639320487,89.10666062723232,-2.40443996056216,-0.8256126782016767,89.65192177371675,0.1234,0.545
1787312680.2670643,-2.484770131734107,-0.7299892017899172,89.10460604466896,-2.390432186690307,-0.8219991964245095,90.41506556125684,0.1318,1.310
1787312680.335637,-2.4852397886180957,-0.7294127191252759,88.92932630692087,-2.3940257251705295,-0.813259217580272,90.24672348639345,0.1239,1.317
1787312680.468098,-2.485339112289043,-0.7290531941085621,88.89420420666268,-2.4008541881179037,-0.8014942483120199,90.27598381515423,0.1113,1.382
1787312680.5328329,-2.484994098185166,-0.7287933117180717,88.88705884679737,-2.4093997064649537,-0.8013311003122302,89.82999697372131,0.1048,0.943
1787312680.66674,-2.4839214531885845,-0.7284235055698451,89.16828643304862,-2.417607009119077,-0.7953091727844284,89.79818907242175,0.0942,0.630
1787312680.7325227,-2.483698158087493,-0.7279304018661439,89.18290161321278,-2.4322295382489196,-0.7954255017744958,89.26411880134441,0.0849,0.081
1787312680.8718598,-2.4840974337768085,-0.7267627839855217,89.18530539223066,-2.4320194983783407,-0.7828740907561497,89.69318847922364,0.0766,0.508
1787312680.9391723,-2.484618657001402,-0.7261906366637875,89.06211297207152,-2.425234697056892,-0.778800048579218,89.98963445377821,0.0793,0.928
1787312681.073827,-2.4852965482287863,-0.7250645901534211,88.79601125886232,-2.423500142680492,-0.7788948013137662,90.03074467029201,0.0820,1.235
1787312681.1390784,-2.48519180411769,-0.7243432300628289,88.80352555706767,-2.4367234019818156,-0.7829765441376784,89.2416899442883,0.0761,0.438
1787312681.2106552,-2.4847409735004327,-0.7235427165114683,88.88747593505391,-2.443136570270772,-0.7772652141037658,89.20467149288464,0.0679,0.317
1787312681.3632538,-2.4838791826456426,-0.7216526152343836,89.306656264903,-2.43783527818552,-0.7720689736712633,89.53820579699874,0.0683,0.232
1787312681.4279366,-2.483887894693418,-0.7204484554562469,89.5488187794106,-2.4415648731774704,-0.7620834389215273,89.6236481911666,0.0594,0.075
1787312681.5680501,-2.4846399160236876,-0.717998452028411,89.91762235550023,-2.432103676663373,-0.7661339290707528,90.08007103069652,0.0713,0.162
1787312681.6348903,-2.4851522350718596,-0.7169218044659466,89.90712750477053,-2.4280290392537687,-0.7698789875085083,90.40378833951489,0.0779,0.497
1787312681.7703545,-2.4851757627634643,-0.7149549557337529,89.87021630792368,-2.4297698219265498,-0.7642427614277267,90.58936345349485,0.0742,0.719
1787312681.8444145,-2.4847942064673036,-0.7138930855085681,89.87637000420399,-2.421836427037468,-0.7700242370041592,90.85298444057453,0.0843,0.977
1787312681.909687,-2.484196852442784,-0.7128952352955671,90.00014543852895,-2.427530825875816,-0.7654695181555539,90.60222726606885,0.0773,0.602
1787312682.0488257,-2.4833825121417847,-0.7111307439031989,90.26880542445303,-2.4263572473304738,-0.7673216120656325,90.6657277884461,0.0801,0.397
1787312682.1156013,-2.48338605403194,-0.7102167107255559,90.28754355086981,-2.4185680865310872,-0.7713677526648083,91.10044865469527,0.0891,0.813
1787312682.2509174,-2.4841091757283498,-0.7084162510627192,90.11126474754019,-2.4087274503668135,-0.7744470508118256,91.30755055044226,0.1002,1.196
1787312682.3274524,-2.4844162315659726,-0.7076539448191058,89.84664147133265,-2.4132747122739913,-0.7712030175569214,91.11132156776411,0.0954,1.265
1787312682.4623168,-2.4838766885024874,-0.7058049035161997,89.85842441002136,-2.4142503741107557,-0.7692612473662862,91.07270619009121,0.0942,1.214
1787312682.526868,-2.483221496995533,-0.7048489648030835,89.9414885653049,-2.421464555968277,-0.7679944959849074,90.61138788890406,0.0883,0.670
1787312682.6601303,-2.482026033369853,-0.7031950614263333,90.1754266323965,-2.4243111575396163,-0.7639610792065439,90.56799984034537,0.0838,0.393
1787312682.7289164,-2.4818425591078217,-0.7023485798171583,90.21744766734481,-2.4155569153638417,-0.764744252301216,90.93960047680525,0.0910,0.722
1787312682.8566234,-2.4822440313800245,-0.7006038787793366,90.18593947462254,-2.410344487376239,-0.765242857234238,91.1820357402305,0.0967,0.996
1787312682.920465,-2.482586837789352,-0.6998399269175395,90.02196914407222,-2.4097645746641163,-0.764000518323531,91.19363453145873,0.0971,1.172
1787312683.0441341,-2.4826612939552017,-0.6982113673443302,89.97790648050228,-2.4136915263993366,-0.777599424579442,90.76591924348767,0.1052,0.788
1787312683.1092877,-2.4823349013529663,-0.6973390834235197,89.9572409492558,-2.421239646444879,-0.7664987809999079,90.67693920329668,0.0923,0.720
1787312683.2476554,-2.4812101545664995,-0.6957292591337447,90.1845277568314,-2.416758686759045,-0.766733549359546,90.87212836258136,0.0959,0.688
1787312683.3172266,-2.480786508884086,-0.6950355349237244,90.45726576529188,-2.4228109877392243,-0.7608282471564761,90.68950846324178,0.0877,0.232
1787312683.4576766,-2.481471110524403,-0.6931886494145769,90.43161847214132,-2.418297364370215,-0.762037708744466,90.9829730286792,0.0934,0.551
1787312683.5298445,-2.4822023262271653,-0.6922859427247207,90.30447686641538,-2.4094567186462497,-0.7653303031641315,91.22722877799595,0.1031,0.923
1787312683.668223,-2.483300201314467,-0.6906766048655524,90.00154623677169,-2.4129424285948113,-0.7758753589006447,90.87234785877429,0.1105,0.871
1787312683.735974,-2.4834138698347843,-0.689799410005496,89.9781393914797,-2.4190983033014057,-0.7629145389774289,90.73970491758351,0.0974,0.762
1787312683.8691318,-2.483012016979707,-0.6880841216879601,90.13552084128445,-2.4196228454418685,-0.7605733592088797,90.7774419972301,0.0963,0.642
1787312683.9363415,-2.4828258911657666,-0.6873241900202393,90.15316925849933,-2.423405513446102,-0.7541910803436217,90.69946542445312,0.0895,0.546
1787312684.0064838,-2.4828752897800013,-0.686529281571606,90.20226826093537,-2.418996299798912,-0.7591805772280238,90.8644000740263,0.0967,0.662
1787312684.146231,-2.4838174830810265,-0.6848565008894861,90.22417453107049,-2.4064789168068947,-0.7617342787196151,91.26374017200862,0.1090,1.040
1787312684.2742705,-2.484932600218916,-0.6834620343870573,89.79869604036534,-2.4060373795968,-0.7750522095612603,90.99958524122087,0.1209,1.201
1787312684.345486,-2.484961545611922,-0.6826859331543348,89.79502845699626,-2.4077122481063973,-0.7664102460843484,90.99573315796877,0.1139,1.201
1787312684.4212868,-2.4846882080912507,-0.6818834145266849,89.754926529073,-2.4143132902270583,-0.7626130231223248,90.64302656210464,0.1071,0.888
1787312684.55568,-2.483650405550483,-0.6804551999711369,90.01619760710538,-2.4209721190876117,-0.7589805142311472,90.48796027854503,0.1005,0.472
1787312684.6150792,-2.4833842223592626,-0.679685290868445,90.03174158899057,-2.4203433300919843,-0.7546603758343464,90.541490358797,0.0980,0.510
1787312684.7492068,-2.483657082400714,-0.6780643067381962,90.14563685526434,-2.4210880668223838,-0.7533905683119196,90.52760435407345,0.0979,0.382
1787312684.8144999,-2.4841993273374885,-0.6772888268913061,90.12853282441897,-2.4085721876964503,-0.7593645012355911,90.88221224224448,0.1116,0.754
1787312684.950719,-2.4849424659746693,-0.6758385283922608,89.96297535888513,-2.4095688125804977,-0.7568851152659533,91.00778565049963,0.1107,1.045
1787312685.0215757,-2.484898158929515,-0.6750170542903765,89.94490018527681,-2.4159829589210746,-0.7538457293714779,90.78147066560359,0.1047,0.837
1787312685.1578186,-2.484147540342157,-0.6733645547568841,90.07274835855551,-2.4191775745669846,-0.7509800836329964,90.76100075076691,0.1012,0.688
1787312685.228698,-2.48374455060477,-0.6726797231474864,90.31897090355218,-2.421576177728535,-0.7514542966644779,90.71678061631978,0.1004,0.398
1787312685.370855,-2.4838642103170763,-0.6710227916745979,90.33950172775738,-2.4169694214237882,-0.7523725807079936,90.8157142755336,0.1053,0.476
1787312685.442769,-2.48430446731601,-0.6701700741577734,90.29138732732223,-2.414152973955598,-0.7481067123581568,91.18506829149409,0.1049,0.894
1787312685.569628,-2.4852267798001546,-0.6686669457976147,90.08187747678743,-2.4102564107814595,-0.7630928323054211,90.9200450766654,0.1206,0.838
1787312685.6309175,-2.485381080692256,-0.6678713050800944,90.05011139103516,-2.4144548004887576,-0.7471481946330228,90.97736486298311,0.1064,0.927
1787312685.765757,-2.484982007397246,-0.666212744323585,90.05604321250115,-2.4220617442249974,-0.7422517223120915,90.80332446428145,0.0987,0.747
1787312685.8300483,-2.484568191569573,-0.6654900353537734,90.23090644695306,-2.422232265801615,-0.7479521039181204,90.73061150024141,0.1034,0.500
1787312685.961501,-2.48430137944297,-0.6639401881313637,90.2804276492078,-2.412648223413166,-0.7488862903122994,91.09379218065726,0.1111,0.813
1787312686.027771,-2.484544193887917,-0.663110607935874,90.31013341159733,-2.4113821732271554,-0.7462580924833716,91.21024582933858,0.1108,0.900
1787312686.1717968,-2.4855484142668893,-0.6615990144746803,90.05114217728375,-2.41278672967272,-0.743597685989314,91.1138866378015,0.1096,1.063
1787312686.2358243,-2.4858495182478473,-0.6609150915387529,89.7743600807508,-2.4163482773758544,-0.7558043446113325,90.69482932316205,0.1176,0.920
1787312686.3016706,-2.485677492818759,-0.6600546118812464,89.77569048510175,-2.417668204547187,-0.7471997866262897,90.81789247975024,0.1105,1.042
1787312686.4588807,-2.484320384622052,-0.6582699009602574,89.91649620879042,-2.4125131120752092,-0.7511940255548876,90.68571629915404,0.1174,0.769
1787312686.5276299,-2.483611273253273,-0.6575289996008844,90.20878625181577,-2.4201820353901877,-0.7436452743147902,90.58899018702577,0.1070,0.380
1787312686.6720517,-2.4833398643722724,-0.6557719755700654,90.23661719253049,-2.417676032412567,-0.7628651835625881,90.3783526815302,0.1256,0.142
1787312686.7411346,-2.483638652226411,-0.6548534077745195,90.1916376070693,-2.406135095665932,-0.7470876383671607,91.17587592739868,0.1205,0.984
1787312686.8712163,-2.484200799879558,-0.6532569030016232,89.9732750748206,-2.4093645293115933,-0.7430942114434617,91.13673085559931,0.1169,1.163
1787312686.9389558,-2.4841103409613408,-0.6524189092482012,89.94394979433523,-2.4103965503545557,-0.7432520750089644,90.91868734618544,0.1170,0.975
1787312687.006348,-2.4836736066191114,-0.6515241458565129,89.86213095082293,-2.4197404135784306,-0.7128174913575663,90.80869099673552,0.0886,0.947
1787312687.1477332,-2.4823809549232783,-0.6499081898928933,89.994862377641,-2.43480741676227,-0.695452356895663,90.62326336182898,0.0659,0.628
1787312687.2743735,-2.481919692552881,-0.6482447876508499,90.03575334506357,-2.44732311997673,-0.6740432503749668,90.34404487140948,0.0432,0.308
1787312687.3425224,-2.482083812354265,-0.6473518396219373,90.03834730780629,-2.4221068040010816,-0.72532956014525,90.881809083417,0.0984,0.843
1787312687.419273,-2.48242247991411,-0.6465135821234781,89.94208880196125,-2.4104179910796453,-0.7415946300639354,90.98401487588785,0.1193,1.042
1787312687.567776,-2.4826977629655946,-0.6449517236836344,89.69438759476098,-2.4146785219272973,-0.7082348871606221,90.87932453269418,0.0929,1.185
1787312687.6338732,-2.4824535908651075,-0.6440897569786213,89.69141406933433,-2.432699323520003,-0.679879655760182,90.3291301935658,0.0613,0.638
1787312687.7041116,-2.481955681139682,-0.6432067465838345,89.73693475981732,-2.435975171920672,-0.6778215181160533,90.35869751851597,0.0576,0.622
1787312687.8453755,-2.48088092351325,-0.6416624932007,89.9362118926811,-2.4498316162070135,-0.6639023761508288,90.17727449616616,0.0382,0.241
1787312687.9151487,-2.4806835925101596,-0.6408624519885325,89.97609746700505,-2.448155871168934,-0.6814653637102636,90.33320288014703,0.0520,0.357
1787312688.0563183,-2.48115307152023,-0.6391896293632784,89.93974712102451,-2.4423320872374066,-0.6676796852295778,90.50245133629996,0.0482,0.563
1787312688.125514,-2.481488474199145,-0.6384953234683607,89.72851121089936,-2.4370944143283717,-0.6656675872495232,90.62337265626446,0.0520,0.895
1787312688.2612183,-2.481447756836328,-0.6368611771637669,89.70013060309067,-2.4400964508789738,-0.6622880629381065,90.3507651622964,0.0485,0.651
1787312688.329754,-2.481052339165317,-0.6359933962698635,89.71340290814564,-2.4476793402732127,-0.665515409950238,90.16276322697821,0.0446,0.449
1787312688.3968997,-2.4805187919219205,-0.6351823304066865,89.81561950061783,-2.452404249455238,-0.6570528299649899,90.1242112135704,0.0356,0.309
1787312688.5527077,-2.4798967171555653,-0.6336728652586097,90.0870814790367,-2.4591355331014095,-0.6563060966139713,90.03721945466474,0.0307,0.050
1787312688.6219108,-2.480151999393118,-0.6327603009338193,90.08229283504737,-2.461332818919422,-0.6521984916300569,90.40064004921561,0.0271,0.318
1787312688.7514386,-2.4811618369230004,-0.6310854866042268,89.77768548739469,-2.445507398012884,-0.6455858588355944,90.64773214814606,0.0385,0.870
1787312688.820485,-2.481491741580363,-0.6303140729441988,89.75899053157988,-2.45341845359422,-0.646694418507284,90.33497466527287,0.0325,0.576
1787312688.9562511,-2.4813387695674756,-0.6286427732326525,89.70095073904523,-2.45449551187468,-0.6498819332452441,90.26479624399857,0.0342,0.564
1787312689.022497,-2.480929891562827,-0.6278251587765928,89.77090729404807,-2.4585416214199363,-0.6463580261044162,90.0785030883551,0.0291,0.308
1787312689.1590567,-2.4802862116010616,-0.6263315828688043,89.98982478186726,-2.454476313522827,-0.6437672292287775,90.09463791312669,0.0311,0.105
1787312689.2326658,-2.480327868306118,-0.6255076423870333,90.01059854737915,-2.456559293987313,-0.6502747643252036,90.26991829182852,0.0343,0.259
1787312689.3724568,-2.481158023496537,-0.6238429345663326,89.8717824929411,-2.456070177355862,-0.6418621845730061,90.37047465536139,0.0309,0.499
1787312689.43909,-2.4815507027852846,-0.623154824811149,89.60665584400883,-2.453518738192908,-0.640531773903129,90.41638073544472,0.0330,0.810
1787312689.5118911,-2.481733640159168,-0.6223290587731043,89.59566542337849,-2.4433522219588437,-0.6375077411959493,90.50249910381439,0.0413,0.907
1787312689.6436756,-2.481291933198842,-0.6206033811119923,89.63229302498725,-2.445875637605778,-0.6454085145683887,90.06183609306423,0.0432,0.430
1787312689.7092946,-2.480843610982944,-0.6198286733204942,89.80052318417964,-2.4636089101789413,-0.639652882340154,89.84734832993121,0.0263,0.047
1787312689.8487554,-2.4804101894387,-0.6182926555480882,89.86207415228789,-2.462007726266001,-0.636744414996724,89.94983771228344,0.0261,0.088
1787312689.9185488,-2.4806405161671576,-0.6174506264794083,89.90042194787274,-2.442879083056211,-0.6380965720194124,90.49982077756748,0.0430,0.599
1787312690.0572877,-2.4815914665616043,-0.6159255248871018,89.66377746847087,-2.43088538127041,-0.6492386025059285,90.52470907465687,0.0607,0.861
1787312690.1233993,-2.4818743404126593,-0.6152469570346615,89.40025080422718,-2.426954708591442,-0.6479493826653537,90.64103011037442,0.0639,1.241
1787312690.264507,-2.4811756022104037,-0.6136033657673609,89.46961059814763,-2.42514605208681,-0.6471452609172842,90.47878304559207,0.0653,1.009
1787312690.3287973,-2.4804845370904456,-0.6127975943083325,89.6375467194488,-2.4290660378383175,-0.6356112653008477,90.15562573171395,0.0563,0.518
1787312690.4632258,-2.4794649737623815,-0.6113170773671012,89.95265709986855,-2.4391079149234285,-0.6311184126503769,90.10121819929232,0.0450,0.149
1787312690.5222125,-2.4793470098525456,-0.6105052052059198,89.97213141223762,-2.435791241655311,-0.6445024521811586,90.53924286178373,0.0553,0.567
1787312690.6596022,-2.480317880663229,-0.6086909742800657,89.82484382676813,-2.434766628772093,-0.6448242215146047,90.55505117494451,0.0581,0.730
1787312690.734509,-2.480842165614858,-0.607927427802293,89.56596112238829,-2.426231757689389,-0.6514158098396617,90.76173547829671,0.0698,1.196
1787312690.8693702,-2.4808751551187354,-0.6061703296426866,89.54463839757422,-2.432048343895235,-0.6435324808317755,90.46760024015798,0.0615,0.923
1787312690.9437,-2.48053486567396,-0.6052624821198982,89.59070154103162,-2.4477251478580815,-0.620201016103697,89.95283131838988,0.0361,0.362
1787312691.01004,-2.4800361831278064,-0.6044528445620224,89.77910533716864,-2.4517584196391202,-0.625893094900744,89.93653591554879,0.0355,0.157
1787312691.1401165,-2.4796022141919862,-0.6028434324787697,89.83661101453801,-2.445484162351753,-0.6143225251288413,90.36319341898752,0.0360,0.527
1787312691.2714872,-2.480173008239348,-0.6011193302198182,89.82768733627391,-2.438816198409769,-0.617018946678092,90.4102178538114,0.0443,0.583
1787312691.331245,-2.480640791278156,-0.6003667742678469,89.65886686247165,-2.4297694821061855,-0.6342937967463251,90.4618121979063,0.0611,0.803
1787312691.4531066,-2.480867963123472,-0.598852948412641,89.39250663857102,-2.442109232879728,-0.6435164556289251,90.09829766221453,0.0591,0.706
1787312691.526923,-2.4804731727372635,-0.597973326678826,89.40363522506013,-2.444253401962035,-0.6310533738057433,89.91129188020726,0.0491,0.508
1787312691.6720853,-2.4791282120261706,-0.5963062635596279,89.67621183470165,-2.438119448987143,-0.6251681347916238,90.02540654117976,0.0501,0.349
1787312691.7515783,-2.4786252945425042,-0.595537055016983,89.69943547220639,-2.4422754837836567,-0.61207850059292,89.98951968566216,0.0399,0.290
1787312691.8376148,-2.4784727653253245,-0.5947081623217985,89.74476532842098,-2.433467861687826,-0.6080707896518722,90.43432558789215,0.0469,0.690
1787312691.923926,-2.4786382192796483,-0.5938328637061876,89.75053766802263,-2.4301562012167524,-0.6165897810741491,90.45815863006557,0.0536,0.708
1787312692.0079668,-2.4789708878592296,-0.5930694613922778,89.5919208278811,-2.4246811513215616,-0.6189902152264103,90.48455742691053,0.0602,0.893
1787312692.0850103,-2.4790524294954888,-0.592351179048608,89.32202877525295,-2.4327491905760494,-0.6234719869975405,90.40214724633395,0.0558,1.080
1787312692.2474177,-2.478325375317448,-0.5905446866969211,89.38742107883995,-2.438049769161947,-0.6124724799792882,90.16193814417355,0.0459,0.775
1787312692.318894,-2.477698749214559,-0.5897214289596012,89.5693073051436,-2.436902563910602,-0.6149497868606847,89.8631779022789,0.0480,0.294
1787312692.4530134,-2.47713112436847,-0.5880546901470677,89.62504590660973,-2.4439724270195855,-0.6101063030754077,89.99373244396949,0.0398,0.369
1787312692.519423,-2.47726037922065,-0.5871490183424849,89.64482553169242,-2.437853050854267,-0.6284442327940241,89.95708691315569,0.0571,0.312
1787312692.6541603,-2.477898936337314,-0.5855464017761974,89.35605280174477,-2.4308467681786103,-0.6427361350401214,90.02306183200784,0.0741,0.667
1787312692.7202275,-2.4780266650403173,-0.5847201360980318,89.34325688638522,-2.424918701787821,-0.6405475659081102,90.30251973056566,0.0771,0.959
1787312692.8524213,-2.4775664320384982,-0.5829686053762579,89.31842115071278,-2.427799953209779,-0.6075268624483285,90.12925672958598,0.0555,0.811
1787312692.927467,-2.477046452799803,-0.5821127520759063,89.39014702674807,-2.433315996228072,-0.6036032438792974,89.97340749398636,0.0487,0.583
1787312693.0635586,-2.4762230723129295,-0.5805816414849164,89.63999671972104,-2.437753446575661,-0.6065263666541998,89.78483777828879,0.0464,0.145
1787312693.128591,-2.476252920562569,-0.579730147614524,89.65869774644446,-2.4351618706978138,-0.6043691779298137,90.22331276911599,0.0479,0.565
1787312693.2751768,-2.476965616124353,-0.5780778799109254,89.51081303622853,-2.4279551841445106,-0.6126486400343866,90.27127824602007,0.0600,0.760
1787312693.3427937,-2.4772730324974814,-0.577389580487798,89.240937400058,-2.4213227454811124,-0.5967056597064581,90.48033875769966,0.0592,1.239
1787312693.4101622,-2.4772081747590735,-0.576558194555735,89.23801087522921,-2.4303362830629425,-0.6028899154333545,90.0958274963023,0.0538,0.858
1787312693.54273,-2.4761946242177975,-0.5748051113908051,89.32869215284346,-2.4485346978701448,-0.5930752940630639,89.68808554535063,0.0331,0.359
1787312693.6117108,-2.4755001551239393,-0.5740359152785214,89.53804536846201,-2.4574441346012987,-0.6031539950020316,89.26406822496995,0.0343,0.274
1787312693.7485652,-2.4748748293247074,-0.5724922382450648,89.61069020505319,-2.447878764933509,-0.596858719267882,89.92147761661646,0.0364,0.311
1787312693.8161857,-2.47502363525024,-0.5716359331990957,89.6512806476084,-2.437140073302279,-0.6071880355997056,89.98732207932746,0.0520,0.336
1787312693.9537494,-2.4757005401027112,-0.5701283916567798,89.40444285993176,-2.4291058761934647,-0.6061518808468072,90.21633407663707,0.0589,0.812
1787312694.0287452,-2.4758216343313495,-0.569441893702546,89.14744096134538,-2.426964315447546,-0.5922478134581135,90.36385601187854,0.0539,1.216
1787312694.1032555,-2.4753472678518547,-0.5685507899831649,89.1574644751292,-2.4330957370263517,-0.5993765861693683,89.96433416023542,0.0523,0.807
1787312694.2437565,-2.473756098489398,-0.5668104088381744,89.38798063967788,-2.4404047642778215,-0.6045807703960852,89.52668512344742,0.0504,0.139
1787312694.3124866,-2.473058286743305,-0.5660577299805724,89.41567791782043,-2.4410259467293036,-0.5905603062995614,89.6303505437774,0.0403,0.215
1787312694.4498537,-2.4725455123236273,-0.5644102068601013,89.55745041419483,-2.4314634284884806,-0.5948675816869091,89.96822334280682,0.0511,0.411
1787312694.5182712,-2.4726870366887126,-0.5635732501529125,89.5758897235758,-2.4132189567998314,-0.5947768384896006,90.28978058238907,0.0672,0.714
1787312694.6612198,-2.4729479095066673,-0.5621718230141592,89.23506879469683,-2.419881392734032,-0.5905510258799345,90.27521100541901,0.0602,1.040
1787312694.729055,-2.4725054368894988,-0.561335666711943,89.2432183026444,-2.4279112081175156,-0.5849825661181088,90.11195251633524,0.0505,0.869
1787312694.8579926,-2.470802659129952,-0.5596203409923796,89.39086775409955,-2.4352780899835254,-0.5805811147967022,89.78068153761484,0.0412,0.390
1787312694.9230614,-2.470488237223911,-0.5589650488675426,89.41198571897348,-2.438643979981286,-0.5823277612270669,89.75282819646735,0.0395,0.341
1787312695.0730536,-2.4704763368482827,-0.5575601051586316,89.51102374030499,-2.4431897601202324,-0.5797491502735816,89.71495481308226,0.0352,0.204
1787312695.1423602,-2.4709882821639955,-0.5568199761301798,89.54659715846752,-2.430773827833397,-0.5877860797426735,90.02065270358504,0.0508,0.474
1787312695.2751796,-2.4721829845904764,-0.5555884387601986,89.25809564223421,-2.41500667809007,-0.5844445640029985,90.43992729733918,0.0640,1.182
1787312695.3442638,-2.472251491789642,-0.5548115223284931,89.25115474715281,-2.4316307505505637,-0.5850445301882543,90.03004580462942,0.0506,0.779
1787312695.4123719,-2.472073022532117,-0.5540082049435542,89.24623598846775,-2.4228696069470743,-0.5840659472557853,90.03272228316608,0.0577,0.786
1787312695.5430262,-2.471524389059703,-0.552867197240914,89.20193275731437,-2.4311975578633214,-0.5762340296224646,89.8309052426035,0.0466,0.629
1787312695.6082928,-2.4715469381883794,-0.5525625291686231,89.25265942722743,-2.425511635039523,-0.5734213145367263,89.9949937735687,0.0505,0.742
1787312695.7466242,-2.4725145471468988,-0.5513357025292533,89.23280087040963,-2.416325457964581,-0.5741277481492373,89.95115215313149,0.0606,0.718
1787312695.814876,-2.4734173299205633,-0.5506446466561171,89.13199380732378,-2.4163409416332677,-0.5759053473219506,90.03701436001697,0.0624,0.905
1787312695.9510958,-2.4749313627609615,-0.5493758115158655,88.87653186858763,-2.4246565868272767,-0.5732082351913943,89.78290899387196,0.0556,0.906
1787312696.0234306,-2.4752379123683723,-0.5486592370486575,88.84306898095576,-2.434959817707649,-0.576727602744177,89.44593864071277,0.0491,0.603
1787312696.1546533,-2.4750923162090386,-0.5471892920611057,88.9114931105209,-2.435914661502565,-0.5678418898784198,89.45947017372987,0.0443,0.548
1787312696.221181,-2.4749272052975564,-0.5465887333539498,89.13028730195045,-2.4449656216222437,-0.553113435100509,89.29168557799967,0.0307,0.161
1787312696.3719916,-2.475440021464796,-0.5440701773499569,89.37215012400914,-2.445086416961787,-0.5641974989631989,89.31850837933258,0.0364,0.054
1787312696.4506247,-2.4761015520873753,-0.5427647057980375,89.45465764683493,-2.4326051391559504,-0.560056513061686,89.78219044824007,0.0468,0.328
1787312696.519185,-2.4769170625120815,-0.5415830290120226,89.37033000954968,-2.4268663914190958,-0.5690732967987231,89.92719294320193,0.0571,0.557
1787312696.6615512,-2.477383336283677,-0.5401631767839409,89.30860013144657,-2.426873595571449,-0.5900753840055734,89.89201605456864,0.0710,0.583
1787312696.7315617,-2.4771870587710825,-0.539384536271307,89.27484956614494,-2.423853093174647,-0.575762408334937,89.9948224407354,0.0646,0.720
1787312696.8753128,-2.476378803612831,-0.5380152201669703,89.53065472328083,-2.4351822694861376,-0.5907156172283929,89.5857275135959,0.0669,0.055
1787312696.939419,-2.4762098578332306,-0.5373845358434832,89.80151983447922,-2.4212458627193025,-0.5760361516926186,90.03123255208727,0.0672,0.230
1787312697.0729718,-2.47727732800611,-0.5355834846158366,89.75336045026901,-2.4114962792589316,-0.5812320980136347,90.44080466918987,0.0801,0.687
1787312697.1444852,-2.4780770811380455,-0.5347313155876245,89.61125372990979,-2.4069796068456175,-0.5698587440986839,90.75026071134847,0.0793,1.139
1787312697.2744238,-2.4791487553012432,-0.5332054237512391,89.52301709768933,-2.4059913620704707,-0.5732344155882291,90.71824568040839,0.0834,1.195
1787312697.340725,-2.479351620949226,-0.5324105100221721,89.4645473850254,-2.3949778269301927,-0.5740402570818515,90.85885161590826,0.0941,1.394
1787312697.4203591,-2.4792699505220237,-0.5315803664855655,89.44610881691106,-2.402701837687747,-0.5655555330890534,90.6597005731446,0.0838,1.214
1787312697.5592332,-2.4789167688582125,-0.5301966436020564,89.80603144633899,-2.3998573888750125,-0.5703853347233748,90.6419551620495,0.0887,0.836
1787312697.631419,-2.4791728130542348,-0.5293629185170262,89.80473034882816,-2.409381570072374,-0.5674211547557637,90.46306389523632,0.0795,0.658
1787312697.7076561,-2.479825510392033,-0.5284995209847279,89.84541184950184,-2.41451639334052,-0.5790274914526076,90.53493773221415,0.0826,0.690
1787312697.7912607,-2.480700035031965,-0.5276808720981636,89.77810722710623,-2.4147104655795633,-0.5803475642860678,90.56355051331873,0.0844,0.785
1787312697.961683,-2.481120059335751,-0.526921395808006,89.67179929265248,-2.4105152784032775,-0.5751327526902711,90.67377010398434,0.0855,1.002
1787312698.0484574,-2.4806456650589124,-0.52651751017572,89.5740913569588,-2.4058277681596327,-0.5696149611623645,90.82579743503837,0.0863,1.252
1787312698.1421168,-2.4799418818792796,-0.5261490614544363,89.5846575061697,-2.405845038992526,-0.5656093065794846,90.71000295633534,0.0839,1.125
1787312698.21747,-2.4793432595688634,-0.5258985274075323,89.77595854104014,-2.4160828276142285,-0.5632646291070891,90.39526241800542,0.0735,0.619
1787312698.3635316,-2.4793030615986584,-0.5246238010202491,89.71734423622351,-2.41677630045998,-0.5621415555189387,90.3993658364134,0.0729,0.682
1787312698.4326212,-2.4796817190283105,-0.5239714233327561,89.54839433659288,-2.41624377873887,-0.5548928168065187,90.66499276342111,0.0706,1.117
1787312698.5689552,-2.4793230573119405,-0.5223638074767013,89.2864006441619,-2.4267933902518943,-0.5438226196644241,90.45973248155819,0.0567,1.173
1787312698.6359649,-2.478751910935789,-0.5214803188021911,89.21739328747113,-2.4352143784997162,-0.5416727841828276,90.09768884065242,0.0480,0.880
1787312698.709911,-2.4778274573267294,-0.5205319802103844,89.26725384574013,-2.4511206428161416,-0.5420143036508104,89.68513606102815,0.0343,0.418
1787312698.8604553,-2.4762840075844976,-0.5185575367152538,89.46569459659293,-2.4429701282944554,-0.5450031905150433,89.81858667285611,0.0425,0.353
1787312698.9225795,-2.47609002251632,-0.5174016756249902,89.50903369905555,-2.4472078306612057,-0.5417854002946493,89.84812337557912,0.0378,0.339
1787312699.0640953,-2.4764516183048237,-0.5150427492926519,89.49325602363722,-2.4386945565424267,-0.544060640905115,89.97132367827697,0.0476,0.478
1787312699.1391184,-2.476776742093875,-0.5140073061760495,89.29715439331865,-2.4150409898500484,-0.5459582491302094,90.41674134895182,0.0695,1.120
1787312699.2153451,-2.4768355931631594,-0.5130176050060854,89.28687820477812,-2.417832633732708,-0.5512143541745096,90.31982827860143,0.0703,1.033
1787312699.3369913,-2.4761156132677122,-0.5109363920867889,89.28150017062771,-2.4203842078620355,-0.5410148082598408,90.0726905554442,0.0633,0.791
1787312699.4598505,-2.4749263611573618,-0.5090637245970553,89.60447471014784,-2.426008982710144,-0.545616587731329,89.94571207460531,0.0611,0.341
1787312699.5262,-2.4745858348024163,-0.5082057157789494,89.62148804407201,-2.4208217958673917,-0.5319046674640432,90.1598628176233,0.0588,0.538
1787312699.665014,-2.4747729756407506,-0.506353062552772,89.64549577567882,-2.414476903724853,-0.5514549587539213,90.39073861317843,0.0753,0.745
1787312699.7372808,-2.475172282039913,-0.5054712914582725,89.53831276002133,-2.3990214949977506,-0.5614746169671403,90.71396682225294,0.0945,1.176
1787312699.8109653,-2.4755217384201122,-0.5047020181705303,89.30103237233111,-2.396088699188815,-0.5560763826160279,90.6996925789252,0.0946,1.399
1787312699.9593277,-2.4751838721726656,-0.5037853544774696,89.27037394481799,-2.399008303080881,-0.5562487285423116,90.59384456413747,0.0925,1.323
1787312700.0294907,-2.474602863407765,-0.5032872632053418,89.30416952844448,-2.423451320372392,-0.5393787661703829,90.03601879220693,0.0626,0.732
1787312700.1563556,-2.473468471167018,-0.5023260310098703,89.51848994359936,-2.4245380275427637,-0.5378858041241876,90.0184754523679,0.0605,0.500
1787312700.2259018,-2.4732329700915017,-0.501706072042473,89.55172620547998,-2.421569234433782,-0.5360021376137359,90.0542705645059,0.0620,0.503
1787312700.3574944,-2.473705457297357,-0.5003783634210122,89.54987612363897,-2.4313965233899513,-0.5480281937207865,89.96581238255985,0.0637,0.416
1787312700.422486,-2.4740566387111653,-0.4998407903975705,89.37033884500042,-2.43131383336466,-0.5292274769167961,90.16929886115494,0.0519,0.799
1787312700.5613358,-2.4740453132442086,-0.4984725886634294,89.33061279632716,-2.435834712211447,-0.5167730449724324,90.10252243449267,0.0424,0.772
1787312700.6322734,-2.473666632628773,-0.49772627598520175,89.32109027184961,-2.4524062928642345,-0.5085762080939283,89.67088809116028,0.0239,0.350
1787312700.7666044,-2.472538333983781,-0.49644357130371036,89.64196184972359,-2.4614792206594465,-0.5114858146758124,89.49476030832814,0.0187,0.147
1787312700.8462188,-2.4722373775766937,-0.49571913559063985,89.65748260131413,-2.45771779080718,-0.5041820329766772,89.67330084914009,0.0168,0.016
1787312700.9230103,-2.4722457668172417,-0.4949459251628044,89.67682771598585,-2.4597934347262527,-0.5080076444873461,89.85997991634692,0.0180,0.183
1787312701.0562484,-2.472963297079993,-0.4934613568438495,89.44204538326619,-2.4532163468816974,-0.5003991935078117,90.02437867662734,0.0209,0.582
1787312701.1217396,-2.4731906854461863,-0.49282952222071813,89.16671419960736,-2.4519929859144507,-0.5095938569372703,90.03382396668167,0.0270,0.867
1787312701.2637355,-2.4728153223264404,-0.49111738544161676,89.19561919262146,-2.451473262960922,-0.5041292587480743,89.79267100030103,0.0250,0.597
1787312701.3280451,-2.472223638260286,-0.49023200804359063,89.31005956342109,-2.454006398913345,-0.5039698622133606,89.52771014061027,0.0228,0.218
1787312701.4612756,-2.471200074632418,-0.48865031953115634,89.575100527017,-2.466991873096761,-0.4919612517496073,89.32524038082725,0.0054,0.250
1787312701.5467522,-2.4710698628050918,-0.4878055332182803,89.60336207864101,-2.4580746257577184,-0.5008669919821895,89.87335811469308,0.0184,0.270
1787312701.6214259,-2.4712878536459018,-0.48688622543544885,89.60423942799262,-2.451468317126601,-0.49832848327138024,89.93897764883815,0.0229,0.335
1787312701.75754,-2.4719814473532375,-0.4853137725350534,89.21669025698607,-2.434510101879641,-0.501691843164322,90.2408478738378,0.0409,1.024
1787312701.8307385,-2.4720240849434445,-0.4844539856810032,89.20940461164831,-2.435972186924142,-0.5130685260424174,89.9874197198102,0.0460,0.778
1787312701.9637191,-2.4712631887205405,-0.482620252687963,89.314106574006,-2.4369164563411703,-0.49905879090533584,89.81347185948007,0.0381,0.499
1787312702.0471463,-2.4706786312651006,-0.4817984447164187,89.51481617187696,-2.4515377747633993,-0.491711707369994,89.63931006470581,0.0216,0.124
1787312702.1390765,-2.4702933807212015,-0.4809956639720231,89.53472713415957,-2.4565857588073605,-0.4868186098616517,89.5947207307471,0.0149,0.060
1787312702.2250948,-2.4702703431566158,-0.4801280306177968,89.57023674333392,-2.4545280262912543,-0.48536935903979955,89.86021080810107,0.0166,0.290
1787312702.3710868,-2.470981730923241,-0.4784635132740413,89.33466153456378,-2.4585580929589184,-0.49538319771255496,89.82604568090223,0.0210,0.491
1787312702.440733,-2.4711345450556434,-0.47771527006374664,89.0600461728968,-2.4510234332542633,-0.4904831672588213,89.97004019815198,0.0238,0.910
1787312702.5626733,-2.470646089745226,-0.4758597596022324,89.1239319363182,-2.44611660641361,-0.4923024663249191,89.76765515237526,0.0295,0.644
1787312702.6148674,-2.470072903814748,-0.4749293668014667,89.27515761648307,-2.445351027996107,-0.4909327217204239,89.75356023851393,0.0294,0.478
1787312702.7409127,-2.470018202175977,-0.47275620150764813,89.42792844116362,-2.446295178624515,-0.4883967170122843,89.6731928671067,0.0284,0.245
1787312702.8169618,-2.4702940904561412,-0.47169208839561627,89.54225444147244,-2.4348830348505075,-0.4903594192372323,89.858259159108,0.0400,0.316
1787312702.959052,-2.4716648145976534,-0.4695197480293753,89.63922630522171,-2.411049398936567,-0.50396097372582,90.21445258441886,0.0697,0.575
1787312703.0254846,-2.472436795731445,-0.4685800669116202,89.49723794639824,-2.3954564541614225,-0.5134724623459226,90.67351862603185,0.0891,1.176
1787312703.1581285,-2.472718325414339,-0.46731774652490393,89.46149655337646,-2.388128879342454,-0.5145851052535039,90.82864985351337,0.0969,1.367
1787312703.2325394,-2.4724943034641047,-0.4666256193843609,89.4565972276534,-2.3875388679189573,-0.5107926014708107,90.6694853047302,0.0958,1.213
1787312703.3047698,-2.4720504084642267,-0.46599265742652085,89.56996577265863,-2.387679470059206,-0.5049409679131104,90.65690772015662,0.0929,1.087
1787312703.4503565,-2.4716507192734674,-0.4646910898306623,89.83098699035996,-2.4023854206986615,-0.5063480961496764,90.45945053170543,0.0808,0.628
1787312703.5206246,-2.47190078981659,-0.4638730833455219,89.8336125714408,-2.3965343076203696,-0.5165040045300165,90.80359508498685,0.0919,0.970
1787312703.6627052,-2.4729398507266813,-0.4623561236676095,89.55239426597909,-2.3934445315444255,-0.5185822964106341,90.85328574389513,0.0974,1.301
1787312703.7307143,-2.473302000067437,-0.46161287020930425,89.53371105534599,-2.4116796729252243,-0.503755223926563,90.5119540620964,0.0747,0.978
1787312703.8672915,-2.473207447632562,-0.46000035598440886,89.49056218730844,-2.4077028189489558,-0.5010785355655616,90.43121526390897,0.0773,0.941
1787312703.9358737,-2.4728583851936112,-0.4592185975879346,89.5664946191567,-2.4171187816378756,-0.4973122702377629,90.26986768648699,0.0675,0.703
1787312704.0691352,-2.472383747962544,-0.4577715839546327,89.80132457265486,-2.4155417201469103,-0.4861264888866963,90.39064111965074,0.0635,0.589
1787312704.1348245,-2.472536656244232,-0.4569489225507056,89.81663343321867,-2.4106923196272216,-0.48494790365257445,90.62525885504458,0.0679,0.809
1787312704.2732089,-2.4734564641382764,-0.4552876711404545,89.69748927254415,-2.4119775573658697,-0.4865707046574671,90.58481680944213,0.0690,0.887
1787312704.3403678,-2.4739094941482893,-0.45461253823434294,89.423219761439,-2.4067204578743153,-0.4791909911652961,90.75613642477599,0.0715,1.333
1787312704.4100354,-2.4740551569730367,-0.45381305578118536,89.41311977242175,-2.415022179154109,-0.48426772516057254,90.49589448349863,0.0664,1.083
1787312704.5479574,-2.47356589339703,-0.45213367756758677,89.45976623308718,-2.4115830095300868,-0.4901013571548952,90.23055925033614,0.0727,0.771
1787312704.6345973,-2.47305243484093,-0.4513620322100692,89.6308088795864,-2.4175351140405983,-0.48518662523073014,90.10831338922952,0.0650,0.478
1787312704.7216525,-2.4727243102615866,-0.4505875134224606,89.64955756483572,-2.4135819457350243,-0.49394459631537824,90.22573948236955,0.0733,0.576
1787312704.8648074,-2.4730883549479996,-0.4488753002041712,89.67095949083198,-2.4146488671284603,-0.48138933447429905,90.40762814158374,0.0669,0.737
1787312704.930405,-2.473543004887001,-0.4480839670410767,89.54112257566386,-2.399994759791252,-0.48890334124597046,90.61583320610914,0.0841,1.075
1787312705.0700517,-2.4738957930948207,-0.4465963562754365,89.2747948702265,-2.3979764495050784,-0.4884951953524071,90.63975198616667,0.0867,1.365
1787312705.1341913,-2.4735258741137693,-0.4457152783605344,89.28823222415609,-2.4078332708599586,-0.46820732391302805,90.23159270889387,0.0694,0.943
1787312705.2171576,-2.472948817329816,-0.4448377087274876,89.35992207657681,-2.4114478005413287,-0.47275966161156524,90.17352526887149,0.0675,0.814
1787312705.3640146,-2.4719114299499774,-0.44322404373750396,89.5898875765062,-2.4138383365330904,-0.47136809230621396,90.15492866113222,0.0645,0.565
1787312705.426919,-2.4718308930403357,-0.4423419190534381,89.61125377466688,-2.415236201812581,-0.4699279471941255,90.23692239078582,0.0630,0.626
1787312705.5689363,-2.472318981480925,-0.44057033461028533,89.4886378241326,-2.4144212975752537,-0.46386764147437254,90.3813389310353,0.0624,0.893
1787312705.641848,-2.472416326293955,-0.4395218447274873,89.47040136930386,-2.408415481643793,-0.4728674615370009,90.50330579485959,0.0722,1.033
1787312705.7094073,-2.472226702091028,-0.4384442744104846,89.40602677731364,-2.4148802887588903,-0.4637475178549973,90.39609642493413,0.0627,0.990
1787312705.8462563,-2.4711285685457596,-0.43624716104922046,89.34688548784825,-2.419900874976823,-0.4651817890402932,90.08498164997512,0.0588,0.738
1787312705.9076948,-2.4703616115861164,-0.43524804341538953,89.4687186300539,-2.4228625262304386,-0.46863081983555366,89.9458519151228,0.0581,0.477
1787312706.045702,-2.4694577761088508,-0.4342548676829839,89.7022753083624,-2.4243890196874593,-0.4675465144608304,89.91732978020096,0.0560,0.215
1787312706.1199214,-2.4694145562697907,-0.4336864439166326,89.82384811882943,-2.396726813114988,-0.46969190553270085,90.49970203377724,0.0811,0.676
1787312706.2579012,-2.469909242204385,-0.43266142626574583,89.76027604607937,-2.394486315999702,-0.46894637967268155,90.5143911171521,0.0837,0.754
1787312706.3266327,-2.4699050730720447,-0.4326739253101758,89.75168249704892,-2.3886889512700833,-0.47522072389286113,90.98688701081203,0.0917,1.235
1787312706.4659166,-2.4683329910916134,-0.43239084610352463,89.810307750102,-2.3861027050251344,-0.47544380407380155,91.03189111271551,0.0928,1.222
1787312706.5148888,-2.467576208674963,-0.4323117116692234,89.96047842736664,-2.383643030044585,-0.4756710470825264,91.07415629398714,0.0945,1.114
1787312706.6643918,-2.466715531681024,-0.43185326517348754,90.0970251878946,-2.3867675208935157,-0.46733262333462444,90.90424140635581,0.0875,0.807
1787312706.7412403,-2.4667384669836734,-0.4315620439700389,90.22178516716875,-2.4112287989748693,-0.45855094554111825,90.61342735835126,0.0617,0.392
1787312706.8123996,-2.4670265511813154,-0.4312255524013078,90.30418879217801,-2.415927918377739,-0.4600059365931286,90.61833023125683,0.0586,0.314
1787312706.9516053,-2.4677748094606824,-0.4307967659438481,90.06704639505377,-2.4179986008906615,-0.4584587807103597,90.6308014899883,0.0569,0.564
1787312707.0345047,-2.467826367312207,-0.43056475299328345,89.8701541585388,-2.432786111708881,-0.4522405215508585,90.74145836102767,0.0412,0.871
1787312707.1731462,-2.466069766001496,-0.42706139261795706,89.54332694258886,-2.4429770427737543,-0.44449231500188285,90.69885377393351,0.0289,1.156
1787312707.2646756,-2.465261553206253,-0.4246971053826598,89.61568033175585,-2.451908485274265,-0.4388804874774978,90.72728209869334,0.0195,1.112
1787312707.3218052,-2.4650875327747723,-0.42348795947481943,89.67478430484373,-2.4578441324077063,-0.44954047575478423,90.2289842369586,0.0270,0.554
1787312707.4557602,-2.465612842927417,-0.42103924881487786,89.83878323509718,-2.4568238121333796,-0.4395130210681362,89.81998781261862,0.0205,0.019
1787312707.5326624,-2.466126746729028,-0.419904878363837,89.77793978329385,-2.427476530399534,-0.4605244614974914,90.00310101368785,0.0561,0.225
1787312707.6135223,-2.466494220894405,-0.4188773601844722,89.58738673225221,-2.4027626537348024,-0.4662114474961378,90.50307832285188,0.0794,0.916
1787312707.7738438,-2.4657080710113854,-0.4176649577905483,89.60430724159113,-2.3886492205627596,-0.46543135060944907,90.65194744482159,0.0907,1.048
1787312707.8551428,-2.4649385283733136,-0.4170851538956403,89.7365635135871,-2.3856109376737558,-0.46592965850574114,90.89172200725383,0.0932,1.155
1787312707.9297614,-2.4642410672443975,-0.41649706013271814,89.76364920226897,-2.3880169154605926,-0.46654982562479475,90.81815224700475,0.0912,1.055
1787312708.0063372,-2.4638248153961135,-0.4158567125344857,89.81772810402784,-2.384132490701604,-0.46771083330271696,90.84143880353196,0.0951,1.024
1787312708.1646876,-2.463927111919301,-0.4144720742226022,89.82981928080399,-2.388267993568799,-0.4600910468680918,90.68823223669813,0.0883,0.858
1787312708.2368152,-2.4640426835872447,-0.4139196201813987,89.63044238390502,-2.3924365264814837,-0.45947576580629085,90.72978425006616,0.0849,1.099
1787312708.3083856,-2.463865641250429,-0.41332382358122766,89.38960237714531,-2.3863593701931882,-0.45754169748464396,90.88039307350252,0.0892,1.491
1787312708.4472024,-2.4629997477854526,-0.41245320174363287,89.05512044914585,-2.395360934259327,-0.45998812347419576,90.6777617862211,0.0827,1.623
1787312708.5095806,-2.4626813595531156,-0.4122828647070792,89.01637990747993,-2.4055809705623803,-0.4536101506813351,90.09647231452382,0.0705,1.080
1787312708.6597588,-2.4625865620568144,-0.41201322198863843,89.07571035668465,-2.412401898974874,-0.4504523749411482,89.68936733070073,0.0632,0.614
1787312708.7656405,-2.4635629853175143,-0.41155432025259286,89.03155461770274,-2.4006572906299692,-0.4436980962498696,89.86601450576806,0.0706,0.834
1787312708.8366475,-2.464481367818959,-0.411066588018261,88.84500123439686,-2.3998182696220303,-0.44049693241556326,89.79238977931784,0.0710,0.947
1787312708.9287858,-2.4646872050345783,-0.4103503304546833,88.71506563270758,-2.3984124983973216,-0.45088312686431065,89.87866185235586,0.0777,1.164
1787312709.073505,-2.4641542121793307,-0.4095259363756585,88.60203068246882,-2.4060952829792934,-0.46036476900247797,89.67756877933266,0.0772,1.076
1787312709.149676,-2.4635622655196103,-0.40916119058135525,88.68534852508479,-2.4277853019453435,-0.43391198827745164,89.42433458895513,0.0435,0.739
1787312709.2209294,-2.4631091578843543,-0.408892791564384,88.91489700960659,-2.432794991790998,-0.42349741725148193,89.37719176426576,0.0336,0.462
1787312709.342247,-2.4637476794320654,-0.40695324731157784,88.9154470326596,-2.4432577322733535,-0.42334653897641444,89.1533752795535,0.0262,0.238
1787312709.4742584,-2.46510536657882,-0.4050745778211896,88.67589617156744,-2.450155573263612,-0.41127007681356836,88.9644712399232,0.0162,0.289
1787312709.5425029,-2.465609994285274,-0.4043200883883666,88.653459506436,-2.4529168321727823,-0.4122580868970936,89.08259713256635,0.0150,0.429
1787312709.6074102,-2.465836856134266,-0.4035269058736805,88.60387188741015,-2.4507689475147076,-0.42089011428536927,89.08984430749318,0.0230,0.486
1787312709.7606618,-2.4655326536018807,-0.40190295661319736,88.59962780278393,-2.4439222901679867,-0.4150562117924362,89.23013875901788,0.0253,0.631
1787312709.830065,-2.46520843040864,-0.4012202302771349,88.78759542769299,-2.4438403899030394,-0.4140335294551094,89.15818949187445,0.0249,0.371
1787312709.9029624,-2.4651212677327674,-0.4005479898300597,89.04987344272313,-2.452245679255416,-0.4062387192813181,88.92549319456673,0.0141,0.124
1787312710.0446703,-2.4662999455106913,-0.398693587211249,88.99299441099701,-2.4572339161479246,-0.40872412756014365,88.7746381619338,0.0135,0.218
1787312710.1151772,-2.467164162002272,-0.39783026464747806,88.82009131032953,-2.4428084405709796,-0.40721182994259597,89.02893215269604,0.0261,0.209
1787312710.2656698,-2.468240596674552,-0.3963286027902463,88.727934225633,-2.444005380762874,-0.421767589175897,88.85734853120735,0.0351,0.129
1787312710.3500016,-2.468341039388089,-0.3955204456810491,88.67102301985064,-2.428856313928724,-0.4213232411233159,89.31182299810413,0.0472,0.641
1787312710.4192803,-2.468168213940212,-0.3947526539044562,88.7246476473591,-2.420651213978945,-0.4233464939818477,89.45878249234804,0.0555,0.734
1787312710.53706,-2.4680804458715797,-0.39344799397796915,89.16990419751846,-2.432487797197091,-0.4261954813818031,89.18885955305309,0.0484,0.019
1787312710.608896,-2.4683932754067808,-0.39258430126524907,89.16619287408055,-2.4355389995766537,-0.4177976096052431,89.24503953247589,0.0414,0.079
1787312710.7382412,-2.469975181771436,-0.39075928805165444,89.01000586448181,-2.4180859238603656,-0.4170437891056326,89.63604491930441,0.0582,0.626
1787312710.856381,-2.471198866100943,-0.38927629932869745,88.90246913258318,-2.4155692935413655,-0.416194786775085,89.64273488519162,0.0618,0.740
1787312710.9218442,-2.4714741275603105,-0.38850835904579006,88.82003478339377,-2.4048296857980453,-0.4218217677502275,90.0277091842841,0.0745,1.208
1787312711.063391,-2.4712958128528317,-0.3869462902435331,88.7900175949356,-2.4138725477521623,-0.4215642526468002,89.78906942570316,0.0671,0.999
1787312711.1269183,-2.4710988986372615,-0.3863023362437634,88.96221769622376,-2.4118627271525725,-0.42139426434820115,89.68286570083119,0.0689,0.721
1787312711.2021108,-2.4711540823305223,-0.3860315988876376,89.05562150407006,-2.404120119488439,-0.4299370961894447,89.70604123486291,0.0801,0.650
1787312711.3702734,-2.472097714874607,-0.38533930816101647,89.19376128865314,-2.3971521979797026,-0.4317969074154204,89.88979215242597,0.0882,0.696
1787312711.4368916,-2.4723425738884495,-0.38503296442649787,89.17264804961185,-2.3736335932309003,-0.4260679262970164,90.5013910029429,0.1069,1.329
1787312711.5191774,-2.4723732970731693,-0.38475729271536047,89.05772375276995,-2.3772990082932015,-0.4301971993483853,90.48825095649407,0.1054,1.431
1787312711.6581922,-2.471367603366227,-0.38399475589971854,88.6891170298874,-2.3716351761203365,-0.4311751270241287,90.5535307611885,0.1103,1.864
1787312711.7301962,-2.470500469538322,-0.38368930272354157,88.60019722342204,-2.384557464444438,-0.4293103075723246,90.3158477308895,0.0973,1.716
1787312711.8619492,-2.46926713338022,-0.3829780468520019,88.70047358021364,-2.393226946660573,-0.4236069928748463,89.9437499254294,0.0862,1.243
1787312711.9317205,-2.469129700488388,-0.38239813767519953,88.72003155801727,-2.4054210380292407,-0.41150762656378803,89.44682140048569,0.0700,0.727
1787312712.0497897,-2.469149455985023,-0.3810959994977219,88.6815649347278,-2.409723312987814,-0.4139008396228467,89.42771969497333,0.0679,0.746
1787312712.130227,-2.4684813688472844,-0.3795813384703141,88.48606971965864,-2.41116293001964,-0.41166239062146354,89.3844909672177,0.0657,0.898
1787312712.261409,-2.467245115815261,-0.3780221582873248,88.46991602451406,-2.3926069749332863,-0.4209035777473902,89.77567060442674,0.0861,1.306
1787312712.334065,-2.4660857164752095,-0.3771736235412457,88.53062255541467,-2.3896771166174515,-0.42405419749529,89.74658966853863,0.0896,1.216
1787312712.4732752,-2.464105792616285,-0.3756605494632586,88.76025900158193,-2.4129051052598705,-0.4033829952575779,89.30952547011378,0.0582,0.549
1787312712.5390835,-2.4636665590689226,-0.37483221529330246,88.80183258302851,-2.4193799592103904,-0.3976664112625548,89.18734562163893,0.0498,0.386
1787312712.6111689,-2.463503946107072,-0.373951259733468,88.826668872543,-2.4188983701675597,-0.3968974429004159,89.39535477513297,0.0502,0.569
1787312712.7585242,-2.4635666461652295,-0.3723943785448721,88.53598468756526,-2.409743700975461,-0.3962306543326545,89.48172034032669,0.0589,0.946
1787312712.8263462,-2.463376545511885,-0.3716735773495125,88.2614109583226,-2.419546731230153,-0.39657031872646287,89.30312822145372,0.0504,1.042
1787312712.9704797,-2.461699359071662,-0.3698404588081815,88.33200629293592,-2.4261677657604954,-0.39072547881157504,89.06797856357164,0.0412,0.736
1787312713.040759,-2.460615398776089,-0.36900782285496136,88.51152645890501,-2.424614724262596,-0.3933195811919972,88.88409345641708,0.0434,0.373
1787312713.1100693,-2.4597904001824986,-0.368241551104638,88.54139594134648,-2.4363383222101533,-0.39080430103846664,88.70115573092805,0.0325,0.160
1787312713.2669983,-2.4590065326518893,-0.3665457561803192,88.61466832341037,-2.4401926591845715,-0.3892654262581449,88.82211166614123,0.0295,0.207
1787312713.3425362,-2.459021083723943,-0.36571794138099994,88.53054378475763,-2.4299615982872944,-0.39453824089963946,88.9153228297002,0.0409,0.385
1787312713.4137852,-2.4589779394928915,-0.36500769272029365,88.30345408086025,-2.4169537193598334,-0.3857876454926848,89.31168681663463,0.0469,1.008
1787312713.545944,-2.45827892533735,-0.3641014294162121,88.096242222057,-2.4167316093628575,-0.38338412446159276,89.30245654761767,0.0458,1.206
1787312713.623439,-2.4575611565657893,-0.363613460186715,88.04291511722802,-2.4279788360208885,-0.37902988510354,89.02645870728945,0.0334,0.984
1787312713.7407272,-2.45723832365648,-0.36285130706272256,88.23522608421892,-2.4319541862262177,-0.3795798076249517,88.86611945312815,0.0303,0.631
1787312713.8265374,-2.457716793526023,-0.36182298322652096,88.57915119817451,-2.435051725783356,-0.3753469488730394,88.79885029767824,0.0264,0.220
1787312713.9642534,-2.4598119127447076,-0.36021568467067844,88.4940631786767,-2.451341034246156,-0.3673508747365048,88.41546211492837,0.0111,0.079
1787312714.0459445,-2.461067348544804,-0.35951251641113285,88.24558622554892,-2.448474954823308,-0.3707078770610866,88.31862385710328,0.0168,0.073
1787312714.13178,-2.461915912068515,-0.35869413383655313,88.21798567242303,-2.4374796766119,-0.3725233054849376,88.66994989823928,0.0281,0.452
1787312714.2081425,-2.462438587184977,-0.3578403748597018,88.18615362986523,-2.4285346180643934,-0.38624658454117367,88.933399401037,0.0442,0.747
1787312714.3392007,-2.4627700450900836,-0.35621799425805456,88.38619050618492,-2.4219030481422577,-0.3799908481648463,89.21511588728721,0.0473,0.829
1787312714.444917,-2.463566995333629,-0.353762823207881,89.0111462738412,-2.4201497181445024,-0.37910078198721264,89.22542505909938,0.0503,0.214
1787312714.5661507,-2.465191003919587,-0.3513223931465076,89.58975579201382,-2.4160663221316496,-0.37240559696600944,89.02687410351659,0.0535,0.563
1787312714.6381884,-2.4662625176449664,-0.3502182254349767,89.74861026760908,-2.4149988442469246,-0.39090506956035254,88.8820925631685,0.0654,0.867
1787312714.7221713,-2.4665613155232005,-0.34961304816276023,89.83714141988968,-2.4117042753948286,-0.38247724739412836,89.21605541003706,0.0639,0.621
1787312714.8719306,-2.466303799069419,-0.34820707806238377,89.96005648985542,-2.405519599625885,-0.3827468978925315,89.80141536666243,0.0699,0.159
1787312714.938034,-2.4657973135450115,-0.34749449509363245,90.10399641639232,-2.391870247778484,-0.38768919854046974,90.66240411603103,0.0841,0.558
1787312715.0069408,-2.465242295113657,-0.3468840263749979,90.37803148863337,-2.390221154494385,-0.38189166736530794,90.95615562628275,0.0828,0.578
1787312715.1496499,-2.4650385684666003,-0.34546771951368177,90.42122051276048,-2.3883063403317832,-0.38468955444891306,91.05580373583716,0.0862,0.635
1787312715.266218,-2.4658389149722333,-0.3439729182941454,90.3288909822977,-2.398828637027491,-0.3776888148543703,90.86636497282906,0.0750,0.537
1787312715.3203633,-2.4663038475829544,-0.34335392056062647,90.11998197505572,-2.3952704391780424,-0.3762341248105459,91.05000363885925,0.0783,0.930
1787312715.398287,-2.466605117741787,-0.3426546572395759,90.10251053286893,-2.4066091788606103,-0.3830352241173862,91.26440365649829,0.0723,1.162
1787312715.561857,-2.466316816625996,-0.34109880820121385,90.06060779761728,-2.41211039844567,-0.36909887853638546,91.15735530774862,0.0610,1.097
1787312715.6320443,-2.465822605271821,-0.34039157451690066,90.2110200246892,-2.4110534368659295,-0.370741089198956,91.21322549492214,0.0626,1.002
1787312715.703445,-2.4654799815222703,-0.33976621450088673,90.47267464548098,-2.416399377968425,-0.38229464836925403,90.67493875936057,0.0649,0.202
1787312715.837464,-2.465600822588359,-0.33811763206851186,90.48037721564866,-2.4125208599418477,-0.3737007869963428,90.95162442899505,0.0639,0.471
1787312715.9752343,-2.4664686892961196,-0.3365781473660567,90.20587432302203,-2.4114821150013293,-0.37018727252229733,91.30892929254337,0.0644,1.103
1787312716.0523376,-2.466735036681688,-0.3358043908850675,90.19007652811986,-2.407415423065664,-0.36187583052095973,91.27159943472006,0.0648,1.082
1787312716.1251423,-2.466680421568232,-0.3349764181869176,90.16338311669502,-2.4135838223918595,-0.36445892636631544,90.98110838132706,0.0607,0.818
1787312716.2665238,-2.4657526181446072,-0.33318122237535086,90.3161889088187,-2.4232935911459457,-0.3763006263314344,90.64904806811003,0.0605,0.333
1787312716.3419068,-2.465290889663642,-0.33243543472868153,90.60136391501123,-2.438793476547407,-0.38386436066537294,90.32379377123044,0.0579,0.278
1787312716.4140384,-2.4650630934650177,-0.3315876212680943,90.61383752800958,-2.4289426409421915,-0.3629949191864462,90.8450892356165,0.0479,0.231
1787312716.5520117,-2.4655259715598423,-0.3298155049723846,90.55279662330794,-2.424548839492079,-0.36985569865178997,91.04139780513427,0.0573,0.489
1787312716.624133,-2.4659213091741297,-0.32904968131569934,90.34909663573839,-2.4104874255176516,-0.36385073759299136,91.38843874497735,0.0655,1.039
1787312716.7740037,-2.4660985046657378,-0.3274059972478762,90.30795088548153,-2.409652857166357,-0.36664500704412,91.23318836945258,0.0687,0.925
1787312716.8439598,-2.465758042813752,-0.32651471771184215,90.3121291237088,-2.413338885100331,-0.3600118934805032,91.21027286357538,0.0622,0.898
1787312716.9045844,-2.46524496060391,-0.3256972759517966,90.43565121066753,-2.4276826295939746,-0.34366239411613997,90.856411651359,0.0416,0.421
1787312717.0651412,-2.4646901768230416,-0.3241664482362822,90.68011530192162,-2.4298431379095486,-0.35621263933881736,90.79146139475401,0.0473,0.111
1787312717.1362188,-2.4649272948061536,-0.3233017704923926,90.68711419403031,-2.4332083992649363,-0.3454077832624097,91.05001681161639,0.0387,0.363
1787312717.2723413,-2.4658962597443255,-0.32172673665145896,90.40501438551165,-2.419063054644635,-0.3544177066713736,91.35307275109119,0.0571,0.948
1787312717.3460517,-2.466234504640031,-0.32096443770097954,90.38729443581117,-2.4267248392195877,-0.36222091846481663,90.93044629407966,0.0571,0.543
1787312717.4332488,-2.4663156967827904,-0.32016150187032555,90.35965685978536,-2.4290619842069807,-0.3401438475150358,90.92823026121124,0.0423,0.569
1787312717.509933,-2.466046732047337,-0.31930443247784984,90.36970362016488,-2.4413810895126775,-0.3333166694383173,90.72224832261067,0.0284,0.353
1787312717.6546059,-2.465332287774153,-0.3178635579951818,90.785915876122,-2.439915848758812,-0.3335168692511668,90.8573908944871,0.0298,0.071
1787312717.7270389,-2.4654453870229562,-0.3170298915100987,90.78762864298953,-2.4387102849966995,-0.3528748910547554,90.68523871026926,0.0447,0.102
1787312717.8605683,-2.4665905689102248,-0.31525346937974896,90.55123151653353,-2.424180670246866,-0.35354865509301614,91.27706728043134,0.0571,0.726
1787312717.925491,-2.4672537369647762,-0.3145004725738865,90.249200856877,-2.423564791476757,-0.3538156130901795,91.32739814069498,0.0588,1.078
1787312718.0615544,-2.4677739163484027,-0.31282741595586067,90.20290491482243,-2.4263045753476593,-0.3395301526356022,91.0830522434897,0.0493,0.880
1787312718.1332493,-2.4675679202787895,-0.31184178188758666,90.24648517270676,-2.4352038208060462,-0.31988560062587795,90.79370850943678,0.0333,0.547
1787312718.2663882,-2.4667671586887407,-0.31010429358386793,90.69596018428128,-2.4433229182075116,-0.3275308856002478,90.54465074206762,0.0292,0.151
1787312718.3384562,-2.4666751794132264,-0.30920834172029604,90.70676568923712,-2.4437354665914306,-0.3233327285212237,90.70387629554897,0.0269,0.003
1787312718.4204879,-2.4668260239773265,-0.3082907498340548,90.71958916572447,-2.432113458291663,-0.33974911506806843,91.04624187352408,0.0468,0.327
1787312718.5538683,-2.4678619211353285,-0.30652079504919144,90.48428645557912,-2.4191979761708047,-0.3550539776896868,91.11997898640126,0.0687,0.636
1787312718.6195226,-2.4682781661734445,-0.30574160973482734,90.462718796106,-2.4117473673553604,-0.34813272516736515,91.35204953414113,0.0707,0.889
1787312718.7494357,-2.4683049556307326,-0.3040478731451314,90.38757888837473,-2.4087121035014833,-0.3425365048864056,91.32493426902448,0.0709,0.937
1787312718.8362596,-2.467604328933426,-0.3024172281027208,90.5515639507287,-2.40508099107505,-0.3423963189213462,91.36779026370522,0.0742,0.816
1787312718.9281342,-2.4671927392939352,-0.30099398549854073,90.77324510187316,-2.4024996254637103,-0.3423127131195258,91.3977365474489,0.0768,0.624
1787312719.0669162,-2.4676602266017706,-0.2994545737883283,90.82709151543804,-2.42683448074365,-0.3311838488779812,91.06701560594881,0.0517,0.240
1787312719.14452,-2.4682680673965636,-0.298662880391298,90.79479628671353,-2.4285639146550726,-0.3375785207744786,90.84331797261572,0.0556,0.049
1787312719.224682,-2.4689688760158224,-0.29799336167549223,90.60339089475251,-2.4233517143603325,-0.3493040357318081,90.88188430423703,0.0687,0.278
1787312719.3666198,-2.4692554578692514,-0.2964495776913941,90.32236197870125,-2.4160108254171164,-0.3426714252337112,91.40517275341855,0.0705,1.083
1787312719.4361868,-2.468845492050426,-0.29551188790236493,90.35505743457811,-2.4159614342603972,-0.3347698900061218,91.31348752100766,0.0659,0.958
1787312719.5718331,-2.467814772865733,-0.29391630580222383,90.52922515195155,-2.419288916775,-0.3453588966209032,91.21313956567666,0.0707,0.684
1787312719.629807,-2.4676325235050354,-0.29315421033837274,90.5964320792655,-2.413658249828825,-0.3360915228136546,91.02505079977358,0.0690,0.429
1787312719.7332127,-2.467961987755283,-0.29155685674333404,90.69892305275093,-2.4125713122089345,-0.3352688202252434,91.02242011388181,0.0706,0.323
1787312719.8487966,-2.468766862391425,-0.290125839481512,90.51683873222588,-2.4069380210841804,-0.33587028178472367,91.34028432513249,0.0769,0.823
1787312719.9230337,-2.468942251771542,-0.28938194166032954,90.50107481556928,-2.407481814528865,-0.3302258475816886,91.27268821293357,0.0738,0.772
1787312720.0659406,-2.468445527801736,-0.2877371216713207,90.44196697076714,-2.3941277136787202,-0.34991618792587414,91.68576860654791,0.0969,1.244
1787312720.137726,-2.4678690765245905,-0.2869271858633117,90.51242007306855,-2.3972593638458455,-0.3429912168876029,91.53315257938304,0.0902,1.021
1787312720.2123718,-2.4672901434593832,-0.28623816718435,90.73119483505323,-2.4036006574693207,-0.32996525931826726,91.44360569611283,0.0773,0.712
1787312720.345839,-2.467238429170081,-0.2847650737174916,91.00878251137475,-2.410399611400002,-0.33785833078406924,91.02358253049586,0.0778,0.015
1787312720.4190176,-2.467745897418277,-0.2839689943885968,90.96792878992581,-2.4093020135390475,-0.3564445761264824,91.40517181609393,0.0931,0.437
1787312720.5623999,-2.4687520559991682,-0.28307011425678685,90.72292356037774,-2.417980525281367,-0.36389613463185727,91.19044359449536,0.0954,0.468
1787312720.6384888,-2.4688473941452367,-0.28282702429733625,90.60001821256645,-2.42321364249417,-0.32947824305468415,91.35693536815565,0.0653,0.757
1787312720.712537,-2.4686363270379976,-0.2825165094686002,90.48814069897095,-2.4376416244344066,-0.3329151930786044,90.9473376985341,0.0592,0.459
1787312720.8718545,-2.4677809896497456,-0.2820482254573213,90.60717885856093,-2.4401305417587253,-0.31736842741614046,90.9654599755658,0.0449,0.358
1787312720.9316828,-2.4677086989907684,-0.2815086409753684,90.61639919864669,-2.44594820379978,-0.31854915261731864,90.67763063108883,0.0430,0.061
1787312721.0365188,-2.468289796534646,-0.2803293236164338,90.60523550858717,-2.4526685007525986,-0.3134807792218905,90.62039315128445,0.0366,0.015
1787312721.165258,-2.4691786868788514,-0.2787070161835095,90.46744626112299,-2.442944072969348,-0.31284281478021875,90.78378946503967,0.0431,0.316
1787312721.2351382,-2.4693214304607722,-0.27765464376219584,90.36074189725564,-2.436122272600548,-0.3088963103682337,91.01921489474961,0.0456,0.658
1787312721.3656702,-2.4688093647076137,-0.2754387974857183,90.16332108850924,-2.4317878168505556,-0.3100205650649241,91.1202926855754,0.0507,0.957
1787312721.4395232,-2.468273548758214,-0.2743762362049495,90.17564691198605,-2.4449126845842364,-0.3052721540405966,90.45091369671087,0.0387,0.275
1787312721.5115693,-2.467773228902503,-0.27344196428949114,90.33668469915834,-2.439607345581927,-0.29742822705676625,90.50980854995952,0.0370,0.173
1787312721.6437485,-2.467984884068117,-0.2714959855560117,90.35423890015382,-2.4412103770678764,-0.29307729725362436,90.46444278025191,0.0344,0.110
1787312721.716319,-2.4684568367764275,-0.27048789643207033,90.32490248155081,-2.39261883155247,-0.32895020347392695,91.07156952247567,0.0958,0.747
1787312721.8535242,-2.4694674204811875,-0.269079613150235,90.13435175364752,-2.3871415692856,-0.3306106830793471,91.07217800639114,0.1028,0.938
1787312721.9269743,-2.469575388603916,-0.26852218355033197,90.09076821356956,-2.3862105380892906,-0.3206668556785704,91.30816129432345,0.0983,1.217
1787312722.0605674,-2.4687961429687495,-0.2673398561228982,90.01360165810547,-2.394156444918939,-0.3150155578642382,91.00654938913976,0.0886,0.993
1787312722.1325092,-2.4682324091405703,-0.2668629776763133,90.15784492854637,-2.39570612120142,-0.3065865776633532,90.95097701724406,0.0827,0.793
1787312722.206489,-2.4678670909175198,-0.26642188996505733,90.3856396943161,-2.405816090076489,-0.32376920922935315,90.58505243681844,0.0845,0.199
1787312722.35552,-2.468712099695909,-0.26480965569432363,90.34738292598058,-2.394878737615202,-0.3173410003973912,91.07116171286462,0.0906,0.724
1787312722.4233387,-2.46945100940378,-0.26406809869122666,90.17856299645587,-2.400990791225347,-0.3418210114335641,90.93055290537768,0.1036,0.752
1787312722.5724926,-2.47040512454745,-0.2626450695285116,90.09103531776677,-2.404045524632235,-0.34144824953214487,90.84666016206138,0.1030,0.756
1787312722.6430857,-2.4704295673096848,-0.26186104224828494,90.03595754147767,-2.4066345237985054,-0.3158163506368335,90.89138687699803,0.0836,0.855
1787312722.7751775,-2.4699556227730373,-0.2604265010247686,90.2084058348332,-2.39712142515753,-0.3104930405294344,91.13133291391505,0.0884,0.923
1787312722.8295112,-2.469883322181493,-0.2598095001287927,90.45334505224163,-2.3964320963691383,-0.29896484548872315,91.0566261023082,0.0832,0.603
1787312722.9575138,-2.470698919889498,-0.2582479620233751,90.49008734852562,-2.3945888013565555,-0.29484963889720023,91.05942953626806,0.0845,0.569
1787312723.0385182,-2.4714685492187147,-0.25746950184367395,90.4691775318459,-2.3933210688043025,-0.3077661752938942,91.19466896871748,0.0929,0.725
1787312723.1184442,-2.471823707702044,-0.25719684722746394,90.46607496232575,-2.387139005498604,-0.31722936129479035,91.53709148426604,0.1038,1.071
1787312723.2620883,-2.471805411974195,-0.25651452942343844,90.22622526837579,-2.3808349815777494,-0.31577987192120377,91.62564788418278,0.1086,1.399
1787312723.3325877,-2.4711632818485363,-0.2562052859068922,90.12399688052193,-2.4007512477040236,-0.31819048671951505,91.16484334610381,0.0938,1.041
1787312723.4081402,-2.470371966900751,-0.25596855483818987,90.1509018650734,-2.409049190504969,-0.3023163807255026,90.943324325305,0.0769,0.792
1787312723.55849,-2.469656500731189,-0.25512857201127126,90.22783544928676,-2.4127717490536114,-0.30934119170070573,90.72424735233102,0.0786,0.496
1787312723.6335716,-2.4697613678244363,-0.25462021734599427,90.26646240800075,-2.40717876097748,-0.3013920854158523,90.93959356156971,0.0781,0.673
1787312723.709269,-2.470050255641415,-0.2541474134076057,90.21521737829244,-2.407098909327748,-0.29428928954344924,91.0405831794404,0.0747,0.825
1787312723.8645623,-2.469911235986914,-0.25301676085287766,89.72260197442093,-2.411345101833591,-0.28335669131537733,91.028997956118,0.0660,1.306
1787312723.931489,-2.4691816449097366,-0.2521774563502044,89.46234477162551,-2.4193396430773717,-0.28040893595206745,90.70693177001708,0.0573,1.245
1787312724.0673835,-2.4667665345250214,-0.25058797646971764,89.433079265602,-2.4229756324972467,-0.27765592136146666,90.42953893381211,0.0515,0.996
1787312724.1356947,-2.4660016011385713,-0.24987059973305242,89.45934901142486,-2.417846642174641,-0.2804207209170889,90.248870751777,0.0570,0.790
1787312724.2075713,-2.4655003078445548,-0.24910870834935656,89.49929659568399,-2.415459814292305,-0.2859554490518971,89.99497079314281,0.0621,0.496
1787312724.348,-2.4653637276435196,-0.2474907317528499,89.40997489974747,-2.407465872008698,-0.28338353061979094,90.28171206585718,0.0681,0.872
1787312724.4168575,-2.465383875657802,-0.24681729157175689,89.17348973393389,-2.4014548937612274,-0.28920133768244943,90.33388459412441,0.0767,1.160
1787312724.551217,-2.4647812928697466,-0.24522367470320264,89.15618009821095,-2.4045308950610527,-0.2731027397940511,90.39110741219255,0.0664,1.235
1787312724.6334147,-2.464108013656989,-0.244377907547692,89.17468382838042,-2.4150073278651507,-0.28373901466639095,89.84108036277325,0.0629,0.666
1787312724.7045028,-2.463262482419447,-0.24362017052588147,89.32853138592573,-2.4201652082917335,-0.2675708945645337,89.9052405683341,0.0493,0.577
1787312724.867681,-2.4633284206226644,-0.24217824059800952,89.39548071630125,-2.427090018119797,-0.2684152919677798,89.84047694162749,0.0447,0.445
1787312724.9326966,-2.4638665323591966,-0.24136587503825624,89.4273685034677,-2.421863470106966,-0.2573981050117979,90.09551785070664,0.0450,0.668
1787312725.0611737,-2.465269584851401,-0.23996299386863368,89.14569555844201,-2.4159481597690036,-0.2638334023034949,90.18349617371845,0.0548,1.038
1787312725.1263282,-2.465565006607135,-0.23921728593081446,89.13122180871568,-2.412807487489395,-0.2756042482148821,90.10007403984285,0.0641,0.969
1787312725.2756252,-2.4653957005240863,-0.23763069935745088,89.11487301238822,-2.408899751707895,-0.27243205956385735,90.18498002526245,0.0664,1.070
1787312725.35947,-2.4649952230836436,-0.23689672251367275,89.24552837653762,-2.3975367839330284,-0.265668719145657,90.41777311725936,0.0733,1.172
1787312725.4175828,-2.4647510140037947,-0.23626361432694368,89.52965639702296,-2.415328903021661,-0.2789614998878978,89.87963625016837,0.0653,0.350
1787312725.5509033,-2.4651985303341033,-0.23453216512672867,89.48602258240565,-2.4163704538898205,-0.27980978008377555,89.8159443560532,0.0666,0.330
1787312725.6112008,-2.4658274144619963,-0.2336254627966796,89.36908183542592,-2.41432120523427,-0.2714886100205719,89.93690387747422,0.0639,0.568
1787312725.75172,-2.466983576204141,-0.2320296453383082,89.12461966236113,-2.4098118988669697,-0.2842030721414989,90.09655479072228,0.0774,0.972
1787312725.8196065,-2.467152324356556,-0.23121363367381806,89.08235794561055,-2.4097715629414624,-0.26921620076950387,90.0522632646766,0.0688,0.970
1787312725.958493,-2.4666162355690786,-0.22941614366791283,89.05060063430606,-2.413553687180008,-0.26934619586569924,90.03085072100717,0.0664,0.980
1787312726.029744,-2.466195645440916,-0.22865213841942947,89.22539885310417,-2.4094567690939437,-0.2522136550222432,90.09862252039125,0.0614,0.873
1787312726.1753337,-2.4663237596607877,-0.22698997519467654,89.46539669370505,-2.4023081680539433,-0.2525615408236711,90.14149745858808,0.0689,0.676
1787312726.2500668,-2.4670109584061177,-0.22600066743415706,89.41512418068343,-2.403084445615474,-0.24875732425795496,90.31135311525135,0.0679,0.896
1787312726.3212366,-2.467862568385917,-0.22508621468401424,89.24655553057022,-2.395916271096209,-0.26330201829848215,90.5629903666664,0.0815,1.316
1787312726.4519515,-2.468952877577072,-0.22345069526789457,89.16672539267647,-2.3994115653234473,-0.2648610243724325,90.44231892519151,0.0809,1.276
1787312726.517145,-2.4690843180511566,-0.22258101865920443,89.11851431815805,-2.407566415513471,-0.25790363747980943,90.21136070656387,0.0709,1.093
1787312726.6484513,-2.4687972451266105,-0.22095916535391666,89.28355895393118,-2.4009763509875537,-0.2503717485230075,90.26306443117348,0.0739,0.980
1787312726.7578788,-2.468949760774154,-0.219368392685442,89.32327118169195,-2.399914281748742,-0.24755731145514476,90.25585880530959,0.0746,0.933
1787312726.8223073,-2.4693207462176634,-0.218535744702975,89.35004090546781,-2.3949251325464065,-0.2578181835447646,90.26737332517575,0.0841,0.917
1787312726.9037359,-2.4699503685344943,-0.21766669442899228,89.33827226677386,-2.3994969996071194,-0.2812503019748741,90.1083960453941,0.0949,0.770
1787312727.0675962,-2.4708389517042675,-0.21655985747153478,89.12906715739692,-2.382817722642381,-0.2643421990423741,90.50075189198088,0.1002,1.372
1787312727.1389189,-2.47057443338394,-0.2161663067248627,89.03766027246498,-2.3730328302742274,-0.26183302802381125,90.75469283627524,0.1077,1.717
1787312727.2612252,-2.468947126284128,-0.21548750440237321,88.86615383097957,-2.375536651600052,-0.26125193016165965,90.56025280153763,0.1040,1.694
1787312727.328842,-2.4680946786568962,-0.2152724371109222,88.96239734362952,-2.386008705960308,-0.26030860751323726,90.38794275905721,0.0936,1.426
1787312727.4044778,-2.4677089087105326,-0.21475850630647297,88.9791227976537,-2.3860140002930073,-0.2571319518552007,90.3220470440512,0.0920,1.343
1787312727.5654302,-2.4678913629324444,-0.2135799022384136,88.95834312146258,-2.3816465095273536,-0.2585501632781944,90.23478097795132,0.0973,1.276
1787312727.6252713,-2.4682326099120835,-0.21308035258901703,88.76587667568002,-2.378725944288326,-0.25655402311796616,90.3708259166743,0.0995,1.605
1787312727.7480314,-2.468198266840071,-0.21098735611306843,88.34987050005198,-2.3760686924984102,-0.2553614177904222,90.37196608937334,0.1023,2.022
1787312727.8196626,-2.4678616738448587,-0.2099145687401867,88.14700121499149,-2.3831790799911174,-0.26885786225963243,90.1016416055003,0.1032,1.955
1787312727.9629116,-2.4665803372580175,-0.20790156468323875,88.02503990495758,-2.3924332156564936,-0.25424680035278346,89.9105899304316,0.0874,1.886
1787312728.0287638,-2.4662748874320655,-0.2070104907919139,88.04094252708164,-2.3946131623400175,-0.25422767146941766,89.7675297822655,0.0858,1.727
1787312728.1069276,-2.4662520397765864,-0.20606660190621293,88.07153287247307,-2.3809340752522417,-0.25305134002529484,89.59049483782893,0.0974,1.519
1787312728.2661057,-2.4670055756369473,-0.20414488918504334,87.94651372359651,-2.379145185082712,-0.26164207244787097,89.42121455550767,0.1050,1.475
1787312728.349642,-2.4673481159247057,-0.20332839741373165,87.68248203565865,-2.368270244503631,-0.264503371698704,89.45577729566513,0.1164,1.773
1787312728.420424,-2.4671570283861692,-0.20260177826820322,87.68333880232555,-2.3568362435996395,-0.26865736320163996,89.75054492859681,0.1286,2.067
1787312728.5672195,-2.4658484319927556,-0.20122700787399647,87.76907051371033,-2.3585999080512767,-0.28167186014826023,89.15591120373325,0.1341,1.387
1787312728.6428533,-2.465124650782141,-0.20067915501406366,88.01083878390517,-2.3618793671825213,-0.2616481137367048,89.3222828743978,0.1199,1.311
1787312728.7132955,-2.4648083345336507,-0.1999276794611732,88.02317200449549,-2.355991346061368,-0.2627770664219084,89.5489076457695,0.1257,1.526
1787312728.8551385,-2.464955027364632,-0.1983219077458909,87.9885138766241,-2.3556542784241588,-0.262052714440308,89.6339980126759,0.1265,1.645
1787312728.926645,-2.4652818358039723,-0.19760617817721007,87.79915485167759,-2.349435706100431,-0.2613617372659653,89.7789424814143,0.1322,1.980
1787312729.0626726,-2.4653445307602246,-0.19608613787811674,87.75101974388448,-2.356867440074271,-0.2560082877201816,89.73677128563483,0.1239,1.986
1787312729.1290464,-2.464995908631516,-0.19527535362953918,87.73133732933262,-2.360895052489099,-0.24481672349422656,89.5021122506586,0.1153,1.771
1787312729.2606003,-2.463884712579536,-0.19384535451208612,87.99954337936717,-2.3628786022590984,-0.25727314732781104,89.40256802967141,0.1193,1.403
1787312729.3307612,-2.463491246939082,-0.19309734517052388,88.01774492464006,-2.3788692133415097,-0.2382104701102986,89.06443124624658,0.0959,1.047
1787312729.39991,-2.4633871329472923,-0.19229379719431997,88.04681793705737,-2.3722670146892963,-0.24325975320573814,89.5011453415557,0.1044,1.454
1787312729.5617185,-2.4639161023839415,-0.19065738198666568,87.91609782437385,-2.372978989794711,-0.24092890287499652,89.4754966196352,0.1039,1.559
1787312729.6371183,-2.464150656972593,-0.1899777976325187,87.6500501762284,-2.3603381302483664,-0.24703038093159077,89.68213493359448,0.1185,2.032
1787312729.7147422,-2.4640088173831187,-0.1891465965877168,87.64823974965235,-2.35638842433896,-0.24249792325430886,89.72591510367491,0.1201,2.078
1787312729.8637536,-2.4629516044998416,-0.18746661836113246,87.77106338498426,-2.341568973517816,-0.23685350594929086,89.95450753477937,0.1310,2.183
1787312729.9240592,-2.462350263873378,-0.18677098376532464,88.03203371080726,-2.355539048643784,-0.24468106346273594,89.43688709066072,0.1215,1.405
1787312730.0304625,-2.461875003590492,-0.18521133327691172,88.0643541390786,-2.3537933592455045,-0.2432731964914132,89.39691354004694,0.1227,1.333
1787312730.1026764,-2.4620644861160104,-0.18428843403580847,88.05442293142445,-2.3617248462387077,-0.24850446034171075,89.44504537578854,0.1191,1.391
1787312730.2611024,-2.4628891822698358,-0.18261545673658675,87.68375699119359,-2.3657079685061886,-0.2427134423876594,89.5778284309108,0.1143,1.894
1787312730.331843,-2.463001159853708,-0.18174899788963103,87.67181390333008,-2.375870560574931,-0.23068216169820152,89.35737756944079,0.0999,1.686
1787312730.4011784,-2.4628006382141105,-0.18085210514852568,87.65798929382385,-2.3777281942136566,-0.22824119461224468,89.33517888448885,0.0974,1.677
1787312730.5442605,-2.4618282866279624,-0.17916700670927796,87.88093685687842,-2.3818715494843503,-0.22784735544027063,89.03193615695189,0.0936,1.151
1787312730.6600869,-2.4612749012098347,-0.17758805487263254,87.93097559726847,-2.380981197259301,-0.22706895207029215,89.13335353591827,0.0943,1.202
1787312730.7227,-2.461353320520808,-0.17673449139167297,87.95663604856705,-2.38909753764027,-0.23820001417884845,88.89811343746719,0.0949,0.941
1787312730.8708305,-2.4619997414425163,-0.1750978357123465,87.7893739338729,-2.3825784308582736,-0.22810133175577485,89.21007605925145,0.0955,1.421
1787312730.941234,-2.4622088903022594,-0.1744068205830478,87.51140888567853,-2.3710590262512152,-0.2381617139275534,89.34860633492791,0.1112,1.837
1787312731.0192485,-2.4623270006670865,-0.17357060354449266,87.50129481455917,-2.37104684036801,-0.2244410034269762,89.41477264412596,0.1045,1.913
1787312731.1654365,-2.461486612352173,-0.17179159717199904,87.72506453457373,-2.3794136914277306,-0.2125626237428145,88.87293330200058,0.0916,1.148
1787312731.2256455,-2.4610657403805116,-0.17110152000057988,87.74766013375265,-2.3776836675096953,-0.22545234080439125,88.97986123306794,0.0995,1.232
1787312731.3627715,-2.4609391310179416,-0.16961765406719942,87.87921889777266,-2.37661514913623,-0.22120926049590686,89.15418486192672,0.0989,1.275
1787312731.4284165,-2.4612877469691696,-0.16881271182825855,87.89606828223508,-2.3642325426011452,-0.23696085179330298,89.25753957195319,0.1186,1.361
1787312731.5651567,-2.4620931812896916,-0.167447008852929,87.58470603568712,-2.357640216578356,-0.22932212482262027,89.49728310573889,0.1214,1.913
1787312731.627905,-2.4620280269393366,-0.1666421732112921,87.58012700865729,-2.3500009810299085,-0.22486243058365016,89.73799058341658,0.1263,2.158
1787312731.77134,-2.4611584925069194,-0.16500077304772273,87.63599442166561,-2.3341244790358786,-0.2283792331629177,90.06016476976002,0.1420,2.424
1787312731.8389306,-2.460501560883037,-0.16428273496002843,87.82910241131597,-2.338939005307542,-0.23727650362534156,89.61549545976847,0.1418,1.786
1787312731.9674058,-2.459801348259285,-0.16280061857530628,87.89132169465258,-2.362646581831319,-0.21569233261017293,89.1613793526747,0.1106,1.270
1787312732.0368912,-2.4598768793504457,-0.16196747873509756,87.95423761819677,-2.3567605084311554,-0.22007537757517984,89.62008783378819,0.1184,1.666
1787312732.1116798,-2.460180528832146,-0.1611473510542107,87.9340337749923,-2.349643415833672,-0.2192684220616917,89.71014325450203,0.1249,1.776
1787312732.2554445,-2.460711488313977,-0.1601337079465378,87.67675453619337,-2.3515527142230304,-0.22439772457284488,89.67087192878923,0.1267,1.994
1787312732.332261,-2.460595867033563,-0.15978015979783997,87.58280391697625,-2.357462485256655,-0.22423051073012815,89.50073035025089,0.1216,1.918
1787312732.471497,-2.4597011468246905,-0.15909270873787282,87.60538645744298,-2.366345409093991,-0.21480755622910258,89.24771806935368,0.1087,1.642
1787312732.5618718,-2.459028493459999,-0.15823393061513208,87.67853049318515,-2.367901546316466,-0.21250169145474412,89.2236237948474,0.1061,1.545
1787312732.622073,-2.4589158675765574,-0.15776412047145616,87.72870229406401,-2.377847678705431,-0.21354974854517672,89.11295347174172,0.0984,1.384
1787312732.7672176,-2.459535211963543,-0.15671095477675603,87.70400034592826,-2.3599816428986182,-0.21214488294769954,89.3583146403211,0.1139,1.654
1787312732.8324077,-2.4599628653387176,-0.1562940996911525,87.51974787242989,-2.375326193949254,-0.2101956699969549,89.07990060064056,0.1003,1.560
1787312732.962557,-2.4597097986613803,-0.1538958186956707,87.4819039513675,-2.358919160243407,-0.19554551343158783,89.62707892277983,0.1091,2.145
1787312733.0260615,-2.4592248351884907,-0.1526676272570353,87.47580093572665,-2.369248649216192,-0.20052561122158563,89.32693676926525,0.1019,1.851
1787312733.1519008,-2.4585997772124033,-0.15063295175416896,87.58385190367412,-2.4094118250803334,-0.17389724091350772,88.25714306616973,0.0544,0.673
1787312733.2167206,-2.458860639999052,-0.14979231296908,87.68796827952684,-2.4317619641261587,-0.1578771420703992,88.05413568566811,0.0283,0.366
1787312733.3562799,-2.460139011490055,-0.14783101337791393,87.93696196701141,-2.4393048456433903,-0.1511498439028206,87.97132018108205,0.0211,0.034
1787312733.4365256,-2.4611536337361946,-0.1469185678479559,87.9508167092099,-2.383414283293104,-0.18591503353942115,88.89139155603566,0.0870,0.941
1787312733.5085704,-2.4620643731948575,-0.14613318930310618,87.808247415193,-2.383731937817537,-0.18429361232028993,88.92481127940056,0.0871,1.117
1787312733.6722279,-2.4625203117670034,-0.144332931873157,87.78072665160963,-2.3582741123227957,-0.2112706288507512,89.4670877752026,0.1239,1.686
1787312733.7465477,-2.4623369139696716,-0.1434544516959583,87.86242433280692,-2.355384625392264,-0.21490950079721247,89.63206789023322,0.1286,1.770
1787312733.822737,-2.462146011987363,-0.14269741937899053,88.09261014968287,-2.354752773516177,-0.21026485313729001,89.60188658898474,0.1269,1.509
1787312733.9711835,-2.4624580143401853,-0.14095097825843933,88.10912505532077,-2.3457176353582185,-0.20622056334617364,89.80442760461057,0.1337,1.695
1787312734.046557,-2.4630305663318155,-0.14003876785644442,88.0475352659064,-2.3613644900989597,-0.19471059367897975,89.52898994942186,0.1154,1.481
1787312734.124997,-2.4636805901154473,-0.13922775508941262,87.85663455562492,-2.3451324469284645,-0.19919285406994092,90.11904535083336,0.1329,2.262
1787312734.238265,-2.4642571767169037,-0.13754585761523755,87.81236318046012,-2.341740592728617,-0.19890479444561135,90.17702502084298,0.1370,2.365
1787312734.3505437,-2.4640157860779777,-0.13580779264508092,87.82940459747324,-2.3459654749076635,-0.2118679527526957,89.82827537103982,0.1404,1.999
1787312734.4186113,-2.4636877972413394,-0.13503346078711065,87.97680913399233,-2.344595994798142,-0.2061656452084787,89.85738683757114,0.1387,1.881
1787312734.5339513,-2.4635597441427706,-0.13345478199529004,88.03012900683325,-2.339100104443199,-0.20570890830507926,89.88553905263151,0.1439,1.855
1787312734.6690552,-2.464316208764673,-0.1317316096147316,88.07338849120748,-2.335435045228425,-0.20636470377163837,89.92402883741079,0.1489,1.851
1787312734.7454112,-2.464962124237255,-0.13092446872661512,87.95972096280724,-2.3387983937329233,-0.20684733371449768,89.92988570301024,0.1472,1.970
1787312734.8136384,-2.4654494659189874,-0.1302280474749286,87.69111499444774,-2.3331997695328446,-0.20243609365478574,90.18724046263583,0.1507,2.496
1787312734.9469335,-2.4653264072092194,-0.12852776864990767,87.67645245948032,-2.339131798368303,-0.19345482200649303,90.16860156416942,0.1419,2.492
1787312735.0183349,-2.46487040968295,-0.12768195692069464,87.74054962447013,-2.3322129770437514,-0.20030936983867492,90.12928441476714,0.1512,2.389
1787312735.1582823,-2.464039404927347,-0.12612926389190623,87.92755904808482,-2.343447764841272,-0.19408720206038588,89.5632068788519,0.1384,1.636
1787312735.2297034,-2.463964241573625,-0.12529218390029412,87.9525895989912,-2.368123492032553,-0.17065285321544296,89.25490780944394,0.1060,1.302
1787312735.3650486,-2.4646902226740997,-0.12350375430018073,87.91173193232844,-2.3481603187601614,-0.1863089452410724,89.9385100676791,0.1324,2.027
1787312735.4351823,-2.4646395318930927,-0.123163066356378,87.91635225689078,-2.3198194121967854,-0.19710928080729903,90.35176189363663,0.1626,2.435
1787312735.5048935,-2.4643393957666815,-0.12280447867570887,87.86641458130856,-2.316798165958768,-0.20250936257932148,90.32656527150402,0.1677,2.460
1787312735.6500444,-2.4626627623746993,-0.12203353839847358,87.6859114285273,-2.34324469127202,-0.17947819745576266,89.87585650034293,0.1325,2.190
1787312735.7749417,-2.460737414946218,-0.12129087511848811,87.76304565599477,-2.348915220645897,-0.1912747925274888,89.79836284441508,0.1319,2.035
1787312735.8407497,-2.4602380744662047,-0.12078882862611551,87.82374735903348,-2.3878117247278094,-0.16218541315379828,88.86994583745793,0.0834,1.046
1787312735.9110966,-2.459989937604637,-0.12024372306544978,87.88361573252794,-2.391268870448426,-0.15566402696325976,88.83357821498905,0.0773,0.950
1787312736.0521822,-2.460185920250815,-0.11917760678686741,87.73856541730052,-2.3557792249338303,-0.1790172379749499,89.60627904032306,0.1203,1.868
1787312736.1233604,-2.4601505913187474,-0.11875099848636228,87.4931316134631,-2.360004655770705,-0.16623828281805614,89.38326906497839,0.1108,1.890
1787312736.265519,-2.4592138563497703,-0.11729521662514043,87.5064706737875,-2.402064771850559,-0.15388449435835516,88.5904142907064,0.0679,1.084
1787312736.3306806,-2.4584074416661585,-0.11659063212086299,87.61028623005548,-2.4102993129728,-0.1467218051986304,88.3223453911104,0.0568,0.712
1787312736.4549735,-2.4570978455245593,-0.11533662997170815,87.88257064703438,-2.4205664738364803,-0.13413261673495824,88.14573481642084,0.0411,0.263
1787312736.529924,-2.456845278092122,-0.11462005407269488,87.91330821289128,-2.413130515584888,-0.13139071578321487,88.28588450385998,0.0468,0.373
1787312736.6629934,-2.4574591302886444,-0.11288500067906086,87.76097960120325,-2.421686338858616,-0.13037855220072317,88.19354734549798,0.0398,0.433
1787312736.7317088,-2.457829866736063,-0.11215505422577918,87.49707462296644,-2.3992232522271655,-0.14206964998157412,88.79531792005346,0.0658,1.298
1787312736.872639,-2.457557831407749,-0.10968128587530011,86.86201103873489,-2.391540161795778,-0.1386890976822988,89.1802579828281,0.0721,2.318
1787312736.949247,-2.45698991473624,-0.10843965120602493,86.62019580350422,-2.4214743296896333,-0.12065605842973912,88.06408481443643,0.0376,1.444
1787312737.023552,-2.456305259058531,-0.10730044303934193,86.49973186016486,-2.403485276345878,-0.15686007938020924,88.36226643454683,0.0724,1.863
1787312737.149752,-2.4558615297318864,-0.10527821373243532,86.55274383908447,-2.4111384589127978,-0.13557623441935288,87.77572980539361,0.0540,1.223
1787312737.2253833,-2.456035209500987,-0.10418745727319823,86.58108651691886,-2.439145417862321,-0.13124970808875375,86.90498555981226,0.0319,0.324
1787312737.3639488,-2.4568816402544518,-0.10215367394656345,86.32538088085424,-2.441810387153097,-0.13340927864340404,86.79348150123688,0.0347,0.468
1787312737.434267,-2.457181130450272,-0.10158461689580063,86.21582909203266,-2.4312279804301724,-0.13457903318071382,86.99900848170145,0.0420,0.783
1787312737.5074043,-2.457215662835512,-0.10099178535451789,86.10193277060525,-2.4240867087987534,-0.14162347848397885,86.95807026862724,0.0524,0.856
1787312737.6595345,-2.4565685582481924,-0.09981585286769867,86.03665180564303,-2.4310842535500035,-0.13306500929616308,86.7457598044614,0.0419,0.709
1787312737.7284296,-2.4568552209192984,-0.09922910756484912,86.04365959598756,-2.4251931248538416,-0.13584073812562644,86.72998204384375,0.0484,0.686
1787312737.8669841,-2.4582024187227827,-0.09782250218800541,86.1566655133611,-2.4258128731109836,-0.1394400068383309,86.63961758606818,0.0527,0.483
1787312737.9361937,-2.459286123994664,-0.09708506494451108,86.172290142674,-2.413313391941572,-0.14473703717557881,86.8979003246137,0.0662,0.726
1787312738.0078487,-2.460437763906842,-0.09644180746254194,86.05689886832347,-2.4041918629108774,-0.1472120798929559,87.05929401614948,0.0758,1.002
1787312738.147667,-2.4615173182366283,-0.09495540962708883,85.99394450958295,-2.4196892637624843,-0.13193819219789188,86.85792053657627,0.0558,0.864
1787312738.2245793,-2.4615078684083054,-0.09408968539430401,86.00673849053845,-2.4204888979049346,-0.13729440667657267,86.85061728721908,0.0596,0.844
1787312738.3622205,-2.4611127714418206,-0.09261484252831217,86.40855835444816,-2.421316458462831,-0.13670428175358604,86.76609219376392,0.0594,0.358
1787312738.4313903,-2.4611818558946146,-0.09189072768624361,86.71543826996731,-2.4252438012220274,-0.1256364846309745,86.73429939560002,0.0493,0.019
1787312738.502011,-2.461236551820548,-0.09077570579220501,86.71303096954627,-2.419400842625047,-0.13490371844862242,86.90611528627299,0.0608,0.193
1787312738.6458325,-2.461672158144847,-0.08850461602360515,86.67658978616478,-2.3993965159495314,-0.13794330957124928,87.73268741216532,0.0795,1.056
1787312738.7185702,-2.461512827218793,-0.08746409244745089,86.52814886714721,-2.414253244388829,-0.1458698982758818,87.1850340747339,0.0751,0.657
1787312738.8508973,-2.460177711504454,-0.08542199805147586,86.12536782679307,-2.4209390635098726,-0.13875950685640734,87.21997508031873,0.0662,1.095
1787312738.921502,-2.459144813703473,-0.08448835241477419,85.99745942568757,-2.423304031579257,-0.133184808607934,86.96657507194502,0.0605,0.969
1787312739.0012562,-2.4580919844747324,-0.08368230525389093,86.02204721939268,-2.422660408796407,-0.13198873079795762,86.85938578227527,0.0599,0.837
1787312739.147279,-2.4571621172115665,-0.081993415177555,86.07071147842099,-2.4172204175287955,-0.13711745486397237,86.7803003791719,0.0681,0.710
1787312739.2161806,-2.4571551487129124,-0.0810725712307077,86.03805359473625,-2.409445258882754,-0.14090867764487425,86.97888923421905,0.0765,0.941
1787312739.3535223,-2.4572184483923523,-0.07949150228101406,85.61360657628538,-2.409893360019764,-0.1461157997120272,86.89025013976469,0.0817,1.277
1787312739.4705083,-2.456293704749851,-0.07783392767325648,85.58875481205324,-2.4077254994598376,-0.14614485763659135,86.98586646876508,0.0838,1.397
1787312739.5413048,-2.455502702213585,-0.07702392682715233,85.60969032852178,-2.4060186710966924,-0.1480572078307852,86.93555339566116,0.0866,1.326
1787312739.616201,-2.454601800973438,-0.07630710343359084,85.74661714242848,-2.4145614336961816,-0.14668297004332367,86.56165408362136,0.0810,0.815
1787312739.7551844,-2.4536301670271,-0.07480576803446894,85.81391000369602,-2.414517312678055,-0.14167995196694416,86.57363508899009,0.0775,0.760
1787312739.8321261,-2.4535881096597048,-0.07394485496086525,85.8412703547611,-2.408984502405255,-0.14483971051439032,86.70471936956659,0.0838,0.863
1787312739.9284687,-2.4537574686581913,-0.0731190542231618,85.76504719122636,-2.3999048055508467,-0.15218684672469465,86.81418189851938,0.0957,1.049
1787312740.030718,-2.4538887051517873,-0.07242210370188533,85.52949060878956,-2.399549506615073,-0.14777101291611036,86.89136800757802,0.0929,1.362
1787312740.1741693,-2.4531035812760447,-0.07145474150257564,85.24386401188418,-2.397129828267726,-0.14878275650353884,86.86433126361102,0.0955,1.620
1787312740.2498116,-2.452424044641356,-0.07104108225494074,85.24091078475892,-2.4017305656163344,-0.15418612232176251,86.4739823192837,0.0974,1.233
1787312740.3242962,-2.4518733430364996,-0.07056721326647716,85.26483201057466,-2.376369600930297,-0.1576251946279588,87.01462076776369,0.1152,1.750
1787312740.451193,-2.4516131083115487,-0.06940057241748661,85.3745659211751,-2.350748823539563,-0.16470782657396227,87.52149820972483,0.1388,2.147
1787312740.520546,-2.4518166929459335,-0.06876819756541402,85.36751992456509,-2.325125731446241,-0.17936329615760005,87.94014496578106,0.1682,2.573
1787312740.6604216,-2.4522659768267263,-0.06775593827850127,84.96614996816874,-2.3156476415606324,-0.18324769364927251,87.99194112153316,0.1789,3.026
1787312740.7314954,-2.4520562398798895,-0.06703294668117932,84.96631872279387,-2.3205640634284244,-0.1769447911584613,88.07001299155219,0.1714,3.104
1787312740.86652,-2.4507945342523585,-0.06549186402445939,85.15497494635787,-2.3260246860401503,-0.1776633974320032,87.71964102372436,0.1678,2.565
1787312740.9408617,-2.450050042037488,-0.06484674755657548,85.41186210146637,-2.3430500974421804,-0.16796390871370592,87.42769286905398,0.1486,2.016
1787312741.073264,-2.4494984288435497,-0.06328940967996546,85.44917258081675,-2.339089527709137,-0.16915519771664386,87.43748128438347,0.1530,1.988
1787312741.139504,-2.4497120184251115,-0.06233679144786783,85.40614597148462,-2.3383578981032507,-0.16797142273531296,87.83991510640948,0.1535,2.434
1787312741.2140658,-2.4500906870363,-0.061437122931454466,85.25803142589677,-2.3270191515973586,-0.16633474171225046,88.05995130223505,0.1617,2.802
1787312741.3614097,-2.450374637762217,-0.0597878953364533,84.95266913352373,-2.3350058719650217,-0.1597874207441826,87.76288118078655,0.1527,2.810
1787312741.4330134,-2.4500252185063585,-0.05887419505870769,84.98773130694693,-2.3343873862579154,-0.18004146928918247,87.79178285146146,0.1675,2.804
1787312741.5699236,-2.4491979378578876,-0.056932940337914045,85.15806427594171,-2.323901212476332,-0.19705445095783605,87.97382643559666,0.1880,2.816
1787312741.641411,-2.44918937385346,-0.055905748434445485,85.30963471579805,-2.3133216332939357,-0.2244063932864067,88.11270019695066,0.2165,2.803
1787312741.7558358,-2.4501893303447213,-0.05370222814303566,85.73633133289822,-2.30138663966017,-0.24028951438685012,88.47352728173503,0.2387,2.737
1787312741.8174934,-2.4510057696238348,-0.05263297869053012,85.89454585450866,-2.2585723018699655,-0.2762948536376944,89.36442409307702,0.2951,3.470
1787312741.8942378,-2.4518709699825223,-0.05164814303617789,85.9535368281409,-2.285295394771978,-0.2014817714878243,88.55233028306014,0.2240,2.599
1787312742.0474172,-2.4524463279050717,-0.049861553053827466,85.89564600200767,-2.3523652491102958,-0.161601653454592,87.23268986283013,0.1500,1.337
1787312742.1092138,-2.4522962575307403,-0.048933471684826216,85.89031918357058,-2.3332370059167524,-0.16387599964002383,88.12872801645493,0.1655,2.238
1787312742.263757,-2.451733384034945,-0.0473409610875576,86.21910120043887,-2.395016595471137,-0.12513190159540258,87.0488318618552,0.0963,0.830
1787312742.3444583,-2.451819002331391,-0.04687371375998391,86.22235346173103,-2.3849094367858723,-0.07926782145120062,86.91459321488891,0.0743,0.692
1787312742.4266734,-2.4523229657259837,-0.04630922889950604,86.26568452575002,-2.3969529772871243,-0.10824958828590525,87.19174435995696,0.0831,0.926
1787312742.5697322,-2.453731828090458,-0.04534751470104046,85.97474035064482,-2.398496715297538,-0.1150638648574149,87.32550512651734,0.0889,1.351
1787312742.644728,-2.4540538078734175,-0.044690544427607844,85.95906386624675,-2.411481702969345,-0.11794843138517475,87.02775278989594,0.0847,1.069
1787312742.716566,-2.454091389617303,-0.04401350746780177,85.9414049814585,-2.4197096763865247,-0.11366324770609808,86.70991643696026,0.0777,0.769
1787312742.8486328,-2.4534887688633615,-0.04274654035228264,86.14703638086843,-2.432513113748265,-0.10540677510029219,86.46810057439401,0.0661,0.321
1787312742.9212031,-2.4532666819722984,-0.04215419095148498,86.16468505975699,-2.4347868374807264,-0.10293924649974304,86.41765363282165,0.0635,0.253
1787312743.0005376,-2.4533373847052737,-0.041492490353630826,86.2184488304591,-2.4385757231956604,-0.12438555511833126,86.30929910026383,0.0842,0.091
1787312743.147023,-2.454348089067573,-0.040047525698291356,86.18164614524731,-2.419906114121652,-0.11747113437121744,86.7851515947171,0.0847,0.604
1787312743.2148995,-2.4548920223341133,-0.039464389108277764,85.95911678263181,-2.4130622968285054,-0.10958947271715563,87.02183480915988,0.0817,1.063
1787312743.3503368,-2.4548975398426007,-0.038066919339919236,85.70477223970087,-2.4126664842208063,-0.10078337084329639,87.06986113597574,0.0756,1.365
1787312743.4265816,-2.4542863808497084,-0.03721591739591827,85.76922606903021,-2.3777721328241475,-0.12402112026285149,87.48170456917902,0.1157,1.712
1787312743.547575,-2.4528731607995637,-0.035792735285813365,86.29185871225395,-2.346859564174211,-0.14230160526552588,87.99548055217723,0.1503,1.704
1787312743.6640882,-2.4525018547806816,-0.034029144317520854,86.2873627058973,-2.3372114841893885,-0.14581188581817275,88.06993491273457,0.1606,1.783
1787312743.7455578,-2.4527612409699944,-0.0329999043522821,86.27107384252477,-2.380587613154692,-0.1269281498033342,87.28844952018905,0.1185,1.017
1787312743.8199124,-2.453206882915927,-0.03204729815956951,86.1192171798635,-2.3921573320452603,-0.11375752612043723,87.3816012621942,0.1020,1.262
1787312743.970331,-2.4530142044138783,-0.029643352674545057,86.06415082097811,-2.3923335974360813,-0.10450778964415855,87.44923251050206,0.0964,1.385
1787312744.0430088,-2.4524777844295125,-0.028409212321829296,86.04205848013079,-2.400201767265116,-0.10646572369319873,87.13658586969441,0.0939,1.095
1787312744.119489,-2.451766686652019,-0.02723921360178682,86.10896115570031,-2.373854195406362,-0.12036591291156751,87.94499789920313,0.1214,1.836
1787312744.2699716,-2.4507917903004808,-0.025212814898824702,86.34968869478156,-2.392265960820225,-0.10966309285161628,87.19049959047496,0.1027,0.841
1787312744.3414521,-2.450867936676164,-0.024135657671910175,86.38486745455849,-2.3928580765950658,-0.11149774240480878,87.2857393109128,0.1049,0.901
1787312744.4123342,-2.4511803455485786,-0.02305425360740042,86.34892999464132,-2.357140075759231,-0.07267726784428002,87.74231922267421,0.1063,1.393
1787312744.5488288,-2.4518218484853085,-0.021168584898733377,86.16455796932335,-2.3769893843413916,-0.10510924195576246,87.78621870391486,0.1125,1.622
1787312744.6179526,-2.451749300819962,-0.020233047988231986,86.12447326967927,-2.3834443711679096,-0.11281812748319704,87.6538203937516,0.1151,1.529
1787312744.7622988,-2.4508734362496964,-0.018355117599921436,86.1521735894295,-2.388003004092172,-0.09639140613239189,87.42266380611794,0.1002,1.270
1787312744.835205,-2.450337284291756,-0.017561808023578495,86.34481244481108,-2.4031592012879517,-0.10092669781682406,87.17967151838809,0.0958,0.835
1787312744.909076,-2.4501893565913853,-0.01711633940709368,86.35292563502448,-2.373272282318639,-0.11847570235430406,88.00997220237367,0.1272,1.657
1787312745.0515025,-2.450749125686767,-0.01603651303415119,86.32790128643853,-2.343053322389563,-0.13057761041580335,88.74539069978428,0.1572,2.417
1787312745.127267,-2.4512900429352276,-0.015552788563674015,86.15876519233332,-2.314258218758864,-0.1389906559122379,89.12814191422063,0.1844,2.969
1787312745.2689617,-2.4515971977399578,-0.015567827516460454,86.11183342654627,-2.2923466308885114,-0.1496077982419032,89.4583817151489,0.2082,3.347
1787312745.3412225,-2.4513347414280946,-0.015505049310014203,86.09667432011469,-2.385444866939381,-0.09603928499463922,87.4814941546826,0.1041,1.385
1787312745.4754152,-2.450452071890432,-0.015568723413087127,86.42065324139777,-2.409485961347058,-0.09357048858455852,87.07759668544311,0.0881,0.657
1787312745.546875,-2.4502856520862286,-0.015224960819834824,86.43398061982204,-2.4255718208210006,-0.08395052069199613,86.73692227632812,0.0730,0.303
1787312745.6140642,-2.450449580821247,-0.014795562628035724,86.45589793302388,-2.4364406373125447,-0.06482387557661767,86.87862372075192,0.0520,0.423
1787312745.7517703,-2.4515993215503182,-0.013754901992364888,86.14082181074549,-2.4266706539981064,-0.06354419891289542,87.08070873492917,0.0557,0.940
1787312745.850221,-2.452102625938322,-0.011926745127035638,85.71167772490026,-2.4346990136429727,-0.05448323236650862,87.03991515020932,0.0460,1.328
1787312745.9155974,-2.452063217402714,-0.011007426837107098,85.48678237678074,-2.429903698460478,-0.06343044151272642,87.05858239344589,0.0569,1.572
1787312746.067028,-2.451273643941061,-0.009196570685303346,85.17985813011845,-2.430194105014585,-0.06594486370434328,86.96527181667834,0.0605,1.785
1787312746.1423411,-2.4507896778043423,-0.008440231641766584,85.21901019827132,-2.4168497756871754,-0.07178162330600006,86.88577408400151,0.0719,1.667
1787312746.2190077,-2.4507738819057434,-0.00754399098633891,85.22493158459986,-2.3918634450669596,-0.09840820845986928,86.99301099287754,0.1083,1.768
1787312746.366596,-2.451601722987394,-0.005604447766875784,85.15149014111326,-2.3763258315344835,-0.1215690193316159,87.13895584628264,0.1383,1.987
1787312746.4363513,-2.4518433828346136,-0.004555132232253078,85.06076379269065,-2.3500962072379963,-0.15293747555651357,87.75941788209137,0.1799,2.699
1787312746.508583,-2.451885346438559,-0.0035515068778459117,84.88577912215042,-2.3198597528977585,-0.1725711779622376,88.19005120763849,0.2145,3.304
1787312746.6534915,-2.4509748638998015,-0.0015938458674440992,84.68833642238874,-2.2564489614730143,-0.2259789412716194,89.14279780126645,0.2970,4.454
1787312746.7204924,-2.450099326473782,-0.0007554277399804982,84.72971121044101,-2.2218818405899388,-0.259110086183733,89.79620976145813,0.3447,5.066
1787312746.8645177,-2.4490249455623916,0.0008723542364919186,84.89533003192578,-2.1908616203308946,-0.28356605267676904,90.22178127444067,0.3841,5.326
1787312746.9697204,-2.449226120491051,0.0027794172181832156,84.84910005168858,-2.151922181182361,-0.3073754257898301,91.02360714827591,0.4296,6.175
1787312747.0439694,-2.449769266305008,0.004398489149235939,84.68848121164851,-2.11165372539357,-0.3394769404242228,91.36587656570408,0.4823,6.677
1787312747.146302,-2.4499603913522847,0.005830799244309794,84.54574479255994,-2.0660308702445525,-0.35984337567739516,92.71134246676436,0.5302,8.166
1787312747.2153778,-2.4497063483459294,0.006605320166706775,84.43399837445263,-2.014029475789214,-0.38895975850850234,93.42211142556562,0.5885,8.988
1787312747.370122,-2.4484175519390603,0.007968698755437638,84.27273717389366,-1.9995043409453253,-0.39758241229301094,93.70274156485928,0.6050,9.430
1787312747.445103,-2.447766979943478,0.00849935108346708,84.41090866667837,-1.9937754890010102,-0.4086259175743071,93.66983629685829,0.6165,9.259
1787312747.5195713,-2.447391910948278,0.009103657854517402,84.57936009355387,-1.9706565179778794,-0.4190477479089198,93.7043142256437,0.6408,9.125
1787312747.6390483,-2.4476806869813026,0.00914867727655942,85.62034342366668,-1.9436854898420652,-0.4362858102181868,93.96858745507397,0.6726,8.348
1787312747.756305,-2.4481901621795066,0.008870599790869361,85.96133805747621,-1.9267820341297623,-0.4313191944019312,94.6221593976393,0.6824,8.661
1787312747.837084,-2.4481540797724786,0.008872291454291874,85.89989907880653,-1.9188208058434517,-0.43769900886642593,95.35229231539354,0.6925,9.452
1787312747.9110563,-2.447792532687589,0.008931437728766551,85.82267808961433,-1.9332081333229607,-0.432325924411989,95.59337412111661,0.6779,9.771
1787312748.054107,-2.446549257639281,0.008934970059996447,85.96008019819456,-1.9757693527132767,-0.4106675751514599,95.38535375673052,0.6306,9.425
1787312748.1288936,-2.4461259569468647,0.008880514707966447,86.19064015774104,-2.0234712442965037,-0.38259884029139735,94.37437466362343,0.5761,8.184
1787312748.2747731,-2.4467362429810526,0.010140876012191224,86.15990792752001,-2.05794446095166,-0.35733890988771894,93.77416439238374,0.5350,7.614
1787312748.3455758,-2.447365765424575,0.010742128849468681,85.99546852161942,-2.1124676501704123,-0.3017506230387715,93.10666585793642,0.4580,7.111
1787312748.409992,-2.4478928206683332,0.01127618932774687,85.97020118299451,-2.15636499132997,-0.26804379571889353,92.17211059788471,0.4037,6.202
1787312748.5560155,-2.448128338516608,0.012401413403143869,85.83213288153642,-2.2273526817706966,-0.2194785547435013,90.87527638350441,0.3202,5.043
1787312748.633835,-2.4478322676361963,0.01296650820712771,85.83598547528602,-2.2476289305208605,-0.20678972916984975,90.29564904053925,0.2973,4.460
1787312748.7090042,-2.447460733690475,0.013429749649964991,85.97024299424007,-2.2612958997806536,-0.1791596114551934,90.00724297504915,0.2679,4.037
1787312748.849981,-2.4476845564603655,0.015154479209677496,86.21174892735897,-2.2748381138517666,-0.16136190866988215,89.66428607068711,0.2471,3.453
1787312748.9236455,-2.4484041176587876,0.016542898167769927,86.10436809027591,-2.2900049415107073,-0.14385669630030287,89.63099997644156,0.2254,3.527
1787312749.0566132,-2.4499149240808387,0.018845979610677403,85.85254810281002,-2.394732826638859,-0.03648219369192687,87.29478940635263,0.0781,1.442
1787312749.1610956,-2.450460418578647,0.020835962261131477,85.73220144617464,-2.4250254507806366,0.002847049507050473,87.00337453215894,0.0312,1.271
1787312749.2288346,-2.4504262488800452,0.021843217828454515,85.69109244852152,-2.433455865373129,-0.03717699141591379,86.838829488478,0.0614,1.148
1787312749.3018024,-2.4501871588070716,0.02278011399856188,85.75365021418752,-2.405221089175712,-0.08056064490005586,87.35553601080525,0.1127,1.602
1787312749.4402275,-2.4501161987870743,0.024553459789652,85.96556481628278,-2.382887390610194,-0.10696031698469831,87.75528041602938,0.1477,1.790
1787312749.5540519,-2.4510759500243045,0.02658820454573612,85.93220872794613,-2.355399005645653,-0.13757254941373154,88.33917299058604,0.1900,2.407
1787312749.6183898,-2.4514499225652844,0.027119219619529764,86.12067368065814,-2.314107334304145,-0.17722782987560948,89.39767895499347,0.2462,3.277
1787312749.7667537,-2.4515746428666696,0.027962815603414178,86.16914268930549,-2.2314530177869525,-0.2371915853471961,90.82995221332413,0.3446,4.661
1787312749.830456,-2.4512659577710645,0.028431073898929203,86.16234583696627,-2.196815858363486,-0.2570874606328603,91.40580976258686,0.3824,5.243
1787312749.9181924,-2.4505764077586027,0.029047022348573988,86.24820913008301,-2.158305357651629,-0.27720607079213105,92.35376355050602,0.4233,6.106
1787312750.0120249,-2.4497388805173523,0.029562235474594276,86.47531777918196,-2.1381904710638633,-0.29242126428226906,92.67260692809498,0.4480,6.197
1787312750.1500297,-2.449148294926132,0.030978425555611873,86.83457725081955,-2.1078397810764655,-0.2979173608726101,93.31872537828482,0.4740,6.484
1787312750.235132,-2.449361702443486,0.031955117274393124,86.7998538143008,-2.1263745482050647,-0.2736462221001484,93.10670901385863,0.4446,6.307
1787312750.3693385,-2.449584232810852,0.03366662884930398,86.77261305201448,-2.126317478043819,-0.26055865610347567,93.4288050476392,0.4371,6.656
1787312750.4710517,-2.4489214204547256,0.03533678338685291,86.71218232512895,-2.109776659822543,-0.2648706689130131,93.68992213343238,0.4529,6.978
1787312750.5337281,-2.4482093713880677,0.036118391134109154,86.62654333483118,-2.111892371404929,-0.2639048032518082,93.61136489775627,0.4507,6.985
1787312750.6066346,-2.447351011359803,0.03682481666012366,86.64770480369674,-2.149437131316869,-0.26435162721142674,92.9386233537962,0.4236,6.291
1787312750.769491,-2.446383110869104,0.03828177429504373,86.80814389586159,-2.1446492254642657,-0.2662202641198924,93.21294888437552,0.4287,6.405
1787312750.8396525,-2.446556817612817,0.039225231002770145,86.80066599666314,-2.1454168252232977,-0.2589722611998377,93.1304620458806,0.4238,6.330
1787312750.912298,-2.4469155276559356,0.04013639227023533,86.70430521315285,-2.1490744843170377,-0.2617452968261234,92.95308700286508,0.4241,6.249
1787312751.0603368,-2.4474510524021076,0.04173922016893715,86.44655941682974,-2.1526130796680354,-0.26270697224048023,92.85715021482409,0.4238,6.411
1787312751.1336772,-2.4473395028433442,0.04257071140723459,86.42855189586375,-2.152945342688895,-0.2568756733132321,92.7016127666808,0.4199,6.273
1787312751.2275074,-2.4469340990942756,0.04341551182172121,86.45928463097877,-2.1509924253407475,-0.26113327410939075,92.80312754741438,0.4247,6.344
1787312751.3138769,-2.4464078683489316,0.0441286237251316,86.66079483179169,-2.1358161844096824,-0.25683175954549203,93.1977802081361,0.4325,6.537
1787312751.460959,-2.446083723607336,0.04582630862358712,86.6955410799933,-2.1319771812805666,-0.25694985815243454,93.28921221605701,0.4363,6.594
1787312751.5354052,-2.446357749127936,0.04674226882086499,86.65423752649248,-2.1367819646355555,-0.2406230503930021,93.14118241746165,0.4224,6.487
1787312751.6114604,-2.4467455212690643,0.04755815608284956,86.47106197198191,-2.1418900212722676,-0.24941412338562124,93.05682834901528,0.4256,6.586
1787312751.756575,-2.4469517332408715,0.04915797127013764,86.42086232149775,-2.1298622810506864,-0.2561128399760647,93.16555288476678,0.4402,6.745
1787312751.825762,-2.4466140500300813,0.05000420141792703,86.40909764588443,-2.1254304980454446,-0.2623676533010934,93.2387085085573,0.4480,6.830
1787312751.9530814,-2.445629086801268,0.051453509724099,86.71325485214591,-2.1285466082326385,-0.27778171714417627,93.15114685846785,0.4571,6.438
1787312752.0267322,-2.4455633920053086,0.05191591285041591,86.72354474170217,-2.120259700229043,-0.2788704545385072,93.44704850732505,0.4639,6.724
1787312752.1594424,-2.446283846742465,0.05303678449801756,86.71899013933513,-2.1279486139569097,-0.2563456683892024,93.31964603436126,0.4439,6.601
1787312752.2365334,-2.4469163045630733,0.05356684459000664,86.58718694137661,-2.1305408075446963,-0.24466212434145643,93.28168379921446,0.4348,6.694
1787312752.33052,-2.447463390523737,0.05399550938183452,86.3296308405306,-2.1441026252759388,-0.2320742182758092,93.0722659742759,0.4170,6.743
1787312752.407116,-2.4473773829142877,0.05473382271064782,86.3280359489795,-2.144164146401294,-0.22879221912819295,93.11487576073048,0.4151,6.787
1787312752.5587697,-2.4463047768730517,0.05627642465805459,86.5135545751261,-2.144712144302182,-0.2296319325102063,92.98980492662596,0.4156,6.476
1787312752.6348433,-2.445770773765832,0.05689545963787221,86.82266512461243,-2.147575641027053,-0.22673747259007762,92.62438695406384,0.4115,5.802
1787312752.7127385,-2.44551602252098,0.05767704500748248,86.8334485738696,-2.15766459148016,-0.2224411808974518,92.52889160134316,0.4017,5.695
1787312752.8631625,-2.4460573680798383,0.0594686407615152,86.61319627049818,-2.1646523790582126,-0.2289240556461751,92.76452010185835,0.4029,6.151
1787312752.9311087,-2.4460056997904056,0.06044887342441378,86.46990552059438,-2.1653079826708757,-0.22123447253191264,92.86457095892048,0.3977,6.395
1787312753.063788,-2.4450803865163824,0.06291004551682562,86.05292203446683,-2.1711927305679706,-0.21310736786204848,92.65096233177758,0.3888,6.598
1787312753.1199503,-2.4441885555817566,0.06412829025189572,86.07080307692364,-2.151799222473552,-0.23846726097650522,92.84361508010946,0.4208,6.773
1787312753.2610478,-2.442191568840447,0.06629704301838475,86.41641605527096,-2.1522139305166785,-0.23872084885450146,92.86886040598834,0.4209,6.452
1787312753.3329988,-2.4417470346160473,0.06728286942762061,86.43155307595347,-2.14080911672785,-0.23164904008743228,92.49278498425645,0.4242,6.061
1787312753.4753375,-2.441731617356886,0.06939321665234974,86.403137046623,-2.1389595082632,-0.2453092646616169,92.48482970765288,0.4367,6.082
1787312753.5494814,-2.4419666989243325,0.07035420406850691,86.21719498295325,-2.113090431869487,-0.24797826839057374,93.335835563289,0.4577,7.119
1787312753.6298416,-2.442065065760526,0.07122747757313502,86.20117859493324,-2.0960919494041366,-0.25362971935046963,93.50925351298584,0.4746,7.308
1787312753.7104177,-2.4418512955279783,0.07212900822069968,86.16311135598701,-2.0866936519013577,-0.2655372827895325,93.59995288292473,0.4901,7.437
1787312753.8595638,-2.4406181440002634,0.07389901132375873,86.26434155827798,-2.0589958350248048,-0.2855609710740226,94.11330358218923,0.5243,7.849
1787312753.9222753,-2.4400630020016942,0.07463939546076873,86.52208170215194,-2.0441155504102997,-0.29167130718419976,94.25565353128177,0.5394,7.734
1787312754.0431283,-2.4400994204049025,0.07597418225808093,86.55302914787922,-2.034626708841241,-0.296728907519055,94.34486173654135,0.5507,7.792
1787312754.1663857,-2.4409742414255704,0.07734350500714453,86.40217305028978,-2.027832386856583,-0.3078624106750662,94.62528570080109,0.5649,8.223
1787312754.2361746,-2.441313870391792,0.07798677128217861,86.38001768816869,-2.0125427447396596,-0.31929666143860325,95.2264655829733,0.5845,8.846
1787312754.3159099,-2.4414153357167763,0.07864423333982201,86.3171186446545,-1.9986590420716015,-0.3312885244170541,95.40791353256611,0.6034,9.091
1787312754.4470778,-2.440729092144902,0.08000540688491972,86.26123237720547,-2.0140419460274153,-0.3226791540279817,95.10327125174092,0.5867,8.842
1787312754.5320854,-2.4401810768198122,0.08059225607019099,86.3782535207957,-2.0095082336139805,-0.3099035430346721,95.12092281293081,0.5813,8.743
1787312754.6151216,-2.439836590385314,0.08112177390455493,86.62159040007232,-2.0078878058513596,-0.3017625205099372,95.12255015055386,0.5772,8.501
1787312754.736248,-2.4408751963455915,0.08250236989870607,86.57209049809637,-2.0154892329784238,-0.29791115025840254,94.87529102801753,0.5707,8.303
1787312754.8265448,-2.44243991756612,0.08376860827796585,86.21732787466924,-2.0033622969492018,-0.301351742106962,95.02889747667827,0.5840,8.812
1787312754.9443614,-2.4431668828304294,0.08504600255626976,86.15348015298368,-2.001820875969885,-0.3112527491560061,95.47671860826676,0.5932,9.323
1787312755.018136,-2.4431906719186034,0.08570837680555876,86.10933568452573,-1.9994149589296868,-0.30773645110106396,95.55473614715211,0.5931,9.445
1787312755.1646206,-2.4425135869293952,0.08700587815207536,86.18518421324869,-2.020893442260541,-0.2936262159088425,94.9741725569985,0.5680,8.789
1787312755.231628,-2.442262682174026,0.08753413857344747,86.41875074624241,-2.0334035847769707,-0.2881870496999644,94.73160995946942,0.5553,8.313
1787312755.298446,-2.4425476404504405,0.08803774621627417,86.41747406973258,-2.0393453095546263,-0.2908245500683729,94.53774294789802,0.5533,8.120
1787312755.4475486,-2.4439098911573707,0.08916814743798633,86.29347564217971,-2.0533486306583852,-0.27854031090981585,94.22128209855019,0.5364,7.928
1787312755.5732284,-2.4451611995660376,0.09016665526707865,86.16846134576743,-2.067424462389112,-0.2438994915921656,94.16037293765962,0.5043,7.992
1787312755.6570513,-2.445439628083613,0.09068050225577595,86.06916440318935,-2.0687536234177637,-0.2383080605112428,94.18107278638004,0.5001,8.112
1787312755.7300503,-2.445386683267018,0.09123100858849532,86.00005366392418,-2.1279387856780505,-0.2058365813497088,93.08960672728104,0.4348,7.090
1787312755.8725164,-2.4450300011266037,0.0920866631604769,86.21647462890655,-2.1449568848784173,-0.19700283902932056,92.44172106978108,0.4167,6.225
1787312755.9366944,-2.4451760965776437,0.09252902342323151,86.43782557359675,-2.1490184442152325,-0.1870847069847693,92.43547866042557,0.4073,5.998
1787312756.0709321,-2.4458214217768863,0.09329486352166806,87.38300906149328,-2.146690387868382,-0.18783750294251816,92.35981193604931,0.4105,4.977
1787312756.1342382,-2.4460926673855647,0.09353264732631389,87.59855223605352,-2.146814318646663,-0.19850447260563164,92.71348543657535,0.4182,5.115
1787312756.2702866,-2.4461057352359696,0.09425413405383176,87.54866114441623,-2.1521987098312754,-0.20882271394179144,93.39284195798531,0.4222,5.844
1787312756.3312201,-2.445735000536906,0.09467547529895554,87.52129693179849,-2.150802481984924,-0.20617785114093826,93.72126192456695,0.4213,6.200
1787312756.45136,-2.4442122320306647,0.0965846538446874,87.72230914776472,-2.1610897072332396,-0.2003019497790987,93.74822195910245,0.4102,6.026
1787312756.559941,-2.4439791919571707,0.09884380769129317,87.89974187787574,-2.163779902133504,-0.20268416469072686,93.39823995726633,0.4116,5.498
1787312756.643005,-2.444205858159405,0.10007832633146993,88.0090709837785,-2.165662667162088,-0.19912166910902687,93.42378694698604,0.4088,5.415
1787312756.7164192,-2.444742198873438,0.10134070310353518,88.05698688446716,-2.160696479045676,-0.18948698041696194,93.48060945169978,0.4065,5.424
1787312756.8086078,-2.4453743995202237,0.10251379616494698,87.99914400775738,-2.167215999255579,-0.17206678434321937,93.53909054541708,0.3909,5.540
1787312756.8960564,-2.4457849362431037,0.10358721703426987,87.79185253703189,-2.171156218045243,-0.19209719067453518,93.37541638368889,0.4035,5.584
1787312757.064631,-2.444567673606092,0.10549822223616959,87.8799092066732,-2.174311966182025,-0.22273998620215935,93.41795076547432,0.4252,5.538
1787312757.1495943,-2.443752021136702,0.10592414439953626,87.9929746222424,-2.1808172667013688,-0.2379099220632382,93.28915434163093,0.4328,5.296
1787312757.230474,-2.4432440570156877,0.1063578799374112,88.20632361595315,-2.172075227040855,-0.2418449232798843,93.2156435720508,0.4413,5.009
1787312757.3432322,-2.4431326789795373,0.10761864748687071,88.60904365008328,-2.175628628455512,-0.2459597057427773,93.19606706446886,0.4434,4.587
1787312757.4010315,-2.443283081059498,0.10818769181868723,88.68525827279662,-2.3433386808300507,-0.0866155495715665,89.08456095521977,0.2189,0.399
1787312757.5623188,-2.443159178585671,0.10937590118475196,88.63985333289266,-2.396909980842111,-0.04707986073239798,88.47691670623938,0.1631,0.163
1787312757.6346965,-2.442565451588203,0.11015784133318823,88.62588020604217,-2.4138061417769294,0.03790310206839445,88.27693492881534,0.0778,0.349
1787312757.711579,-2.4417578535580167,0.11091474977809984,88.69399304279585,-2.430874938486311,0.01901404504209922,88.62746999812082,0.0925,0.067
1787312757.8685284,-2.440377232874699,0.11232678449500381,88.91396106580314,-2.4739635687896726,0.0019942347437791885,87.10132104796398,0.1153,1.813
1787312757.9414124,-2.440126632063208,0.11313161820916037,88.9346667649065,-2.477699903589627,0.009482988182294639,87.58904572192928,0.1102,1.346
1787312758.0150223,-2.440165458968478,0.11396223379128098,88.89447379333497,-2.4746950568804653,0.0074739109028845695,87.64940669112123,0.1119,1.245
1787312758.1497877,-2.44031188085973,0.11543627535865561,88.70021789298023,-2.423400364541232,0.06215321124211442,88.68183477129307,0.0559,0.018
1787312758.2212644,-2.4400867916254025,0.11621734735514799,88.67564026507397,-2.443441803850316,0.04865926944239133,88.26671720990284,0.0676,0.409
1787312758.3296683,-2.4388740924742263,0.11783918397740226,88.70876394312101,-2.4597610160605776,0.06996892808995142,88.02542267974685,0.0522,0.683
1787312758.4427454,-2.437754251311844,0.11887909293593818,88.8674196371819,-2.4450547317012514,0.020502462652842918,88.58491278765034,0.0986,0.283
1787312758.5168145,-2.4376127261198715,0.11923865711993904,88.92420885215783,-2.507906959247355,0.03338298821339149,86.96278624834798,0.1110,1.961
1787312758.5980968,-2.437711899538584,0.11964039032485785,88.98121010868545,-2.5013836402634837,0.02401692419941661,87.25914806882787,0.1149,1.722
1787312758.6836426,-2.4381262734056417,0.12008648084746307,88.9762625342974,-2.482128291305224,0.020361426143704415,87.66261725274975,0.1090,1.314
1787312758.8620467,-2.4388256505560335,0.12075850277896039,88.54982523440106,-2.4942636022378277,-0.003364841457217733,86.9325290725857,0.1359,1.617
1787312758.9442282,-2.4394068533591753,0.12067582605054228,88.1168135664109,-2.501898452324932,0.003659302922167068,86.92593806030362,0.1327,1.191
1787312759.023917,-2.439897756810875,0.12053680371722468,87.79342128334703,-2.496765076561708,0.02357091135227936,87.3383099755106,0.1124,0.455
1787312759.1754117,-2.4415465827253495,0.12086691632880077,87.78245460595525,-2.5041189271160644,0.009976301619960555,86.98240170126526,0.1273,0.800
1787312759.2455463,-2.442878774213663,0.1213605248031232,87.71169512507824,-2.533583254176971,-0.047945438404512014,85.32729998303878,0.1921,2.384
1787312759.3174284,-2.4444175056666233,0.1218675277911012,87.573077189052,-2.556116448137362,-0.07540178165993103,84.94020354099298,0.2267,2.633
1787312759.4675074,-2.44693985531678,0.12308088928782535,87.27394788982365,-2.5775621493765217,-0.09261374345888235,84.52173145957009,0.2522,2.752
1787312759.547344,-2.447532818400491,0.12391394563365453,87.2247250797028,-2.586706960640418,-0.08266794027925205,84.1343564648308,0.2491,3.090
1787312759.6745038,-2.4479130855384374,0.12557097337241813,87.30157465272677,-2.60067907102815,-0.08963386893103316,83.82838965398469,0.2639,3.473
1787312759.7313712,-2.4480719640253086,0.1262583980589227,87.51693816828049,-2.605059071536868,-0.09199229342044705,83.72942613128065,0.2688,3.788
1787312759.8645477,-2.4491299630433714,0.1288119941408059,88.17466472024071,-2.6107495441599027,-0.10348027514554578,83.57475421535273,0.2830,4.600
1787312759.9385803,-2.4500620874880585,0.13014331702895768,88.45832359688762,-2.6329439383240225,-0.11656579117949624,83.34521499262472,0.3071,5.113
1787312760.0130157,-2.4504310156489275,0.13099507887340897,88.4366539084468,-2.6725757836529316,-0.1406089496806163,83.03668189344239,0.3509,5.400
1787312760.1534932,-2.4506472164268773,0.13262595674182298,87.91444571798861,-2.735219373010682,-0.18904346886097367,82.03613374209586,0.4295,5.878
1787312760.2273562,-2.4501448586191628,0.13340955338373225,87.60162031639558,-2.76895770304433,-0.21290802016962035,81.28703295266213,0.4707,6.315
1787312760.3705423,-2.4486123532976993,0.13482621812408954,87.28369549449839,-2.796805543701782,-0.2412178729030196,80.48987790820736,0.5125,6.794
1787312760.4354737,-2.448123509018357,0.13514100488102637,87.188251422241,-2.8078145749227628,-0.2706827020418925,79.91166712213551,0.5423,7.277
1787312760.5699286,-2.448006477644997,0.13594413110529957,87.04453516478183,-2.824725774619776,-0.2990008913941581,79.56576277821505,0.5754,7.479
1787312760.674993,-2.4478724234448466,0.13665623660116932,86.87687677427209,-2.8365419583783456,-0.3162201723194791,79.32834154230324,0.5968,7.549
1787312760.7382116,-2.4473157632150375,0.1369825300415446,86.82143178113445,-2.8515093240866562,-0.32817101788379516,78.9985412033745,0.6162,7.823
1787312760.8611972,-2.445446018688689,0.13770335302696946,86.62310588156276,-2.5977302510705425,-0.037169467156014546,85.62852754663467,0.2319,0.995
1787312760.9332774,-2.4441087414761746,0.13805365796311891,86.61464967963808,-2.4924381430772944,-0.010302055887678113,87.05333155763739,0.1560,0.439
1787312761.0120726,-2.4426944711805403,0.13831735075266532,86.72765882292634,-2.4114911159865384,-0.020948805384457696,88.26846440111892,0.1623,1.541
1787312761.1452498,-2.4415756527733414,0.13999076807286842,86.7906279461594,-2.318820661573551,-0.045517203317218535,89.79957878836885,0.2224,3.009
1787312761.2729082,-2.441444944126692,0.14179305221355384,86.72476132967886,-2.281763069968343,-0.055226854075796306,90.53672757443958,0.2536,3.812
1787312761.3334568,-2.441498537571336,0.1425725612657498,86.52242632743517,-2.245811420640609,-0.042999575342155,90.86163583589295,0.2697,4.339
1787312761.45156,-2.4409914757094153,0.14418159771849048,86.4943378871873,-2.2311551195978225,-0.06342952988955804,91.10809982282558,0.2952,4.614
1787312761.527418,-2.4404449072022736,0.1450096152603841,86.48272687011577,-2.2260858301577704,-0.09779746332151495,91.41983371003049,0.3239,4.937
1787312761.6062224,-2.4396729773144936,0.14581766302418964,86.54099444574591,-2.2183971734980754,-0.11360293613891001,91.57312694087072,0.3410,5.032
1787312761.7588964,-2.4385676805505487,0.1475821395044176,86.7947041186732,-2.203555397328478,-0.11728152664724567,91.8926246618651,0.3541,5.098
1787312761.8379028,-2.4386091788724653,0.1487445118774763,86.81526038619086,-2.1955972454229484,-0.1317047700891328,92.26068463291188,0.3711,5.445
1787312761.9091485,-2.438898615490231,0.14992444656916026,86.77524064384706,-2.18563294825602,-0.1478999476785108,92.4118325336031,0.3910,5.637
1787312762.0612826,-2.439514860206734,0.15197839247061082,86.57821058563809,-2.158299889968489,-0.16382996327578894,92.92888139328937,0.4229,6.351
1787312762.1370876,-2.4394004661961453,0.15298652213383535,86.54935816761346,-2.148014707971241,-0.17355134521376891,93.10536924110248,0.4376,6.556
1787312762.219481,-2.439033350215168,0.15401201180834131,86.55002098233712,-2.138869472753072,-0.17654517113639978,93.17244406452109,0.4465,6.622
1787312762.3068542,-2.4385017119688834,0.154946929373988,86.67053712971232,-2.1255433383369313,-0.1893737077020011,93.40783733655705,0.4653,6.737
1787312762.4501257,-2.438857166314446,0.15615595914655822,86.82844070771989,-2.1031230563259835,-0.20285133841818984,93.91700797156653,0.4915,7.089
1787312762.5202878,-2.439410021363899,0.15685653213738246,86.89450190307642,-2.0815910934746604,-0.21876046974895638,94.29013898164143,0.5188,7.396
1787312762.667692,-2.4408313466732623,0.15819524495677384,86.8075675371383,-2.0704629746032825,-0.22716868809391202,94.53730500788706,0.5345,7.730
1787312762.7422302,-2.4411655635207685,0.15888269160596272,86.73339226697678,-2.0689151197937856,-0.22355965748691,94.81460190000008,0.5337,8.081
1787312762.8267272,-2.4412135666015566,0.1595955080728757,86.66327545963675,-2.071019061871183,-0.22806519573407233,94.7367565359564,0.5360,8.073
1787312762.9743085,-2.4407781527358097,0.16085272196180306,86.84479906213316,-2.0821666828384298,-0.23639422039030664,94.35107964073887,0.5352,7.506
1787312763.041995,-2.4407798608375635,0.16143484548546833,87.08717919682847,-2.0626880887033026,-0.24838955401338686,94.67844251595676,0.5576,7.591
1787312763.1751335,-2.4420598179140494,0.162254415651262,87.02558379498765,-2.066467058032772,-0.23494003495309745,94.53632152940827,0.5467,7.511
1787312763.2470062,-2.442963955129966,0.16263709176900146,86.86581422990277,-2.0563931543555345,-0.23333944590465241,95.15391535493151,0.5534,8.288
1787312763.31915,-2.4436208053969555,0.1631250350826706,86.83770422377548,-2.0624314354282878,-0.22729396044821,94.92515905272604,0.5456,8.087
1787312763.4651792,-2.4440406418618883,0.16419047282560534,86.6947226119821,-2.066359084538333,-0.2128005650871937,94.8420389911458,0.5336,8.147
1787312763.5352435,-2.443843453775109,0.16471949743318695,86.71016234435055,-2.081760894438072,-0.21845932195300966,94.49708296140703,0.5272,7.787
1787312763.6130059,-2.4435909263383397,0.1651559887550649,86.84248662945804,-2.089025632744983,-0.2026867783786965,94.3199256551863,0.5109,7.477
1787312763.750507,-2.4439122677599885,0.1663163353830127,87.07834154046373,-2.1033927694373267,-0.18618630290926008,93.99875534197992,0.4901,6.920
1787312763.8192441,-2.4444685814514173,0.16711069544576074,87.0416467407209,-2.115977909267355,-0.16879434985124023,93.87426353256826,0.4698,6.833
1787312763.9476209,-2.4455519138626203,0.16877823315202437,86.86239135488216,-2.1187602877393554,-0.16092531062145615,93.8879924952733,0.4642,7.026
1787312764.014923,-2.4456816912415946,0.1697086627439026,86.78678909281025,-2.1473980332171876,-0.14292040840445092,93.39830783852092,0.4321,6.612
1787312764.1525867,-2.4451822484144685,0.1716247352623549,86.65393477033027,-2.1489071346939794,-0.13819020668446835,93.47355352109682,0.4287,6.820
1787312764.2676125,-2.4441597386807756,0.17326649594086746,86.94356607170361,-2.1514658976028715,-0.14617034461805584,93.24466536825072,0.4333,6.301
1787312764.3222837,-2.4440279808152767,0.17411404308701084,86.95433240781588,-2.144332427398731,-0.15895585352404623,93.52155652051493,0.4481,6.567
1787312764.4625127,-2.4445734470759186,0.1759450413149649,87.05527867364079,-2.134158918829125,-0.18374734478840746,93.6812240130435,0.4751,6.626
1787312764.5421062,-2.445224386505945,0.1768441981291644,87.02919268280517,-2.1209915732109113,-0.19709671662139455,93.87762821242396,0.4949,6.848
1787312764.6153498,-2.445801583062712,0.17760862593209747,86.83104603954871,-2.1037002330218515,-0.20492197023310388,94.32338557866316,0.5132,7.492
1787312764.745191,-2.4458994578998063,0.17937200487204102,86.80876417148978,-2.0902373878762193,-0.2224730277729801,94.41406226683034,0.5366,7.605
1787312764.8130336,-2.4455761274877266,0.18024407727646308,86.85141074221032,-2.0827826178410156,-0.22873450751137728,94.51810827039736,0.5467,7.667
1787312764.9474156,-2.4448590729541553,0.18179187294670904,87.04257142189282,-2.0794715247056916,-0.23133835086340088,94.57994570729687,0.5515,7.537
1787312765.0640903,-2.445034508400422,0.18349870485619793,87.10739508781452,-2.0707614744453053,-0.22599964925860525,94.91699137346417,0.5548,7.810
1787312765.145458,-2.445416276777738,0.18438989592908042,87.10046052102459,-2.051621864505183,-0.22931088943214342,95.28848375759343,0.5712,8.188
1787312765.2294,-2.4459617270595486,0.18517293488305286,86.92788610164101,-2.045184727833677,-0.2347180102848524,95.40852226892991,0.5805,8.481
1787312765.345852,-2.4461562495386935,0.18588810483266088,86.89879448040088,-2.0374441250396864,-0.24095372017237382,95.55437426647075,0.5910,8.656
1787312765.4718788,-2.4455339583223616,0.1866757943696869,86.95586734292525,-2.033049513120999,-0.2407006589451918,95.63927170305128,0.5940,8.683
1787312765.5328717,-2.445044720138477,0.1869676208429396,87.1480168486228,-2.024911987007276,-0.2450709027684484,95.78459048509777,0.6026,8.637
1787312765.6635199,-2.4447937982999175,0.1880442603175109,87.19957839885257,-2.0324810303383614,-0.1809068011428553,95.70918458123026,0.5533,8.510
1787312765.730376,-2.445087597631996,0.1887033898022922,87.21108269258984,-2.0311762778847564,-0.15874032566156315,95.82454460844109,0.5404,8.613
1787312765.8558547,-2.446138673556783,0.1899023816434548,86.93328204497077,-2.0326656987109653,-0.1386148737987807,95.87382688712937,0.5281,8.941
1787312765.9294808,-2.4459477638804197,0.19046507056089798,86.92380354202892,-2.034251759580046,-0.10057876579563278,96.02712347756555,0.5042,9.103
1787312766.0426848,-2.444817391864531,0.19168461269633016,86.87132467637413,-2.035394907671111,-0.07699539654522579,96.10169178344576,0.4897,9.230
1787312766.1100004,-2.4437048066674425,0.19241519311585825,86.99168418811854,-2.1526553348061404,-0.1262196795883395,93.25808897081731,0.4316,6.266
1787312766.2304852,-2.441744155934935,0.19370937183555548,87.25726274319656,-2.165890818950505,-0.0975060346469025,93.0693468106392,0.4011,5.812
1787312766.3366754,-2.4408623605747777,0.19514597930471156,87.33894191376163,-2.1799095195336777,-0.081987021084393,92.99233285576429,0.3807,5.653
1787312766.4686406,-2.440974373925563,0.19687202234718473,87.13309170970616,-2.1911604512303287,-0.045224403209797585,92.81503678761652,0.3479,5.682
1787312766.5388072,-2.441111502398711,0.19758821011219363,86.82969453874873,-2.2008479897948487,-0.035091297545144805,92.77089809552535,0.3345,5.941
1787312766.609998,-2.440904232184737,0.1984076356609652,86.82436978575801,-2.20711355102239,-0.029008103446875863,92.74105865616897,0.3262,5.917
1787312766.7464309,-2.4397524189282334,0.2000923621303851,86.84741917511147,-2.212195916702293,-0.02162569083647072,92.70607183656033,0.3177,5.859
1787312766.8659892,-2.4388895135872244,0.20211579203915842,87.01574706370225,-2.213717137189604,-0.015265419271051137,92.67994417417182,0.3130,5.664
1787312766.924662,-2.438712308427944,0.2031381452391192,87.15569146818136,-2.222427464833189,0.005401633126058849,92.60188125685083,0.2931,5.446
1787312767.040084,-2.4391319400112152,0.2053114486615689,87.40014588039833,-2.2228869477494357,-0.022195409121684523,92.60143374755368,0.3139,5.201
1787312767.1660275,-2.4402300479659664,0.20720423312990366,87.31216850667076,-2.221295922529055,-0.04507233881356047,92.62477949073234,0.3340,5.313
1787312767.2351444,-2.4404166277371857,0.20808047889237663,87.2980955553506,-2.2205407629424845,-0.09217285483837467,92.66044135069893,0.3722,5.362
1787312767.371504,-2.4399750945063214,0.20992020202189407,87.2663042592835,-2.218993333260697,-0.11714971290285034,92.68245591013358,0.3947,5.416
1787312767.4354806,-2.4394412560788066,0.21079164281105767,87.36187110383344,-2.218492570128886,-0.15318405834287285,92.68817523284105,0.4258,5.326
1787312767.5647316,-2.438590403090637,0.2123345468182318,87.60797478167572,-2.217130914213796,-0.17053730037958564,92.69448680249518,0.4423,5.087
1787312767.6229725,-2.4385368226585755,0.2131757258288324,87.63553147492723,-2.216803935607575,-0.19012692262519174,92.67219941336,0.4602,5.037
1787312767.7530172,-2.4393601030979957,0.2148530166272499,87.63746073774851,-2.2181249579165,-0.20312489191270297,92.65318378003468,0.4729,5.016
1787312767.8654435,-2.440187946493795,0.21583865641013616,87.34425310004687,-2.2180504420884684,-0.21022207674541782,92.64300969691251,0.4805,5.299
1787312767.9699862,-2.4401526708169867,0.21650895635341463,87.11231480154586,-2.221189168739225,-0.21165926078535116,92.59202763489625,0.4809,5.480
1787312768.0250902,-2.4398477078094025,0.21687076376658537,87.04079612507009,-2.224061291361031,-0.203286742308018,92.53408617465466,0.4723,5.493
1787312768.1552827,-2.4390836980766255,0.21758342520540552,87.08771242063428,-2.2288910956103924,-0.16723653477116968,92.40996915764265,0.4385,5.322
1787312768.2166786,-2.438993163204461,0.21801951966764666,87.17453493272698,-2.2316176239463648,-0.14429656780676334,92.34525001602533,0.4175,5.171
1787312768.3472288,-2.439512775367705,0.21904942235435176,87.32647788628998,-2.234020664055671,-0.11772606242030191,92.26503869470467,0.3945,4.939
1787312768.4130375,-2.4400886809758737,0.2195494906171608,87.27704880596993,-2.2344822515503724,-0.11463164491811877,92.2454840934461,0.3924,4.968
1787312768.54731,-2.440931042558089,0.2203387769109303,86.87062235551106,-2.2388336913910316,-0.08215725467067839,92.16048740816967,0.3638,5.290
1787312768.6183085,-2.4406423235488903,0.2209333245189071,86.87611634615214,-2.2398830335050346,-0.07869314595779754,92.13147524611338,0.3607,5.255
1787312768.7520413,-2.43941156388615,0.22208232732725475,87.08146438866962,-2.2392613400418253,-0.085135570829804,92.08727321132339,0.3667,5.006
1787312768.8166358,-2.4389797534128306,0.2229184325399758,87.10640669547043,-2.2409146683722208,-0.07700564522368274,92.04723903266535,0.3594,4.941
1787312768.9499319,-2.4389632046756935,0.2247200435364866,87.26404588936677,-2.2426163300284703,-0.0633000864587313,91.98845810327106,0.3486,4.724
1787312769.0115738,-2.4392825658220962,0.22566634125784937,87.30279765279195,-2.2430717162134064,-0.06628831566362507,91.95884260847917,0.3518,4.656
1787312769.1372178,-2.440113421262508,0.22730491822568236,87.02065941171749,-2.2430218368623436,-0.07442864776995281,91.93725003366193,0.3604,4.917
1787312769.2726643,-2.4397737648150812,0.22899756337410995,87.00958500499806,-2.2444613746244646,-0.07955279793122431,91.8984924538296,0.3652,4.889
1787312769.339443,-2.4391656330488902,0.2298276673241149,86.94964479614733,-2.241652352090687,-0.12141306938504982,91.82783588354225,0.4030,4.878
1787312769.471106,-2.43781406332959,0.2312670905056375,87.05244151479143,-2.2410689690494956,-0.13305267176847083,91.80040142758241,0.4141,4.748
1787312769.5211496,-2.437455019650131,0.232013574963599,87.10621745382943,-2.2402434450182214,-0.15340875106880747,91.74573480778288,0.4329,4.640
1787312769.6455874,-2.4374687053665838,0.23363565831444805,87.18440963333857,-2.2401797082766315,-0.16024001441193025,91.71605263868517,0.4405,4.532
1787312769.71146,-2.4377625530278886,0.23441299469521884,87.10317179564173,-2.239736012388896,-0.17557979420931227,91.68298943846031,0.4553,4.580
1787312769.8479824,-2.4379310667323795,0.23589496477382363,86.88529704159956,-2.240511934887322,-0.182597795180468,91.63101163912596,0.4627,4.746
1787312769.9164557,-2.437608491322057,0.23672460436864118,86.87668062667532,-2.2401369955063952,-0.18888558065619693,91.60642901340474,0.4692,4.730
1787312770.050409,-2.4362949146618678,0.23832746125214596,87.06238416936294,-2.2400462081268397,-0.1956920418323548,91.55833475866731,0.4763,4.496
1787312770.1679165,-2.4356687329107456,0.23911947242743697,87.1282667540409,-2.2402130515968817,-0.19838236671070358,91.53676841938804,0.4792,4.409
1787312770.228002,-2.4357021638919525,0.23958684911235867,87.17697446000204,-2.241203511469464,-0.20017386334333234,91.48787292370635,0.4809,4.311
1787312770.3598256,-2.43640732579748,0.24058144288626437,87.1069822055087,-2.2428072137928066,-0.20656753544047418,91.44618634194036,0.4873,4.339
1787312770.4180262,-2.436795487950786,0.24094942934239372,86.88994140085092,-2.244661071603073,-0.17421429999993168,91.43299412380773,0.4575,4.543
1787312770.5465097,-2.436728181794703,0.24215619834309976,86.8602858538589,-2.247324094059664,-0.1618473474866713,91.38883811164641,0.4462,4.529
1787312770.62262,-2.436270893452779,0.24279421431766843,86.79617248765148,-2.2485895495042563,-0.15542368270426565,91.36526438589428,0.4402,4.569
1787312770.750856,-2.435440543052851,0.24349884899260102,86.86227806315574,-2.254032883201793,-0.11558662821640482,91.32760854804033,0.4023,4.465
1787312770.8751817,-2.4360185128476264,0.24409583889689035,86.93754653350393,-2.257533643150647,-0.09211155162340286,91.30076321782383,0.3806,4.363
1787312770.942331,-2.4369780523690614,0.24479835484005127,86.88052426276977,-2.2609286032420353,-0.06976662813334322,91.25924175789407,0.3605,4.379
1787312771.0745015,-2.4391686069297633,0.24599512610282548,86.4058393616143,-2.2630841033670963,-0.05055011004072131,91.23712602820324,0.3449,4.831
1787312771.13691,-2.439687377345004,0.24672601941544514,86.38654288439211,-2.2682966586102697,-0.005584582166658683,91.18232657457378,0.3050,4.796
1787312771.2521718,-2.4398789900838067,0.24831327835113154,86.45315503247413,-2.270464053579149,0.011206508604723813,91.14464005506791,0.2914,4.691
1787312771.321988,-2.4396420772033545,0.24910439087413547,86.62207895879772,-2.2948892577839723,0.027666162571018046,89.95858094525101,0.2646,3.337
1787312771.4471815,-2.439430587445818,0.2505400642994826,86.94590553733835,-2.300240675764281,0.0467573614918105,89.83866602812076,0.2468,2.893
1787312771.5058918,-2.439678347753472,0.25134451966159765,86.96105355543214,-2.3035660542126295,0.05668430218688861,89.79486973429502,0.2375,2.834
1787312771.6464236,-2.4410549874052494,0.25327377501200365,86.724010064172,-2.3137671181697512,0.05414370346305615,89.78323442780362,0.2363,3.059
1787312771.7125819,-2.4418467975931306,0.2541044816496526,86.41342796426665,-2.3173918555049773,0.05861575895181657,89.75356795108443,0.2317,3.340
1787312771.8473258,-2.4425037105726393,0.2557559723527958,86.36336195350215,-2.3210696298033033,0.05995630439477353,89.70258183918362,0.2304,3.339
1787312771.9134605,-2.4422594624696923,0.2567124460287965,86.40328197039634,-2.3225714000374285,0.06052183721621004,89.67364583277416,0.2298,3.270
1787312772.0325787,-2.4414497868001823,0.2583685844672495,86.83267585674665,-2.3240843323565827,0.07370285950552073,89.58568724557175,0.2188,2.753
1787312772.155932,-2.4415110341408766,0.26104333784350797,87.47959732000858,-2.3261325678990747,0.0804499866274919,89.53621741639843,0.2143,2.057
1787312772.249923,-2.442685422760259,0.2641188901658295,87.85772988211416,-2.3284598579604943,0.0754232260488902,89.51207753904976,0.2206,1.654
1787312772.3682113,-2.4439392469818,0.2676066273650866,87.82186684732726,-2.336076161559166,0.09194937044076074,89.39907553106868,0.2061,1.577
1787312772.4245467,-2.444021402819671,0.26861658040738867,87.73606362223013,-2.341556856758297,0.05365760023500861,89.40700362553436,0.2381,1.671
1787312772.5676458,-2.443354669150404,0.2707875922519639,87.51443865403061,-2.346144128494098,0.03821957376180597,89.40761985719192,0.2521,1.893
1787312772.6325934,-2.44266841253321,0.27179690951394725,87.49811840305414,-2.3548910125762728,-0.006155848136563866,89.44002938940262,0.2915,1.942
1787312772.765182,-2.441687973034493,0.27360803490870894,87.78301966436935,-2.360475145029531,-0.05859407231474194,89.51127551489878,0.3420,1.728
1787312772.842188,-2.4415099570794903,0.27386961242147373,88.34506874733601,-2.3601380440611983,-0.09148755010422718,89.5722238405509,0.3743,1.227
1787312772.9136617,-2.4416561206917646,0.2742113059145454,88.87168805574703,-2.3588181916756343,-0.16157019788041346,89.69440668352709,0.4436,0.823
1787312773.0383193,-2.4420104880869857,0.2743305276972036,89.49775011789134,-2.3601573631351793,-0.22210423096105888,89.79958222645635,0.5031,0.302
1787312773.1109388,-2.4419210444228754,0.27445056060869394,89.73883741151302,-2.728987492386288,-0.159510787698913,82.34420732814769,0.5203,7.395
1787312773.2707338,-2.4408361838038384,0.2747745670267617,90.19209721049054,-2.8168120510615395,-0.16683520651920122,81.13616760306515,0.5800,9.056
1787312773.3478014,-2.4401293929746872,0.27483319574781356,90.6169163263188,-2.908093229382434,-0.1590074399537652,79.75919257424292,0.6381,10.858
1787312773.419188,-2.439892758992349,0.2744710451199268,90.75495924018604,-2.9194703863654907,-0.1525236792327316,79.83622069104989,0.6421,10.919
1787312773.5016615,-2.4399038834228337,0.27415876945380685,90.89247412952459,-2.9297973305553393,-0.1337928055061395,79.86535862239691,0.6375,11.027
1787312773.6508918,-2.4407042375988737,0.27412326259272274,90.80215093013531,-2.902188165932526,-0.11392623461182755,80.46153477927339,0.6030,10.341
1787312773.7427263,-2.4408279364966106,0.2745635556025474,90.51532129253674,-2.9580867685150807,-0.11358564367188852,79.89338663242157,0.6467,10.622
1787312773.8084567,-2.4406327681828097,0.27483182125678607,90.37816286429212,-2.8702610778163633,-0.09223789711083619,81.28599429292723,0.5651,9.092
1787312773.974707,-2.439407233360376,0.2760504315506902,90.40537564750825,-2.7981688189918903,-0.04194902246306883,82.45424136538105,0.4794,7.951
1787312774.0540774,-2.438898018808884,0.2765292207508683,90.63845906729846,-2.771596332435848,-0.01600987145603966,83.30203546542252,0.4430,7.336
1787312774.1247566,-2.4390256674794433,0.2774361633506294,90.63698968631772,-2.721439734541435,0.020624635429855216,84.17748310525896,0.3817,6.460
1787312774.2661917,-2.439919615892832,0.27929202303834433,90.6455495460507,-2.6952223071337813,0.04982444653001618,84.59330440426791,0.3433,6.052
1787312774.335178,-2.440173631535724,0.28045308683758396,90.54732560802083,-2.640244042068574,0.0897347722574694,85.82451253388362,0.2764,4.723
1787312774.4058902,-2.440215299770349,0.28163924385458117,90.42629913469719,-2.6347835628106298,0.10678154208678352,86.0607214473827,0.2616,4.366
1787312774.548761,-2.439321524059075,0.28435120301423633,90.34857133529071,-2.633930381997645,0.09640472265174468,86.03741621182748,0.2705,4.311
1787312774.619747,-2.4386652350657108,0.28558945651667467,90.47578798821827,-2.6461504466739343,0.08745090816784647,85.55339923067979,0.2869,4.922
1787312774.768205,-2.4384774898347397,0.28786018385755074,90.52040285507435,-2.663027918196074,0.07985109155961798,85.09847591654554,0.3061,5.422
1787312774.840785,-2.4387922687676835,0.2890427701282035,90.51693777777837,-2.6785269832097858,0.042116838003827005,84.80582270764664,0.3442,5.711
1787312774.9157739,-2.4392788836320918,0.2901427340737003,90.39457451556905,-2.7094388035141597,0.03191706870321104,83.95370450984129,0.3737,6.441
1787312775.064261,-2.4396973401255764,0.2920866823775258,90.1181343608965,-2.714762449196814,0.03419617213041195,83.83532054611852,0.3771,6.283
1787312775.129369,-2.4393717107374027,0.2930769773545001,90.10679588085733,-2.7261602644829748,-0.014987592998939467,83.73061826274687,0.4209,6.376
1787312775.259776,-2.4382276779863195,0.29489819789677796,90.3801096748407,-2.730855366677581,-0.01890044835872079,83.63698694023424,0.4291,6.743
1787312775.3251293,-2.437883009669184,0.29575192869113476,90.3990655829522,-2.74193023754021,-0.03810958200419874,83.1236605229681,0.4516,7.275
1787312775.4692001,-2.438006716269543,0.29758394755392475,90.44234042455166,-2.7648170351270065,-0.04521715004783025,82.84722583167895,0.4736,7.595
1787312775.5333383,-2.4384226069230257,0.298469283290172,90.35801267177658,-2.7766752598181603,-0.06356670424840628,82.6658860265094,0.4955,7.692
1787312775.6056788,-2.438821358685022,0.2992400232545442,90.13968458579593,-2.7841239928464336,-0.0707993191896156,82.53706768951122,0.5061,7.603
1787312775.7466316,-2.4386092611084593,0.300310639809302,90.11414083290047,-2.799474060561473,-0.07492775958128511,81.86362612508886,0.5206,8.251
1787312775.8187284,-2.4381183876719654,0.3009135787425668,90.12789194635877,-2.8032771178139644,-0.07853296863583364,81.69376195412198,0.5266,8.434
1787312775.9605663,-2.4369249961943127,0.3018706816301817,90.55388234430453,-2.805352007244774,-0.07304195628562478,81.73656301652278,0.5256,8.817
1787312776.0293105,-2.436810678288535,0.3025925976178754,90.5620277069905,-2.808105334442761,-0.05720182328494171,81.77690668476491,0.5170,8.785
1787312776.1561534,-2.437511774629456,0.3041812850839011,90.4232861129385,-2.79850635582118,-0.057278501499644315,82.34981684426343,0.5109,8.073
1787312776.2244806,-2.438040420594526,0.3048680282420917,90.19144468479372,-2.797725849123525,-0.04919599715445925,82.28719008629996,0.5047,7.904
1787312776.3139405,-2.4383892435929257,0.3055494376739591,90.17133377330785,-2.798220809778668,-0.03840365969923781,82.20096952326314,0.4978,7.970
1787312776.4351711,-2.438085220872412,0.3070859043790305,90.09232814862402,-2.7873450727747264,-0.028289770621967514,82.44598555028348,0.4842,7.646
1787312776.5444653,-2.437188410485741,0.30849239366277675,90.30471538786233,-2.7934668337071944,-0.027410253451753377,82.30663734139252,0.4897,7.998
1787312776.606655,-2.4368724414931857,0.30909190187461616,90.54872746018293,-2.7480207619992263,-0.010461910632131885,83.0222931244956,0.4460,7.526
1787312776.7673569,-2.4374411808507443,0.3107526980366533,90.52593765183512,-2.74209735190526,0.0015857496499806674,83.11683187655234,0.4341,7.409
1787312776.839838,-2.438199193840887,0.3116004795232897,90.39072905328888,-2.724130777982114,0.009993506891082998,83.65954556944808,0.4156,6.731
1787312776.911489,-2.4389150140703983,0.3123273062141098,90.10997064050088,-2.7308081633742916,0.003596442012121599,83.7212743503416,0.4249,6.389
1787312777.049539,-2.4394422232723696,0.3139832650564105,90.07325069791374,-2.7298418641913824,0.004320802236169197,83.68403729922612,0.4245,6.389
1787312777.1184235,-2.4393018703240736,0.31485222848417843,90.10278506977848,-2.7145646825617926,0.004395819448737867,83.70558575232296,0.4149,6.397
1787312777.2582395,-2.4388592341882167,0.3163655038597873,90.2648009746159,-2.70372931484385,0.022848140466572207,83.91871486262512,0.3954,6.346
1787312777.3292313,-2.438951865686464,0.3171330285797984,90.31566943466463,-2.703243009886699,0.02297189093502112,84.07505642936505,0.3954,6.241
1787312777.3961296,-2.4393175504913285,0.31793797960938164,90.36238240540223,-2.700887150565563,0.018318778376352443,84.17704166561104,0.3977,6.185
1787312777.5531847,-2.4405395750087804,0.31939217510175627,90.12209690080735,-2.7044417462052435,0.01731179363966706,84.10836966289848,0.4011,6.014
1787312777.6680002,-2.440694187734142,0.3209471148540443,89.85989260417766,-2.7027716562031796,0.014886769435989922,84.14673762605317,0.4029,5.713
1787312777.7727208,-2.439579762740281,0.32266221555031854,89.9316466508771,-2.6957384571384977,0.0180790953286709,84.2031572928161,0.3980,5.728
1787312777.8419325,-2.438881376562413,0.32341928883681853,90.1059064832995,-2.7157276678696713,0.011658348313005183,83.67326071750757,0.4169,6.433
1787312777.9131088,-2.4384475348422665,0.324151779146608,90.12678011981184,-2.7190894070337976,0.00231633563291304,83.34972667745132,0.4270,6.777
1787312778.0557668,-2.4384820081876795,0.325799561696953,90.24970245334033,-2.7173852680232615,0.0023101390249172012,83.3210928109818,0.4271,6.929
1787312778.12471,-2.4388889821856803,0.3266342763265613,90.2274004869037,-2.730390051690077,0.0082505106889614,83.22288658870727,0.4317,7.005
1787312778.242149,-2.4395128907950445,0.32804273221562086,89.82585663216423,-2.732124850071615,0.003694591339044574,83.20260342522809,0.4368,6.623
1787312778.3158598,-2.4393207196393405,0.32887772411838395,89.82594646674643,-2.7348370582711925,0.0019688382070479136,83.19729956485206,0.4407,6.629
1787312778.4719367,-2.437830306514634,0.3306591030457369,89.98416678769465,-2.7323897579289365,0.004530395704272344,83.38593301265732,0.4395,6.598
1787312778.5372834,-2.437126153271409,0.3313985015191284,90.01330855591034,-2.724140329982172,0.006342412585575632,83.18370007956017,0.4336,6.830
1787312778.6743245,-2.4365229094321124,0.3329727977800033,90.15302989069123,-2.725018404505063,0.005495862144708301,83.19927525698498,0.4364,6.954
1787312778.7442765,-2.4366066491005927,0.33379566732605687,90.17324930896407,-2.7262132024348324,0.005550523680859447,83.22365963711859,0.4377,6.950
1787312778.8115788,-2.436829325375607,0.33452346004132466,90.06065749224908,-2.7261469638096947,0.004727088241392367,83.1780702126686,0.4387,6.883
1787312778.9588208,-2.436602286445261,0.3359863841481428,89.83012653067881,-2.7296271583793184,0.0043179885426654395,83.2941982924364,0.4426,6.536
1787312779.0260303,-2.4359230674358425,0.33683941121089195,89.80729179836602,-2.7301478695506516,0.003150984892909614,83.1527117271415,0.4449,6.655
1787312779.1538925,-2.4346957606146664,0.33797697354788203,89.86387332796838,-2.729845533864742,0.0029219213904019825,83.13138931156163,0.4465,6.732
1787312779.2742674,-2.4345442006851967,0.3385990812085132,89.96421695584561,-2.7432585970367245,0.004938412397472754,82.78628136396117,0.4546,7.178
1787312779.3638608,-2.4354376560889053,0.3395032498530464,89.88923429875379,-2.7445295052372005,0.00507615531757627,82.7461903154603,0.4554,7.143
1787312779.451531,-2.4365345428735843,0.3403911697332356,89.67467115320568,-2.7456761736042856,0.005186394342960777,82.70907494126725,0.4560,6.966
1787312779.5133016,-2.436823347946433,0.3407608707440354,89.56149989671279,-2.7308695723012244,-0.010194123933336675,82.95776351695343,0.4579,6.604
1787312779.6662762,-2.436673994624026,0.3416400173869225,89.2989644765397,-2.7265853706167387,-0.007812905280771484,83.1566538500728,0.4541,6.142
1787312779.7426753,-2.4362373907041683,0.3421102467095347,89.2307361741799,-2.712469273639117,0.016359909320280516,83.3188457774937,0.4271,5.912
1787312779.8725164,-2.4354286340105427,0.34279227205853163,89.52550867791975,-2.704114896795801,0.03442918013034511,83.47863810037796,0.4090,6.047
1787312779.9231513,-2.435751444558145,0.342880335928231,89.5209527841429,-2.701056685769186,0.03624147556493962,83.49729101689903,0.4055,6.024
1787312780.0432067,-2.436955691582016,0.3431557880080649,89.42011226972785,-2.699669802620352,0.022037552474977785,83.43476662329093,0.4149,5.985
1787312780.1484616,-2.4381101028601235,0.3435552934159514,89.3129775792949,-2.695907728156294,0.0346328813361474,83.47316711783286,0.4024,5.840
1787312780.2104921,-2.43843145178078,0.34378958925439607,89.20551667332748,-2.693193065175044,0.04667324640192543,83.5015669699398,0.3914,5.704
1787312780.3411431,-2.4381336900110475,0.3447315924521602,89.13351669520469,-2.687318526302666,0.06806502656615952,83.53898671347287,0.3723,5.595
1787312780.470588,-2.4372364087033263,0.3456695850861527,89.45353121946154,-2.6836745776478312,0.0862057088091203,83.56385796907072,0.3578,5.890
1787312780.5325794,-2.4372263646187324,0.34681210856248795,89.70396487445659,-2.6757494698575877,0.12301954206377869,83.60497086660008,0.3271,6.099
1787312780.608498,-2.437515867246264,0.3479965715872148,89.9577930211511,-2.673431889318315,0.13372881668254916,83.61732179209751,0.3187,6.340
1787312780.7544193,-2.43879152997567,0.35028004345079944,90.21975824261965,-2.6339584551629307,0.1010210475331525,85.1850523046423,0.3166,5.035
1787312780.824763,-2.43923229760585,0.3512340239475769,90.19833283710764,-2.6376577933759022,0.09906221578835095,85.1891446705375,0.3209,5.009
1787312780.9520102,-2.4393684182808713,0.35324819486366255,90.12535634806355,-2.6449072779293283,0.09136222679218954,85.0221458836209,0.3329,5.103
1787312781.0206347,-2.4391239324257086,0.354269485314314,90.14004589978381,-2.6569286673785513,0.08734273832320116,84.86537350783003,0.3445,5.275
1787312781.1658518,-2.43858586161201,0.3560429266430232,90.56149845184036,-2.6609155996662164,0.0739619270723548,84.8123626251746,0.3592,5.749
1787312781.2281868,-2.438862713647229,0.356952987775755,90.55814469958683,-2.6734695128391626,0.06619690544109967,84.44510721119458,0.3736,6.113
1787312781.3564947,-2.4403039845347205,0.35881700637620634,90.43099604864997,-2.686244885291319,0.048983407695263555,84.51371761670039,0.3956,5.917
1787312781.4239361,-2.4409018747276434,0.35917306009304895,90.40619783193956,-2.6972680569569145,0.03539451318570318,84.26294890162995,0.4130,6.143
1787312781.5627434,-2.4413843356248495,0.3599128343971142,90.1969959306121,-2.71297638581743,0.029932462899312867,83.87505719761701,0.4274,6.322
1787312781.6395812,-2.441094288410627,0.3603345370279308,90.03138968032246,-2.738421938606689,0.022086685299370436,83.33250704777439,0.4504,6.699
1787312781.7725766,-2.4400643566579507,0.36098433482127495,90.08583647506892,-2.741111278767436,0.019729834558434717,83.33139291472352,0.4551,6.754
1787312781.8437722,-2.4398126348136344,0.36127982690200056,90.22936489268554,-2.739005416874197,0.026560030806582723,83.00813378105757,0.4489,7.221
1787312781.9697475,-2.440817906533066,0.3624228991354414,90.42417378981216,-2.7409345463993096,0.028704448960153117,83.00175682530279,0.4488,7.422
1787312782.0406055,-2.4415466643214008,0.36292542407510825,90.37940917370682,-2.747784911659068,0.022225575165573497,82.95218762055299,0.4581,7.427
1787312782.1213753,-2.442100450732984,0.3634352104159358,90.35520495041116,-2.7430040496318835,0.019914620123585317,83.3096371481303,0.4567,7.046
1787312782.255373,-2.4422805769464424,0.3646016028766853,90.21663353512074,-2.747385351604224,0.01651593619217451,83.27837563229896,0.4629,6.938
1787312782.3224216,-2.4420245998042955,0.3652046480985162,90.22374639600629,-2.7432896458138663,0.03316895566012604,83.23754186607414,0.4483,6.986
1787312782.457309,-2.441540854492584,0.3661665220206991,90.59816586185507,-2.7396864390841458,0.03477287285837488,83.26792347312463,0.4458,7.330
1787312782.5379133,-2.441696202791387,0.36689195224458154,90.59913659672472,-2.7248616068644207,0.03943205908504538,83.50492666170254,0.4329,7.094
1787312782.6021583,-2.442206251336767,0.3676732518232401,90.57404714854422,-2.72569543367342,0.04416096509486371,83.63280294707538,0.4301,6.941
1787312782.7471476,-2.442918118744142,0.36901671003577013,90.44501950011889,-2.7128815445676975,0.04372246064889869,84.12659540718496,0.4227,6.318
1787312782.8501492,-2.4423333050746536,0.3705371158453209,90.42936439469325,-2.711785611422844,0.04375627904622756,84.15639171663048,0.4235,6.273
1787312782.9679065,-2.4394996175352412,0.3733713618298506,90.6874370833525,-2.7106710960455853,0.043774368664454694,84.18556909469805,0.4268,6.502
1787312783.0226874,-2.438683127516169,0.3740870432967919,90.71909557664465,-2.70755832847946,0.051460493876097926,84.18329121036521,0.4200,6.536
1787312783.1511762,-2.43754987889552,0.37542389927499353,90.97492898789005,-2.7019285576497345,0.055671213175220245,84.27593969577778,0.4149,6.699
1787312783.2177126,-2.437425234241216,0.3761585453769615,91.10974008387339,-2.692465910089435,0.0798950542638894,84.37003145592996,0.3909,6.740
1787312783.3602152,-2.437696874323483,0.3775158614137132,91.11735724279337,-2.6941847482870154,0.07839176096980441,84.49930606755811,0.3940,6.618
1787312783.437135,-2.4377037235442462,0.37808477747629904,90.94276489603935,-2.694702921346909,0.08777526689676714,84.43648604490488,0.3877,6.506
1787312783.5165582,-2.4376858969030475,0.3783127707506102,90.47089650415518,-2.698160341888459,0.07419570940656915,84.65188125457826,0.4004,5.819
1787312783.6612236,-2.4370396590228207,0.3786635034001706,89.5738195937533,-2.7080006798965512,0.061438437537471344,84.62418602534403,0.4172,4.950
1787312783.7386935,-2.436814604185475,0.37847303989577835,89.2400578113216,-2.7256251332596464,0.07870575930743459,83.80578066584523,0.4163,5.434
1787312783.8239927,-2.4368768171392143,0.3783453237802772,88.95984604747377,-2.718301517082906,0.06286896518809951,83.44086828211863,0.4228,5.519
1787312783.9679444,-2.43794172527621,0.3782404848901825,88.27853372834656,-2.6961822180211694,0.05856774913489452,83.63599989137948,0.4109,4.643
1787312784.02826,-2.4385274865723634,0.37808716096492784,87.7586417782399,-2.6881021063308035,0.06067727364514057,83.6478891564247,0.4038,4.111
1787312784.1547592,-2.4383050802147004,0.3795409168373131,87.55914342319754,-2.6725950963080303,0.08493346625728417,83.70214238411864,0.3764,3.857
1787312784.2736223,-2.436982074582382,0.38122217275663617,87.64184476390844,-2.6541547748314365,0.11963686493386216,83.74506151080783,0.3400,3.897
1787312784.3463454,-2.4367335373007566,0.38229260607083304,87.67665376034739,-2.63739320552815,0.14632987286257895,83.76190726478369,0.3097,3.915
1787312784.4156237,-2.4366909559997567,0.3835818156241306,87.84502371007346,-2.6281524203750775,0.16271179235858169,83.77502583439315,0.2923,4.070
1787312784.5403104,-2.43754260526655,0.3863027406070866,87.98465020882863,-2.612249614110504,0.16062614865741395,83.73289484968913,0.2854,4.252
1787312784.6713219,-2.4390258793861386,0.3887791058223725,87.60384135773772,-2.6076451224162156,0.1441747933320315,83.67919876399264,0.2971,3.925
1787312784.7392163,-2.4393175992733966,0.38980644910421397,87.58736620346967,-2.604968709978727,0.131765683155613,83.63776728853405,0.3066,3.950
1787312784.8505318,-2.439105426772322,0.3919295065456519,87.5554004111507,-2.599916817073467,0.12173864606885867,83.5909669909704,0.3144,3.964
1787312784.9596913,-2.4383224434123076,0.39388555258100993,87.78467681629346,-2.5901887897450355,0.09360492190481517,83.4735999439348,0.3365,4.311
1787312785.0333197,-2.4380644751328604,0.39473724364320617,87.80182302171376,-2.58452002738161,0.06302614492849108,83.3551017600657,0.3626,4.447
1787312785.1710713,-2.4383733647276737,0.3966023267651947,87.89468983963522,-2.5857473197802756,0.04658896618485541,83.29504818174975,0.3798,4.600
1787312785.2672184,-2.4394843840407483,0.3983954430889849,87.6993593030218,-2.5864783133155473,0.02924606234820079,83.22952583140707,0.3973,4.470
1787312785.3383605,-2.4400983672239143,0.3994761851218606,87.46649568752731,-2.573809665753586,0.01621750323124979,83.17552588717035,0.4059,4.291
1787312785.4654982,-2.4395130887572454,0.4003940831898258,87.33301331030921,-2.5752808349316294,2.7724467160752594e-05,83.10188881767642,0.4228,4.231
1787312785.5742128,-2.438116731574967,0.4007753376170235,87.2724551620898,-2.579636385523273,-0.009199091318550838,83.05175087570291,0.4337,4.221
1787312785.6457968,-2.4380744623245114,0.40046476215374116,87.30201899071862,-2.584885615529489,-0.015324098091810588,82.99591264328188,0.4409,4.306
1787312785.7712247,-2.4389146634252463,0.40044494436132555,87.63290133223852,-2.587227332179631,-0.017276230070037053,82.9734372580437,0.4433,4.659
1787312785.8366797,-2.439870240818003,0.40080708261124204,87.60622451075353,-2.591285970145991,-0.020269501431391165,82.92398478182325,0.4475,4.682
1787312785.9025283,-2.4409826473669027,0.4011379652450887,87.48373211856826,-2.5929276458304464,-0.0011336306199921202,82.90679733864583,0.4300,4.577
1787312786.0379806,-2.442653363824177,0.4019070453418848,87.21026872598802,-2.5929021486146935,0.01940782276882637,82.90280306122848,0.4110,4.307
1787312786.1658068,-2.442825514113601,0.4032076933815523,87.19249269654324,-2.5906718509531568,0.10130236355168173,82.88359730094116,0.3362,4.309
1787312786.2254062,-2.4425485589583555,0.4038785382728106,87.28957358551223,-2.5883752958708643,0.1678861046318401,82.83199383770783,0.2774,4.458
1787312786.369521,-2.4423092113602225,0.4055726395279809,87.83683030967379,-2.5875021833601752,0.20753815087858307,82.7923327774107,0.2456,5.044
1787312786.433089,-2.442702329786386,0.40679654111405894,88.12801621756536,-2.587920710773775,0.260034350590901,82.74477056651014,0.2065,5.383
1787312786.5540686,-2.444211544740397,0.4093493585548061,88.39519860361212,-2.5898813495256205,0.27577643898792537,82.75083070857818,0.1976,5.644
1787312786.61446,-2.444745448036611,0.411038810674587,88.46011030814574,-2.5941131291343282,0.2836110221947832,82.79983245628267,0.1963,5.660
1787312786.7586951,-2.4451057626342503,0.4143749553317019,88.47659731781306,-2.5974087575867992,0.2972708302780816,82.87106025749756,0.1921,5.606
1787312786.8275433,-2.444884071761745,0.4160613977150124,88.50982795313242,-2.6107985760213,0.27948327287736624,83.2144149816612,0.2149,5.295
1787312786.957575,-2.4440179902374557,0.4190870433897348,88.86023276418896,-2.6142017877009054,0.24901886024498593,83.52504269024416,0.2406,5.335
1787312787.0341568,-2.4440876948977257,0.42037896592771984,88.86545959900059,-2.6147050869760244,0.20883727006804195,83.84391799429898,0.2718,5.022
1787312787.1651144,-2.4452433854967586,0.42309068361437024,88.89258686833848,-2.6196134086562077,0.1584585984613396,84.30250509791342,0.3169,4.590
1787312787.2326527,-2.4456199558291742,0.4239652360458342,89.01721316517344,-2.6239835128311224,0.02108702671648883,85.27701439779923,0.4406,3.740
1787312787.35823,-2.445899047903151,0.4255276845831471,89.08334275514478,-2.618899904734612,-0.01880084136231113,85.43967211296466,0.4768,3.644
1787312787.4258208,-2.4455798561063915,0.4263620786376804,89.07002226663037,-2.615793485187844,-0.07162364556186787,85.61323022411777,0.5263,3.457
1787312787.5551891,-2.4443636446565185,0.42795633171099623,89.26680912787074,-2.614290086073941,-0.1029162927061678,85.70224706192404,0.5574,3.565
1787312787.6218257,-2.4439175696609894,0.42816858457311857,89.42475628536879,-2.6110331021701563,-0.15593291429659525,85.81190466649548,0.6075,3.613
1787312787.7572858,-2.443804927721132,0.42876955554502083,89.77052319299138,-2.60769880205568,-0.16923075921671712,85.89723412542678,0.6201,3.873
1787312787.8247948,-2.4441232282583494,0.4290998627515648,89.8674659989576,-2.6031097754367027,-0.162793432202262,86.01660216995626,0.6129,3.851
1787312787.9563506,-2.4446337070295137,0.4290718950226085,89.82347245558194,-2.599101980400235,-0.14741035623312299,86.14624972815913,0.5968,3.677
1787312788.0199163,-2.444470656473492,0.4288770248564789,89.79598796423406,-2.5898872429211837,-0.10495176081977245,86.5654037687351,0.5533,3.231
1787312788.1744437,-2.4426575181746557,0.42850614257767566,89.7865228854907,-2.586822801740909,-0.08552623188182011,86.79381041025191,0.5339,2.993
1787312788.2307682,-2.4422442629698713,0.42864043987688344,89.81014273109031,-2.5854734440109874,-0.0249009452224654,87.2787831807371,0.4756,2.531
1787312788.3667035,-2.442089626702239,0.4289758782779134,89.98313142737689,-2.5945782984983987,0.0547807296544657,87.65842217366792,0.4041,2.325
1787312788.4583175,-2.44286205888988,0.4294617189995942,90.04654275853035,-2.596389163888427,0.11679614671590252,87.86477628858239,0.3483,2.182
1787312788.512627,-2.4433638624043668,0.4296258755804831,89.94716096135903,-2.5930185233521814,0.16203904404144281,87.97908639391945,0.3066,1.968
1787312788.6506438,-2.443761959992783,0.4301811716619589,89.74986918264477,-2.589105288246883,0.20290111910876518,88.04424644316609,0.2698,1.706
1787312788.7695045,-2.443080493836278,0.4311434665747334,89.68456479392955,-2.5790769735480317,0.24068214011772623,88.17095405359892,0.2340,1.514
1787312788.822335,-2.4424702910434077,0.4315756739251458,89.78757280022462,-2.57288340452486,0.2569087896749721,88.24307769440024,0.2180,1.544
1787312788.9529183,-2.4417251290646966,0.4330495362577602,90.00892888341339,-2.7217575369475626,0.28626264655241557,82.45664860393389,0.3162,7.552
1787312789.0350742,-2.4417612778484004,0.4341963971956056,90.03402885828609,-2.732523815911011,0.31075480704395536,82.3540713120577,0.3159,7.680
1787312789.163976,-2.442703630814954,0.436482730223862,89.87351634420064,-2.735817493665016,0.30824230760699745,82.43165453986856,0.3199,7.442
1787312789.226588,-2.4430293301928074,0.4381534067731844,89.838144145694,-2.742264221259023,0.29516253704037704,82.57928166177362,0.3316,7.259
1787312789.3691492,-2.4429496836039095,0.44152873962681993,89.70743399556272,-2.745117709868937,0.288517361475545,82.61345888343523,0.3387,7.094
1787312789.4326835,-2.4423956855632603,0.44322799022939097,89.60922786059557,-2.7523674809698706,0.23891355663680194,82.72427665728198,0.3713,6.885
1787312789.566494,-2.441558393299891,0.4457466746386906,89.62659226078391,-2.756099350441617,0.20349192771954228,82.77939294366607,0.3970,6.847
1787312789.6300867,-2.4416587009129507,0.4467071862882245,89.67996409157664,-2.760179406493584,0.12334251502025018,82.86623712873576,0.4539,6.814
1787312789.734726,-2.4425843682877573,0.4486994170389011,89.72968036196997,-2.766303401809029,0.11486663824013875,82.84596583533583,0.4650,6.884
1787312789.8306813,-2.443855692365798,0.4504589862713322,89.45850186569541,-2.7677905666060334,0.06772275507711753,82.88912102649871,0.5014,6.569
1787312789.9407527,-2.4441440464968367,0.45119510170997507,89.427583554099,-2.7681748121265923,0.008584003214077296,82.93495860617676,0.5485,6.493
1787312790.0600286,-2.4432376587445677,0.45200933882660943,89.328627677203,-2.768133986823694,-0.018011548666141547,82.95520616318275,0.5714,6.373
1787312790.1177804,-2.4424375648069514,0.45233082245345113,89.40984341864294,-2.7669154048878943,-0.060417610467599796,82.98501928493877,0.6068,6.425
1787312790.242699,-2.4414178165504135,0.4524054266436404,89.62201475896833,-2.76076002483005,-0.05457974664941252,83.00362068627362,0.5992,6.618
1787312790.3742826,-2.4417672096458567,0.4522433815339421,89.7354693027114,-2.7552242465035026,-0.04399757450943218,83.03657820930185,0.5870,6.699
1787312790.4359095,-2.442317105999998,0.45214889522792545,89.72129745398303,-2.7520232345662454,-0.03178970690573571,83.0662594985085,0.5746,6.655
1787312790.5462816,-2.4418252448266333,0.4524020191375516,89.61114415886759,-2.7470408036293428,7.395764310026698e-05,83.11432754959354,0.5457,6.497
1787312790.6117709,-2.4412641168299167,0.4526706879715279,89.50043730627304,-2.7382412107731997,0.06976128446070934,83.23910419442372,0.4846,6.261
1787312790.734269,-2.439318440643993,0.4536080931334003,89.48928817746886,-2.7244304844325815,0.1756508610096647,83.44187665208074,0.3982,6.047
1787312790.8392255,-2.4374940460337107,0.4551122610782044,89.6613796381162,-2.7184436404184305,0.21723672147952225,83.52509600729617,0.3681,6.136
1787312790.9523811,-2.436794528068318,0.4573767116857856,89.81006165331465,-2.7124002817623336,0.24942965809038142,83.58303206474697,0.3453,6.227
1787312791.0102475,-2.436798072463719,0.4585522501860872,89.86772495933013,-2.7018702669301247,0.293839169157205,83.62652465529075,0.3121,6.241
1787312791.1486673,-2.437166820303182,0.46069476698456135,89.69456949298393,-2.69918359074654,0.28982767315185204,83.5676646885125,0.3128,6.127
1787312791.2131646,-2.4371422507136784,0.46122774166767005,89.59684126711404,-2.6966915794038635,0.27521949480204666,83.40274251378334,0.3193,6.194
1787312791.345157,-2.4363557686861648,0.4624159615801999,89.41031750240788,-2.695364633117447,0.2563812767502907,83.22186868833363,0.3310,6.188
1787312791.4480283,-2.435005014171774,0.463429706898702,89.45920319274006,-2.6948668576979453,0.2425716221740239,83.10933012395553,0.3410,6.350
1787312791.5617092,-2.4342487340621335,0.46426470390966235,89.71960829409203,-2.694191022931422,0.23648791207955314,83.03973494295496,0.3456,6.680
1787312791.6377478,-2.434173872826716,0.46472993102433013,89.8554617257104,-2.6928779386812103,0.22223770291825887,82.89678539449572,0.3546,6.959
1787312791.753733,-2.4350463101718254,0.46569093185706223,90.1182395308439,-2.6933348023740846,0.21471473342458047,82.84180487790071,0.3601,7.276
1787312791.8610094,-2.43560812803041,0.46643364568348183,90.0078088505506,-2.690272158481583,0.21928197047176687,82.82551584186615,0.3549,7.182
1787312791.9322746,-2.4360640872894805,0.4671357369485225,89.85548709717528,-2.6987897327713997,0.1808562422930349,82.65937493849259,0.3886,7.196
1787312792.0686884,-2.4363209705426687,0.46827448727730464,89.66244087508603,-2.707104828419008,0.16274607071174027,82.62382142542297,0.4083,7.039
1787312792.137408,-2.436630662876575,0.4685408906821201,89.8396912735313,-2.709067413822233,0.15315820909648173,82.59993367639046,0.4168,7.240
1787312792.2657964,-2.4379760788230516,0.4692114779133173,90.29305572945552,-2.7113402577218273,0.14350338481963412,82.58490190684897,0.4252,7.708
1787312792.3342705,-2.4392097740245626,0.4696969883982874,90.3739803430472,-2.712853060394055,0.1405094882233065,82.5718121786178,0.4281,7.802
1787312792.4670086,-2.441792252694459,0.470434356768513,90.17275455806191,-2.713149799519707,0.1496796251066495,82.5562740606334,0.4201,7.616
1787312792.5314555,-2.442360884013798,0.47107797494915077,90.15452464270913,-2.7115924993794147,0.18304531365016474,82.48950560736745,0.3943,7.665
1787312792.6698074,-2.442656524562658,0.4725075380169877,90.20998524321324,-2.7124843696728806,0.1943149841489951,82.45556833526852,0.3876,7.754
1787312792.7674093,-2.4424471656717492,0.47377972293399806,90.40726849925727,-2.712779133258902,0.2081283514438384,82.41046031636596,0.3790,7.997
1787312792.8206248,-2.442578664908504,0.47437509298535263,90.46719771461356,-2.7117936767087127,0.2140447527550449,82.37792655284784,0.3745,8.089
1787312792.9582183,-2.443501384528854,0.47567664554876476,90.59512723229274,-2.714340650992579,0.2370415874867508,82.29256310130086,0.3610,8.303
1787312793.0279343,-2.4443147321569114,0.4763202392594449,90.55903852871944,-2.7178578758162066,0.2505468004995259,82.25021055108661,0.3547,8.309
1787312793.1464427,-2.4453857767121487,0.4778648952228713,90.36867280739197,-2.72407807090028,0.2523127684870295,82.28554760570385,0.3585,8.083
1787312793.2713902,-2.4451691804688167,0.47998991005013397,90.32480943980441,-2.7275174645058597,0.24557929163997444,82.3867274910653,0.3670,7.938
1787312793.3393574,-2.4447545869694354,0.4810459955563387,90.37558399265055,-2.7296759902154903,0.23825591229434495,82.49252150899478,0.3743,7.883
1787312793.4596245,-2.443972670176349,0.4829248178921604,90.5725340923138,-2.731180045241267,0.23350789905216196,82.57231117252464,0.3804,8.000
1787312793.5177999,-2.4438481285243547,0.4838744705536515,90.59793580245146,-2.7330275891060567,0.22406469979320534,82.6965136089835,0.3887,7.901
1787312793.6436887,-2.4444289643962596,0.4858428348212585,90.58932450273221,-2.7397564736797104,0.1980907035962431,83.01256937223611,0.4123,7.577
1787312793.774074,-2.4446492883063757,0.48752932147351274,90.42758007615066,-2.740703080109351,0.18755320523700564,83.11250913571756,0.4215,7.315
1787312793.8418047,-2.444117586379679,0.4883748670849947,90.38646354620137,-2.74207549597858,0.1666091110276899,83.2975901254256,0.4385,7.089
1787312793.9672046,-2.442150846831942,0.49012631324725847,90.2879388530943,-2.743005412378857,0.15911584698999312,83.32612385708815,0.4473,6.962
1787312794.0356236,-2.4408815485972313,0.4909190649077454,90.32755577153782,-2.743468756208798,0.15067818282347728,83.36021161679501,0.4553,6.967
1787312794.1654422,-2.439601294874295,0.4912934231060443,90.39888210436492,-2.7434207729456435,0.14143338055683394,83.40833073659618,0.4634,6.991
1787312794.2315092,-2.4394100694371974,0.49156556211161473,90.44437307795835,-2.7433008544628663,0.15405836215964455,83.27816465629253,0.4542,7.166
1787312794.3660562,-2.439578854823668,0.4920535423143377,90.29358748583758,-2.7421299214050223,0.15851531376273845,83.24573530880765,0.4503,7.048
1787312794.4286218,-2.439553096496233,0.4921943407271165,90.03924885729212,-2.7379076839990555,0.18361335176936439,83.13442489990949,0.4292,6.905
1787312794.5490003,-2.438545431981788,0.49344258391950246,90.09223197670944,-2.7323053037363714,0.20666318501000328,83.09152352283792,0.4105,7.001
1787312794.619604,-2.4376952405100147,0.49414105305501693,90.18948758336411,-2.7303795088254335,0.222235892339364,83.09403797479425,0.3995,7.095
1787312794.7551131,-2.4367513734926303,0.49600881586400847,90.22781128725909,-2.7215980360268825,0.2685248904148018,83.17460677202934,0.3645,7.053
1787312794.8231745,-2.43663288556237,0.497121454992202,90.27641401263013,-2.7207461147843808,0.2739696659682364,83.17125081916852,0.3613,7.105
1787312794.9571955,-2.43730099780969,0.49936510729321243,90.25938624483904,-2.720225326963279,0.27333842704106737,83.13653927276519,0.3621,7.123
1787312795.0269032,-2.437887698045952,0.500353780473614,90.07245031303593,-2.722154619042265,0.26663187883209294,83.00288243519583,0.3680,7.070
1787312795.1524296,-2.4381691173274302,0.5022188599202709,90.02699119340551,-2.7223463345161596,0.26876390278186396,82.98333859963851,0.3678,7.044
1787312795.2591903,-2.437478203463882,0.5041777223690715,90.05108621509933,-2.7241213088789373,0.2492884890869299,82.7578700978919,0.3836,7.293
1787312795.3649552,-2.4365810676336683,0.5058400065262044,90.21083543248473,-2.723872467497586,0.25264309989213835,82.74994273270323,0.3829,7.461
1787312795.4259882,-2.4363981443431815,0.5066126820445667,90.28015997985233,-2.7290852625596087,0.23487649347728148,82.61269659914757,0.3994,7.667
1787312795.5689936,-2.43677167831348,0.5082669324682645,90.40452843439351,-2.733241438125665,0.2189472838393877,82.51748879879727,0.4142,7.887
1787312795.6422634,-2.437293130862294,0.5090517414585777,90.3424979898971,-2.738026030379803,0.20806087177992116,82.48867602854904,0.4255,7.854
1787312795.7582047,-2.437916544234558,0.510424004225581,89.89216293803682,-2.7392065417518134,0.1926512638563229,82.48768109039325,0.4379,7.404
1787312795.8154547,-2.4382224668492714,0.5105418466654903,89.34252141997395,-2.740132613997181,0.1880977479495865,82.4763788963804,0.4417,6.866
1787312795.962068,-2.4381705033226746,0.5109282697990803,88.30596029704012,-2.7434619959636146,0.17051230413546026,82.50678073633291,0.4573,5.799
1787312796.039932,-2.4380940966203757,0.5107375589354347,87.974611190294,-2.7376606689922585,0.14388561177973966,82.6022188217381,0.4736,5.372
1787312796.107618,-2.4382952437587204,0.5106035832664155,87.70749346143604,-2.721845217841451,0.11247193060968227,82.65380759678177,0.4888,5.054
1787312796.2387938,-2.4395213186832305,0.5106647079583605,87.20869952234943,-2.7313626369669293,0.11428005226855173,82.6697463733855,0.4922,4.539
1787312796.3744361,-2.4407509113746144,0.5109343029601129,86.7882648588606,-2.746989453732434,0.12176501117791219,82.71529195938163,0.4952,4.073
1787312796.4413612,-2.4408962736805475,0.5112617462131847,86.74631997893025,-2.8568218988725174,0.22059130667134563,80.14226555723161,0.5074,6.604
1787312796.573255,-2.4404441099190164,0.5119836227217869,86.73322865894814,-2.781026084653391,0.2516600884174677,78.23147565826838,0.4287,8.502
1787312796.6328263,-2.4400264634727935,0.5122399416275634,86.89886644074608,-2.6592026406428526,0.29465533979432385,76.9438892404204,0.3088,9.955
1787312796.7625988,-2.43983084588082,0.5140572680065573,87.06888196446126,-2.6119906388501466,0.3175281009190773,77.75319853932474,0.2613,9.316
1787312796.8333018,-2.440091728509176,0.515030323049583,87.16077283588344,-2.6026977867118823,0.35211199231894624,79.12154378135916,0.2302,8.039
1787312796.9500656,-2.441226113153402,0.5169067273268985,87.06770803900079,-2.593244699337342,0.3513049001484235,77.76246584569479,0.2248,9.305
1787312797.0618358,-2.4416920050819977,0.5185646450267305,86.8598271041279,-2.610240827086449,0.3494457725896199,73.64275419818047,0.2388,13.217
1787312797.1263535,-2.4414900490562674,0.5194159191983826,86.85229692280748,-2.603176025701183,0.36340280994488033,73.47831723906626,0.2247,13.374
1787312797.2551625,-2.440163500607,0.5212099215613364,87.198121440268,-2.5970454920289385,0.3754312033451294,73.33823623998599,0.2142,13.860
1787312797.3272552,-2.439677295964096,0.522533159673907,87.40056963391947,-3.9786489436784276,-0.12915874638145192,-5.408110392342999,1.6713,92.809
1787312797.4526708,-2.43946321246314,0.5252441007306242,87.90163473212537,-4.053858624068261,-0.06406956770323224,-7.058686738949759,1.7186,94.960
1787312797.5143347,-2.4397431385441912,0.5266429895789976,88.10614855370123,-4.053858624068261,-0.06406956770323224,-7.058686738949759,1.7188,95.165
1787312797.644617,-2.4403908398529115,0.5286640210423607,88.2083742117677,-4.169283359986594,0.04114041062864084,-9.597145347525494,1.7963,97.806
1787312797.762481,-2.440129417891485,0.5301322616532451,88.14670721501338,-4.169283359986594,0.04114041062864084,-9.597145347525494,1.7970,97.744
1787312797.8193624,-2.4396765392726074,0.5308997887962134,88.13344208363966,-4.283095404193237,0.15370614190460707,-12.135640310957864,1.8816,100.269
1787312797.9479125,-2.439123710318003,0.5318382252760957,88.23212456952126,-4.283095404193237,0.15370614190460707,-12.135640310957864,1.8823,100.368
1787312798.0224729,-2.439321591765285,0.5320355667791326,88.28807786005396,-4.39487011123611,0.27369383071123926,-14.674318292659455,1.9725,102.962
1787312798.1558723,-2.4406875590174115,0.5326312951088102,88.49572406475181,-4.449169695479523,0.33711116645766703,-15.944173493278956,2.0180,104.440
1787312798.225475,-2.4417292528568173,0.5329044207092285,88.51702328724241,-4.449169695479523,0.33711116645766703,-15.944173493278956,2.0170,104.461
1787312798.373478,-2.443049028471448,0.5336823923416238,88.39109735138841,-4.557045404889988,0.46827505874931363,-18.48276632540709,2.1150,106.874
1787312798.4486692,-2.4431697990704015,0.5343076783649525,88.37965477035638,-4.557045404889988,0.46827505874931363,-18.48276632540709,2.1149,106.862
1787312798.5159576,-2.443002617060548,0.5349494572039217,88.42828070381454,-4.661769032020912,0.60689952881964,-21.02146762549963,2.2199,109.450
1787312798.649,-2.4425952074624226,0.5360925620300842,88.63403345736596,-4.661769032020912,0.60689952881964,-21.02146762549963,2.2203,109.656
1787312798.7277706,-2.442676177508618,0.5367453026454596,88.66581339495158,-4.762878781775408,0.7529473665612362,-23.560097079052852,2.3303,112.226
1787312798.8546762,-2.443740622118952,0.5381626080735609,88.61998650201512,-4.762878781775408,0.7529473665612362,-23.560097079052852,2.3291,112.180
1787312798.9177384,-2.4443756672620305,0.5387456587878886,88.41825906800914,-4.859912215429819,0.9063562260988626,-26.098520386351932,2.4433,114.517
1787312799.0320077,-2.4438737178764116,0.5400766283872991,88.39288738306271,-4.859912215429819,0.9063562260988626,-26.098520386351932,2.4436,114.491
1787312799.1581957,-2.442248439682184,0.5417099552537099,88.4145772694641,-4.952438746378807,1.0670929972621344,-28.63749411938203,2.5646,117.052
1787312799.2364488,-2.44104318018573,0.5425341509325639,88.58879964465618,-4.995931278371931,1.1506535932597586,-29.907032954047626,2.6263,118.496
1787312799.3645544,-2.4397727383351855,0.545393862779403,88.66086350706918,-4.995931278371931,1.1506535932597586,-29.907032954047626,2.6268,118.568
1787312799.4672208,-2.4398300087118,0.5482251671960796,88.74583512251324,-5.080785023413259,1.3220952410124447,-32.44554190597581,2.7520,121.191
1787312799.5191607,-2.440212396867815,0.5494812581495684,88.69340767355204,-5.120129305061275,1.4108940933160343,-33.71497557304806,2.8150,122.408
1787312799.6469223,-2.4401880661399216,0.5508102928761537,88.34927694532144,-5.120129305061275,1.4108940933160343,-33.71497557304806,2.8146,122.064
1787312799.7506857,-2.439160415841535,0.5522449182575789,87.91843654739033,-5.196314654639341,1.592781484120634,-36.25406150600061,2.9470,124.172
1787312799.8586607,-2.437559090047449,0.5535737022143141,87.66653783819295,-5.231936621397146,1.6891566221102146,-37.55746134807544,3.0163,125.224
1787312799.9743583,-2.4371324800427265,0.5542163861133781,87.72613225329776,-5.231936621397146,1.6891566221102146,-37.55746134807544,3.0165,125.284
1787312800.0360498,-2.4372629548634115,0.5546095606480058,87.77027670159696,-5.297398035954008,1.8784590057799135,-40.06167830221465,3.1517,127.832
1787312800.1719012,-2.4381551179523857,0.555456081048619,87.69016100668719,-5.326928850452369,1.9771303842099657,-41.33118384121367,3.2197,129.021
1787312800.233171,-2.4386119813132145,0.555746749234992,87.45518772271853,-5.326928850452369,1.9771303842099657,-41.33118384121367,3.2191,128.786
1787312800.3597298,-2.4386691082044187,0.5568361579400926,87.42496252899053,-5.382692508808489,2.178471155633262,-43.870129305296246,3.3611,131.295
1787312800.4283335,-2.438339675282135,0.5574271059648124,87.4293968393239,-5.406572621955064,2.281678347001302,-45.13967783797526,3.4327,132.569
1787312800.549793,-2.4378795913478606,0.5588304162368828,87.69883906068557,-5.429051865201415,2.389138482632677,-46.443192037907444,3.5067,134.142
1787312800.6592548,-2.4384554801889657,0.5606683195114975,88.08619288108125,-5.429051865201415,2.389138482632677,-46.443192037907444,3.5053,134.529
1787312800.7292495,-2.439202717076763,0.5615554374004817,88.33490310597256,-5.468359698176363,2.5993029690411635,-48.94741871544756,3.6508,137.282
1787312800.8580227,-2.4411198102700626,0.5631575508361003,88.5115320482869,-5.48396763096963,2.70803226958583,-50.216922604261065,3.7228,138.728
1787312800.9722407,-2.442031295850111,0.5646947933349725,88.45183476791372,-5.48396763096963,2.70803226958583,-50.216922604261065,3.7212,138.669
1787312801.0311599,-2.4421704245988898,0.5654965712292814,88.42210471458655,-5.5110207637540745,2.9290841162722114,-52.7568005120253,3.8735,141.179
1787312801.159932,-2.441861003728479,0.5670295767629977,88.57612303233171,-5.5110207637540745,2.9290841162722114,-52.7568005120253,3.8729,141.333
1787312801.2249625,-2.441755734209934,0.5676638070009457,88.82946436475589,-5.528939044342801,3.1548300739773683,-55.29485849363509,4.0279,144.124
1787312801.3443751,-2.4423828825038387,0.5693315653628906,88.85589159904426,-5.528939044342801,3.1548300739773683,-55.29485849363509,4.0264,144.151
1787312801.41447,-2.443079033458771,0.5702148073111278,88.79897701127604,-5.537372173765548,3.385086164032037,-57.8333624696192,4.1831,146.632
1787312801.548589,-2.444542409912751,0.5717576372307924,88.59005416734757,-5.536611694543151,3.502876253974536,-59.11473580023281,4.2606,147.705
1787312801.6556842,-2.4450587358921867,0.5733285015032445,88.49184171939635,-5.536611694543151,3.502876253974536,-59.11473580023281,4.2591,147.607
1787312801.7678118,-2.4448293330742303,0.5749061977656867,88.52783063230885,-5.530118197380526,3.7379644149561386,-61.641251838401914,4.4186,150.169
1787312801.821716,-2.4446038117762905,0.5755704513319689,88.70480034856945,-5.52168552117589,3.8573141762711503,-62.91088814825748,4.4987,151.616
1787312801.9346597,-2.444826561931997,0.5771119287934152,88.74370804936167,-5.52168552117589,3.8573141762711503,-62.91088814825748,4.4974,151.655
1787312802.0533834,-2.4459167354129816,0.5787846880684026,88.75567261683982,-5.499486409006091,4.099124028283908,-65.45632286539437,4.6602,154.212
1787312802.11778,-2.446689741064035,0.5795583755631234,88.63195039881519,-5.499486409006091,4.099124028283908,-65.45632286539437,4.6591,154.088
1787312802.241836,-2.4464781265970923,0.5809399059497905,88.56491062457482,-5.466579811662167,4.342331264940123,-67.98802104465796,4.8238,156.553
1787312802.3606184,-2.4450295521315013,0.5823601805063352,88.36610343431747,-5.466579811662167,4.342331264940123,-67.98802104465796,4.8236,156.354
1787312802.419543,-2.4439432080269214,0.5829842716624551,88.35317626412005,-5.422500618028345,4.588428758122035,-70.52670745499948,4.9915,158.880
1787312802.5366998,-2.4422031821275176,0.584136232863725,88.48166378578193,-5.394836985941721,4.711853141358276,-71.7961507439228,5.0750,160.278
1787312802.6532621,-2.4415500948556463,0.5855027040960752,88.53223445906241,-5.364284866692308,4.835649431521292,-73.06603100197489,5.1581,161.598
1787312802.7747543,-2.441689766452584,0.5868618993751357,88.3675133445864,-2.929384274696929,-0.01843561144467898,-119.17211345552126,0.7773,152.460
1787312802.8365488,-2.4410993338105924,0.5874600883043458,88.36551398438057,-2.9634494665040814,0.026730375953753126,-121.34064568858028,0.7663,150.294
1787312802.9087188,-2.4403081734233405,0.5881212083095984,88.34569400381572,-2.9634494665040814,0.026730375953753126,-121.34064568858028,0.7674,150.314
1787312803.0375843,-2.437870733504644,0.5894372137751861,88.26764163014575,-3.020610972161618,0.10791781697568564,-125.09460581775579,0.7559,146.638
1787312803.1585748,-2.4354511531812078,0.5905987484612043,88.39792963698646,-3.047020849059492,0.15073787990775256,-126.97218857405309,0.7533,144.630
1787312803.2228935,-2.4346999091877106,0.591209188213405,88.47320750575605,-3.0723806412049908,0.19472638052539434,-128.85099301009222,0.7509,142.676
1787312803.3411918,-2.4340143523325297,0.5925603198194476,88.58323177518508,-3.0723806412049908,0.19472638052539434,-128.85099301009222,0.7522,142.566
1787312803.4629252,-2.433844653252648,0.5937322830206004,88.34526111679659,-3.121151118237234,0.28513536035138093,-132.60402216489578,0.7534,139.051
1787312803.5431006,-2.433565577772695,0.5942558649666453,88.11418762678541,-3.1430188269943042,0.3323660372475115,-134.48180280511184,0.7562,137.404
1787312803.6162653,-2.432840779022076,0.5950679221381754,88.12871607746465,-3.1636375950226583,0.38063284769760874,-136.3597459579656,0.7616,135.512
1787312803.7662745,-2.4312965641648137,0.595915943230321,87.76805166351853,-3.182957901068446,0.42989248883554987,-138.23739756059402,0.7698,133.995
1787312803.8214095,-2.430802949830077,0.5962322633406218,87.85885860768279,-3.182957901068446,0.42989248883554987,-138.23739756059402,0.7703,133.904
1787312803.9393556,-2.4308056762300416,0.5969387852539415,88.11514276552498,-3.219196128654769,0.5306766231889196,-141.99163239920972,0.7912,129.893
1787312804.0494945,-2.4323188212766604,0.5979890781475691,87.99432123968316,-3.641794910449314,0.508015539872304,-140.17376669677216,1.2128,131.832
1787312804.169854,-2.4334777308601376,0.5989894108806694,87.76224007849667,-3.6686256061650084,0.5897601385489886,-142.73147108634348,1.2352,129.506
1787312804.2380402,-2.4336037033792883,0.599612740341029,87.73245495026912,-3.6686256061650084,0.5897601385489886,-142.73147108634348,1.2351,129.536
1787312804.3548696,-2.433154661039909,0.6009011449652625,87.77767016122768,-3.7029264612834147,0.7107144731314844,-146.41896203173502,1.2745,125.803
1787312804.4152112,-2.4328046720219443,0.6014212629729497,87.97180454943695,-3.7165696436205926,0.7731072661363023,-148.27015755712227,1.2952,123.758
1787312804.53226,-2.432987293928864,0.6034308289367456,88.02735114194262,-3.7165696436205926,0.7731072661363023,-148.27015755712227,1.2947,123.702
1787312804.6652544,-2.4341964449223292,0.6055703905917349,88.10633916267929,-3.74048312829242,0.9000452176940539,-151.9705364015543,1.3391,119.923
1787312804.72532,-2.4350052493431598,0.6065478416883847,87.99494866208026,-3.74048312829242,0.9000452176940539,-151.9705364015543,1.3381,120.035
1787312804.8609297,-2.435762026649876,0.6092576357066107,87.75559995368617,-3.756946843376435,1.0302046756815026,-155.67135836663738,1.3866,116.573
1787312804.9387536,-2.435032401639239,0.6111274871542063,87.78148364308284,-3.7612121980147086,1.0964526858606523,-157.52266550032058,1.4122,114.696
1787312805.056799,-2.434480985932573,0.6126723440929951,87.88024201548286,-3.7612121980147086,1.0964526858606523,-157.52266550032058,1.4122,114.597
1787312805.120547,-2.434607619268351,0.6132674862139229,87.97407057170314,-3.765906598730711,1.2305913951072884,-161.2235967049611,1.4675,110.802
1787312805.2529392,-2.43565095256956,0.6146361645129453,88.25410654951378,-3.7640952891789934,1.2984654375429223,-163.07492908051395,1.4941,108.671
1787312805.361932,-2.437543186076196,0.6159805584684123,88.30349672220382,-3.7640952891789934,1.2984654375429223,-163.07492908051395,1.4918,108.622
1787312805.4235759,-2.438181269787258,0.6165821171509489,88.27615612479276,-3.756334092925764,1.436642153878735,-166.80660329085418,1.5524,104.917
1787312805.550376,-2.438765275530987,0.6178558560111258,88.15822236902476,-3.756334092925764,1.436642153878735,-166.80660329085418,1.5513,105.035
1787312805.6724021,-2.4384425896524724,0.6191476120891184,88.20483172899382,-3.7401411165934224,1.5738013981704233,-170.47667088769506,1.6142,101.318
1787312805.733671,-2.438232141370669,0.6196630177813114,88.39729274696677,-3.7401411165934224,1.5738013981704233,-170.47667088769506,1.6141,101.126
1787312805.8484077,-2.438730472650226,0.6210202168453965,88.63240103091938,-3.715124130228529,1.71288477660412,-174.1783754669494,1.6797,97.189
1787312805.9602194,-2.440499369894749,0.6228551388294882,88.52111954865666,-3.715124130228529,1.71288477660412,-174.1783754669494,1.6772,97.301
1787312806.0227854,-2.441511910709913,0.6236737792487916,88.32753260862917,-3.681196162551158,1.852094174413057,-177.8786794925553,1.7452,93.794
1787312806.1531131,-2.4426502144650106,0.6251740944808576,88.24775963320268,-3.6597204518676243,1.9212574248311838,-179.72933668510737,1.7779,92.023
1787312806.213116,-2.4428052685991,0.6259726308988197,88.2001177770106,-3.6359671044482824,1.9902263441661268,178.41956079950296,1.8124,90.219
1787312806.3312893,-2.442594102301021,0.6274801011338872,88.31845357742354,-3.6359671044482824,1.9902263441661268,178.41956079950296,1.8114,90.101
1787312806.4518912,-2.442659390026084,0.6288868533327382,88.54848604276177,-3.5838609702896016,2.128028057608355,174.7195041960355,1.8841,86.171
1787312806.571918,-2.443791684043802,0.6305604818705212,88.62875558492901,-3.553245317944666,2.195918142271758,172.8681843673944,1.9187,84.239
1787312806.631289,-2.444673935281933,0.6313565444383625,88.59981977756097,-3.553245317944666,2.195918142271758,172.8681843673944,1.9175,84.268
1787312806.753493,-2.4447712123685794,0.6325687877991676,88.48897812122121,-3.487338441988126,2.3311184934118994,169.16705798240275,1.9930,80.678
1787312806.8638124,-2.4439286265508553,0.6338649879179465,88.22444969262608,-3.449862720744466,2.397207585826115,167.3162686031391,2.0301,79.092
1787312806.9259558,-2.4429585222184858,0.6344286817487843,88.09802435682926,-3.449862720744466,2.397207585826115,167.3162686031391,2.0301,79.218
1787312807.0532613,-2.4410882957334663,0.6348621572837854,88.16451938472726,-3.3702116781088503,2.5283398608072725,163.615795582846,2.1092,75.451
1787312807.1231437,-2.4405217662726306,0.6348685291781669,88.2650765619115,-3.3259315368135707,2.5919398510632066,161.76505994433697,2.1480,73.500
1787312807.2464583,-2.440304081256247,0.6350692502401156,88.40372849145594,-3.3259315368135707,2.5919398510632066,161.76505994433697,2.1479,73.361
1787312807.3591976,-2.4402135110579097,0.6357897771573773,88.32362683383388,-3.232687165912956,2.717624812350746,158.06408421481498,2.2276,69.740
1787312807.4200866,-2.439819366505223,0.6364697892913245,88.27166682713307,-3.232687165912956,2.717624812350746,158.06408421481498,2.2271,69.792
1787312807.545392,-2.4383205627763447,0.6379184579914481,88.18379028369135,-3.1305190240662717,2.8389195462478525,154.36173650455268,2.3073,66.178
1787312807.6618028,-2.436337578876512,0.6391900582528173,88.42034276414543,-3.1305190240662717,2.8389195462478525,154.36173650455268,2.3067,65.941
1787312807.774551,-2.4353934569285274,0.6405566359089225,88.47866234147642,-3.019715649486135,2.9550715369151064,150.6616881546584,2.3871,62.183
1787312807.8334053,-2.435283934240532,0.6413048653990328,88.50705326114766,-2.9602068659574243,3.010114623224605,148.8108544170652,2.4263,60.304
1787312807.943697,-2.4356077875704205,0.6427434023056152,88.34116530885643,-2.8986457085080675,3.063617266285454,146.96024019490994,2.4648,58.619
1787312808.0085948,-2.435754052739789,0.6433409075054919,88.1113664524104,-2.8350400487865985,3.115528656680597,145.10896946207535,2.5042,56.998
1787312808.144733,-2.435284393313576,0.6448289704415262,88.0915118843243,-2.8350400487865985,3.115528656680597,145.10896946207535,2.5028,57.017
1787312808.26248,-2.4337455991826524,0.6464242658288314,88.36524091125088,-2.703597210611376,3.2163177847184055,141.40850815593436,2.5840,53.043
1787312808.3245378,-2.4336331088516427,0.6470521264680116,88.38226986334776,-2.6339000419280967,3.2631360805354443,139.5499110074544,2.6237,51.168
1787312808.4638772,-2.4340832165798423,0.6483575624271153,88.54660256729946,-2.6339000419280967,3.2631360805354443,139.5499110074544,2.6224,51.003
1787312808.5319917,-2.434682599517584,0.6490878171426163,88.60658944968993,-2.491351913877771,3.3526973127331807,135.8571236923218,2.7042,47.251
1787312808.6652277,-2.4361722237156256,0.6503218396360005,88.3572585088178,-2.4164193926423345,3.393474299895272,134.00264600215905,2.7432,45.645
1787312808.7315671,-2.4363518959606547,0.6510531293767182,88.34582855094285,-2.4164193926423345,3.393474299895272,134.00264600215905,2.7425,45.657
1787312808.869769,-2.435910843683573,0.6526159652227741,88.39935990685012,-2.26322667201751,3.470872308855914,130.30485670706682,2.8235,41.905
1787312808.934466,-2.435358283192219,0.6533371958018603,88.60123421655067,-2.26322667201751,3.470872308855914,130.30485670706682,2.8228,41.704
1787312809.0535123,-2.4347680255823967,0.6547245981250308,88.67785678082868,-2.1035227727829233,3.53946392521331,126.60416679915502,2.9037,37.926
1787312809.1546814,-2.4350536326646215,0.6562454739482997,88.75957419384507,-2.0208236005927103,3.568981524136082,124.75092477623438,2.9420,35.991
1787312809.2655807,-2.435893075308819,0.6576370849129285,88.54943059447949,-2.0208236005927103,3.568981524136082,124.75092477623438,2.9408,36.201
1787312809.3182392,-2.4360703141202396,0.6583049199169513,88.53272549601188,-4.707783334496587,-0.4905197468891853,128.4849181982535,2.5457,39.952
1787312809.4389372,-2.435755627992099,0.6597181042985041,88.43697874076528,-4.753487403048413,-0.4839409424445237,125.98474384419305,2.5845,37.548
1787312809.5597596,-2.4346004194188824,0.6611411486798069,88.50732891917232,-4.753487403048413,-0.4839409424445237,125.98474384419305,2.5862,37.477
1787312809.6207025,-2.4339909705258895,0.6617192634614711,88.71264581310824,-4.825772664394152,-0.47021605566702707,122.06057668939869,2.6461,33.348
1787312809.7463877,-2.433543821660765,0.6631643466765943,88.75196134502606,-4.825772664394152,-0.47021605566702707,122.06057668939869,2.6471,33.309
1787312809.8523507,-2.4340017670380254,0.6647302955267631,88.70150634729598,-4.897945195391154,-0.45122097533237543,118.15161781766024,2.7049,29.450
1787312809.9611597,-2.4346076147600595,0.6660873018235721,88.49768432507655,-4.933844264171583,-0.43906614888836765,116.19278063483459,2.7327,27.695
1787312810.0539162,-2.4344090980140742,0.6675259583537965,88.39882658481326,-4.933844264171583,-0.43906614888836765,116.19278063483459,2.7334,27.794
1787312810.1280565,-2.433614459297824,0.6690114157663076,88.350275733556,-5.005665365734548,-0.411907422712101,112.27632569174988,2.7900,23.926
1787312810.2276502,-2.432486133930916,0.6703266699748595,88.54734195643087,-5.041017558901255,-0.39566313640814355,110.31757930511165,2.8179,21.770
1787312810.3349593,-2.4320972778217356,0.6716304501728021,88.62177337715619,-5.041017558901255,-0.39566313640814355,110.31757930511165,2.8188,21.696
1787312810.4418535,-2.432553978578368,0.6730743020754099,88.72168833118567,-5.11145811620252,-0.3602588052502526,106.3991384206545,2.8713,17.677
1787312810.5653896,-2.433621910483118,0.6744257293821413,88.54129659452803,-5.11145811620252,-0.3602588052502526,106.3991384206545,2.8708,17.858
1787312810.6263802,-2.4340179406702123,0.674990117163641,88.29208482135994,-5.180377060068064,-0.31939589141759567,102.48351323642936,2.9208,14.191
1787312810.7510984,-2.433766363508443,0.6764351930833951,88.28440784568828,-5.213769594901308,-0.2963389682709107,100.52497072992735,2.9453,12.241
1787312810.8736749,-2.433126220689285,0.677445723277872,88.21467249904104,-5.246616254488734,-0.2719342449998094,98.56615820465127,2.9694,10.351
1787312810.9289742,-2.433130235520472,0.677741869039243,88.26769946295748,-5.246616254488734,-0.2719342449998094,98.56615820465127,2.9694,10.298
1787312811.063885,-2.433819568786232,0.6787716878803264,88.31440176429908,-5.311334401982748,-0.22024549119734124,94.64956783110142,3.0147,6.335
1787312811.1744542,-2.43561318115936,0.6800578778994748,88.05937281667983,-5.342207819196391,-0.1918840090102364,92.6909601456279,3.0346,4.632
1787312811.230924,-2.4365249830474123,0.6805765207839596,87.77058495671574,-5.342207819196391,-0.1918840090102364,92.6909601456279,3.0338,4.920
1787312811.3511233,-2.437222217760159,0.6819103114703531,87.72244303343346,-5.402650011426753,-0.13234011788779157,88.77409458285683,3.0752,1.052
1787312811.419944,-2.4371155084953897,0.6826787305048015,87.7512741432415,-5.402650011426753,-0.13234011788779157,88.77409458285683,3.0755,1.023
1787312811.5425084,-2.436401405701488,0.6840550510666492,88.10228407581138,-5.459708930033797,-0.06775437546667787,84.85756474662698,3.1154,3.245
1787312811.653556,-2.4365260836237175,0.6865598528734943,88.55567073893528,-5.486273882984728,-0.033139577768558526,82.8975085916904,3.1335,5.658
1787312811.7670271,-2.4375577777941952,0.6890948136661157,88.99346109740148,-5.486273882984728,-0.033139577768558526,82.8975085916904,3.1331,6.096
1787312811.8274765,-2.4383251381688607,0.6902636865516771,89.1073866650619,-5.537497405241406,0.03865577875236139,78.9809277364639,3.1669,10.126
1787312811.9460683,-2.438970888325277,0.691230401681055,89.01918572848035,-5.537497405241406,0.03865577875236139,78.9809277364639,3.1665,10.038
1787312812.0731366,-2.4386950317820495,0.6923183228603388,88.8916600984131,-5.5843387883720395,0.11497100528879342,75.06407318047826,3.1982,13.828
1787312812.1332507,-2.4382868530793274,0.692859737556209,88.90029121819286,-5.5843387883720395,0.11497100528879342,75.06407318047826,3.1987,13.836
1787312812.250431,-2.4375834620268706,0.6938654910300613,89.0731752655745,-5.6264090889236815,0.19552336792619393,71.14763745030547,3.2275,17.926
1787312812.3616679,-2.437833456635305,0.6951400532772515,89.15501372762212,-5.644826090544769,0.23762664160259836,69.18885389128509,3.2395,19.966
1787312812.4220104,-2.438315641301301,0.6958212099356638,89.1455858974169,-5.644826090544769,0.23762664160259836,69.18885389128509,3.2391,19.957
1787312812.5304055,-2.439435773642361,0.6969541151854944,88.81273245832283,-5.679074261641513,0.32398206175104455,65.27207125152043,3.2610,23.541
1787312812.6362643,-2.439769703314182,0.6983368370620407,88.77788944456016,-5.679074261641513,0.32398206175104455,65.27207125152043,3.2609,23.506
1787312812.7588599,-2.439327712975682,0.6997899904660777,88.79972778479554,-5.707689516429819,0.4137960029895724,61.35443251103414,3.2809,27.445
1787312812.8729553,-2.438532192618461,0.700998395541098,89.21801698446014,-5.707689516429819,0.4137960029895724,61.35443251103414,3.2817,27.864
1787312812.9364712,-2.4385091019025174,0.7017380387067323,89.22672161584718,-5.7303427694311,0.506640930407163,57.43830091675324,3.2976,31.788
1787312813.0702314,-2.4392636939131256,0.703337895224131,89.2155981693032,-5.738538071094863,0.5542639357178566,55.47880646040505,3.3026,33.737
1787312813.131605,-2.4399106271049575,0.7040858707698175,89.0810279811084,-5.745154085126443,0.602661643321885,53.51173825849159,3.3068,35.569
1787312813.2568326,-2.4408444787383337,0.7054378619091981,88.98888500411817,-5.745154085126443,0.602661643321885,53.51173825849159,3.3059,35.477
1787312813.3250148,-2.440938121547075,0.7061529502147668,88.92017134824168,-5.7550391176093125,0.7002015666584916,49.6042104255417,3.3141,39.316
1787312813.4482114,-2.440469406318541,0.7075966695275943,88.93555925628101,-5.756641485030191,0.7498202464704861,47.64558752250182,3.3164,41.290
1787312813.5668588,-2.440148563538974,0.7089330592160509,89.13120356754393,-5.756529457577363,0.7998003134080217,45.68697090625576,3.3176,43.444
1787312813.6235719,-2.4403427828083313,0.7097193160102565,89.14807682788842,-5.756529457577363,0.7998003134080217,45.68697090625576,3.3174,43.461
1787312813.7384858,-2.4413811362500506,0.7113547911904555,89.08092272608046,-5.752801959376586,0.9006983435323983,41.76977474822068,3.3168,47.311
1787312813.848133,-2.4425391234709823,0.7127334150765176,88.86742513543678,-5.7474180819682985,0.9514027905630615,39.811087488780466,3.3135,49.056
1787312813.9260461,-2.44282466118872,0.7134277988656899,88.81390914003546,-5.7474180819682985,0.9514027905630615,39.811087488780466,3.3132,49.003
1787312814.0621216,-2.4425479653993465,0.7149091928480364,88.75655164944257,-5.7329933997299545,1.0534283642862974,35.891683118895976,3.3078,52.865
1787312814.1752956,-2.4419255390076207,0.7161331345358285,89.12296550706894,-5.7329933997299545,1.0534283642862974,35.891683118895976,3.3083,53.231
1787312814.2401154,-2.441875284133244,0.7167424725382512,89.37610086724605,-5.711316373200496,1.155387625773966,31.977761322851666,3.2987,57.398
1787312814.3681412,-2.441768231647261,0.7184215335444137,89.678648152357,-5.696841226217714,1.2060589867740545,30.01796893906533,3.2914,59.661
1787312814.428155,-2.4416835848649763,0.7189385399875339,89.83982008294448,-5.696841226217714,1.2060589867740545,30.01796893906533,3.2914,59.822
1787312814.5533884,-2.4409165870163143,0.719948704126586,89.80604872614005,-5.664118579889936,1.3071979609195976,26.10221547291015,3.2763,63.704
1787312814.6190917,-2.440153526669353,0.7205510479557227,89.76118492511158,-5.644124893635876,1.3570100396570075,24.14357329820321,3.2666,65.618
1787312814.7338734,-2.4378492532576224,0.7216290759143184,89.73879507707069,-5.644124893635876,1.3570100396570075,24.14357329820321,3.2686,65.595
1787312814.857146,-2.436005269372575,0.722685657994693,89.9014467380493,-5.600307945397985,1.4561071225383602,20.226481038738946,3.2482,69.675
1787312814.9254303,-2.4356051338623295,0.7233449911942161,89.94008543996048,-5.600307945397985,1.4561071225383602,20.226481038738946,3.2484,69.714
1787312815.0483904,-2.4356843438953906,0.7248015193983246,89.91067181402593,-5.549145773442063,1.5531335168691527,16.309614242111127,3.2218,73.601
1787312815.112162,-2.435857513293782,0.7254240276017685,89.74981913420254,-5.520020090520509,1.600212105258317,14.350776412979569,3.2058,75.399
1787312815.2448604,-2.4354411472986124,0.727750123536585,89.11626725504013,-5.520020090520509,1.600212105258317,14.350776412979569,3.2056,74.765
1787312815.3643913,-2.434068124972887,0.7301313594568544,88.5942851469139,-5.457992477594581,1.6931282395900271,10.43343859644066,3.1736,78.161
1787312815.4238079,-2.4332468238882896,0.7311894699095125,88.49911224498447,-5.457992477594581,1.6931282395900271,10.43343859644066,3.1740,78.066
1787312815.5403032,-2.4326093125296206,0.7330455591644394,88.561211588141,-5.388901109946685,1.7826071664930265,6.5165216817275065,3.1371,82.045
1787312815.6637218,-2.4329614407456743,0.7350322176872948,88.59283968530956,-5.388901109946685,1.7826071664930265,6.5165216817275065,3.1361,82.076
1787312815.7270272,-2.4333676412522496,0.7359584396161809,88.4843545995743,-5.312937093799547,1.8681062536821393,2.60035097614671,3.0941,85.884
1787312815.856741,-2.4337257560767034,0.7376761274843745,88.2544357303371,-5.271740219785321,1.9085077581343897,0.6418380626212047,3.0700,87.613
1787312815.9208934,-2.433499772934562,0.7385879908022978,88.24397810743868,-5.181937994498118,1.0317230189123068,2.398302852777732,2.7640,85.846
1787312816.0433784,-2.4323678231255697,0.7403648917948018,88.34927374010202,-5.149903909714208,1.0703744868367793,-0.49347171928598277,2.7375,88.843
1787312816.1708715,-2.4324582728903827,0.7410994807021175,88.37672533886649,-5.126693952156607,1.0956325654256858,-2.456875526254205,2.7175,90.834
1787312816.2332964,-2.432927099923043,0.7415464818142121,88.4490356088355,-5.102446364110425,1.1202441734476232,-4.424279592983636,2.6962,92.873
1787312816.3545153,-2.4348201111415975,0.7423770855846631,88.43007105149853,-5.102446364110425,1.1202441734476232,-4.424279592983636,2.6943,92.854
1787312816.4150577,-2.4358039804020666,0.7426674271475815,88.24196168269278,-5.052072213931533,1.1679071767359388,-8.343242565631357,2.6506,96.585
1787312816.537109,-2.436548529226903,0.7438264014405015,88.18906326593736,-5.025041266339175,1.1901534412420336,-10.306624137922647,2.6267,98.496
1787312816.6603842,-2.4363389537175406,0.745151371694317,88.254142964817,-5.025041266339175,1.1901534412420336,-10.306624137922647,2.6267,98.561
1787312816.730001,-2.436036005834793,0.7457024548856989,88.45739277472872,-5.990758273501347,-0.06573838905891471,38.436413037401046,3.6462,50.021
1787312816.8736615,-2.4362880515560708,0.7480951784390929,88.820971372407,-6.030297121751592,-0.05789961700780978,38.31020605675141,3.6833,50.511
1787312816.9340687,-2.4368715534109713,0.7493682308643667,88.9869278273022,-6.0529257210041845,-0.06595050972794174,37.59043980938008,3.7068,51.396
1787312817.0558257,-2.43835378691866,0.7517037964362105,89.04125726072898,-6.069506374586578,-0.07073427999364938,36.99640398884001,3.7231,52.045
1787312817.1216738,-2.4387289312494826,0.7526709480527081,89.0228936221688,-6.090809307610557,-0.06682380403187527,35.50027845668619,3.7429,53.523
1787312817.253465,-2.438613748041118,0.7547075892919223,88.95008507544743,-6.13124907942261,-0.049992754744482476,33.37989918254521,3.7793,55.570
1787312817.3175833,-2.438217419171398,0.7557009047657399,88.9906387862938,-6.151389087671458,-0.03161718810252097,32.2173961777017,3.7957,56.773
1787312817.4447756,-2.4375000755998624,0.7570267067965317,89.26707356450962,-6.183110671870613,0.018406111239511642,29.7403932354499,3.8177,59.527
1787312817.5682995,-2.437700497247509,0.7580726643947983,89.48537174203055,-6.217750732636261,0.045888825093006055,28.19464250569047,3.8466,61.291
1787312817.630445,-2.43809792371593,0.7586164781175277,89.52980767712276,-6.23838700146671,0.09335411553437262,26.01918234028908,3.8581,63.511
1787312817.767177,-2.438913053224724,0.7596567594902843,89.43213776105554,-6.255267426167827,0.13674087261050044,24.460431406830146,3.8669,64.972
1787312817.8356736,-2.438921334549615,0.7602911804381005,89.38527873853715,-6.2873295430808165,0.23030131693985748,20.940618361229458,3.8847,68.445
1787312817.9698172,-2.4382021065189075,0.7616287138783474,89.39517293507026,-6.29980618438724,0.2735783958324154,19.593246123328157,3.8923,69.802
1787312818.0396967,-2.437693114947072,0.7621909172595102,89.55634379928672,-6.332499969692636,0.37712219717647805,16.054756733406336,3.9138,73.502
1787312818.1645374,-2.437583414236059,0.7634104371750059,89.82058382984887,-6.3659541306856156,0.42685637305762886,13.953659194061785,3.9428,75.867
1787312818.2280707,-2.4380220546244304,0.7641214238472049,89.85231865372711,-6.3874196750937635,0.522577583458133,11.577615328293827,3.9568,78.275
1787312818.356552,-2.4393276518246,0.7653691714828683,89.59304661177362,-6.407734005638598,0.5776135990458517,10.470475123759993,3.9728,79.123
1787312818.4700234,-2.4398419277032497,0.7667652252332626,89.5458192404969,-6.4246402293066724,0.6485856225800979,8.467636387156299,3.9866,81.078
1787312818.5678272,-2.439345963978982,0.768384928969106,89.63009488776943,-6.443696003479895,0.7916523971604236,4.131803907307804,4.0044,85.498
1787312818.6224358,-2.4388850071087593,0.7691494323331906,89.78677148272006,-6.447267439657619,0.869753128053099,1.7630336651298342,4.0096,88.024
1787312818.7374868,-2.4383161120552304,0.7705550400831027,90.07269999246499,-6.455867277743039,0.9486268057210419,0.0823209721652989,4.0215,89.990
1787312818.8615918,-2.4389042845453055,0.7722272813557585,90.0890710674842,-6.463193202491202,1.0100116045926344,-0.8690152054580008,4.0313,90.958
1787312818.9290879,-2.4395318750390196,0.7731127408803732,90.03309422494702,-6.474042295318974,1.156589888533858,-3.568548359717799,4.0527,93.602
1787312819.059362,-2.4405860343114725,0.774956102358547,89.80147506855187,-6.470294687379617,1.2103202348865418,-4.900608092170808,4.0532,94.702
1787312819.1294148,-2.4406378159531226,0.7760608169406343,89.76159320592606,-6.454591257314562,1.3488157671350127,-8.614586168424127,4.0546,98.376
1787312819.2509294,-2.4400091029249227,0.7783226757163392,89.75488256912311,-6.459603157526125,1.4068923555631931,-8.62723252328933,4.0684,98.382
1787312819.3152955,-2.4394990513914268,0.7793308394942449,89.92269758579606,-6.461716194863241,1.5061327738321968,-9.303297008284927,4.0874,99.226
1787312819.4310637,-2.4392440706230203,0.7811604349999143,89.98079222475856,-6.470962685220022,1.6002569684881502,-9.324660416424972,4.1141,99.305
1787312819.543047,-2.439935376503455,0.7830897633206664,90.00838092150049,-6.478377262962145,1.673304243013213,-9.632891556023264,4.1354,99.641
1787312819.6551359,-2.441002325737893,0.7847905147169858,89.70095461486002,-6.479307444980667,1.7121551773538768,-10.14432573849394,4.1434,99.845
1787312819.7168434,-2.441264598044178,0.7856045835740042,89.684651408628,-6.474589443028685,1.7665778394409721,-11.582414611388328,4.1509,101.267
1787312819.829642,-2.440931842122483,0.7873536025663085,89.6087181742215,-6.470174918853663,1.8284899201440694,-12.94573087813702,4.1616,102.554
1787312819.9304903,-2.439932955369984,0.7890175707078292,89.71897449454843,-6.462325516823143,1.870769048476562,-14.140153888669934,4.1653,103.859
1787312820.057154,-2.439292076210177,0.7905191525331854,89.92912696703465,-6.459711491771964,1.940379203262281,-14.663140368246404,4.1816,104.592
1787312820.1736572,-2.4398527458229102,0.7922095359297086,90.0381600624513,-6.460010694000556,2.040356348213479,-15.229279381721133,4.2095,105.267
1787312820.242,-2.440481841155386,0.793021907926352,90.03766137843738,-6.4501135349292005,2.1107984597171536,-16.44979853152418,4.2206,106.487
1787312820.3566756,-2.441316644630938,0.7941564882230835,89.88817205281404,-6.442225476062694,2.13903018683158,-17.282204368140786,4.2209,107.170
1787312820.4293122,-2.4412878663892608,0.7946332328044233,89.86721420221826,-6.409895660289746,2.216032348846799,-20.105292578356394,4.2155,109.973
1787312820.552241,-2.4403275624419933,0.795635750065616,89.77530239473033,-6.395306603027339,2.234245096806464,-21.295303180652272,4.2085,111.071
1787312820.6165776,-2.4396860555195823,0.7960406755239083,89.88888841899791,-6.352805993298121,2.3000246246939158,-24.331108433065666,4.1922,114.220
1787312820.732378,-2.4392254236838413,0.797194095591099,89.94904414385792,-6.313057146538478,2.356223240488717,-26.778398961275723,4.1758,116.727
1787312820.8533654,-2.439655525305856,0.7984755660694592,89.96639912458254,-6.268155241723716,2.399125909847782,-29.43603274908781,4.1496,119.402
1787312820.9185681,-2.44008994063147,0.7990414400510796,89.83479171143527,-6.238820727106946,2.417827154133191,-31.16187398627758,4.1293,120.997
1787312821.0522573,-2.4403528555482152,0.8002548401474273,89.57900770012745,-6.184553292098953,2.4836646507726448,-33.59648962822176,4.1052,123.175
1787312821.1727648,-2.4394698220485043,0.8018536609545406,89.64773765380136,-6.141075256132434,2.5382215596075928,-35.3481632873863,4.0886,124.996
1787312821.237737,-2.438745815809035,0.8026132576070071,89.82727521228512,-6.093906729405617,2.588063043068798,-37.2775112036115,4.0679,127.105
1787312821.3660254,-2.4378579638197397,0.8039962280309685,89.92044463909627,-6.066250138420376,2.6199155565043655,-38.24543991719235,4.0574,128.166
1787312821.4259863,-2.4378140766372756,0.8047392684473774,89.98844782455257,-6.003004001904471,2.6823483395816567,-40.5759886118798,4.0294,130.564
1787312821.5438554,-2.438326007554842,0.8062164486702692,89.94858188004288,-5.95219383272224,2.752900834123663,-41.49257560104608,4.0171,131.441
1787312821.6524558,-2.438674008604944,0.8075443007071912,89.75186254806404,-5.927559119289684,2.7851640340949735,-41.98060837124444,4.0104,131.732
1787312821.7706418,-2.4381472701505804,0.8090835291086134,89.71899063678987,-5.889764940377229,2.841825638464518,-42.461240555284874,4.0057,132.180
1787312821.826474,-2.4375748208507138,0.8098672314424027,89.76450151503558,-5.850711786123048,2.8802646791437754,-43.879343908924,3.9920,133.644
1787312821.9548013,-2.43634602150782,0.8111887388181677,90.17051328549641,-5.80234738606859,2.919160488926901,-45.83617626777089,3.9716,136.007
1787312822.0158892,-2.4362234638032465,0.8119962961561217,90.17954793932404,-5.7745470786382,2.940143829260382,-46.89715298635293,3.9590,137.077
1787312822.1390657,-2.4367619103954494,0.8137199168175263,90.13426518721626,-5.720225517399544,2.989099387621799,-48.496830863858776,3.9387,138.631
1787312822.2683768,-2.437788232925464,0.8152467700750629,89.68407106225848,-5.694946264891407,3.009724985238831,-49.30314480088265,3.9274,138.987
1787312822.3342793,-2.4379589152960923,0.8160382225525729,89.67300321480465,-5.640527775810683,3.0373356180032247,-51.6763795246356,3.8975,141.349
1787312822.464373,-2.437355242037705,0.8178175300376315,89.74512575451995,-5.5847088882437275,3.0855277238201517,-53.12010429237298,3.8792,142.865
1787312822.5351553,-2.4366870078249874,0.8186969194491983,89.92386813559531,-5.546880408518905,3.1075327808027686,-54.43559154082383,3.8616,144.359
1787312822.6073325,-2.4361935538064454,0.8194499124437812,89.9489201584127,-5.526895076711642,3.1147695804670303,-55.34357940438058,3.8498,145.292
1787312822.7433684,-2.4360555838997433,0.8210668532441061,90.08129584804806,-5.461619585227418,3.1506007856331,-57.548031337142625,3.8185,147.629
1787312822.867591,-2.4367584384821073,0.8226506906754123,89.98599462164657,-5.429305723085597,3.1704879964848525,-58.468710088496714,3.8036,148.455
1787312822.9305294,-2.4370201851730107,0.8233096459060792,89.7566967798617,-5.388907612602781,3.1982291566716143,-59.47511863948344,3.7887,149.232
1787312823.0520568,-2.4366067716810282,0.8249158551170731,89.73080124944059,-5.328934336328159,3.244209957298223,-61.0799762412295,3.7707,150.811
1787312823.113719,-2.435990797864778,0.8257499755054042,89.77621387244001,-5.306551567672681,3.2640534860995047,-61.56619437290573,3.7664,151.342
1787312823.2380633,-2.4346900095862716,0.8271960321564596,89.95772155722426,-5.250826854443198,3.2925037450149257,-63.50977841814748,3.7428,153.467
1787312823.354622,-2.4342899726678944,0.8286253842303332,90.11335250896751,-5.2196430811719985,3.307744510277052,-64.52300527561806,3.7288,154.636
1787312823.4683752,-2.4348000918076496,0.8301294090298019,90.13893722349725,-5.17276267158974,3.3346747720225256,-65.81568599172289,3.7107,155.955
1787312823.5315745,-2.435162108962155,0.8307591111215358,89.99139329862265,-5.1330235775561315,3.359529177832446,-66.84921110611931,3.6977,156.841
1787312823.6650453,-2.435226933173316,0.831161265922592,89.77404020511223,-5.100624968175523,3.375259479568308,-67.85799909584749,3.6847,157.632
1787312823.7281783,-2.4348823997783593,0.831443023356503,89.66594775424551,-5.062887380634642,3.390446589237909,-69.32575751840571,3.6681,158.992
1787312823.8597522,-2.4337252132906992,0.8319067082861955,89.72478627849833,-5.01402037452012,3.3751827211383905,-71.59602278356068,3.6230,161.321
1787312823.9255185,-2.43333586820697,0.8323659579187777,89.74576847386192,-4.998737757487676,3.3613153439014596,-72.52838394150507,3.6023,162.274
1787312824.034187,-2.4333918459286203,0.8334512449482083,89.81559284909096,-4.951074047262717,3.3470914875366313,-74.23596160877507,3.5577,164.052
1787312824.1341157,-2.434093319022129,0.8345168886324328,89.68931025364515,-4.885386363401025,3.356220754864498,-75.94442237081073,3.5168,165.634
1787312824.258863,-2.434579526723026,0.8355350128376086,89.46243857728192,-4.893280572689253,3.320068241054738,-75.91583920718021,3.4954,165.378
1787312824.3209116,-2.4344512729043184,0.8361772114623593,89.4429850702618,-4.852502049459941,3.3142946924456016,-77.66161088838695,3.4624,167.105
1787312824.4409409,-2.4333535145723464,0.8376699282965435,89.67345884750682,-4.802000950008027,3.302620809058066,-79.23340415241236,3.4185,168.907
1787312824.5706575,-2.4323824429439673,0.8395745558558763,90.03641966899873,-4.776309985737633,3.3010382958707982,-80.29775830702857,3.3989,170.334
1787312824.6348603,-2.4323589160105783,0.8408887382749601,90.13544165463735,-4.72464015375548,3.297415087965525,-82.59328256301943,3.3599,172.729
1787312824.7589197,-2.433049597627943,0.8435448011346143,90.22625825991025,-4.680510814617489,3.307865879121667,-83.87385043885759,3.3353,174.100
1787312824.8244946,-2.433546483580764,0.8447439265010297,90.1142283137276,-4.60831101639497,3.3399900874903397,-86.22305370784117,3.3100,176.337
1787312824.9515662,-2.4337978495417363,0.8469368574429135,90.06000557907194,-4.5218291675221485,3.366589481587469,-86.99019411454682,3.2724,177.050
1787312825.0675836,-2.433143756648867,0.8492054691190926,90.0592182709739,-4.488995844802313,3.3823431754998246,-86.77697309764694,3.2624,176.836
1787312825.1307623,-2.4326268492458056,0.8502597941610207,90.1762235301687,-4.446172735833512,3.4002881893450687,-87.25234272907014,3.2492,177.429
1787312825.2563574,-2.433136817859363,0.8513996215915338,90.28491710421919,-4.42042258941434,3.4172438858308642,-87.37221488671959,3.2454,177.657
1787312825.3193145,-2.4337507401670138,0.852018953599103,90.3566368821093,-4.407076156513558,3.4288119637651846,-87.47284650300045,3.2456,177.829
1787312825.4377685,-2.4360761544016003,0.8531230273328995,90.26591436718623,-4.382504391132038,3.453410744290609,-87.97770778194314,3.2481,178.244
1787312825.5581384,-2.437775116527395,0.8542183980922072,90.03187019146831,-4.322141084474876,3.4603549359845247,-89.42505587570093,3.2160,179.457
1787312825.6190429,-2.4380951587213198,0.8549186908633404,90.008470580796,-4.33274066603603,3.454211139868012,-89.59267014553883,3.2165,179.601
1787312825.7441363,-2.4376324827035223,0.8562886914384477,90.10393417329048,-4.277072523565047,3.433873105234878,-91.90627056445567,3.1666,177.990
1787312825.8576837,-2.437181126110855,0.8575123121040643,90.33440616264805,-4.275225433019468,3.4213619159186415,-92.49348499362934,3.1546,177.172
1787312825.9664683,-2.437651726265165,0.8589336746002936,90.3813237746771,-4.256922540803135,3.3979370248167604,-93.26311863264688,3.1235,176.356
1787312826.0680602,-2.438817316789645,0.8603586826715546,90.26695323862243,-4.2396952579217775,3.392701939147678,-93.92606917982006,3.1074,175.807
1787312826.1304018,-2.4386827849190684,0.860923138134403,90.25544512604309,-4.199257666718479,3.3730580922611884,-94.81589811823964,3.0676,174.929
1787312826.2538936,-2.437932531979719,0.8622057349839106,90.12497635149916,-4.177743496827273,3.3608852969657743,-95.90554257502629,3.0447,173.969
1787312826.3167257,-2.4371124811050127,0.8628554938817955,89.9909141398583,-4.162116304395278,3.355065665432523,-96.75853743822803,3.0310,173.251
1787312826.4394877,-2.4350331341670834,0.8640325254849142,89.99983775855858,-4.128526286987919,3.341663458599366,-98.41326925818531,3.0011,171.587
1787312826.5600193,-2.433936363686956,0.865266477351231,90.07869582238733,-4.11902822182465,3.3278993890984276,-98.35981635437116,2.9840,171.561
1787312826.6630898,-2.433775558117594,0.8666299324623532,90.1441403239453,-4.0971280141621405,3.3119773036033417,-99.70982061389158,2.9574,170.146
1787312826.7197218,-2.4339319756438695,0.8672689915836622,90.07162590214823,-4.072823928376959,3.2988577060690636,-101.63327262608212,2.9323,168.295
1787312826.839732,-2.43396813084012,0.869043292930915,89.5658817976142,-4.0517447852432795,3.2811327714080285,-102.96510068663613,2.9044,167.469
1787312826.9687982,-2.433060592875845,0.8715193626789743,88.9701100963096,-4.036017470760504,3.273341631059238,-103.88064212481815,2.8876,167.149
1787312827.0350487,-2.4322987568542707,0.8727069441247937,88.77022524947458,-4.004710642683604,3.2729552030613083,-108.29766464677849,2.8694,162.932
1787312827.1708424,-2.4309799538764807,0.8747239479905288,88.72390116710584,-3.9253303008459532,3.2609402531194465,-111.00975507000007,2.8155,160.266
1787312827.2352931,-2.430780368677644,0.8757186860281523,88.75896879010546,-3.8725430640549847,3.2536462051946997,-112.02046315854898,2.7809,159.221
1787312827.3621366,-2.431110031358216,0.877763777372627,88.70666045385413,-3.8057403887308907,3.243230995887168,-113.14790834184255,2.7359,158.145
1787312827.4259553,-2.431402751152103,0.8786608843357322,88.51858566874911,-3.7852038000477393,3.235962880177569,-113.81130377927762,2.7184,157.670
1787312827.5479577,-2.4314700922024115,0.879680296164002,88.30830947479637,-3.7592571500981604,3.23047667415609,-114.1413638656812,2.6999,157.550
1787312827.6727219,-2.4305946590843126,0.8807702806057316,88.12403364187742,-3.732825642776255,3.2248140687241413,-114.62154443606549,2.6815,157.254
1787312827.7232997,-2.4299405985876903,0.8812058983566841,88.16267316342484,-3.8411880617632184,3.916657067960823,-144.0696315090616,3.3475,127.768
1787312827.8523104,-2.4293285325139866,0.8823442883009012,88.23751489948341,-4.45687668014708,4.241215010915364,-141.89203065472634,3.9234,129.870
1787312827.914246,-2.4294193893775624,0.8829876300580493,88.28842725163167,-4.371957202802382,4.305943921146308,-142.8574729374837,3.9357,128.854
1787312828.0383503,-2.4301628772570614,0.8842591214324308,88.19021761459054,-4.371957202802382,4.305943921146308,-142.8574729374837,3.9343,128.952
1787312828.1618087,-2.430671285099997,0.8849557841793331,87.85531088217776,-4.201133061789166,4.433122292757449,-144.75439440109244,3.9654,127.390
1787312828.2237096,-2.4305863667535954,0.8851814457418727,87.74500796056074,-4.112680961604951,4.495233642209049,-145.70301293597598,3.9827,126.552
1787312828.351696,-2.4294419615238723,0.8860736611431236,87.90279436890714,-4.112680961604951,4.495233642209049,-145.70301293597598,3.9824,126.394
1787312828.4149995,-2.4293801692124197,0.8867993574163673,87.99439441939211,-3.931815263954541,4.619191503746588,-147.59971814652963,4.0234,124.406
1787312828.5396824,-2.4299193358592106,0.8883887513142512,88.1963636375394,-3.838329864976778,4.679478088816515,-148.5482405151971,4.0443,123.255
1787312828.6672988,-2.4313589286379695,0.8901618528644488,88.15084042942641,-3.743130485816147,4.739095750884498,-149.4970085207778,4.0663,122.352
1787312828.7260282,-2.432138811856128,0.8909096676352618,87.94616097395985,-3.743130485816147,4.739095750884498,-149.4970085207778,4.0654,122.557
1787312828.8524055,-2.432621685897178,0.8924336109088168,87.89242623899285,-3.548711358287237,4.85769039791035,-151.39372940967797,4.1193,120.714
1787312828.972461,-2.432075832560057,0.8941258773660894,87.96962690027496,-5.359722281842215,6.059630707809396,-52.57144426417252,5.9375,140.541
1787312829.035987,-2.431641365297758,0.8948684564131548,88.14867290015908,-5.391688429214885,6.095893836045394,-52.404284277564095,5.9844,140.553
1787312829.1509929,-2.431484853740818,0.8975352907476772,88.46180258773838,-5.414582907675894,6.121107357180678,-52.288338732386634,6.0154,140.750
1787312829.2634277,-2.432333711559145,0.9002547849383584,88.7562341780785,-5.438059086891281,6.146375204973469,-52.17239773957215,6.0462,140.929
1787312829.3168905,-2.432947110619009,0.9015514305552335,88.80501385574647,-5.462118504891905,6.171696464796423,-52.05645514467828,6.0787,140.861
1787312829.4421134,-2.4333319751789815,0.9027091534279228,88.70595236072397,-5.462118504891905,6.171696464796423,-52.05645514467828,6.0775,140.762
1787312829.5624857,-2.432786877687051,0.9039672964743213,88.5489449621053,-5.511917433478259,6.222521684846527,-51.82465380902204,6.1456,140.374
1787312829.6174054,-2.432226365169581,0.9045824112000256,88.5586246638816,-5.537725762398008,6.247987338552312,-51.708716764602805,6.1803,140.267
1787312829.7404692,-2.4314426277100916,0.9051282666041405,88.65977640437262,-5.564123091371256,6.27350176110467,-51.592758223107275,6.2156,140.253
1787312829.8547564,-2.4318014603870637,0.9053040047432067,88.72911938165826,-5.564123091371256,6.27350176110467,-51.592758223107275,6.2152,140.322
1787312829.9735923,-2.432907485990681,0.9055565093461326,88.61100972689816,-5.618593537484988,6.324685114797043,-51.36095089414405,6.2861,139.972
1787312830.038857,-2.4326931766627458,0.9057614387827126,88.60024308498969,-5.646754167091937,6.35032653902897,-51.24495411952335,6.3225,139.845
1787312830.16904,-2.431580824104739,0.9062492171632083,88.47148571942955,-5.646754167091937,6.35032653902897,-51.24495411952335,6.3226,139.716
1787312830.226616,-2.4305335789994187,0.9067814380724684,88.4985982532626,-5.70471967835893,6.401718104734176,-51.013200570346775,6.3965,139.512
