t,gt_x,gt_y,gt_yaw,ekf_x,ekf_y,ekf_yaw,ekf_err,ekf_yaw_err,fix_x,fix_y,fix_yaw,fix_err
1787415608.4318368,-2.4679468894474357,1.3621964747446817e-06,-1.1187249348940852e-06,,,,,,,,,
1787415608.5109184,-2.467398872848739,1.3334835798708446e-06,-1.6519829790318815e-06,-2.5398112050720454,0.002244586722935158,-0.057828367419008306,0.0724,0.058,,,,
1787415608.6095428,-2.4671592322797657,1.3186679475707245e-06,-1.6829542701946352e-06,-2.5398112050720454,0.002244586722935158,-0.057828367419008306,0.0727,0.058,,,,
1787415608.734258,-2.467226022384926,1.3123640350693453e-06,-1.5952491956374398e-06,-2.559756640310412,0.0036498217838669745,-0.07260705057806983,0.0926,0.073,,,,
1787415608.8019676,-2.4673743730288233,1.3119754454389554e-06,-1.6957813588649016e-06,-2.5698104847541425,0.004359427209255802,-0.07999775976628003,0.1025,0.080,,,,
1787415608.942333,-2.4679023692963624,1.3123234240185004e-06,-1.7560663101080657e-06,-2.579918628904153,0.005073292917897184,-0.08738949736783948,0.1121,0.087,,,,
1787415609.0152023,-2.468283011442,1.312324285487166e-06,-1.6871867217636656e-06,-2.579918628904153,0.005073292917897184,-0.08738949736783948,0.1118,0.087,,,,
1787415609.0825868,-2.4687423266797315,1.3134360858313378e-06,-9.233698224245759e-07,-2.600294807333864,0.006512323748012961,-0.10217375753523787,0.1317,0.102,,,,
1787415609.2271328,-2.469900596476067,1.3134407611337464e-06,-2.3815773800953294e-07,-2.600294807333864,0.006512323748012961,-0.10217375753523787,0.1306,0.102,,,,
1787415609.301355,-2.470601732090291,1.312293505535743e-06,7.777517428538021e-07,-2.6208759237762873,0.007967681676807845,-0.11695323659678636,0.1505,0.117,,,,
1787415609.4416199,-2.472254574855127,1.309307040564154e-06,2.109000144409875e-06,-2.6208759237762873,0.007967681676807845,-0.11695323659678636,0.1488,0.117,,,,
1787415609.5132914,-2.473209358668601,1.3062898173801546e-06,2.9610314564705305e-06,-2.6416651056647145,0.009439695801717411,-0.1317302966143445,0.1687,0.132,,,,
1787415609.587655,-2.4742520179213,1.30292874739405e-06,4.441837163116339e-06,-2.652314622880256,0.01019520601822351,-0.13924244933512378,0.1784,0.139,,,,
1787415609.7287753,-2.4766087644041677,1.294607299609057e-06,6.663897035805596e-06,-2.652314622880256,0.01019520601822351,-0.13924244933512378,0.1760,0.139,,,,
1787415609.847512,-2.4788797743401956,1.4914854847787378e-06,6.0885329210575285e-06,-2.673256752832199,0.011681146341517313,-0.15390392123542854,0.1947,0.154,,,,
1787415609.9012835,-2.479831561659046,1.6939416789279083e-06,4.763087904141071e-06,-2.683893768630619,0.012437373161309976,-0.1612956299394096,0.2044,0.161,,,,
1787415610.0465481,-2.4810524577593105,2.0406674457658933e-06,1.9366237219877495e-06,-2.524836163523844,-0.002248092347297309,-0.027570468869236826,0.0438,0.028,-2.5198677956502813,-0.0023213656230693987,-0.026365136840034532,0.0389
1787415610.121629,-2.481453362211905,2.04594959223568e-06,3.2084744298458316e-06,-2.514360629845677,-0.00887181137871915,0.09158750706284081,0.0341,0.092,-2.506489482670852,-0.009901581125842317,0.11420791742757028,0.0269
1787415610.2016087,-2.4817064616024327,1.9937705339552643e-06,5.066849516966757e-06,-2.5160434485129493,-0.009664425648514626,0.0970499953055352,0.0357,0.097,-2.4779419316816207,-0.009091864696855825,0.08209545229969113,0.0098
1787415610.3496337,-2.4817695095558547,1.8095925363540712e-06,9.606308664042675e-06,-2.4896453763352313,-0.011274823533976335,0.15226530369100455,0.0138,0.152,-2.487429292667735,-0.01205334238614675,0.16527246086465014,0.0133
1787415610.4103515,-2.4815799220520294,1.7076636470603906e-06,1.1313470186561025e-05,-2.4714674914513246,-0.007173381776085874,0.04226939361426454,0.0124,0.042,-2.4428880766767254,-0.004870897413962818,0.009719216883189758,0.0390
1787415610.478095,-2.481243267711652,1.6110557347885244e-06,1.271513438676759e-05,-2.464807904342902,-0.006957660012863872,0.04112492800455011,0.0178,0.041,-2.4567325990070246,-0.006755605703182031,0.038608199736447,0.0254
1787415610.628741,-2.4801330423877044,1.4469235079226403e-06,1.454185812863405e-05,-2.464643811999042,-0.007699553995881541,0.036599626546204196,0.0173,0.037,-2.471157977506004,-0.008019626500278805,0.04081222824416401,0.0120
1787415610.7512672,-2.4784465626055145,2.1550448616518237e-06,9.90589399914176e-06,-2.481784939742831,-0.009289003856525615,0.07653216869878017,0.0099,0.077,-2.5130627697341037,-0.010221674953588784,0.08938315069635254,0.0361
1787415610.8187947,-2.4777235542129765,3.051098289897226e-06,1.1907975551897947e-05,-2.5153834543174285,0.009552201572031942,-0.3735707045888095,0.0389,0.374,-2.5931169140923744,0.03365982680192622,-0.8074763531251259,0.1202
1787415610.887786,-2.477073031777391,4.179491423563777e-06,1.681137672347267e-05,-2.5200206042955373,0.012993195043270608,-0.4173790847621048,0.0449,0.417,-2.5931169140923744,0.03365982680192622,-0.8074763531251259,0.1208
1787415611.023998,-2.476051766994656,7.108874599827945e-06,2.7032668155386987e-05,-2.5200206042955373,0.012993195043270608,-0.4173790847621048,0.0458,0.417,-2.5931169140923744,0.03365982680192622,-0.8074763531251259,0.1218
1787415611.1478,-2.4754026342983853,1.0970965952596649e-05,2.854692914085461e-05,-2.5263591150079336,0.017709450840160255,-0.47645581930816194,0.0539,0.476,-2.5931169140923744,0.03365982680192622,-0.8074763531251259,0.1224
1787415611.2077754,-2.4752154082660907,1.3254407113656567e-05,3.40099232763197e-05,-2.529564953791962,0.02010217017298288,-0.5060018116145879,0.0579,0.506,-2.5931169140923744,0.03365982680192622,-0.8074763531251259,0.1226
1787415611.333722,-2.475112926902479,1.8532773615692616e-05,3.306489980408175e-05,-2.5327945526826126,0.022516687824112484,-0.5355435630158885,0.0619,0.536,-2.5931169140923744,0.03365982680192622,-0.8074763531251259,0.1227
1787415611.393711,-2.475196428356732,2.152053107324644e-05,3.771971477022529e-05,-2.5327945526826126,0.022516687824112484,-0.5355435630158885,0.0618,0.536,-2.5931169140923744,0.03365982680192622,-0.8074763531251259,0.1226
1787415611.5286145,-2.4756316361808235,2.819340143125768e-05,3.893246232083716e-05,-2.539325791647673,0.027409210539663977,-0.5946109662118505,0.0693,0.595,-2.5931169140923744,0.03365982680192622,-0.8074763531251259,0.1222
1787415611.599784,-2.4759827964249657,3.1864783360514224e-05,3.90313355659419e-05,-2.5426283106548953,0.02989059752063745,-0.6241563665579938,0.0730,0.624,-2.5931169140923744,0.03365982680192622,-0.8074763531251259,0.1219
1787415611.7469556,-2.4769505249900483,3.9870742221464854e-05,3.904044576010698e-05,-2.5426283106548953,0.02989059752063745,-0.6241563665579938,0.0721,0.624,-2.5931169140923744,0.03365982680192622,-0.8074763531251259,0.1209
1787415611.8139796,-2.4775658690961366,4.4175939816927734e-05,3.8532502651908624e-05,-2.5493048471622197,0.03491676200875869,-0.6832279279500797,0.0798,0.683,-2.5931169140923744,0.03365982680192622,-0.8074763531251259,0.1203
1787415611.9373949,-2.4790633612527664,5.345264021890911e-05,3.807504944501446e-05,-2.552679476640721,0.03746479063371242,-0.7127714342596,0.0826,0.713,-2.5931169140923744,0.03365982680192622,-0.8074763531251259,0.1189
1787415612.0269554,-2.479948143106742,5.842454859729187e-05,3.427336204942994e-05,-2.552679476640721,0.03746479063371242,-0.7127714342596,0.0818,0.713,-2.5931169140923744,0.03365982680192622,-0.8074763531251259,0.1181
1787415612.105556,-2.4809202550050515,6.357273826249391e-05,3.687140832127806e-05,-2.5595012199384026,0.04262529216388248,-0.7718495801760338,0.0894,0.772,-2.5931169140923744,0.03365982680192622,-0.8074763531251259,0.1171
1787415612.2423728,-2.483126970334526,7.444451614913348e-05,3.238133181546267e-05,-2.6404182628511412,-0.03646057150455542,0.7933474296074234,0.1615,0.793,-2.649141030513486,-0.03914205458956217,0.8403681273579428,0.1706
1787415612.3139377,-2.4843663510330254,8.018078448402861e-05,3.491086956087475e-05,-2.548395874685461,-0.008147043895031285,0.035521143439654325,0.0646,0.035,-2.517878096741532,-0.004970409502782178,0.021912686763202054,0.0339
1787415612.3959572,-2.4856988835842375,8.612450235758357e-05,3.430361382481865e-05,-2.5150022933724383,-0.0059044748494486345,0.04083694167399515,0.0299,0.041,-2.4715833625935875,-0.0025906807484912336,-0.02293114623271219,0.0144
1787415612.5315523,-2.4886349843486952,9.855129350580394e-05,3.267956769207106e-05,-2.5119972518703717,-0.0055723348470781186,0.03599823700801401,0.0240,0.036,-2.364711595756267,-0.02606349048160839,0.31340784247622033,0.1267
1787415612.5985146,-2.4898882120153987,0.00010541827949348681,-9.004848342975314e-05,-2.4333994847025373,-0.020700178406557617,0.20252085259880312,0.0602,0.203,-2.364711595756267,-0.02606349048160839,0.31340784247622033,0.1279
1787415612.734498,-2.4920602149547393,0.00011946707345889603,-0.00018965892863769356,-2.3641634627910264,-0.018604904196479005,0.2657483301158666,0.1293,0.266,-2.3223916354993883,-0.016655701528734128,0.2407079454045719,0.1705
1787415612.8097332,-2.4929408153791712,0.00012685426376278565,-0.0002816586337599402,-2.28733509576408,-0.032153045222927876,0.7831004188004747,0.2081,0.783,-2.1959298398603564,-0.049675705861729993,1.23789371435965,0.3012
1787415612.8957381,-2.4936834626607767,0.0001344908604189373,-0.0003811272160980543,-2.243219936121617,-0.03693679522695333,0.8615567594140109,0.2532,0.862,-2.1959298398603564,-0.049675705861729993,1.23789371435965,0.3019
1787415613.0310705,-2.4947748275333175,0.0001504722331923662,-0.0005594575132538449,-2.243219936121617,-0.03693679522695333,0.8615567594140109,0.2543,0.862,-2.1959298398603564,-0.049675705861729993,1.23789371435965,0.3030
1787415613.1163874,-2.495613995369264,0.00016783380397812435,-0.0006681554213891689,-2.189419764275945,-0.04269750240404343,0.9553930813873597,0.3092,0.956,-2.1959298398603564,-0.049675705861729993,1.23789371435965,0.3038
1787415613.2465754,-2.4965414849249163,0.0001865675273036455,-0.0006651258560307282,-2.1616496094474535,-0.045625541484301375,1.0030711852472545,0.3380,1.004,-2.1959298398603564,-0.049675705861729993,1.23789371435965,0.3047
1787415613.318976,-2.497083706371755,0.00019649770929540332,-0.000659450220620551,-1.748770237331731,0.7157549317131656,-153.9313646568056,1.0354,153.931,-1.2292906305610578,0.6528981101153007,-160.23772277183386,1.4259
1787415613.3940966,-2.4976067005632654,0.00020684488280400053,-0.0008011649567663042,-1.7626230879020874,0.6600525326601564,-153.82284827010227,0.9877,153.822,-1.9131210512887276,0.9524755668391404,-149.58097459412818,1.1173
1787415613.5286853,-2.4985713962510845,0.0002287506673161843,-0.001141606026051574,-1.4851943781032282,0.5947928073328823,-159.52932838709816,1.1749,159.528,-1.879027855111142,1.4283735574203185,-145.21918804215213,1.5567
1787415613.6037285,-2.4990040587415794,0.00024036091837610244,-0.0013189894132289565,-1.410070385047179,0.5294849672499296,-159.60077952608765,1.2107,159.599,-1.879027855111142,1.4283735574203185,-145.21918804215213,1.5569
1787415613.7485075,-2.4997707587558966,0.00026491673173276604,-0.001648374480314906,-1.4665849082200806,0.44263677685687175,-170.4363814487364,1.1239,170.435,-1.2269070643506086,0.683924598740558,-159.60077952608765,1.4448
1787415613.8478339,-2.5004087521319467,0.00029135042966023497,-0.001919477006095686,-1.5197618104017,0.28118096819759175,177.84418307748612,1.0201,177.846,-1.2269070643506086,0.683924598740558,-159.60077952608765,1.4454
1787415613.9430947,-2.500924184022997,0.00031974707667189865,-0.001921281636785574,-1.4492903992993669,0.27692809984200684,174.44056688798943,1.0874,174.442,-0.8593709562055452,0.46670864581798754,177.84418307748612,1.7065
1787415613.999953,-2.501142372957536,0.0003346757188847037,-0.0019193633851481168,-1.52990118958223,0.12454970381166505,162.08407541209755,0.9792,162.086,-0.8593709562055452,0.46670864581798754,177.84418307748612,1.7067
1787415614.1311984,-2.5015129605641824,0.0003659841566084755,-0.0019156143376232752,-1.601757882567471,0.03953199500300396,154.20629111975174,0.9006,154.208,-0.8593709562055452,0.46670864581798754,177.84418307748612,1.7071
1787415614.1966095,-2.5016696817113493,0.00038236232993636785,-0.0019084280584318915,-1.601757882567471,0.03953199500300396,154.20629111975174,0.9008,154.208,-1.5473779760778306,0.7111027570863578,157.97994745820895,1.1899
1787415614.332304,-2.501935077473081,0.00041655548606320844,-0.001904979326114902,-1.5512668457991983,0.5102324970368023,153.39551565517283,1.0787,153.397,-1.553451349511982,0.7089967325358724,157.9386266970306,1.1839
1787415614.4083982,-2.5020465429075815,0.0004343700736702878,-0.0019084958189979156,-1.5724286909654281,0.5526405677307001,154.20137143558685,1.0813,154.203,-1.5555187552180032,0.7173994109468074,158.13131169209748,1.1874
1787415614.5534527,-2.50222250827995,0.000471538326945394,-0.0019052041661918465,-1.5830716267362601,0.5822382898924476,154.75481840895503,1.0878,154.757,-1.5657527614323428,0.708844470461287,157.83463364974764,1.1742
1787415614.6294649,-2.502280469597649,0.0004873137367421213,-0.0018847933059081322,-1.601239922855284,0.5957104445921033,154.88887300437776,1.0799,154.891,-1.5708032497107864,0.7276973185717802,158.19053959739165,1.1817
1787415614.6990554,-2.5023109892596507,0.0004947492453921313,-0.0018535096838972725,-1.6161935269157792,0.6101289136454393,155.13098183145883,1.0756,155.133,-1.5795697353153728,0.7458646999731321,158.5690248520805,1.1862
1787415614.8388643,-2.502274941658665,0.0004963848139491274,-0.0018319636384479068,-1.6107672284193812,0.637028300184439,155.7642473869636,1.0954,155.766,-1.5723860571840145,0.7520849605761615,158.73108863512917,1.1956
1787415614.9483113,-2.5020839604519267,0.0004922572093059992,-0.001839937649560596,-1.6578847189132009,0.6222566238581552,148.2545964386648,1.0485,148.256,-1.5723860571840145,0.7520849605761615,158.73108863512917,1.1955
1787415614.9993947,-2.501929845036858,0.0004884271442413835,-0.001843055254160844,-1.6239861304736578,0.6363515468653927,155.6766251436277,1.0840,155.678,-1.5897851961650684,0.7353042189708303,158.2462997556176,1.1713
1787415615.1275425,-2.5015018593025347,0.00047754073880579506,-0.0018496299622128354,-1.6025631487707002,0.6682749104321017,156.5992686392334,1.1198,156.601,-1.5715609680908738,0.7307757177890726,158.31203241675703,1.1824
1787415615.1992579,-2.501205230628976,0.00047031777143170534,-0.0018520495407567837,-1.5978456962175818,0.668540209024199,156.59189218639722,1.1236,156.594,-1.5545765554029431,0.7110356142162957,157.9528217831375,1.1836
1787415615.33998,-2.5003923958512546,0.0004520471404457668,-0.0018556806383921071,-1.5880302119740493,0.6714147359337841,156.74423038874602,1.1325,156.746,-1.5369953032515344,0.7031840261919279,157.88316395808604,1.1925
1787415615.4090679,-2.4998605653301227,0.00044098657609201864,-0.0018421271915035039,-1.5598343520084004,0.6616197335088203,156.67290291007538,1.1493,156.675,-1.5135446808638822,0.6852130527295871,157.59982461384791,1.2007
1787415615.5424037,-2.4985602241970746,0.0004154931176061082,-0.0018222602666787596,-1.533285325391312,0.6426622605296308,156.5017365218659,1.1594,156.504,-1.493331814311533,0.6546755826534351,157.12937819665314,1.1994
1787415615.6051111,-2.4977955443662387,0.00040119956155369935,-0.0018116492346161258,-1.5155704806205328,0.5921271133422202,155.3818350848992,1.1467,155.384,-1.4827788964746826,0.5759856821599105,155.4248117344471,1.1669
1787415615.7436957,-2.4960779083571274,0.0003699918641786048,-0.0018019738016451074,-1.4935446149100584,0.5570703366779935,154.78801837451752,1.1467,154.790,-1.4507664365492583,0.5422891245738809,154.9423341610831,1.1774
1787415615.8185983,-2.4951399799250646,0.00035321314354971867,-0.00179612472123614,-1.032436686256844,0.5119640337876802,-165.52176846562602,1.5496,165.520,-1.3998301571065617,0.560660533945106,155.86585075505621,1.2303
1787415615.8894525,-2.4941597142849106,0.00033571844746825937,-0.0017874244586814695,-0.817614871056504,0.6671606632804296,163.1820439109846,1.8043,163.184,-1.3998301571065617,0.560660533945106,155.86585075505621,1.2294
1787415616.043895,-2.492159823499997,0.00029899559859291366,-0.0017783506562932642,-0.6984514455768465,0.6895111637370234,160.48603638377426,1.9216,160.488,-0.9856219214131916,0.877074750776845,163.1820439109846,1.7431
1787415616.139895,-2.490205295184101,0.0002604381725563284,-0.0009909232303371763,-0.5457334046450466,0.6924334140541871,157.13556828614898,2.0640,157.137,-0.9856219214131916,0.877074750776845,163.1820439109846,1.7414
1787415616.228419,-2.4884193605990452,0.00022032193069847632,-0.0006590075496654016,-2.0402300769789288,1.2492488072432057,-124.7327823915049,1.3270,124.732,-1.6172638568474045,0.3077648590240964,-4.4948546278858155,0.9238
1787415616.2911546,-2.487607974067769,0.0001996501323968932,-0.0005491929355202183,-3.2191976790328987,0.24684582926057375,-10.696310520756809,0.7720,10.696,-1.6172638568474045,0.3077648590240964,-4.4948546278858155,0.9231
1787415616.4467049,-2.485900656859666,-0.0003730369270320296,0.06840287231746278,-2.749164133103235,0.36983837084224097,8.800635920028217,0.4543,8.732,-1.6172638568474045,0.3077648590240964,-4.4948546278858155,0.9217
1787415616.5262816,-2.4849473477362705,-0.00032719787832856287,0.14964358086805668,-2.5016849379806247,0.03707745667796675,0.8647370102693753,0.0410,0.715,-1.3582219907775133,1.7779401038366407,-17.894598881272856,2.1052
1787415616.6032493,-2.4839379879380963,2.450728523316608e-05,0.2058631091324306,-2.1175277033896687,0.06208536951888827,-0.04011597558565333,0.3716,0.246,-2.4321110202361647,-0.03841172282605861,0.994987969719719,0.0645
1787415616.67641,-2.4830037984160422,0.0005620496683716072,0.13830066091852475,-2.1524343018949486,0.012678537038454535,0.5358844925387912,0.3308,0.398,-2.399580548810617,-0.01129613173706714,0.4533578584438992,0.0843
1787415616.831149,-2.481243402754657,0.0010846973765761445,-0.2569769905464293,-2.2078933153754514,0.004784811805548336,0.307712746271908,0.2734,0.565,-2.457972360583634,-0.009683200020733003,0.32526460732555085,0.0256
1787415616.8959975,-2.4802708143042986,0.0009016907543391663,-0.44954199944728035,-2.2264990551886514,-0.011707446543290784,0.31859787003669243,0.2541,0.768,-2.4688424092924466,0.0004437955496383007,-0.16084813628934838,0.0114
1787415617.0285518,-2.4771595124948176,0.0008568801952446563,-0.7273071643027632,-2.3426514707306394,-0.008329987594070484,-0.09958443940978928,0.1348,0.628,-2.4976987992268285,-0.021795537540454987,0.03765108554602663,0.0306
1787415617.096835,-2.4756981306957955,0.0011188365659480035,-0.674529102757569,-2.295515243171156,-0.018198670570072312,-0.24320577553743253,0.1812,0.431,-2.6321182322308725,-0.05723830291488944,0.39185617767976466,0.1670
1787415617.2308927,-2.4725902266979056,0.0024797531903479287,-0.585361514826401,-2.335990021380621,-0.02988902345690939,0.06976232544781116,0.1404,0.655,-2.6642258270234334,-0.07224719347682078,0.7067752784920418,0.2057
1787415617.3004525,-2.4710570941084224,0.003458385837887499,-0.6567443875490195,-2.2302298344132807,-0.007032532164475484,6.295313626636935,0.2411,6.952,-2.6642258270234334,-0.07224719347682078,0.7067752784920418,0.2075
1787415617.4340105,-2.4684587651183243,0.004713831153342336,-0.8774782721099377,-2.13357955897992,0.024995980406148866,12.101414589752142,0.3355,12.979,-2.6642258270234334,-0.07224719347682078,0.7067752784920418,0.2104
1787415617.4957814,-2.467262664521526,0.00484662586503235,-0.8826004156693067,-2.13357955897992,0.024995980406148866,12.101414589752142,0.3343,12.984,-2.6642258270234334,-0.07224719347682078,0.7067752784920418,0.2115
1787415617.611619,-2.464929648674003,0.004233347878491065,-0.7646683674405271,-1.945179609165209,0.10895036506194314,23.713255336529524,0.5302,24.478,-2.6642258270234334,-0.07224719347682078,0.7067752784920418,0.2135
1787415617.7469213,-2.463158641979477,0.0037716077474082995,-0.3741764916626745,-1.860158415480269,0.16962129460713943,29.51945052794443,0.6254,29.894,-2.6642258270234334,-0.07224719347682078,0.7067752784920418,0.2150
1787415617.817188,-2.46238484802148,0.00396310649785786,-0.17086166130032676,-1.860158415480269,0.16962129460713943,29.51945052794443,0.6246,29.690,-2.6642258270234334,-0.07224719347682078,0.7067752784920418,0.2157
1787415617.9491565,-2.460886627302051,0.005297637968721714,0.1689179722914919,-1.7010322659954127,0.30893476269133935,41.12997904549858,0.8183,40.961,-2.6642258270234334,-0.07224719347682078,0.7067752784920418,0.2176
1787415618.0068731,-2.4605888386509727,0.005314843582793643,0.24622250104677088,-1.847506378929751,0.46270285000427497,48.39983284328602,0.7649,48.154,-2.383084575652311,0.9417540775490636,41.12997904549858,0.9396
1787415618.1492722,-2.459868125958722,0.004639100629949342,0.28165167712891026,-1.8830910087396067,0.5299198434364966,52.30920554874811,0.7801,52.028,-2.1069233837726573,0.6706850347177498,48.39983284328602,0.7538
1787415618.211735,-2.459514679856157,0.003698994435622864,0.29687151130532663,-1.877901530002131,0.5838026564030527,56.680292925945295,0.8215,56.383,-1.91429221204849,0.5607683596410964,52.30920554874811,0.7795
1787415618.3337314,-2.459521271855999,0.001746874768414551,0.6220881497237853,-1.8395922558367284,0.6385177452104115,62.293368533243694,0.8887,61.671,-1.4084102773848217,0.3668120104194963,62.293368533243694,1.1127
1787415618.4157557,-2.459793241214902,0.001110502639254636,0.8670372068821721,-1.7266156848658334,0.6503298770402576,68.39525685041487,0.9793,67.528,-1.3953691213693882,0.42523593852083597,62.293368533243694,1.1458
1787415618.4876018,-2.459998466864069,0.0008113245198501649,1.114101543851248,-1.6458020054499158,0.6577325432235276,72.44936293070403,1.0462,71.335,-0.9002996588050559,0.3418724850173458,72.44936293070403,1.5966
1787415618.619785,-2.460463861649487,0.0008038933636314582,1.337471530195999,-1.4652309230081113,0.6604370242303252,77.4392696871168,1.1940,76.102,-0.8938573956081117,0.3936329351174601,72.44936293070403,1.6151
1787415618.6909163,-2.460789490908658,0.0007002278337815596,1.2866046813661849,-1.3665708187766126,0.6440139601450421,78.91665389225281,1.2693,77.630,-0.6596561644835511,0.35676004748660706,77.4392696871168,1.8360
1787415618.8234122,-2.459994783860642,-0.0007366648072525236,1.3648857746153662,-1.2656265950017074,0.6356513156661837,81.16270231127827,1.3533,79.798,-0.5879007152049485,0.3399677066834301,78.91665389225281,1.9028
1787415618.9468782,-2.4591239870413326,-0.002969286350120987,1.7593444702788477,-1.1428662661570026,0.6432134836265192,85.17417284310159,1.4663,83.415,-0.4778185331579405,0.3489776768280497,81.16270231127827,2.0123
1787415619.0164075,-2.4581789373567,-0.0037200117205006453,1.7926065279499988,-1.10534783558565,0.7511579209272018,92.69760381235311,1.5492,90.905,-2.440413305592053,-0.004289481351822537,1.8081677007238697,0.0178
1787415619.1526937,-2.4560021479299934,-0.004223459395330848,1.8492812722129093,-2.295159577838242,0.031199129260021552,1.4507773518207507,0.1647,0.399,-2.440413305592053,-0.004289481351822537,1.8081677007238697,0.0156
1787415619.2244813,-2.4548402945683145,-0.004032780857715543,1.7742925771072398,-2.4121598162562314,0.026689446451595072,1.5833681758041809,0.0526,0.191,-2.4667349063187856,-0.010975405803641248,2.03568315755036,0.0138
1787415619.3009493,-2.4537790407086204,-0.0038033115302735804,1.5497146240377884,-2.480783514939765,0.025548242389615172,1.404294636597659,0.0399,0.145,-2.454092549185374,-0.0017273285368084599,1.7193253367325776,0.0021
1787415619.43314,-2.4513976479572466,-0.0038923861049709454,1.2440713180740768,-2.5543501309742287,0.12115416141152893,2.7330627932519946,0.1620,1.489,-2.5015715784435004,0.009480761090473189,1.0435909200801725,0.0519
1787415619.506273,-2.4500335399819084,-0.004184403466940256,1.2807249213339487,-2.5376992596550436,0.038479065601294105,0.6464597560576723,0.0975,0.634,-2.503438315733099,0.01169413130024043,0.9986739309320857,0.0557
1787415619.5848217,-2.448717416368702,-0.00467779826824424,1.4474400272032857,-2.550801942765596,0.037905566845820166,0.6193152630647473,0.1106,0.828,-2.493980888234319,0.013976480550779376,0.9789459302121464,0.0490
1787415619.7432485,-2.4458589941254623,-0.004609118015489788,1.5196202615363676,-2.6261727303688236,0.11513648947687936,1.829164904664089,0.2165,0.310,-2.493980888234319,0.013976480550779376,0.9789459302121464,0.0516
1787415619.8156013,-2.444340069963047,-0.004134097602312226,1.5579685883132854,-2.6261727303688236,0.11513648947687936,1.829164904664089,0.2175,0.271,-2.493980888234319,0.013976480550779376,0.9789459302121464,0.0528
1787415619.885305,-2.4428526095538787,-0.003425166498694429,1.4862352667125316,-2.740392069443978,0.2245923158909977,3.5655769279202585,0.3749,2.079,-2.493980888234319,0.013976480550779376,0.9789459302121464,0.0540
1787415620.0199957,-2.44044555562827,-0.0025581623016988613,1.2600397943961172,-2.740392069443978,0.2245923158909977,3.5655769279202585,0.3763,2.306,-2.493980888234319,0.013976480550779376,0.9789459302121464,0.0560
1787415620.1455803,-2.4382699303535555,-0.0030016873520443584,1.179534336796474,-2.8622731496552842,0.3314635767793405,5.301591494850882,0.5400,4.122,-2.493980888234319,0.013976480550779376,0.9789459302121464,0.0582
1787415620.21064,-2.437215903818444,-0.003584945635117796,1.2198698690697454,-2.926715694457003,0.3835290172694488,6.17284466730108,0.6241,4.953,-2.493980888234319,0.013976480550779376,0.9789459302121464,0.0594
1787415620.3401675,-2.436021148226199,-0.0033024436074524572,1.2557852207438334,-2.926715694457003,0.3835290172694488,6.17284466730108,0.6248,4.917,-2.493980888234319,0.013976480550779376,0.9789459302121464,0.0605
1787415620.4035728,-2.4353588780461477,-0.0027218278242329254,1.3358067479836309,-3.0597963824726677,0.48568931659869913,7.9058113746100735,0.7928,6.570,-2.493980888234319,0.013976480550779376,0.9789459302121464,0.0610
1787415620.5255182,-2.4341145304651435,-0.0007526800617087786,1.4272635599472083,-3.0597963824726677,0.48568931659869913,7.9058113746100735,0.7925,6.479,-2.493980888234319,0.013976480550779376,0.9789459302121464,0.0617
1787415620.5919206,-2.4336037774944588,0.0002715402531213653,1.2988179067553327,-3.2006207151246984,0.5845611730330994,9.64178253784463,0.9642,8.343,-2.493980888234319,0.013976480550779376,0.9789459302121464,0.0619
1787415620.7182286,-2.4321211565633596,0.0010821957150393931,1.2558522375698729,-3.2006207151246984,0.5845611730330994,9.64178253784463,0.9649,8.386,-2.493980888234319,0.013976480550779376,0.9789459302121464,0.0632
1787415620.8486438,-2.4305257376714593,0.0008023061731408148,1.3122147647847502,-3.3489258353577904,0.6796308845472282,11.378339017282016,1.1420,10.066,-2.493980888234319,0.013976480550779376,0.9789459302121464,0.0648
1787415620.908909,-2.4298270242531776,0.0005625858807265626,1.5142107504471256,-3.3489258353577904,0.6796308845472282,11.378339017282016,1.1427,9.864,-2.493980888234319,0.013976480550779376,0.9789459302121464,0.0655
1787415621.0421443,-2.429129572250679,0.0006887886394679945,1.7453960566310205,-3.504480810081342,0.7704586258202493,13.114038317125944,1.3225,11.369,-2.493980888234319,0.013976480550779376,0.9789459302121464,0.0662
1787415621.1018455,-2.4287441485287156,0.00125561099199695,1.9331316871493553,-3.5853168094309864,0.8135850628995838,13.98214544211329,1.4133,12.049,-2.493980888234319,0.013976480550779376,0.9789459302121464,0.0665
1787415621.2176337,-2.4281246123315796,0.0027700520260413057,2.001695416094966,-3.6679292901215503,0.8555163555645947,14.85026690768181,1.5048,12.849,-2.493980888234319,0.013976480550779376,0.9789459302121464,0.0668
1787415621.3414888,-2.4270200387846717,0.0034824445905559556,1.951704655170854,-3.752295177986956,0.8962060430920986,15.718349335966114,1.5979,13.767,-2.493980888234319,0.013976480550779376,0.9789459302121464,0.0678
1787415621.4075863,-2.4263743579996713,0.003488056679400859,1.9313223848611507,-3.752295177986956,0.8962060430920986,15.718349335966114,1.5984,13.787,-2.493980888234319,0.013976480550779376,0.9789459302121464,0.0684
1787415621.5165331,-2.4250880133876054,0.002977378777654375,2.1218875404299102,-3.9256295553264344,0.9750160539904015,17.454462342479403,1.7879,15.333,-2.493980888234319,0.013976480550779376,0.9789459302121464,0.0698
1787415621.6411164,-2.423824660699851,0.0028520741360136548,2.3870981036715633,-4.015156901937557,1.0117292228943475,18.322613990978176,1.8842,15.936,-2.493980888234319,0.013976480550779376,0.9789459302121464,0.0710
1787415621.7060995,-2.42306551504659,0.0031998169745125118,2.3929575067959363,-4.015156901937557,1.0117292228943475,18.322613990978176,1.8846,15.930,-2.493980888234319,0.013976480550779376,0.9789459302121464,0.0717
1787415621.852837,-2.4214311583827013,0.004748355510814344,2.032720651650286,-4.198689903046581,1.0822767327345066,20.058871288738626,2.0784,18.026,-2.493980888234319,0.013976480550779376,0.9789459302121464,0.0731
1787415621.9409099,-2.4204209448741967,0.005257413740851876,2.0052652243722155,-3.8526194210771543,1.1217130343933572,18.00582728066437,1.8159,16.001,-2.6423951562172645,0.7598061494525293,18.00582728066437,0.7865
1787415622.0110545,-2.4193303113688347,0.005435986122438618,1.9425403984249339,-3.610748947553091,1.1670526764391658,16.848612640791064,1.6640,14.906,-2.6423951562172645,0.7598061494525293,18.00582728066437,0.7867
1787415622.150309,-2.415877884227835,0.00469638731451808,2.0481594811776436,-3.576889733944448,1.230591638556665,17.517933017190078,1.6884,15.470,-2.9616319830657556,0.8156896455657536,16.848612640791067,0.9775
1787415622.2078416,-2.414823115270975,0.004419065509180864,2.2476166218854416,-3.524940049232646,1.2390725344838796,17.72447050622648,1.6603,15.477,-3.311381903278722,0.6626127864439365,17.724470506226485,1.1122
1787415622.3337054,-2.412842170110079,0.004839152470145791,2.268392783743057,-3.523075259790855,1.228830545241837,18.227314338599868,1.6525,15.959,-3.41091333840588,0.6666833007970244,17.724470506226485,1.1976
1787415622.3995314,-2.4117983391188886,0.005566103211999732,2.355233361477943,-3.5467384968895495,1.2132516925489587,19.535598295114003,1.6573,17.180,-3.3153436045024485,0.6240140264199002,18.227314338599868,1.0949
1787415622.5272896,-2.4098773240091185,0.007383499344825146,2.2070105666163204,-3.5614431950859307,1.2046956095523504,20.3146123047189,1.6612,18.108,-3.312624341860147,0.48732822231228823,19.535598295114003,1.0224
1787415622.647,-2.4079399120225435,0.007236062630963516,2.1788908797981485,-3.64425264601579,1.2557414705560503,21.541707243953393,1.7571,19.363,-3.312624341860147,0.48732822231228823,19.535598295114003,1.0242
1787415622.7057712,-2.406952757369899,0.006575946536888813,2.123514230671484,-3.64425264601579,1.2557414705560503,21.541707243953393,1.7582,19.418,-3.312624341860147,0.48732822231228823,19.535598295114003,1.0254
1787415622.829124,-2.405034155740464,0.004785593066447172,2.2804851451594206,-3.7449076983788845,1.3132255998128095,22.984675692112216,1.8728,20.704,-3.312624341860147,0.48732822231228823,19.535598295114003,1.0279
1787415622.8883545,-2.4042088961171917,0.004205232494453454,2.3045429522655168,-3.7967686718572167,1.3404985272918388,23.706352627819182,1.9300,21.402,-3.312624341860147,0.48732822231228823,19.535598295114003,1.0289
1787415623.031721,-2.402411945957076,0.00378694471728214,2.387287281029747,-3.7967686718572167,1.3404985272918388,23.706352627819182,1.9316,21.319,-3.312624341860147,0.48732822231228823,19.535598295114003,1.0307
1787415623.113623,-2.4014849075447984,0.003966369012386227,2.3528857086588038,-3.9027459162616283,1.3932922141255482,25.149132267644735,2.0455,22.796,-3.312624341860147,0.48732822231228823,19.535598295114003,1.0314
1787415623.2439735,-2.3998324791055934,0.004178144049305485,1.8722736788030583,-3.9027459162616283,1.3932922141255482,25.149132267644735,2.0466,23.277,-3.312624341860147,0.48732822231228823,19.535598295114003,1.0328
1787415623.296594,-2.3992631507397846,0.003723996112102232,1.88226757765978,-2.6018125844509377,-0.16492065172026762,5.686786759708936,0.2636,3.805,-2.6018125844509377,-0.16492065172026762,5.686786759708933,0.2636
1787415623.4113812,-2.3981327967938273,0.002060919014675579,1.9274365964373326,-2.6018125844509377,-0.16492065172026762,5.686786759708936,0.2634,3.759,-2.6018125844509377,-0.16492065172026762,5.686786759708933,0.2634
1787415623.524515,-2.3982334994743892,0.0005510125012614262,2.0613232196131426,-2.6018125844509377,-0.16492065172026762,5.686786759708936,0.2623,3.625,-2.6018125844509377,-0.16492065172026762,5.686786759708933,0.2623
1787415623.6530042,-2.398165994743741,-0.00018386884660446634,2.3548205331791388,-2.6018125844509377,-0.16492065172026762,5.686786759708936,0.2619,3.332,-2.6018125844509377,-0.16492065172026762,5.686786759708933,0.2619
1787415623.7198915,-2.397913333829566,3.2585920089202e-06,2.3688849260119538,-2.6018125844509377,-0.16492065172026762,5.686786759708936,0.2622,3.318,-2.6018125844509377,-0.16492065172026762,5.686786759708933,0.2622
1787415623.8479764,-2.3976139364319353,0.0005659087423033329,2.0386285525361707,-2.6018125844509377,-0.16492065172026762,5.686786759708936,0.2628,3.648,-2.6018125844509377,-0.16492065172026762,5.686786759708933,0.2628
1787415623.913392,-2.396740769816918,0.00037953220775828814,1.8076114288944338,-2.6018125844509377,-0.16492065172026762,5.686786759708936,0.2634,3.879,-2.6018125844509377,-0.16492065172026762,5.686786759708933,0.2634
1787415624.042656,-2.3946724482361574,-0.0009035821538739808,1.5099112957640892,-2.4571976611710724,-0.0030793103195200567,2.0081672045873535,0.0626,0.498,-2.4591867487800894,-0.0035476662866498875,2.006609351175136,0.0646
1787415624.1104236,-2.393464798278991,-0.0015298174216391324,1.3238727984042447,-2.481804173079406,0.004815950123716048,1.5238495888370902,0.0886,0.200,-2.5285897501667547,0.01989795458655159,1.221382038481924,0.1368
1787415624.2467272,-2.3913649710307476,-0.0017071324997476596,1.4876803698528758,-2.492073621574492,0.028338709904623997,0.9794609326150089,0.1051,0.508,-2.52489673139879,0.053596483490286735,0.5524322418462617,0.1445
1787415624.3328717,-2.390242697373812,-0.0014287863109166809,1.5757093084707556,-2.504771105589062,0.042827587327753304,0.63469436963676,0.1228,0.941,-2.5397269861733704,0.04933168251970669,0.26687808886888675,0.1579
1787415624.401055,-2.3891012722952976,-0.0008210990614478245,1.5758319141015822,-2.5157623528899116,0.04603600780186285,0.3356857752763259,0.1351,1.240,-2.5397269861733704,0.04933168251970669,0.26687808886888675,0.1588
1787415624.5318217,-2.386110179307382,0.00037259350148128434,1.3999350540745377,-2.521937869165924,0.05497099992089346,0.20132025526884137,0.1464,1.199,-2.5397269861733704,0.04933168251970669,0.26687808886888675,0.1612
1787415624.644901,-2.3829579525228297,0.00019676956162137458,1.3797076800262293,-2.5250305250043548,0.05946769206379418,0.1338933944541891,0.1539,1.246,-2.5397269861733704,0.04933168251970669,0.26687808886888675,0.1643
1787415624.7022078,-2.3820071266991807,-0.00032739035156176505,1.3290344835001555,-2.5250305250043548,0.05946769206379418,0.1338933944541891,0.1550,1.195,-2.5397269861733704,0.04933168251970669,0.26687808886888675,0.1654
1787415624.8473954,-2.3811806537962785,-0.00014101559296125896,1.3165615095514374,-2.531208229548451,0.06847188995123966,-0.0008420004852723606,0.1650,1.317,-2.5397269861733704,0.04933168251970669,0.26687808886888675,0.1661
1787415624.9183092,-2.3807530760844418,0.00028933180359521325,1.3781941168871121,-2.531208229548451,0.06847188995123966,-0.0008420004852723606,0.1652,1.379,-2.5397269861733704,0.04933168251970669,0.26687808886888675,0.1664
1787415624.9886456,-2.3802707290128606,0.0009970677488032836,1.4288019633196238,-2.5373883226137766,0.07752405489589223,-0.13584848070744293,0.1748,1.565,-2.5397269861733704,0.04933168251970669,0.26687808886888675,0.1666
1787415625.1345677,-2.379427556566105,0.002916300039873093,1.194395188742098,-2.5373883226137766,0.07752405489589223,-0.13584848070744293,0.1747,1.330,-2.5397269861733704,0.04933168251970669,0.26687808886888675,0.1669
1787415625.1975002,-2.3788031592020324,0.003443650360978732,1.174575818708179,-2.5435368942071572,0.0865747035639606,-0.27038837586094605,0.1845,1.445,-2.5397269861733704,0.04933168251970669,0.26687808886888675,0.1673
1787415625.3295043,-2.3773806054034914,0.003748905821219557,1.1643230963862758,-2.5435368942071572,0.0865747035639606,-0.27038837586094605,0.1857,1.435,-2.5397269861733704,0.04933168251970669,0.26687808886888675,0.1686
1787415625.3947437,-2.3766690361870837,0.003614087562307196,1.267584248894855,-2.5496861247954614,0.09567112976091394,-0.4051663765488917,0.1960,1.673,-2.5397269861733704,0.04933168251970669,0.26687808886888675,0.1693
1787415625.546244,-2.3752686126532527,0.0035800090010463343,1.5124498282669698,-2.551937110789651,-0.03716669870641762,2.31872147857477,0.1813,0.806,-2.5563242193125113,-0.0424626712302376,2.4115813278498255,0.1868
1787415625.6288993,-2.374422529517571,0.0040088827988193475,1.5204395990348685,-2.552645677307752,-0.04926249870888271,2.7757678038774456,0.1860,1.255,-2.5501002926156486,-0.05119779839040591,2.811301495024474,0.1841
1787415625.7015955,-2.3735645902985794,0.00472951978263704,1.441059063690249,-2.5472372120175093,-0.04898636169231458,2.8352449816486103,0.1818,1.394,-2.5372347739277576,-0.045518498713327714,2.775221433993955,0.1712
1787415625.8242998,-2.3720436662247466,0.00555848785965652,1.197043309095248,-2.5496320096447325,-0.05508738511150968,2.918806208319775,0.1877,1.722,-2.5372347739277576,-0.045518498713327714,2.775221433993955,0.1729
1787415625.8796113,-2.371216477575359,0.005374390745913511,1.1776167331692868,-2.542155791852059,-0.046712826879344145,2.716973088145026,0.1787,1.539,-2.531809980905354,-0.041434776975088065,2.6230727887666014,0.1673
1787415626.0238829,-2.369462254355484,0.0043873658444684716,1.2635980275527816,-2.5371259762214358,-0.04660634543967346,2.4724030247405264,0.1752,1.209,-2.527915720003255,-0.04311675076519423,2.405472547131362,0.1654
1787415626.0897908,-2.3686696190807965,0.003707019156078566,1.4916721141999438,-2.5380675298138353,-0.052062853867342884,2.5298101579001204,0.1783,1.038,-2.527915720003255,-0.04311675076519423,2.405472547131362,0.1660
1787415626.2144647,-2.3669898891507093,0.003389068650312793,1.5403913958091369,-2.538627595906159,-0.05538048701988135,2.564584079613433,0.1814,1.024,-2.527915720003255,-0.04311675076519423,2.405472547131362,0.1675
1787415626.3373792,-2.365154057626705,0.004023045192290474,1.4818594550282538,-2.545766650495539,-0.04135182388403084,2.622197273829728,0.1862,1.140,-2.554286020034943,-0.04345092168345201,2.664119301217843,0.1950
1787415626.4083846,-2.364322570595896,0.004485923204742324,1.2915774930617652,-2.547140139904788,-0.042922589692082944,2.6627438315469822,0.1889,1.371,-2.554286020034943,-0.04345092168345201,2.664119301217843,0.1959
1787415626.5397701,-2.362668778655569,0.003757983800078386,1.2584771559085661,-2.548420265597739,-0.04439124576820173,2.70062273649792,0.1919,1.442,-2.554286020034943,-0.04345092168345201,2.664119301217843,0.1973
1787415626.6524003,-2.3608126848456243,0.0020541487282659523,1.3198514380476185,-2.548420265597739,-0.04439124576820173,2.70062273649792,0.1933,1.381,-2.554286020034943,-0.04345092168345201,2.664119301217843,0.1988
1787415626.721159,-2.3599486848490177,0.0010514769610103203,1.4886528178940879,-2.5509726484016872,-0.04733090994967362,2.7763732375700965,0.1971,1.288,-2.554286020034943,-0.04345092168345201,2.664119301217843,0.1994
1787415626.8492858,-2.3582909496073756,0.00015394190012910178,1.5601937141053757,-2.5522447774897215,-0.04880373293659596,2.814270019912401,0.2000,1.254,-2.554286020034943,-0.04345092168345201,2.664119301217843,0.2008
1787415626.9096599,-2.3573865160977,8.817827858149181e-05,1.597768576920951,-2.5522447774897215,-0.04880373293659596,2.814270019912401,0.2009,1.217,-2.554286020034943,-0.04345092168345201,2.664119301217843,0.2017
1787415627.0395699,-2.355628293199841,0.00048110149621412795,1.4246380800831715,-2.5547794829343182,-0.05174976327093821,2.890006237404155,0.2059,1.465,-2.554286020034943,-0.04345092168345201,2.664119301217843,0.2035
1787415627.1093857,-2.3548456565646307,0.000577511324188997,1.1632925051995338,-2.5547794829343182,-0.05174976327093821,2.890006237404155,0.2067,1.727,-2.554286020034943,-0.04345092168345201,2.664119301217843,0.2042
1787415627.1826987,-2.3543167574911017,0.0004923323341331726,1.043217575042858,-2.5573033409985144,-0.05470110326598314,2.9657611667271446,0.2104,1.923,-2.554286020034943,-0.04345092168345201,2.664119301217843,0.2047
1787415627.3345485,-2.3531953601728226,-0.000722966385673276,0.7681678161943594,-2.5573033409985144,-0.05470110326598314,2.9657611667271446,0.2111,2.198,-2.554286020034943,-0.04345092168345201,2.664119301217843,0.2056
1787415627.4163108,-2.3527468803974974,-0.0014710117140613241,0.8402591162094043,-2.5598153112250173,-0.05765652394449651,3.0415038764111078,0.2146,2.201,-2.554286020034943,-0.04345092168345201,2.664119301217843,0.2059
1787415627.5471323,-2.351284415973947,-0.0018788866883296517,0.8693968562776023,-2.5610827926311246,-0.05915563475835186,3.079868759069347,0.2175,2.210,-2.554286020034943,-0.04345092168345201,2.664119301217843,0.2072
1787415627.6175382,-2.350493516779459,-0.001704922325538153,0.8299848155280727,-2.5610827926311246,-0.05915563475835186,3.079868759069347,0.2183,2.250,-2.554286020034943,-0.04345092168345201,2.664119301217843,0.2080
1787415627.739884,-2.348570742498299,-0.0013030623313879672,0.3394362277070727,-2.5635622522056685,-0.06209978915137683,3.155149201562245,0.2234,2.816,-2.554286020034943,-0.04345092168345201,2.664119301217843,0.2100
1787415627.8052504,-2.347301538005945,-0.0012390114596426605,0.10891910515846849,-2.5132166404699583,0.035002529078075544,-0.32317504611706593,0.1698,0.432,-2.5126859677906936,0.036408929871918974,-0.3444533212566964,0.1696
1787415627.9366276,-2.3447005471113798,-0.00212822933817761,-0.4702784522379801,-2.5094204778128733,0.04338110037434953,-0.5278752825013827,0.1709,0.058,-2.5126859677906936,0.036408929871918974,-0.3444533212566964,0.1723
1787415628.0166223,-2.343464360962841,-0.002870131928847235,-0.6522160769924646,-2.507206421069806,0.048205694596337174,-0.6447104554118022,0.1715,0.008,-2.5126859677906936,0.036408929871918974,-0.3444533212566964,0.1737
1787415628.148344,-2.342050984649693,-0.003358869863110047,-0.5992193027648781,-2.507206421069806,0.048205694596337174,-0.6447104554118022,0.1730,0.045,-2.5126859677906936,0.036408929871918974,-0.3444533212566964,0.1752
1787415628.2109196,-2.341241316567284,-0.0031704252003362907,-0.5719098804557574,-2.502693161519525,0.05795349635328241,-0.8783419411740433,0.1726,0.306,-2.5126859677906936,0.036408929871918974,-0.3444533212566964,0.1760
1787415628.3452122,-2.339676512878733,-0.0023068576966027233,-0.7743075855680421,-2.5003818686367634,0.06287579355920464,-0.9952320686703794,0.1734,0.221,-2.5126859677906936,0.036408929871918974,-0.3444533212566964,0.1773
1787415628.4057868,-2.339413536849987,-0.001973990647201147,-0.8852875456561075,-2.5003818686367634,0.06287579355920464,-0.9952320686703794,0.1735,0.110,-2.5126859677906936,0.036408929871918974,-0.3444533212566964,0.1775
1787415628.5380423,-2.3383382833266357,-0.0023158680038719848,-1.216935551666013,-2.495674448232131,0.07281527793276948,-1.228903783741102,0.1744,0.012,-2.5126859677906936,0.036408929871918974,-0.3444533212566964,0.1786
1787415628.6531324,-2.337635752507817,-0.0023225350691950127,-1.2656633175217298,-2.495674448232131,0.07281527793276948,-1.228903783741102,0.1750,0.037,-2.539162302041763,0.038059928631538995,-2.0863238339204875,0.2055
1787415628.7138214,-2.33729042600572,-0.0018839611116589403,-1.2623902902592599,-2.5341241591606245,0.037900277393501956,-2.0747445745845345,0.2008,0.812,-2.53060729465852,0.0497103720905915,-2.5027829328701117,0.2001
1787415628.7925596,-2.336889559288535,-0.0012412865759214543,-1.2334835757761204,-2.523862780395578,0.040052412750797156,-2.5678030560806167,0.1915,1.334,-2.5134408389360643,0.03620225825912274,-2.5041107477868922,0.1805
1787415628.936028,-2.3359093572357668,0.0009478441628332419,-1.2546796580771322,-2.4943105008319355,-0.042100976271156686,-0.4358093178204545,0.1641,0.819,-2.5355276272838805,-0.08182517945054017,0.21762425446305322,0.2161
1787415629.008346,-2.3355060664686893,0.002231732949148516,-1.4518381557109288,-2.494331498623209,-0.06315844285573499,-0.08161364252007101,0.1718,1.370,-2.4993738428283576,-0.07350174973339241,0.10076837263476457,0.1805
1787415629.086871,-2.3351282590137843,0.0032909641571729647,-1.7410764704153117,-2.4962876471921946,-0.07857482315897897,-0.134492009209022,0.1808,1.607,-2.504835168779722,-0.08397986704228222,-0.044862157132567575,0.1908
1787415629.217315,-2.3335658864789113,0.003410850259255503,-1.7170281873500948,-2.492703109694887,-0.09686048886844655,-0.13088998037918326,0.1881,1.586,-2.5000217283389743,-0.07204260083482406,-0.35051659883573544,0.1828
1787415629.3355858,-2.3321223632527124,0.003001201007119486,-1.339676395729722,-2.498385079085494,-0.07799162533164458,-0.2641450417185848,0.1849,1.076,-2.444394039494033,-0.07293909491997881,-0.27083481268720017,0.1355
1787415629.408169,-2.33138582819151,0.0030078579592797573,-1.330353874529663,-2.4751042696046555,-0.07930875940219105,-0.16030977797519189,0.1656,1.170,-2.4679577175144756,-0.07308868925503917,-0.03536781445557659,0.1563
1787415629.548927,-2.32970739665435,0.003869268307536913,-1.336486114855127,-2.4707875699518618,-0.07709670776461817,0.019761859990913403,0.1627,1.356,-2.4385455982891924,-0.0763097443475765,0.013995270461270252,0.1352
1787415629.6163354,-2.3288822414605734,0.004610948594488202,-1.4729951621186674,-2.4538911862390136,-0.0804391011548377,0.09418869497510511,0.1512,1.567,-2.4438058626600574,-0.07524633801714985,-0.048446709152648024,0.1399
1787415629.7489944,-2.3274537445409584,0.004415874754632313,-1.5462860864477628,-2.447466897210495,-0.07943507231890867,0.017938180747119146,0.1464,1.564,-2.4523266238159036,-0.07256900718068494,-0.18286973951411362,0.1467
1787415629.8234506,-2.3266850377905763,0.0039693974498315725,-1.5985286550652578,-2.4476899657723576,-0.0736831425788945,-0.19884708056473088,0.1438,1.400,-2.456937744224534,-0.07024688692167051,-0.256718100315784,0.1499
1787415629.8955216,-2.3258725503882203,0.003227426506431439,-1.5975965624584363,-2.4428281266699483,-0.07775385306111665,-0.2018740881110775,0.1423,1.396,-2.456937744224534,-0.07024688692167051,-0.256718100315784,0.1503
1787415630.02701,-2.324463562460145,0.0016256642804144618,-1.2153932786901052,-2.4382048598455777,-0.08161920616599472,-0.20472678875557496,0.1409,1.011,-2.463422504859587,-0.07305644429844385,-0.2530675011713348,0.1578
1787415630.100872,-2.3236154089622723,0.0014976787033225462,-1.2090237592547564,-2.4533737189049183,-0.07285352970292658,-0.270396592769082,0.1496,0.939,-2.463422504859587,-0.07305644429844385,-0.2530675011713348,0.1584
1787415630.211116,-2.321686586711634,0.002213917795756049,-1.3743916260280151,-2.473265098644207,-0.07053011600233877,-0.17359877537444163,0.1681,1.201,-2.492258103286892,-0.07261105940909024,-0.11488427934078892,0.1863
1787415630.3193493,-2.320437580356087,0.0022429632162601857,-1.5358089581103949,-2.493543045790165,-0.07714341251497067,0.23158898596162614,0.1904,1.767,-2.5202118189223577,-0.0852947451395632,0.39182349785272436,0.2181
1787415630.446158,-2.319075520088197,0.0014674405720397146,-1.961629897545575,-2.5037455487039204,-0.08197114903628859,0.27972917109122686,0.2026,2.241,-2.518728828465008,-0.08685377382123696,0.3707573248289774,0.2183
1787415630.5246904,-2.318453965625854,0.0006638826716254987,-2.2236773071590976,-2.5091004002161315,-0.08655854800935141,0.32691910440711214,0.2097,2.551,-2.518728828465008,-0.08685377382123696,0.3707573248289774,0.2186
1787415630.592449,-2.317891693414614,-0.0004030975730302009,-2.3445150306558924,-2.5123658593778773,-0.08933199228490535,0.35521770430360244,0.2138,2.700,-2.518728828465008,-0.08685377382123696,0.3707573248289774,0.2187
1787415630.7130008,-2.3166992161102304,-0.0018962549722897504,-2.318779531626673,-2.5123658593778773,-0.08933199228490535,0.35521770430360244,0.2143,2.674,-2.518728828465008,-0.08685377382123696,0.3707573248289774,0.2192
1787415630.7862449,-2.3159255593839188,-0.002172233037128317,-2.3027522834861225,-2.519015776840868,-0.09492227674471962,0.4117691329538495,0.2233,2.715,-2.518728828465008,-0.08685377382123696,0.3707573248289774,0.2198
1787415630.9256613,-2.3143095275914005,-0.0020386070077513642,-2.485796601686617,-2.5224024472977264,-0.09774391743766842,0.4400531624269368,0.2290,2.926,-2.518728828465008,-0.08685377382123696,0.3707573248289774,0.2213
1787415630.9911625,-2.3136123461044646,-0.002032447835196315,-2.773590254972385,-2.4652928994252754,0.022499162447640553,-3.3260103756275994,0.1537,0.552,-2.4571361188317824,0.031416837973015886,-3.484685974139802,0.1474
1787415631.1267638,-2.3118707885147454,-0.0028484482357423765,-2.7600100567623973,-2.479238967401514,0.034205246066303416,-3.7881377465452966,0.1714,1.028,-2.492081015730069,0.037539261439240315,-3.8598957149811657,0.1847
1787415631.1989155,-2.310945565635312,-0.0036583879028799665,-2.6827806818121354,-2.4719015461438554,0.03777059044005068,-3.9531857268991644,0.1662,1.270,-2.4639501291047323,0.03404608123354047,-3.8852155124211856,0.1576
1787415631.324362,-2.309326368356987,-0.005199881356361034,-2.4350327788552715,-2.4703511315285676,0.03302591185541362,-3.613427361035798,0.1655,1.178,-2.4723714630316422,0.023709682449959,-3.4455369302450958,0.1656
1787415631.4484096,-2.3075345895688524,-0.005695731601909013,-2.365119007959327,-2.4686953071162905,0.041050312952193746,-3.801170718896106,0.1678,1.436,-2.4723714630316422,0.023709682449959,-3.4455369302450958,0.1674
1787415631.5160773,-2.306586144500194,-0.005629740072503727,-2.3961524418610267,-2.4686953071162905,0.041050312952193746,-3.801170718896106,0.1687,1.405,-2.4723714630316422,0.023709682449959,-3.4455369302450958,0.1684
1787415631.6497734,-2.304906132120503,-0.005449399812705794,-2.8449056346216057,-2.46574439694571,0.05523435369931237,-4.126825974465964,0.1719,1.282,-2.4723714630316422,0.023709682449959,-3.4455369302450958,0.1700
1787415631.711774,-2.3039974965010845,-0.005839458341825571,-2.8406023393927247,-2.464211675315338,0.06245059536018642,-4.289702577648072,0.1742,1.449,-2.4723714630316422,0.023709682449959,-3.4455369302450958,0.1709
1787415631.8489587,-2.302097950927517,-0.007418763495598716,-2.7445924914882367,-2.485608748094802,0.033106076702212,-4.028397056007991,0.1879,1.284,-2.4839448802554918,0.04235448916545564,-4.240819227418699,0.1885
1787415631.9247518,-2.301236899938047,-0.008414379922320707,-2.519989016366848,-2.4845084267954505,0.039385757630280314,-4.188124062812195,0.1894,1.668,-2.4839448802554918,0.04235448916545564,-4.240819227418699,0.1896
1787415632.0016713,-2.3004162188472828,-0.009105596156663686,-2.494591069679909,-2.485602116833768,0.04732244559877801,-4.463687407037059,0.1936,1.969,-2.4839448802554918,0.04235448916545564,-4.240819227418699,0.1906
1787415632.1357608,-2.298524822347664,-0.009575593028735722,-2.453715573724096,-2.485602116833768,0.04732244559877801,-4.463687407037059,0.1955,2.010,-2.4839448802554918,0.04235448916545564,-4.240819227418699,0.1926
1787415632.2516606,-2.296733270533627,-0.009503964197499142,-2.8061631692700444,-2.4867790231012847,0.05599180616093448,-4.757733732112292,0.2010,1.952,-2.4839448802554918,0.04235448916545564,-4.240819227418699,0.1943
1787415632.332123,-2.2949371732249824,-0.010000262446855267,-2.823264568158757,-2.4873645025928055,0.060405539145763694,-4.904775558453598,0.2049,2.082,-2.4839448802554918,0.04235448916545564,-4.240819227418699,0.1961
1787415632.4504626,-2.2923836329508434,-0.012093048935659313,-2.9357053071566943,-2.4879513746503936,0.0648714940262124,-5.051828434425392,0.2102,2.116,-2.5077969873683132,0.04010627437399712,-4.292003740775802,0.2216
1787415632.5058193,-2.2920202932335547,-0.012545914214407126,-3.0943647351696715,-2.504699945665464,0.041118884831637656,-4.303457959916891,0.2193,1.209,-2.502379415575037,0.030295062073318984,-3.982330034489424,0.2147
1787415632.6312454,-2.2914803463793163,-0.012880359519956848,-2.9346977987887333,-2.5071907415780257,0.0368547646267008,-4.1088173128560275,0.2214,1.174,-2.502379415575037,0.030295062073318984,-3.982330034489424,0.2153
1787415632.6935236,-2.2910869992125407,-0.012690134414498157,-2.7725949753586243,-2.5119451568689857,0.03944012306887461,-4.27214678535984,0.2269,1.500,-2.502379415575037,0.030295062073318984,-3.982330034489424,0.2156
1787415632.8248503,-2.2897793190238507,-0.010909804182591538,-2.90274614102252,-2.5119451568689857,0.03944012306887461,-4.27214678535984,0.2278,1.369,-2.502379415575037,0.030295062073318984,-3.982330034489424,0.2166
1787415632.8929064,-2.2892103287812593,-0.009868088807418247,-3.144645054728855,-2.516967162358712,0.042163912156995983,-4.4403211615865805,0.2336,1.296,-2.4514071296916553,0.017865239666234243,-3.8555226884098075,0.1646
1787415633.0218291,-2.287844273230248,-0.008844564933847485,-3.4869149754119415,-2.516967162358712,0.042163912156995983,-4.4403211615865805,0.2347,0.953,-2.4400237414163266,0.015274936306410879,-3.8461955393449596,0.1541
1787415633.0872881,-2.286931271737935,-0.008965166215533412,-3.417428035034859,-2.436688959337269,0.019297010138561763,-4.108596765898529,0.1524,0.691,-2.416932723100056,0.017777081395485523,-4.056184570950344,0.1327
1787415633.2422247,-2.2850430181512307,-0.009277942234195492,-3.175083236083782,-2.417475893853941,0.016858909949199207,-4.498355641389065,0.1350,1.323,-2.406212811025438,0.016971766305325774,-4.4801166544799775,0.1240
1787415633.3100889,-2.284007794991626,-0.009055024864653996,-3.0565941288382397,-2.383782069397397,-0.007073485871629866,-3.8354115608531476,0.0998,0.779,-2.355645863157899,-0.01840709819774508,-3.6409735469501676,0.0722
1787415633.4469736,-2.2817402908828215,-0.007833647577909827,-2.868878234471061,-2.3618006799918967,-0.014648414188564446,-3.492228974607771,0.0803,0.623,-2.3446198903723605,-0.018236777040453112,-3.4184534081918705,0.0637
1787415633.5308766,-2.280626747038115,-0.006962994798317582,-2.910135959709896,-2.3571231216769286,-0.023781678573024954,-3.2072063070206474,0.0783,0.297,-2.4439092616926072,-0.07235649708506728,-1.9940835105684929,0.1759
1787415633.6113534,-2.279748190170367,-0.00633266830702096,-2.9374894982968422,-2.3751545478497214,-0.04605997365350416,-2.4753205809439525,0.1033,0.462,-2.4439092616926072,-0.07235649708506728,-1.9940835105684929,0.1769
1787415633.687374,-2.278813532455916,-0.006046480826790245,-2.991677980083666,-2.359786484475172,-0.0608102932217294,-2.3603460276561696,0.0978,0.631,-2.4439092616926072,-0.07235649708506728,-1.9940835105684929,0.1779
1787415633.822028,-2.2768871801222703,-0.0062595729639113515,-2.934807096528652,-2.359786484475172,-0.0608102932217294,-2.3603460276561696,0.0992,0.574,-2.4439092616926072,-0.07235649708506728,-1.9940835105684929,0.1796
1787415633.9467783,-2.2751477920150256,-0.006318303645193168,-2.448856538034474,-2.34282978484578,-0.07705757996569342,-2.2364026293743793,0.0979,0.212,-2.4439092616926072,-0.07235649708506728,-1.9940835105684929,0.1812
1787415634.0160663,-2.2744582195890524,-0.005965915433037729,-2.293552459689645,-2.34282978484578,-0.07705757996569342,-2.2364026293743793,0.0986,0.057,-2.4439092616926072,-0.07235649708506728,-1.9940835105684929,0.1820
1787415634.085671,-2.2737664894621306,-0.0052829897282885745,-2.119189930422035,-2.3254639709639964,-0.09366290794397397,-2.112446675507016,0.1024,0.007,-2.4439092616926072,-0.07235649708506728,-1.9940835105684929,0.1829
1787415634.2188368,-2.272845556425129,-0.003978084308865566,-2.0886299805883497,-2.31662275771578,-0.10209430349379443,-2.0504656907612686,0.1074,0.038,-2.4439092616926072,-0.07235649708506728,-1.9940835105684929,0.1842
1787415634.3204715,-2.272160709568847,-0.003770145979923466,-2.182196791861579,-2.3076766920748053,-0.11061634490790902,-1.9884686226190504,0.1126,0.194,-2.4439092616926072,-0.07235649708506728,-1.9940835105684929,0.1849
1787415634.4194505,-2.2705153105835993,-0.005308595492995936,-1.9952874522389192,-2.3076766920748053,-0.11061634490790902,-1.9884686226190504,0.1117,0.007,-2.4439092616926072,-0.07235649708506728,-1.9940835105684929,0.1859
1787415634.5112681,-2.2694118550752576,-0.0064574726611734004,-1.7669773612040887,-2.289494061100101,-0.1279266782230424,-1.8645325582420957,0.1231,0.098,-2.4439092616926072,-0.07235649708506728,-1.9940835105684929,0.1865
1787415634.636246,-2.268253089068686,-0.006730850545536597,-1.6177801489411707,-2.389318898004923,-0.07396785373918187,-0.673302352002762,0.1385,0.944,-2.3978542694920084,-0.07507987517495504,-0.6431413005924316,0.1465
1787415634.7017274,-2.26750291068402,-0.006405994893047927,-1.562206516018252,-2.389992431414187,-0.08075426360823003,-0.5160826260506861,0.1433,1.046,-2.391510480771204,-0.08250660474852373,-0.48738755071044404,0.1455
1787415634.8536258,-2.2661279223022848,-0.005353486379128806,-1.7846641772789507,-2.3925018039208172,-0.08075912647143446,-0.1884036764576557,0.1472,1.596,-2.3975739792516233,-0.0804144565003252,-0.18545961064021133,0.1514
1787415634.9249842,-2.265492532948682,-0.0050421666909099775,-2.041428709989409,-2.392280051584695,-0.07629246029941981,-0.3162031895776532,0.1454,1.725,-2.391920125423325,-0.07091109725600642,-0.4147472896977713,0.1426
1787415634.991097,-2.264657282059039,-0.0058746916359507795,-2.0261650595149154,-2.3917251671623583,-0.0808003820355259,-0.1149633392651362,0.1475,1.911,-2.391920125423325,-0.07091109725600642,-0.4147472896977713,0.1429
1787415635.1257133,-2.26289421004627,-0.008314069793696486,-1.7656663757554014,-2.3917251671623583,-0.0808003820355259,-0.1149633392651362,0.1478,1.651,-2.391920125423325,-0.07091109725600642,-0.4147472896977713,0.1434
1787415635.1921113,-2.262205112456348,-0.00930835464166717,-1.7332132017066049,-2.3910815803976355,-0.08635614094405071,0.12968007035101864,0.1502,1.863,-2.391920125423325,-0.07091109725600642,-0.4147472896977713,0.1436
1787415635.341679,-2.2606491449378057,-0.010528963608153646,-1.5938857642639497,-2.39076832267112,-0.08916603155228978,0.252055499011466,0.1520,1.846,-2.391920125423325,-0.07091109725600642,-0.4147472896977713,0.1445
1787415635.4079475,-2.2598029515844913,-0.010719772129001513,-1.6001197833050698,-2.39076832267112,-0.08916603155228978,0.252055499011466,0.1527,1.852,-2.391920125423325,-0.07091109725600642,-0.4147472896977713,0.1452
1787415635.542585,-2.258321019750647,-0.011141347967959046,-1.9804035129530324,-2.390170954397449,-0.0948470047079043,0.4967231903114038,0.1562,2.477,-2.391920125423325,-0.07091109725600642,-0.4147472896977713,0.1464
1787415635.6141663,-2.2578718946948944,-0.01169065171265029,-2.1057050006549956,-2.4211243981038177,0.012845628162878875,-2.600939768319332,0.1651,0.495,-2.435260743068691,0.021857482872141613,-2.770635680251219,0.1805
1787415635.7454312,-2.2572058037361944,-0.0134127671041137,-2.3107743886266587,-2.447850372178659,0.021556131970497598,-3.129902319478146,0.1938,0.819,-2.4644385369599124,0.024835377700503612,-3.2102019987661583,0.2107
1787415635.8098197,-2.257064679161463,-0.014001237855291261,-2.1139630782830716,-2.443359113652803,0.02625382464263172,-3.390287543977934,0.1906,1.276,-2.4145954875974724,0.014323145858325797,-3.3405627720656152,0.1601
1787415635.9310184,-2.256565866545177,-0.014601783954421733,-1.462794211139015,-2.433482056210753,0.022053105637960334,-3.48776606092366,0.1807,2.025,-2.4145954875974724,0.014323145858325797,-3.3405627720656152,0.1607
1787415636.0177643,-2.255426879730257,-0.01348117389194222,-1.5349111885002937,-2.4383682360183,0.035084037804366044,-3.6860960063896404,0.1893,2.151,-2.4145954875974724,0.014323145858325797,-3.3405627720656152,0.1616
1787415636.1165345,-2.2543963192852017,-0.012037040654088248,-1.911731513276864,-2.4383682360183,0.035084037804366044,-3.6860960063896404,0.1899,1.774,-2.4145954875974724,0.014323145858325797,-3.3405627720656152,0.1624
1787415636.1813285,-2.2537718791047796,-0.01171997551953972,-1.9307265370468514,-2.409447788468288,0.026291280682777047,-2.6154350529705908,0.1602,0.685,-2.367886349037415,0.007850667989266933,-2.4343087396841123,0.1158
1787415636.3087142,-2.252361695187233,-0.01186196886721851,-1.9905531899612305,-2.3900694840018,0.01685349308070284,-2.6088402952804413,0.1407,0.618,-2.367886349037415,0.007850667989266933,-2.4343087396841123,0.1172
1787415636.439451,-2.2509583066354484,-0.012722891771401977,-1.8121861978167157,-2.358194954784401,0.013087068967768473,-2.7879136188824534,0.1103,0.976,-2.331951407620174,0.006667582727526555,-2.6420106585720413,0.0833
1787415636.509739,-2.2499054795401943,-0.01256462529784446,-1.5894989020256238,-2.3599309427249415,0.015379093516058552,-2.719931606788579,0.1135,1.130,-2.3260582406922112,0.015779190954869366,-2.702348394783924,0.0813
1787415636.6479473,-2.247577973513939,-0.011424948816084963,-1.1108473199769768,-2.3425857207003205,0.01792525556693267,-2.7651821750872587,0.0994,1.654,-2.3260582406922112,0.015779190954869366,-2.702348394783924,0.0831
1787415636.7354953,-2.246429681690583,-0.010235540735245552,-1.0672142985588156,-2.3100603512019617,-0.007565327838336404,-2.2878741299034466,0.0637,1.221,-2.276600202678169,0.003855429218548298,-2.185952436547625,0.0333
1787415636.8125708,-2.2453980128784905,-0.008988617517464055,-1.2028608054297354,-2.30098669474617,0.007073178002614412,-2.3506429469169032,0.0579,1.148,-2.348808022807821,0.0177476587867805,-2.5700537710279163,0.1068
1787415636.9464545,-2.243385500903358,-0.008074223651299258,-1.2358572270957793,-2.286750459240003,0.008522877746354091,-2.352914875426712,0.0464,1.117,-2.348808022807821,0.0177476587867805,-2.5700537710279163,0.1085
1787415637.0083036,-2.242318914821288,-0.007972722985926679,-1.2077973195686482,-2.286750459240003,0.008522877746354091,-2.352914875426712,0.0474,1.145,-2.348808022807821,0.0177476587867805,-2.5700537710279163,0.1096
1787415637.1293187,-2.240439584492877,-0.007980880886279702,-1.0531047081953477,-2.2666949637339955,0.01057792195827698,-2.35605368760564,0.0322,1.303,-2.348808022807821,0.0177476587867805,-2.5700537710279163,0.1114
1787415637.2020748,-2.239527419058947,-0.0077424117876518555,-1.0049245475245043,-2.2666949637339955,0.01057792195827698,-2.35605368760564,0.0328,1.351,-2.348808022807821,0.0177476587867805,-2.5700537710279163,0.1122
1787415637.3417523,-2.2375283784044537,-0.00640684715358304,-0.9705793899734566,-2.2461842514163597,0.012693914542941618,-2.3591933947708497,0.0210,1.389,-2.348808022807821,0.0177476587867805,-2.5700537710279163,0.1139
1787415637.406433,-2.2365761494111447,-0.0054764062341640714,-1.1087616738130486,-2.2461842514163597,0.012693914542941618,-2.3591933947708497,0.0206,1.250,-2.348808022807821,0.0177476587867805,-2.5700537710279163,0.1146
1787415637.5442894,-2.234920521785888,-0.004495118337317721,-1.3704517884448213,-2.225227496225443,0.014869861367775484,-2.3623325793414347,0.0217,0.992,-2.348808022807821,0.0177476587867805,-2.5700537710279163,0.1160
1787415637.612315,-2.2341262140634695,-0.004641921198733213,-1.3864227449766788,-2.225227496225443,0.014869861367775484,-2.3623325793414347,0.0214,0.976,-2.348808022807821,0.0177476587867805,-2.5700537710279163,0.1168
1787415637.6821465,-2.2333243094736726,-0.00502523605773176,-1.328004188641171,-2.203818565740212,0.017106348582416782,-2.365472162894082,0.0369,1.037,-2.348808022807821,0.0177476587867805,-2.5700537710279163,0.1177
1787415637.8297787,-2.232364942341516,-0.005654338196577827,-1.1099055208409914,-2.203818565740212,0.017106348582416782,-2.365472162894082,0.0365,1.256,-2.348808022807821,0.0177476587867805,-2.5700537710279163,0.1188
1787415637.902977,-2.232025344504221,-0.005481795930387078,-1.0794572599733656,-2.1819657760509292,0.01940245467952019,-2.3686109378087155,0.0559,1.289,-2.348808022807821,0.0177476587867805,-2.5700537710279163,0.1191
1787415638.0390615,-2.2312642269791323,-0.004420022399484703,-1.200157921818778,-2.1708669543773627,0.020573323527591444,-2.3701808763033267,0.0654,1.170,-2.348808022807821,0.0177476587867805,-2.5700537710279163,0.1196
1787415638.1066294,-2.230992021630896,-0.0038557581664990146,-1.4435469002350225,-2.1708669543773627,0.020573323527591444,-2.3701808763033267,0.0649,0.927,-2.348808022807821,0.0177476587867805,-2.5700537710279163,0.1198
1787415638.253161,-2.2297069638494786,-0.003646578052415508,-1.4681621278868424,-2.1483342776353256,0.02296024739760731,-2.3733204544876805,0.0856,0.905,-2.348808022807821,0.0177476587867805,-2.5700537710279163,0.1210
1787415638.3283107,-2.229004560585486,-0.003938601877783908,-1.4268286465293976,-2.1483342776353256,0.02296024739760731,-2.3733204544876805,0.0850,0.946,-2.348808022807821,0.0177476587867805,-2.5700537710279163,0.1218
1787415638.3964581,-2.2283976998382604,-0.004363616932427048,-1.2289037961238245,-2.1253539590443262,0.025407061237522836,-2.3764597728894414,0.1073,1.148,-2.348808022807821,0.0177476587867805,-2.5700537710279163,0.1224
1787415638.5289423,-2.2269896567761718,-0.004375743223740953,-0.9306541098918116,-2.3859782089666277,-0.06696473424642332,-0.03294571897358575,0.1709,0.898,-2.399887345402421,-0.07000533389635452,0.0237330114248504,0.1849
1787415638.5972996,-2.226055259360951,-0.0038358796316697303,-0.9476570352105939,-2.3934962029613955,-0.07503828684044961,0.11713076005477867,0.1820,1.065,-2.399887345402421,-0.07000533389635452,0.0237330114248504,0.1860
1787415638.7481549,-2.224405858891686,-0.0028939891969897275,-1.0669727141996401,-2.384642830717976,-0.07777190961202803,0.5017932371801558,0.1769,1.569,-2.380058053082607,-0.07719892629283179,0.4880347154252161,0.1725
1787415638.808735,-2.223650847919686,-0.0029426954593881056,-1.1382207423076014,-2.3815815378917593,-0.07761474603019097,0.3918792822873074,0.1747,1.530,-2.3712438383353964,-0.07103902088807888,0.25401137433564597,0.1625
1787415638.9258642,-2.2220673444548447,-0.004059491386507469,-1.284016079599591,-2.3849088273044443,-0.08215444608937007,0.4958800980172284,0.1806,1.780,-2.3712438383353964,-0.07103902088807888,0.25401137433564597,0.1635
1787415639.0151217,-2.2206666194629014,-0.005951567486025647,-1.0567764869119196,-2.3882333987542275,-0.0866713800086256,0.5980109699999001,0.1860,1.655,-2.3712438383353964,-0.07103902088807888,0.25401137433564597,0.1640
1787415639.1110013,-2.2193810444486046,-0.006975334385870756,-0.9739168387212621,-2.3882333987542275,-0.0866713800086256,0.5980109699999001,0.1867,1.572,-2.3712438383353964,-0.07103902088807888,0.25401137433564597,0.1648
1787415639.2424676,-2.2178671949110944,-0.007101118472989309,-0.8035732810815743,-2.3950552945903394,-0.09586851512178117,0.8021349382970054,0.1982,1.606,-2.3712438383353964,-0.07103902088807888,0.25401137433564597,0.1662
1787415639.31429,-2.217070054479369,-0.006803468800044203,-0.7761166169611148,-2.3882700860295287,-0.07440027925593745,0.2515663116044061,0.1841,1.028,-2.3851300758609586,-0.07161913553518709,0.20047825565831381,0.1801
1787415639.4506898,-2.2156768369786226,-0.006395399291969439,-1.1032289164695561,-2.393016647215711,-0.07787243213908682,0.36218623908084047,0.1912,1.465,-2.3851300758609586,-0.07161913553518709,0.20047825565831381,0.1816
1787415639.5204148,-2.2147622571365333,-0.006854129140494218,-1.0961140352672405,-2.395961330157674,-0.080004886700469,0.4291835289766996,0.1954,1.525,-2.3851300758609586,-0.07161913553518709,0.20047825565831381,0.1823
1787415639.6516063,-2.213230675083758,-0.00819680997928594,-1.2208536551152573,-2.395961330157674,-0.080004886700469,0.4291835289766996,0.1963,1.650,-2.3851300758609586,-0.07161913553518709,0.20047825565831381,0.1832
1787415639.7142146,-2.212854442502007,-0.008733556856619657,-1.2542797694080239,-2.3687986975545288,0.006983392178661535,-1.7180928538083347,0.1567,0.464,-2.3687191493268736,0.018144298323939784,-1.924606296928535,0.1582
1787415639.8407404,-2.211950324325265,-0.009134760938338607,-1.2193557702165794,-2.3685901318358082,0.019382948585690424,-1.8250635351500377,0.1592,0.606,-2.3687191493268736,0.018144298323939784,-1.924606296928535,0.1591
1787415639.915548,-2.211415423675876,-0.008876402590563973,-1.1621116409396335,-2.3685901318358082,0.019382948585690424,-1.8250635351500377,0.1597,0.663,-2.3687191493268736,0.018144298323939784,-1.924606296928535,0.1596
1787415640.0309868,-2.2105347975257135,-0.008074203317856165,-1.435321323155762,-2.3683432171256773,0.03559728128836132,-1.9613606314087928,0.1637,0.526,-2.3687191493268736,0.018144298323939784,-1.924606296928535,0.1603
1787415640.1503434,-2.208611114424001,-0.00844297447415173,-1.4670414734017245,-2.368220300545135,0.043883624316711785,-2.0295473815043956,0.1680,0.563,-2.3687191493268736,0.018144298323939784,-1.924606296928535,0.1623
1787415640.2461646,-2.2071318876011796,-0.009235000695710522,-1.5693717784024739,-2.3681007034393664,0.052283210940287504,-2.0977075690024924,0.1723,0.528,-2.341625765945356,0.031000234374416784,-2.599086957525886,0.1404
1787415640.308731,-2.2065579272001643,-0.009294087015269407,-1.5011785786000107,-2.3379132104121907,0.03973863244214632,-2.3479106222358164,0.1402,0.847,-2.3325863947998906,0.03883525927683622,-2.320343002373732,0.1349
1787415640.3864841,-2.206068367957668,-0.009157706302409254,-1.2727229520347578,-2.3245697913879657,0.045354279351676276,-2.4832062607685677,0.1304,1.210,-2.3112911993139673,0.044634088319040234,-2.4522936162544706,0.1182
1787415640.5354934,-2.204545115457863,-0.007901635481765765,-0.9613875457784792,-2.3338971790392296,0.034032497906515885,-2.6931035847028837,0.1360,1.732,-2.3482335632333213,0.02841047479986117,-2.63348092721218,0.1482
1787415640.648674,-2.2029350129401437,-0.0056749616694999755,-1.1201915153738038,-2.330053930217525,0.04110182885397102,-2.834363466425878,0.1355,1.714,-2.3482335632333213,0.02841047479986117,-2.63348092721218,0.1492
1787415640.701365,-2.2022105096412905,-0.004683803403111917,-1.3413424730252488,-2.327555045924365,0.04570951388329174,-2.925020308687156,0.1351,1.584,-2.3482335632333213,0.02841047479986117,-2.63348092721218,0.1497
1787415640.825761,-2.200522739015201,-0.004119413595946797,-1.3687093161338926,-2.3265228760561927,-0.044480931400665585,-0.23855456435672465,0.1323,1.130,-2.3482966584079725,-0.06605113432130134,0.16715404789449761,0.1602
1787415640.8895762,-2.1995983617624386,-0.004246356402681302,-1.3128513569710403,-2.301911219309589,-0.030243157154002078,-0.8880489489985498,0.1056,0.425,-2.2838329731157923,-0.023197331251813468,-1.0024106092857323,0.0863
1787415641.035104,-2.1979328291546216,-0.004657555836281149,-1.1419995649341805,-2.313206398340302,-0.04273602560779437,-0.6653183904749373,0.1214,0.477,-2.2853868353787727,-0.0191457568490747,-1.3682059962892084,0.0886
1787415641.1178002,-2.197084025670685,-0.004546801099904598,-1.0862126973091506,-2.298082809069152,-0.02765654341338752,-1.230335566733193,0.1036,0.144,-2.2853868353787727,-0.0191457568490747,-1.3682059962892084,0.0895
1787415641.1834593,-2.1961456058703894,-0.00406553885329577,-1.038980074315248,-2.3096462189571807,-0.05399292412749217,-0.08320607582312618,0.1240,0.956,-2.341518836118979,-0.07133624891307268,0.24760452325706103,0.1602
1787415641.3302503,-2.1943696782395903,-0.0026712774390492025,-1.247530373952303,-2.323189322380268,-0.06073896191568617,0.046378876789514634,0.1413,1.294,-2.3408683514946116,-0.0720540967664308,0.20496502579052556,0.1621
1787415641.444711,-2.1926169431135274,-0.0023091711331312877,-1.5209753383555933,-2.3296764152335063,-0.06929842657544365,0.15413196000057428,0.1526,1.675,-2.3408683514946116,-0.0720540967664308,0.20496502579052556,0.1638
1787415641.5303018,-2.1907593725381265,-0.0034342799726169437,-1.419799699749538,-2.329862732538249,-0.08209168452094755,0.3221163569328139,0.1598,1.742,-2.3408683514946116,-0.0720540967664308,0.20496502579052556,0.1650
1787415641.6050196,-2.1896005836775756,-0.004641494998232455,-1.1331143614348094,-2.329862732538249,-0.08209168452094755,0.3221163569328139,0.1602,1.455,-2.3408683514946116,-0.0720540967664308,0.20496502579052556,0.1656
1787415641.7113311,-2.1890409982369587,-0.0053394516445185464,-0.6999170429922635,-2.33010403554656,-0.09599197863184035,0.4999273008784738,0.1677,1.200,-2.3408683514946116,-0.0720540967664308,0.20496502579052556,0.1658
1787415641.846584,-2.188278778313353,-0.005081129996194323,-0.17535946786413664,-2.359515223260399,-0.07744406066354313,0.14639456917957944,0.1859,0.322,-2.3709123280801494,-0.07614633228792911,0.12318194524023184,0.1960
1787415641.9172568,-2.187943758925031,-0.004568601733973706,-0.00015958346122785843,-2.3611794939162243,-0.08580496184673878,0.624439754229951,0.1913,0.625,-2.359938440983503,-0.0855482547822531,0.7939454532675508,0.1901
1787415642.0515368,-2.187225108393322,-0.004618646324418414,0.024168315959462252,-2.3596700583277483,-0.08508893656396338,1.0651784599385126,0.1903,1.041,-2.352749361953793,-0.08154142777242337,1.003895792204969,0.1825
1787415642.1072693,-2.1866847500401825,-0.005392618549574951,0.026939307721280885,-2.3623942229826196,-0.08954372549709143,1.188644420365067,0.1948,1.162,-2.352749361953793,-0.08154142777242337,1.003895792204969,0.1827
1787415642.2458055,-2.184730427370326,-0.00919834390232035,0.3603655594939268,-2.3049200130684584,-0.052465815489305935,0.9092873943725207,0.1277,0.549,-2.2547430263359187,-0.040989096601789475,0.7080645491491144,0.0769
1787415642.296275,-2.1842193439563133,-0.010277509379565411,0.4879643492280661,-2.2717210427123526,-0.04579403716840852,0.8510741986669824,0.0944,0.363,-2.237288714693074,-0.04108930859239766,0.7643420317441386,0.0614
1787415642.4430318,-2.1831100092950946,-0.011852042999010002,0.8334373190299095,-2.238071419109028,-0.030121127703591166,0.3947271934327002,0.0579,0.439,-2.1967867667763366,-0.020130516934864905,0.25581522938586493,0.0160
1787415642.5141885,-2.182385345818611,-0.012099889854329582,0.9240373717072652,-2.197661437509706,-0.01649469408340532,0.5538745981837292,0.0159,0.370,-2.1917898715192012,-0.01541977587416447,0.5465353387858026,0.0100
1787415642.6533084,-2.181157157846064,-0.012417920388206499,0.7255850006007878,-2.182220730044317,-0.014410167928067659,0.4575935861328409,0.0023,0.268,-2.1751869344273222,-0.019572205627360405,0.6883145279448223,0.0093
1787415642.7280376,-2.1802316783748,-0.012473381807967072,0.34296038041397325,-2.171430608756709,-0.027951143032830035,0.9237950850373579,0.0178,0.581,-2.189916519339574,-0.03527806955837037,1.0383274840742651,0.0248
1787415642.8038085,-2.179466116628259,-0.012285234585079007,0.01635120494992202,-2.2262200061835156,-0.0116234465919061,0.12506101380641066,0.0468,0.109,-2.364678005052488,0.029873012587501555,-0.7614452676740794,0.1899
1787415642.9491887,-2.178328773497094,-0.011970336275278392,-0.28257338816179184,-2.2184303386397217,-0.005977974782239388,0.14521046443058114,0.0405,0.428,-2.364678005052488,0.029873012587501555,-0.7614452676740794,0.1910
1787415643.0192432,-2.1778276232331892,-0.011657916349946418,-0.3106646797571942,-2.2184303386397217,-0.005977974782239388,0.14521046443058114,0.0410,0.456,-2.364678005052488,0.029873012587501555,-0.7614452676740794,0.1914
1787415643.089241,-2.17724969291853,-0.011017194847858361,-0.3303616715111658,-2.2069316467694784,0.0024534034391822937,0.17455569318053019,0.0326,0.505,-2.364678005052488,0.029873012587501555,-0.7614452676740794,0.1918
1787415643.2126358,-2.176032969687091,-0.008821137909123677,-0.3480967250688234,-2.2011140052332494,0.0067639798857006645,0.18923017320888288,0.0295,0.537,-2.364678005052488,0.029873012587501555,-0.7614452676740794,0.1926
1787415643.3452568,-2.1748216071978654,-0.007152871216178669,-0.5562091350800387,-2.2011140052332494,0.0067639798857006645,0.18923017320888288,0.0297,0.745,-2.364678005052488,0.029873012587501555,-0.7614452676740794,0.1934
1787415643.4082122,-2.174055353734801,-0.0068647067539196705,-0.5781013092631677,-2.1893434019897597,0.015569558220334633,0.2185744685451651,0.0271,0.797,-2.364678005052488,0.029873012587501555,-0.7614452676740794,0.1941
1787415643.546294,-2.172463383896098,-0.006925597386584876,-0.4540925867848596,-2.183387683466682,0.02006909904820739,0.2332540661338613,0.0291,0.687,-2.364678005052488,0.029873012587501555,-0.7614452676740794,0.1957
1787415643.6136255,-2.171780467315158,-0.006998287834582633,-0.20164628172128138,-2.183387683466682,0.02006909904820739,0.2332540661338613,0.0295,0.435,-2.364678005052488,0.029873012587501555,-0.7614452676740794,0.1964
1787415643.7489655,-2.1700634891622426,-0.006496224205625359,-0.19194324632914073,-2.1713462848708667,0.029248886436062705,0.2625960842108282,0.0358,0.455,-2.364678005052488,0.029873012587501555,-0.7614452676740794,0.1980
1787415643.822181,-2.169134604421308,-0.005851937798439405,-0.24017797008653743,-2.321057183932818,-0.07496335173956552,1.101444846897127,0.1669,1.342,-2.342949931767224,-0.08108602143748929,1.214388080412906,0.1894
1787415643.9508286,-2.167501800752022,-0.0050644114033346595,-0.43732264844228863,-2.333421454323771,-0.07109395351122465,1.159229513771978,0.1786,1.597,-2.335950708307989,-0.06878217926980995,1.1276369594822584,0.1801
1787415644.0140262,-2.1666633295590993,-0.005297769491721875,-0.472265221467578,-2.3414780127567054,-0.0752105418248524,1.2242285269920856,0.1883,1.696,-2.335950708307989,-0.06878217926980995,1.1276369594822584,0.1808
1787415644.1497705,-2.164863341713947,-0.006480326860254015,-0.47773017906655724,-2.3487920855694786,-0.07894280090812028,1.2821800577526807,0.1977,1.760,-2.335950708307989,-0.06878217926980995,1.1276369594822584,0.1821
1787415644.2123613,-2.164026524634446,-0.007314774043337117,-0.3194790916362903,-2.356229728577509,-0.08273332997441492,1.340131124326129,0.2065,1.660,-2.335950708307989,-0.06878217926980995,1.1276369594822584,0.1826
1787415644.3410575,-2.1624050649358955,-0.008099758704543278,-0.2533488423194235,-2.3637921581536077,-0.08658305727813188,1.3980918345182354,0.2161,1.651,-2.335950708307989,-0.06878217926980995,1.1276369594822584,0.1838
1787415644.404332,-2.161504110796578,-0.008092310415824042,-0.21679572752985143,-2.3714778732950283,-0.09049152897255716,1.45605133121731,0.2256,1.673,-2.335950708307989,-0.06878217926980995,1.1276369594822584,0.1847
1787415644.5436335,-2.1597370706921657,-0.007551889057597976,-0.39171612684862633,-2.3714778732950283,-0.09049152897255716,1.45605133121731,0.2274,1.848,-2.335950708307989,-0.06878217926980995,1.1276369594822584,0.1865
1787415644.6074033,-2.1589506046179423,-0.00740295577183612,-0.6625130678859364,-2.3872189861171806,-0.09847577521197845,1.5719393967695015,0.2458,2.234,-2.335950708307989,-0.06878217926980995,1.1276369594822584,0.1873
1787415644.7489033,-2.1579151486266945,-0.00816946639596757,-0.706882016912382,-2.3952732013266416,-0.10256165584604514,1.6298910961673805,0.2554,2.337,-2.335950708307989,-0.06878217926980995,1.1276369594822584,0.1881
1787415644.8135672,-2.1573799570918006,-0.008972800262098643,-0.6656862621078693,-2.3952732013266416,-0.10256165584604514,1.6298910961673805,0.2556,2.296,-2.335950708307989,-0.06878217926980995,1.1276369594822584,0.1883
1787415644.948499,-2.1562904120000344,-0.010320329930789046,-0.4684932635349324,-2.4117561165253476,-0.11090547583529196,1.745804626528858,0.2746,2.214,-2.335950708307989,-0.06878217926980995,1.1276369594822584,0.1889
1787415645.0235207,-2.1555902917707184,-0.010592398061390116,-0.44240605833026375,-2.4117561165253476,-0.11090547583529196,1.745804626528858,0.2751,2.188,-2.335950708307989,-0.06878217926980995,1.1276369594822584,0.1895
1787415645.0881846,-2.1548121644149734,-0.0105350170419873,-0.43970222355719163,-2.3163114750070553,-0.061537122829819886,0.6212824882463308,0.1694,1.061,-2.3063067475890833,-0.05913025685512967,0.5742766595357621,0.1591
1787415645.2195377,-2.153418518397136,-0.010094133175074597,-0.7710264970915218,-2.317187650675423,-0.061649564636509384,0.6221680014513605,0.1717,1.393,-2.3063067475890833,-0.05913025685512967,0.5742766595357621,0.1606
1787415645.3426995,-2.151819838723467,-0.010276143433923815,-0.7914873343769049,-2.2769606025962927,-0.006518020499062145,-1.3105770106748946,0.1252,0.519,-2.2768286343416113,0.002928051813551287,-1.4698058166981567,0.1257
1787415645.402039,-2.1509425781270686,-0.01071481495605395,-0.7823802134237443,-2.2726474879638316,0.0019936940540296903,-1.4751001526130114,0.1224,0.693,-2.2606738281221515,0.04411432656702153,-1.9083590338076009,0.1227
1787415645.5324876,-2.1493271995863577,-0.011950592980529457,-0.4557048397866352,-2.2801503228721547,0.018179316720514323,-1.7336725284351246,0.1342,1.278,-2.2927229735168306,0.0100018735756008,-1.6292145850545963,0.1451
1787415645.5922775,-2.1485374150273993,-0.012323656650054885,-0.4372320123885882,-2.2450665837748973,-0.003566083579863988,-1.017329360905108,0.0969,0.580,-2.2217423337078803,-0.01346148771792965,-0.841985104685653,0.0732
1787415645.7113123,-2.146772930169188,-0.012323482861208221,-0.40960807065789945,-2.238822808595852,-7.72559693649673e-05,-1.093284173385131,0.0929,0.684,-2.2217423337078803,-0.01346148771792965,-0.841985104685653,0.0750
1787415645.828454,-2.1442244251087605,-0.011366379598048839,-0.8818176851241774,-2.2328572622413727,0.003256360512449812,-1.1650357250889531,0.0898,0.283,-2.2217423337078803,-0.01346148771792965,-0.841985104685653,0.0775
1787415645.9085693,-2.1426862478560516,-0.011353229330641952,-0.918895875326833,-2.2505952395409747,-0.04456059009987961,0.14985486973137824,0.1129,1.069,-2.278699528737207,-0.061785700501306565,0.4845461677709725,0.1451
1787415646.0359406,-2.140948817114719,-0.0121604072972814,-0.9293256761277886,-2.2332763978278,-0.018563143530462248,-0.44459944657632927,0.0925,0.485,-2.207577245875224,-0.02031900075351955,-0.40608588039642374,0.0671
1787415646.1072626,-2.140026046309738,-0.012952268800876007,-0.8398893328623778,-2.2223854031744725,-0.016996327650814186,-0.591885201480467,0.0825,0.248,-2.2163552109217233,-0.016819411930818984,-0.5887930947449538,0.0764
1787415646.2453375,-2.138381822677456,-0.014456410996441849,-0.2890088960617452,-2.2367911823711997,-0.013398418298980365,-0.9496923703208824,0.0984,0.661,-2.3021463401831173,0.013322076942080732,-1.8283153201526785,0.1661
1787415646.3100548,-2.1373920596401614,-0.014478424062085398,-0.28496603788409774,-2.2678598264683787,0.014297551867828615,-1.9157009592299516,0.1336,1.631,-2.2912178169795503,0.028929477858149276,-2.197684846210668,0.1598
1787415646.44518,-2.1352543649220155,-0.013576726679999276,-0.4402866860481897,-2.268939394362452,0.05246601676130464,-2.2407551005102313,0.1491,1.800,-2.282000586331067,0.06842378932373626,-2.51029848070354,0.1681
1787415646.514623,-2.1344516548680934,-0.013098879057431177,-0.4648573171877768,-2.2753012466841733,0.03388027592553047,-2.0999570680025283,0.1485,1.635,-2.286801110817648,0.015477264521267527,-1.6343425148869306,0.1550
1787415646.5928872,-2.133630866093472,-0.012869812542432425,-0.5553040537033784,-2.301747015809659,0.0255557126352552,-1.4355961574046872,0.1725,0.880,-2.3311994089871573,0.02895032718290105,-1.5270721441167272,0.2019
1787415646.7517393,-2.1318399805893753,-0.01327172532643406,-0.6794030264878691,-2.313216161000143,0.0216795593829663,-1.3518618087107563,0.1847,0.672,-2.322178054273739,0.019308222931983945,-1.32751371148486,0.1931
1787415646.8176978,-2.1310160472408346,-0.013733177060042264,-0.565061284450854,-2.306014915751923,0.047200386902848696,-1.7650177433678234,0.1853,1.200,-2.295387635999176,0.0520667752611299,-1.8276582312778882,0.1771
1787415646.8948681,-2.1302332738616108,-0.014017598716514788,-0.3529106579877362,-2.3221994400621626,0.03861605153920418,-1.8958335000926276,0.1991,1.543,-2.3338867625705935,0.034946664596248074,-1.8591473214927565,0.2095
1787415646.9791942,-2.129530500594628,-0.013716873735582792,-0.3566586433725314,-2.3282688181567575,0.03823946769199277,-2.087524480618583,0.2054,1.731,-2.332564763653721,0.03780479244479306,-2.0914959708969865,0.2095
1787415647.1230862,-2.1280340499505637,-0.012210482276977111,-0.5663499300651772,-2.3375678052435815,0.04376463790941701,-2.2184732587984852,0.2169,1.652,-2.332564763653721,0.03780479244479306,-2.0914959708969865,0.2106
1787415647.2335665,-2.127539170144675,-0.010929025851662225,-0.8640704280164401,-2.3437514347183326,0.0474362482718474,-2.3038948533752492,0.2240,1.440,-2.332564763653721,0.03780479244479306,-2.0914959708969865,0.2107
1787415647.2929244,-2.127207780264338,-0.010632870760031523,-1.0529557657952229,-2.350031351158173,0.05116092714379393,-2.3893492501468345,0.2312,1.336,-2.332564763653721,0.03780479244479306,-2.0914959708969865,0.2110
1787415647.428002,-2.1266420019307586,-0.010832726600876277,-1.3763813414768207,-2.350031351158173,0.05116092714379393,-2.3893492501468345,0.2318,1.013,-2.332564763653721,0.03780479244479306,-2.0914959708969865,0.2116
1787415647.4981873,-2.126484085293511,-0.010981209513778017,-1.3376351816062788,-2.362872350020347,0.058753405301333356,-2.560182545937708,0.2465,1.223,-2.332564763653721,0.03780479244479306,-2.0914959708969865,0.2118
1787415647.6367695,-2.125410916981757,-0.010329308841799082,-1.32508880014736,-2.362872350020347,0.058753405301333356,-2.560182545937708,0.2473,1.235,-2.332564763653721,0.03780479244479306,-2.0914959708969865,0.2127
1787415647.6975236,-2.124795901124735,-0.009613365067039418,-1.3704438357814015,-2.376088065949597,0.06655606520646597,-2.7310268985138157,0.2626,1.361,-2.332564763653721,0.03780479244479306,-2.0914959708969865,0.2131
1787415647.8277025,-2.123703814955285,-0.008047876024604267,-1.5640843513444562,-2.282413926077547,-0.061353725947698876,-0.3644900177759892,0.1674,1.200,-2.270999630912049,-0.06521872020524572,-0.29229702426909804,0.1580
1787415647.9039962,-2.1231314744488765,-0.007559340465040271,-1.6339625352735034,-2.2194466318574824,-0.0456054357561494,-0.9081407921125567,0.1036,0.726,-2.177150736949634,-0.03903336493297902,-1.0114091800322995,0.0625
1787415648.0468025,-2.121859527321777,-0.007471958341051582,-1.6959464466178409,-2.17554971036482,-0.039577581819475176,-0.9712763659705984,0.0626,0.725,-2.183551375707805,-0.02472778943124887,-1.5601202783844048,0.0641
1787415648.1146085,-2.121301274050972,-0.00764184135187613,-1.557997645015624,-2.1730886418606623,-0.030677363220449755,-1.4635731273353048,0.0567,0.094,-2.124123582361557,-0.032783340590630296,-1.3549390210332255,0.0253
1787415648.185499,-2.1207810180432562,-0.007633708233681983,-1.3243608666684044,-2.1437295421767386,-0.036800124023278175,-1.18308488050665,0.0371,0.141,-2.1590158920121083,-0.038381854702588335,-1.1512829238195466,0.0491
1787415648.348427,-2.1189563397832982,-0.006797379001359136,-0.9188836457623255,-2.163043094520186,-0.047938471277479036,-0.3319814487169809,0.0603,0.587,-2.218429083839548,-0.06381489940596716,-0.023768579110508985,0.1147
1787415648.4217107,-2.117786334828979,-0.006037693114044564,-0.9049676256207652,-2.155025846580447,-0.05174479445730712,-0.28108547374445747,0.0590,0.624,-2.2317832094953083,-0.07482785619793017,0.3277497258679603,0.1331
1787415648.50128,-2.116869376681958,-0.005775721527052675,-0.9234946116467555,-2.2091213796207594,-0.06593812293396101,0.20648122569128602,0.1101,1.130,-2.249336410917666,-0.06956067553889277,0.2796271014194091,0.1470
1787415648.6304455,-2.114930062037878,-0.006406498874122948,-1.0762028510286434,-2.2084778631197635,-0.07206086088529204,0.29887643484252524,0.1143,1.375,-2.249336410917666,-0.06956067553889277,0.2796271014194091,0.1485
1787415648.7429216,-2.113108400209646,-0.008009425191294538,-1.0037182046354989,-2.2079335849866664,-0.07737958570487101,0.37791002884880875,0.1175,1.382,-2.249336410917666,-0.06956067553889277,0.2796271014194091,0.1495
1787415648.8360243,-2.111468411368525,-0.008802327901581607,-0.9313220390581882,-2.2073952902333813,-0.08277406490664115,0.4569522675693336,0.1211,1.388,-2.249336410917666,-0.06956067553889277,0.2796271014194091,0.1507
1787415648.9203455,-2.1096670292843673,-0.008883749005834584,-0.8490640989815343,-2.2073952902333813,-0.08277406490664115,0.4569522675693336,0.1225,1.306,-2.249336410917666,-0.06956067553889277,0.2796271014194091,0.1523
1787415649.034125,-2.107806606995875,-0.008388104029809385,-0.932899588681792,-2.2063442948631278,-0.09378230447879786,0.6149365671445914,0.1304,1.548,-2.249336410917666,-0.06956067553889277,0.2796271014194091,0.1542
1787415649.0992203,-2.1069901819317693,-0.0080861846482528,-1.1566523524851806,-2.205822940353971,-0.09940161207928232,0.6939681265892044,0.1346,1.851,-2.249336410917666,-0.06956067553889277,0.2796271014194091,0.1551
1787415649.234192,-2.105119451710944,-0.008393152537968056,-1.177778904452886,-2.205822940353971,-0.09940161207928232,0.6939681265892044,0.1357,1.872,-2.249336410917666,-0.06956067553889277,0.2796271014194091,0.1567
1787415649.3000927,-2.104106212002198,-0.008924178313789338,-1.1793661235257722,-2.204803992609371,-0.11086219066883544,0.851969445371568,0.1433,2.031,-2.249336410917666,-0.06956067553889277,0.2796271014194091,0.1574
1787415649.4370246,-2.102246075383898,-0.010370564858454404,-0.8332182258466974,-2.204803992609371,-0.11086219066883544,0.851969445371568,0.1436,1.685,-2.249336410917666,-0.06956067553889277,0.2796271014194091,0.1586
1787415649.5105665,-2.101357487674306,-0.010789339222448248,-0.8168895243725419,-2.203804385104979,-0.12262392081232554,1.0099729093325216,0.1517,1.827,-2.249336410917666,-0.06956067553889277,0.2796271014194091,0.1592
1787415649.6386335,-2.099405761469285,-0.01078847175410179,-0.8340193392086986,-2.203306939852495,-0.12862008145857795,1.0890100019947546,0.1571,1.923,-2.249336410917666,-0.06956067553889277,0.2796271014194091,0.1610
1787415649.713795,-2.0984558776551627,-0.010526189708487952,-0.9713605510421798,-2.203306939852495,-0.12862008145857795,1.0890100019947546,0.1579,2.060,-2.249336410917666,-0.06956067553889277,0.2796271014194091,0.1620
1787415649.850106,-2.096652195985259,-0.010493762313473728,-1.2615142822119254,-2.2023330056095745,-0.14083677056726102,1.2470522774910766,0.1678,2.509,-2.249336410917666,-0.06956067553889277,0.2796271014194091,0.1637
1787415649.920294,-2.09567513726101,-0.010952184776905587,-1.3212584313680926,-2.2023330056095745,-0.14083677056726102,1.2470522774910766,0.1681,2.568,-2.249336410917666,-0.06956067553889277,0.2796271014194091,0.1645
1787415650.0175128,-2.0937454823541586,-0.012480610704201159,-1.196628358927737,-2.2013743643326937,-0.1533536547715307,1.405076877189739,0.1773,2.602,-2.249336410917666,-0.06956067553889277,0.2796271014194091,0.1657
1787415650.1188626,-2.0921248900604343,-0.013483806263522193,-1.108284641919733,-2.2013743643326937,-0.1533536547715307,1.405076877189739,0.1775,2.513,-2.249336410917666,-0.06956067553889277,0.2796271014194091,0.1669
1787415650.1917112,-2.0912465230978405,-0.013696314154627466,-1.035720512644896,-2.200429473760008,-0.16616892348901194,1.5630608512351234,0.1875,2.599,-2.249336410917666,-0.06956067553889277,0.2796271014194091,0.1677
1787415650.337625,-2.089276870247732,-0.013205160374307218,-0.9218005636061707,-2.1999566904972436,-0.1726944361229054,1.6421137913549386,0.1941,2.564,-2.249336410917666,-0.06956067553889277,0.2796271014194091,0.1697
1787415650.405693,-2.0883990608401106,-0.012843717663026414,-1.0568713640323295,-2.1999566904972436,-0.1726944361229054,1.6421137913549386,0.1949,2.699,-2.249336410917666,-0.06956067553889277,0.2796271014194091,0.1706
1787415650.529699,-2.0871994852857885,-0.012569748941072555,-1.8241631519736738,-2.199028922271464,-0.18596261334919945,1.8000993488028822,0.2063,3.624,-2.249336410917666,-0.06956067553889277,0.2796271014194091,0.1719
1787415650.6396837,-2.086545735345881,-0.012843188318362703,-2.82838267440864,-2.1985637219109453,-0.19271318635747667,1.8791336863130574,0.2119,4.708,-2.249336410917666,-0.06956067553889277,0.2796271014194091,0.1724
1787415650.6945322,-2.086603576388197,-0.012994869450237949,-3.1345711455250513,-2.1985637219109453,-0.19271318635747667,1.8791336863130574,0.2117,5.014,-2.249336410917666,-0.06956067553889277,0.2796271014194091,0.1723
1787415650.821034,-2.0865749363125854,-0.01288017864351855,-3.6078890269938655,-2.1976485128363463,-0.2064470333807611,2.037262389198816,0.2232,5.645,-2.249336410917666,-0.06956067553889277,0.2796271014194091,0.1723
1787415650.9484093,-2.086266538476233,-0.01164075111974748,-4.02196745904315,-2.1976485128363463,-0.2064470333807611,2.037262389198816,0.2244,6.059,-2.249336410917666,-0.06956067553889277,0.2796271014194091,0.1731
1787415651.0109627,-2.0861609856512096,-0.010809704041728202,-4.384663973382392,-2.1967413503881152,-0.2204641366468234,2.195173891762637,0.2370,6.580,-2.249336410917666,-0.06956067553889277,0.2796271014194091,0.1734
1787415651.0859165,-2.0861237044144847,-0.010102008806895681,-4.850171348880215,-2.1967413503881152,-0.2204641366468234,2.195173891762637,0.2377,7.045,-2.249336410917666,-0.06956067553889277,0.2796271014194091,0.1737
1787415651.2314763,-2.0849406934044232,-0.010416251882248383,-4.854007204145897,-2.212367606218916,0.010458746881806702,-5.90264730462696,0.1291,1.049,-2.233237363657032,0.004834929744912581,-5.634007648173961,0.1491
1787415651.3100045,-2.0843498278093433,-0.010938795194893533,-4.765861676266494,-2.2265448518754742,0.006877226598069719,-5.659627002236443,0.1433,0.894,-2.233237363657032,0.004834929744912581,-5.634007648173961,0.1497
1787415651.446921,-2.083255360071501,-0.011896644020379928,-4.49372907273437,-2.168480354238353,-0.011466918023023707,-5.112770227876742,0.0852,0.619,-2.1422004874961695,-0.021635934654299714,-4.632860075596228,0.0597
1787415651.5197284,-2.082565829613826,-0.01205936096758387,-4.472400281105324,-2.1541937961003335,-0.01739029716172833,-4.717514116914268,0.0718,0.245,-2.11469807771378,-0.03232790009935761,-4.40847623006463,0.0380
1787415651.5988307,-2.081766313502974,-0.011891986610402177,-4.492162692466349,-2.128712200365734,-0.029679203902692335,-4.437902086512008,0.0502,0.054,-2.1274306052793066,-0.02573643690102936,-4.552250509377609,0.0477
1787415651.7343118,-2.0803515069516805,-0.011438069684788103,-4.920159413849633,-2.1222135890497698,-0.027411863041303417,-4.523993835501372,0.0448,0.396,-2.1274306052793066,-0.02573643690102936,-4.552250509377609,0.0492
1787415651.852569,-2.0776889671297676,-0.012701781033747243,-4.7770076902116765,-2.1022658588084515,-0.031125544248310235,-4.6313292659083976,0.0307,0.146,-2.1274306052793066,-0.02573643690102936,-4.552250509377609,0.0514
1787415651.9497478,-2.0754772599191322,-0.014225691055308033,-4.5784611310661605,-2.112418117683187,-0.026912311626341133,-4.497931137927896,0.0391,0.081,-2.1073314439158857,-0.022131063021907153,-5.072493280018321,0.0328
1787415652.0057867,-2.074437480183648,-0.014928074334372963,-4.396490585338051,-2.1064359533058568,-0.02422291639291401,-5.034696423963141,0.0333,0.638,-2.105045215103532,-0.013658446182363532,-5.060912301230568,0.0306
1787415652.1411734,-2.072112118677283,-0.01586978914853205,-3.9633076701488634,-2.1059763917085665,-0.01669002717966454,-4.830249214753644,0.0339,0.867,-2.122407809212743,-0.018000833693362143,-4.805452621516181,0.0503
1787415652.2067719,-2.0708468519516976,-0.015802543180178267,-3.6707526250140576,-2.0964853567210504,-0.016119766120374773,-4.909124138217361,0.0256,1.238,-2.122407809212743,-0.018000833693362143,-4.805452621516181,0.0516
1787415652.287816,-2.069597800554783,-0.0155520598997618,-3.4704043644010683,-2.089439263076919,-0.015703599292824215,-4.967000184451297,0.0198,1.497,-2.122407809212743,-0.018000833693362143,-4.805452621516181,0.0529
1787415652.42383,-2.067317491695064,-0.01533386510094747,-3.45360213691594,-2.089439263076919,-0.015703599292824215,-4.967000184451297,0.0221,1.513,-2.122407809212743,-0.018000833693362143,-4.805452621516181,0.0552
1787415652.4877727,-2.06685048197752,-0.015291737898856347,-3.9836910874463167,-2.0751481397206177,-0.014867626817631615,-5.082685456621721,0.0083,1.099,-2.122407809212743,-0.018000833693362143,-4.805452621516181,0.0556
1787415652.6448545,-2.065924050320242,-0.015723360959531068,-4.837514776254673,-2.0751481397206177,-0.014867626817631615,-5.082685456621721,0.0093,0.245,-2.122407809212743,-0.018000833693362143,-4.805452621516181,0.0565
1787415652.7159781,-2.0656654782681954,-0.015784483892832393,-5.0692577763746645,-2.060579155542923,-0.01403653899836965,-5.198380343639635,0.0054,0.129,-2.122407809212743,-0.018000833693362143,-4.805452621516181,0.0568
1787415652.8490615,-2.06486287469813,-0.014957713825866522,-5.431039954726597,-2.053189936309675,-0.013626907009619736,-5.256233635313043,0.0117,0.175,-2.122407809212743,-0.018000833693362143,-4.805452621516181,0.0576
1787415652.9128714,-2.0644070980965843,-0.014176500324607938,-5.669978796526164,-2.0457316151922496,-0.013218972240133084,-5.314086185335755,0.0187,0.356,-2.122407809212743,-0.018000833693362143,-4.805452621516181,0.0581
1787415653.0390997,-2.0637100318360564,-0.01269878065955755,-6.518817336333677,-2.0457316151922496,-0.013218972240133084,-5.314086185335755,0.0180,1.205,-2.122407809212743,-0.018000833693362143,-4.805452621516181,0.0589
1787415653.0964327,-2.0630394251030726,-0.01277561050367158,-6.522356499837504,-2.171551045616861,-0.0023301507642679246,-7.30297435229631,0.1090,0.781,-2.1836796605851956,0.00034975985531675454,-7.371014750595177,0.1214
1787415653.218226,-2.0615786028266045,-0.013712630659129227,-6.35406504710836,-2.1822238132454785,-0.001483167474824196,-7.4171618502621275,0.1213,1.063,-2.1861660153810054,-0.0013833725839555026,-7.425681742420711,0.1252
1787415653.3013747,-2.0607317297124803,-0.014054384975019926,-6.353675935615675,-2.1535818595078373,-0.01740803029459602,-6.90891057108739,0.0929,0.555,-2.1311531095968883,-0.02365103370580049,-6.781564666736962,0.0711
1787415653.446725,-2.0589946967930044,-0.01404697680024822,-6.305732404243475,-2.154689785152954,-0.018296361873072736,-7.022186203638411,0.0958,0.716,-2.1311531095968883,-0.02365103370580049,-6.781564666736962,0.0728
1787415653.524645,-2.0579831166506515,-0.013652764482950205,-6.293922920740254,-2.154689785152954,-0.018296361873072736,-7.022186203638411,0.0968,0.728,-2.1311531095968883,-0.02365103370580049,-6.781564666736962,0.0738
1787415653.5911667,-2.056995378699823,-0.013021820972744897,-6.418753859166848,-2.1569024851423024,-0.019998826274752305,-7.235292470752086,0.1002,0.817,-2.1311531095968883,-0.02365103370580049,-6.781564666736962,0.0749
1787415653.721698,-2.055225548087235,-0.01227010286967615,-6.68813195213845,-2.1569024851423024,-0.019998826274752305,-7.235292470752086,0.1020,0.547,-2.1311531095968883,-0.02365103370580049,-6.781564666736962,0.0768
1787415653.8007371,-2.0543298042653864,-0.012319428457596513,-6.700614558529707,-2.159284774217655,-0.02173847928022944,-7.448381491818208,0.1054,0.748,-2.1311531095968883,-0.02365103370580049,-6.781564666736962,0.0777
1787415653.948077,-2.052608147310115,-0.013110574404689625,-6.473752568355445,-2.1605415496254117,-0.02262145865140913,-7.555013584216944,0.1084,1.081,-2.1311531095968883,-0.02365103370580049,-6.781564666736962,0.0792
1787415654.0069785,-2.0522053359246524,-0.013410409434084686,-6.3636995746080585,-2.1605415496254117,-0.02262145865140913,-7.555013584216944,0.1087,1.191,-2.1311531095968883,-0.02365103370580049,-6.781564666736962,0.0796
1787415654.1323826,-2.051145174372296,-0.013311779341324161,-6.137664982749491,-2.163180293382253,-0.02441557076855582,-7.768194405123263,0.1126,1.631,-2.1311531095968883,-0.02365103370580049,-6.781564666736962,0.0807
1787415654.1946824,-2.0505448054197215,-0.012928001472769695,-6.101964159610953,-2.177664280308872,-0.07888655711381294,-5.113783387529275,0.1432,0.988,-2.1811407368828184,-0.08171242602047278,-5.055811076426774,0.1476
1787415654.3274472,-2.049779100399723,-0.013437388268319061,-6.22427066225723,-2.1800921559560833,-0.08483140261527936,-5.074735758309868,0.1486,1.150,-2.1811407368828184,-0.08171242602047278,-5.055811076426774,0.1480
1787415654.3935177,-2.0493909483038557,-0.014028247488319533,-6.3495988874595835,-2.1325241789296983,-0.04162044000387984,-6.033859214841657,0.0876,0.316,-2.1097714542298918,-0.03184283000487355,-6.197638953668301,0.0630
1787415654.516122,-2.048506648407202,-0.016071372153572926,-6.578061819042186,-2.128971493762137,-0.04246885103316133,-6.070275042057209,0.0847,0.508,-2.1740768790718943,-0.009713603315828873,-7.025538397009281,0.1257
1787415654.5963604,-2.0481533515037995,-0.0172627693393766,-6.545577968165926,-2.1245076157107103,-0.026010236796059495,-6.861006707901642,0.0769,0.315,-2.106238890984919,-0.026636193677502893,-6.831900602880738,0.0588
1787415654.7322588,-2.0469619417494025,-0.018501725245678866,-6.47204188153378,-2.1213585154543124,-0.024200554119903947,-6.944124594629707,0.0746,0.472,-2.106238890984919,-0.026636193677502893,-6.831900602880738,0.0598
1787415654.8419406,-2.0447541539790266,-0.01887711504660766,-6.577341250058008,-2.118632685880802,-0.022621570542932734,-7.015600829712981,0.0740,0.438,-2.106238890984919,-0.026636193677502893,-6.831900602880738,0.0620
1787415654.9391472,-2.0434487825827023,-0.01910736977881829,-6.7648834292060025,-2.124621773691741,-0.009506942572502545,-7.337985214533295,0.0817,0.573,-2.0909777606499995,-0.032950586573603106,-6.631434116921192,0.0495
1787415654.9970303,-2.042796011507059,-0.0195049768010587,-6.810371320797568,-2.1040588795791355,-0.02637325624193574,-6.7535447213355075,0.0616,0.057,-2.0827949701131105,-0.03052485152640756,-6.698778893788652,0.0415
1787415655.127121,-2.0414216465180512,-0.02098958745855207,-6.8841549646554725,-2.0732696443168375,-0.02884277072152045,-6.788883376464925,0.0328,0.095,-2.0587963759720003,-0.02943376937663675,-6.760631898799669,0.0193
1787415655.194356,-2.040766054722299,-0.022021398523246995,-6.819531272144348,-2.069961240529864,-0.007303909322043563,-7.568907410666265,0.0327,0.749,-2.116165859646623,-0.002696052868079286,-7.631928063632803,0.0778
1787415655.3339086,-2.039616571472299,-0.023851344032201433,-6.3388896226122196,-2.094619023757057,-0.012277961254934801,-7.385197495905154,0.0562,1.046,-2.106032937613873,-0.013851101834033559,-7.38669318193461,0.0672
1787415655.4060974,-2.0386763507152224,-0.023897155574939127,-6.339708952729308,-2.101471418095344,-0.007739109722179161,-7.572391413240106,0.0648,1.233,-2.11325022593389,-0.004673589838571644,-7.6481345437955435,0.0770
1787415655.4801033,-2.037654039748689,-0.02370739339821335,-6.376174053141419,-2.121233115601554,-0.005951666509538442,-7.241697453230418,0.0854,0.866,-2.1407544900197557,-0.004554517182863382,-7.317063978352265,0.1049
1787415655.6171536,-2.0357864462339266,-0.02309771082210561,-6.864023453638757,-2.129649978431286,-0.005565671990408093,-7.277950741911289,0.0955,0.414,-2.1407544900197557,-0.004554517182863382,-7.317063978352265,0.1066
1787415655.7477732,-2.033928067249588,-0.023418203859664886,-6.863836205236087,-2.130553071130826,-0.008004360350142448,-7.312421315555637,0.0978,0.449,-2.127467665390447,-0.009882958632459086,-7.275375997308389,0.0945
1787415655.8325095,-2.0329924038744536,-0.023968665727249424,-6.804829481700273,-2.117627206976244,0.006825404203319385,-8.146686307889148,0.0901,1.342,-2.1284201071241977,0.002736811515805323,-7.891320145421834,0.0991
1787415655.903406,-2.032268522053151,-0.024050236785935007,-6.78876020172972,-2.124216994926099,0.008536988901454292,-7.971868730228964,0.0976,1.183,-2.1243838494702105,0.009411966436200861,-7.985987720398836,0.0980
1787415655.9800317,-2.0314702779338027,-0.023985479491701264,-6.654820314600684,-2.1220850256447763,0.0073169898236787705,-7.979618185151821,0.0959,1.325,-2.09692044024599,-0.02102342796670919,-7.2659207791609495,0.0655
1787415656.1151166,-2.029653279823998,-0.022616501060695893,-6.32668653601705,-2.111199623784878,-0.008558326649616073,-7.500546843497058,0.0827,1.174,-2.163961540219168,-0.007462624249310197,-7.577141805036275,0.1352
1787415656.2376266,-2.0284709755331387,-0.020566716203467884,-6.300567696476607,-2.1534926137993256,-0.01254569148183251,-7.053357622301717,0.1253,0.753,-2.1729599353788522,-0.010867447504211787,-7.116004260467144,0.1448
1787415656.3062131,-2.0281728409775157,-0.01984889751336004,-6.373647182377514,-2.1581665405901878,-0.01301869661755205,-7.062539232050936,0.1302,0.689,-2.168000760804506,-0.005127653461515208,-7.195748835240968,0.1406
1787415656.444694,-2.027472606744632,-0.019281166273956984,-6.560109103431154,-2.156819559512641,0.0005990831334731677,-7.482085432897248,0.1309,0.922,-2.1466990149949425,0.0035871395020394166,-7.517105763604228,0.1214
1787415656.5089278,-2.0271725145932633,-0.019329763879593266,-6.547263536442863,-2.1614396842385437,-0.0039061497760037476,-7.348724854980444,0.1352,0.801,-2.1617560909700457,-0.006656464723970093,-7.301153512117897,0.1352
1787415656.6338348,-2.02636668356159,-0.018911229674289563,-6.405535929457327,-2.1489332273684147,-0.002989702546450552,-7.554187425925004,0.1236,1.149,-2.1289810064217,-0.0049066957494465,-7.487658115514332,0.1036
1787415656.695586,-2.0257106866459518,-0.01830316620087944,-6.4064669181265845,-2.1409148392812227,-0.010287013256500145,-7.369015936284384,0.1155,0.963,-2.1295091945100615,-0.014305173289346978,-7.277343703373445,0.1039
1787415656.823418,-2.0241157562773355,-0.016666693677944266,-6.435026890853931,-2.106783882548797,-0.05336581195377243,-5.846098174759327,0.0904,0.589,-2.10802588929294,-0.07125642937280653,-5.529543932083613,0.1001
1787415656.9529061,-2.022745872234391,-0.015856406428932875,-6.829555423599723,-2.0905634516409872,-0.048239644831731494,-6.249035859847101,0.0752,0.581,-2.0781400076506347,-0.04401756201740327,-6.320942189474584,0.0621
1787415657.0233495,-2.0220709431950556,-0.01596212857237944,-7.094966502326622,-2.093866584944272,-0.028886700952197305,-7.008085461166316,0.0729,0.087,-2.115123110348645,-0.008581968433233864,-7.4458833126766875,0.0933
1787415657.1430347,-2.0210144872467097,-0.01729827954655116,-7.507586236786049,-2.096879708795235,-0.010330057129560373,-7.576825367743546,0.0762,0.069,-2.108933780466301,-0.0008916114716169427,-7.778299874799431,0.0894
1787415657.1984904,-2.0206044595719272,-0.01799600275334044,-7.54138359554277,-2.093169435021486,-0.008750661876682884,-7.630318182217992,0.0732,0.089,-2.108933780466301,-0.0008916114716169427,-7.778299874799431,0.0900
1787415657.3336442,-2.01923124484646,-0.018549882877485643,-7.50010364529339,-2.0901130856328525,-0.0074451652327485246,-7.67398762047497,0.0717,0.174,-2.152968030503272,-0.03135381448479073,-7.9409945659796115,0.1343
1787415657.4052966,-2.0183986751639407,-0.018447334716300976,-7.494011909254758,-2.1180242709148915,-0.06877933139891607,-6.846140310915592,0.1116,0.648,-2.1541387683610718,-0.09382925916013272,-6.295588435545707,0.1553
1787415657.5342352,-2.016857822998521,-0.01784451727554301,-7.859137819477303,-2.11841721683211,-0.07631630349825583,-6.835206558291474,0.1172,1.024,-2.1541387683610718,-0.09382925916013272,-6.295588435545707,0.1569
1787415657.591136,-2.016049154776687,-0.01774052053618326,-7.87276412062137,-2.1265553905937735,-0.08903757772550362,-6.555129576998064,0.1315,1.318,-2.132262496658112,-0.09238844364154579,-6.489561742589479,0.1381
1787415657.7132273,-2.0143752355825555,-0.018238019107798147,-7.879411975548329,-2.1285846399353985,-0.10227963952558825,-6.510078633240732,0.1418,1.369,-2.132262496658112,-0.09238844364154579,-6.489561742589479,0.1393
1787415657.83348,-2.012857169117017,-0.019317738477600977,-7.558385519868078,-2.1285846399353985,-0.10227963952558825,-6.510078633240732,0.1424,1.048,-2.132262496658112,-0.09238844364154579,-6.489561742589479,0.1400
1787415657.8908575,-2.0120651121954656,-0.019680480283409595,-7.541463036693465,-2.1179487805723634,-0.08099911251920978,-7.0306982325723695,0.1224,0.511,-2.111622306573917,-0.07554390469956421,-7.140599893177556,0.1142
1787415658.0228574,-2.0102131921707977,-0.019717079948298986,-7.499128670490612,-2.1180737420695976,-0.0866145437041852,-7.040231449165151,0.1269,0.459,-2.111622306573917,-0.07554390469956421,-7.140599893177556,0.1158
1787415658.089616,-2.0092095956137714,-0.0194050880142993,-7.554833834346539,-2.115316923029147,-0.0869081197746947,-6.4652950191343965,0.1258,1.090,-2.115286368580426,-0.08800134619742715,-6.436663479037721,0.1263
1787415658.220681,-2.007484768159306,-0.019324088621529553,-7.767585333129139,-2.123677709516473,-0.11149606001357824,-5.807180042965009,0.1483,1.960,-2.137107995049447,-0.12328966472667241,-5.552550776957589,0.1662
1787415658.2897682,-2.0066517095805665,-0.019899096169605366,-7.784665185076615,-2.11829791824213,-0.09479224801593242,-6.3485848172319335,0.1344,1.436,-2.117270260547918,-0.08426736848928634,-6.564991839456561,0.1280
1787415658.4379547,-2.0049691673166428,-0.021770135220799288,-7.7094316844548505,-2.1185181241836837,-0.10022446239101444,-6.302123533388396,0.1380,1.407,-2.117270260547918,-0.08426736848928634,-6.564991839456561,0.1285
1787415658.50994,-2.004249278131707,-0.022845376830864537,-7.478611913979074,-2.1185181241836837,-0.10022446239101444,-6.302123533388396,0.1380,1.176,-2.117270260547918,-0.08426736848928634,-6.564991839456561,0.1286
1787415658.6499958,-2.0024763239310013,-0.023712455603477334,-7.442767655606458,-2.1188727422654847,-0.10771727905709758,-6.239290137542793,0.1435,1.203,-2.117270260547918,-0.08426736848928634,-6.564991839456561,0.1298
1787415658.7143798,-2.0014553922247513,-0.02372998919783018,-7.477052827814302,-2.119072993864237,-0.11152791813262336,-6.207865295935882,0.1468,1.269,-2.117270260547918,-0.08426736848928634,-6.564991839456561,0.1307
1787415658.8247437,-1.99958476695065,-0.023597289548629805,-7.880375535881609,-2.119072993864237,-0.11152791813262336,-6.207865295935882,0.1484,1.673,-2.117270260547918,-0.08426736848928634,-6.564991839456561,0.1324
1787415658.9243636,-1.9977515116232674,-0.02403994159241756,-7.89597109974762,-2.119523149699884,-0.11927366900842648,-6.145031116481806,0.1546,1.751,-2.117270260547918,-0.08426736848928634,-6.564991839456561,0.1338
1787415659.0290723,-1.9960994705383432,-0.025575377456634338,-7.856049420119638,-2.119770936319627,-0.12321083975419386,-6.113606410608195,0.1576,1.742,-2.117270260547918,-0.08426736848928634,-6.564991839456561,0.1346
1787415659.1463847,-1.9952374289175816,-0.027189921046359984,-7.63428064526391,-2.1200344446912043,-0.12718974293046045,-6.082185586015869,0.1599,1.552,-2.117270260547918,-0.08426736848928634,-6.564991839456561,0.1347
1787415659.207696,-1.995058042326657,-0.027560425060936138,-7.47836604327258,-2.1078226004664993,-0.03907517153132907,-8.26260571087981,0.1134,0.784,-2.111307746417874,-0.0349856814975731,-8.355656368555413,0.1165
1787415659.3471859,-1.9944400552608128,-0.02761290009390798,-7.18260956141755,-2.106908215068038,-0.03480518231519163,-8.351338342075564,0.1127,1.169,-2.111307746417874,-0.0349856814975731,-8.355656368555413,0.1171
1787415659.4209933,-1.9940888208876795,-0.027307275365453926,-7.151187528578021,-2.106908215068038,-0.03480518231519163,-8.351338342075564,0.1131,1.200,-2.111307746417874,-0.0349856814975731,-8.355656368555413,0.1175
1787415659.552055,-1.9933327074245553,-0.02708761374678669,-7.2913367731132315,-2.105234619741981,-0.02681644658303936,-8.513366444944669,0.1119,1.222,-2.111307746417874,-0.0349856814975731,-8.355656368555413,0.1182
1787415659.608752,-1.9927928031078839,-0.027416908921449525,-7.299706366665973,-2.1043837749681424,-0.022698841928007175,-8.595000003174473,0.1117,1.295,-2.111307746417874,-0.0349856814975731,-8.355656368555413,0.1188
1787415659.678104,-1.992232470321823,-0.027928170659466275,-7.282424226110465,-2.077084013136265,-0.015645381943963952,-8.280369841813364,0.0857,0.998,-2.0708073509264935,-0.01583548859649309,-8.270570639006934,0.0795
1787415659.8416436,-1.9908477769107242,-0.028761471692964148,-6.968900160995246,-2.0690858510364243,-0.012958423314945091,-8.360377420937127,0.0798,1.391,-2.06425603214749,-0.013412356914712003,-8.348834005128337,0.0750
1787415659.9250133,-1.989815070471721,-0.028697212349653178,-6.794734530306659,-2.04529640640216,-0.03409352583581876,-7.681804453279157,0.0557,0.887,-2.0301996708035723,-0.04267758744738997,-7.523934257234023,0.0427
1787415659.9964385,-1.9886596097664386,-0.028280250411423583,-6.643346933241575,-2.0364508274378013,-0.046659713872701805,-7.019161049879505,0.0512,0.376,-2.0376121612539837,-0.05155212304517021,-6.929782180920988,0.0542
1787415660.1467679,-1.9864934653328645,-0.027101676498825215,-6.70506915985862,-2.047357072965996,-0.033447911896359525,-7.300700573571867,0.0612,0.596,-2.0707582885997433,-0.025011773394414443,-7.494744704439113,0.0843
1787415660.232245,-1.9855283368984264,-0.026968735843302814,-6.716323185413152,-2.062960636120288,-0.031147635331834515,-7.259566032273669,0.0775,0.543,-2.073800489074797,-0.0155746848438756,-7.756905694393947,0.0890
1787415660.308833,-1.984529391723337,-0.027185735729807342,-6.721932969001718,-2.068444454396864,-0.015610786267060459,-7.699612105422917,0.0847,0.978,-2.0728287146649573,-0.012984502282940352,-7.7558315255546235,0.0894
1787415660.3856184,-1.9835584886418491,-0.027625924198346925,-6.642227786558661,-2.069742391155256,-0.013101777885203808,-7.770322764502805,0.0874,1.128,-2.072382081849558,-0.013198906526803162,-7.771508908831021,0.0900
1787415660.510092,-1.981781933916948,-0.028363060702532944,-6.384141576661802,-2.06899992743966,-0.008754406533978795,-7.797727070183028,0.0894,1.414,-2.072382081849558,-0.013198906526803162,-7.771508908831021,0.0919
1787415660.6243994,-1.9797460148700652,-0.028123310484725474,-6.289670748517407,-2.072817915442906,-0.015684603987894244,-7.673666830546056,0.0939,1.384,-2.0756155096922595,-0.017830114710091913,-7.632380668236292,0.0964
1787415660.7527099,-1.9777500942354125,-0.027153109090849264,-6.434190778172569,-2.080780383390377,-0.017834281733707887,-7.35138003886751,0.1035,0.917,-2.0885001955667613,-0.020163365875227674,-7.304966804028845,0.1110
1787415660.8147554,-1.976846620732085,-0.026946340738085217,-6.451406062789009,-2.0823098339986883,-0.015134287162626664,-7.3359460540042445,0.1061,0.885,-2.0845531531434722,-0.013878405915075828,-7.438668309230303,0.1085
1787415660.9459894,-1.9749404215213888,-0.027368663425562243,-6.528459902900371,-2.0835815179439288,-0.014268953524203874,-7.429113256992379,0.1094,0.901,-2.115917350937667,-0.018083175807191685,-7.349305968243054,0.1413
1787415661.0203898,-1.9739954677388354,-0.027907322778003164,-6.5076408863873745,-2.104777936921206,-0.020269892079481534,-7.432331835428692,0.1310,0.925,-2.1048414480301028,-0.021167214872385244,-7.419334539907581,0.1310
1787415661.096616,-1.9731548799078016,-0.02850945404473752,-6.337674103728338,-2.108513933899027,-0.01950934559689532,-7.429606643418034,0.1357,1.092,-2.1048414480301028,-0.021167214872385244,-7.419334539907581,0.1319
1787415661.231208,-1.9721542519967896,-0.028611588490732608,-6.312234571712006,-2.108513933899027,-0.01950934559689532,-7.429606643418034,0.1367,1.117,-2.1048414480301028,-0.021167214872385244,-7.419334539907581,0.1329
1787415661.3371067,-1.9709156462716222,-0.027806150012966418,-6.444681427567709,-2.1154742443247514,-0.018105842927161733,-7.424673138375401,0.1449,0.980,-2.1048414480301028,-0.021167214872385244,-7.419334539907581,0.1341
1787415661.4358816,-1.9697686321580894,-0.027065799885278845,-6.680752577392676,-2.1154742443247514,-0.018105842927161733,-7.424673138375401,0.1460,0.744,-2.1048414480301028,-0.021167214872385244,-7.419334539907581,0.1352
1787415661.492786,-1.969129934089338,-0.027029535014104614,-6.719042510173369,-2.1226897900648174,-0.01666790088309457,-7.4197386209329,0.1539,0.701,-2.1048414480301028,-0.021167214872385244,-7.419334539907581,0.1358
1787415661.6269054,-1.9677722669458053,-0.027661538177564025,-6.732333095739219,-2.027287370849721,-0.03804693819702912,-7.026730534811685,0.0604,0.294,-2.032547270793908,-0.03404555002053462,-7.0759277376171426,0.0651
1787415661.700093,-1.967131204911989,-0.028268624232891677,-6.603419790433458,-2.018541271044149,-0.03857341582471775,-7.116228929241808,0.0524,0.513,-2.0111588592887046,-0.0390041310849005,-7.108501993938247,0.0453
1787415661.8341608,-1.9652531943941212,-0.0289917479637674,-5.988190225720119,-2.0118503102262024,-0.039986940096634664,-7.0994874966581145,0.0479,1.111,-1.9990693420507064,-0.038555049262756824,-7.077864055759176,0.0351
1787415661.9074347,-1.9638506322876783,-0.028950629529567697,-5.652317705327296,-2.0052010948743524,-0.03894115349608197,-7.073474765035244,0.0425,1.421,-2.031797329613087,-0.02618779376853567,-7.384874556268608,0.0680
1787415662.04659,-1.9616881094731993,-0.028433991407599352,-5.305873900744321,-2.003863370161074,-0.03952688650685993,-6.52920100560706,0.0436,1.223,-2.001477101395326,-0.0428991232298835,-6.465529544157452,0.0423
1787415662.1096284,-1.960913947411645,-0.02835343628558742,-5.2960835928343695,-2.010682772686874,-0.040145929502868015,-6.1152695056043775,0.0511,0.819,-2.028354898093556,-0.04119962907323656,-6.096544876309965,0.0687
1787415662.247429,-1.9592546100084685,-0.029088015530417507,-5.368138483082162,-2.005824564414643,-0.04120021404142415,-6.02750860797575,0.0481,0.659,-2.028354898093556,-0.04119962907323656,-6.096544876309965,0.0702
1787415662.3140023,-1.9584377464050224,-0.029836650379569778,-5.355424150856801,-2.001424762983973,-0.04215258440914984,-5.9488592862602045,0.0447,0.593,-2.028354898093556,-0.04119962907323656,-6.096544876309965,0.0708
1787415662.3877614,-1.957716088267547,-0.030625604780259746,-5.20717755542626,-2.001424762983973,-0.04215258440914984,-5.9488592862602045,0.0452,0.742,-2.028354898093556,-0.04119962907323656,-6.096544876309965,0.0714
1787415662.528035,-1.957037150736297,-0.03094208455408562,-5.179122541965613,-1.992502535840384,-0.04408399843936283,-5.7916714860283856,0.0378,0.613,-2.028354898093556,-0.04119962907323656,-6.096544876309965,0.0721
1787415662.5998752,-1.9565678013915,-0.030692005702591802,-5.197893869238676,-1.9879735317946086,-0.04505778323519018,-5.713041162410308,0.0345,0.515,-2.028354898093556,-0.04119962907323656,-6.096544876309965,0.0726
1787415662.729491,-1.9558001332990054,-0.02991596073212529,-5.610639453508996,-1.9879735317946086,-0.04505778323519018,-5.713041162410308,0.0356,0.102,-2.028354898093556,-0.04119962907323656,-6.096544876309965,0.0734
1787415662.8466072,-1.9545051125454749,-0.03017307023615122,-5.61773536457772,-2.0352142110406395,-0.043246528218379564,-5.637694596379571,0.0818,0.020,-2.042263117180017,-0.04233028903733154,-5.665261462781265,0.0886
1787415662.9083903,-1.953719804267826,-0.03082988759435754,-5.525288530426182,-2.0116002025955853,-0.041915279720376335,-5.845438741089234,0.0589,0.320,-1.996040167414283,-0.04110590728132368,-5.838498830723839,0.0436
1787415662.9727256,-1.9529850989445965,-0.03165335787023546,-5.332666399373691,-2.001091926428738,-0.04361138516968811,-5.665751188487911,0.0496,0.333,-1.995546896376425,-0.044258688885997,-5.646367347096992,0.0444
1787415663.1253357,-1.9515370229574729,-0.0329094186865721,-5.003584375873768,-1.9878868858939625,-0.04227498365142377,-5.559097297981107,0.0375,0.556,-1.9991218161621238,-0.04402442575842679,-5.145844752249658,0.0489
1787415663.204591,-1.9506512944700507,-0.03305052437020355,-4.990334636785905,-1.9772626786014451,-0.05144446017632394,-4.92000264799543,0.0323,0.070,-1.9657360110315734,-0.053516197694123,-4.897264718615658,0.0254
1787415663.3502753,-1.948867693939409,-0.03271603249297304,-5.264034734222578,-1.9578020843061703,-0.05176804836018194,-4.932035050361848,0.0210,0.332,-1.9474498739157118,-0.051225411884088815,-4.939038918420207,0.0186
1787415663.4172127,-1.9480483203316594,-0.032666835195309364,-5.277805163013958,-1.9448486969161571,-0.0473273835114451,-5.140313928439129,0.0150,0.137,-1.941853889543159,-0.04544505698209437,-5.17424303625526,0.0142
1787415663.4937384,-1.947195332307517,-0.032878732515391466,-5.299065694409516,-1.9465130272740754,-0.04895286118493039,-5.299766193644297,0.0161,0.001,-1.9508166257685715,-0.049043313287916265,-5.302478832102206,0.0166
1787415663.639386,-1.9454773604616165,-0.0341000324992057,-5.163125935936208,-1.9572448503035307,-0.04789009771363351,-5.331269149645713,0.0181,0.168,-1.9769205995499217,-0.04582133746491183,-5.395319811431161,0.0336
1787415663.705165,-1.9447315390987308,-0.03471364805082377,-4.9009264227823035,-1.9614414313866664,-0.03488569880992111,-5.747366779766226,0.0167,0.846,-1.9772644856359858,-0.02730822817894035,-5.918316851356546,0.0334
1787415663.7767375,-1.943905869377023,-0.03506031857755897,-4.887191542056226,-1.9838093014177896,-0.037352581348383845,-5.541142068852798,0.0400,0.654,-2.006882268446012,-0.03555881255080401,-5.623107547274902,0.0630
1787415663.9258733,-1.94202913296584,-0.03485612989727983,-4.953084864428562,-1.9917117322274849,-0.041589686530319914,-5.12618338922423,0.0501,0.173,-1.997689675927755,-0.043131773315130864,-5.108239845508959,0.0563
1787415663.9889333,-1.9411521243931085,-0.03455080855915127,-5.164815339859215,-1.9864448459771957,-0.04309623769804326,-4.995155174109717,0.0461,0.170,-1.9819548651784311,-0.04368172337445033,-4.979568219811677,0.0418
1787415664.1323905,-1.938367703008757,-0.03480445618314936,-5.867390762631647,-1.9682376664045833,-0.04021951477251991,-5.204317950759908,0.0304,0.663,-1.946721769582881,-0.038144253512902244,-5.237758535466135,0.0090
1787415664.1985762,-1.9369152629972213,-0.035362961187730996,-6.211537476450311,-1.9994553076429682,-0.03508697375867004,-6.448384990339874,0.0625,0.237,-2.045590552392489,-0.022646272894674756,-6.782438385250152,0.1094
1787415664.3420901,-1.9342153034199434,-0.03682808467304768,-6.566592896572539,-2.033183691073818,-0.02855406798547366,-6.956556396938308,0.0993,0.390,-2.07415153369705,-0.019581191793176845,-7.201346512839275,0.1410
1787415664.412616,-1.933005916492113,-0.03708544676327476,-6.555750104302468,-2.043165970308925,-0.025543848830386132,-7.074062441985397,0.1108,0.518,-2.07415153369705,-0.019581191793176845,-7.201346512839275,0.1422
1787415664.482955,-1.9316966205004182,-0.03704855225436769,-6.542509279056135,-2.043165970308925,-0.025543848830386132,-7.074062441985397,0.1121,0.532,-2.07415153369705,-0.019581191793176845,-7.201346512839275,0.1435
1787415664.6181412,-1.9289609323047012,-0.03627375249835295,-6.740709640852751,-2.056165117425968,-0.02161660163884959,-7.222457614340604,0.1280,0.482,-2.07415153369705,-0.019581191793176845,-7.201346512839275,0.1461
1787415664.7418773,-1.9272291688114616,-0.03584594659472304,-6.790418902460857,-2.0628364232768024,-0.019591103167432112,-7.296757506798493,0.1366,0.506,-2.07415153369705,-0.019581191793176845,-7.201346512839275,0.1478
1787415664.8099318,-1.9263320426384614,-0.0359912201230403,-6.821855918078081,-2.0628364232768024,-0.019591103167432112,-7.296757506798493,0.1375,0.475,-2.07415153369705,-0.019581191793176845,-7.201346512839275,0.1487
1787415664.9308767,-1.9245867194311985,-0.036907718330017575,-6.678431744169966,-2.0764807802666434,-0.015446432917470703,-7.445047634229221,0.1534,0.767,-2.07415153369705,-0.019581191793176845,-7.201346512839275,0.1506
1787415665.0068715,-1.923822761761305,-0.037324231701659445,-6.426823484302749,-2.0834706304614525,-0.013311824180347716,-7.519254665056572,0.1614,1.092,-2.07415153369705,-0.019581191793176845,-7.201346512839275,0.1514
1787415665.1227896,-1.9228344087585818,-0.036773973803850675,-6.37585124961876,-2.0834706304614525,-0.013311824180347716,-7.519254665056572,0.1623,1.143,-2.07415153369705,-0.019581191793176845,-7.201346512839275,0.1523
1787415665.2518003,-1.9219149147018442,-0.03462035095941737,-6.485861917638379,-2.0977775711370423,-0.008938883426956704,-7.667648142731916,0.1777,1.182,-2.07415153369705,-0.019581191793176845,-7.201346512839275,0.1530
1787415665.3518565,-1.9221817885001893,-0.033642103669596704,-6.633445690528609,-2.105096787792986,-0.006689066662221589,-7.741887093492669,0.1849,1.108,-2.07415153369705,-0.019581191793176845,-7.201346512839275,0.1526
1787415665.4182816,-1.9222649964484768,-0.033434816690474746,-6.717214999264942,-2.105096787792986,-0.006689066662221589,-7.741887093492669,0.1848,1.025,-2.07415153369705,-0.019581191793176845,-7.201346512839275,0.1525
1787415665.5512292,-1.922555349068391,-0.03394938871079838,-6.931460481012614,-2.1200510036332387,-0.0020868880248286386,-7.890236734311079,0.2000,0.959,-2.07415153369705,-0.019581191793176845,-7.201346512839275,0.1523
1787415665.6191545,-1.922814531450443,-0.03435296929894846,-6.859514682535874,-2.1276918118448633,0.0002785544629641238,-7.964437706880493,0.2078,1.105,-2.07415153369705,-0.019581191793176845,-7.201346512839275,0.1521
1787415665.7495234,-1.9225495496671516,-0.0345530854659564,-6.601737989813797,-2.038431316414087,-0.06366693405323555,-6.8773520966294415,0.1195,0.276,-2.0276550892642424,-0.005472201013997497,-7.982623876152966,0.1091
1787415665.8179698,-1.9218964901965898,-0.0342660164891072,-6.530841126233992,-2.034740609085985,-0.020568750502502085,-7.733519888461512,0.1137,1.203,-2.005784714872687,-0.017670173859056185,-7.82793850609751,0.0855
1787415665.893962,-1.9213055794163318,-0.033745354485916514,-6.556372386616175,-1.983684917912714,-0.03527288547890461,-7.414183626901193,0.0624,0.858,-1.947045834097396,-0.041948535212871445,-7.281826574623755,0.0270
1787415666.0444145,-1.919623829739631,-0.03328393620698779,-6.93584877119698,-1.9375509098408068,-0.05249980772761494,-6.708298225645676,0.0263,0.228,-1.9219043079042142,-0.05659785078720286,-6.636593966941773,0.0234
1787415666.1044147,-1.918657551869453,-0.03356323277107214,-7.126093878569643,-1.9259296506225525,-0.05487524615598737,-6.698896084584664,0.0225,0.427,-1.9219043079042142,-0.05659785078720286,-6.636593966941773,0.0233
1787415666.236717,-1.9166424360821668,-0.0347659002240701,-7.254348098794202,-1.9139959963435123,-0.05256033208093172,-6.6085582106473675,0.0180,0.646,-1.909093479249625,-0.05211792736947233,-6.609992832653154,0.0189
1787415666.3181624,-1.9157475518672644,-0.03533802753649679,-7.134145071089756,-1.9282820386841026,-0.0533390553729099,-7.216214616522333,0.0219,0.082,-1.948603480125957,-0.051203442685911565,-7.288856567176091,0.0365
1787415666.429488,-1.913555956467726,-0.03497249961682227,-7.148627275145133,-1.9125632393529859,-0.05653482572171467,-7.2670843706172406,0.0216,0.118,-1.948603480125957,-0.051203442685911565,-7.288856567176091,0.0386
1787415666.5387096,-1.911634679380984,-0.03429367716799044,-7.234285688066532,-1.936641611070724,-0.06261101957863746,-7.2258540662316175,0.0378,0.008,-1.946490194264048,-0.061005122155549645,-7.259889095951136,0.0439
1787415666.5968013,-1.910984083220264,-0.03423709227684407,-7.419870848589279,-1.968264901286797,-0.08015853126682626,-6.517345163556931,0.0734,0.903,-2.023710810245078,-0.09675763249240546,-6.178436668457125,0.1289
1787415666.7438195,-1.90958723953137,-0.03479362259918761,-7.862999284323711,-1.978570099064744,-0.09391544020866793,-6.166566430249873,0.0909,1.696,-1.9932139006640002,-0.10121280408226752,-6.029199299275437,0.1068
1787415666.8185825,-1.908923071078712,-0.035598226207232596,-8.14693298876787,-2.016423495502159,-0.09364089706406946,-6.355401596353208,0.1222,1.792,-2.049514998407636,-0.09697648841054304,-6.304943951693125,0.1534
1787415666.8953578,-1.9083443468147168,-0.03656570111738232,-8.307984137819467,-2.009225078685685,-0.07994405210978008,-7.4165463925835,0.1098,0.891,-2.015976237507134,-0.06438015197856523,-7.785527483159624,0.1112
1787415667.0441487,-1.9070369041417632,-0.03766388840074593,-8.312100425857054,-2.0218334634501005,-0.059589076694109636,-8.488533468899362,0.1169,0.176,-2.0102972905786096,-0.03865704374530849,-9.225295394661343,0.1033
1787415667.1180031,-1.9061193274117054,-0.03764508215949542,-8.316456918029164,-2.0201841575270927,-0.046840354883998216,-9.055926534370839,0.1144,0.739,-2.0102972905786096,-0.03865704374530849,-9.225295394661343,0.1042
1787415667.1878817,-1.9051922693852708,-0.037392211268372194,-8.431779398786214,-2.0032373555201994,-0.08242020553126582,-7.651695031039636,0.1079,0.780,-1.9998179579487265,-0.09250799188452857,-7.453736319171669,0.1095
1787415667.320021,-1.9042020331568437,-0.03770563232282947,-8.426369642051062,-1.9927300082948192,-0.053612562520848894,-9.010543770927788,0.0899,0.584,-1.9974589351975942,-0.03315288092354009,-9.473330352137094,0.0934
1787415667.4307694,-1.903010541933994,-0.039179277527671856,-8.45062703297881,-1.9936867345210292,-0.0513769411660126,-9.21188490182499,0.0915,0.761,-1.9974589351975942,-0.03315288092354009,-9.473330352137094,0.0946
1787415667.510141,-1.9018380841946392,-0.041323534736253796,-8.166296742596405,-2.017359739226459,-0.05596954460378714,-8.821379099957879,0.1164,0.655,-2.0285287491257,-0.05556522648368473,-8.851868558114989,0.1275
1787415667.6260478,-1.9007980329589609,-0.04269135735120399,-8.058499098955894,-1.9878851096734886,-0.08374701362639768,-8.462535163318309,0.0963,0.404,-1.967491090369194,-0.09319123854909996,-8.277576349943843,0.0837
1787415667.6936965,-1.900169996005353,-0.043057685954890616,-7.969155022574377,-1.9393479715986102,-0.07605569423958446,-8.039747194883883,0.0512,0.071,-1.8977524942557877,-0.06661231594325061,-8.212499248918313,0.0237
1787415667.827419,-1.898688880368301,-0.0430361012017708,-7.9186439605603836,-1.9510846250601297,-0.08203821568721066,-7.577249097729412,0.0653,0.341,-1.977933859265955,-0.08914983910591487,-7.424144611556057,0.0917
1787415667.9011269,-1.8980403588473242,-0.042904025493787246,-8.07549376096899,-1.9671419358683089,-0.08675935050706732,-7.528940412374076,0.0818,0.547,-1.9963473890933645,-0.0906166966577637,-7.469127786554263,0.1093
1787415668.0340033,-1.8967818881448828,-0.043444780527782716,-8.5519477133305,-1.98415529791711,-0.08111995937018861,-8.319937836377001,0.0952,0.232,-1.993142707228179,-0.08395724702687633,-8.30189244784116,0.1045
1787415668.0996504,-1.8967653684894015,-0.0438636097850911,-8.654255164556918,-2.0019679798826475,-0.08186150665914826,-8.520185266696812,0.1119,0.134,-2.0230920459756465,-0.0791322006196953,-8.622626822396711,0.1312
1787415668.2359283,-1.8969050620480807,-0.04470136924554946,-8.39858192440266,-2.005891347868106,-0.08365242975052087,-8.603193584906148,0.1157,0.205,-2.0230920459756465,-0.0791322006196953,-8.622626822396711,0.1308
1787415668.3068693,-1.8969240273007648,-0.04484030290176989,-8.15127577084867,-2.005891347868106,-0.08365242975052087,-8.603193584906148,0.1157,0.452,-2.0230920459756465,-0.0791322006196953,-8.622626822396711,0.1307
1787415668.4225001,-1.896590901233009,-0.044253041605945925,-7.606888010764402,-2.0120853553646807,-0.08643580270289714,-8.730113780083279,0.1230,1.123,-2.0230920459756465,-0.0791322006196953,-8.622626822396711,0.1312
1787415668.48077,-1.8964228564840346,-0.043701520910157735,-7.431176119985486,-2.0120853553646807,-0.08643580270289714,-8.730113780083279,0.1233,1.299,-2.0230920459756465,-0.0791322006196953,-8.622626822396711,0.1315
1787415668.6202662,-1.895868663705473,-0.04321582357069234,-7.383896694962123,-2.018516071927055,-0.08926957275809659,-8.857019003274981,0.1310,1.473,-1.8990674627878874,-0.08160405790336599,-7.236376931284033,0.0385
1787415668.742755,-1.894819391921983,-0.044133150848429704,-7.283037796381624,-1.9129123958238199,-0.0830981162001206,-7.208989217717651,0.0430,0.074,-1.911217361288455,-0.0823447827992296,-7.2935167258459925,0.0416
1787415668.828613,-1.8943182219254362,-0.044924459045757786,-7.074113728469041,-1.908804229660986,-0.08278084956779282,-7.281612326111195,0.0405,0.207,-1.9015941703377497,-0.08658255960522648,-7.0317337530939295,0.0423
1787415668.9107597,-1.8934002921651978,-0.04551505284616446,-6.836279836015562,-1.8940389557695814,-0.09198836553852024,-6.8113351612314466,0.0465,0.025,-1.892735286510832,-0.09387599109539962,-6.782845170817996,0.0484
1787415668.9851224,-1.8923784774180046,-0.04579025388602984,-6.553388763931768,-1.8814090079217747,-0.08618736927877568,-6.816729197901872,0.0419,0.263,-1.8714884604465336,-0.08318457327999934,-6.863208933060853,0.0428
1787415669.142754,-1.8901220620591195,-0.04550976060663065,-6.122838769068533,-1.8940033008147414,-0.0913673313151761,-6.391976347831247,0.0460,0.269,-1.9037985388521799,-0.08614369506632871,-6.201670066933692,0.0429
1787415669.220489,-1.8891019228224146,-0.04527232089216748,-6.11208246830933,-1.8932678934108158,-0.061465747520962344,-6.372458618465891,0.0167,0.260,-1.8917457358171177,-0.050174975014936264,-6.571639476317893,0.0056
1787415669.2892718,-1.8880461294464834,-0.04544716268384603,-6.1164015314249465,-1.9036661342107433,-0.06932576711812657,-6.4058745753686805,0.0285,0.289,-1.9167790626670984,-0.071033570388726,-6.4091328295858885,0.0385
1787415669.41758,-1.8858884179898239,-0.046545997762438514,-6.050604084227222,-1.9106155975540648,-0.058122922792477535,-6.959938269677282,0.0273,0.909,-1.9231254855906739,-0.05193412263996538,-7.114509392770725,0.0376
1787415669.4874651,-1.8848786222892995,-0.0473085130889443,-5.879038384467683,-1.9274753858397935,-0.060914121119340345,-6.756798520790025,0.0447,0.878,-1.944241820193302,-0.06081418694718317,-6.799674514816605,0.0609
1787415669.6221228,-1.8830413292582835,-0.048209954249303646,-5.810829856334589,-1.9520391197158555,-0.050529307481178745,-6.46419261926447,0.0690,0.653,-1.9798743287847698,-0.04455131591872757,-6.6290100844313455,0.0969
1787415669.743345,-1.880902030575114,-0.048135118168971966,-5.8048192232725535,-1.973609898111189,-0.06080555689325325,-6.087398010660449,0.0936,0.283,-1.9848630839889319,-0.06525315152149425,-6.0187637104477245,0.1054
1787415669.815174,-1.8798810999385402,-0.04789545755898982,-5.955485299879779,-1.9796481493742917,-0.061829698668666576,-6.085804917177853,0.1007,0.130,-1.9790880646804172,-0.06277565102371661,-6.066043831427977,0.1003
1787415669.891517,-1.8789372514677611,-0.04779907220342576,-6.218502039251838,-1.9985951182228023,-0.049542079374107977,-6.6922626397919105,0.1197,0.474,-2.011753995993325,-0.043985080164201044,-6.827545713983705,0.1329
1787415670.028768,-1.87768892184055,-0.04853775710933833,-6.53593102183235,-2.0085608360080234,-0.04597251596147742,-6.662236266404257,0.1309,0.126,-2.011753995993325,-0.043985080164201044,-6.827545713983705,0.1341
1787415670.1071126,-1.8771179458365312,-0.04926682465226143,-6.639987450746377,-1.9952487593446337,-0.02541460410862781,-7.704850895652592,0.1205,1.065,-1.9823702223580812,-0.02062351202536054,-7.803006641562809,0.1091
1787415670.1831465,-1.876584880511562,-0.04939332020801199,-6.624032350035167,-1.9907832294085817,-0.052395748969467235,-7.59285199355008,0.1142,0.969,-1.9782011118531273,-0.06582255072884519,-7.331916797906788,0.1029
1787415670.3286116,-1.8752639727069005,-0.04873148482904223,-6.401691177000121,-1.985903187740694,-0.06905109429438444,-7.336266171288488,0.1125,0.935,-1.9673353879481168,-0.08316694693499364,-6.975154263148107,0.0983
1787415670.400169,-1.8744835409167933,-0.0479720129601495,-6.3257511626359975,-1.9922395642840467,-0.07120349248026718,-7.370097919587926,0.1200,1.044,-1.9673353879481168,-0.08316694693499364,-6.975154263148107,0.0993
1787415670.5320969,-1.8736552391690136,-0.04661670851858626,-6.414963942799823,-1.9960114516059508,-0.07248006262974074,-7.389794293349401,0.1251,0.975,-1.9673353879481168,-0.08316694693499364,-6.975154263148107,0.1006
1787415670.6106007,-1.8734955029385911,-0.04639321562755526,-6.450158088993578,-1.9960114516059508,-0.07248006262974074,-7.389794293349401,0.1253,0.940,-1.9673353879481168,-0.08316694693499364,-6.975154263148107,0.1008
1787415670.745778,-1.8731583304242025,-0.04679783916704873,-6.3873602795467415,-2.0037366764429945,-0.07508687132850377,-7.429182418699256,0.1336,1.042,-1.9673353879481168,-0.08316694693499364,-6.975154263148107,0.1010
1787415670.8107407,-1.873098390192101,-0.04709883329180866,-6.178518711613668,-1.9584203429440807,-0.060883699449380976,-7.141870266237723,0.0864,0.963,-1.8915434608856343,-0.08622637373326109,-6.4993225087507085,0.0433
1787415670.9356296,-1.8722122389400713,-0.04709564735674873,-6.150217934214199,-1.9195468760188779,-0.08013713101831532,-6.649759324011458,0.0577,0.500,-1.8915434608856343,-0.08622637373326109,-6.4993225087507085,0.0436
1787415670.9915683,-1.8716431917670673,-0.046744206843650236,-6.154405992003699,-1.9026398740891415,-0.09242039471869785,-6.06847223195721,0.0552,0.086,-1.8987179998561843,-0.09409623950526283,-6.032485833150454,0.0545
1787415671.1182811,-1.870585516827193,-0.045657766636310305,-6.455417458538196,-1.8807787824102489,-0.07907953049478914,-5.996458369897082,0.0349,0.459,-1.865161770933557,-0.07395982941943215,-6.048358889502857,0.0288
1787415671.1817913,-1.8694342873567709,-0.04549686031411991,-6.4778912337278385,-1.8606228422204567,-0.10701007375969501,-5.821419312906132,0.0621,0.656,-1.8596660277293138,-0.11133526557010885,-5.760346300798332,0.0666
1787415671.321702,-1.8669654054602458,-0.04607838581040335,-6.458269283905478,-1.8522356554000858,-0.10536214692223692,-5.993051813106374,0.0611,0.465,-1.852749248072968,-0.10365007856430518,-6.019850730484057,0.0593
1787415671.4529448,-1.8645580337815864,-0.04748428416602344,-6.03883469914266,-1.858875102557986,-0.10423768519920328,-6.122799064436792,0.0570,0.084,-1.8732440399437114,-0.10252441413451999,-6.179405635355987,0.0557
1787415671.5186038,-1.863468246600274,-0.047901672682192184,-6.021524529359875,-1.8465513572763352,-0.10096457332529826,-6.207266749023655,0.0557,0.186,-1.8371585862936906,-0.09817501825456701,-6.250866779741928,0.0567
1787415671.589564,-1.8622937785947253,-0.04807005803875754,-5.998134401041632,-1.8592264162148349,-0.08300300151974054,-5.845198436095178,0.0351,0.153,-1.8729505429136217,-0.08023980592398443,-5.874488725759572,0.0339
1787415671.736952,-1.8597825088686595,-0.04765254161650111,-6.126151119171164,-1.8716492605922777,-0.10638965016701925,-5.392970988728967,0.0599,0.733,-1.9023832248003805,-0.12500512594057772,-5.015586364103175,0.0883
1787415671.7962046,-1.8586400504451568,-0.04742454745653532,-6.398798344188311,-1.8955353857688944,-0.10054256917749033,-5.252966818272297,0.0647,1.146,-1.9161202617439148,-0.1026429313341188,-5.187626987699316,0.0797
1787415671.9197195,-1.8571049587231099,-0.04773880336859831,-6.41143206947976,-1.8957408258473896,-0.10225216026217142,-5.155892359975814,0.0668,1.256,-1.9161202617439148,-0.1026429313341188,-5.187626987699316,0.0806
1787415672.0382354,-1.8555401809675975,-0.04888252725410674,-6.283709987015337,-1.8959405097749007,-0.10376848557896878,-5.070810600592727,0.0682,1.213,-1.9134148004629965,-0.0666735590875718,-7.159171761956356,0.0605
1787415672.111476,-1.8548736542813051,-0.04953555874158278,-6.040662219239791,-1.9147469117897153,-0.07871032098957466,-6.637477873847061,0.0666,0.597,-1.9214732000563775,-0.0815915502352052,-6.58497071468522,0.0739
1787415672.1866236,-1.8540748040076769,-0.04985348549425048,-6.026772697819772,-1.911319027401302,-0.07807907704496905,-6.863230883122486,0.0638,0.836,-1.9045754921586429,-0.07769263150325177,-6.867378118589237,0.0577
1787415672.3190103,-1.8522005619299096,-0.04964084152813409,-6.0352176545061065,-1.9140705194609915,-0.07581247222770669,-6.907353866441205,0.0672,0.872,-1.9045754921586429,-0.07769263150325177,-6.867378118589237,0.0594
1787415672.4393957,-1.8504120516675027,-0.04893150013950345,-6.4305019485671355,-1.908535172553625,-0.12624455497184955,-5.161973666302797,0.0967,1.269,-1.9123582810526008,-0.1354996809287402,-4.980475564381256,0.1064
1787415672.5046387,-1.8495489922866886,-0.048830421616117455,-6.442737960181091,-1.8961368427409475,-0.12361140759921951,-5.428725312671187,0.0881,1.014,-1.8886089360460345,-0.12130746291177771,-5.460710080685015,0.0823
1787415672.6346774,-1.847772558257613,-0.04944590902025028,-6.45326144189124,-1.8944170618065364,-0.08914689833434863,-6.769728889106255,0.0613,0.316,-1.8981485496483264,-0.06970765000771487,-7.216585605134765,0.0543
1787415672.7450306,-1.8462007950596355,-0.05060256781618938,-6.113575321229174,-1.8934960836960972,-0.08759740522270021,-6.816032230523569,0.0600,0.702,-1.8981485496483264,-0.06970765000771487,-7.216585605134765,0.0553
1787415672.8507414,-1.8436500952985106,-0.05109175092271606,-6.046160863390172,-1.8928276669163338,-0.08643899669790203,-6.849929622416034,0.0606,0.804,-1.8981485496483264,-0.06970765000771487,-7.216585605134765,0.0576
1787415672.951318,-1.8418212568371048,-0.050233278608612604,-6.081533866256355,-1.893678124818054,-0.07475097126095517,-7.073246997947125,0.0574,0.992,-1.9201337231108475,-0.08435266642044083,-6.7545232269394635,0.0854
1787415673.012694,-1.8409410678164337,-0.04951860258639157,-6.1965679001173735,-1.9120469455064544,-0.08154044123409607,-6.699140323111532,0.0780,0.503,-1.914513171573051,-0.08203674372110017,-6.688911335662064,0.0804
1787415673.1383128,-1.839333139993865,-0.04846192368423786,-6.466700860163941,-1.8969300288338478,-0.11826704868102697,-5.365595910813188,0.0905,1.101,-1.916504563517048,-0.1505402355083964,-4.609830239249386,0.1280
1787415673.2058322,-1.8384759179577344,-0.04840315949173106,-6.497718719986927,-1.896313315539796,-0.12394875169972706,-5.261162615464905,0.0951,1.237,-1.916504563517048,-0.1505402355083964,-4.609830239249386,0.1285
1787415673.3357282,-1.8367501882488844,-0.04902938313575945,-6.427164285626007,-1.904220211227687,-0.13975829738277362,-4.974384151249118,0.1131,1.453,-1.9098287116094763,-0.14290610628337638,-4.909242475385656,0.1190
1787415673.401621,-1.8360034153445168,-0.04943795737993738,-6.208711363959759,-1.9048377207325984,-0.14637326403866346,-4.8727794538374685,0.1189,1.336,-1.8871328725394518,-0.09218133499180343,-7.0489160503458095,0.0666
1787415673.5389326,-1.8342641584012027,-0.049621037615956036,-6.179644235917599,-1.889384045107606,-0.10572969540634039,-6.73966691547169,0.0787,0.560,-1.902040289531957,-0.08312042394781853,-6.8867932027888035,0.0756
1787415673.606192,-1.8332619580703793,-0.04933436377462131,-6.188264557616219,-1.8858736765858641,-0.09663353424577051,-6.882397617687069,0.0707,0.694,-1.8772436522233829,-0.10059867619488926,-6.786668052848596,0.0675
1787415673.7384386,-1.8314049796919702,-0.048419561237426134,-6.568916423615003,-1.8842309782209417,-0.09585097621493678,-6.929855725893709,0.0710,0.361,-1.8772436522233829,-0.10059867619488926,-6.786668052848596,0.0695
1787415673.8154857,-1.8305060906260513,-0.04824632226006189,-6.582864884335038,-1.8833750690521194,-0.11480438806268531,-5.509672043675901,0.0850,1.073,-1.8982103681017422,-0.13011526147056626,-5.1354169973429,0.1062
1787415673.8888922,-1.829578188170616,-0.048385559863544446,-6.597231064743549,-1.880850043909948,-0.11790253695701756,-5.419556540971253,0.0864,1.178,-1.8982103681017422,-0.13011526147056626,-5.1354169973429,0.1067
1787415674.0126374,-1.8277879367927166,-0.0493056608665418,-6.385106763153448,-1.8793270498532153,-0.1197803569373798,-5.365638994011401,0.0873,1.019,-1.8982103681017422,-0.13011526147056626,-5.1354169973429,0.1072
1787415674.126112,-1.8261122985338178,-0.04983862442521867,-6.09925565354158,-1.8793270498532153,-0.1197803569373798,-5.365638994011401,0.0879,0.734,-1.8982103681017422,-0.13011526147056626,-5.1354169973429,0.1079
1787415674.1931937,-1.8251671851824667,-0.04974585335907525,-6.092669670100798,-1.8762582406277755,-0.12359057139483243,-5.257863171458973,0.0898,0.835,-1.8982103681017422,-0.13011526147056626,-5.1354169973429,0.1086
1787415674.3191984,-1.8231972686898077,-0.048684607315441386,-6.103113462154153,-1.8762582406277755,-0.12359057139483243,-5.257863171458973,0.0918,0.845,-1.8982103681017422,-0.13011526147056626,-5.1354169973429,0.1107
1787415674.4525874,-1.8225045514688705,-0.04808967079482408,-6.231629658382125,-1.873154009970305,-0.12747448483997145,-5.150081712047316,0.0942,1.082,-1.8982103681017422,-0.13011526147056626,-5.1354169973429,0.1116
1787415674.5221264,-1.8221303708909375,-0.048174974100678905,-6.320395617301078,-1.873154009970305,-0.12747448483997145,-5.150081712047316,0.0943,1.170,-1.8982103681017422,-0.13011526147056626,-5.1354169973429,0.1118
1787415674.6533504,-1.8214009313404163,-0.049021567663541356,-6.307108694389212,-1.870013965005405,-0.13143211610850686,-5.0422911972279945,0.0957,1.265,-1.8982103681017422,-0.13011526147056626,-5.1354169973429,0.1117
1787415674.7167659,-1.821150290835197,-0.04943142990311292,-6.109918627087505,-1.8203479371555296,-0.13462268497119173,-5.725813943598525,0.0852,0.384,-1.8178028000052666,-0.13419355467837782,-5.73438767086044,0.0848
1787415674.8528454,-1.8198558509788652,-0.04935685303568155,-6.093915321880057,-1.7949325722369356,-0.1528637731981463,-5.221850699939218,0.1065,0.872,-1.7805757059602083,-0.15806698707546804,-5.153461671049871,0.1156
1787415674.9168553,-1.819098164643431,-0.04893428436198405,-6.138063157885738,-1.8336165844595431,-0.15436437934679587,-4.902562181023589,0.1064,1.236,-1.8669924327684895,-0.1611639391401912,-4.745709989354533,0.1220
1787415675.053219,-1.817410558494201,-0.048146902643201706,-6.3236635634821425,-1.827964634290826,-0.14443497407966374,-5.309871273898249,0.0969,1.014,-1.8258179070939589,-0.14080331698248238,-5.3701717765515555,0.0930
1787415675.1215286,-1.816397632923035,-0.04818772376986453,-6.3776838688300685,-1.8067139200605729,-0.13950305476965444,-5.686649761432179,0.0918,0.691,-1.7933187680073426,-0.13565954428065016,-5.758973078435709,0.0905
1787415675.1959271,-1.8153638072839509,-0.04847835380248347,-6.42500094875047,-1.8298730565129084,-0.13058809084767622,-6.083784998429578,0.0834,0.341,-1.8627330111967042,-0.12344070764923702,-6.321006128337861,0.0887
1787415675.349718,-1.8134155446237348,-0.049635487753083546,-6.216380127075206,-1.8010158279554782,-0.16199932901888758,-6.3389593329678355,0.1130,0.123,-1.7536182832562963,-0.1777569272920123,-5.933176356608153,0.1414
1787415675.4195166,-1.8124739381596975,-0.050015655743284315,-5.945437653833503,-1.7857482717077278,-0.16560468468993644,-6.360174933023946,0.1186,0.415,-1.7685719067401682,-0.16411706862955588,-6.3389593329678355,0.1223
1787415675.4912944,-1.8114700048869814,-0.04987459324669655,-5.9496185130847214,-1.7767041726181199,-0.17149051635278093,-6.413377870646594,0.1265,0.464,-1.7685719067401682,-0.16411706862955588,-6.3389593329678355,0.1220
1787415675.6186955,-1.8093110393073002,-0.04882966809776991,-6.155200405834711,-1.7767041726181199,-0.17149051635278093,-6.413377870646594,0.1269,0.258,-1.7685719067401682,-0.16411706862955588,-6.3389593329678355,0.1223
1787415675.7420657,-1.8074973114438577,-0.04804300984571346,-6.244593545923853,-1.7633867796662448,-0.18018183060042592,-6.49038967218661,0.1393,0.246,-1.7685719067401682,-0.16411706862955588,-6.3389593329678355,0.1224
1787415675.81539,-1.8065584055784036,-0.048020382357770314,-6.308561068176702,-1.7566293712896388,-0.18460785683900194,-6.528900741144,0.1454,0.220,-1.7685719067401682,-0.16411706862955588,-6.3389593329678355,0.1222
1787415675.8830485,-1.8055907140908563,-0.04825198614785291,-6.339045774522081,-1.7566293712896388,-0.18460785683900194,-6.528900741144,0.1449,0.190,-1.7685719067401682,-0.16411706862955588,-6.3389593329678355,0.1216
1787415676.016927,-1.8038772165016055,-0.048916743113213645,-6.030652107420974,-1.7429131841923544,-0.19361086498460722,-6.6059232568243775,0.1570,0.575,-1.7685719067401682,-0.16411706862955588,-6.3389593329678355,0.1205
1787415676.148284,-1.8027299325095247,-0.048638531387020977,-5.761027110889605,-1.7429131841923544,-0.19361086498460722,-6.6059232568243775,0.1568,0.845,-1.7685719067401682,-0.16411706862955588,-6.3389593329678355,0.1204
1787415676.214431,-1.802084837685042,-0.04806478184890989,-5.608217633915268,-1.728935812719514,-0.20281994387758512,-6.682930555984011,0.1712,1.075,-1.7685719067401682,-0.16411706862955588,-6.3389593329678355,0.1208
1787415676.3296402,-1.8019050172998126,-0.04765732116930138,-5.316499685409692,-1.728935812719514,-0.20281994387758512,-6.682930555984011,0.1715,1.366,-1.7685719067401682,-0.16411706862955588,-6.3389593329678355,0.1211
1787415676.4528499,-1.801782108859897,-0.04800946580504656,-5.1938479820329455,-1.7146939797654734,-0.2122383203900755,-6.759943888995684,0.1859,1.566,-1.7685719067401682,-0.16411706862955588,-6.3389593329678355,0.1208
1787415676.5193617,-1.8017379518513734,-0.04863598590047239,-5.169967347664877,-1.7107651721770942,0.2944989780532635,-18.678511359247214,0.3550,13.509,-1.7163918562673512,0.30041838933210524,-18.767274978886316,0.3593
1787415676.6523547,-1.8018241539075441,-0.050329644263781566,-4.685510275509308,-1.694767157737592,0.3315909625397349,-19.32615746416373,0.3966,14.641,-1.7163918562673512,0.30041838933210524,-18.767274978886316,0.3610
1787415676.7316854,-1.8014198056488264,-0.05066939858933957,-4.669295809284856,-1.693301815281579,0.4322712934894404,-23.353213199348495,0.4949,18.684,-1.7271792353535294,0.48159754860059867,-24.3550845851434,0.5374
1787415676.8095856,-1.8009253762389135,-0.05070671166725778,-4.651099605124178,-1.693252605486792,-0.08703459727592533,-2.9689335353701978,0.1136,1.682,-1.7738169449934473,-0.1455121344467983,-3.711363167821389,0.0986
1787415676.9506478,-1.7999025395018855,-0.05011888000921203,-4.903803418262032,-1.6855244048629638,-0.15272797570903157,-2.945042532243774,0.1537,1.959,-1.691908629004232,-0.1681535711492651,-2.7336110292971307,0.1600
1787415677.0222955,-1.7989721707192656,-0.05001583922822316,-5.050234518574397,-1.7049894665302123,-0.14720724540492486,-3.7981704260918967,0.1352,1.252,-1.824088461695561,-0.05237953494358477,-4.958486429528146,0.0252
1787415677.0911598,-1.7980026248460261,-0.05016886010594651,-5.208569954984671,-1.7526911063174604,-0.0965397662727547,-4.363461305798709,0.0648,0.845,-1.824088461695561,-0.05237953494358477,-4.958486429528146,0.0262
1787415677.2394056,-1.7960165273652064,-0.05126964177915106,-5.399019621666021,-1.7969158730223183,-0.06310188221639428,-5.153550447768718,0.0119,0.245,-1.8450545548515969,-0.05141271127841037,-5.461476362149831,0.0490
1787415677.3005204,-1.7951546746322342,-0.05188831151672168,-5.284210326114588,-1.8467449935613924,-0.05601815509076978,-5.50253319703814,0.0518,0.218,-1.8876159513624675,-0.05080140805875007,-5.589698397549463,0.0925
1787415677.426606,-1.7931577625726964,-0.052326089951719036,-5.254852597252877,-1.8648344664567162,-0.09336840895485757,-4.752456931910232,0.0826,0.502,-1.8771963295119707,-0.10184594429713455,-4.612520611092781,0.0975
1787415677.4910514,-1.7920433207914894,-0.052176526008431895,-5.273529162937344,-1.8786726214673746,-0.10599283980255715,-4.503066303857636,0.1020,0.770,-1.882611754752196,-0.10631530018054652,-4.494927564023046,0.1055
1787415677.6209471,-1.7896785733179637,-0.052069186937343144,-5.536988406833501,-1.8750878668152127,-0.0766846749720527,-5.046426519985049,0.0889,0.491,-1.8560703509273888,-0.05397637511709928,-5.372893957223909,0.0664
1787415677.6881666,-1.788422068030784,-0.05241051650028696,-5.664181325071172,-1.916248118356564,-0.05032619167957063,-6.198663538850873,0.1278,0.534,-2.025135996030712,-0.009310324782898012,-7.0960247462548605,0.2406
1787415677.8437498,-1.7858311276829681,-0.05393428587913375,-5.86652649250744,-1.9517957579414065,-0.038026789724888106,-6.332019147016286,0.1667,0.465,-2.0522937668846932,0.0023832982008432316,-7.572259102334151,0.2723
1787415677.917087,-1.7846038763041918,-0.05496820179399315,-5.8228606183353655,-1.9836319765069703,-0.055426797992760415,-6.7815255416293905,0.1990,0.959,-1.9646451723309506,-0.07007895916564844,-6.50154954795233,0.1807
1787415677.989729,-1.7837735808780675,-0.05519658314631935,-5.8709793204503065,-2.0204063335840754,-0.036164720488765505,-6.8622802571052395,0.2374,0.991,-2.073387992821615,-0.029429023626416723,-6.781525541629391,0.2908
1787415678.130807,-1.7818842003772342,-0.05470127338311644,-5.871334654143314,-2.0506937007285653,-0.03675448214472357,-6.756978134512855,0.2694,0.886,-2.073387992821615,-0.029429023626416723,-6.781525541629391,0.2926
1787415678.1933227,-1.780921142301154,-0.05402645019712094,-5.949814336388004,-2.072766500631548,-0.037222298324427604,-6.681605124803364,0.2923,0.732,-2.073387992821615,-0.029429023626416723,-6.781525541629391,0.2935
1787415678.317977,-1.7791652839642733,-0.05305295170278211,-6.166462987688051,-2.072766500631548,-0.037222298324427604,-6.681605124803364,0.2940,0.515,-2.073387992821615,-0.029429023626416723,-6.781525541629391,0.2952
1787415678.448011,-1.7773680774567253,-0.05328254535696824,-6.2769887285812365,-1.8704168782542752,-0.15934334963642607,-5.080476696635786,0.1411,1.197,-1.8159589847646707,-0.16988843937097312,-4.718631815022686,0.1228
1787415678.5189586,-1.7764981456199918,-0.053741823431103425,-6.297403192020053,-1.8344937885374508,-0.15166109131842903,-5.528100827963807,0.1138,0.769,-1.8172173350146987,-0.14764518946322042,-5.556982879494142,0.1024
1787415678.59353,-1.7757433189890124,-0.054255066112495795,-6.152924266778044,-1.7809861141501462,-0.19607413684396557,-5.0156055250875875,0.1419,1.137,-1.7259703373591848,-0.1997316137141482,-5.528100827963807,0.1538
1787415678.7297812,-1.774811271984484,-0.05415339030880258,-6.129643498390115,-1.758974795874995,-0.22428593149374046,-4.76542771364616,0.1709,1.364,-1.7259703373591848,-0.1997316137141482,-5.528100827963807,0.1536
1787415678.810216,-1.7742235082410978,-0.05373454122602042,-6.152041361668895,-1.758974795874995,-0.22428593149374046,-4.76542771364616,0.1712,1.387,-1.7259703373591848,-0.1997316137141482,-5.528100827963807,0.1538
1787415678.9511964,-1.7730814241662607,-0.052665672680829695,-6.353880333088018,-1.799532745254697,-0.1753587647436607,-4.7793727272606645,0.1255,1.575,-1.8084310529128267,-0.17172164569039372,-4.841312103024177,0.1242
1787415679.018525,-1.772435006697208,-0.05249193536976461,-6.402241550179282,-1.8119864747166852,-0.11642765091793711,-5.747698770224985,0.0752,0.655,-1.837610630939548,-0.09436046768951842,-6.153704913175876,0.0775
1787415679.0925038,-1.7717635813328696,-0.052567586354529384,-6.441995042629311,-1.8255072922455136,-0.0935656615694843,-6.182374416475539,0.0676,0.260,-1.8259709403617204,-0.09223461257560989,-6.204538097002913,0.0672
1787415679.1744092,-1.7711129062673159,-0.052901693461362836,-6.395136232096647,-1.8454695260932006,-0.06291474969863062,-6.590702469019071,0.0750,0.196,-1.894391785816583,-0.04148480696200689,-6.959694237726605,0.1238
1787415679.3336766,-1.769968357929565,-0.05333848811212012,-5.918193280770612,-1.8360498798267435,-0.05178702484576438,-6.486551299401927,0.0661,0.568,-1.8667336470049913,-0.10198147799535616,-5.948414268566904,0.1083
1787415679.4078815,-1.7690470892788244,-0.053083644952601095,-5.9271032017472,-1.8534504612337572,-0.0955331991979046,-5.735951616523116,0.0945,0.191,-1.8625930473464976,-0.10170490895024623,-5.623661118391666,0.1054
1787415679.480947,-1.7680721404599944,-0.05256201773760284,-6.010840108251954,-1.8432292489658106,-0.1082242307121948,-5.355415015075228,0.0935,0.655,-1.8372075305305957,-0.11038178210812455,-5.323840531441845,0.0901
1787415679.6474154,-1.7663077010339254,-0.05160111448077386,-6.263315507887193,-1.848257318481367,-0.10027290633123946,-5.745216865856053,0.0953,0.518,-1.8546365901702315,-0.09658552668044568,-5.822967316490008,0.0991
1787415679.71863,-1.765395971483343,-0.051588650714307085,-6.287054757451397,-1.8497799078393795,-0.0994059578868585,-5.684685265484542,0.0970,0.602,-1.809933818779646,-0.0903906037078396,-6.080373677481607,0.0591
1787415679.793206,-1.7644702404682955,-0.05183563435358668,-6.258225061155555,-1.7880606099416039,-0.1255967649577252,-5.9354494960707385,0.0774,0.323,-1.762257431354768,-0.13371166531390186,-5.814260541754442,0.0819
1787415679.9442818,-1.7628387368550036,-0.05239776114527761,-5.810274000757148,-1.7757852888947523,-0.13386791092449707,-5.841846151998545,0.0825,0.032,-1.7683707925625316,-0.13517836168258932,-5.80941433575695,0.0830
1787415680.0084937,-1.7618730726470342,-0.05217851074296744,-5.81471471180388,-1.7770535757056827,-0.13151685795363205,-5.23773857340044,0.0808,0.577,-1.7922961192077325,-0.1310330194795623,-5.245142309698928,0.0845
1787415680.1448233,-1.7596816652587073,-0.05086635576262585,-5.9806353620134045,-1.8410679036303799,-0.12822273341489238,-4.625716187447872,0.1123,1.355,-1.8973719141118004,-0.14115461176883848,-4.318725093649897,0.1647
1787415680.213797,-1.758891388929378,-0.05067972070411352,-6.0006457118762295,-1.8782843567597982,-0.10316019243250252,-4.861072329057356,0.1304,1.140,-1.931078662510452,-0.09387401240410864,-4.905662197170528,0.1775
1787415680.2863946,-1.7581070458792922,-0.050743382606448666,-6.085143508329174,-1.8641325340312798,-0.08392183700158937,-6.067967074685461,0.1111,0.017,-1.8545911508194128,-0.080755104142311,-6.11114702720345,0.1010
1787415680.4319205,-1.7563439421212113,-0.05172761058434435,-6.223073004456063,-1.864693536116941,-0.08146718307174304,-6.320309328373888,0.1124,0.097,-1.8608208337510324,-0.08140944253138059,-6.322110963319807,0.1086
1787415680.5057538,-1.7555308001264012,-0.05249180416849867,-6.147204838672384,-1.853195277501611,-0.05740099565845409,-6.341743977714757,0.0978,0.195,-1.8432504322230574,-0.04873216057448376,-6.446339202725732,0.0878
1787415680.5833802,-1.7547785344666669,-0.05299288042374652,-6.1249737690745185,-1.8457079081641798,-0.08501301867190036,-6.036323937328442,0.0964,0.089,-1.843786692130901,-0.09732080659265195,-5.834156897564267,0.0994
1787415680.7364388,-1.7529599906805762,-0.05305223479283661,-6.028481806957606,-1.8760320213244792,-0.112254575270648,-5.357518741625156,0.1366,0.671,-1.9240892002492556,-0.13539274191364517,-4.880558152850969,0.1899
1787415680.804335,-1.7520169268833017,-0.05271417534171745,-6.110190541266658,-1.8978367652272643,-0.13885989975582708,-4.567817575388666,0.1694,1.542,-1.9181236219048066,-0.15472771487214795,-4.1958306224474855,0.1949
1787415680.9349067,-1.7503206982102348,-0.05239996020786611,-6.607203070244927,-1.9420656848739857,-0.13089039310831768,-4.490320253051795,0.2072,2.117,-2.036712659042893,-0.12764192698461302,-4.567817575388666,0.2961
1787415681.0069299,-1.7497699319287787,-0.052824329365225534,-6.599546306994973,-1.9543196859262686,-0.13445940506759124,-4.38974983220504,0.2202,2.210,-2.036712659042893,-0.12764192698461302,-4.567817575388666,0.2965
1787415681.137573,-1.7487101392200048,-0.05436168978959382,-6.368263388975457,-1.9543196859262686,-0.13445940506759124,-4.38974983220504,0.2207,1.979,-1.9084077974922344,-0.1119539936713314,-5.874486257600528,0.1698
1787415681.195002,-1.748792547642254,-0.05500204112759447,-6.204281116157094,-1.915533937832872,-0.12977964023563834,-5.303804029861443,0.1827,0.900,-1.9029751283271028,-0.13300043534999687,-5.216709225632363,0.1728
1787415681.3370738,-1.7487421162199177,-0.05557913130336876,-5.805393347760988,-1.9214497690028125,-0.13247980509945795,-5.267365697979992,0.1891,0.538,-1.9029751283271028,-0.13300043534999687,-5.216709225632363,0.1726
1787415681.4015799,-1.7486033301878048,-0.055494844940603506,-5.647546837561716,-1.8996886040507206,-0.13535486173305494,-4.885126344302973,0.1709,0.762,-1.8828500103851318,-0.13441693530728122,-4.889902196764142,0.1557
1787415681.5426528,-1.7485327071475747,-0.0551130182903354,-5.729472415197996,-1.8599612517807886,-0.08235164605291023,-5.28794332677292,0.1147,0.442,-1.823167058098528,-0.06015795471395681,-5.6120002416990244,0.0748
1787415681.6174994,-1.7480744626425648,-0.0554228730375933,-5.730331024192758,-1.825763769331224,-0.06709993419476516,-5.490960405456137,0.0786,0.239,-1.7951662472702412,-0.06013784267222438,-5.628617164720934,0.0473
1787415681.7422633,-1.7470194778102717,-0.05708100686869464,-5.502951924423613,-1.7840951449870153,-0.050552597396248386,-5.960527432203446,0.0376,0.458,-1.771399924610531,-0.0485307975951226,-5.976386407152047,0.0258
1787415681.8055546,-1.7463575889300387,-0.05768123271673846,-5.449779830949481,-1.7694664144801215,-0.04080125501102339,-5.986190422869154,0.0286,0.536,-1.7983052446007186,-0.05043194580250673,-5.762062523981165,0.0525
1787415681.939867,-1.744443380745944,-0.05826997756680596,-5.049961962014045,-1.740145906943644,-0.13231912904954612,-4.944065083130352,0.0742,0.106,-1.7254250024595221,-0.14880784455282625,-4.684397485137845,0.0925
1787415682.0043921,-1.7431865287467572,-0.05806261539678995,-4.925079304681431,-1.7122547869444846,-0.12811599968484724,-4.669898750974092,0.0766,0.255,-1.7027010317572506,-0.1258038245071852,-4.691133946299324,0.0789
1787415682.1449146,-1.7407476270232196,-0.057206325150150186,-4.974965233853752,-1.7099391581037882,-0.13578660545885535,-4.330215026757824,0.0844,0.645,-1.7150383496868407,-0.13876253729387503,-4.282923230810688,0.0855
1787415682.2195206,-1.7389688474592309,-0.05718184488492669,-5.140102862869458,-1.6916679203175304,-0.12919072341224658,-4.413518934456353,0.0862,0.727,-1.7121890180074004,-0.13024660554347545,-4.4998121192362515,0.0778
1787415682.2964146,-1.7371488235376926,-0.057451816853161704,-5.313485446375498,-1.7499245304521687,-0.08432476152438867,-5.068863781305011,0.0298,0.245,-1.9803454764308968,-0.005790169055750881,-6.8218800089328955,0.2486
1787415682.4324462,-1.7336688761107324,-0.05890947258421977,-5.5648790931648335,-1.7432308044818383,-0.07970280547115743,-5.039899036721335,0.0229,0.525,-1.9803454764308968,-0.005790169055750881,-6.8218800089328955,0.2523
1787415682.4948199,-1.7325155986627645,-0.05936472288327549,-5.55066680519937,-1.737742830319301,-0.0758825829401302,-5.016409431438647,0.0173,0.534,-1.9803454764308968,-0.005790169055750881,-6.8218800089328955,0.2536
1787415682.6333272,-1.7299935442578205,-0.05954497249748594,-5.448140515438533,-1.7321888934927943,-0.07198930476427166,-4.9928669977493465,0.0126,0.455,-1.9803454764308968,-0.005790169055750881,-6.8218800089328955,0.2561
1787415682.7026415,-1.7286262067854863,-0.05924958042785086,-5.449918042700091,-1.7321888934927943,-0.07198930476427166,-4.9928669977493465,0.0132,0.457,-1.9803454764308968,-0.005790169055750881,-6.8218800089328955,0.2573
1787415682.8348503,-1.7261027557221413,-0.05852305604405475,-5.837174555230555,-1.7209166062593573,-0.0640099025812863,-4.945774129660889,0.0075,0.891,-1.9803454764308968,-0.005790169055750881,-6.8218800089328955,0.2597
1787415682.9027708,-1.7251926632981176,-0.05867452189857152,-5.835444724696187,-1.7209166062593573,-0.0640099025812863,-4.945774129660889,0.0068,0.890,-1.9803454764308968,-0.005790169055750881,-6.8218800089328955,0.2606
1787415683.0329337,-1.7233899271048494,-0.05992522747521204,-5.878935039429639,-1.709503106507536,-0.05582440678977564,-4.898977727741572,0.0145,0.980,-1.9803454764308968,-0.005790169055750881,-6.8218800089328955,0.2626
1787415683.0994093,-1.7225776822034546,-0.060752500419472714,-5.745571212198888,-1.703693280253298,-0.05161658557954951,-4.875479917415592,0.0210,0.870,-1.9803454764308968,-0.005790169055750881,-6.8218800089328955,0.2636
1787415683.2112937,-1.7217492649808916,-0.06139187389589838,-5.712367403710547,-1.703693280253298,-0.05161658557954951,-4.875479917415592,0.0205,0.837,-1.9803454764308968,-0.005790169055750881,-6.8218800089328955,0.2645
1787415683.3398068,-1.7206834264361877,-0.060919979397364495,-5.621035621009223,-1.6919211847950615,-0.0430160868809066,-4.828518980598363,0.0339,0.793,-1.9803454764308968,-0.005790169055750881,-6.8218800089328955,0.2654
1787415683.411072,-1.7201992652890927,-0.06034153700203279,-5.726155095987324,-1.6859543595239683,-0.03861621566819341,-4.805030022371459,0.0406,0.921,-1.9803454764308968,-0.005790169055750881,-6.8218800089328955,0.2658
1787415683.5502434,-1.7202030326925395,-0.05979806387693859,-6.065252121280038,-1.6859543595239683,-0.03861621566819341,-4.805030022371459,0.0403,1.260,-1.9803454764308968,-0.005790169055750881,-6.8218800089328955,0.2657
1787415683.6144993,-1.7201600350465334,-0.05993008566851265,-6.242453076715646,-1.6738610307080524,-0.02962575439732158,-4.758056073273931,0.0553,1.484,-1.9803454764308968,-0.005790169055750881,-6.8218800089328955,0.2658
1787415683.7436726,-1.720189654545931,-0.060712524069116244,-6.325901933043165,-1.6738610307080524,-0.02962575439732158,-4.758056073273931,0.0558,1.568,-1.7854708889474096,-0.1999580984385156,-5.12612418888085,0.1538
1787415683.802057,-1.7207468194400197,-0.060806544840341925,-6.315328839470416,-1.782248424130075,-0.19895745428025874,-5.133708408728188,0.1512,1.182,-1.7854708889474096,-0.1999580984385156,-5.12612418888085,0.1535
1787415683.9381964,-1.7216098537475761,-0.06028024735223332,-6.258163811667604,-1.786114386610457,-0.21467100177673581,-5.12306968346854,0.1673,1.135,-1.876624751067441,-0.06379025383725163,-6.4900560673334855,0.1551
1787415684.004349,-1.721952505922435,-0.05965955353896074,-6.293459857478615,-1.848937253907721,-0.08582714470963163,-6.165584149765035,0.1297,0.128,-1.6949997688425293,-0.17257085620182241,-5.492044668510053,0.1161
1787415684.134858,-1.7219978453890608,-0.05870187166876795,-6.500600242328015,-1.7609761589095068,-0.09367916862032251,-5.9874548930342275,0.0524,0.513,-1.7810597040626133,-0.06638355825715729,-6.342922960163678,0.0596
1787415684.202149,-1.721589830442783,-0.05873538046720384,-6.5437305439350135,-1.7590316387081384,-0.08605974736890833,-6.02233130060734,0.0464,0.521,-1.7409089866190999,-0.05193992610889921,-6.577241040741436,0.0205
1787415684.338894,-1.720737795359785,-0.059538231520524,-6.539177140707152,-1.666776853079772,-0.1918715316605203,-5.308022669851753,0.1429,1.231,-1.646451643142015,-0.22217597052122084,-4.825169569166454,0.1788
1787415684.4014297,-1.7204183659361243,-0.0601211986970864,-6.351048408142617,-1.674780333534591,-0.18718060220151195,-5.382558372081728,0.1350,0.968,-1.7915873181259936,0.04437002234932682,-7.9483070269865825,0.1264
1787415684.5352826,-1.7183896423192189,-0.06066361531791431,-6.2886970154094675,-1.6411285235991753,-0.20718920361538232,-4.930371926530072,0.1656,1.358,-1.6297503192599119,-0.2082064925013147,-4.889559911209285,0.1721
1787415684.6179187,-1.7172317983248182,-0.060531497327938305,-6.264478085644576,-1.6725783606933438,-0.279799288979049,-4.064824735283549,0.2238,2.200,-1.7227015163375736,-0.1916357410537904,-4.916256651049395,0.1312
1787415684.6974964,-1.7160714694787644,-0.06016468172574217,-6.350441642165012,-1.6621441526204805,-0.32927152169691754,-3.7883603741142675,0.2745,2.562,-1.6631247016117583,-0.3368737738045603,-3.6989073678977604,0.2817
1787415684.8513293,-1.7132851634492354,-0.060011610837655376,-6.5970733628524005,-1.6544250433542769,-0.32383404118651365,-3.586981799130065,0.2703,3.010,-1.6505709357472182,-0.3153081518423486,-3.6854305766657127,0.2629
1787415684.9312959,-1.7115314084017967,-0.06046580814616008,-6.593439056024354,-1.642409141851475,-0.3526014210469834,-3.566569721903654,0.3002,3.027,-1.6417166437335136,-0.3547738213527755,-3.5382235534330215,0.3025
1787415685.0000741,-1.7097997751352314,-0.06123513218700391,-6.4895471967113565,-1.6549292778059765,-0.30212630072056135,-4.160724807657139,0.2471,2.329,-1.661720071010925,-0.2842095603759024,-4.402939272180924,0.2281
1787415685.149035,-1.7068383969249323,-0.06238752530846596,-6.23435551827397,-1.6714745988909117,-0.29125557049041917,-4.375156578564004,0.2316,1.859,-1.6966258709043949,-0.2857037604093578,-4.528560043424166,0.2235
1787415685.2147698,-1.7053943788618986,-0.06240926790982969,-6.212208942921698,-1.6646074457474618,-0.27892718270644506,-4.254659161587358,0.2203,1.958,-1.6606262478099054,0.016115147902866767,-7.195286696495592,0.0904
1787415685.2930605,-1.7038817923684155,-0.06220721461021109,-6.232472419654638,-1.7074217273423158,-0.32236133710162346,-3.178727234292874,0.2602,3.054,-1.7426054441276841,-0.33222671796678593,-3.178727234292874,0.2728
1787415685.439257,-1.7010400892271038,-0.061677137033617185,-6.662000897183919,-1.720049731720256,-0.3291339281151392,-3.0840203836165516,0.2681,3.578,-1.7426054441276841,-0.33222671796678593,-3.178727234292874,0.2737
1787415685.506684,-1.6999888933790057,-0.061874919698566615,-6.662578847578344,-1.7266918363297916,-0.3375573668661205,-2.9619289226434535,0.2770,3.701,-1.7318147661504097,-0.3347349109327891,-3.0840203836165516,0.2747
1787415685.571489,-1.6989692698895222,-0.06248992502164001,-6.697448103201362,-1.7333776766254458,-0.35601881903202715,-2.7435103138867722,0.2955,3.954,-1.7318147661504097,-0.3347349109327891,-3.0840203836165516,0.2742
1787415685.7332945,-1.6975601965678573,-0.06392036480367234,-6.5321443828481325,-1.7333776766254458,-0.35601881903202715,-2.7435103138867722,0.2943,3.789,-1.7318147661504097,-0.3347349109327891,-3.0840203836165516,0.2730
1787415685.806576,-1.697093324188994,-0.0642850907910403,-6.335431244266514,-1.7411054203064704,-0.37705083583223964,-2.4993970365854414,0.3158,3.836,-1.7318147661504097,-0.3347349109327891,-3.0840203836165516,0.2727
1787415685.9456227,-1.695882846805519,-0.06411506430345877,-6.002453142521617,-1.745056562420692,-0.387731718193314,-2.3773254245558455,0.3273,3.625,-1.7318147661504097,-0.3347349109327891,-3.0840203836165516,0.2730
1787415686.0119238,-1.6953165150360634,-0.06379677040195796,-5.990957666651959,-1.745056562420692,-0.387731718193314,-2.3773254245558455,0.3277,3.614,-1.7318147661504097,-0.3347349109327891,-3.0840203836165516,0.2734
1787415686.1336524,-1.6946420828957853,-0.06391366275075909,-6.09751978886922,-1.7531743779958497,-0.40940102948148377,-2.13322970763786,0.3504,3.964,-1.7318147661504097,-0.3347349109327891,-3.0840203836165516,0.2734
1787415686.1970656,-1.6944791913734494,-0.06451048235131221,-6.142356735275466,-1.7573182707139754,-0.420402266565853,-2.0111666066636125,0.3614,4.131,-1.7318147661504097,-0.3347349109327891,-3.0840203836165516,0.2728
1787415686.3284378,-1.6945740791002029,-0.06572340910323897,-6.248292956347351,-1.8206006922077123,-0.10923547156681573,-6.07881780850917,0.1333,0.169,-1.8345273903335757,-0.09781347701392051,-6.388707196971906,0.1436
1787415686.3950567,-1.6949501758024905,-0.0659919292141177,-6.269960301634492,-1.8879140341354868,-0.05965808984039403,-6.803999225727345,0.1931,0.534,-2.01226272916755,-0.005816519720551631,-8.154048479877483,0.3230
1787415686.5400562,-1.6953962754295728,-0.06568319904142457,-6.208250617957511,-1.924139093169042,-0.05213237826150957,-6.87469880321693,0.2291,0.666,-1.8654853759835661,-0.10946099500720033,-5.259678403257963,0.1756
1787415686.6085405,-1.695521778648836,-0.06511205514361891,-6.243594894758616,-1.8850621266999616,-0.08670535592186332,-5.558255583076796,0.1908,0.685,-1.8654853759835661,-0.10946099500720033,-5.259678403257963,0.1757
1787415686.734369,-1.695562022531608,-0.06429046633045712,-6.431600553844099,-1.8167869904672416,-0.06913797188761231,-6.251893865329311,0.1213,0.180,-1.758324524928383,-0.06811635769424335,-6.254910285040896,0.0629
1787415686.7977378,-1.695362614047992,-0.06435728156388397,-6.460585762318029,-1.7482187723189209,-0.05893802217398253,-6.58181250959197,0.0531,0.121,-1.7230173496531735,-0.05958947045343867,-6.578654109795859,0.0281
1787415686.9484262,-1.6949230547006995,-0.065186125753591,-6.425043940098569,-1.7259058727514662,-0.05392117685016244,-6.724531205184851,0.0330,0.299,-1.7099999457404003,-0.05618881063390261,-6.688256624175598,0.0176
1787415687.0194438,-1.6948315425721285,-0.06573978599004565,-6.191233909777112,-1.7058967193601855,-0.05992339649315384,-6.46081956953204,0.0125,0.270,-1.7031941147207432,-0.06565721235759266,-6.389074975985576,0.0084
1787415687.087894,-1.6940843887332906,-0.06608737112949556,-6.166162835665214,-1.6947508922555863,-0.05014090164580436,-6.528866054059195,0.0160,0.363,-1.7031941147207432,-0.06565721235759266,-6.389074975985576,0.0091
1787415687.222122,-1.6922148657120915,-0.06582298168998985,-6.17471274506426,-1.6384906254173857,-0.10260604686367711,-5.701939876436838,0.0651,0.473,-1.6179432258098052,-0.11700540730773085,-5.467501983836006,0.0902
1787415687.2932582,-1.6912233449204064,-0.06532800507819905,-6.33506477680627,-1.6191909166659841,-0.11052199362102758,-5.637561871757423,0.0850,0.698,-1.6192256363266537,-0.11205731604264958,-5.616369873592286,0.0858
1787415687.4503517,-1.6888663678653963,-0.0650285724897675,-6.634917932606982,-1.6092294751575043,-0.11377939231933366,-5.669137455126485,0.0934,0.966,-1.6122107343007404,-0.11443260372889581,-5.666228026075702,0.0912
1787415687.5264592,-1.6873140511731328,-0.06552504089100429,-6.581000715016175,-1.6582926126694557,-0.073287388199937,-6.547145563310999,0.0300,0.034,-1.7080389359673958,-0.05795017543899002,-6.791903522690188,0.0221
1787415687.5952418,-1.6857886186601752,-0.06629941434904373,-6.4280679538347165,-1.685103433938503,-0.059428080980896615,-6.716206737565973,0.0069,0.288,-1.7023594714381665,-0.05662561760754924,-6.767092194042029,0.0192
1787415687.7326922,-1.6827751690238397,-0.0672855467388144,-6.127676274862269,-1.7049057622625006,-0.05771477629771231,-6.616143702625175,0.0241,0.488,-1.7245605240810702,-0.05933081691886421,-6.620823733955916,0.0425
1787415687.7958503,-1.6810972444653107,-0.06719483013693622,-6.113458513213341,-1.7294973530125528,-0.060246406613940186,-6.34627526801167,0.0489,0.233,-1.7478901802002544,-0.06358225086917152,-6.325711907056437,0.0669
1787415687.934742,-1.6776082710709002,-0.06638182953109752,-6.260284213886597,-1.7329395333490714,-0.05418300578735668,-6.390463012026042,0.0567,0.130,-1.8007964262142102,-0.06416977390503334,-6.410575629662049,0.1232
1787415688.0148563,-1.6759742446771801,-0.0659353285755909,-6.521147466028573,-1.7931317801724052,-0.06337364103319298,-6.577139952898058,0.1172,0.056,-1.8170896110797767,-0.06415762079480412,-6.613437546899531,0.1411
1787415688.086131,-1.6746397015250971,-0.06597957526878241,-6.528135029173821,-1.8201224789077834,-0.0598133549943644,-6.811849137921743,0.1456,0.284,-1.8499509472534452,-0.060541162000754926,-6.813918260374611,0.1754
1787415688.227958,-1.6719843077708143,-0.06700988045421231,-6.550926076889228,-1.8639803701723499,-0.04841407938000254,-7.312582289376085,0.1929,0.762,-1.9093142779014483,-0.03836796669719377,-7.559976846167715,0.2391
1787415688.296588,-1.6707669731617953,-0.06770656164719994,-6.376511347323711,-1.9249102411565842,-0.04914875046116647,-7.770272284903867,0.2548,1.394,-1.937197235477112,-0.05516724529495099,-7.312582289376085,0.2667
1787415688.4362667,-1.668512208035363,-0.06830691660625765,-6.328625749561456,-1.9514817544268144,-0.04092491157846089,-7.89148429239756,0.2843,1.563,-1.9686700248011764,-0.031840222734590945,-7.770272284903867,0.3024
1787415688.5036452,-1.6672252392902516,-0.06814062341475317,-6.26022393622285,-1.9676689129252807,-0.0372891444944754,-7.956457466783215,0.3020,1.696,-1.9925024805489218,-0.02974709099200436,-7.956457466783213,0.3275
1787415688.638535,-1.6647825519536343,-0.06742276815639633,-6.486112890573025,-1.987642556197497,-0.0327613406356625,-8.044964924777565,0.3247,1.559,-1.9925024805489218,-0.02974709099200436,-7.956457466783213,0.3299
1787415688.70504,-1.664008244047166,-0.06739704212310288,-6.492523619309739,-2.022604039315234,-0.02474055594802858,-8.239867325923555,0.3611,1.747,-2.0129357614360823,-0.02763385808519416,-8.044964924777567,0.3512
1787415688.831306,-1.662475124351654,-0.0683294733827689,-6.546913016992382,-2.0226372957624346,-0.021464977582174197,-8.308600858184366,0.3632,1.762,-1.9926476863622906,-0.01750055773461945,-8.308600858184365,0.3341
1787415688.9506357,-1.6612095052355171,-0.07001446284753224,-6.305852386746187,-2.0215610366509305,-0.014673723126329322,-8.491647088623768,0.3646,2.186,-1.9930132481913405,-0.020003818068425227,-8.308600858184365,0.3356
1787415689.0004618,-1.6604923043507525,-0.07052140111599695,-6.287011741308745,-2.0446757266734057,-0.008089377631140421,-8.630986690911948,0.3892,2.344,-1.9930132481913405,-0.020003818068425227,-8.308600858184365,0.3363
1787415689.1236787,-1.6588297098433624,-0.07080678512366721,-6.177754374579845,-2.0446757266734057,-0.008089377631140421,-8.630986690911948,0.3909,2.453,-1.9930132481913405,-0.020003818068425227,-8.308600858184365,0.3380
1787415689.248548,-1.6570984792035388,-0.07024308424027216,-6.288196723053979,-2.0837081142027016,0.003146022073133903,-8.861487924951698,0.4329,2.573,-1.9930132481913405,-0.020003818068425227,-8.308600858184365,0.3397
1787415689.3140814,-1.6568067807854716,-0.07018289807868663,-6.297376948461898,-2.02185924122113,0.00720708795381141,-9.077800713548331,0.3732,2.780,-1.9790379925522859,0.004102403695203425,-8.861487924951698,0.3307
1787415689.449946,-1.6561242176524458,-0.07082594407244065,-6.3335313306398415,-2.034938107735058,0.013604437042406324,-9.211712561373844,0.3881,2.878,-1.9494499390748241,-0.03243110187183809,-7.857237856071178,0.2958
1787415689.5156422,-1.6557861907952234,-0.07150536230674885,-6.275348368520845,-1.9628723014513285,-0.017156153835525684,-8.219765947558773,0.3119,1.944,-1.9157246664314276,-0.017731330063833307,-8.158540270752596,0.2654
1787415689.5957282,-1.6555239008443439,-0.07225422875316928,-6.10632379866599,-1.9471165788504723,-0.02265762984630689,-7.987647251393989,0.2958,1.881,-1.9243135912486458,-0.029357878517263864,-7.818840998991863,0.2722
1787415689.7509117,-1.654353529149488,-0.07293254183176083,-6.051235313623446,-1.9486754497446128,-0.020199845176610498,-8.049695340725442,0.2990,1.998,-1.9243135912486458,-0.029357878517263864,-7.818840998991863,0.2735
1787415689.8200588,-1.653626317947303,-0.07283760324491824,-6.060471398959703,-1.738572980605107,-0.12509773187797124,-5.631069681394818,0.0997,0.429,-1.704738656539029,-0.12922682451453582,-5.530637559574556,0.0761
1787415689.8888729,-1.6529486794706312,-0.07258107692752479,-6.199032401031663,-1.7127048983055946,-0.12302186231393873,-5.727126459043055,0.0782,0.472,-1.7080056304401319,-0.11984218235204665,-5.77466822141011,0.0726
1787415690.0488806,-1.6517382872966744,-0.07256719133688089,-6.752719669928499,-1.7088336344340531,-0.12197250154203776,-5.927144581872471,0.0755,0.826,-1.812752668731072,-0.05374396124921017,-7.147250329666339,0.1621
1787415690.1209538,-1.6508735621058759,-0.0731338965559179,-6.7379706105707715,-1.766464981369131,-0.07598684059107122,-6.988082081816,0.1156,0.250,-1.8248367687245786,-0.06999783220571709,-7.18832241238366,0.1740
1787415690.1952085,-1.650050397413583,-0.07390995582533237,-6.626736124786383,-1.7868841031440559,-0.06618119713869709,-7.1384749743554305,0.1371,0.512,-1.8211207382214178,-0.061206375599039436,-7.27108482303566,0.1715
1787415690.3462358,-1.6484977645275922,-0.07514450382672279,-6.347618215503268,-1.7565480627099177,-0.06405363926736006,-6.918930898247388,0.1086,0.571,-1.7258331568105914,-0.06052623755741496,-6.995655839691007,0.0787
1787415690.4157627,-1.6475687275093798,-0.07530957814179776,-6.333879598119463,-1.6968641836821146,-0.11687067407258964,-6.1950927633397175,0.0645,0.139,-1.67669930058132,-0.12470645080087063,-6.066454235563624,0.0573
1787415690.5410917,-1.6456572494961594,-0.07504378779206897,-6.556624041900231,-1.7084835989325469,-0.13522458390174538,-5.781261487135455,0.0870,0.775,-1.7273039358088642,-0.13787224926499492,-5.772186745158344,0.1030
1787415690.6066208,-1.644813877064495,-0.07498078440187235,-6.572980991481391,-1.7079728010755093,-0.13414655783831284,-5.937731307802528,0.0865,0.635,-1.7162677374378998,-0.13195436847265601,-5.99626500413035,0.0914
1787415690.7532732,-1.643043237078047,-0.07560385485245982,-6.643546171061249,-1.7049895342467332,-0.1270055077808758,-6.289732950957961,0.0805,0.354,-1.7116092535252307,-0.12348417651718507,-6.3679805694377185,0.0836
1787415690.8311691,-1.6421558900387407,-0.07630980528398026,-6.601741650549891,-1.7498240243134968,-0.08602070532529484,-6.733259258929923,0.1081,0.132,-1.8169348044575924,-0.06423060108533388,-7.131354799973602,0.1752
1787415690.9011726,-1.641383057484084,-0.07706736184130973,-6.394555396996941,-1.727751289924529,-0.1102570996381626,-6.663156148649818,0.0925,0.269,-1.717476533877645,-0.11493381143841017,-6.554836614798459,0.0850
1787415691.0522,-1.6395538684346895,-0.07750287062859076,-6.113968122924468,-1.7696359265229733,-0.07249407729458074,-6.861352089823045,0.1302,0.747,-1.8707042348596203,-0.049728350052485784,-7.317103482523307,0.2328
1787415691.119979,-1.638444776261852,-0.07712965345953945,-6.171662862722821,-1.7495550027432816,-0.11532902134107595,-6.21741693717235,0.1175,0.046,-1.738242896345884,-0.12379587773598888,-6.03244087534759,0.1102
1787415691.2493827,-1.6368494394508122,-0.07618908210732564,-6.50910356357732,-1.7469408545070284,-0.11812823542357191,-6.1839601682143535,0.1178,0.325,-1.738242896345884,-0.12379587773598888,-6.03244087534759,0.1120
1787415691.327475,-1.6362858784176253,-0.07600193862070245,-6.6999056432643425,-1.7610932577027947,-0.09360019200683847,-7.081736016693827,0.1260,0.382,-1.7271299703227372,-0.10346381595276906,-6.797466731277312,0.0949
1787415691.400581,-1.6356944468720913,-0.07612921455746133,-6.887566568137009,-1.7472289744693583,-0.10348117560250174,-6.992658515136705,0.1148,0.105,-1.7356221498036186,-0.10724664057465799,-6.883666132517573,0.1047
1787415691.480047,-1.6351119583798943,-0.07646650444726663,-7.013764173108704,-1.7229263277315405,-0.08667432956814289,-7.795374934045887,0.0884,0.782,-1.6990000623641732,-0.07738795481961402,-7.986435956951596,0.0639
1787415691.6407325,-1.6338981047469743,-0.07650558727036408,-6.977269250728601,-1.7068281668216245,-0.0854958436558998,-8.041417023331647,0.0735,1.064,-1.8593583474711002,-0.051502532521974974,-7.950772894946123,0.2268
1787415691.720448,-1.6330354221033254,-0.07578924297832049,-6.977455126242101,-1.7473952496128413,-0.06394103846517823,-7.662129274022599,0.1150,0.685,-1.8935088508982638,-0.032327038547784445,-8.724101850562588,0.2641
1787415691.794568,-1.6321147265627953,-0.07480588305094245,-7.052892084470631,-1.7536728571925582,-0.08270818692408635,-8.190142914445044,0.1218,1.137,-1.718604958288394,-0.09881020952665723,-7.756117464131906,0.0898
1787415691.871824,-1.6312904605759226,-0.0737430274477949,-7.292762381899401,-1.7888906962490276,-0.06499687878765655,-7.63422921797274,0.1578,0.341,-1.853501501263073,-0.05824710238655901,-7.7926155507229415,0.2228
1787415692.0242333,-1.6296055418989002,-0.07283606787364126,-7.352051453489049,-1.7921212576618222,-0.059421145554490844,-7.961112220887876,0.1631,0.609,-1.7896165501784214,-0.05847586063396037,-7.977817073573256,0.1607
1787415692.0982335,-1.628731073700857,-0.07280242915834838,-7.344009063168788,-1.7924458549337976,-0.06043475388769738,-7.963196444518705,0.1642,0.619,-1.7887505933254768,-0.061989940341566574,-7.9378921603809856,0.1604
1787415692.2432754,-1.6272066625103034,-0.07284775529418179,-6.930905059048523,-1.745884179800965,-0.06935888465815347,-7.501333654265131,0.1187,0.570,-1.7042095954630427,-0.0714664423414105,-7.511905100034974,0.0770
1787415692.3196807,-1.6266566419838586,-0.07256345105614614,-6.802178865239979,-1.7331355001809547,-0.12982111071383584,-6.366576289549692,0.1209,0.436,-1.7470564469538192,-0.15517814128429538,-5.854412202715551,0.1460
1787415692.3908067,-1.6260000983741338,-0.07198604893703973,-6.691411361015577,-1.728803595189849,-0.13824985581852833,-6.303126260454436,0.1223,0.388,-1.7470564469538192,-0.15517814128429538,-5.854412202715551,0.1469
1787415692.5253167,-1.6247446446029647,-0.07054287902500357,-6.71682552928765,-1.6926017812364826,-0.1311073223738518,-6.1284597422917075,0.0910,0.588,-1.6919450642271094,-0.12770556421758938,-6.187420321355999,0.0882
1787415692.596766,-1.624134412213906,-0.07011093668269927,-6.797173225523928,-1.6341069004135862,-0.11984747788636727,-6.363878508383679,0.0507,0.433,-1.6014849801654025,-0.11193963815198582,-6.522682119961655,0.0476
1787415692.751223,-1.6228460936871643,-0.070062107796062,-6.917519410745377,-1.6175083259335927,-0.11365736679371462,-6.591288085981589,0.0439,0.326,-1.6148427616709577,-0.11100428922905928,-6.6398835123021565,0.0417
1787415692.8239558,-1.6222887511344817,-0.07033066050402563,-6.811153491785084,-1.5992565429078265,-0.11635892717653726,-6.560008122862008,0.0515,0.251,-1.622084218487897,-0.12013951670115361,-6.547405103819856,0.0498
1787415692.8979042,-1.6217764906582237,-0.07044120948251373,-6.592841349308005,-1.6151041718492436,-0.12221313899427483,-6.369922688566103,0.0522,0.223,-1.6229051676111224,-0.12400841253845594,-6.333959344192973,0.0536
1787415693.0422926,-1.6202326242939658,-0.07019703308061365,-6.161745621902807,-1.6615831900846463,-0.14327986937750012,-5.603022935071726,0.0840,0.559,-1.7359272288719967,-0.1625241112235322,-5.274211758468599,0.1480
1787415693.1215227,-1.6193264420225149,-0.06997247738064158,-6.077360586795469,-1.6966696376274903,-0.15408794327131914,-5.146958131576691,0.1143,0.930,-1.7371579700676234,-0.15537635794829688,-4.945141452435293,0.1455
1787415693.1983085,-1.6187708586268326,-0.07006702313938502,-6.0811651917863525,-1.7171978440834625,-0.15453730855504857,-4.946462311945193,0.1297,1.135,-1.7371579700676234,-0.15537635794829688,-4.945141452435293,0.1459
1787415693.3377705,-1.6175802585635342,-0.07109249292137793,-6.146870742475748,-1.665906749552702,-0.12092760859385177,-5.648079610972994,0.0694,0.499,-1.644346212599414,-0.11287790601519648,-5.768274757893377,0.0496
1787415693.4131832,-1.6170290594097243,-0.072065873231774,-6.207897614092952,-1.651781875184599,-0.11282345943073263,-5.761532742965437,0.0536,0.446,-1.6465086149120718,-0.11075126120854008,-5.791527801417638,0.0486
1787415693.4837863,-1.616596593043791,-0.07315630553371635,-6.0952143078149295,-1.6433037433147624,-0.11778548509763927,-5.751144894400239,0.0520,0.344,-1.642601953196549,-0.11861604427305472,-5.738213109142686,0.0524
1787415693.6406114,-1.6153129724371686,-0.07422274656482301,-6.033423626611121,-1.6341489845384423,-0.1183043457595258,-5.716031253044427,0.0479,0.317,-1.6495264779008636,-0.11868430290533828,-5.676021875253519,0.0561
1787415693.711944,-1.6145213805030223,-0.07429576149852667,-6.038405329175285,-1.641501779617916,-0.11816101542203866,-5.679469207121095,0.0515,0.359,-1.6363821621915824,-0.12563684453692378,-5.486547485140802,0.0558
1787415693.784261,-1.6137789988588316,-0.07420843761401746,-6.172850239877101,-1.634755691262453,-0.12276572803166252,-5.596961596007909,0.0529,0.576,-1.635985038475133,-0.12214558034415257,-5.609483131557892,0.0528
1787415693.930228,-1.612335151043857,-0.07452603675920759,-6.440476286574918,-1.6295535983276135,-0.12338830586453334,-5.540926456742088,0.0518,0.900,-1.6421853498818515,-0.11603822395408463,-6.152320210966015,0.0511
1787415694.0087993,-1.611512351228708,-0.07507947847569767,-6.432442960954865,-1.6297591050936964,-0.11621864691035907,-6.073407580493406,0.0450,0.359,-1.6259665126712084,-0.11596620488542113,-6.0711950267764045,0.0434
1787415694.0834665,-1.6107252142005977,-0.07587608704646506,-6.32579165337402,-1.6271628450860451,-0.11774563525348358,-6.061143964889474,0.0450,0.265,-1.6280064221188209,-0.11817244734820986,-6.0554157249485545,0.0457
1787415694.2357223,-1.6092311823370322,-0.0771124001996355,-6.0516680773827005,-1.6228438054234593,-0.11959513077647953,-5.978096102573028,0.0446,0.074,-1.621450473679828,-0.12021852348736406,-5.9657503049740805,0.0448
1787415694.3046553,-1.6083259026656433,-0.07725756697539694,-6.03836050127585,-1.6210423292589582,-0.12202007870845885,-5.721346381795824,0.0465,0.317,-1.622490209035896,-0.12279621545381482,-5.708133553883399,0.0477
1787415694.442114,-1.6064657575583519,-0.07692859537634414,-6.272712690072974,-1.620883367594454,-0.12308062823035702,-5.642173224692192,0.0484,0.631,-1.6235524852723786,-0.123282668534218,-5.644312447989995,0.0494
1787415694.512141,-1.605642242502374,-0.07688684353034458,-6.566168236729271,-1.6011814078360742,-0.11541574543536656,-5.970977970054452,0.0388,0.595,-1.612243952578131,-0.12254436412759091,-5.831110026660312,0.0461
1787415694.589624,-1.6047649995443323,-0.07722035819536383,-6.5642983876294405,-1.6060458722147966,-0.12082588929566802,-5.843441044279312,0.0436,0.721,-1.6240121654819129,-0.1201966083212696,-6.188469757363978,0.0471
1787415694.7281518,-1.6029030756789866,-0.0788915849956472,-6.416641663320022,-1.6153933452552136,-0.12054246604432231,-6.161032604349746,0.0435,0.256,-1.588019619049683,-0.11195231469858934,-6.377057962147724,0.0363
1787415694.7983146,-1.6020882253267799,-0.07981244363392893,-6.151146008100715,-1.5966204296709816,-0.11396991181156094,-6.3488186034178575,0.0346,0.198,-1.588019619049683,-0.11195231469858934,-6.377057962147724,0.0351
1787415694.9456024,-1.6002918747466186,-0.08067400869744377,-6.111789513830686,-1.6038908337685474,-0.12061070503741217,-6.068710606667872,0.0401,0.043,-1.6106443346813049,-0.1238774248561972,-5.764386701447123,0.0444
1787415695.0194733,-1.5992755867482997,-0.08070468487135811,-6.1448850530162344,-1.6071004413742536,-0.12279481539742733,-5.7819509714104536,0.0428,0.363,-1.5832583934881121,-0.11694853547537014,-5.988000502352911,0.0396
1787415695.0923216,-1.5983197757518588,-0.08059467945536868,-6.312892867062869,-1.606041544583958,-0.12121198883408973,-5.875889276726114,0.0413,0.437,-1.6161183188026218,-0.12229887257026313,-5.867207735313999,0.0453
1787415695.1691036,-1.5974407083249005,-0.08067721526707583,-6.608054432914015,-1.606676317542607,-0.12573011891519242,-5.9515438292581395,0.0460,0.657,-1.6080813336622721,-0.12648363501231163,-5.9420979266122025,0.0470
1787415695.3383648,-1.5955735978186116,-0.08202289794732716,-6.578848416576403,-1.6139957365963653,-0.12524325550989085,-6.259908645144129,0.0470,0.319,-1.624586364372005,-0.12242352814231874,-6.296910220913975,0.0497
1787415695.4140024,-1.5947083730446237,-0.08310214373888535,-6.408361231140786,-1.6230617411038213,-0.12435272637093954,-6.2319375259253205,0.0501,0.176,-1.6250860503945734,-0.1246673308075921,-6.231678380416036,0.0515
1787415695.4937456,-1.593920409337639,-0.08394031771641934,-6.379861850887293,-1.6193808995824621,-0.12567743370539097,-6.086450510126962,0.0489,0.293,-1.6162182921145274,-0.12601891328148246,-6.071129640733845,0.0476
1787415695.6513293,-1.5920316326623645,-0.0846985920819442,-6.329131648712763,-1.6197971210088518,-0.12628601344286106,-6.084876647194758,0.0500,0.244,-1.6162182921145274,-0.12601891328148246,-6.071129640733845,0.0479
1787415695.7228718,-1.5910761498567756,-0.08472827999880117,-6.452756214784823,-1.6213853278873671,-0.13156899999304164,-5.932773066566527,0.0558,0.520,-1.622207326180763,-0.13247751420356674,-5.918338911306244,0.0570
1787415695.791546,-1.590212032438823,-0.08489144296929409,-6.707557704654816,-1.5909795157321218,-0.11383397734315251,-6.536421799663985,0.0290,0.171,-1.5735750940726019,-0.10953977546222676,-6.602607502457497,0.0297
1787415695.9250152,-1.5883369298900303,-0.085989277600825,-6.746521979482776,-1.5868639538207872,-0.11220106004626694,-6.572362000025139,0.0263,0.174,-1.5747594169362158,-0.11139157763462941,-6.998778460923403,0.0288
1787415695.9910886,-1.5874042039788983,-0.08691990061311676,-6.72367035702015,-1.5791591111092664,-0.11206372706205328,-6.987523955180746,0.0265,0.264,-1.5747594169362158,-0.11139157763462941,-6.998778460923403,0.0275
1787415696.137549,-1.5864872473815568,-0.08758883140341416,-6.766016238071356,-1.5708288955797336,-0.12199591064192077,-6.721812863260684,0.0378,0.044,-1.5762099793688906,-0.12359777492223263,-6.959588735933209,0.0374
1787415696.2156923,-1.5859060713034918,-0.08755607110610235,-6.672783425278612,-1.577505671841869,-0.1291817570971859,-6.7505525998151406,0.0425,0.078,-1.5853600941460009,-0.13141359185306853,-6.714577085083974,0.0439
1787415696.295523,-1.5852954773288184,-0.08693614960119002,-6.555138106327639,-1.580435853683579,-0.13019068332134123,-6.569696438602834,0.0435,0.015,-1.585166266610234,-0.13093246393787827,-6.558006995248683,0.0440
1787415696.4366362,-1.5842270101426335,-0.08531472971715197,-6.7338330681975185,-1.5789978385343166,-0.1352858340874317,-6.353770355058737,0.0502,0.380,-1.5800684806755632,-0.13643435013686026,-6.330804799173515,0.0513
1787415696.504863,-1.5835104831831235,-0.08494030753604309,-6.749474099809902,-1.5684426912760938,-0.12699192083259503,-6.469200630608624,0.0447,0.280,-1.561651782116128,-0.12423467964971802,-6.513381684565277,0.0450
1787415696.577114,-1.5827748058554798,-0.08481702801660078,-6.759972073714639,-1.5612850482249252,-0.12704438075330474,-6.578142608467594,0.0474,0.182,-1.5390007451376904,-0.11643145590314179,-6.9919329637596555,0.0540
1787415696.7287562,-1.5814097871718484,-0.08513174849329193,-6.503521895205922,-1.549459169225801,-0.12037127898614428,-6.917333969017396,0.0476,0.414,-1.5556502032118247,-0.12950932917883246,-6.46706169972919,0.0513
1787415696.802207,-1.580671479907729,-0.08520195288483648,-6.492623213991435,-1.545215239859291,-0.12606003582757316,-6.331476424577993,0.0541,0.161,-1.5425572305269675,-0.12555998958248688,-6.3373833882636985,0.0555
1787415696.9462779,-1.5788895182148295,-0.08446513697809033,-6.490050657036095,-1.5468158953094884,-0.12721837244468515,-6.38109482243209,0.0534,0.109,-1.5508814234054191,-0.12793251249468396,-6.367572365908911,0.0517
1787415697.015096,-1.5780031048810532,-0.0837904760891809,-6.644533408979922,-1.5411600744816196,-0.1330466313415228,-6.313931446438772,0.0615,0.331,-1.5407573182386156,-0.13405401383526197,-6.295717889508238,0.0626
1787415697.1526423,-1.5763408064990962,-0.0830713485607279,-6.932728340566535,-1.5359019806997491,-0.1324833816513038,-6.594647973254135,0.0639,0.338,-1.5351032051462787,-0.13177038451476253,-6.610896987700609,0.0638
1787415697.2160194,-1.5754516258102766,-0.083200177900623,-6.936863350767206,-1.52757670415054,-0.1287241153177254,-6.720455904563117,0.0661,0.216,-1.5244124124608267,-0.12746836011837448,-6.741178330005531,0.0676
1787415697.2887251,-1.5745628855712963,-0.08351639957418552,-6.88997535150799,-1.523719393089824,-0.12259550762531882,-7.008245068534518,0.0641,0.118,-1.52353169017074,-0.12114176675338899,-7.037406130470595,0.0634
1787415697.438539,-1.572386778878211,-0.08419333544958547,-6.368090137582471,-1.516368127146559,-0.13637813297119072,-6.473398092325834,0.0766,0.105,-1.516888079253986,-0.1393955531824372,-6.414081423850623,0.0783
1787415697.5078766,-1.5709088668868456,-0.08423490821151312,-6.057688469786846,-1.538257128011128,-0.18472867091409806,-5.3444895605565685,0.1057,0.713,-1.5560592397614026,-0.20112647225409325,-5.124025214020544,0.1178
1787415697.588971,-1.569400946357252,-0.08395117119699484,-5.740316507791971,-1.5103911860813997,-0.18659150400812133,-4.969176217690108,0.1184,0.771,-1.4639366021833986,-0.17819280716245678,-5.08900062224569,0.1414
1787415697.7497025,-1.5665497260303218,-0.0830077522465118,-5.519926997888366,-1.497208285611406,-0.16791663039134916,-4.891773482452858,0.1096,0.628,-1.4713601838386317,-0.12635013621306335,-5.779776221877608,0.1046
1787415697.8245041,-1.565344108052497,-0.08310544703736987,-5.523136489984735,-1.4742322880937022,-0.14841017061232015,-5.209171436104539,0.1121,0.314,-1.4630431077393993,-0.14783995870525402,-4.891773482452858,0.1211
1787415697.9486272,-1.5630288236563026,-0.08442143164036547,-5.420389198096793,-1.4701700327837257,-0.14623547063260486,-5.17753532334461,0.1116,0.243,-1.4712330348944516,-0.1390993802463751,-5.209171436104538,0.1068
1787415698.0018942,-1.5619745638307143,-0.08520496804079764,-5.200350453169663,-1.4657132629669263,-0.14426550202791538,-5.116662241489003,0.1129,0.084,-1.46921534787217,-0.13912546882402738,-5.17753532334461,0.1073
1787415698.1208923,-1.5606175112912442,-0.08583834807761181,-5.050504311397752,-1.4730299432946536,-0.14413827780764302,-5.041647261558375,0.1052,0.009,-1.5053377831853199,-0.14443778836882343,-5.041647261558375,0.0806
1787415698.245372,-1.558974967965438,-0.08538445747825024,-4.835094070915741,-1.4851770768797001,-0.14498868414339003,-4.97217071708781,0.0949,0.137,-1.4818230139077613,-0.13993171478778446,-5.041647261558375,0.0945
1787415698.307557,-1.558187215881339,-0.08491998923048744,-4.872535660641367,-1.4432189601920937,-0.2828115028102608,1.0641908652832472,0.2289,5.937,-1.4474929946328994,-0.300509399262849,1.376701355879701,0.2423
1787415698.3809016,-1.5580346300002306,-0.08471091711189457,-4.884807985292753,-1.4406277653484123,-0.2888837242001059,1.2820900005167422,0.2355,6.167,-1.445555873740933,-0.28855985013893193,1.0641908652832472,0.2328
1787415698.5242724,-1.557623356771888,-0.08510096070947135,-4.9605933039859025,-1.4314831277473086,-0.21317234593263334,-2.537225795250106,0.1798,2.423,-1.4636592609692642,-0.17342933885995743,-3.480351902596374,0.1290
1787415698.5946448,-1.5574055356385066,-0.08568993008280577,-4.921950296788147,-1.445137412464667,-0.17060150611942768,-3.8360826966846706,0.1408,1.086,-1.4661385414836652,-0.15577618722024728,-4.172647700267833,0.1151
1787415698.7425442,-1.5571686679223549,-0.08681081399000146,-4.475869800442664,-1.4787199184536133,-0.1617674099533982,-4.217060311386756,0.1085,0.259,-1.5009777896071343,-0.16095166396867322,-4.267323517706796,0.0930
1787415698.81683,-1.5565310081790842,-0.08672400143612059,-4.476653924157673,-1.494577113852854,-0.15830473344626453,-4.023518395902848,0.0947,0.453,-1.4415742738237682,-0.14457385987916158,-4.2762947258324475,0.1287
1787415698.9507222,-1.5550959155150534,-0.08572654434405036,-4.67134680633727,-1.469363542656891,-0.15039326725699637,-4.162366853672008,0.1074,0.509,-1.4415742738237682,-0.14457385987916158,-4.2762947258324475,0.1279
1787415699.0174797,-1.5544914543726533,-0.08522021408150715,-4.958934147167897,-1.4734406469625676,-0.15837625279024936,-3.7735584788071823,0.1092,1.185,-1.4807392273366158,-0.1589303421832823,-3.873354099395719,0.1043
1787415699.152145,-1.5529679166113217,-0.08501130095104324,-4.986073230842385,-1.474029808890129,-0.1533625448197303,-4.125487548714931,0.1044,0.861,-1.4722817624451376,-0.15230416970228508,-4.1422127355271465,0.1051
1787415699.2214165,-1.5521387451405366,-0.08537677980679573,-4.920867550744128,-1.4728031756568745,-0.14973898401463107,-4.123019845917169,0.1022,0.798,-1.512864017024381,-0.1258941238523615,-4.543333480228217,0.0564
1787415699.296548,-1.5513758938724136,-0.08588051738447094,-4.742396726650002,-1.498530329723246,-0.12878848612478294,-4.455496814836487,0.0681,0.287,-1.512864017024381,-0.1258941238523615,-4.543333480228217,0.0555
1787415699.4343102,-1.5498030699064937,-0.08636010446887778,-4.688844791921632,-1.5070285144754632,-0.128378542085546,-4.304029354563009,0.0600,0.385,-1.5086491396025339,-0.1296046915645248,-4.28586614485835,0.0597
1787415699.501644,-1.5488909496229657,-0.08620673285594461,-4.664733335192347,-1.5113421283925688,-0.12100525417415424,-4.3151503949233625,0.0512,0.350,-1.5194408090060263,-0.13744220332388468,-4.079467535366803,0.0591
1787415699.6410904,-1.5471160592308129,-0.08539504372182344,-4.922665926681165,-1.495426288283329,-0.1463965642342828,-3.631650139296554,0.0800,1.291,-1.481786951610408,-0.14722006850563316,-3.6227904536210285,0.0899
1787415699.7096398,-1.5462778109714808,-0.08516845670806333,-4.939477855557835,-1.485475578563569,-0.13041332093060648,-4.3381648238863075,0.0758,0.601,-1.4739295339899752,-0.12292966039126343,-4.475256647486459,0.0816
1787415699.7897239,-1.5454001145459595,-0.08523511348214219,-4.9639392346595095,-1.505510269331179,-0.12454825697910096,-4.570376253182439,0.0560,0.394,-1.5123069448018585,-0.12469048855927595,-4.578861026915694,0.0515
1787415699.946768,-1.5436602033527391,-0.08608175504217186,-4.803580538761591,-1.5123996219022662,-0.12286929633795685,-4.67331864434064,0.0483,0.130,-1.5160581952266226,-0.12307374485130579,-4.676678862838985,0.0462
1787415700.015684,-1.5428881154249392,-0.08646994439283812,-4.525180297702323,-1.5166138084558303,-0.12570391213346552,-4.643138269231698,0.0472,0.118,-1.4940177596737343,-0.11839211574028118,-4.710793119981345,0.0584
1787415700.0884666,-1.5420274458382701,-0.08658715799888932,-4.2227128093723945,-1.5069548218098028,-0.12894252749010623,-4.168756298169966,0.0550,0.054,-1.5080867397610063,-0.1319095932754808,-4.116810561801467,0.0566
1787415700.2214572,-1.5397209683030577,-0.08494644509597245,-4.362858479077743,-1.5084874249891413,-0.1269690842123026,-4.1614571741031625,0.0524,0.201,-1.4782510411431506,-0.12637455892913338,-4.023221036512628,0.0741
1787415700.285484,-1.5386579304414436,-0.08399289140572415,-4.617638081780633,-1.489319044350148,-0.12775543423697877,-3.9950484523324987,0.0660,0.623,-1.4941533259622803,-0.128667383322187,-4.0279335164152235,0.0631
1787415700.4263926,-1.5367062006287227,-0.08293186477644167,-4.676381809390714,-1.5073147854042965,-0.1308901936985257,-4.140666986319481,0.0562,0.536,-1.5140985682411736,-0.13203809845085926,-4.129680096815323,0.0541
1787415700.5032115,-1.5356621803271944,-0.08291354667757232,-4.691288086365538,-1.5065320951787158,-0.1214710739056697,-4.451858286720843,0.0483,0.239,-1.5051305337014218,-0.11939765873560244,-4.487080476315716,0.0476
1787415700.6485922,-1.533769181209662,-0.08323223909386233,-4.359290150489531,-1.4919835464877682,-0.11598762528529023,-4.66758467652841,0.0531,0.308,-1.4772363566290365,-0.11241223381711589,-4.743965883958603,0.0636
1787415700.7158558,-1.5331795296310053,-0.08301944484462899,-4.166113005918116,-1.4879642421486967,-0.12441198147847185,-4.301857547546688,0.0613,0.136,-1.4973573045334223,-0.1304036765691941,-4.058165430236586,0.0594
1787415700.8529494,-1.531806044673371,-0.08179976120954568,-3.8501505015340096,-1.4923682222441603,-0.12800986119759825,-4.1082540417294275,0.0608,0.258,-1.4973573045334223,-0.1304036765691941,-4.058165430236586,0.0596
1787415700.9294538,-1.5313001040802414,-0.08153174681593893,-3.8709192934480288,-1.4910568427647575,-0.143161207125829,-3.0680046802254926,0.0736,0.803,-1.4928999305666248,-0.14871374665261558,-2.918075817338254,0.0774
1787415700.9945514,-1.5308003394878553,-0.08144564051256385,-4.0093377224285005,-1.4902725757538753,-0.12413788103171702,-3.569003709102894,0.0589,0.440,-1.4887962138308841,-0.12077825388838402,-3.6346954627339865,0.0575
1787415701.0663767,-1.530179795834263,-0.08162458502336602,-4.1711996756511,-1.4851307952581403,-0.12417266283237813,-3.63538912292171,0.0620,0.536,-1.4822123918185703,-0.12407088667424947,-3.6354871587029924,0.0641
1787415701.2351954,-1.5287310596573684,-0.08335721088793428,-4.005870469108826,-1.4960991447556238,-0.12948482619928486,-3.747561664805667,0.0565,0.258,-1.5012547774322647,-0.13086050425100434,-3.7302817872137286,0.0549
1787415701.3101435,-1.5281252360711333,-0.08424751928895946,-3.705077054631308,-1.4857319972518888,-0.13132488617629784,-3.5164148918465434,0.0634,0.189,-1.4774657665954094,-0.13208893582023032,-3.496644647430313,0.0697
1787415701.3855271,-1.5274321974723846,-0.08483709100425482,-3.370662833718825,-1.4881667755199086,-0.129289377988022,-3.298405127980281,0.0593,0.072,-1.4902592468536058,-0.12937090496844314,-3.2932402962382,0.0580
1787415701.5229213,-1.5262637397792918,-0.08442466114608095,-2.531420571271777,-1.487509765573264,-0.1291038888045252,-3.238356286682212,0.0591,0.707,-1.4015779874002006,-0.13008224540815924,-2.7842837528713478,0.1328
1787415701.608741,-1.5258067495707786,-0.08435418521171777,-2.547158032754504,-1.4714686633346605,-0.11624764666317186,-2.1898385456394083,0.0630,0.357,-1.488980956321547,-0.11471163672999943,-2.223216544703429,0.0477
1787415701.6905684,-1.5252413048927427,-0.08450079027159847,-2.5532041057363846,-1.482903630733535,-0.11045419621240014,-2.323383327034862,0.0497,0.230,-1.4904122500674675,-0.10959451658072952,-2.3464925970333184,0.0429
1787415701.832554,-1.5239688490698662,-0.0858569374110472,-2.5862705455226487,-1.4910631745184886,-0.10676464571408775,-2.313636155857952,0.0390,0.273,-1.495378488883939,-0.10673308087616494,-2.3185070459692056,0.0354
1787415701.9009297,-1.5234214493428253,-0.08674262641690596,-2.426428616613891,-1.490255609467076,-0.11401228701226611,-2.396361432633669,0.0429,0.030,-1.4897018917974674,-0.1151349130179422,-2.3792546108024486,0.0441
1787415702.0168588,-1.5220926568066944,-0.08764355885657393,-2.3603407694778697,-1.4911950451836102,-0.11241151284733876,-2.310232946729413,0.0396,0.050,-1.4897018917974674,-0.1151349130179422,-2.3792546108024486,0.0425
1787415702.1438715,-1.5205482212847972,-0.08761396395960797,-2.372309994114227,-1.489136089258637,-0.11342681401432557,-2.17087358943857,0.0407,0.201,-1.488447301406667,-0.11359856787921252,-2.1674309716518834,0.0413
1787415702.2045705,-1.5198278493962225,-0.08740041930800195,-2.52584694562225,-1.4843741655568374,-0.10884221954947369,-2.1622649985392273,0.0414,0.364,-1.4723590607438841,-0.11530250812618446,-2.126782011743782,0.0551
1787415702.3291247,-1.518372294359371,-0.08754788287758078,-2.7935809631986874,-1.4765484093027041,-0.11442569280013672,-2.141216493705334,0.0497,0.652,-1.4859239524761472,-0.11684604941630172,-2.5250780304711897,0.0437
1787415702.3965616,-1.517540762335097,-0.08797824178125643,-2.7895222670582833,-1.4856544157228115,-0.11666645924917843,-2.484275426944258,0.0429,0.305,-1.4873978828397434,-0.11675496211483648,-2.4861618743903846,0.0417
1787415702.5360768,-1.5158963731360136,-0.08957073623401844,-2.451605561725815,-1.4860032714722278,-0.11634065034492849,-2.4327825098639675,0.0401,0.019,-1.469655580269985,-0.11067267311909809,-2.5734056530555507,0.0508
1787415702.601988,-1.5146772108244482,-0.0896909863506043,-2.2170126926284452,-1.4741551740038332,-0.11156486725847195,-2.56561930297096,0.0460,0.349,-1.469655580269985,-0.11067267311909809,-2.5734056530555507,0.0497
1787415702.7364745,-1.5119954251612557,-0.08928620056065456,-1.838275596108285,-1.477364270411746,-0.10478408764807659,-2.3141231860521203,0.0379,0.476,-1.4793618138669848,-0.10454320831444144,-2.3161921896199646,0.0360
1787415702.802228,-1.510603416842219,-0.08872555886571344,-1.727410138396842,-1.480025802910635,-0.12536253992963745,-1.144396539759247,0.0477,0.583,-1.4808122131819166,-0.13077494101630235,-1.0271034782727884,0.0515
1787415702.920661,-1.5082331002645724,-0.08776002012896807,-1.7835476067192504,-1.479765921079443,-0.12729003999278016,-0.9707903393431088,0.0487,0.813,-1.5010052296941492,-0.12453828488946339,-1.116371231106551,0.0375
1787415702.9882424,-1.5071074461706708,-0.08765261820145133,-1.8144007112818377,-1.495009806916403,-0.12109088594876974,-1.22242501127463,0.0356,0.592,-1.495376888077846,-0.11913509015974341,-1.2731948872108032,0.0336
1787415703.1338952,-1.5047532654276552,-0.08823102898006159,-1.7895470961718178,-1.48838454990726,-0.11788460943573159,-1.2939093091526197,0.0339,0.496,-1.4828667791002188,-0.11702608216369154,-1.2958906938167685,0.0362
1787415703.198017,-1.5036732980897776,-0.08870943265866739,-1.5914843389978637,-1.4891680414108739,-0.11780188109017332,-1.1810001346741636,0.0325,0.410,-1.4828667791002188,-0.11702608216369154,-1.2958906938167685,0.0351
1787415703.32384,-1.5022568063605162,-0.08884200839624924,-1.5598267962496914,-1.489841511702947,-0.11774090722248444,-1.089330655455686,0.0315,0.470,-1.4828667791002188,-0.11702608216369154,-1.2958906938167685,0.0342
1787415703.396188,-1.5014539469482937,-0.08855956201723744,-1.5515092741475285,-1.490548523288066,-0.11768548390422955,-0.9976504586530422,0.0311,0.554,-1.4828667791002188,-0.11702608216369154,-1.2958906938167685,0.0340
1787415703.5267587,-1.4999427496916373,-0.08750117584051212,-1.8568465393518248,-1.4635060585778152,-0.2693526918118117,4.730444245481812,0.1855,6.587,-1.4734135788669125,-0.28090888016545984,4.98314864115649,0.1952
1787415703.5904047,-1.4997099556382376,-0.08728311654825466,-1.8676859893520696,-1.4573991512985436,-0.2960220617196762,5.391402547490472,0.2130,7.259,-1.4734135788669125,-0.28090888016545984,4.98314864115649,0.1954
1787415703.719203,-1.499114424059006,-0.0877102482611249,-1.97062919512604,-1.4589128797232949,-0.14506466347923636,-0.6712385393130635,0.0700,1.299,-1.4767385185783521,-0.12362935616142925,-1.2736762973301898,0.0423
1787415703.7871556,-1.4988202672182773,-0.0882895991811718,-1.9728427250091327,-1.4626648580740924,-0.11657760604517668,-1.6663689488579956,0.0459,0.306,-1.4654959400893617,-0.11126627421047475,-1.7866187691935866,0.0405
1787415703.9347847,-1.4981695477072485,-0.08922940242542832,-1.8063298823593037,-1.477141917675972,-0.11598369319404693,-1.7058319873772978,0.0340,0.100,-1.4857384432020393,-0.1175533873480287,-1.687307763334672,0.0309
1787415703.9981046,-1.4976248475301943,-0.08922087300632195,-1.779756644320046,-1.4631630820285573,-0.11498660091558842,-1.5498455787195604,0.0430,0.230,-1.451980716040808,-0.1151742931855922,-1.5317905751147025,0.0525
1787415704.149557,-1.4964541858533023,-0.08856831489767206,-1.901576841196789,-1.4596901175836403,-0.11385557018032616,-1.58164488645923,0.0446,0.320,-1.4596462726666533,-0.11452754026077298,-1.5709261217454404,0.0450
1787415704.225324,-1.4959913450594615,-0.08825247115828953,-2.173607334359594,-1.4504923991544092,-0.11925087872073724,-1.6349148443210286,0.0551,0.539,-1.4541180431453533,-0.1202060466560138,-1.622023732067882,0.0527
1787415704.2991507,-1.4952634723888973,-0.08827462551656866,-2.1786265004335656,-1.4537740233273453,-0.12518491186507064,-1.7612650257931604,0.0555,0.417,-1.4579158875623714,-0.12722481877688166,-1.7267807784973908,0.0540
1787415704.3788817,-1.494483607442935,-0.08857647102175772,-2.173652999655657,-1.4650543278878525,-0.13172660840672326,-1.5550099052651116,0.0522,0.619,-1.4728731384372604,-0.1347697556575355,-1.5034779526519098,0.0510
1787415704.5219142,-1.4930648791999286,-0.08965792319612824,-1.8011167211182555,-1.4522211416270583,-0.11883167869515823,-1.8926045380844867,0.0502,0.091,-1.4468574000921492,-0.11625652970791936,-1.9332405962182198,0.0533
1787415704.6500907,-1.490413913118699,-0.08978804468466337,-1.7724534342889493,-1.4432523908683108,-0.12290704352845729,-1.4761910864039782,0.0576,0.296,-1.4407638709651807,-0.1239488969525127,-1.4566384094030016,0.0603
1787415704.7203074,-1.4889876342304604,-0.08943881751193605,-1.8385004938802978,-1.4387688593018484,-0.12053699690549553,-1.4895329767423282,0.0591,0.349,-1.435898249229186,-0.12881140473751929,-1.3100722878474764,0.0661
1787415704.7933385,-1.4876016187756667,-0.08895943612609797,-2.0020160323822593,-1.4468918930611525,-0.12883458675276296,-1.3960801623568189,0.0570,0.606,-1.4534785453343833,-0.129717179060389,-1.3838400303608172,0.0532
1787415704.9439893,-1.485357320299485,-0.08866397295814536,-2.0726932030836536,-1.4600676749733426,-0.12357646874117861,-1.6875536341020627,0.0431,0.385,-1.4606433222038184,-0.12644962544136654,-1.691657025162961,0.0452
1787415705.0208845,-1.4841529216899316,-0.08896408966573978,-2.114390693548556,-1.462217409357247,-0.11814758161374775,-1.9296302944184966,0.0365,0.185,-1.4627073553810632,-0.11669997686985642,-1.9559865817486035,0.0351
1787415705.0985548,-1.482958148931165,-0.0894893743992872,-2.0707264630369235,-1.4690905647918155,-0.12364430729628759,-1.831777744477744,0.0369,0.239,-1.4735018962310065,-0.12572542295328548,-1.7997266061857657,0.0374
1787415705.233964,-1.4807514099745758,-0.09030865102016697,-1.5835044065345998,-1.4652997255908586,-0.13830666017206375,-1.3506469291414716,0.0504,0.233,-1.4636567362460902,-0.14426603848381211,-1.179326641597936,0.0566
1787415705.2983644,-1.4798800085262873,-0.08996385904143137,-1.5916992351118993,-1.414300524272226,-0.14423972344700872,-0.9130842022805812,0.0851,0.679,-1.3587925615130187,-0.1430510948789001,-0.8038668074043243,0.1322
1787415705.3719904,-1.4789586737981826,-0.08938764792380645,-1.643146641728216,-1.3781204282968469,-0.1214499833696949,-1.7260432275639512,0.1058,0.083,-1.368382708003037,-0.12176623331274557,-1.5584360705300186,0.1152
1787415705.5325348,-1.4776062140747197,-0.08828319030191487,-1.827692008250142,-1.3695920747010122,-0.12143678614430345,-1.5676828626814878,0.1130,0.260,-1.3779925911906896,-0.1320243250023029,-1.620279817571082,0.1088
1787415705.6103852,-1.477061775945789,-0.08820956733871319,-1.871209310356946,-1.3517239209617231,-0.13816101081519133,-0.9567651329578454,0.1349,0.914,-1.3358738451579732,-0.14676498627050025,-0.6508583999018235,0.1528
1787415705.6821046,-1.4764519897014532,-0.08846819403060592,-1.8906100611622025,-1.3532716802581564,-0.1491249566256923,-0.6755104209698873,0.1373,1.215,-1.3616655221091911,-0.15188756953116936,-0.6504901521847414,0.1311
1787415705.8425179,-1.4754160123039846,-0.08928837732284808,-1.578139792365233,-1.3288524558585917,-0.1568724435570183,-0.34007949859668896,0.1614,1.238,-1.3168491636825717,-0.15888382029485978,-0.2420513582437994,0.1732
1787415705.9237704,-1.4747029270712697,-0.08931565066979022,-1.5734053873051945,-1.3123641553511036,-0.1614669749434828,-0.24319830018409358,0.1777,1.330,-1.3278113354834646,-0.1372261826152486,-0.9449182429995204,0.1545
1787415706.0077472,-1.4739196949125737,-0.08906636663995617,-1.5782976701764875,-1.3236523089777819,-0.1416282383913953,-0.8294614174064092,0.1592,0.749,-1.3278113354834646,-0.1372261826152486,-0.9449182429995204,0.1538
1787415706.0799654,-1.473154019109972,-0.08853366236576075,-1.711400668821633,-1.3296260094116477,-0.13065834427643322,-1.2536284996605787,0.1496,0.458,-1.3377659502093955,-0.1299291184176767,-1.2584140578607776,0.1416
1787415706.1638904,-1.4724866113264816,-0.08807012853401214,-1.990964677614424,-1.3252325728863892,-0.13659105701881236,-0.9572786118088182,0.1550,1.034,-1.3258224875453521,-0.13851508398101003,-0.9230165719519716,0.1551
1787415706.3233922,-1.470820635238605,-0.08807227290535702,-2.0068155006138713,-1.323313048247397,-0.1409982025447694,-1.2063942024040797,0.1567,0.800,-1.326936870243109,-0.14194427061542914,-1.2069527200278933,0.1536
1787415706.4292374,-1.4699817435646578,-0.08848328163387466,-1.9145750289327694,-1.3286916956661332,-0.1294070386949645,-1.852793126005931,0.1471,0.062,-1.3345831401874098,-0.12744786087944068,-1.885771356563288,0.1409
1787415706.5025363,-1.4692521726977394,-0.08887856205816015,-1.6571762642884986,-1.351429103272587,-0.13554826923855637,-1.4592246481413675,0.1267,0.198,-1.3624068220273957,-0.1380006101317942,-1.4270959683375444,0.1176
1787415706.627903,-1.467421352276489,-0.0886089457900091,-1.664695300922517,-1.3495479171446045,-0.13551175607957533,-1.4730714767664097,0.1269,0.192,-1.3624068220273957,-0.1380006101317942,-1.4270959683375444,0.1160
1787415706.6972568,-1.466473360308043,-0.08814575245637667,-1.7588235290356151,-1.4102879245905433,-0.12365457822777907,-1.262789970697282,0.0665,0.496,-1.4346969889686876,-0.12723435208147724,-1.1704083619159,0.0504
1787415706.837199,-1.4647820667317595,-0.08731577177939799,-2.006566139806416,-1.4172136824538504,-0.12074769726550182,-1.445651379142464,0.0581,0.561,-1.4163783708082238,-0.1205645072128759,-1.4493720063700715,0.0587
1787415706.9008408,-1.4638909172710164,-0.08731946419388864,-2.036995483642266,-1.4248751945846991,-0.11857260268498569,-1.4569489423827586,0.0500,0.580,-1.4163783708082238,-0.1205645072128759,-1.4493720063700715,0.0580
1787415707.0353446,-1.4620286084327823,-0.08794970377946812,-1.9783118808140923,-1.4098042141064222,-0.11769589443372457,-1.7665716846305224,0.0601,0.212,-1.4050786835218196,-0.11721958579210304,-1.7712940947739673,0.0640
1787415707.101699,-1.4612110581247124,-0.08838225786400294,-1.7587682815645744,-1.3963397860786735,-0.11844084628371625,-1.6897430517323817,0.0715,0.069,-1.388011491298896,-0.11874872178048425,-1.6605273242947467,0.0792
1787415707.2318258,-1.459368554965112,-0.08815360078293066,-1.4723767183508036,-1.3982549615956736,-0.11685631274308216,-1.714367144060284,0.0675,0.242,-1.388011491298896,-0.11874872178048425,-1.6605273242947467,0.0776
1787415707.2993066,-1.458330882032725,-0.08742487337452347,-1.4721361607465673,-1.4188739204136167,-0.12424896831969871,-1.0119743327280104,0.0540,0.460,-1.4293147226181742,-0.12803169024747577,-0.9217631621046221,0.0499
1787415707.3817947,-1.4573331039263662,-0.08650721229683193,-1.5873150236453237,-1.4123280206271338,-0.11836218539758875,-1.2038924658940586,0.0551,0.383,-1.4072735635976898,-0.11695334109885094,-1.2326902562759128,0.0586
1787415707.5413046,-1.4556503990868166,-0.08541649576160779,-1.7098863780783395,-1.4162955065025244,-0.11693917030182259,-1.1891965835548692,0.0504,0.521,-1.4072735635976898,-0.11695334109885094,-1.2326902562759128,0.0577
1787415707.610344,-1.4547270287931748,-0.0853163085460012,-1.786266659389301,-1.4081725299118264,-0.12394181294921176,-1.0341231599952128,0.0605,0.752,-1.4013548521659258,-0.1273053722781685,-0.9406212150776969,0.0679
1787415707.7437685,-1.4530057667760987,-0.08554896813180674,-1.637958020258732,-1.4085210208099757,-0.12006501324554181,-1.288562420018285,0.0563,0.349,-1.4067111737840112,-0.11868738231982906,-1.3219115284242149,0.0569
1787415707.8038847,-1.4522002112478736,-0.08546812786307623,-1.4058172519725012,-1.420776143100624,-0.12383165033203795,-1.235633368035909,0.0496,0.170,-1.4274586971494072,-0.1262008979770406,-1.1764367225068904,0.0477
1787415707.9419475,-1.450998862742389,-0.08403381101875619,-1.3742974642141466,-1.3598277865707011,-0.1277165784774739,-1.3259508181223607,0.1011,0.048,-1.2831442377944349,-0.12369382301591884,-1.235633368035909,0.1725
1787415708.0081317,-1.4507923066874715,-0.08331208804857412,-1.2034435722290742,-1.3205691353220492,-0.10809009259871091,-2.0573886522786897,0.1326,0.854,-1.2809046157244912,-0.08935054384000453,-2.6351721512203796,0.1700
1787415708.144351,-1.4505516352266297,-0.0824608719592339,-1.3298069660255556,-1.292694187399695,-0.12255258007694267,-0.7962148432471987,0.1629,0.534,-1.277448463675555,-0.13137145532664865,-0.47423938688502393,0.1799
1787415708.205237,-1.4503756519806223,-0.0824871425743242,-1.4900526792148951,-1.2850836369068355,-0.10802409667118214,-1.4279342370498307,0.1673,0.062,-1.286247236270262,-0.10444964616081896,-1.5111608909074719,0.1656
1787415708.3438075,-1.4502285730669904,-0.08367818122483378,-1.52127343707977,-1.2725121439030829,-0.10616823279081476,-1.4327257337425905,0.1791,0.089,-1.286247236270262,-0.10444964616081896,-1.5111608909074719,0.1653
1787415708.4283967,-1.4502686702708507,-0.08434120861726056,-1.3507976999177655,-1.2949628987651898,-0.15020622381003693,-0.26454071380702393,0.1687,1.086,-1.2953470545080967,-0.15077318981849822,-0.2585490556479176,0.1686
1787415708.5000355,-1.449883174013044,-0.0845664008426079,-1.3400871014674223,-1.2924667181762002,-0.1282235953002854,-1.1616731566886815,0.1634,0.178,-1.2919787162868837,-0.12096032425949724,-1.277480587258816,0.1620
1787415708.6505105,-1.4489294395116943,-0.08418555278093408,-1.4355689760763557,-1.2808296851415062,-0.12296631546634808,-1.1102459048815814,0.1725,0.325,-1.2742678172283406,-0.12041199033706852,-1.1549016796645208,0.1784
1787415708.7312555,-1.4483309948280592,-0.0841651877709579,-1.4954425204158162,-1.3011488659850763,-0.13599262621448233,-0.8003707750809359,0.1560,0.695,-1.315794277049259,-0.13815626485971952,-0.7766121353429981,0.1431
1787415708.7954679,-1.447735065098112,-0.08444714959862172,-1.656667582100348,-1.2695142733543119,-0.11991599397965483,-1.4074945921475825,0.1817,0.249,-1.2492159022324925,-0.11296985527598061,-1.5387763565170263,0.2006
1787415708.9248729,-1.4458777646007908,-0.08624356803593382,-1.8996534342438602,-1.260580585127219,-0.11879933098758833,-1.4264739070713566,0.1881,0.473,-1.2536009981645657,-0.1382419916576098,-0.8670174251688476,0.1992
1787415708.9985366,-1.4448680333950321,-0.08750769597153793,-1.8240382167742606,-1.2482869609944967,-0.12131882214019188,-1.7602043881859457,0.1995,0.064,-1.2433455759614311,-0.11548863078883082,-1.8681636929127607,0.2035
1787415709.1427732,-1.4430082272747033,-0.08927193109003281,-1.5986708563353804,-1.2879105167286657,-0.13137543820933922,-1.4628061424548935,0.1607,0.136,-1.313589305779183,-0.13773611617656895,-1.3551517954758978,0.1382
1787415709.220226,-1.4419957064010638,-0.08951750594174562,-1.5874754395327022,-1.2812840085124502,-0.1427536470811586,-0.8712676578262818,0.1693,0.716,-1.2791324034871405,-0.14514241885025667,-0.8300050055799486,0.1721
1787415709.3094044,-1.4409617896581588,-0.08952920813945107,-1.6507641868072687,-1.3092938509026657,-0.1381290452692506,-1.0670317936430211,0.1404,0.584,-1.323177754627442,-0.13844552344429867,-1.057763126121726,0.1275
1787415709.3899753,-1.4400510267594315,-0.08950164345559769,-1.9080177697612828,-1.2596661670491327,-0.12879725040903603,-1.3436323384811717,0.1846,0.564,-1.1966666041312988,-0.11808782292128571,-1.5284167352990192,0.2451
1787415709.5368652,-1.4380916471208236,-0.09015322390615692,-1.9135128110478883,-1.2533180246112179,-0.1364993905182743,-1.1297709849428128,0.1905,0.784,-1.2992867726113595,-0.13559244658465242,-1.445348241409837,0.1461
1787415709.612378,-1.4370674343730754,-0.09086880876112714,-1.8511888145385522,-1.2924553713085454,-0.1362403035554939,-1.5121037629727823,0.1516,0.339,-1.2996576326799743,-0.13690260007221397,-1.5119579566204304,0.1449
1787415709.6850257,-1.4365307641450822,-0.09123470830361322,-1.9200253711741164,-1.299480213444158,-0.13812220775572787,-1.3460241510327058,0.1448,0.574,-1.3038733144649235,-0.13910090228428976,-1.3333218725282991,0.1410
1787415709.8342159,-1.4353903503471623,-0.09134444156336964,-1.9331494230668609,-1.295381320731638,-0.1403691293767956,-1.4059215205099789,0.1483,0.527,-1.179211971396151,-0.13130045905894447,-1.5299383228835641,0.2593
1787415709.903687,-1.4347243185020961,-0.09085154631278784,-1.877863120762205,-1.2432796575611043,-0.12814205886935556,-1.8583885989039417,0.1950,0.019,-1.244417501536265,-0.12532689937341732,-1.9068046250966477,0.1934
1787415710.040748,-1.4335872945177917,-0.08962343480974656,-2.1539023997783593,-1.2777823538099957,-0.13776619577756943,-1.4521807572284233,0.1631,0.702,-1.299270288865925,-0.1427154141418246,-1.3888910387634228,0.1444
1787415710.107734,-1.432854729837735,-0.08952777492770389,-2.163485243570803,-1.2554009135646604,-0.1286536054996388,-1.8411068172464105,0.1817,0.322,-1.2376064590498244,-0.12332286155367918,-1.9425793130739573,0.1982
1787415710.228431,-1.4312746830838279,-0.09012280817975452,-2.1237607372184564,-1.2472481810735812,-0.14237797251251613,-1.2061111562670814,0.1913,0.918,-1.2446258413301219,-0.14511987072831206,-1.1511781686005613,0.1946
1787415710.2926202,-1.4305291916941023,-0.09064442354561307,-1.9752428953417875,-1.2494206911678254,-0.12884288443617237,-1.9525463646356551,0.1851,0.023,-1.2507747147555444,-0.12451074631514127,-2.0282130548027917,0.1829
1787415710.4407294,-1.4291161195997226,-0.09131177058445587,-1.8921269195466028,-1.2908547645488855,-0.1412333149578237,-1.2821575482235863,0.1470,0.610,-1.3103643725174132,-0.14549492986450865,-1.2508384797733896,0.1305
1787415710.5246882,-1.428308637397624,-0.09122352613304567,-1.8340096328531605,-1.2900566205273365,-0.1422054308510813,-1.453113457939907,0.1474,0.381,-1.2885206140642478,-0.14184381074897295,-1.4597717092238782,0.1487
1787415710.5928211,-1.427478498145113,-0.09082113577606216,-1.8768061582741788,-1.2933842447499677,-0.14354432633920783,-1.3015318405542873,0.1441,0.575,-1.2936373483561405,-0.14370119433450393,-1.2979336015370921,0.1439
1787415710.7387574,-1.426012812135395,-0.0902172889014768,-2.3137307695995557,-1.2674697710675367,-0.1323218141738627,-1.7533140277848347,0.1640,0.560,-1.24619227112293,-0.1259155995712863,-1.8773768939513664,0.1833
1787415710.8105633,-1.425083460958091,-0.09039259546887907,-2.311408560317038,-1.2778414270944454,-0.14164225667933944,-1.466620757546681,0.1559,0.845,-1.285549623150165,-0.14074319274506555,-1.932970718656543,0.1483
1787415710.9497497,-1.423209583890713,-0.09140981098232323,-2.101210537713406,-1.2868841062814875,-0.14393235857302686,-1.8352696250775493,0.1461,0.266,-1.2887348686351985,-0.14468521145390995,-1.8250620684050045,0.1446
1787415711.0251381,-1.4223960605560981,-0.09185803222860836,-2.0790284994888126,-1.2883235137466356,-0.14494773952524825,-1.8670282823881321,0.1442,0.212,-1.232964569159348,-0.15083436662772975,-1.1699024388543817,0.1984
1787415711.1034691,-1.421518795372208,-0.09206910941794864,-2.028083809131234,-1.2845505628653797,-0.1255788774544181,-1.685230254111781,0.1410,0.343,-1.3036928543209396,-0.1218682471502125,-1.7918575413917555,0.1215
1787415711.237651,-1.4195829254640446,-0.09154195186566903,-2.039142726445461,-1.2859528600783483,-0.12322206952823542,-1.7056486625752256,0.1373,0.333,-1.3036928543209396,-0.1218682471502125,-1.7918575413917555,0.1198
1787415711.2954404,-1.4187135058807356,-0.09115114105455878,-2.229488075544426,-1.3254149031779465,-0.12681311919005606,-1.5841076469879845,0.0999,0.645,-1.335864470800434,-0.1282710407648827,-1.5676967883717965,0.0908
1787415711.4336185,-1.416966033681133,-0.09113915411988453,-2.488678178612489,-1.2972759297410654,-0.14392207459862194,-1.6806490969436818,0.1308,0.808,-1.1717230928136897,-0.13724031602849623,-1.9879427553153584,0.2495
1787415711.5092242,-1.416039454987316,-0.09168806837970198,-2.533196205355081,-1.239411233078016,-0.14319637768907353,-2.0268542643416287,0.1840,0.506,-1.1717230928136897,-0.13724031602849623,-1.9879427553153584,0.2485
1787415711.6386402,-1.4143552102354386,-0.09322686423092223,-2.2648212838481863,-1.2281582200076488,-0.15518469591365705,-1.5237796852568042,0.1962,0.741,-1.2258369184348896,-0.15738613354362113,-1.469377240678026,0.1991
1787415711.712197,-1.4135008245159395,-0.09367105060485816,-2.2467593623868933,-1.19630169662421,-0.1431596631305727,-1.8759735666843795,0.2228,0.371,-1.2847450823977444,-0.15622429730656634,-1.6066072547615875,0.1431
1787415711.8488784,-1.4115731970112975,-0.09369466750406669,-2.24611865717708,-1.239562545620125,-0.13905399514565234,-2.076938425087802,0.1779,0.169,-1.2239717325728734,-0.13149077069425302,-2.2466345557785394,0.1914
1787415711.9096365,-1.4106283189773505,-0.09342871627026554,-2.380509602529991,-1.2668704969848634,-0.16177735724923717,-1.3940544930593977,0.1592,0.986,-1.2820106065253356,-0.16910751368666807,-1.2771121983981806,0.1492
1787415712.0399647,-1.408858281853091,-0.09329830998559709,-2.650860962178885,-1.2803659277804467,-0.15856139483143064,-1.6695567369680788,0.1441,0.981,-1.286580904747421,-0.15758741738828916,-1.694686131608536,0.1381
1787415712.099914,-1.4079095821570653,-0.09359602453598329,-2.6563115554484127,-1.229092535633976,-0.1460681348771619,-2.3289980774257844,0.1864,0.327,-1.1807072733658828,-0.13823379861246404,-2.3837417656484425,0.2315
1787415712.2152698,-1.4060255090467177,-0.09491750988617619,-2.582073318404871,-1.2236225946132668,-0.14623866370694305,-2.3904514530979077,0.1895,0.192,-1.2168354658500373,-0.15406632500141576,-1.7096597610572124,0.1982
1787415712.3492086,-1.4051653559917499,-0.09492715769186409,-2.587055775861861,-1.2194319085838394,-0.15253664563452776,-1.754890965131726,0.1945,0.832,-1.280286581877137,-0.15817969374867283,-2.070650122690458,0.1400
1787415712.4208312,-1.4046522478968986,-0.09456541289988779,-2.5670476502233375,-1.2600651886740728,-0.1557759398703258,-2.0771471593967945,0.1570,0.490,-1.2252483401911944,-0.1319711415473823,-2.8482293950358835,0.1833
1787415712.4967346,-1.4040770976678167,-0.09380260890605166,-2.4915133330437382,-1.2069434865906026,-0.15120904282177094,-1.9365945194636347,0.2053,0.555,-1.1781544649682594,-0.15120030021578554,-1.8868980405871651,0.2331
1787415712.5813873,-1.4035431533232512,-0.09287994933454422,-2.523491584637471,-1.2428575682398852,-0.15509637896927433,-1.9818959724475111,0.1723,0.542,-1.260940909786998,-0.157357202884106,-1.964606556847202,0.1565
1787415712.7416701,-1.4023508127100444,-0.09201022916088214,-2.726819224197019,-1.255342216409693,-0.15830283715493634,-1.8753634017735912,0.1613,0.851,-1.2625205484180568,-0.15974875049284373,-1.8590607002091204,0.1554
1787415712.8131511,-1.401528478315912,-0.09225076922560774,-2.706463923186472,-1.2323705595294583,-0.14315956544900738,-2.5461105317326194,0.1767,0.160,-1.2176580695491455,-0.1376377071968344,-2.649304785715938,0.1894
1787415712.8895195,-1.40074888029498,-0.0926612203175779,-2.5856602055854623,-1.2546187597702358,-0.1536720035579658,-2.2066511955086754,0.1584,0.379,-1.2676174836984098,-0.1582632226843789,-2.145549798473566,0.1484
1787415713.039221,-1.3992693180048335,-0.09312585392682288,-2.2836436333446795,-1.2670042581227379,-0.15619858485985377,-1.928698033287048,0.1465,0.355,-1.2722658776052886,-0.15762438537326556,-1.9039500590831964,0.1424
1787415713.1172156,-1.3983275560120603,-0.09285145830856963,-2.2942728336177924,-1.2392523082198115,-0.14962775451617513,-2.1005633801249437,0.1689,0.194,-1.2161142027581795,-0.143818975605487,-2.2242126237448696,0.1892
1787415713.188173,-1.397372161009091,-0.09229820662498574,-2.404938738042171,-1.2324829001082478,-0.1640691422806161,-1.4471069241780163,0.1798,0.958,-1.2305979357719938,-0.16657149710031335,-1.4003852945423962,0.1826
1787415713.32681,-1.395625304780229,-0.0914258176330137,-2.669835247901603,-1.2274250114487706,-0.16333426026173273,-1.4762302281057822,0.1829,1.194,-1.2253823095829373,-0.16257180126267629,-1.4849131494649555,0.1845
1787415713.4447968,-1.3936982414528978,-0.0916938448626183,-2.6597102887465516,-1.2236089594006865,-0.16569372913172703,-1.4406640994928817,0.1855,1.219,-1.2253823095829373,-0.16257180126267629,-1.4849131494649555,0.1826
1787415713.5060487,-1.3927377413788182,-0.09211449466288806,-2.542047514289035,-1.2055896303970741,-0.13708603863630026,-2.6882152702459816,0.1925,0.146,-1.1995360652641402,-0.13345858317090173,-2.728469605443275,0.1976
1787415713.6404388,-1.3910068046192832,-0.09274705621066147,-2.274197819210931,-1.242322969412779,-0.15145370585128062,-2.1141882364113833,0.1599,0.160,-1.2575946455039335,-0.15680571259300613,-2.036428527760533,0.1480
1787415713.7186716,-1.3900671643076474,-0.09266453059602425,-2.2487547302039026,-1.252450652895326,-0.15984691016768088,-1.6113476539179812,0.1531,0.637,-1.2572642443139872,-0.16253688958867799,-1.5700044599614285,0.1501
1787415713.8511527,-1.388060988611535,-0.09170481266734266,-2.3694142704471672,-1.2280712456353942,-0.15364940895997647,-1.8483196297242617,0.1716,0.521,-1.2137854732485411,-0.1496925779537412,-1.9258601884537903,0.1837
1787415713.9094038,-1.3871788105711722,-0.09121481714260535,-2.62995096352687,-1.2261702250040265,-0.15389130826375963,-1.845069208930414,0.1728,0.785,-1.2555251288979974,-0.1582074611195814,-1.744383958652401,0.1477
1787415714.0482152,-1.3853632731097687,-0.09094806184260913,-2.661952620169957,-1.2484644647878094,-0.15689788275841252,-1.763484196399305,0.1520,0.898,-1.2555251288979974,-0.1582074611195814,-1.744383958652401,0.1462
1787415714.1219597,-1.3843899173520888,-0.0912019367410686,-2.6448382112725026,-1.2146320455053141,-0.14234170952907846,-2.4628843847248088,0.1773,0.182,-1.187703994936458,-0.13593572770883286,-2.7172090712780923,0.2017
1787415714.196353,-1.3834811271715732,-0.09162684247006422,-2.505171073869596,-1.165077066923268,-0.1451066343061177,-2.261952346893425,0.2249,0.243,-1.1380133521752474,-0.14517406030541005,-2.202291006200432,0.2512
1787415714.3236008,-1.3817073931107031,-0.0918483177641349,-2.21574781102852,-1.1530310508871575,-0.14422746765702807,-2.288549386932439,0.2346,0.073,-1.1380133521752474,-0.14517406030541005,-2.202291006200432,0.2495
1787415714.4412875,-1.379679633140136,-0.09102407831294335,-2.248204068178448,-1.1687763351025446,-0.13098373208687736,-2.440538552165199,0.2147,0.192,-1.1755862838953637,-0.13052405460209002,-2.435698121442559,0.2079
1787415714.523209,-1.3786944673668886,-0.09038556851087823,-2.3931911622462563,-1.1476978474968147,-0.1390155678720751,-1.736797115085878,0.2361,0.656,-1.138653072785832,-0.14091374340053944,-1.6717616158662985,0.2453
1787415714.6527534,-1.3768975331476203,-0.08975292309625647,-2.462354093723532,-1.142977860256579,-0.1388740607643118,-1.7185225440643892,0.2390,0.744,-1.1458445325504765,-0.1393763483500801,-1.7133655434001873,0.2363
1787415714.7143853,-1.3759374715329566,-0.08979020769719677,-2.4998994057835784,-1.1761589686715892,-0.14847469789577888,-1.4396978564459837,0.2082,1.060,-1.1940696379183693,-0.15117279270817754,-1.4431959120440179,0.1919
1787415714.8273702,-1.374030682612269,-0.09042360770015308,-2.368401843710335,-1.1726410354860528,-0.14895114204607443,-1.395533427730775,0.2097,0.973,-1.2391115475588834,-0.14976701146839863,-1.871033014074071,0.1474
1787415714.9322705,-1.372334708043284,-0.09071715288984297,-2.1122259785084516,-1.1814385918769805,-0.14989976324130208,-1.6609863355260048,0.1999,0.451,-1.1436647279972343,-0.14488831127795637,-1.7255440343695636,0.2350
1787415715.0345998,-1.3705199170346836,-0.08998364595274856,-1.9761591814291641,-1.1791259667190197,-0.15040575635238557,-1.6428687981712065,0.2007,0.333,-1.1436647279972343,-0.14488831127795637,-1.7255440343695636,0.2334
1787415715.0885518,-1.3695688456151283,-0.08928986564985894,-1.9377064147439422,-1.1817153815665675,-0.13763067134270465,-2.1392421751234267,0.1940,0.202,-1.181144898681055,-0.1351755930830048,-2.195564585709368,0.1939
1787415715.220611,-1.3684196510814868,-0.08804313979071145,-2.0085673545962095,-1.185632894901549,-0.1354636820387976,-1.8060927058457243,0.1888,0.202,-1.1890565979621206,-0.136299751297414,-1.7795190703988102,0.1857
1787415715.2907073,-1.3681279035378349,-0.08784427915261896,-2.0651647839329894,-1.1911457633505647,-0.12375802654801371,-2.042687258469267,0.1806,0.022,-1.1935077484218692,-0.12237332132645237,-2.0675666385470763,0.1780
1787415715.3759897,-1.3677983010356962,-0.0878919444634466,-2.1172516397095853,-1.22178300629553,-0.13646078408881043,-1.5593366587776298,0.1539,0.558,-1.2343083040785319,-0.14059444431487736,-1.5028420021292441,0.1435
1787415715.527967,-1.3672016789038768,-0.08866375952515004,-1.904650718273679,-1.2207271464805385,-0.14425246830393978,-1.5978129843640683,0.1567,0.307,-1.2188594790611595,-0.1458338588810688,-1.572246518368298,0.1590
1787415715.5941,-1.3669467987600632,-0.08884034038656051,-1.6381864007969233,-1.1682174525452433,-0.13104957843191306,-1.6135348237349671,0.2032,0.025,-1.1317746982288133,-0.12411422300361662,-1.730498458466766,0.2378
1787415715.7272475,-1.3656022770621317,-0.08825654793174753,-1.7196227635095243,-1.1709509415339994,-0.12692896580464846,-1.6153131672693322,0.1985,0.104,-1.1745346456505208,-0.12712348879411653,-1.6063331856444512,0.1950
1787415715.7929018,-1.364915028334797,-0.08761264222466945,-1.9153218257142604,-1.2062523980670048,-0.1340840471790314,-1.358243690778708,0.1653,0.557,-1.2209726919784152,-0.13723032102699603,-1.3088421686980798,0.1523
1787415715.9257016,-1.3636793505479508,-0.08780403526028373,-1.9627784953285825,-1.2210373754369677,-0.14122347555682513,-1.4880163237903148,0.1523,0.475,-1.2265346108832964,-0.14305552416055617,-1.4636178288368438,0.1479
1787415715.9928012,-1.3629295674951265,-0.08834668497891089,-1.951175149189488,-1.301545465342896,-0.1391290573535206,-1.461920904868336,0.0797,0.489,-1.3581402397689295,0.045378621806198706,-3.3586940704287684,0.1338
1787415716.1285641,-1.3612627033414828,-0.09018506456984393,-1.7508960795941544,-1.377042285499923,-0.09361760838357117,-1.919550873347909,0.0161,0.169,-1.414402948406023,-0.08802119960197882,-2.036574556320066,0.0532
1787415716.243082,-1.3597377725099364,-0.091693434812726,-1.4409864118312357,-1.40680970991077,-0.0854428918892716,-1.933006465967174,0.0475,0.492,-1.4286954003879122,-0.10528125829001897,-1.4310892447695633,0.0703
1787415716.2975922,-1.358881896359612,-0.09197488822277185,-1.4197382582975213,-1.422065365970924,-0.10121203211384075,-1.4863604628341827,0.0639,0.067,-1.4286954003879122,-0.10528125829001897,-1.4310892447695633,0.0711
1787415716.4175665,-1.3570904458857125,-0.09196866165016196,-1.5241405016035743,-1.4402940377002875,-0.09961129890503098,-1.3223899550992233,0.0836,0.202,-1.4327219592406621,-0.09988786451578868,-1.3200312737386253,0.0760
1787415716.5232618,-1.3554536967105124,-0.091899688305424,-1.7455060628558732,-1.4417039092877793,-0.10290436978924009,-1.2629429354337032,0.0869,0.483,-1.4302529923156655,-0.10371262196650942,-1.2549051625107757,0.0757
1787415716.585384,-1.3545810834099015,-0.0921301625712742,-1.7674891291877217,-1.4420712281143806,-0.09159053921341155,-1.861409569230675,0.0875,0.094,-1.4281969053413814,-0.08894984366972987,-1.8791827506068415,0.0737
1787415716.7327406,-1.3527230250450664,-0.09331035642592143,-1.762690386203537,-1.4295313659741413,-0.08635112832663082,-2.0173921660101146,0.0771,0.255,-1.4136671977410513,-0.08503671494061198,-2.013811890936369,0.0615
1787415716.8046255,-1.3518764195043436,-0.09417193998420553,-1.571344065489759,-1.4585903799197975,-0.08040849470220919,-2.319825469019558,0.1076,0.748,-1.4680759285537686,-0.07971052828981792,-2.3533937465595427,0.1171
1787415716.9343066,-1.3501179525252789,-0.09498603675959043,-1.2686368214918526,-1.4343292973100685,-0.08882407952034622,-1.8119638673161336,0.0844,0.543,-1.4158380533423591,-0.0918234507840991,-1.7480933157624943,0.0658
1787415717.001011,-1.349091132666788,-0.09470246436473505,-1.2758951323175343,-1.4355609744129219,-0.09464626774343005,-1.383253409422681,0.0865,0.107,-1.429928143728698,-0.09705679147754308,-1.3426134164139407,0.0809
1787415717.1265767,-1.3471352696631678,-0.0936899405483895,-1.5912153106582392,-1.4432988721171511,-0.09639121715647499,-1.2978322706801373,0.0962,0.293,-1.4421859409222784,-0.09724442734527541,-1.2856397944278544,0.0951
1787415717.193327,-1.3462398149775874,-0.09341149695931225,-1.6084036339604884,-1.4245922009734837,-0.0914343825947069,-1.5827724385195339,0.0784,0.026,-1.4109175840318882,-0.09012053615021107,-1.582957974982748,0.0648
1787415717.3309262,-1.3442940554760912,-0.0937265226722571,-1.728404237909873,-1.4577736850568648,-0.08043253018110122,-2.301733698339473,0.1143,0.573,-1.5035643129842582,-0.0715686629285426,-2.575916035234094,0.1608
1787415717.4032028,-1.343311437308629,-0.09425635876217517,-1.733603086838619,-1.4617902684884465,-0.07604991211064938,-2.319779799407992,0.1199,0.586,-1.4568454403909061,-0.075886089093884,-2.3097608976935784,0.1150
1787415717.5121381,-1.3419086884190652,-0.09495696600900293,-1.560610043586874,-1.4627752273619523,-0.0872698085439393,-2.0670031276775465,0.1211,0.506,-1.4550597962926817,-0.09022363013462195,-2.007085370261664,0.1133
1787415717.6251776,-1.3406861632799725,-0.09465731757825523,-1.541608771403213,-1.434116944888298,-0.0944664256852614,-1.680340457441947,0.0934,0.139,-1.4188342799403009,-0.09606079757977769,-1.6376519017124438,0.0782
1787415717.6952255,-1.3400124493656256,-0.09417988386727151,-1.5878828895540233,-1.4147930372201447,-0.09779490855011547,-1.5677821746709868,0.0749,0.020,-1.4020555130011376,-0.0980792647164215,-1.5555197621719683,0.0622
1787415717.842494,-1.3387251188758396,-0.09320757617222597,-1.7889487574622367,-1.415048025900421,-0.0983200160106999,-1.5519199153438266,0.0765,0.237,-1.4020555130011376,-0.0980792647164215,-1.5555197621719683,0.0635
1787415717.917672,-1.3379839225564252,-0.09310051181357169,-1.8241316406235975,-1.4210298653851734,-0.09159998629768336,-2.0694175296436836,0.0831,0.245,-1.4379050481667175,-0.08909996168525154,-2.1484167699037853,0.1000
1787415718.0333655,-1.3363932543891115,-0.09372153253662018,-1.7847009797403992,-1.4222500748757176,-0.09105034392173857,-2.094735233360546,0.0859,0.310,-1.400239216194578,-0.08468433781442711,-2.160381929091971,0.0645
1787415718.151371,-1.3350204388568163,-0.09445255374271369,-1.3370829162870164,-1.4029379948151062,-0.08619823360371698,-2.124450624964195,0.0684,0.787,-1.4008314924488436,-0.08654567877449294,-2.1167993410492514,0.0663
1787415718.211314,-1.3341998550958176,-0.09442070136542127,-1.3328448463657923,-1.4016278994903415,-0.08804660387730344,-1.9673707109118952,0.0677,0.635,-1.4020555510048693,-0.08899729038873075,-1.9530532807402745,0.0681
1787415718.2770002,-1.3332821828696528,-0.09406029314539072,-1.3723524820377353,-1.394033363900556,-0.09002732649256014,-1.7547032452155638,0.0609,0.382,-1.3907612696116274,-0.0909549021288336,-1.7377309435544936,0.0576
1787415718.434318,-1.331480190867494,-0.09281237699240416,-1.7304062918118541,-1.4008043181296788,-0.10336705318787677,-1.1861109619936119,0.0701,0.544,-1.4066862566717941,-0.10841832296747161,-1.115489312767992,0.0768
1787415718.5012255,-1.3300800307801415,-0.09249496771409983,-2.117869291369626,-1.402232610858521,-0.10135522022222793,-1.2908912607909377,0.0727,0.827,-1.4242800632951969,-0.09820554290715544,-1.5131253293057152,0.0944
1787415718.631502,-1.327129041333823,-0.0926233581016776,-2.8819704149830128,-1.4146127186662192,-0.09920738628745618,-1.4839835519430864,0.0877,1.398,-1.4010039784008035,-0.09402168437606405,-2.5275213984424276,0.0739
1787415718.702788,-1.3258325984162787,-0.09316049607524313,-3.083322799483066,-1.4069407310221471,-0.09700856818914219,-2.4659970518204952,0.0812,0.617,-1.4029728157579437,-0.10128189526673964,-2.6544118468933227,0.0776
1787415718.8160832,-1.3242822472894675,-0.09346171313255378,-3.020386393921264,-1.4570703976538069,-0.12106950294604024,-2.4137102024587076,0.1356,0.607,-1.5259580747659154,-0.1429338357665073,-1.9602626414824014,0.2077
1787415718.888305,-1.3234387210892034,-0.09328932927876818,-2.9468376101641414,-1.5038831110102286,-0.12407336601028755,-2.3652488248268018,0.1831,0.582,-1.573369110182405,-0.12811813122752314,-2.4137102024587067,0.2523
1787415719.051751,-1.321507734471711,-0.09207688936219868,-2.84865419614996,-1.5289618234483382,-0.15096978229049832,-1.2261048555340595,0.2157,1.623,-1.5821039227651597,-0.1909263474778549,-0.2626031910594709,0.2787
1787415719.135646,-1.3206680521063205,-0.09142500303005653,-3.02826343288289,-1.5528263723865379,-0.17093645199213153,-0.5028144658882622,0.2454,2.525,-1.5173450913056166,-0.139769158144816,-1.5894135613946891,0.2025
1787415719.2109938,-1.3201483232868447,-0.09135592887376733,-3.0327288737223017,-1.5427603158257948,-0.15463193326410005,-1.2643525806664946,0.2314,1.768,-1.574739338143885,-0.15733539725244539,-1.2643525806664946,0.2630
1787415719.288381,-1.3195773724923643,-0.09156632932150123,-3.0218141611604006,-1.5660833929911775,-0.15716667035007856,-1.2335461728865058,0.2551,1.788,-1.5554735968734632,-0.1548802558982894,-1.2643525806664946,0.2442
1787415719.4173565,-1.3190935142332199,-0.09240729655351275,-2.7837908941795995,-1.5643265139614815,-0.14424987914162735,-1.807458746914631,0.2507,0.976,-1.5441029701373883,-0.13524251675750013,-1.9657302430887809,0.2291
1787415719.487733,-1.3191182393791765,-0.09258576747233956,-2.6064010355542195,-1.524352313898893,-0.1470055187034107,-1.3816189189748151,0.2123,1.225,-1.487272230233154,-0.14070336315745255,-1.5331849926022263,0.1749
1787415719.6226304,-1.3189573995171193,-0.0920985347261949,-2.292756342861115,-1.5308350513935542,-0.15061690412090312,-1.3528308225460055,0.2198,0.940,-1.4976268745693329,-0.1478798112562468,-1.0404089677882389,0.1872
1787415719.6933992,-1.3188925705050583,-0.09157124484066091,-2.2643330979685214,-1.5108155408361674,-0.15026659980505755,-0.9861585674676338,0.2007,1.278,-1.4680512904184424,-0.11645960158650476,-1.8820696345951062,0.1512
1787415719.8200648,-1.318408773319857,-0.0911968412166052,-2.370334563797274,-1.4895348426719333,-0.12658805414209168,-1.7250105865973167,0.1747,0.645,-1.4680512904184424,-0.11645960158650476,-1.8820696345951062,0.1518
1787415719.949882,-1.3172987443524555,-0.09200960821659676,-2.305746985089179,-1.4273334924368202,-0.10246395481600389,-2.298359129232383,0.1105,0.007,-1.4039573022557439,-0.09638565772712882,-2.375338038692686,0.0868
1787415720.0304413,-1.3167799065134407,-0.09266573387657166,-2.143505773250161,-1.3974409332386788,-0.09590445257787732,-2.3453847293915913,0.0807,0.202,-1.389366163671487,-0.09505943207274743,-2.3525627814487993,0.0726
1787415720.108472,-1.3162517013740338,-0.09323902718672085,-2.1182692186691767,-1.384855065742062,-0.10215323366928442,-1.9541288172942037,0.0692,0.164,-1.377755609383369,-0.10397197594908555,-1.9267594995016635,0.0624
1787415720.251984,-1.3149489074895744,-0.09342812142494024,-2.023074563878038,-1.3736413407088286,-0.09969798392221511,-1.9643169998933894,0.0590,0.059,-1.377755609383369,-0.10397197594908555,-1.9267594995016635,0.0637
1787415720.3181949,-1.3142727821229925,-0.09319058870800918,-2.0727485924661644,-1.3832165125474427,-0.1074428108830056,-1.820008119627959,0.0704,0.253,-1.3907450415423304,-0.10941705231937335,-1.800981808460956,0.0782
1787415720.4390697,-1.313120350035106,-0.09292323884142141,-2.5371170297445054,-1.3736926369056262,-0.10331348403251338,-1.8979763560750766,0.0615,0.639,-1.3743576662352819,-0.10277660443372763,-1.9063010426545668,0.0620
1787415720.4971862,-1.31235012871592,-0.09330582287028691,-2.532227538074416,-1.3626691769268546,-0.10139082186899381,-1.9042271880242205,0.0510,0.628,-1.3823557587443562,-0.08936500766634092,-2.795949704427558,0.0701
1787415720.630191,-1.3105913272361513,-0.09488809235792768,-2.3950538125628174,-1.3750345987376846,-0.09179199973886569,-2.746201597892728,0.0645,0.351,-1.3091581443527842,-0.12661617078428875,-1.4334155764135708,0.0318
1787415720.6916313,-1.3097954225657564,-0.09584216187814273,-2.165324007952899,-1.3248753451793227,-0.11977469493742357,-1.5473252968934192,0.0283,0.618,-1.3091581443527842,-0.12661617078428875,-1.4334155764135708,0.0308
1787415720.8262374,-1.308168939058473,-0.09687862310679474,-2.1072382692655154,-1.350541193298432,-0.09626003384134707,-2.5170204234117683,0.0424,0.410,-1.3845523920193805,-0.1102660208544079,-1.931438444386156,0.0775
1787415720.9018688,-1.307216411882157,-0.09697774444431158,-2.105213142053608,-1.3868105932234351,-0.1045567908938654,-2.099656082289942,0.0800,0.006,-1.4086301749350423,-0.10593821548356762,-2.0919844944967547,0.1018
1787415721.0337076,-1.3054351519797565,-0.09672078157007252,-2.458652190734621,-1.3850282535188705,-0.10388449745929128,-2.1115438030783173,0.0799,0.347,-1.4086301749350423,-0.10593821548356762,-2.0919844944967547,0.1036
1787415721.099213,-1.3040474343575574,-0.09691802314751195,-2.802281225578375,-1.363333788429342,-0.10481734652763856,-2.084425744614301,0.0598,0.718,-1.3565550071582768,-0.10456488930941836,-2.0860610865737903,0.0531
1787415721.221794,-1.3011286139022438,-0.098104509698895,-3.481395274367551,-1.3610780912205374,-0.09448760530736883,-3.0678306889090923,0.0601,0.414,-1.3629081513572774,-0.09223345167880545,-3.1047381318075926,0.0621
1787415721.288243,-1.2996885243675065,-0.09897726999427109,-3.720052745609972,-1.3781198189466448,-0.09767149173347106,-3.6344146283714776,0.0784,0.086,-1.3899398672954004,-0.09872393266151622,-3.6434115935858804,0.0903
1787415721.4440825,-1.2982622172499587,-0.0996766278701256,-3.6056523182133153,-1.3942865245455864,-0.09907472093634705,-3.838104181694071,0.0960,0.232,-1.4137658422254968,-0.10190855562422053,-3.787811052473984,0.1155
1787415721.5015256,-1.2974325580906083,-0.09954658825756865,-3.508099422182185,-1.40422054697655,-0.105299557059598,-3.7037921895591817,0.1069,0.196,-1.409835531121349,-0.1078275556197992,-3.6698771654547544,0.1127
1787415721.6267335,-1.2957195064673175,-0.09876885789149283,-3.4962622311445966,-1.416842950698164,-0.1118128828047672,-3.1484194959988674,0.1218,0.348,-1.4227605111978252,-0.11503562704302531,-3.083465011981791,0.1281
1787415721.7428362,-1.294509123393528,-0.0981995163247012,-3.785949791722879,-1.466979172898626,-0.09817679667002932,-4.046376689485656,0.1725,0.260,-1.5321632055869954,-0.07975277366263307,-4.756874060520091,0.2384
1787415721.8005176,-1.2940239146245238,-0.09824723969466759,-3.9013944178784783,-1.478871913902282,-0.0968376781592846,-4.182334519491484,0.1849,0.281,-1.5318980939660771,-0.09859033745946454,-4.182334519491484,0.2379
1787415721.9048135,-1.2931752656997622,-0.09916223364226359,-4.177505325024059,-1.51420017205325,-0.08560077212493684,-4.982691274147377,0.2214,0.805,-1.5126452958586427,-0.0834806769007617,-5.015329273074978,0.2200
1787415722.02551,-1.2932305777003477,-0.09902240917973648,-4.391592840682513,-1.5288679027318548,-0.0825994582641066,-5.158576797945475,0.2362,0.767,-1.5126452958586427,-0.0834806769007617,-5.015329273074978,0.2200
1787415722.0924866,-1.2932556613631778,-0.09865934318871122,-4.414741445759206,-1.4324044861699168,-0.11367979647543826,-4.124926876023494,0.1400,0.290,-1.416477703519863,-0.11344206191865698,-4.1391572659013045,0.1241
1787415722.2144191,-1.2930066343296298,-0.09690204355108215,-4.473204181109213,-1.4325065413276696,-0.11527171015320709,-4.205526884746383,0.1407,0.268,-1.416477703519863,-0.11344206191865698,-4.1391572659013045,0.1246
1787415722.3437004,-1.2927571593142926,-0.09465071211239216,-4.986357478274919,-1.4371191532424796,-0.12770283107320518,-3.716524213880566,0.1481,1.270,-1.439818601914092,-0.13083863659371736,-3.669108598795886,0.1514
1787415722.40879,-1.2922594467218393,-0.094178245056934,-5.005215989358746,-1.3892040545365425,-0.11763145213753796,-4.202495022734641,0.0997,0.803,-1.3589611462435336,-0.10983009583433513,-4.347226148921856,0.0685
1787415722.5312595,-1.2910975825457582,-0.09415854623712956,-4.952861070680837,-1.3786929614354546,-0.11637977082763816,-4.470050776425658,0.0904,0.483,-1.3343071520931835,-0.0966465510496121,-5.0550785822843585,0.0433
1787415722.5979135,-1.2905061699001965,-0.09450198955140283,-4.7897550167553895,-1.3501413524737658,-0.10154368886668236,-4.999866439380143,0.0600,0.210,-1.3343071520931835,-0.0966465510496121,-5.0550785822843585,0.0439
1787415722.7328136,-1.288596797425821,-0.09467699584170729,-4.197224793538375,-1.3405208403352527,-0.10249546361798484,-4.795849022420244,0.0525,0.599,-1.387805785090883,-0.12321058608517878,-3.827949340509962,0.1032
1787415722.7929683,-1.2875489415964345,-0.0943894387720454,-3.869882339669901,-1.368785172281364,-0.11616567012872059,-3.948630872245377,0.0841,0.079,-1.3704024856474994,-0.12450646008909577,-3.466202677982425,0.0882
1787415722.9199228,-1.2853539765841542,-0.09318233794933309,-3.388557077163247,-1.3692670548884662,-0.11064602326043661,-3.347215855991282,0.0857,0.041,-1.3716930501874183,-0.10665245187396452,-3.4015075040421903,0.0874
1787415722.9865007,-1.2843751775277314,-0.09254502578131955,-3.335716956080516,-1.3694794727116115,-0.11090279588615377,-3.0430650253601113,0.0871,0.293,-1.3715456804684258,-0.11146053180492614,-3.0333542477118933,0.0892
1787415723.125741,-1.2824662696036544,-0.09257264426214071,-3.359522610003011,-1.3787645438547682,-0.10670622826099224,-3.2248340959751793,0.0973,0.135,-1.3902580629828067,-0.10531064602357597,-3.2593590414826883,0.1085
1787415723.1964028,-1.2814539843005521,-0.09299388941837296,-3.32908114497383,-1.3698494147450844,-0.10252172445416519,-3.2269873784868697,0.0889,0.102,-1.3720188498698878,-0.0983998440099826,-3.4121119080726054,0.0907
1787415723.3460832,-1.279647296169257,-0.09398920896738307,-2.878570217385921,-1.3703622054767113,-0.09940360780652363,-3.3949937751364323,0.0909,0.516,-1.3720188498698878,-0.0983998440099826,-3.4121119080726054,0.0925
1787415723.4279532,-1.278701870711564,-0.09406909442826285,-2.8734940434358864,-1.387305268527841,-0.10462790055527194,-3.083877878082396,0.1091,0.210,-1.4051044732957656,-0.10813942446588491,-3.028262215930754,0.1272
1787415723.5030715,-1.2776613006237134,-0.09368518431421714,-2.8723923767889037,-1.3785096498189393,-0.10501244050497055,-2.7984836234867654,0.1015,0.074,-1.3722016334943894,-0.10546240906944766,-2.7798753971445165,0.0953
1787415723.628176,-1.2757320353763084,-0.0925236780863671,-3.247171530523044,-1.3673818242562439,-0.10556947584026377,-2.747947156733492,0.0926,0.499,-1.3631061708991046,-0.10547326151789967,-2.747757652020774,0.0883
1787415723.7509186,-1.2738706391968668,-0.09221421890681158,-3.278042707025294,-1.3721819485129965,-0.10073369794824204,-3.0032627490122707,0.0987,0.275,-1.3773937799093943,-0.09925119906791514,-3.034194558983156,0.1038
1787415723.815669,-1.2729601977998655,-0.0926462270282918,-3.26390413178128,-1.359413665620577,-0.1007415506193282,-3.2756168536916315,0.0868,0.012,-1.3549957953348442,-0.10045061188982705,-3.278616190879883,0.0824
1787415723.888486,-1.2720851220934066,-0.09325840923870629,-3.1573705346829595,-1.3627480820177824,-0.10033697358474072,-3.283591592306175,0.0909,0.126,-1.3656192883879836,-0.10055160234285371,-3.2839388640684604,0.0938
1787415724.0471745,-1.2703938555640164,-0.09415033461918575,-2.9017591263747913,-1.3606844946325936,-0.09962659767491687,-3.2821703249363874,0.0905,0.380,-1.3656192883879836,-0.10055160234285371,-3.2839388640684604,0.0954
1787415724.1128957,-1.2693935342717386,-0.09407904194342499,-2.8921052573620916,-1.4032844889119582,-0.1255511282937528,-2.096666747371975,0.1375,0.795,-1.361057802107289,-0.11036185146625961,-2.7030729597917222,0.0931
1787415724.2435732,-1.267414440824135,-0.09340664105858042,-3.1442641821134685,-1.3577992871810427,-0.10987282834547014,-2.676094023594613,0.0919,0.468,-1.34611300258494,-0.10713047366356128,-2.712221936157501,0.0799
1787415724.3121097,-1.266559479024493,-0.09313753411638084,-3.163436448129766,-1.3582984006055674,-0.11595815359429844,-2.4881089760722817,0.0945,0.675,-1.3605491237883138,-0.11793436748093579,-2.457639651494763,0.0972
1787415724.441063,-1.2647111111140614,-0.09340112455852478,-3.2427169160410774,-1.3582726711305677,-0.10790334350203251,-3.035585077036329,0.0947,0.207,-1.3595309437638534,-0.10495058141735579,-3.0840617432021498,0.0955
1787415724.4985166,-1.2637678631873142,-0.09389188986060615,-3.204661700714206,-1.3556527268800294,-0.10783984834995954,-3.027853705900015,0.0929,0.177,-1.3595309437638534,-0.10495058141735579,-3.0840617432021498,0.0964
1787415724.6302264,-1.2620820295221726,-0.09489273696901623,-2.8046535894239866,-1.365260987879154,-0.10255131795231849,-3.2519197144252576,0.1035,0.447,-1.3569478622332525,-0.10902341381733575,-2.8961479847364897,0.0959
1787415724.7053177,-1.2611420178498394,-0.09493723167828155,-2.8000751372676222,-1.3831042676023264,-0.11042967269449604,-2.632600748280235,0.1229,0.167,-1.4175563591549314,-0.1134981309417309,-2.6418508343730487,0.1575
1787415724.8447597,-1.2590774547672665,-0.09411578957348835,-2.8590213491867766,-1.4251205702493004,-0.13076441711974432,-1.7925369980215644,0.1700,1.066,-1.471030141691256,-0.14777144633841588,-1.4409171618326415,0.2186
1787415724.912779,-1.2581336140545367,-0.0935554090654632,-3.0660320103851593,-1.4571711540268157,-0.13526649132146376,-1.870541049560179,0.2034,1.195,-1.492449282344801,-0.139569316523397,-1.813562670003713,0.2388
1787415725.0423305,-1.2571527413660055,-0.09328241825405845,-3.099803821541973,-1.4280384870219274,-0.11856474746519272,-2.7973617154004358,0.1727,0.302,-1.4047506161183092,-0.11326951302431544,-2.840942140383727,0.1489
1787415725.106974,-1.256588294690426,-0.09354552973363213,-3.1013579509635436,-1.3980434722760353,-0.11566684072952542,-2.721255170309654,0.1432,0.380,-1.3776887900080912,-0.11328126081239079,-2.736608343600088,0.1227
1787415725.2361705,-1.2556127114788296,-0.09445373483794083,-2.7990703416447476,-1.3673025138243697,-0.10490185214324858,-3.0367167141490836,0.1122,0.238,-1.3506603315114873,-0.1011398450766003,-3.080172071353128,0.0953
1787415725.3002596,-1.2549582955442034,-0.09469579247551338,-2.7845172287668003,-1.3631038160027389,-0.10327528294710867,-3.0472973451841625,0.1085,0.263,-1.3506603315114873,-0.1011398450766003,-3.080172071353128,0.0959
1787415725.4235299,-1.2534265585435453,-0.09441288521609552,-2.762624006273974,-1.3639721201431008,-0.11922169397107582,-2.3603525917681503,0.1133,0.402,-1.3655415976229457,-0.12216384853772258,-2.313502228058887,0.1155
1787415725.4885795,-1.2526309901512316,-0.0939796463852113,-2.8404580497465552,-1.3344388562368459,-0.11373567512771487,-2.4190224415719306,0.0842,0.421,-1.3234010684261517,-0.11151689424380108,-2.44636829862003,0.0729
1787415725.6406608,-1.2511783073435252,-0.09318934620650249,-3.0723632066167457,-1.3404260604834957,-0.11163884881389934,-2.3658164630795007,0.0911,0.707,-1.3495462497658015,-0.11236873308433394,-2.342726552329455,0.1002
1787415725.715301,-1.2503792918202725,-0.09320666273553599,-3.103722276715983,-1.348719736521004,-0.10518995834787961,-2.7870296778565176,0.0991,0.317,-1.3448188255650955,-0.10985790687059978,-2.754993206515031,0.0959
1787415725.8473053,-1.2487482371047858,-0.09398984494874342,-2.9769384702666457,-1.3452272012167819,-0.10857462496203221,-2.77244142098042,0.0976,0.204,-1.3342680061856163,-0.11131298533940072,-2.754661068720465,0.0873
1787415725.9111953,-1.248045860141478,-0.09437449844305774,-2.7231943683680093,-1.3367565784695588,-0.11083549402238044,-2.761884199837279,0.0902,0.039,-1.330645080704027,-0.11233912180156169,-2.5901368850093545,0.0845
1787415726.0421634,-1.246296771634759,-0.0940638010076398,-2.44260845642872,-1.3310412336135071,-0.1119700714074771,-2.596068569939359,0.0866,0.153,-1.3442072324903758,-0.10698767992196198,-2.679852826606566,0.0988
1787415726.105713,-1.2452545764787253,-0.09334696163711925,-2.507247145280082,-1.3218916841978638,-0.10238139193899289,-2.254600980793889,0.0772,0.253,-1.3152643373669686,-0.10097067329505194,-2.2711739653214176,0.0704
1787415726.2373097,-1.2437308552802662,-0.09197535881499444,-2.699481576583408,-1.330093911388354,-0.09999652941503256,-2.5288152866415787,0.0867,0.171,-1.3397394449401845,-0.09966351008946579,-2.5470505128671554,0.0963
1787415726.306064,-1.243158151205532,-0.09168175656812233,-2.7527328286398167,-1.3317850529982498,-0.09057652470237272,-2.989016261116994,0.0886,0.236,-1.334285828671001,-0.08868524792398148,-3.023082136665309,0.0912
1787415726.4394877,-1.241914131384443,-0.09184552584638149,-2.799275369838455,-1.3222396508731387,-0.09321673487542818,-2.8527160346962157,0.0803,0.053,-1.3175992800859158,-0.09453327950080673,-2.8285028792922247,0.0757
1787415726.4995718,-1.2413478574173689,-0.09217870568614235,-2.677452962977484,-1.3173973796200857,-0.09056844515692515,-2.8615010079372714,0.0761,0.184,-1.3199926625431362,-0.09333996692201757,-2.9125209489479,0.0787
1787415726.6397579,-1.2401118629712877,-0.0922892154166583,-2.429844592921461,-1.2752920001527328,-0.07706153916842878,-3.3797596954511633,0.0383,0.950,-1.2511422743424523,-0.07122730142267658,-3.4637416320140897,0.0238
1787415726.7034557,-1.239291062923987,-0.0918780577800863,-2.4326407229387166,-1.2932183412024039,-0.09737432291646153,-2.262227210231854,0.0542,0.170,-1.30888656684185,-0.1054225890536251,-2.138289119796096,0.0709
1787415726.819329,-1.2376506019813869,-0.0905362732063991,-2.669309107469058,-1.3129691327440611,-0.10663382878956006,-2.1127858130028443,0.0770,0.557,-1.3347248013617479,-0.11250586606593627,-2.0000683338404,0.0995
1787415726.8833296,-1.2369356608897002,-0.08995767731610246,-2.6959887326066054,-1.3291206127235555,-0.10591290460930657,-2.277413714826571,0.0936,0.419,-1.3413213613515766,-0.10560358237521081,-2.298822895431271,0.1056
1787415727.028083,-1.235384103837599,-0.08952983628873153,-2.803227000368858,-1.325946022636688,-0.09881108367255953,-2.6854633540342943,0.0910,0.118,-1.3221318984296568,-0.09737661675273332,-2.583686323838349,0.0871
1787415727.1493113,-1.2338088983567288,-0.08998685743526957,-2.6826970088815694,-1.3234682617169258,-0.09761226639564777,-2.5823792464296917,0.0900,0.100,-1.3221318984296568,-0.09737661675273332,-2.583686323838349,0.0886
1787415727.2156768,-1.2331264038090535,-0.09015356454257045,-2.442130282409001,-1.3191964328364014,-0.10031427818569304,-2.521035280357694,0.0867,0.079,-1.3127416824243772,-0.09920782371374569,-2.676082324610405,0.0801
1787415727.2833538,-1.2322632672190204,-0.09008160076735151,-2.4372145966972663,-1.3154868067113379,-0.1063614169241334,-2.0443880864666584,0.0848,0.393,-1.3176661143852735,-0.10959793955604079,-1.9851434226439089,0.0876
1787415727.4326775,-1.2303580962287535,-0.08908797567443662,-2.5092235461178096,-1.3531595827811895,-0.1185257400543055,-1.7050116750588014,0.1263,0.804,-1.419073539311834,-0.13408542333007395,-1.411277203534201,0.1940
1787415727.4999468,-1.229485739201061,-0.08839742617625798,-2.7318500614763894,-1.3650340491695203,-0.11436423285466614,-1.995767463616843,0.1380,0.736,-1.392749420045716,-0.1351006856263661,-1.25438993976789,0.1698
1787415727.634089,-1.2277541520331074,-0.08768435104496498,-2.782166901477479,-1.378279551802678,-0.12676198071218198,-1.4156343834507272,0.1555,1.367,-1.392749420045716,-0.1351006856263661,-1.25438993976789,0.1717
1787415727.7111404,-1.2268156906939753,-0.08769652214503917,-2.7945618331951887,-1.3505025424156065,-0.10666954817621863,-2.561702140020898,0.1251,0.233,-1.3332447275061903,-0.10059816402804751,-2.638603869964798,0.1072
1787415727.831309,-1.2251041326421777,-0.08816943403778009,-2.4632893086197214,-1.3414399434184952,-0.10299874995586109,-2.631441667035991,0.1173,0.168,-1.33527494173722,-0.10190431776645273,-2.6414713499482194,0.1110
1787415727.8978975,-1.2242788201035513,-0.08819894444986201,-2.1737213046718273,-1.3243970562608942,-0.10923604417283343,-2.179690997515571,0.1023,0.006,-1.317439511395868,-0.1102383785015858,-2.167760064948838,0.0957
1787415728.0269294,-1.2222099362764645,-0.0873158946962993,-2.199573530759616,-1.3308529217935399,-0.11597922112036711,-1.5581250507135835,0.1124,0.641,-1.3390124335425844,-0.11978792401790896,-1.4858000238768037,0.1212
1787415728.0984967,-1.221172801595532,-0.0865052773193475,-2.3221586813214214,-1.3699896161709617,-0.1272937547581634,-1.309923295195647,0.1543,1.012,-1.3897499740189554,-0.1397425010787129,-0.9374013143576738,0.1768
1787415728.2362268,-1.2195125279255514,-0.08637150239361653,-2.386480238233737,-1.380201667579648,-0.13502990883030158,-1.029638554015915,0.1679,1.357,-1.3897499740189554,-0.1397425010787129,-0.9374013143576738,0.1784
1787415728.3043747,-1.2186009956002921,-0.08669312240609282,-2.4541886438519507,-1.3421675854683437,-0.11574754071804944,-1.7686658861891271,0.1269,0.686,-1.324963422721932,-0.10944483418471194,-1.875496504979832,0.1088
1787415728.429549,-1.2169104968690931,-0.08832046885800425,-2.4197113958693235,-1.3421264853650952,-0.09747587493249964,-2.52413161265149,0.1256,0.104,-1.3434997734058178,-0.09302681611211559,-2.599749126937087,0.1267
1787415728.5467477,-1.2153865363074563,-0.08954148261606149,-2.204991800992558,-1.342000996193139,-0.09472847279740054,-2.546965005266722,0.1267,0.342,-1.3434997734058178,-0.09302681611211559,-2.599749126937087,0.1282
1787415728.6144595,-1.2145347807620308,-0.0897151756974094,-2.186370420052891,-1.3853413224028126,-0.12880783688173464,-1.1514738662313722,0.1752,1.035,-1.3980142307561774,-0.1418569389984023,-0.9026971895611791,0.1907
1787415728.6904035,-1.2136063056526802,-0.08954143316476496,-2.1493106094531393,-1.393516661647929,-0.13852958990464712,-0.9623262126726512,0.1865,1.187,-1.4035701555757591,-0.14477282700038033,-0.8019277930371708,0.1978
1787415728.8222725,-1.2119386743495544,-0.08887438636812518,-2.4664388741954064,-1.4011084753069478,-0.14366742960593007,-0.8238553664308411,0.1969,1.643,-1.3022919223831968,-0.11341155704009521,-1.6308146997838477,0.0936
1787415728.888148,-1.2110475677755288,-0.08881519744620422,-2.476827892797515,-1.335391410941083,-0.12216281658626012,-1.4886647435089742,0.1287,0.988,-1.3165597071426827,-0.1098697568546493,-1.9363067286660827,0.1076
1787415729.021883,-1.2091692457353205,-0.08947614219185895,-2.4424044119238637,-1.2998578293643137,-0.09917169653315752,-2.407934373397579,0.0912,0.034,-1.2893031798241974,-0.09471718877533408,-2.472347425722472,0.0803
1787415729.1457675,-1.207493284056807,-0.09056864128951822,-2.263284396835959,-1.2924209531906308,-0.09663507271357553,-2.436239513947042,0.0851,0.173,-1.3022790000709108,-0.09591957182834535,-2.4220679543721775,0.0949
1787415729.2295322,-1.2066618465232224,-0.09083848183758746,-2.204130522855065,-1.2988689570345149,-0.09576976648780988,-2.422719615402742,0.0923,0.219,-1.3022790000709108,-0.09591957182834535,-2.4220679543721775,0.0958
1787415729.2957568,-1.2057334812690539,-0.09074116513601074,-2.144164974112175,-1.3448520128064616,-0.1256514798165639,-1.1733272886072756,0.1434,0.971,-1.3882042057577957,-0.1424706622690832,-0.8156801218730236,0.1897
1787415729.4299293,-1.2038966598742205,-0.09002149744518007,-2.2715692977977815,-1.3696802251581752,-0.13446827678699422,-0.914675115799804,0.1716,1.357,-1.3906847505088171,-0.1406851674827006,-0.777535551376111,0.1935
1787415729.4917006,-1.203080749297704,-0.08978023935020289,-2.5189087675934805,-1.3341742710896296,-0.11529922318325592,-1.8154729426672471,0.1336,0.703,-1.31816169419816,-0.10908632462164784,-1.9204553659795742,0.1167
1787415729.6209962,-1.2020033089520732,-0.090410676350317,-2.557911018727846,-1.3329914810364791,-0.115237191935765,-1.8075340090199092,0.1333,0.750,-1.31816169419816,-0.10908632462164784,-1.9204553659795742,0.1177
1787415729.6905277,-1.2014410272476532,-0.09111400839371864,-2.534687964460639,-1.3692916427439772,-0.08881281741779812,-3.1765279292312254,0.1679,0.642,-1.4016927107724084,-0.08021551597341013,-3.4326570806926533,0.2005
1787415729.8315365,-1.2003531425976206,-0.09243852233485712,-2.3436787821596923,-1.3292074871139756,-0.10385863492266886,-2.2205677671290185,0.1294,0.123,-1.3159815293243877,-0.1064530614105232,-2.1688128114386247,0.1165
1787415729.9070563,-1.199654252776571,-0.09268026640290387,-2.3041147812086966,-1.3002992564362152,-0.10347191172363426,-2.1740695660918647,0.1012,0.130,-1.2884599833340453,-0.10288795700025966,-2.1767918396177595,0.0894
1787415730.0328114,-1.1981283991043175,-0.09237385558643078,-2.377901648590094,-1.2940019316543154,-0.10231712473994137,-2.185450199226907,0.0964,0.192,-1.2884599833340453,-0.10288795700025966,-2.1767918396177595,0.0909
1787415730.0895288,-1.1974540407110839,-0.09211549435097005,-2.5829191519547723,-1.3020349220895533,-0.11154682411761638,-1.7691733257230773,0.1064,0.814,-1.306424609633278,-0.1138289784196764,-1.7314321520614222,0.1111
1787415730.2149394,-1.1959661379110478,-0.09234677824564526,-2.854256430123817,-1.304942150766907,-0.10911195665932827,-2.0193407161400403,0.1103,0.835,-1.3083592167265532,-0.108514142305194,-2.0317548794184397,0.1135
1787415730.3391013,-1.1942923903486506,-0.09376132079001501,-2.8524172288428042,-1.3039667027889705,-0.1023171098408267,-2.8235778355024532,0.1100,0.029,-1.3050837101657864,-0.09984865913195572,-2.868845470770745,0.1110
1787415730.4133806,-1.1935278047613618,-0.09466071154810915,-2.7042416593047514,-1.3279199476080252,-0.10090814716000243,-3.0987725638081907,0.1345,0.395,-1.3457037374526932,-0.10092091932731344,-3.1398521485221087,0.1523
1787415730.5250266,-1.1918846483836325,-0.09567624981411019,-2.6515653283610603,-1.2983546175312777,-0.10351123932301884,-2.5922097851214234,0.1068,0.059,-1.2851258488286605,-0.1038677155701496,-2.5728283489952952,0.0936
1787415730.6519825,-1.1900183732696132,-0.0957982741075337,-2.657987268444762,-1.325422678681071,-0.10882298184414038,-2.609240742247077,0.1360,0.049,-1.354877203126581,-0.11259909097081379,-2.570796381424346,0.1657
1787415730.7105162,-1.189123117172513,-0.09562098721300866,-2.8060378576925906,-1.3089943941396742,-0.11951417435221011,-2.1012856324817846,0.1222,0.705,-1.3026502562302786,-0.12186325657704111,-2.0589944733063548,0.1165
1787415730.8189194,-1.187418802939007,-0.09574588878993569,-3.080040369448739,-1.3073257628762611,-0.12135540280524006,-2.0928020243298513,0.1226,0.987,-1.3026502562302786,-0.12186325657704111,-2.0589944733063548,0.1182
1787415730.9392526,-1.1856110469188468,-0.0969358746919439,-3.0631183442194425,-1.3023989085486432,-0.11205954493525627,-2.890132123207142,0.1178,0.173,-1.3005059072507565,-0.10971300407411434,-2.9278186631161223,0.1156
1787415731.0060344,-1.1847408896226053,-0.09786874010316914,-2.9743741120936313,-1.300595290570286,-0.09861291692733817,-3.2940616422074496,0.1159,0.320,-1.3009491123344357,-0.0954138710286545,-3.3466856235088787,0.1162
1787415731.122044,-1.1832111735936393,-0.0995359154636996,-2.695179306257535,-1.2912960481424893,-0.10311071766294591,-3.0274389974726956,0.1081,0.332,-1.2892427079016788,-0.10424152539412787,-3.007321788132732,0.1061
1787415731.2312045,-1.1814572692878866,-0.1001527911252108,-2.6246372671216287,-1.285608618193854,-0.1088066370162366,-2.6053337678256283,0.1045,0.019,-1.2840897518051486,-0.1109302014682861,-2.5683021527108565,0.1032
1787415731.3342404,-1.1796181901129472,-0.10005355298364414,-2.7533714972155416,-1.281242132684581,-0.1090893931105344,-2.62278978374829,0.1020,0.131,-1.2840897518051486,-0.1109302014682861,-2.5683021527108565,0.1050
1787415731.4511716,-1.1779291092674984,-0.10011878305313032,-2.9738660728459325,-1.272527235765065,-0.10958763879396677,-2.5405788377983205,0.0951,0.433,-1.2701144823914825,-0.10951596890275317,-2.5392506202860465,0.0927
1787415731.5124938,-1.177019079469204,-0.10048968299047903,-2.9911159969369425,-1.2810799448181942,-0.1056601523266486,-2.804621675608317,0.1042,0.186,-1.2876464764341031,-0.10475775946404857,-2.826189705877382,0.1107
1787415731.6251123,-1.1751189754285118,-0.10214924931481474,-3.0642921680094175,-1.330612582147702,-0.0940386915959658,-3.733912809687413,0.1557,0.670,-1.3936718913314197,-0.08546826147778572,-4.126815888356608,0.2192
1787415731.7311518,-1.173792905889606,-0.10370409957450256,-2.9492325371344177,-1.3595504714570712,-0.09012823427465373,-3.880122376586541,0.1863,0.931,-1.3784156606955118,-0.08891433101246156,-3.961831484285602,0.2052
1787415731.8528464,-1.1727648237756045,-0.1042112721142352,-2.841019052913179,-1.377934268587197,-0.08357572455739182,-4.249667737660115,0.2062,1.409,-1.3807082585488462,-0.08357030496347433,-4.258855562202908,0.2090
1787415731.9181912,-1.1721448076060408,-0.10411109786656687,-2.8059491220409374,-1.365430141216716,-0.09281796464250264,-3.708292316192541,0.1936,0.902,-1.3486549953768436,-0.09707966410242261,-3.5735433673713106,0.1767
1787415732.0294619,-1.1710311521638987,-0.10351743749268363,-3.0559141332191087,-1.3104364700877629,-0.10293017000435578,-3.085578115083391,0.1394,0.030,-1.2805969010728406,-0.10477531712537091,-3.0076151302742367,0.1096
1787415732.1433058,-1.1699841650713716,-0.10330467305579796,-3.3266999997919138,-1.3021466662711232,-0.10464181358924225,-3.1169850615683594,0.1322,0.210,-1.2988512851637712,-0.10478669029598575,-3.1102296278466675,0.1289
1787415732.2025943,-1.1694118131649878,-0.10336246332107275,-3.333306625067163,-1.3361035783518163,-0.09625663534240061,-4.003380691565928,0.1668,0.670,-1.379115840258862,-0.0900820445551799,-4.250679712315794,0.2101
1787415732.309708,-1.1686115020914616,-0.10380068086537331,-3.464425364666554,-1.3520078625542926,-0.08975373991125446,-4.168138470168332,0.1839,0.704,-1.3594698086612527,-0.08860260074646124,-4.209840863585932,0.1915
1787415732.4253151,-1.16844554397169,-0.1034701405045517,-3.43349324573212,-1.3045551130799422,-0.09919479922209716,-3.5983523945068963,0.1362,0.165,-1.2815632081975603,-0.10173424916123863,-3.5085064477240864,0.1131
1787415732.4960074,-1.1683104251849363,-0.10300373823479349,-3.402995154726613,-1.2843978501310642,-0.10665556516209868,-3.5635358768215646,0.1161,0.161,-1.2726827462341053,-0.10738152024899603,-3.5501503358193522,0.1045
1787415732.6096432,-1.1674344939639156,-0.10103034529395483,-3.6522625210805217,-1.2763099747042868,-0.12407872920744678,-2.8817208908907257,0.1113,0.771,-1.2766472549887724,-0.12971600505075961,-2.7919973486945113,0.1129
1787415732.7170458,-1.1660158495921313,-0.09932778502027366,-3.9578564161933465,-1.2582605355768306,-0.11532907765300854,-3.5657239270807404,0.0936,0.392,-1.252293608015009,-0.11229678485839721,-3.6082169118565375,0.0872
1787415732.778692,-1.1649236552970317,-0.09895602882171653,-4.0102830300864865,-1.2311029396180135,-0.1049367952644136,-3.9682164452936863,0.0664,0.042,-1.2211399231409699,-0.1011813833695855,-4.0257684518532795,0.0563
1787415732.9155471,-1.1626604957713758,-0.09889683625415813,-4.066540459104711,-1.220072274561318,-0.09948506045131271,-4.1737194154995905,0.0574,0.107,-1.2187371661065844,-0.0979435043904807,-4.197164858716928,0.0561
1787415733.0338876,-1.1605729376280631,-0.09930255447998737,-3.7277233283603146,-1.2304550553992941,-0.09875343204861715,-4.232871414233477,0.0699,0.505,-1.2453756428830023,-0.09981224426063223,-4.226851764849765,0.0848
1787415733.0935798,-1.159535839560425,-0.09917153441381074,-3.7235820929555428,-1.2321304786046987,-0.10211766098689144,-3.9770352062045586,0.0727,0.253,-1.237184808602805,-0.10379499118043668,-3.9483562970174235,0.0778
1787415733.2096112,-1.157247235864307,-0.09814688981773272,-3.72992633200492,-1.2471855267893854,-0.10939403716106118,-3.503685281017326,0.0906,0.226,-1.2652641916243847,-0.11490397012363575,-3.394281700743006,0.1093
1787415733.3286774,-1.1555200757151303,-0.09710163327302686,-3.791814540676321,-1.2611009322604565,-0.1187312146692348,-3.2535938912981712,0.1078,0.538,-1.2740764282164239,-0.12287471555214925,-3.174256679467336,0.1213
1787415733.4522898,-1.1543231422395959,-0.09711438423623768,-3.8980001675786746,-1.263129189789678,-0.11827733593215901,-3.355844540295402,0.1108,0.542,-1.265009739379348,-0.11788181936499377,-3.3597497991192555,0.1126
1787415733.5140634,-1.1537427441388413,-0.0975577709237369,-4.004163334403094,-1.2584141060254537,-0.11153796375462105,-3.485009659030799,0.1056,0.519,-1.2608442102869517,-0.10999521403265379,-3.50513632909937,0.1078
1787415733.647371,-1.152716908886367,-0.09902485101727342,-3.9440159644233788,-1.2654559807620194,-0.10591070606769554,-3.8781192449771664,0.1129,0.066,-1.272174958881118,-0.10445353342879846,-3.9074412430518226,0.1196
1787415733.7041047,-1.1522929037875114,-0.09962897343297829,-3.732508408288305,-1.2509380217537907,-0.10559392977081661,-3.861126244582684,0.0988,0.129,-1.2426062365564687,-0.10477820619425504,-3.8766637929219874,0.0905
1787415733.8151126,-1.1507803091787925,-0.0999843202513555,-3.7095495528568905,-1.2433469015855227,-0.11659500486500701,-3.3048770859933905,0.0940,0.405,-1.2420002219882347,-0.11913497998039478,-3.2663496063278323,0.0932
1787415733.9326196,-1.1494198349023348,-0.09974447413644094,-3.7750655714253885,-1.2551702762403079,-0.12008457077920734,-3.3205213830825406,0.1077,0.455,-1.2649363927710524,-0.12203466352306314,-3.2795373491838395,0.1176
1787415734.0417728,-1.1477648360195294,-0.10003098826652011,-3.820008902815176,-1.2417155681632512,-0.1187656528727518,-3.3410533639809854,0.0958,0.479,-1.2364586967770477,-0.11760078944155218,-3.3609073397850007,0.0904
1787415734.0977452,-1.1468880672036026,-0.10048229090325478,-3.8759378540107776,-1.253363599689008,-0.11686904842560068,-3.5120897110117024,0.1077,0.364,-1.2691308032689783,-0.11720419082335345,-3.5081787404179963,0.1234
1787415734.2142088,-1.145224841324161,-0.10222421799877754,-3.947933617775511,-1.239986050716316,-0.10622563082154732,-3.7550988627638033,0.0948,0.193,-1.2347314885379461,-0.10384056295671512,-3.7918895626314577,0.0895
1787415734.330582,-1.1441144765216447,-0.10386116626021528,-3.786237354654289,-1.2374923069115527,-0.10350727688755713,-3.9009373689337346,0.0934,0.115,-1.236501589021101,-0.10250748734983389,-3.9171460959940267,0.0924
1787415734.439287,-1.1432569866148656,-0.10425827527002472,-3.6713333664566545,-1.2298198409166443,-0.11108161475491152,-3.693416175419952,0.0868,0.022,-1.2285958079552068,-0.11252402257323235,-3.6727035510808976,0.0857
1787415734.552933,-1.1421975547263066,-0.10381551835129474,-3.6757220619001094,-1.232852482618756,-0.11355818584082016,-3.592912840106745,0.0912,0.083,-1.2376467116357786,-0.11511577585710016,-3.56092802633943,0.0961
1787415734.6273034,-1.1417292007568616,-0.10345570880161435,-3.8141372113757863,-1.2241203914874135,-0.11520029045337483,-3.47100484523583,0.0832,0.343,-1.221206532349937,-0.11521368699256672,-3.4715701247883857,0.0803
1787415734.7403572,-1.1393361529188588,-0.10367193256411122,-4.4437292086756734,-1.241093534123816,-0.12390789168939616,-3.1074364231349882,0.1037,1.336,-1.2507831125151165,-0.12725808223782636,-3.0599489174726853,0.1139
1787415734.8008912,-1.1380898056636475,-0.10410726443719938,-4.755419301242179,-1.234125960380426,-0.11744069959463445,-3.7943432822869916,0.0970,0.961,-1.2434392424815635,-0.11965038096284572,-3.7579321221926545,0.1065
1787415734.9172683,-1.1357756860989843,-0.10560691495186225,-5.20116215970783,-1.2328039751475035,-0.11813627099793275,-3.8181232538856142,0.0978,1.383,-1.2188721793787214,-0.10573959829706164,-4.594160906854513,0.0831
1787415735.0285509,-1.134620221893226,-0.10609073541276817,-5.13224136983809,-1.2367503066659165,-0.11308790157815683,-5.2307036112788055,0.1024,0.098,-1.2487043240339255,-0.11505312635808199,-5.203788173756191,0.1144
1787415735.1318018,-1.1332050216405425,-0.10572582945621498,-5.044250647939965,-1.2417171962878915,-0.11777418191972032,-4.987515939221224,0.1092,0.057,-1.2455198529696727,-0.11951437846459129,-4.953690054578005,0.1132
1787415735.2468152,-1.1317128787279924,-0.10468632338706399,-5.140797648898048,-1.2681444368206627,-0.13368962849642982,-4.316159186847144,0.1395,0.825,-1.2993560221898386,-0.1470911602669204,-4.026096515607188,0.1729
1787415735.3051393,-1.1316816620673877,-0.10447978840000603,-5.155616316877625,-1.2974408266636004,-0.1429397953637617,-4.084366436766758,0.1702,1.071,-1.323180797824456,-0.1491843927603494,-3.9563003946155137,0.1966
1787415735.413526,-1.1315451826633047,-0.10469966736203137,-5.23392335910099,-1.2672015384537172,-0.12656028205607067,-4.701308626969049,0.1374,0.533,-1.245982433663391,-0.11961316873782982,-4.832091155132216,0.1154
1787415735.5231435,-1.1312701793911264,-0.10585801913899297,-5.108307621045248,-1.2702094705458729,-0.12789868020582604,-4.77726919967545,0.1407,0.331,-1.2386171175865963,-0.1161915250178409,-5.0177966619387115,0.1078
1787415735.644692,-1.1308336737287943,-0.10710233147535471,-4.830624409991925,-1.2491862370472104,-0.11904790780956363,-4.965149577168261,0.1190,0.135,-1.228588373991029,-0.10982861171137796,-5.225593694927822,0.0978
1787415735.705624,-1.130403396495784,-0.10732311069687644,-4.7870895582263016,-1.236054165996211,-0.11214914000167274,-5.19196799043577,0.1058,0.405,-1.228588373991029,-0.10982861171137796,-5.225593694927822,0.0982
1787415735.8173633,-1.1293550541178055,-0.10709191043549426,-4.755171433008147,-1.2046410532754184,-0.10886064948253876,-5.166478093806951,0.0753,0.411,-1.1942917674861286,-0.1076007477874159,-5.18677786432436,0.0649
1787415735.922226,-1.1284080348609826,-0.10643168678241559,-5.080920013513394,-1.169949795326532,-0.10042512731438227,-5.242543095429067,0.0420,0.162,-1.1561677284013427,-0.09778308001651063,-5.284242232718998,0.0291
1787415736.0308585,-1.126057806745117,-0.10681250077466531,-5.128453676343204,-1.174377753533094,-0.11249272345952614,-4.657353151566949,0.0487,0.471,-1.1825536778521077,-0.11702736034018102,-4.586139671858819,0.0574
1787415736.1455278,-1.1233865896350583,-0.10822036175989723,-4.990231249317876,-1.1881640885654483,-0.10886447533973576,-5.112307900713773,0.0648,0.122,-1.1973064039561705,-0.10893903426920318,-5.114393605911473,0.0739
1787415736.2084508,-1.122068923681785,-0.10919042548375657,-4.781224765053853,-1.1824275851395545,-0.10794088940736683,-5.179894342761861,0.0604,0.399,-1.207125706688022,-0.10720532829176485,-5.168257939748193,0.0851
1787415736.335952,-1.1197187311450643,-0.11051463289372551,-4.423554288384471,-1.191012072235312,-0.11139220937775139,-4.807607541845208,0.0713,0.384,-1.188963713888175,-0.11289436213109938,-4.784057080442969,0.0693
1787415736.4002042,-1.1185239800076827,-0.11065950234423327,-4.408516863965589,-1.1989296328663315,-0.11721912230880849,-4.386123755901968,0.0807,0.022,-1.2058769993074763,-0.11981660840865267,-4.343408283853484,0.0878
1787415736.517037,-1.1160228633940257,-0.11029668309649057,-4.528241578701265,-1.198295991143922,-0.12007828389321928,-4.240217845274424,0.0829,0.288,-1.1989444171494472,-0.12118982548163139,-4.222394236596573,0.0836
1787415736.633712,-1.1138319663456,-0.11001675495881598,-4.766788141446848,-1.2081880200670252,-0.12294168688045719,-4.175749613880467,0.0952,0.591,-1.215734329649212,-0.1244992448567137,-4.142999196583563,0.1029
1787415736.739277,-1.111684311397127,-0.11073145523066545,-4.861136159937295,-1.2045971784095053,-0.11690334497515888,-4.79265054480075,0.0931,0.068,-1.202213206192387,-0.11407805696127106,-4.841285313540896,0.0906
1787415736.8025205,-1.1106375969114861,-0.11145698574974584,-4.934725284434158,-1.2005326162667456,-0.10997175684252704,-5.0133508204763,0.0899,0.079,-1.198684703877979,-0.10850237499764673,-5.035535392966212,0.0881
1787415736.9210424,-1.1092789413244915,-0.11277398162886187,-4.875143317461651,-1.2103142925027905,-0.11178889043725611,-5.245988687236361,0.1010,0.371,-1.2163831580246671,-0.1125743242838092,-5.241055835401267,0.1071
1787415737.045602,-1.1083329813953793,-0.11296229312256706,-4.741947805746639,-1.213665158512235,-0.11663418813760822,-5.110811365312824,0.1054,0.369,-1.2162330167767643,-0.11838787024503675,-5.077199900108143,0.1080
1787415737.107328,-1.107746512069176,-0.11268902578065117,-4.709891594151427,-1.2131890765078999,-0.1236594317099284,-4.771433532071533,0.1060,0.062,-1.2134308446899804,-0.12591046576816253,-4.730301708088469,0.1065
1787415737.2285862,-1.1067215166676942,-0.1118619238402162,-4.9667739569117835,-1.2075311403575175,-0.1257485700262925,-4.491970353702035,0.1018,0.475,-1.2036613693211504,-0.12570642205716653,-4.49105155447403,0.0979
1787415737.3340263,-1.105411036898504,-0.11188020389161188,-4.993078523630725,-1.2072793868543643,-0.12735722018739204,-4.484308500728375,0.1030,0.509,-1.2074076731431864,-0.12249338669796318,-4.676082318563624,0.1025
1787415737.4445453,-1.1040086657794244,-0.11271052543614728,-4.951598252571283,-1.1994225296552967,-0.11538565737054306,-5.149381798286154,0.0955,0.198,-1.1946517508934473,-0.1126370511262015,-5.192604324965443,0.0906
1787415737.5103753,-1.1033690861066305,-0.11332773075535657,-4.802825446087507,-1.1949922460907396,-0.11409956475177098,-5.116124263320188,0.0916,0.313,-1.1932137062092292,-0.1138208498928576,-5.118770294485808,0.0898
1787415737.631553,-1.101975576746613,-0.11270839561053211,-4.734719602552934,-1.1963057018738823,-0.11462049200299566,-5.154547415506392,0.0943,0.420,-1.1980633111987975,-0.11499709040374916,-5.149927555524321,0.0961
1787415737.7450526,-1.100255831448045,-0.11105129219519728,-4.560320765298715,-1.1902673257624414,-0.11812094956200885,-4.955309844876615,0.0903,0.395,-1.1877854640219245,-0.1189098715591014,-4.9408829983021185,0.0879
1787415737.7991734,-1.099414942529215,-0.10992063135281342,-4.549379769733525,-1.1911249593502395,-0.1233923339809261,-4.694367913447217,0.0927,0.145,-1.1939809316662113,-0.1257604816594855,-4.650662852137931,0.0959
1787415737.916393,-1.097899231165037,-0.10808889984257258,-4.685557602185766,-1.1985791112276587,-0.12713796960888724,-4.340736876766659,0.1025,0.345,-1.1947892117541676,-0.1271256985987373,-4.342836591075826,0.0987
1787415738.026147,-1.0962832771439777,-0.10743690267183992,-4.761636483950798,-1.2133997077881018,-0.1154096502865077,-4.858312853048755,0.1174,0.097,-1.2293668699039964,-0.11212555029961067,-4.940553674549153,0.1332
1787415738.139379,-1.094642315236185,-0.10751519661266122,-4.6711718617626286,-1.1963644885010951,-0.11090707778585611,-4.834248950823904,0.1018,0.163,-1.1872509478381386,-0.10931886328927351,-4.856430201394756,0.0926
1787415738.2000742,-1.093938170542592,-0.10759890776026583,-4.444475128109058,-1.1871693724105423,-0.11598390034169974,-4.627673763184962,0.0936,0.183,-1.1833474586075223,-0.11700257973277715,-4.61359460342562,0.0899
1787415738.3162673,-1.09329131859199,-0.10716968413282804,-4.234573107886429,-1.1894598155760212,-0.11990100477810722,-4.416127685650119,0.0970,0.182,-1.1933442606993288,-0.1221479248066443,-4.374742994290732,0.1012
1787415738.4344444,-1.0923655875965883,-0.10573291476613654,-4.2088388664161425,-1.1956181604378517,-0.1275976990409925,-4.0528858722408225,0.1055,0.156,-1.2261901897951066,-0.12989640793227145,-3.9720855315525903,0.1360
1787415738.4927917,-1.0920344883065638,-0.10554460500252741,-4.229178709006216,-1.2099058479354603,-0.12816754755107634,-3.999152703437845,0.1200,0.230,-1.193415483197859,-0.12386667145477036,-3.9932904094350388,0.1030
1787415738.610904,-1.0914056930523803,-0.10561356314518418,-4.522956714986664,-1.192798109566895,-0.12174742568032514,-4.063544444451598,0.1027,0.459,-1.1865425063984638,-0.1199778238837527,-4.086748623806642,0.0962
1787415738.7330687,-1.0901036586743875,-0.1072537597298192,-4.656987900875808,-1.186255225326604,-0.1206923260070636,-4.095214080161714,0.0971,0.562,-1.182535221892039,-0.11980195268333615,-4.1138249812083085,0.0933
1787415738.8515882,-1.0888045258312637,-0.10959576291167537,-4.264924326177565,-1.1791908479790898,-0.11648757462012796,-4.562207437515825,0.0906,0.297,-1.176043744780016,-0.11481505768104744,-4.591438689356414,0.0874
1787415738.911071,-1.0880832353411765,-0.1102555910172057,-4.243297183923494,-1.1734940846504565,-0.12845398527956547,-3.9792661503507536,0.0873,0.264,-1.1736887509827836,-0.13106317232500755,-3.9366430145560702,0.0881
1787415739.022996,-1.086430486973183,-0.11089705568892991,-4.210235556251099,-1.1734231737303022,-0.13196281811397484,-3.73547508186808,0.0895,0.475,-1.175398832221036,-0.13293124727417452,-3.7169050329275737,0.0917
1787415739.1391916,-1.0847350247133063,-0.1108949474590718,-4.427542458291309,-1.1653600389127645,-0.1274411479730894,-3.905876066644696,0.0823,0.522,-1.162298876813797,-0.1257275701651707,-3.9334062371513023,0.0790
1787415739.1989145,-1.083973288776444,-0.1109653420438348,-4.4409235888798815,-1.1613702565172834,-0.12822200729032193,-3.8638737486936523,0.0793,0.577,-1.149987517809446,-0.12241001946866202,-4.2989630548566655,0.0670
1787415739.3204596,-1.0823555489424461,-0.11180626270522392,-4.520252314382473,-1.1358187357340839,-0.1358089567220459,-3.43834501084303,0.0586,1.082,-1.1259185605076643,-0.13918181456561002,-3.3885920484797825,0.0515
1787415739.4271336,-1.0806953257152578,-0.11348288611385182,-4.43607372616476,-1.1275013020456721,-0.13804242794072405,-3.3551361612367674,0.0529,1.081,-1.1469354012014628,-0.11404746586090451,-4.531856980463595,0.0662
1787415739.5481603,-1.0792503099671487,-0.11497592795179648,-4.219648756877929,-1.1420829053113968,-0.11707013038768976,-4.484909182621875,0.0629,0.265,-1.1115092816376684,-0.1355391901551338,-3.6599608549022045,0.0383
1787415739.6099777,-1.0784507879432357,-0.11529150135010686,-4.180478135257033,-1.1447191880743768,-0.12162701177833864,-4.219029458630484,0.0666,0.039,-1.1607625263801629,-0.1204738834983338,-4.233863190021892,0.0825
1787415739.7437477,-1.076683091397705,-0.1152495524306404,-4.199393422778275,-1.151516527730289,-0.12215290420386794,-4.141357300973237,0.0752,0.058,-1.1574566043024717,-0.12319966214362092,-4.121469512024726,0.0812
1787415739.8178842,-1.0758803699291968,-0.11504538137463846,-4.393795729222402,-1.1620255243875155,-0.12764169665266423,-3.968257784443265,0.0871,0.426,-1.1562919400622658,-0.12394050387170169,-4.040204443256047,0.0809
1787415739.9462585,-1.074303941722496,-0.11534905476908276,-4.966205354192993,-1.1583521445189717,-0.12539200126963798,-4.030385074123793,0.0846,0.936,-1.158318061585272,-0.1254356641695173,-4.030023972426303,0.0846
1787415740.013783,-1.073309542478041,-0.11646604932273914,-4.939543074931731,-1.151847470309374,-0.12026778147180277,-4.387607312958908,0.0786,0.552,-1.1476397525098785,-0.11821543437017391,-4.421268054294584,0.0744
1787415740.1444352,-1.071806715366891,-0.11868823085594808,-4.779916645395654,-1.161947377380123,-0.11870554474517862,-5.041054960111943,0.0901,0.261,-1.1682614018968631,-0.11853388943055612,-5.052600810684935,0.0965
1787415740.2064834,-1.0712172201531285,-0.11943891490075748,-4.641669810963631,-1.1611281155293007,-0.12099571198008884,-4.888845785256778,0.0899,0.247,-1.160834916760029,-0.12187027232449775,-4.8746001578414075,0.0897
1787415740.3187764,-1.0698247511402526,-0.1197989778321991,-4.3880029069677455,-1.165619657383269,-0.12674340872360884,-4.6354903987282485,0.0960,0.247,-1.169241942751099,-0.12883000688613505,-4.597745575105102,0.0998
1787415740.4382548,-1.068507958528009,-0.11920793752305482,-4.496559680446352,-1.1711101171560345,-0.1298380642773121,-4.570667967572124,0.1032,0.074,-1.1744581618904253,-0.13098945284223265,-4.549405705032737,0.1066
1787415740.5141373,-1.0679523114800795,-0.11899081580172098,-4.708671813649432,-1.1749031919566848,-0.13182839669284754,-4.252424356835317,0.1077,0.456,-1.1766804072054557,-0.13266968711694974,-4.234372170226406,0.1096
1787415740.628444,-1.0664416535045267,-0.11979009225747246,-4.700524185243008,-1.161944496245297,-0.1209672591968272,-4.706187785429479,0.0955,0.006,-1.1611165713952507,-0.11866208367268828,-4.744236774243834,0.0947
1787415740.7356207,-1.065162552997402,-0.12087250038850159,-4.620341118316423,-1.152696541865854,-0.11421074802844955,-5.0769049593248186,0.0878,0.457,-1.1468448177308754,-0.1120406386563981,-5.108595496091671,0.0822
1787415740.797421,-1.0647357763158043,-0.12106323319696329,-4.423519333408234,-1.1418275157643984,-0.11473043349210764,-4.974596915205399,0.0774,0.551,-1.1368465687833524,-0.1147868306884597,-4.969567219659105,0.0724
1787415740.934377,-1.0636378326689042,-0.12089730071149159,-3.9664681900718044,-1.1476074360040438,-0.11908087242349549,-4.867083414665651,0.0840,0.901,-1.1528258780933953,-0.12096279748573117,-4.840597426381976,0.0892
1787415741.0473747,-1.0623185223867326,-0.11973539227482621,-3.6638711740471814,-1.1493239601744647,-0.12521677006936657,-4.510213437533694,0.0872,0.846,-1.1516344527130902,-0.12710325359813499,-4.47932397212669,0.0896
1787415741.102423,-1.0617627449875435,-0.11908096720822693,-3.6791513014257666,-1.1485341871989956,-0.12849398095367293,-3.7077316927338764,0.0873,0.029,-1.1492805093243752,-0.12981058428569683,-3.682272934968806,0.0882
1787415741.2212188,-1.0603678446550027,-0.11876490131992386,-3.7223805553783498,-1.1419453823219265,-0.12716726402098857,-3.684071410737458,0.0820,0.038,-1.1389877406084083,-0.12637890601692053,-3.6965022040143376,0.0790
1787415741.338944,-1.0588545682356332,-0.11932388130457387,-3.7078889643485864,-1.15469282365975,-0.1264526771088604,-3.7033253277890505,0.0961,0.005,-1.1671994359060385,-0.12721828948722252,-3.7031972345987585,0.1086
1787415741.4027107,-1.0581503019324077,-0.11982467391744836,-3.572209370096507,-1.1454962753283475,-0.12407213670327612,-3.718882447774598,0.0874,0.147,-1.1286048424322837,-0.12040257309581194,-3.81044772047457,0.0705
1787415741.521773,-1.0567384484192375,-0.12039952832158317,-3.297747381682702,-1.1278719015921226,-0.1215978583422614,-3.7923681102594933,0.0711,0.495,-1.1253541179503856,-0.12133190255579643,-3.796929542741038,0.0686
1787415741.6353617,-1.0549072437357299,-0.11985094698110514,-3.3132318599922908,-1.137239968375102,-0.13140930724963754,-3.093696066381275,0.0831,0.220,-1.14518252985628,-0.1353068471289263,-3.0293743974010927,0.0916
1787415741.7509418,-1.0530716906719169,-0.11855393048003353,-3.6811739947376068,-1.126399933818426,-0.1317341666929979,-3.0637198924537317,0.0745,0.617,-1.1202598736868565,-0.13081426132982782,-3.0807833454439897,0.0683
1787415741.8046951,-1.0522164598419959,-0.11814915839317562,-3.702787182523156,-1.1308280906782737,-0.1286249064396341,-3.3966329169221674,0.0793,0.306,-1.1343123004939213,-0.12792777007051695,-3.4109732694412846,0.0827
1787415741.923188,-1.0503917872007105,-0.11802204766306641,-3.770349039917291,-1.1235746846634465,-0.1193875013999293,-3.8017640693278185,0.0732,0.031,-1.120592380892636,-0.11707709278977155,-3.8382709420290664,0.0702
1787415742.0426908,-1.048546892065942,-0.11868647461498401,-3.6406345473975326,-1.121499816252946,-0.11651105751998438,-3.9143115392667442,0.0730,0.274,-1.1216809181946603,-0.11608945694896013,-3.9212647327186696,0.0732
1787415742.100068,-1.0477412684701628,-0.11898922695595525,-3.3866941457126574,-1.1183437349127232,-0.11504596406148944,-3.902292746195293,0.0707,0.516,-1.1236108233586213,-0.12601099450543599,-3.6187064543131835,0.0762
1787415742.2231777,-1.0459063719571005,-0.11884727110404324,-3.3630363619767656,-1.1216723198808112,-0.12433713840942845,-3.644415191591657,0.0760,0.281,-1.1236108233586213,-0.12601099450543599,-3.6187064543131835,0.0780
1787415742.3403835,-1.0438834816020268,-0.11775934374868746,-3.390838502121991,-1.138573053916741,-0.13506108743373804,-3.0998434946571414,0.0963,0.291,-1.1492474118387803,-0.13888342010483212,-3.0270069214132156,0.1075
1787415742.403283,-1.0429596413991136,-0.11709201383339093,-3.5713139341996287,-1.1389041899368324,-0.13732617235840713,-2.9733164362763556,0.0981,0.598,-1.117255770997531,-0.1331810187458944,-3.087541464442241,0.0760
1787415742.5350568,-1.0411805580111098,-0.11659051459449746,-3.620327538333037,-1.125026358335351,-0.13505943620345479,-3.0559177428112188,0.0859,0.564,-1.117255770997531,-0.1331810187458944,-3.087541464442241,0.0779
1787415742.6047509,-1.0402260855461745,-0.11671155500200121,-3.638560956264701,-1.1453104724262855,-0.12442777873340742,-3.7388842373436373,0.1054,0.100,-1.1607318778050855,-0.12306592607191243,-3.7883317937672225,0.1207
1787415742.7181349,-1.0384430495764203,-0.11744350917320281,-3.369284650200202,-1.1258681910016914,-0.12120219907964751,-3.682146473101542,0.0875,0.313,-1.1175753748678563,-0.11984504376548304,-3.70335451746055,0.0792
1787415742.8279972,-1.0366886838124445,-0.11760392028624589,-3.093572052117197,-1.1227254795064248,-0.12723082747690231,-3.4254094114228186,0.0866,0.332,-1.1224081601862494,-0.1285938210725352,-3.4040235427301724,0.0864
1787415742.9353068,-1.0347268554065927,-0.11651172848283764,-3.0578106928485385,-1.1388391925625265,-0.1387269824026615,-2.5864839221161366,0.1065,0.471,-1.149555115734779,-0.14307296318060245,-2.5015320390352334,0.1179
1787415743.0468044,-1.03292138658236,-0.11480390209709147,-3.3712176516965666,-1.1399133608115173,-0.14078499278568762,-2.488076096156003,0.1101,0.883,-1.1449883646245578,-0.13719673193271886,-2.694147189183724,0.1143
1787415743.1077676,-1.0320775587593136,-0.11433495596300788,-3.3923767604777995,-1.1355020561716633,-0.13540703087460249,-2.836046659069468,0.1055,0.556,-1.1293361756522735,-0.13356861139342968,-2.872417256128262,0.0991
1787415743.2294347,-1.0302540815559507,-0.11411673559717622,-3.467305235735269,-1.1390007490594465,-0.1286721751657442,-3.254634307979297,0.1097,0.213,-1.1399912113227129,-0.12700957647983135,-3.285960799709313,0.1105
1787415743.3348901,-1.0284302667354084,-0.11467977630709444,-3.3432908701456396,-1.125295608340997,-0.12647649568555575,-3.3146046868937677,0.0976,0.029,-1.1160414962977634,-0.12468167212996575,-3.353210119161197,0.0882
1787415743.3977885,-1.0281722444049677,-0.11486684214227477,-3.2579928553035002,-1.117929819988842,-0.1257699485266841,-3.381854865478592,0.0904,0.124,-1.1147434114667751,-0.1253075354562014,-3.389080600968825,0.0872
1787415743.526555,-1.027509279740343,-0.1145587642292166,-2.9908581621430588,-1.1384553567544904,-0.1291937749373314,-3.295300200164966,0.1119,0.304,-1.1577914956382889,-0.1410425024940846,-2.868127613382019,0.1329
1787415743.6430717,-1.026662858429582,-0.11331686261727478,-2.880141786265058,-1.1487161310987304,-0.13738662028809845,-2.930030922842457,0.1244,0.050,-1.1635267347430442,-0.13984659724748522,-2.842962114659777,0.1394
1787415743.6955314,-1.0263285694040503,-0.11261733438117352,-2.977598726668118,-1.1578692515566533,-0.13904546391446237,-2.8509639310011443,0.1342,0.127,-1.1446862935640258,-0.1378740803529977,-2.5232346443415516,0.1210
1787415743.8159258,-1.025124408293364,-0.11217783535450422,-3.023817542702033,-1.1344646394579014,-0.13595773772674422,-2.364975740309682,0.1119,0.659,-1.1237717737417605,-0.13359687635214704,-2.4128361088507093,0.1009
1787415743.9321172,-1.0237906188488426,-0.11262386431471617,-3.0093292783714043,-1.1187844946468917,-0.1272497755494385,-2.791444295198999,0.0961,0.218,-1.1107651731120591,-0.12415204528260339,-2.8433863975333926,0.0877
1787415744.0522342,-1.0226262243263504,-0.11344283632235598,-2.6271355523675366,-1.1118641715419895,-0.1277058624005462,-2.772524431778172,0.0904,0.145,-1.1101296057909351,-0.12766332228793317,-2.774089791489519,0.0887
1787415744.1106086,-1.021926953814267,-0.11353098530465318,-2.615352220461394,-1.1086083207168147,-0.12713648461721908,-2.7363633312961717,0.0877,0.121,-1.0954912987354402,-0.12730904672830387,-2.6631432481185353,0.0748
1787415744.2368298,-1.0203114142215362,-0.11291236276325271,-2.707995208727451,-1.0366099962234478,-0.1030672265160531,-3.332229134951272,0.0190,0.624,-1.0058266312283928,-0.09493363383996825,-3.4782200401088725,0.0231
1787415744.2993305,-1.0194864690870322,-0.11225762973869462,-2.925622842031111,-1.0795940449358987,-0.1264106224088536,-2.413182828591759,0.0618,0.512,-1.1221705378424813,-0.13843484056690994,-2.253484498441785,0.1060
1787415744.4086251,-1.0179743175838192,-0.1112906376182884,-3.2824231028828668,-1.0882454470483245,-0.1323241944693719,-2.3805311010975103,0.0734,0.902,-1.0947397349519101,-0.13432453913366013,-2.3479916048719436,0.0801
1787415744.5228755,-1.016298376586239,-0.11128256327022411,-3.3092233329990233,-1.092105285555607,-0.12527027524840062,-3.0408630800193124,0.0771,0.268,-1.0947586159176326,-0.12382406764295255,-3.065071269385708,0.0795
1787415744.6358988,-1.0145707939386837,-0.11210590838782383,-3.042947027961255,-1.0934566216796577,-0.11929029499121872,-3.312427236833848,0.0792,0.269,-1.0955112962160447,-0.1183452720110085,-3.3306724545008706,0.0812
1787415744.6967313,-1.0138149934114906,-0.11248336481914613,-2.731639503064212,-1.079857835176666,-0.12611693110329397,-2.8069143019765828,0.0674,0.075,-1.0754969851511118,-0.1274336640033265,-2.7873508300227257,0.0635
1787415744.8152025,-1.0120663985725835,-0.1123946758571524,-2.713649452995615,-1.1004360545884855,-0.1327334411606862,-2.4975905137837597,0.0907,0.216,-1.1148367328714712,-0.13568680236209993,-2.461393019774448,0.1054
1787415744.940009,-1.0099937425249175,-0.11117508352409766,-2.9894471850123763,-1.1029894761717123,-0.13381063258704937,-2.4127044237297106,0.0957,0.577,-1.105003358327668,-0.13420518962900507,-2.407252647729682,0.0978
1787415745.0021808,-1.008785666945518,-0.11100794854773578,-3.0916508756812875,-1.0985562279482757,-0.1378119368779439,-2.1314297073193536,0.0937,0.960,-1.096582698473955,-0.13841696489190708,-2.1231547866309772,0.0920
1787415745.1179533,-1.0063498045955552,-0.11143246959446404,-3.462417186900734,-1.091052798481223,-0.1370750853933135,-2.292336489605616,0.0885,1.170,-1.0877679487098202,-0.13606154022027536,-2.3108305912820724,0.0851
1787415745.237975,-1.0039779993514775,-0.1128772732910709,-3.869512465556475,-1.0837396352770734,-0.12734844947863683,-2.837990753463346,0.0811,1.032,-1.0856403303576365,-0.12279963033410315,-3.084230262069274,0.0823
1787415745.3006687,-1.0028744074126397,-0.11380626174419958,-3.918959596526029,-1.0956767006510983,-0.12230643468860812,-3.512958198034033,0.0932,0.406,-1.1044554293439441,-0.1228909133948047,-3.5009840596879576,0.1020
1787415745.412594,-1.0009350869948013,-0.1147600937191498,-3.847526105327297,-1.1075934847738986,-0.1262193329018431,-3.764187390325621,0.1073,0.083,-1.1163540941492547,-0.12831909974227215,-3.728390433866335,0.1162
1787415745.5528512,-0.9976113883615266,-0.11461432491330016,-3.8189946057568376,-1.1096860036938545,-0.12577502735168353,-3.8390621914331806,0.1126,0.020,-1.1163540941492547,-0.12831909974227215,-3.728390433866335,0.1195
1787415745.6349852,-0.9960995465935133,-0.11417785633939076,-4.04371247087787,-1.1112884147197968,-0.1254344390382064,-3.8947153332857747,0.1157,0.149,-1.1536081439630395,-0.1553165521094504,-2.8032079654194946,0.1628
1787415745.7401223,-0.9951960104008022,-0.1142778490592447,-4.325630554109338,-1.1558689481620372,-0.16014982699363392,-2.441169574938557,0.1671,1.884,-1.1645337615299571,-0.1648620144979056,-2.3206922762313704,0.1767
1787415745.7987683,-0.9946963160913594,-0.11466566601444153,-4.469421128345761,-1.169899729901298,-0.1491555679110958,-3.2408630577630246,0.1786,1.229,-1.1809161224847717,-0.14033747117546985,-3.556671186857093,0.1880
1787415745.9175909,-0.9937476564475378,-0.11617290375472115,-4.749065618091792,-1.1641025750559024,-0.15333908112180064,-2.7422096525982593,0.1744,2.007,-1.1567751310864358,-0.1529677850144574,-2.743875669496518,0.1671
1787415746.0225165,-0.993522594906703,-0.11722525625057095,-4.6873913040372495,-1.1681053548226012,-0.14401614076446717,-4.105340690904331,0.1766,0.582,-1.169299414521591,-0.13429793118212718,-4.454338035172769,0.1766
1787415746.1237576,-0.9935607771020334,-0.11709917036678111,-4.670574299184744,-1.1329512028700495,-0.12916573433759376,-4.713309917398244,0.1399,0.043,-1.1091147927456042,-0.12256589667653489,-4.84635711239481,0.1157
1787415746.2372098,-0.9934809651070714,-0.11629947824413277,-4.828282582382406,-1.1103729312375628,-0.12871006151379089,-4.767268493619283,0.1175,0.061,-1.101056208350519,-0.12763692092415388,-4.787502073326351,0.1082
1787415746.346361,-0.9930186764681216,-0.1159048404717856,-4.922211665635254,-1.0967591080253587,-0.1312045143795932,-4.439532288772926,0.1049,0.483,-1.0912545307765935,-0.13146521640799788,-4.433496206234125,0.0995
1787415746.406677,-0.9927559665616834,-0.11601209825116193,-5.0038743597264785,-1.0999311721172642,-0.13294858108777782,-4.522281556375968,0.1085,0.482,-1.1048100847446576,-0.13403820785792048,-4.506539730675264,0.1135
1787415746.5225036,-0.9921646905551541,-0.11690483655682131,-5.09955360150027,-1.077292520242179,-0.12774844847350886,-4.6082865092792025,0.0858,0.491,-1.0683296365258212,-0.1257458962299741,-4.640672313523505,0.0767
1787415746.6349368,-0.9917703168510632,-0.1181255776391839,-4.822699601774935,-1.0656708240507886,-0.1259239168285336,-4.728349856219668,0.0743,0.094,-1.0485971356342982,-0.11126936908875498,-5.3781999334335895,0.0572
1787415746.735586,-0.9906955259792458,-0.11837719370245756,-4.791091220735431,-1.052610497911457,-0.11415287555697139,-5.336176407704865,0.0621,0.545,-1.0485971356342982,-0.11126936908875498,-5.3781999334335895,0.0583
1787415746.7895265,-0.9900549741181233,-0.11818961862945992,-4.786760567749665,-1.0400739038790214,-0.11620817308755041,-5.213205140325216,0.0501,0.426,-1.0397917814203514,-0.1169935537180792,-5.2013719399682135,0.0498
1787415746.9303145,-0.98876738471157,-0.11737017386856449,-4.990292089904452,-1.055731380146196,-0.12302210057798685,-4.9614386826502965,0.0672,0.029,-1.0395729776444946,-0.12867804628015264,-4.692936097193004,0.0520
1787415747.049388,-0.9863190382557585,-0.11730185083640518,-5.053657847146415,-1.0592939495303924,-0.13955010160908957,-4.291619799407079,0.0763,0.762,-1.075419165924228,-0.14507915742187355,-4.201893466565864,0.0933
1787415747.1044393,-0.9850478918101058,-0.11762835163795864,-5.085020389115159,-1.0514901416303406,-0.13465630018087696,-4.526955704736002,0.0686,0.558,-1.04823193671229,-0.1328811090351308,-4.551544991860715,0.0650
1787415747.2389565,-0.9825259887433577,-0.11880077478931027,-4.965863468358616,-1.0435680910191403,-0.12484210227814982,-4.981830739164297,0.0613,0.016,-1.041025053663651,-0.12228634411123913,-5.021066432176548,0.0586
1787415747.3351667,-0.9786674634099242,-0.11954926018639778,-4.9134347910690455,-1.0370042195554305,-0.12390639178309852,-5.073613748774505,0.0585,0.160,-1.041025053663651,-0.12228634411123913,-5.021066432176548,0.0624
1787415747.431256,-0.9746710556057852,-0.1193627101083791,-4.76482083131264,-1.044099126411411,-0.12172546741690848,-5.151277953921753,0.0695,0.386,-1.0464479422238897,-0.12185366231244148,-5.148839707581005,0.0718
1787415747.5471058,-0.9706856071191289,-0.11845388280537883,-4.782159696587728,-1.0409023840926817,-0.12453248183209585,-4.934580834609855,0.0705,0.152,-1.0416125519665107,-0.12537959583381025,-4.920439542608816,0.0713
1787415747.6015234,-0.9693921937200272,-0.11827003632042507,-4.791644767972898,-1.0532839292012701,-0.13093769299851457,-4.74067623269667,0.0848,0.051,-1.0637905826987342,-0.1343534383947498,-4.673672627690175,0.0958
1787415747.7122326,-0.9667589406783779,-0.11853930794465548,-4.898543599336496,-1.0925673714135793,-0.1495483323148715,-4.05901515568688,0.1296,0.840,-1.1643356827432474,-0.1433146708531985,-4.579737443276254,0.1991
1787415747.8228748,-0.9640321935276347,-0.11963310713182457,-4.919867501758663,-1.1301322376782743,-0.14558095221926715,-4.390421020039778,0.1681,0.529,-1.1643356827432474,-0.1433146708531985,-4.579737443276254,0.2017
1787415747.9315143,-0.9619636601005799,-0.120641783402293,-4.8077479425802885,-1.1508106383053183,-0.1443778959346735,-4.428204441097773,0.1903,0.380,-1.155490155096412,-0.1441813157366203,-4.390421020039779,0.1950
1787415748.036362,-0.9602595770735439,-0.12064465948949123,-4.7394720036108335,-1.1775936482759162,-0.15069618988493957,-4.4351032936562165,0.2194,0.304,-1.180676231161792,-0.15275819311732589,-4.428204441097773,0.2227
1787415748.1498318,-0.9583164258942473,-0.1198209137604457,-4.756959594852656,-1.1958750309354222,-0.15435396839866092,-4.440261621291885,0.2401,0.317,-1.2064627236373209,-0.15812821640952857,-4.435103293656217,0.2511
1787415748.2521544,-0.9570313804101674,-0.11899414912834212,-4.903650406527847,-1.2126441679273894,-0.15580481937695156,-4.457874851955227,0.2582,0.446,-1.2086411840152447,-0.15253865071600248,-4.440261621291885,0.2538
1787415748.3396692,-0.9562180260256188,-0.11905723012797526,-4.9491900721628665,-1.226941750061179,-0.15819519705868948,-4.469356252577744,0.2735,0.480,-1.2086411840152447,-0.15253865071600248,-4.440261621291885,0.2546
1787415748.4411542,-0.9553173104548457,-0.11981633618275121,-4.940704239228459,-1.2194540597016268,-0.15664159394191993,-4.474259949623069,0.2667,0.466,-1.196180018681383,-0.15560006191805978,-4.474259949623069,0.2435
1787415748.5301836,-0.955153090738614,-0.12061604218275021,-4.8392862564664245,-1.2013654210860045,-0.1552007734365647,-4.484048522018411,0.2486,0.355,-1.1858719721612383,-0.15289078499533412,-4.474259949623069,0.2330
1787415748.6268508,-0.9556710957218002,-0.12066070062121965,-4.6686462078750095,-1.1947748105550997,-0.15440852473885788,-4.4906062352903415,0.2415,0.178,-1.1833361167671563,-0.15188905938347477,-4.48404852201841,0.2298
1787415748.7226448,-0.9559350021686146,-0.1198943103010639,-4.472705153368707,-1.185399807537782,-0.15392440326721896,-4.495218227205618,0.2320,0.023,-1.1724087015350018,-0.15407091660147026,-4.4906062352903415,0.2192
1787415748.8183115,-0.9560993388401665,-0.11833531454986075,-4.323213738539147,-1.1923112848491528,-0.15555403967367248,-4.511611673440479,0.2391,0.188,-1.1692323137348972,-0.1436737741769777,-4.511611673440479,0.2146
1787415748.91118,-0.9559318928927677,-0.11721700633724316,-4.409477176982588,-1.176725301333221,-0.15179177895704005,-4.511785985440324,0.2235,0.102,-1.118215724679455,-0.3263323159457158,4.7133595417797975,0.2647
1787415749.0239363,-0.95514896407359,-0.11725668419390195,-4.480148596059167,-1.1164876866884121,-0.33067368572662653,4.997657178103853,0.2675,9.478,-1.1108410987091821,-0.3278298212912881,4.95351551863013,0.2619
1787415749.1359646,-0.9543001882919945,-0.11808077673927654,-4.429868152477478,-1.1110850282772913,-0.32507368915206325,4.7829797150773725,0.2597,9.213,-1.106918490036059,-0.3182757344825458,4.645605672832598,0.2517
1787415749.2518725,-0.9536791456587472,-0.11900352576347284,-3.9743031778375864,-1.104755448374321,-0.3182880231135285,4.674432323167747,0.2501,8.649,-1.0997008600023754,-0.3116947182597101,4.544293919692649,0.2418
1787415749.3126159,-0.952999309609223,-0.11905674259910283,-3.968252248788281,-1.097155829223106,-0.31185118473454915,4.853170032218275,0.2407,8.821,-1.0256231500611368,-0.4598376033265329,13.204731960259235,0.3484
1787415749.4404624,-0.9514430609809921,-0.11839696716243775,-4.016307158479576,-1.0361544097657172,-0.42289783158370275,12.328348162369789,0.3161,16.345,-1.003763480843998,-0.46341191256870923,13.403441865451397,0.3490
1787415749.5060253,-0.9506875017856133,-0.11783933319209665,-4.169113574626069,-0.9985880544677246,-0.46735987379649896,13.528035741712415,0.3528,17.697,-1.0014901841616684,-0.46409045637242047,13.43524934367067,0.3500
1787415749.6240003,-0.9503574066647463,-0.11734579831988765,-4.236528248670822,-0.9962921783505401,-0.47140454143665045,13.8640165181531,0.3570,18.101,-1.0028572433077074,-0.4690000030426736,13.76118396139305,0.3556
1787415749.7459912,-0.949910983332812,-0.11774146561111537,-4.2994824719335725,-0.9985230941026012,-0.47491150082350825,14.353812491345963,0.3605,18.653,-1.0072727329860953,-0.4737642115502429,14.261406868608988,0.3606
1787415749.8072183,-0.9497184235365959,-0.11821448636424006,-4.217325341017776,-0.9933755555346537,-0.47221303654751673,14.152621324540993,0.3567,18.370,-0.9959004185146666,-0.4672637323026497,14.024342790437077,0.3521
1787415749.918492,-0.9491448598175872,-0.11883939375654431,-3.985606281541361,-0.993061217325727,-0.46647561411481014,14.026681032377791,0.3504,18.012,-0.9970693608209491,-0.46207724579859416,13.900941828048023,0.3466
1787415750.0316496,-0.947935210783052,-0.11846055906839358,-4.024290896133062,-0.9813957052536922,-0.4599594091143688,13.886037712320901,0.3431,17.910,-0.9789292430108562,-0.4542130026840408,13.788237337724954,0.3372
1787415750.1492736,-0.9465819030354702,-0.11726963808816551,-4.371494817586283,-0.9664506762231558,-0.4722551482888564,14.604233401318725,0.3555,18.976,-0.9789292430108562,-0.4542130026840408,13.788237337724954,0.3385
1787415750.2091286,-0.9453940076553755,-0.11699242415416933,-4.467092658919903,-0.9447498514500201,-0.2867440937071887,-9.015738353933514,0.1698,4.549,-1.0084510194849896,-0.1213764000029214,-4.189215717172622,0.0632
1787415750.3358016,-0.9429282317547849,-0.11711613392465597,-4.711611463136292,-0.988823098823342,-0.13227662060903636,-4.384781217489211,0.0483,0.327,-1.0054463045471815,-0.13756834747877017,-3.6645870843923145,0.0658
1787415750.4142938,-0.9416477926355009,-0.11754379343279638,-4.7996875402649355,-1.0001758543372878,-0.1272095650891381,-4.112879680603546,0.0593,0.687,-1.0095869758073341,-0.1307943604537762,-4.068583424951331,0.0692
1787415750.5276723,-0.9393190506787897,-0.11864838195964002,-4.5880141292168775,-0.9991287967606595,-0.11667474067107769,-4.880773762038794,0.0598,0.293,-1.004545992104057,-0.12001921320342496,-4.831947566846689,0.0652
1787415750.6392033,-0.9370965765310174,-0.11863290491540675,-4.573941614178891,-0.988846061437208,-0.09170099541658976,-5.49103731348737,0.0583,0.917,-1.0118857676755193,-0.12176326662926028,-4.749825650454039,0.0749
1787415750.745607,-0.9347168108707236,-0.11744200914161614,-4.459257288991634,-0.9278002878612976,-0.1143099343146336,-4.819528079347126,0.0076,0.360,-0.8798033459128602,-0.11179708887173377,-4.81650020656111,0.0552
1787415750.798852,-0.9335918999126359,-0.11669395010677941,-4.545408307992329,-0.9089814861149456,-0.09520299441582107,-5.340476259602088,0.0327,0.795,-1.0315551067229383,-0.14229409360007853,-4.1324824004260226,0.1013
1787415750.9201477,-0.9316179805477109,-0.11599852949785322,-4.621492249062819,-1.0070145469329863,-0.15045130903978646,-3.297373147289902,0.0829,1.324,-1.0231455853324172,-0.1612218469013702,-3.105348330473589,0.1021
1787415751.0311332,-0.9295304858731418,-0.11615800685067516,-4.694509517965887,-1.0205183216551232,-0.13979575565662644,-4.012627787931188,0.0940,0.682,-1.0293001819845127,-0.13993773092968165,-4.005206015882961,0.1026
1787415751.152483,-0.9275744628160277,-0.11688227729484106,-4.444546736229794,-1.0267596821961078,-0.1321033936247957,-4.1845627904531195,0.1003,0.260,-1.026505415400232,-0.12612305466803875,-4.526865248172624,0.0994
1787415751.2055135,-0.9271299381085915,-0.11685971104790197,-4.440222736377031,-1.026715221318315,-0.12660007356868444,-4.514875804076119,0.1001,0.075,-1.026505415400232,-0.12612305466803875,-4.526865248172624,0.0998
1787415751.3099778,-0.9260188076680846,-0.11611858727443526,-4.4096957805000345,-1.0287195082199119,-0.1273153632618497,-4.66271408598801,0.1033,0.253,-1.03058467062957,-0.12955189500976724,-4.6209661787553,0.1054
1787415751.427425,-0.9247822239211961,-0.11467235276582553,-4.552143048309635,-1.055952113320558,-0.14292960902441793,-3.685688029830827,0.1342,0.866,-1.0797958058824066,-0.16246110320713816,-3.1857822283929242,0.1622
1787415751.494794,-0.9245543448894796,-0.11425517090247408,-4.571582839800264,-1.0697325983849268,-0.15585209557890836,-3.33002409867535,0.1510,1.242,-1.0807780709426125,-0.16276311138848534,-3.152102040942968,0.1636
1787415751.6268306,-0.9240616464492998,-0.11416807409934167,-4.733085487664193,-1.0776581556254539,-0.16034513846144863,-3.2057542625204225,0.1604,1.527,-1.082142993976035,-0.1614711862757267,-3.1176729017434086,0.1650
1787415751.7488797,-0.923497650838142,-0.11496637257148683,-4.756437349674002,-1.0797498533196375,-0.1620176880310338,-3.197501566840461,0.1632,1.559,-1.075357848733926,-0.16160274540650438,-3.211377528103051,0.1589
1787415751.8068125,-0.9233394640076856,-0.11543745356870859,-4.574326299977748,-1.0797873142466041,-0.15876245668156352,-3.4489459596347354,0.1623,1.125,-1.0765973343075805,-0.15745561558121904,-3.477923599514516,0.1589
1787415751.926304,-0.9226400984070184,-0.1155626574277468,-4.336050278765362,-1.0470217446777723,-0.1360461547087566,-4.216835430481966,0.1261,0.119,-1.025733301373814,-0.12831547305910868,-4.370167008397167,0.1039
1787415752.0501034,-0.9213166213230928,-0.11441020821858125,-4.551034044392294,-1.0403083419190853,-0.13476441011136653,-4.521431777138953,0.1207,0.030,-1.0341114847098152,-0.13730593635969932,-4.204181536231506,0.1151
1787415752.1032023,-0.9208434908470182,-0.11421304225005201,-4.5716143416776465,-1.0383739176294335,-0.13611075465253414,-4.039056031085861,0.1196,0.533,-1.041594896432536,-0.13751384009123413,-4.011154292216208,0.1230
1787415752.205282,-0.9198448419198068,-0.11425177484848618,-4.857170834835749,-1.0370497979621407,-0.13292941474164982,-4.209129161166145,0.1187,0.648,-1.041594896432536,-0.13751384009123413,-4.011154292216208,0.1240
1787415752.3199205,-0.9185676363101309,-0.11531450278519148,-4.983185318160339,-1.030884594333891,-0.1282754209517164,-4.530772715723321,0.1131,0.452,-1.0286616473425556,-0.12754213277301454,-4.5417902378771,0.1108
1787415752.4311094,-0.9172298319501359,-0.11714491576130025,-4.666229056344191,-1.0062844229489951,-0.12379511744399624,-4.555328572372947,0.0893,0.111,-0.9987806296362888,-0.12285136386556744,-4.5713438759542795,0.0818
1787415752.5283267,-0.915801344971304,-0.1182247634223253,-4.596705389044798,-0.9937666775987585,-0.12849804772556964,-4.793197960972031,0.0786,0.196,-0.9901742954730056,-0.12936115969024517,-4.783786065997939,0.0752
1787415752.6278722,-0.9141491608873494,-0.11856993230362674,-4.532416877458084,-0.9840655341445931,-0.1245855158093992,-5.063748421853432,0.0702,0.531,-0.9844704854915133,-0.13256258910444654,-4.426121893132197,0.0717
1787415752.7473896,-0.9124626539618141,-0.11830757698927087,-4.717989933791702,-0.9239663827307053,-0.11095497351137237,-5.3513833073732275,0.0137,0.633,-0.8940563448831688,-0.10306370886085675,-5.49650662386716,0.0239
1787415752.8051655,-0.9112379287964489,-0.11894449342645715,-4.916565798123503,-0.966688900621939,-0.12886060924027667,-4.476055848623997,0.0563,0.441,-1.0045805942530799,-0.13882330547396854,-4.343792727173788,0.0954
1787415752.9195306,-0.9087697233185195,-0.12084890359098736,-5.2625398956672536,-0.9785264909642126,-0.12977142700177344,-4.523711292489271,0.0703,0.739,-0.986324416778498,-0.13129635670175088,-4.497133762427626,0.0783
1787415753.0314968,-0.9064898128275702,-0.1237763551662305,-5.601931822115682,-0.9852977957224238,-0.1280363962432438,-4.8627955735479365,0.0789,0.739,-0.9900140541201992,-0.12837387104968234,-4.858892153381089,0.0837
1787415753.1345565,-0.9051645090671734,-0.1251490250594939,-5.816918581782587,-0.9870362755332079,-0.1254608043115535,-5.130421910451,0.0819,0.686,-0.9888608387596578,-0.12530365796192866,-5.134034173768003,0.0837
1787415753.2351959,-0.9036949328029688,-0.1255915425421542,-5.863199939140209,-0.9915498751329482,-0.12822531119631803,-5.860281163636265,0.0879,0.003,-0.9946338554936613,-0.1288049931198774,-5.858524811534828,0.0910
1787415753.340313,-0.9022427536089158,-0.12463315930732688,-5.973431237171055,-0.9900215866967804,-0.12718908666763412,-6.106516547905012,0.0878,0.133,-1.0015905127603817,-0.13589011674075863,-5.782590113388836,0.1000
1787415753.3997352,-0.9015762668005021,-0.12402663243600835,-6.16152242349656,-0.998961982024585,-0.13651084312559003,-5.7188888990384665,0.0982,0.443,-0.9996799257165974,-0.1372253802988331,-5.70287152475787,0.0990
1787415753.5461888,-0.900159939021497,-0.12378960348520217,-6.450687009646202,-0.9970178436626107,-0.13605638649437812,-5.811601418851026,0.0976,0.639,-0.9959134142377031,-0.13577651526609033,-5.815107800341223,0.0965
1787415753.6005042,-0.8993270292433034,-0.12437265288931006,-6.452774737466532,-0.9869506387489058,-0.1291967046445185,-6.029380388650142,0.0878,0.423,-0.9814939731009916,-0.1270864647036259,-6.062111584479338,0.0822
1787415753.716622,-0.8979344933433666,-0.1254352224947724,-6.373474650033336,-0.9823224702156753,-0.12051461403819923,-6.767126635821706,0.0845,0.394,-0.9802188023029459,-0.11837493616902356,-6.80499078613598,0.0826
1787415753.8095944,-0.8967753010685866,-0.12561267720486227,-6.045635832343142,-0.979405104757454,-0.1178461055887528,-7.046715801032423,0.0830,1.001,-0.9802188023029459,-0.11837493616902356,-6.80499078613598,0.0838
1787415753.9129684,-0.8953719419588386,-0.12503926640564839,-5.716605306166689,-0.9505161259905658,-0.14608669501537375,-5.278864202483438,0.0590,0.438,-0.9642510946518768,-0.15068748723287886,-5.189944104160496,0.0735
1787415754.026842,-0.8940650646162394,-0.12304025070900462,-5.641008245861844,-0.9453410007762545,-0.14804345803891547,-5.342214740411858,0.0570,0.299,-1.0050700062300482,-0.14760014049952516,-5.490212723168603,0.1137
1787415754.1301994,-0.8940675320561965,-0.12146041837246004,-5.880821639461322,-0.9743972420854029,-0.15524046177598821,-4.637263348612541,0.0871,1.244,-0.9677577669565118,-0.1570547025258742,-4.602595720135872,0.0818
1787415754.2392087,-0.8939890477844521,-0.12072178662096618,-6.15424245811779,-0.9729794875934332,-0.15869919455682577,-4.647452830149292,0.0876,1.507,-0.9774029808703073,-0.13258115036593204,-5.534078150280141,0.0843
1787415754.3037243,-0.893632961629645,-0.12114988780529044,-6.132660252957469,-0.977212484663546,-0.13561607271895287,-5.484238727212128,0.0848,0.648,-0.9390768673994665,-0.14308109672500816,-4.936816685503495,0.0505
1787415754.4179897,-0.8931220242682533,-0.12213223831652598,-5.755015758584142,-0.9504855513568814,-0.143008227485036,-4.942596758835065,0.0610,0.812,-0.9627743750729445,-0.12316087869860153,-5.988606601342211,0.0697
1787415754.5285583,-0.8920638178511817,-0.12217800264617905,-5.732235643823285,-0.9633745489912108,-0.13192733493173528,-5.9087454822171654,0.0720,0.177,-0.9675738679055249,-0.13405271958339968,-5.8720710417965245,0.0764
1787415754.6252434,-0.8904877938253026,-0.12118545312133466,-5.9846249525460165,-0.9616951914058305,-0.13110948899503605,-5.999168451455591,0.0719,0.015,-0.9675738679055249,-0.13405271958339968,-5.8720710417965245,0.0782
1787415754.7165794,-0.8886174439239983,-0.12107621861589492,-6.185224612173117,-0.9662060981648023,-0.1461615944944349,-5.232971925702575,0.0815,0.952,-0.9685779458643851,-0.1480894017983337,-5.199906295014433,0.0844
1787415754.8175788,-0.8860716082634302,-0.1218039228831677,-6.675321535702298,-0.9670550524995799,-0.14848922123493397,-5.235552775632557,0.0853,1.440,-0.9679362771685387,-0.14882658388298958,-5.230126127331853,0.0862
1787415754.9331622,-0.8836098676298372,-0.12343625756210276,-6.683293408515681,-0.9539781924132517,-0.14181708145854646,-5.4968882628641165,0.0727,1.186,-0.959072220886228,-0.14096793833537014,-5.488862185465449,0.0775
1787415755.0490828,-0.8813922151399718,-0.12561477952596412,-6.2972544463308076,-0.944227189389867,-0.12607219195705,-6.229623477176512,0.0628,0.068,-0.9388132857014416,-0.12243484109035069,-6.284431300069903,0.0575
1787415755.1033976,-0.8803934909523592,-0.12617926551206907,-6.27768055381301,-0.9471654202375148,-0.12510985317588313,-6.729162342806324,0.0668,0.451,-0.9497395772667911,-0.12527140370976375,-6.730037100613744,0.0694
1787415755.2155476,-0.8781574115023507,-0.1266381152155609,-6.241537394788386,-0.9474316714528556,-0.13072078445269067,-6.738220140332203,0.0694,0.497,-0.9490826158930943,-0.1321343748854385,-6.716459835433509,0.0711
1787415755.346687,-0.8758328652518966,-0.12640627445060035,-6.445305863479993,-0.9641134395034143,-0.13649421976407827,-6.558054267438583,0.0889,0.113,-0.9775228031922539,-0.13976731763206968,-6.518816170605001,0.1026
1787415755.4293637,-0.875280556084937,-0.126396767283654,-6.455851747288303,-0.9669596220851044,-0.14615696239180823,-5.926419234808903,0.0938,0.529,-0.9652023150696357,-0.14619565042426477,-5.937690966550555,0.0921
1787415755.5342522,-0.8740768230378356,-0.12724997355378986,-6.513042972300561,-0.9661214775926364,-0.14649803847826076,-5.932375982983948,0.0940,0.581,-0.9652023150696357,-0.14619565042426477,-5.937690966550555,0.0931
1787415755.6385877,-0.87290945085724,-0.12875042806886505,-6.371158319883873,-0.9683100169144493,-0.14530625791932725,-6.244890569551867,0.0968,0.126,-0.9683472566634822,-0.14490381786251022,-6.252013887162367,0.0968
1787415755.7532082,-0.8717912276295855,-0.12991622278052758,-6.119635089586089,-0.9623773562133359,-0.1376715152095875,-6.509006988631495,0.0909,0.389,-0.9585162873585547,-0.13536550764444805,-6.545701865418175,0.0869
1787415755.8090496,-0.8710631086360708,-0.13008705086202516,-6.092237543046354,-0.9537409844727398,-0.13405604083191863,-6.557825124828756,0.0828,0.466,-0.9501946470391985,-0.13310622684780982,-6.571983318512581,0.0792
1787415755.9275281,-0.8694173053245179,-0.12976396483775218,-6.133798082567991,-0.9522964843164741,-0.13728561581413373,-6.489245998049276,0.0832,0.355,-0.952396759739086,-0.13809090461206353,-6.475968545496637,0.0834
1787415756.045208,-0.8679421607778675,-0.1291912669100699,-6.572073408356363,-0.9497884717700134,-0.13678465679666915,-6.330009959141172,0.0822,0.242,-0.9491426131187044,-0.13680413736753605,-6.327543068376209,0.0816
1787415756.098261,-0.8671235909919517,-0.12929758885548223,-6.578026740681577,-0.9532509220725751,-0.14243558931771247,-5.965265260786111,0.0871,0.613,-0.9567560450240697,-0.14447206530530998,-5.925036338720802,0.0909
1787415756.2173798,-0.8654520036834173,-0.13029498168845688,-6.559815189874293,-0.9531414285675256,-0.14692721506181675,-5.877386328131247,0.0893,0.682,-0.9456404393446813,-0.13685045932940107,-6.660341831006052,0.0805
1787415756.3340688,-0.8643079685095453,-0.13130990968001835,-6.410894682564733,-0.9485970922179531,-0.13960102839834065,-6.6104845911193975,0.0847,0.200,-0.9385641790125696,-0.13264397333306563,-6.71447155721852,0.0743
1787415756.4484744,-0.8635668111442163,-0.13119185106298265,-6.22882720010758,-0.9413846526912948,-0.1338903065726126,-6.6958784851940765,0.0779,0.467,-0.9305649950115824,-0.13193594095834932,-6.691318873581104,0.0670
1787415756.5042908,-0.8630957330840738,-0.1306920842495314,-6.074449294597229,-0.9329987776019647,-0.13233598280693964,-6.685954343863783,0.0699,0.612,-0.9404506012836502,-0.13656329228514125,-6.539919085509359,0.0776
1787415756.6180737,-0.8619626128347991,-0.1289930490063927,-6.15280724219176,-0.9374830780513211,-0.13938319893181536,-6.37161918256076,0.0762,0.219,-0.9389427665749795,-0.1407118754185886,-6.348818220169694,0.0779
1787415756.7325518,-0.8596039277950959,-0.1283681680829038,-6.257529084045233,-0.9417388589538662,-0.1443335374825228,-6.214558542868194,0.0837,0.043,-0.9451728960153576,-0.14559106262338803,-6.196639513988924,0.0873
1787415756.8444045,-0.8571572300971081,-0.12867976051818356,-6.400265143636543,-0.9449803016358048,-0.14791466329347888,-5.94314931115193,0.0899,0.457,-0.9475163425330031,-0.14905187132752376,-5.924780048581348,0.0926
1787415756.9054961,-0.8559565547928264,-0.12920195773986926,-6.496625689023961,-0.9284135144224401,-0.14593573743852187,-5.865400187661678,0.0744,0.631,-0.9215744446072901,-0.14436832725127438,-5.890497235950178,0.0673
1787415757.0233557,-0.8542642938987566,-0.12991583325432293,-6.443921267401002,-0.9245964015477298,-0.13717781823572994,-6.246247962679235,0.0707,0.198,-0.9235396028603768,-0.13545785442254404,-6.274840766548238,0.0695
1787415757.137608,-0.8528765944723651,-0.12944945637474617,-6.360139601289619,-0.9546909922569626,-0.15325085210909153,-5.750320913301587,0.1046,0.610,-0.9875414618197348,-0.16743859338506234,-5.428413664611378,0.1399
1787415757.2404644,-0.851305799092886,-0.12820733570453804,-6.439052340908233,-0.956707479208624,-0.15527301840234237,-5.7325328198146455,0.1088,0.707,-0.9875414618197348,-0.16743859338506234,-5.428413664611378,0.1418
1787415757.303088,-0.8507176782515786,-0.12826741905021757,-6.453614751279659,-0.9887114137263588,-0.19169894930566478,-4.23914359661342,0.1519,2.214,-0.9937637847705612,-0.1711585856274501,-5.376908810360275,0.1493
1787415757.4127543,-0.8494289606127622,-0.1288849537057086,-6.58552182147487,-0.9959176337846131,-0.17730738822622133,-5.249359583226086,0.1543,1.336,-0.9928951200638867,-0.17668642576646415,-4.99693464729362,0.1512
1787415757.5288682,-0.848162386147356,-0.13047243582118156,-6.77442190090712,-0.9963633760728116,-0.1779038888896764,-4.9720328110784555,0.1556,1.802,-0.9514574926598584,-0.15390501494811332,-5.834695943202003,0.1059
1787415757.640671,-0.8471876914534877,-0.13264356029961263,-6.7120460399601605,-0.9713734730694266,-0.160663125235369,-5.6989499560654435,0.1273,1.013,-0.9721337761804011,-0.1605987218817268,-5.699493982780001,0.1280
1787415757.7052279,-0.8465192425337765,-0.13319981883789997,-6.692881626745326,-0.9452360497927018,-0.1461341090357833,-6.414116494903976,0.0996,0.279,-0.9338420592084593,-0.14194382926227012,-6.485443752869178,0.0878
1787415757.812783,-0.8449170761396017,-0.13358917501422837,-6.657340027620536,-0.9391005636045945,-0.14449846100586905,-6.67187938321729,0.0948,0.015,-0.9368901355795576,-0.14384294136694864,-6.687123066024564,0.0925
1787415757.9248366,-0.8432585548571502,-0.13332913700427573,-6.889056774788035,-0.9408360277469654,-0.15206096691883852,-6.447292623025356,0.0994,0.442,-0.9439216812522586,-0.15438514119945562,-6.4037017040437005,0.1028
1787415758.0399315,-0.8427840464235121,-0.13345265682124294,-6.938883082241321,-0.9528043882093992,-0.1557588371140229,-6.411084907369066,0.1123,0.528,-0.962776689527955,-0.15822286431595914,-6.373180717602805,0.1225
1787415758.1125076,-0.8425207857422679,-0.13385729587970144,-6.975846511351,-0.9401896351687135,-0.1549977874563485,-6.3006642170125735,0.0999,0.675,-0.9337358579951772,-0.15367991211566884,-6.326608784670101,0.0933
1787415758.234568,-0.8420096335082481,-0.13532650836926569,-6.876257373306645,-0.9318383774168398,-0.1511132826201885,-6.498072770666579,0.0912,0.378,-0.9289321561226422,-0.14989975456233834,-6.518703566543197,0.0881
1787415758.293322,-0.8418654376587974,-0.13608944001269574,-6.6531955297618595,-0.9240978036357828,-0.1461323888546071,-6.706632959031513,0.0828,0.053,-0.9212235245809143,-0.1447287356466221,-6.730255376485056,0.0798
1787415758.414226,-0.8407458415113624,-0.1366686830506702,-6.616249425313318,-0.9188413904733486,-0.13967634085566266,-6.954010628877392,0.0782,0.338,-0.9125459998128297,-0.1368810519088106,-7.03053764837696,0.0718
1787415758.521226,-0.8392289549453718,-0.13623091002041074,-6.705234149712139,-0.9087019757514524,-0.1451627906068455,-6.6247167239646165,0.0700,0.081,-0.9088481642714877,-0.14743815142620112,-6.586509593930022,0.0705
1787415758.6315374,-0.8373277163988597,-0.13576974997663585,-7.198922446807781,-0.9061575444089393,-0.1485169462159993,-6.545358777568514,0.0700,0.654,-0.9069669875617722,-0.1494132224269217,-6.531020515747838,0.0710
1787415758.7525318,-0.8348711472733545,-0.13626242665676674,-7.86424572508072,-0.8986096574426318,-0.14680058044758573,-6.672521889284958,0.0646,1.192,-0.8966024941330472,-0.1461427058752481,-6.681797242959807,0.0625
1787415758.8046105,-0.8336126678674074,-0.13685366647514627,-8.171139822640733,-0.8873743677869372,-0.13840170163147894,-7.0080251118113805,0.0538,1.163,-0.9308029222505075,-0.14782618959304497,-7.447347776658061,0.0978
1787415758.923782,-0.8314064455662925,-0.138424193347499,-8.533890040384454,-0.9127014698196618,-0.14450176789482735,-7.468617794086055,0.0815,1.065,-0.9308029222505075,-0.14782618959304497,-7.447347776658061,0.0998
1787415759.030827,-0.8293021377478677,-0.13889534312406013,-8.491697781598743,-0.9254353668671452,-0.15460951455369576,-8.10372443499062,0.0974,0.388,-0.9317383719708352,-0.156902684839953,-8.069088201714662,0.1040
1787415759.150557,-0.8268884583437225,-0.13850232215076919,-8.501619106910622,-0.9263378914162528,-0.15378678083151526,-8.379987399129957,0.1006,0.122,-0.926311162430921,-0.15344988314364527,-8.386419714917919,0.1005
1787415759.2044985,-0.8256803368740604,-0.1380604219967967,-8.635259467097063,-0.9552771888680109,-0.16834533365572016,-7.892206331173895,0.1331,0.743,-0.9768648981752276,-0.17625012945428034,-7.737362902877831,0.1559
1787415759.318022,-0.8244883572302638,-0.13763575595580044,-8.712728221825333,-0.9575541340754521,-0.1760257200144663,-7.4698527484079955,0.1385,1.243,-0.9585806326562365,-0.17404659008165743,-7.759396299722869,0.1389
1787415759.435417,-0.8232529935548385,-0.1380554811742903,-8.826325734841996,-0.9591936641247786,-0.17307110538722031,-7.86242845335759,0.1404,0.964,-0.9559620574798142,-0.17105407191024044,-7.91240446228017,0.1368
1787415759.5455933,-0.8221290881964627,-0.13916632763213505,-8.683840627068994,-0.9393881280716749,-0.15222323715224523,-8.8410933352708,0.1180,0.157,-0.9257165486162763,-0.14508179860914927,-8.993833939509367,0.1038
1787415759.6508458,-0.8221270885589632,-0.1396442864004638,-8.44039999660915,-0.92582117664543,-0.1493040949818282,-8.927050059339729,0.1041,0.487,-0.9182484498917924,-0.14763393943392,-8.956466760564252,0.0965
1787415759.7080343,-0.822023420002299,-0.1395952742196909,-8.301390265744157,-0.9231022190318126,-0.1505812229214872,-8.933621548867988,0.1017,0.632,-0.9225035937424421,-0.15102383567259187,-8.922479221755129,0.1011
1787415759.83369,-0.8216135558621009,-0.1388785959453264,-8.122391591804417,-0.940989191749203,-0.16851797306652522,-7.959671424238169,0.1230,0.163,-0.9623066319805265,-0.18557878972104802,-7.364727562872903,0.1482
1787415759.9405649,-0.8210266244220777,-0.1381581854228333,-8.235523067124507,-0.9531860577375152,-0.18051857235750934,-7.4811304008675785,0.1388,0.754,-0.9740016209762951,-0.18574441399099378,-7.285257422622837,0.1602
1787415760.0097663,-0.8205376502182439,-0.1381908827969965,-8.2667786659484,-0.9709107854640789,-0.18257351586077428,-7.245066731365967,0.1568,1.022,-0.9706737531654286,-0.18176270657549357,-7.258309292222052,0.1563
1787415760.0869005,-0.8200407811114075,-0.1384401930239625,-8.292337283691333,-0.9193055060160621,-0.15711378015651445,-7.955174911306409,0.1010,0.337,-0.8976406772476009,-0.14932266673608505,-8.081699118886021,0.0784
1787415760.2103424,-0.8191553427306211,-0.1395995152007053,-8.07191500365543,-0.9004087292458389,-0.15183123003239474,-8.195621931720353,0.0822,0.124,-0.892281295511875,-0.14952020781871178,-8.233459269125595,0.0738
1787415760.3264527,-0.8180876286321943,-0.14023686855826206,-7.792977030474501,-0.8967137285201214,-0.15050737591977748,-8.204530802085204,0.0793,0.412,-0.8974990294683854,-0.15071496135603532,-8.200908861555305,0.0801
1787415760.4414444,-0.8164802578980778,-0.13993631590649935,-7.831087001326664,-0.8871612645322747,-0.1510698409941286,-7.9884312361981085,0.0716,0.157,-0.884841021439266,-0.15423856566039995,-7.639176643886043,0.0698
1787415760.501585,-0.8156670166967961,-0.13954068139641737,-7.968762182654803,-0.8837017170147001,-0.15316054981207403,-7.6595974438997025,0.0694,0.309,-0.8903071778279121,-0.15847607635265137,-7.506702187935807,0.0770
1787415760.6137648,-0.8135353358424932,-0.14023804083380256,-8.245833277913968,-0.8957784517377875,-0.15664584849540011,-7.732615986996102,0.0839,0.513,-0.9041773927592732,-0.15770141602601173,-7.728367878784813,0.0923
1787415760.7331243,-0.8113813424875086,-0.14177368090701092,-8.490338635421038,-0.8868251609338275,-0.15508944772239855,-7.862507658461694,0.0766,0.628,-0.8838306327229706,-0.15424355317674232,-7.877035478188157,0.0735
1787415760.8480644,-0.8093427927995295,-0.1439847398916064,-8.466431603454412,-0.8809635938231761,-0.15435413491528088,-7.900163386225546,0.0724,0.566,-0.8796023569762036,-0.14866760258493922,-8.298043357335132,0.0704
1787415760.900825,-0.8085330641600144,-0.14476018572758145,-8.439450161097321,-0.8502004001530408,-0.15656072736605942,-7.881391422425951,0.0433,0.558,-0.8382852984221061,-0.15630721283370078,-7.87770105389218,0.0319
1787415761.013348,-0.8066918905364411,-0.14571725394593546,-8.33582617240758,-0.8689978722518048,-0.1509721537620829,-8.593411944328517,0.0625,0.258,-0.8802690347683717,-0.15132750175908882,-8.597218561111674,0.0738
1787415761.1366043,-0.8045882159572508,-0.14585783245584616,-8.358903229829728,-0.8799387754491634,-0.15638743946812206,-8.465051740153909,0.0761,0.106,-0.8866725157701906,-0.1586197413928894,-8.4296246979632,0.0831
1787415761.246616,-0.8027241141369967,-0.14593247893511824,-8.814271269316054,-0.876933466566461,-0.1564453128220539,-8.53575894626374,0.0750,0.279,-0.8910939880813661,-0.1546526737290321,-8.56853810301624,0.0888
1787415761.3013046,-0.8017703266139837,-0.14644233014188227,-8.810144639767387,-0.8897664908247601,-0.14980083367387226,-9.023927555232005,0.0881,0.214,-0.8909836660778857,-0.14860706758630735,-9.054766161533983,0.0892
1787415761.420892,-0.8002006765443299,-0.14798249626559537,-9.168120350338071,-0.9114444775831302,-0.15119256634241754,-9.4933825761925,0.1113,0.325,-0.9287421852477835,-0.1528208253058333,-9.53520691761887,0.1286
1787415761.5309741,-0.7992195973395493,-0.14892250692285453,-9.306539652973004,-0.9219700579499359,-0.14853414397941667,-9.572051429540533,0.1228,0.266,-0.9281426916729415,-0.1486702734701744,-9.591113927701516,0.1289
1787415761.647457,-0.7980739076153338,-0.14904958401197463,-9.127996811033633,-0.926230823224162,-0.14711311918713718,-9.791472101070543,0.1282,0.663,-0.9259459196948479,-0.1470092934157966,-9.793394779735388,0.1279
1787415761.7164347,-0.7974390219284619,-0.1485320120893709,-9.144663720275185,-0.9338196741990906,-0.14940038430024088,-10.02268414660122,0.1364,0.878,-0.9367134627821609,-0.1501209261659091,-10.022544453523174,0.1393
1787415761.8419788,-0.7961864331688208,-0.1469842288581249,-9.48486062062384,-0.9401362721265464,-0.15211590154473695,-10.146029044774274,0.1440,0.661,-0.9487179921118161,-0.1819670566652879,-8.797355474080712,0.1565
1787415761.9019184,-0.7961176295253862,-0.14635668853758274,-9.691025079094945,-0.932555864868479,-0.1831071857189951,-8.374645238019186,0.1413,1.316,-0.9270060073137296,-0.18507922319576084,-8.301088483313302,0.1365
1787415762.0407474,-0.7959244133226416,-0.14587314533849577,-10.109518733876339,-0.9037797029779168,-0.1626226241682347,-9.407083819798139,0.1091,0.702,-0.8868082263566204,-0.15495503083205225,-9.536441857554554,0.0913
1787415762.1087806,-0.7958672701796111,-0.1459739409660713,-10.230041495105397,-0.8894963714619087,-0.15272713248032133,-9.849512217116574,0.0939,0.381,-0.883606892918751,-0.150113593156998,-9.890332629859092,0.0878
1787415762.224446,-0.7956208356790077,-0.146128126463213,-10.18607935421693,-0.8790050674372659,-0.14941928543339336,-10.10113682950596,0.0834,0.085,-0.8749280949211953,-0.14818991997887365,-10.11854443106183,0.0793
1787415762.338673,-0.7947198943211508,-0.14549782540348005,-10.138196950502337,-0.8595356949752625,-0.14991632611161387,-10.407534476689229,0.0650,0.269,-0.8536858635257973,-0.15199914939248554,-10.351053968028449,0.0593
1787415762.3977664,-0.7941683919084973,-0.1448874167943093,-10.169257366756131,-0.8535687728121709,-0.15267508443842678,-10.288881419719253,0.0599,0.120,-0.8559998818731078,-0.15347655794536524,-10.27497417915338,0.0624
1787415762.5287516,-0.7932284625095994,-0.14348986044036383,-10.563386164431597,-0.8499091694167445,-0.15593121849892644,-10.069779825628943,0.0580,0.494,-0.8510244728254079,-0.15687788266780664,-10.052651325797527,0.0593
1787415762.6379356,-0.7918606228193252,-0.143386664412905,-10.585217956128579,-0.8485875656186798,-0.15958450452772682,-10.13236398299204,0.0590,0.453,-0.8503605162826755,-0.16047493955747347,-10.118931291174217,0.0609
1787415762.7447553,-0.7904149036516576,-0.1445656542692995,-10.345415148632739,-0.8343065368150906,-0.14998459969126465,-10.70684255257461,0.0442,0.361,-0.8293026746447675,-0.1471620075939252,-10.748272660382824,0.0390
1787415762.8052711,-0.7897892544973327,-0.14524603270409495,-10.078404229362048,-0.8302852470366922,-0.14953546314560673,-10.657801086069886,0.0407,0.579,-0.8316518015300615,-0.1498884176945179,-10.65262053086143,0.0421
1787415762.9251995,-0.7884028929495777,-0.145841049661311,-10.016268657559905,-0.8410506970592043,-0.16656977022828517,-9.607255849080495,0.0566,0.409,-0.8499630236880605,-0.17170524264932996,-9.515485787537761,0.0668
1787415763.0297408,-0.7866667214664951,-0.14556314689965907,-9.988670674832079,-0.8358838967856963,-0.1688245415816441,-9.634883657268782,0.0544,0.354,-0.8478922795773477,-0.173892573133642,-9.487248756153939,0.0675
1787415763.1353807,-0.7849992153419718,-0.14487428574167469,-10.302248275176497,-0.8449049399041051,-0.17275369064336082,-9.508639144537234,0.0661,0.794,-0.8499826457269488,-0.1742346885935224,-9.42581306908819,0.0713
1787415763.251964,-0.783469384891045,-0.1448997428323942,-10.340952688007661,-0.852521689348623,-0.17512437070639758,-9.437187916458633,0.0754,0.904,-0.8553192872175105,-0.1756755932949606,-9.425901751819296,0.0782
1787415763.3082364,-0.7826922365065418,-0.1452590703562553,-10.357175295328215,-0.8518771073337157,-0.1733819091272625,-9.549340410558138,0.0747,0.808,-0.8515353585232852,-0.1726095410432747,-9.561865867115305,0.0741
1787415763.4234874,-0.7812252032471791,-0.14652552352293677,-10.18331671548472,-0.8507045875004983,-0.17115863615974755,-9.76983295331483,0.0737,0.413,-0.8232868709981376,-0.15383086651583786,-10.31520737149168,0.0427
1787415763.540181,-0.7798139305359468,-0.1475387046201317,-9.913658969702992,-0.8221891840766188,-0.15379152153797998,-10.338173138199958,0.0428,0.425,-0.8197822553433934,-0.15298172364604215,-10.347052183420669,0.0403
1787415763.6528714,-0.7779006241448806,-0.14758295170395544,-9.949449117498869,-0.8231766196276347,-0.15827984057119707,-10.168002648490155,0.0465,0.219,-0.8257886968236607,-0.15994395418369908,-10.14153982515633,0.0495
1787415763.7089531,-0.7768527839477186,-0.14732773619014736,-10.070451382649427,-0.8443428971628479,-0.16857809145061153,-9.515172511271455,0.0708,0.555,-0.8585081373942614,-0.17379239169812205,-9.428861398346532,0.0858
1787415763.8430088,-0.7743399136700103,-0.14707076637354385,-10.400004760339376,-0.8504296175119327,-0.17490571144516306,-9.40326157058097,0.0810,0.997,-0.8545331046887562,-0.17681628771066038,-9.373235021509476,0.0855
1787415763.9032335,-0.772789900918489,-0.14738611390396628,-10.48958110172921,-0.8464857589084055,-0.17628107429715933,-9.364691642067912,0.0792,1.125,-0.8434374314700008,-0.17321501179428553,-9.769135872828556,0.0752
1787415764.0166428,-0.7696887969239014,-0.1487704396502467,-10.603318837410782,-0.8447093733841599,-0.17434632401618466,-9.74785459455006,0.0793,0.855,-0.8391473103148751,-0.16481882600593112,-10.2489152106893,0.0713
1787415764.1301653,-0.7670714658702779,-0.15015698312581777,-10.52831355524906,-0.850295356782859,-0.16711618114932514,-10.238154736748701,0.0849,0.290,-0.855124778565475,-0.1682382809899336,-10.218091833392322,0.0899
1787415764.1914728,-0.765877783616307,-0.15047147013317824,-10.464054759829406,-0.8379233377599381,-0.157731992744449,-10.623122386450833,0.0724,0.159,-0.8321307912594915,-0.15515221511874513,-10.664737642056851,0.0664
1787415764.3089204,-0.7631843806580731,-0.15039726883868373,-10.349474589401076,-0.8372684122236077,-0.1633516031186962,-10.434014530858374,0.0752,0.085,-0.8381602859371049,-0.16481958127045213,-10.408385331503336,0.0764
1787415764.419286,-0.7604561185340374,-0.14969868641221476,-10.559264884626957,-0.8701334438921121,-0.1803443311392923,-9.827721595394081,0.1139,0.732,-0.8928848649049841,-0.19038789024325767,-9.602537866498494,0.1385
1787415764.5362158,-0.7583205021755909,-0.14968332032936374,-10.803601833071866,-0.8891500668635599,-0.1862612789413871,-9.513291702422121,0.1358,1.290,-0.8959529731155057,-0.18897848400584893,-9.4421621051369,0.1431
1787415764.6433156,-0.756741573439407,-0.1510677056515374,-10.841762309530115,-0.8901088996943742,-0.1897698410182853,-9.47932245591156,0.1389,1.362,-0.8884497833637968,-0.18969650408801447,-9.479657046282806,0.1373
1787415764.7043602,-0.7560631397546679,-0.15207185965393302,-10.739219577024073,-0.9080169011268954,-0.18473462371430602,-10.231826436792005,0.1554,0.507,-0.9154362873034285,-0.1818171927143029,-10.40323243250874,0.1621
1787415764.823766,-0.7557035393164675,-0.1531721151217622,-10.431070126832207,-0.9103539444896598,-0.181448546689083,-10.459042008884856,0.1572,0.028,-0.9077221021202359,-0.18081813951803408,-10.593927742271115,0.1545
1787415764.9457228,-0.7549948819409914,-0.15339348320164817,-10.051210184721493,-0.9106640850102897,-0.18166843230247345,-10.575540195758053,0.1582,0.524,-0.8902580360130861,-0.19598646872048725,-9.637936814492212,0.1418
1787415765.0029776,-0.7545589214661429,-0.15319244013889138,-9.937764668739248,-0.8904821100767907,-0.1976700193698509,-9.527290009113678,0.1430,0.410,-0.8860110161269108,-0.19682135615538124,-9.540239943434239,0.1385
1787415765.1330948,-0.7543347241053808,-0.15291106802107246,-9.93612354583628,-0.8921647987547264,-0.20120497097617593,-9.204510804658307,0.1460,0.732,-0.8926579448190782,-0.2021358604105663,-9.170297604879405,0.1468
1787415765.2534065,-0.7545972680794625,-0.15366118791300762,-9.960465900587353,-0.8947754947225698,-0.20323150554405228,-8.813267643413237,0.1487,1.147,-0.8957439616454165,-0.20409433974912827,-8.77793908792968,0.1499
1787415765.3249893,-0.754726813611194,-0.15434284634450526,-9.927664958067835,-0.9040652432652281,-0.1943913796643455,-9.288686893313947,0.1546,0.639,-0.907751938113246,-0.1894913839149904,-9.514954500587313,0.1570
1787415765.444436,-0.7550967224244288,-0.15545554520450355,-9.763456657546923,-0.8955721369160535,-0.16252298785693337,-10.788986874273824,0.1407,1.026,-0.8879362526325454,-0.15542661259721616,-10.956479413911218,0.1328
1787415765.5070376,-0.7551584040824064,-0.1555288205098863,-9.717119476441402,-0.8558370007556076,-0.16544533743981404,-10.177127792028308,0.1012,0.460,-0.8408328643610156,-0.1642524913688231,-10.162669625405227,0.0861
1787415765.6251729,-0.7550388105461303,-0.15501699375403605,-9.675320290847512,-0.8289154258389446,-0.1656144417981976,-9.846410678581496,0.0746,0.171,-0.8210808835693334,-0.16466262691528746,-9.855831218984966,0.0667
1787415765.7414954,-0.7549559717203648,-0.1540004723754628,-9.99188650551858,-0.8176685065891519,-0.165950138490124,-9.719735171711966,0.0638,0.272,-0.8162742111506993,-0.1660936087284705,-9.716347764898476,0.0625
1787415765.8055277,-0.7545909376446328,-0.15393009856206635,-10.005071794531425,-0.8173715918810239,-0.1652324002630687,-9.719751204304977,0.0638,0.285,-0.8200844381366784,-0.1659085871530251,-9.709600606871817,0.0666
1787415765.933268,-0.7538235435581513,-0.1545287854275526,-10.025896817024499,-0.8067525336444842,-0.1622347313112403,-9.855481158187702,0.0535,0.170,-0.7912682845913938,-0.15405978059240175,-10.103933536569263,0.0374
1787415766.0498836,-0.7532287292107017,-0.15575730795840648,-9.717731880643301,-0.7946096492237468,-0.15561555111180767,-10.084805311497599,0.0414,0.367,-0.7912682845913938,-0.15405978059240175,-10.103933536569263,0.0381
1787415766.101535,-0.7522401852472103,-0.15621950985125652,-9.689273988913584,-0.7828065037203045,-0.1492516823909067,-10.306485108125287,0.0314,0.617,-0.7843354261978183,-0.1497672658035617,-10.30030207993124,0.0327
1787415766.2156298,-0.7499865311667353,-0.15650362757345673,-9.611632945267761,-0.7742032585518211,-0.14621007965532298,-10.340982433526328,0.0263,0.729,-0.7843354261978183,-0.1497672658035617,-10.30030207993124,0.0350
1787415766.3257804,-0.7475319326083422,-0.15604212706257248,-9.716151548363657,-0.7837590931762595,-0.15739699471857002,-9.831454476255999,0.0363,0.115,-0.7877934202626423,-0.1595532572052554,-9.797215288051513,0.0404
1787415766.4343796,-0.7454228236611866,-0.15584053732608577,-9.936165771098862,-0.8037596170273106,-0.17033809443498443,-9.35656897079508,0.0601,0.580,-0.8008506039424579,-0.16449857945513846,-9.71629639568572,0.0561
1787415766.5343153,-0.7434490778548286,-0.15665257978130842,-9.958978507373383,-0.8012207032672116,-0.1655783907062301,-9.698117358546058,0.0585,0.261,-0.8008506039424579,-0.16449857945513846,-9.71629639568572,0.0579
1787415766.5983036,-0.7424575397609174,-0.15737422664549777,-9.886447599640151,-0.7965883555711243,-0.15581630433617805,-10.208117606616264,0.0542,0.322,-0.7961255651335107,-0.1546756544048488,-10.226649421723723,0.0537
1787415766.7140608,-0.7407002031497343,-0.15834580378199598,-9.693332702637894,-0.8016117762806514,-0.16118799911785395,-9.962136240137058,0.0610,0.269,-0.8053325174879797,-0.1630983359661721,-9.933039033165576,0.0648
1787415766.823212,-0.7388609999041579,-0.15796119272952153,-9.550730195341943,-0.8037908991128763,-0.16167539094399766,-9.911367463478296,0.0650,0.361,-0.8052438162478033,-0.16207338056635096,-9.906509766181482,0.0665
1787415766.931794,-0.7366831583088854,-0.15643646067559283,-9.525298825672783,-0.8017682464464327,-0.1611704479152128,-9.916740280884941,0.0653,0.391,-0.8100995617258039,-0.17693027038862877,-9.44000915520134,0.0762
1787415766.9867346,-0.7356108427656947,-0.15530107095061932,-9.679683757484527,-0.7274957531030578,-0.150893699283611,-9.846523277861618,0.0092,0.167,-0.6927302069434872,-0.14098481984535138,-9.9948798280453,0.0452
1787415767.1219969,-0.7349406873934925,-0.154036518890249,-9.787174603856435,-0.7795071769408939,-0.16236402845640469,-9.723888432475272,0.0453,0.063,-0.8110456824636861,-0.171301409410134,-9.590120572115792,0.0780
1787415767.250996,-0.7342497293340469,-0.15380373154934746,-9.910835882566987,-0.7937359716496601,-0.16283099993931455,-9.764960410107895,0.0602,0.146,-0.8009651744527252,-0.16432460586054118,-9.743455886332931,0.0675
1787415767.3264954,-0.7339714496658079,-0.1539570123200054,-9.847916326730415,-0.8001440335134712,-0.16032035008194268,-9.984189108880933,0.0665,0.136,-0.8026931542801521,-0.16163526676576875,-9.954531772318248,0.0691
1787415767.3985417,-0.7337756955487457,-0.15400044046461603,-9.628284828547464,-0.8012738363897711,-0.16276590866631155,-9.94065509884636,0.0681,0.312,-0.8010770618208054,-0.1630756244464825,-9.935719996461824,0.0679
1787415767.5305052,-0.7315965614998708,-0.15334627778490104,-9.042654997064098,-0.8015872925762236,-0.16270851483636847,-9.949434824407655,0.0706,0.907,-0.805783428978515,-0.16885155566959084,-9.731705273060388,0.0758
1787415767.6414804,-0.7296484170533701,-0.1525835538666099,-8.829340723451127,-0.8045541124410095,-0.16798236274782222,-9.746127615403548,0.0765,0.917,-0.805783428978515,-0.16885155566959084,-9.731705273060388,0.0779
1787415767.7389746,-0.7282958835333889,-0.15277192485940516,-9.090819255233164,-0.8051862728398687,-0.17375829041440521,-8.652022890078664,0.0797,0.439,-0.8057038814430917,-0.17476733207830625,-8.630205687820004,0.0805
1787415767.7959785,-0.7275718452445082,-0.15317600678271528,-9.24895366231348,-0.8040716878968462,-0.164667815710717,-8.924794345062633,0.0774,0.324,-0.8028189609900488,-0.16318184320465887,-8.949817342581015,0.0759
1787415767.9402304,-0.7262709492726048,-0.15474614298392633,-9.560806709107139,-0.7999805005053493,-0.16181676832238143,-9.35457541162538,0.0740,0.206,-0.7981522666484494,-0.16086927628908004,-9.372590250041183,0.0721
1787415768.0129647,-0.7257475554543127,-0.1556868400106138,-9.531363757750864,-0.7998310273542857,-0.1613030025320187,-9.334435711824609,0.0743,0.197,-0.7987856707470807,-0.16429897017817205,-9.626478654323734,0.0735
1787415768.0880814,-0.7254525488032496,-0.1556929732493803,-9.548192879942976,-0.7989630043836865,-0.1641770838406404,-9.625976263414433,0.0740,0.078,-0.778671360937601,-0.17971656972599342,-8.715688906447902,0.0584
1787415768.2271893,-0.7243416336534997,-0.1547527354257885,-9.70725575558675,-0.783063314702677,-0.1782251995394734,-8.745875317679568,0.0632,0.961,-0.778671360937601,-0.17971656972599342,-8.715688906447902,0.0598
1787415768.2933664,-0.723667451132199,-0.15394858329154731,-9.96595760697466,-0.7906856680548695,-0.17296851421196752,-9.389864702670605,0.0697,0.576,-0.8206187488121267,-0.1814953921191225,-9.030380470618827,0.1008
1787415768.4203072,-0.7224541338837428,-0.15299313968256606,-10.056356295737237,-0.8082935586450984,-0.1745706358156245,-9.644889115565789,0.0885,0.411,-0.8061634542226688,-0.1729962716744035,-9.6734229766871,0.0861
1787415768.5438735,-0.7212149680918424,-0.1529864406015138,-10.136873489087952,-0.7926787953969776,-0.1598034656541251,-10.194938176085442,0.0718,0.058,-0.7857066947408802,-0.15628807750494902,-10.24452534748725,0.0646
1787415768.6072392,-0.720665019328032,-0.15323495347153782,-10.05315779910733,-0.7819278319675933,-0.1608557606736603,-10.044677185995,0.0617,0.008,-0.7790072121871293,-0.16078680728602196,-10.040659771977701,0.0588
1787415768.7161186,-0.7194995937928618,-0.15341680865082097,-9.842845644151712,-0.784758772787416,-0.1629282421840407,-10.088847342956491,0.0659,0.246,-0.7869891524230382,-0.16382324535916998,-10.075646115657808,0.0683
1787415768.8495417,-0.7178413746006941,-0.1527279275617111,-9.836937644434856,-0.798160203817779,-0.17615339476521477,-9.554139552233268,0.0837,0.283,-0.8064955784275673,-0.18071312879352402,-9.473944107035601,0.0930
1787415768.9300427,-0.7169426403429005,-0.15205990419615512,-9.937648197078857,-0.8063898578438542,-0.1844844934160729,-9.171084416993645,0.0951,0.767,-0.8098752232770053,-0.18638201359866066,-9.136412057575079,0.0991
1787415769.049225,-0.7147970003304197,-0.15203984116538286,-10.307627753634472,-0.8084189260259723,-0.1876490063290293,-9.129481025746463,0.1002,1.178,-0.8098752232770053,-0.18638201359866066,-9.136412057575079,0.1011
1787415769.107527,-0.7137553761171509,-0.15243337890820008,-10.515211626839921,-0.8071797034888287,-0.18777198807536094,-9.098251267604745,0.0999,1.417,-0.8067065744809768,-0.1875690945205361,-9.101853487441824,0.0994
1787415769.2246242,-0.7120340887560741,-0.1543598208976276,-10.854048203513168,-0.8085383679602425,-0.18670514824115025,-9.379215435157132,0.1018,1.475,-0.8081264063009767,-0.1860008049242871,-9.392393477258802,0.1012
1787415769.291622,-0.7112878206857157,-0.15544226201721337,-10.866028652497828,-0.7974557131764671,-0.17459740640502905,-9.975514784398126,0.0883,0.891,-0.7915350050537732,-0.1712553756827619,-10.039929595835558,0.0818
1787415769.417022,-0.7096662333003738,-0.15651203430837998,-10.80716300573773,-0.79587604814656,-0.1741880219168098,-10.206055849133039,0.0880,0.601,-0.7949988668701137,-0.173743061933088,-10.217213212208447,0.0871
1787415769.542929,-0.7076816056980519,-0.15667146483575614,-10.827763093927178,-0.7997681742927275,-0.1792679688198003,-10.485672268764217,0.0948,0.342,-0.8058235983479101,-0.18165888095598018,-10.439439911012073,0.1013
1787415769.606866,-0.7067376438987514,-0.15656087955761827,-11.00760937242794,-0.8251302392095112,-0.19393672585860577,-9.842790457581145,0.1242,1.165,-0.8452626401689924,-0.20373143156984527,-9.628495800322066,0.1463
1787415769.7386568,-0.7049770417142739,-0.1569480472877013,-11.288015912334174,-0.8348051864121755,-0.2005159313797456,-10.023041463475266,0.1369,1.265,-0.8374736461046965,-0.20164948109077402,-10.001764918296413,0.1398
1787415769.7950933,-0.7041247257385429,-0.1576946536328787,-11.329367884026407,-0.8409817095343969,-0.20476777805408106,-10.053158206209128,0.1447,1.276,-0.8220053049777193,-0.19098148665387132,-10.64444499030833,0.1225
1787415769.9298773,-0.7025684972044693,-0.15963014853808613,-11.166661231982058,-0.8269811003444218,-0.19358738958698024,-10.59511731563861,0.1290,0.572,-0.781654388793394,-0.1900962030366922,-10.11114245005432,0.0848
1787415770.0381951,-0.7018622786482416,-0.160551046670129,-11.11831246546102,-0.795526781020117,-0.19330514615638872,-10.061864130149852,0.0992,1.056,-0.781654388793394,-0.1900962030366922,-10.11114245005432,0.0851
1787415770.1093664,-0.7013630507034503,-0.160681228019458,-11.080297249442573,-0.8165957162550316,-0.18729301683383853,-10.697359544301564,0.1183,0.383,-0.8220156148408132,-0.18760368283580112,-10.69549284885102,0.1236
1787415770.2457294,-0.7002255020557606,-0.160321282973162,-11.228416519670695,-0.8242085625133367,-0.2040721969433312,-10.05731708097149,0.1315,1.171,-0.8396758975951154,-0.21341974027889682,-9.85760470946855,0.1492
1787415770.3061004,-0.7000487741016982,-0.1603816147183194,-11.23956298550407,-0.8159517670264952,-0.19305653033851328,-10.582106710597781,0.1204,0.657,-0.8100148868828698,-0.18938437495833926,-10.652987201943764,0.1137
1787415770.420082,-0.6996781306383665,-0.161165057599708,-11.297038715689672,-0.8170024144163979,-0.1940446161788528,-10.630745850390268,0.1218,0.666,-0.7921248102848527,-0.1805392010532384,-10.866216657083314,0.0945
1787415770.5502706,-0.6993539380900093,-0.16277053818495926,-11.207377933329502,-0.7622176826851905,-0.17541329946650636,-10.613661913580847,0.0641,0.594,-0.7456999052143661,-0.1710186451686593,-10.671847822826683,0.0471
1787415770.6149457,-0.6986402514855908,-0.1630396652211845,-11.067500309787542,-0.7543292623991001,-0.1699988420966455,-11.077920092807052,0.0561,0.010,-0.7459842084218278,-0.10769410163467151,-11.8562547813091,0.0728
1787415770.73082,-0.6967327585708926,-0.16299976505059055,-10.605731932948702,-0.6955211726385113,-0.16521172373475151,-11.260934591204471,0.0025,0.655,-0.6611389310848518,-0.17676003654105713,-11.137386524517956,0.0382
1787415770.8501878,-0.6943721574647428,-0.16186828709549425,-10.749825303909414,-0.6982142663842725,-0.15223927903712087,-11.270707829190613,0.0104,0.521,-0.7088112015578776,-0.1298358042979312,-11.517142418558919,0.0351
1787415770.9510453,-0.6923417076607081,-0.16090460887996275,-11.014242316891906,-0.6803425687476157,-0.14646770455139735,-11.374342300493332,0.0188,0.360,-0.7088112015578776,-0.1298358042979312,-11.517142418558919,0.0352
1787415770.9988482,-0.6913934393534031,-0.16079911095415664,-11.047172601278737,-0.6924845118954084,-0.14231301162722576,-11.773865702458092,0.0185,0.727,-0.6951969182559188,-0.1427892886786392,-11.767233831985122,0.0184
1787415771.1188555,-0.6894912027997956,-0.16119501989488114,-11.087284534997798,-0.7633330783725117,-0.16765165108922095,-10.827808269312193,0.0741,0.259,-0.803697877395834,-0.18059261725214404,-10.672923526619613,0.1158
1787415771.2312565,-0.6877720705870896,-0.1621291951490198,-10.816576544171802,-0.7733365631557653,-0.16932880262132805,-10.878216774496162,0.0859,0.062,-0.7779630378085409,-0.16932290869764702,-11.026473689058692,0.0905
1787415771.345151,-0.685946798897589,-0.16243477798254943,-10.776902986954916,-0.7770299540840925,-0.1692402930992999,-11.026118903553037,0.0913,0.249,-0.7779630378085409,-0.16932290869764702,-11.026473689058692,0.0923
1787415771.398044,-0.6848914858225601,-0.1622534028648514,-10.75786855047848,-0.7329823453543709,-0.13218025441303827,-11.63272731555607,0.0567,0.875,-0.7064875126860385,0.02313829867959051,-13.446203619798613,0.1866
1787415771.5229127,-0.6826565678381904,-0.1614037677509825,-10.887234530610412,-0.7102629018424131,-0.09779284376778882,-12.022402727027853,0.0693,1.135,-0.6859793088469626,0.022487165193712952,-13.487735647169503,0.1839
1787415771.646224,-0.6807024082872604,-0.16079088874535344,-11.158448587153325,-0.763474363629431,-0.16132686040976107,-10.92645642861352,0.0828,0.232,-0.7825364214444456,-0.16899756555465223,-10.804175750034215,0.1022
1787415771.698311,-0.6797503221533212,-0.16091633002109068,-11.173506738273637,-0.7792807586072151,-0.17644267699671512,-10.701544204263053,0.1007,0.472,-0.7855569218303139,-0.1798731562624957,-10.64665165899097,0.1075
1787415771.8179953,-0.6780376710100021,-0.162062021008145,-11.147136886042926,-0.7828506791902374,-0.18173609103974783,-10.576221997823435,0.1066,0.571,-0.7830505637091429,-0.18217692137740638,-10.568391332373604,0.1069
1787415771.929661,-0.6770155855187585,-0.16318490623049448,-10.796225553857134,-0.7851556769304522,-0.17768876144255133,-10.712481166082723,0.1091,0.084,-0.7843105619113573,-0.17653314164994569,-10.731652261003868,0.1081
1787415772.031467,-0.6761811685109991,-0.16338985907927997,-10.422491506979066,-0.791016010389399,-0.1746038494246079,-11.032023220972814,0.1154,0.610,-0.7914690123810183,-0.1738969188020815,-11.045987790667544,0.1158
1787415772.094904,-0.675645574872516,-0.16322035447308914,-10.257103224608759,-0.7372855315606117,-0.1591576437730261,-11.246870389754333,0.0618,0.990,-0.82539399855598,-0.21384262473264448,-9.309408738629784,0.1581
1787415772.2156932,-0.674704068842827,-0.1632961878816463,-10.191671339801085,-0.7698656952307097,-0.1932740526726334,-9.849411616903856,0.0998,0.342,-0.6476180911541599,-0.12067797620305253,-10.873218963130066,0.0505
1787415772.3483891,-0.6739488208678923,-0.16480410869957615,-10.32609540571454,-0.7122870691241268,-0.1785068318824318,-10.055984070130094,0.0407,0.270,-0.6699883035685924,-0.0949106233746993,-11.132863440893606,0.0700
1787415772.4249012,-0.6735687308000124,-0.1660406649835388,-10.432049690398681,-0.702800155751262,-0.1629760578371235,-10.44616297246658,0.0294,0.014,-0.6952937722812158,-0.08785378104353055,-11.35904803246927,0.0811
1787415772.5060234,-0.673258375743405,-0.16747070066256756,-10.431769060904035,-0.6759084588780423,-0.1279799056135218,-10.980449241732687,0.0396,0.549,-0.6588922652119299,-0.025825783353196515,-12.22950697119164,0.1424
1787415772.6260536,-0.67244663726293,-0.16961431922601747,-10.249050773714371,-0.6658632333809088,-0.09555087641736046,-11.536060970844025,0.0744,1.287,-0.663243908249496,-0.029682634627444658,-12.331191413469046,0.1402
1787415772.7390735,-0.6708682976826116,-0.17032785339903644,-10.273982662872733,-0.6601792734019786,-0.053306154592557484,-11.83073674103577,0.1175,1.557,-0.6608603149231771,0.009424297302690784,-12.57755754177129,0.1800
1787415772.8154147,-0.6699776855006079,-0.17033462762371804,-10.401579647992206,-0.6383618985152048,-0.008368306688911496,-12.517063424879028,0.1650,2.115,-0.6269266585572703,0.04508177551728575,-13.187752860700753,0.2197
1787415772.9371068,-0.668371208380809,-0.17066136875783908,-10.69774824384001,-0.6220093169437331,0.013681461737546637,-12.664566913164846,0.1901,1.967,-0.6269266585572703,0.04508177551728575,-13.187752860700753,0.2197
1787415773.037569,-0.6666921902659606,-0.17204523892624382,-10.681038954838876,-0.6099487950370935,0.02989067808474869,-12.771462942224312,0.2098,2.090,-0.34411046599046685,-0.05714061251940485,-12.262662743358677,0.3424
1787415773.0942616,-0.6658523504222983,-0.17304786658136448,-10.612574565554684,-0.3999629254879605,-0.011591750627212627,-12.730251539297878,0.3111,2.118,-0.34411046599046685,-0.05714061251940485,-12.262662743358677,0.3420
1787415773.2316964,-0.6646144257137745,-0.17379288056964798,-10.402912456389005,-0.4940707465255785,-0.1481927956999254,-10.26855961259455,0.1725,0.134,-0.5496286555345736,-0.31096561401832457,-8.391432189137575,0.1790
1787415773.2988498,-0.663867002745618,-0.17386309148691267,-10.172639221633393,-0.6503089819331899,-0.022168469196698893,-12.547689857534772,0.1523,2.375,-0.7007529175065166,-0.09986581011532553,-11.776881712807729,0.0827
1787415773.442743,-0.6621902324161861,-0.172763937574846,-9.721630746668325,-0.6493213010080455,-0.013566764173307884,-12.561020878253327,0.1597,2.839,-0.6468141431955802,-0.007433197844888426,-12.63709967814904,0.1660
1787415773.5172899,-0.6614105826195685,-0.17200621390388923,-9.681930344962057,-0.64631676442083,-0.011170593799432435,-12.37867451208637,0.1615,2.697,-0.6440417136733687,-0.031869128561622675,-12.130996563824082,0.1412
1787415773.636898,-0.6607141901480132,-0.17119247919224226,-9.575987154498256,-0.6546307897706669,-0.0034083031344888633,-12.125761219199623,0.1679,2.550,-0.6606357355037878,-0.00556392856822782,-12.087388957595914,0.1656
1787415773.6994019,-0.660341657416857,-0.17112850470721014,-9.50880806474605,-0.658202494384111,0.008553381500008053,-12.177881247932149,0.1797,2.669,-0.6548101584414919,0.00015203584333515604,-12.025194708253371,0.1714
1787415773.8122566,-0.6596090373711178,-0.17098522493097257,-9.274323074144146,-0.6055291893059324,-0.08109652481809229,-10.359714980544226,0.1049,1.085,-0.564144568887991,-0.25259579046487574,-8.334200728407685,0.1256
1787415773.934449,-0.658577153995401,-0.1698391623951215,-9.254854590264653,-0.638211278453835,-0.03851006539215022,-11.478319466846363,0.1329,2.223,-0.6574607397163955,0.04801130893771358,-12.492604418167055,0.2179
1787415773.9996276,-0.6577958635135199,-0.16882311135686254,-9.283715896628616,-0.6492459853073838,-0.041490518730304814,-10.972369092999859,0.1276,1.689,-0.6554197030890537,-0.050834762114426106,-10.856001827208503,0.1180
1787415774.1282039,-0.6561413734711814,-0.16623694798249478,-9.563284851289525,-0.6481824611419956,-0.05455289132243385,-10.772221232668562,0.1120,1.209,-0.6620525872263751,-0.18604213948267304,-8.90354039303504,0.0207
1787415774.1957407,-0.6551118198729332,-0.16554918486472803,-9.598247532280142,-0.6640360613909241,-0.15611506120840907,-9.32596513104934,0.0130,0.272,-0.6857770206772879,-0.2545304237284791,-8.13375262433367,0.0941
1787415774.3474743,-0.6530141212160695,-0.16498746622543767,-9.722904143022868,-0.6857794521623979,-0.18088419021690164,-9.259252925597163,0.0364,0.464,-0.7234951468072629,-0.22679219467802123,-8.685460651717651,0.0937
1787415774.416003,-0.6519839132687638,-0.16510206485671505,-9.708392600848711,-0.6967448251740271,-0.20661318644246404,-9.024852204133035,0.0610,0.684,-0.7039202855814638,-0.23831511888781873,-8.642055233583571,0.0898
1787415774.5437567,-0.6501269328655621,-0.16525641901240015,-9.300354737330498,-0.6999572615994398,-0.21561691003380856,-8.787164013448628,0.0708,0.513,-0.6983908230694604,-0.2116101940732393,-8.836630956043654,0.0669
1787415774.626487,-0.6490917068047335,-0.16499519750740324,-9.042398805391953,-0.6715605702500926,-0.20532028061170146,-8.932714891591994,0.0462,0.110,-0.6370345556674223,-0.15964223015645723,-9.56555872437559,0.0132
1787415774.6899095,-0.648262682824408,-0.16521860548710335,-8.668069778390205,-0.7119565365316788,-0.22617267062872112,-7.952570796444554,0.0882,0.715,-0.7773117795368558,-0.31140290923777647,-6.667525840194094,0.1950
1787415774.8300304,-0.6469809995438751,-0.1658458677477026,-8.32878812534201,-0.7339140169781524,-0.24882546745765843,-7.2042972268044165,0.1202,1.124,-0.7695486905067931,-0.3201242434741916,-6.1890392389505955,0.1970
1787415774.8986466,-0.6463570714104991,-0.16645105696936674,-8.323522497043815,-0.6788749140734339,-0.1846823268294729,-8.230969022947358,0.0373,0.093,-0.6488350915741927,-0.06988510501278812,-9.661862274444292,0.0966
1787415775.0278544,-0.6453333908704457,-0.16866405600763906,-8.38293684126336,-0.6797857963731955,-0.19031572250323509,-8.090441081177087,0.0407,0.292,-0.6492764779794122,-0.029227872097277327,-10.141946542848236,0.1395
1787415775.103908,-0.6449298588412401,-0.17011293634168617,-8.303585445004497,-0.6633343900845151,-0.12984856280418053,-8.911649416415942,0.0443,0.608,-0.550686882372584,-0.32751895285010657,-5.9480300163116855,0.1835
1787415775.2381263,-0.6451573989540261,-0.1721677817717122,-7.9323347731611475,-0.6243324924381656,-0.15286095363997837,-8.832145007270512,0.0284,0.900,-0.6428429004312447,-0.0424710323048611,-10.146077845407675,0.1297
1787415775.347798,-0.6450569979856021,-0.17325746491151844,-7.589837740754094,-0.6186729678465119,-0.1541855889668884,-8.745617667687089,0.0326,1.156,-0.6428429004312447,-0.0424710323048611,-10.146077845407675,0.1308
1787415775.413727,-0.6450322873795336,-0.1735743666850564,-7.578770667836019,-0.4424016554433049,-0.11297514414370227,-9.413711838632926,0.2115,1.835,-0.3571006979566498,-0.08008899434857157,-9.915620214425457,0.3027
1787415775.488258,-0.6443269076978128,-0.1741771724578358,-7.730558119780297,-0.5508378748139036,-0.10619324966428238,-9.157957556104595,0.1156,1.427,-0.6423048453364189,-0.05097393606829075,-9.501198975532859,0.1232
1787415775.62682,-0.6428792175599256,-0.17624829566206596,-8.139361373698819,-0.6127130677820259,-0.07164638457285695,-9.115939179849034,0.1089,0.977,-0.6249964353171121,-0.05959177412301155,-9.243656923538357,0.1180
1787415775.6938949,-0.642154463259254,-0.17767120943063547,-8.27941354543413,-0.6426029870145737,-0.08645989713329322,-8.606650026185136,0.0912,0.327,-0.6687695478108104,-0.12395216269400955,-8.130678788491984,0.0600
1787415775.822197,-0.6411598663802012,-0.18009106384597415,-8.267686206281091,-0.6445199668534247,-0.061081786083564196,-9.708605100373408,0.1191,1.441,-0.642400026896431,-0.06802629828824351,-9.795584581372939,0.1121
1787415775.9478056,-0.6401666892469469,-0.18120627023991903,-8.180064342543908,-0.658493731045679,-0.061333344586629084,-9.935545589076497,0.1213,1.755,-0.6634460254209418,-0.06727788499031236,-9.874733716377294,0.1163
1787415776.0067356,-0.6395640699254679,-0.18140532079646526,-8.203974302162463,-0.6615566010635141,-0.05764588532931818,-9.95768029456555,0.1257,1.754,-0.6607862687569719,-0.06072316388290049,-9.922426136745113,0.1225
1787415776.13604,-0.6385344861035,-0.18166927476048686,-8.573235600516442,-0.6692058063147923,-0.08305795110418088,-9.419620133601892,0.1033,0.846,-0.6644906681308856,-0.137258185253701,-8.79175803202912,0.0514
1787415776.2041335,-0.6380480899379345,-0.18211740044639751,-8.853007373801283,-0.6495043286719206,-0.07246004793355411,-9.733827201815812,0.1103,0.881,-0.6313809706235444,-0.041738425617321946,-10.101036763048809,0.1405
1787415776.3271353,-0.6363765602977534,-0.182447559273193,-9.059754092851925,-0.6406785914576976,-0.04676882899696888,-10.284156303357939,0.1357,1.224,-0.632372929547906,0.005410976377301034,-10.899715908385245,0.1879
1787415776.3960464,-0.6358807227609732,-0.18250855158176268,-9.051872571196235,-0.6318906717415126,-0.01210041137346005,-11.247132428586227,0.1705,2.195,-0.6269682355753279,0.03443122962480977,-11.797799453651331,0.2171
1787415776.5253115,-0.6348355383246596,-0.1820486786301811,-8.608424021403891,-0.6408809198411994,-0.012700548640009716,-11.280684650583545,0.1695,2.672,-0.6446667748950643,-0.023916858073694255,-11.156792735365952,0.1584
1787415776.5911238,-0.6341778569398306,-0.1813464346619483,-8.303543736636568,-0.6441964031425989,-0.01097458425070861,-10.884651994373225,0.1707,2.581,-0.6481760340327106,-0.034530010343790225,-10.592996634831191,0.1475
1787415776.7340362,-0.6328097931718343,-0.17935875742223742,-7.940525131613542,-0.6411375099805742,-0.021146721417969853,-10.41578991247379,0.1584,2.475,-0.6400517060732056,-0.06034968836386465,-9.939741527417999,0.1192
1787415776.8480065,-0.6313494244559187,-0.17832431522509642,-8.007076595318907,-0.641681427018684,-0.012731842838017583,-10.45131139936447,0.1659,2.444,-0.6400517060732056,-0.06034968836386465,-9.939741527417999,0.1183
1787415776.907766,-0.6305960058490644,-0.17813593807346975,-8.041374110922222,-0.3931829339872023,-0.025466772598613616,-10.446181305669015,0.2823,2.405,-0.297971733109948,-0.051920568673394514,-10.246907666718403,0.3558
1787415777.0392885,-0.6291409062203849,-0.17836121421938544,-7.91174920228869,-0.5304976883548804,-0.03705541727312507,-9.982248741373962,0.1723,2.070,-0.6465021214529691,-0.019690960498921214,-10.224360426893451,0.1596
1787415777.1078663,-0.6285223342759413,-0.17844336003780947,-7.661568736430243,-0.5951942766182465,-0.031015045993479,-10.094973207645923,0.1511,2.433,-0.6225773852200768,-0.05386568952856699,-9.643388678037669,0.1247
1787415777.1798196,-0.6277051361657771,-0.1783561631208538,-7.657877173376086,-0.6159718646738144,-0.045761668126677695,-9.639249448839488,0.1331,1.981,-0.6205175742736435,-0.07216715321771895,-9.31294097699948,0.1064
1787415777.3352425,-0.6258006854134105,-0.1773206198243747,-7.729057979469127,-0.6207844238789738,-0.0568276382402535,-9.170185592630014,0.1206,1.441,-0.6248780465456554,-0.08943392511599547,-8.766185599492006,0.0879
1787415777.4034588,-0.6249152373527831,-0.17659201264195154,-7.967123179726491,-0.6129577446696161,-0.07328196931020287,-9.08056164597213,0.1040,1.113,-0.6056275259967359,-0.0976230791267622,-8.80669753377986,0.0813
1787415777.548549,-0.6232919888033162,-0.1769326200934383,-8.001561343212273,-0.6218225057565062,-0.07755253301036268,-8.942796577036782,0.0994,0.941,-0.6267384788005109,-0.08279435018720997,-8.87133589443689,0.0942
1787415777.6118505,-0.6224462922811453,-0.1775259038369143,-7.98932686579361,-0.6239934458708611,-0.0773539663218387,-9.299389761626445,0.1002,1.310,-0.6236447197002014,-0.06886158737965666,-9.40632885229379,0.1087
1787415777.740138,-0.6209724939316498,-0.17895216258475863,-7.61788505779245,-0.6203797558721418,-0.06767723873371975,-9.453005132941584,0.1113,1.835,-0.6149539491844942,-0.0426742494248064,-9.762794880264362,0.1364
1787415777.8198726,-0.6201900416955762,-0.17930114365197458,-7.604320939608555,-0.6254233393166824,-0.07565286563315052,-9.323508794608214,0.1038,1.719,-0.6299513464059271,-0.0900266992616222,-9.148913539473503,0.0898
1787415777.9495766,-0.6183025267039962,-0.17907661490453206,-7.621751210472345,-0.6181668425807868,-0.09537538828770369,-8.706602826711443,0.0837,1.085,-0.614933790840482,-0.12753768878053953,-8.31845937591833,0.0516
1787415778.0174882,-0.6173757170156928,-0.17872504338268422,-7.7753086581705615,-0.6197988538027471,-0.09848555020107619,-8.576043176400638,0.0803,0.801,-0.6203812866762101,-0.09834493553894866,-8.576100959711622,0.0804
1787415778.0867076,-0.6165405141111305,-0.17848258625417773,-8.051389682613346,-0.6316343986811241,-0.08827275646564384,-8.775205777866258,0.0915,0.724,-0.6394276318493083,-0.06236113451715843,-9.076300492992367,0.1184
1787415778.2316325,-0.6147825316092017,-0.17885417005301968,-8.051404014047108,-0.619356769002067,-0.07979527105939263,-9.42965313366729,0.0992,1.378,-0.6240762047982668,-0.09223053429437082,-9.278267135004283,0.0871
1787415778.3047922,-0.6139141043320064,-0.1794400556630548,-7.969550852408529,-0.6041669445890363,-0.07411999972211888,-9.560052278371757,0.1058,1.591,-0.5853113698960315,-0.039717016389540456,-10.003734496608391,0.1426
1787415778.4474654,-0.6123468567946088,-0.18051885135856438,-7.721751361903228,-0.6063104615507939,-0.07744579975552622,-9.405362517056954,0.1032,1.684,-0.6095691464194987,-0.08621464853635384,-9.293061811187322,0.0943
1787415778.520355,-0.6114516665559807,-0.18070419703415047,-7.698067341024116,-0.60489938859273,-0.076125421947171,-9.100367917688441,0.1048,1.402,-0.6243211297836058,-0.08213678397055353,-8.93841669132138,0.0994
1787415778.5905037,-0.6104426644130182,-0.18057942686905223,-7.706470122168206,-0.6174012656914833,-0.08253619429519378,-8.985180226187028,0.0983,1.279,-0.619685718761156,-0.09235740336579387,-8.863284535333037,0.0887
1787415778.7275887,-0.6085924295285999,-0.18006983027738596,-8.1088386043709,-0.6180736248941382,-0.08397961343509013,-8.944314360472859,0.0966,0.835,-0.6031223317594318,-0.0898607062229359,-9.095498989578058,0.0904
1787415778.7997062,-0.6076951673454284,-0.18011300760196075,-8.11720517687982,-0.6082906998137928,-0.08711864141396053,-9.120038104712298,0.0930,1.003,-0.5306187040564074,-0.32398873646946963,-5.963448185301007,0.1632
1787415778.929979,-0.6058761709854069,-0.181015329530169,-8.06278186299683,-0.5640937721017716,-0.1747901218720636,-7.731690993656875,0.0422,0.331,-0.5306187040564074,-0.32398873646946963,-5.963448185301007,0.1616
1787415779.0463274,-0.6042827959290927,-0.18217740106006478,-7.876063425255714,-0.5947700549532641,-0.13915581910701225,-8.877869506237012,0.0441,1.002,-0.6129294137295558,-0.050372895845570545,-9.934497695505023,0.1321
1787415779.1124816,-0.6034459403950725,-0.18247203321044508,-7.828181663980913,-0.5966595666841433,-0.1056242228474246,-9.214696243684664,0.0771,1.387,-0.5958012833099393,-0.04154178323646307,-9.9927630193622,0.1411
1787415779.2280433,-0.601514337710157,-0.1823094974972119,-7.777324606457976,-0.5952442833877574,-0.10760042438370228,-9.207830984223314,0.0750,1.431,-0.5958012833099393,-0.04154178323646307,-9.9927630193622,0.1409
1787415779.2901292,-0.6005405656716583,-0.18198346564398657,-7.870647197219537,-0.3947202408075192,-0.09450397728184652,-9.39465743924317,0.2236,1.524,-0.304756907505159,-0.10004140089062409,-9.458961806149636,0.3069
1787415779.4243762,-0.5992570124316468,-0.18171141933034096,-8.10552818703302,-0.5757111104220715,-0.09624413367481062,-8.994521652650699,0.0887,0.889,-0.6240208951251206,-0.11375173670270908,-8.703004335734265,0.0723
1787415779.4896514,-0.5988291047272039,-0.18202493004120135,-8.116992834806663,-0.5946773279426874,-0.09487671505797324,-9.398147257380792,0.0872,1.281,-0.6102032803876832,-0.08868960554391839,-9.458548846231768,0.0940
1787415779.6321487,-0.5979874576341954,-0.18327323732070971,-7.987415937003874,-0.6013972545855958,-0.0827217789211116,-9.518646594598268,0.1006,1.531,-0.6039923907929228,-0.05523608836710192,-9.848183053443215,0.1282
1787415779.7536278,-0.5970330062649202,-0.18420134028539817,-7.699596655505022,-0.5998847533471388,-0.06942525159846634,-9.711363315837044,0.1148,2.012,-0.5950067343030024,-0.043138701252510396,-10.03662045542037,0.1411
1787415779.8129725,-0.5963046422180288,-0.1842845899265977,-7.69244750743717,-0.6052372489208697,-0.06522819737312963,-9.75205096735944,0.1194,2.060,-0.5959299006130888,-0.0406934048362797,-9.941128834728483,0.1436
1787415779.9485784,-0.5945525829800791,-0.18366101834513468,-7.894791350788335,-0.4805912472850119,0.041205260197006204,-11.549700397122077,0.2521,3.655,-0.4039896855359025,0.16051591728695708,-13.130753212765198,0.3934
1787415780.0132282,-0.5933221555615014,-0.1834847331666537,-8.193724971718037,-0.5385881982434941,0.009176267435706646,-10.300789765418841,0.2003,2.107,-0.596749614230626,-0.09477718916103853,-8.948422736300301,0.0888
1787415780.13941,-0.5908228856686948,-0.18385271895036517,-8.868572375628606,-0.5326566227670108,0.022065654565250243,-10.364800137686506,0.2140,1.496,-0.602029922538842,-0.10388997610385561,-8.77657936384257,0.0807
1787415780.202865,-0.5896013222478405,-0.1843743653886891,-9.156202039802343,-0.5205412402698452,-0.1276503444950265,-8.453564539519734,0.0894,0.703,-0.4699930436339632,-0.2861493732102738,-6.580357547776426,0.1570
1787415780.3167105,-0.5873866111227759,-0.18571199860406093,-9.395785701422378,-0.5677585383550856,-0.12113930525123279,-9.445936262022398,0.0675,0.050,-0.6064882982171569,-0.07561058963633607,-10.005305311940678,0.1117
1787415780.450913,-0.585201905949522,-0.1860795380297167,-9.366321523666185,-0.5744770822337142,-0.09668066997410867,-10.459984126887466,0.0900,1.094,-0.5717508685394228,-0.0146194889257409,-11.470157673630945,0.1720
1787415780.520316,-0.5839217602128043,-0.18583020231068226,-9.34272388287996,-0.5815999413535681,-0.09028826073715913,-10.653930411988028,0.0956,1.311,-0.5732545041276185,-0.033968053087318324,-11.440748809439865,0.1522
1787415780.647606,-0.5814782984332182,-0.18498475600954567,-9.632295065448417,-0.5807971915966075,-0.07735432839515335,-10.888601179488802,0.1076,1.256,-0.5670260706390671,-0.016996169000616988,-11.559979644278856,0.1686
1787415780.7426324,-0.5800746397129465,-0.18491705471300962,-9.652952084065289,-0.5771307481719306,-0.060111352463103486,-11.006953593218576,0.1248,1.354,-0.5670260706390671,-0.016996169000616988,-11.559979644278856,0.1684
1787415780.839874,-0.5788944531538303,-0.18601919054817156,-9.724047268317321,-0.5574747142663709,-0.05383882807201398,-11.240129652143391,0.1339,1.516,-0.543395806428373,-0.04622978034916742,-11.375412717825824,0.1442
1787415780.939733,-0.5779973570250774,-0.18771861756811786,-9.45615016205051,-0.556085377808211,-0.05169619911250708,-11.334958185263945,0.1378,1.879,-0.5621857140321546,0.024499356288470685,-12.43069716456287,0.2128
1787415781.0485878,-0.5767698048762117,-0.18862710935415916,-9.397394207108952,-0.5619729621718664,-0.0248357297620173,-11.828139139641133,0.1645,2.431,-0.3785853419284869,0.1923076885311793,-15.617926654779133,0.4294
1787415781.1163085,-0.5760315226104965,-0.18876447541878805,-9.361529454624455,-0.5154613031112041,0.044071230957762705,-12.732991217650032,0.2406,3.371,-0.5832475267122003,-0.050866978693041784,-11.512720240407418,0.1381
1787415781.2459803,-0.5743848509138886,-0.18822562200934492,-9.288251225642618,-0.5531301506534595,0.03881667031492966,-12.816939557158324,0.2280,3.529,-0.5876516634332869,0.003784514897817669,-12.336887716531665,0.1925
1787415781.30854,-0.5736803768229567,-0.1879169261363452,-9.456101891313633,-0.5583168499429476,0.021521333628859298,-12.453522752448423,0.2100,2.997,-0.5645117237360892,-0.03247603666338748,-11.782085817075192,0.1557
1787415781.4243248,-0.5731404232319709,-0.18826481850567717,-9.465194911989268,-0.5667939475793534,-0.008252772591468952,-11.744248972908455,0.1801,2.279,-0.5770211373678121,-0.0904046109684526,-10.713911550895574,0.0979
1787415781.5389655,-0.5726259769844834,-0.1895245168267619,-9.249933973398837,-0.5686644858015532,-0.022056563571018047,-11.605051912623185,0.1675,2.355,-0.5717303541324746,-0.05900574908374373,-11.143767471363573,0.1305
1787415781.6048143,-0.5723736039464312,-0.1901880830604302,-9.221852713017855,-0.5705614809412124,-0.04023971402252401,-11.343348400765198,0.1500,2.121,-0.5735078720163214,-0.08232208769786509,-10.819237676128031,0.1079
1787415781.7256129,-0.5717830460579965,-0.19090892131037301,-8.952432730799307,-0.5813746578884958,-0.0684931201953617,-10.88860809568541,0.1228,1.936,-0.588336222499286,-0.12281376563808306,-10.210503114066807,0.0701
1787415781.8484948,-0.5708843590513262,-0.19075844334758693,-8.766380058910302,-0.5852311777555752,-0.06621560252341072,-10.917823188390564,0.1254,2.151,-0.5858156547641442,-0.055012643490020434,-11.052557593019664,0.1366
1787415781.9107695,-0.5704599762321105,-0.19046379469095975,-8.821113253904752,-0.5887535619314812,-0.05982861174643222,-11.188231298894095,0.1319,2.367,-0.5922302535057602,-0.06135673530690174,-11.167403209485,0.1309
1787415782.0495226,-0.5695077832547404,-0.19061139927918952,-8.980474015189454,-0.5614428169146477,-0.04682757592622844,-11.252646764046501,0.1440,2.272,-0.5221671280889992,-0.0021250286805259647,-11.901702074684236,0.1943
1787415782.1102726,-0.5688838758391453,-0.1912226374206225,-8.973905108084072,-0.559415164929594,-0.06064726854110892,-11.042529934106392,0.1309,2.069,-0.5596628649310955,-0.08775633130982964,-10.70996734611837,0.1039
1787415782.2223904,-0.5680876404528351,-0.19248194794108395,-9.05398569537815,-0.5657710075112146,-0.06541281287646376,-10.471113469762464,0.1271,1.417,-0.5718253330126293,-0.07695270970639961,-10.315949878535303,0.1156
1787415782.3486273,-0.5677131472641644,-0.1928246240407573,-8.979132752828853,-0.5676362718748342,-0.06043310852365545,-10.663853048026139,0.1324,1.685,-0.5685591491451363,-0.04435401540907684,-10.860488277353449,0.1485
1787415782.410952,-0.5674087075169714,-0.19259676815154275,-8.88657918610994,-0.5709747438963247,-0.043192935412700695,-11.021640554798426,0.1494,2.135,-0.5710854732523494,-0.002838240976415083,-11.513922185192621,0.1898
1787415782.5329282,-0.5661250574594267,-0.19098667114413884,-9.048436352858822,-0.5793734753323981,-0.029037719782266,-11.15346920074984,0.1625,2.105,-0.5849577060665838,-0.004245147090238035,-11.444772739926707,0.1877
1787415782.600249,-0.5655808639010713,-0.1901221234319892,-9.301884195191908,-0.5656473923614652,-0.026012538460256297,-11.345551284450284,0.1641,2.044,-0.5564497830066076,-0.02780546059355351,-11.338066916680008,0.1626
1787415782.7160072,-0.564218247463441,-0.18940165250676358,-9.35154355058705,-0.5601899038398325,-0.03203120645564086,-11.193439873216608,0.1574,1.842,-0.557411090885914,-0.04929243032893175,-10.985302837930554,0.1403
1787415782.831624,-0.5628432397642402,-0.18957755823371103,-9.287210744503511,-0.569109723147442,-0.040290479545503036,-10.98274063175869,0.1494,1.696,-0.5772696884291836,-0.06187555739276783,-10.706709305011698,0.1285
1787415782.9457684,-0.5616252091226192,-0.18987114874871105,-9.084029218777024,-0.5548966496857336,-0.06469773935632105,-10.542270184896635,0.1254,1.458,-0.5480119554311952,-0.10389712216959872,-10.081421881800631,0.0870
1787415783.004894,-0.5609037403115822,-0.1897573022699563,-9.052757683980756,-0.5573931845137455,-0.06648336101808662,-10.680884905949938,0.1233,1.628,-0.5599530327185188,-0.06443045714057095,-10.705559702009747,0.1253
1787415783.1322367,-0.5592112654133714,-0.1888173195187382,-9.050161199401265,-0.5606452312763766,-0.056747495852734905,-11.039733951194687,0.1321,1.990,-0.5594379236035321,-0.06705760142402509,-10.919315634572557,0.1218
1787415783.25085,-0.5575959181922409,-0.1874446166412031,-9.421065257678032,-0.5615168552125595,-0.0679187933826126,-10.94454722932346,0.1196,1.523,-0.5609883217754396,-0.08116990558514707,-10.79125509389566,0.1063
1787415783.319035,-0.5561133575457063,-0.18733142663553617,-9.442249971959233,-0.5700221181978096,-0.10135617569842538,-10.115814622075522,0.0871,0.674,-0.5797896811001982,-0.17256496777797428,-9.2529932128269,0.0279
1787415783.4517665,-0.5531035178763632,-0.1879748541258552,-9.402297889814742,-0.5726558721043492,-0.14040054391647105,-9.513619855876735,0.0514,0.111,-0.5836716382786421,-0.19887796766537952,-8.795887907293512,0.0325
1787415783.517554,-0.5516583545364978,-0.18860103163248482,-9.233176437100205,-0.5719484206421281,-0.18214234509327626,-8.988208915820888,0.0213,0.245,-0.565621546918651,-0.19600372609647418,-9.016259882670127,0.0158
1787415783.6394875,-0.5490211928035059,-0.1892630409607067,-8.926622793238858,-0.568264586690368,-0.19465831365441155,-9.027914815603372,0.0200,0.101,-0.5894142970340079,-0.21925135002648577,-8.89961606970875,0.0503
1787415783.7033808,-0.5476815595900751,-0.18917226214305774,-8.92543550660141,-0.5582244264345112,-0.195473006226041,-9.483601493146134,0.0123,0.558,-0.5466187204842823,-0.012943153022531914,-11.537085544900089,0.1762
1787415783.806765,-0.5448564145852824,-0.18803958608651802,-8.882062339849895,-0.5566261735167987,-0.21050662440151016,-9.402945224533564,0.0254,0.521,-0.5466187204842823,-0.012943153022531914,-11.537085544900089,0.1751
1787415783.9110963,-0.5433398453471221,-0.18708641781702523,-8.991596672983233,-0.4100170637996744,-0.042364163263995086,-11.828034362451346,0.1968,2.836,-0.3384189920667084,0.161172498500607,-14.465194774041674,0.4041
1787415784.0307353,-0.5417616890803164,-0.18687737503988355,-9.176394563924745,-0.4834178910914459,-0.060332365168096716,-10.695093226219784,0.1393,1.519,-0.54621063649737,-0.11933606715813798,-9.85396530275748,0.0677
1787415784.1519666,-0.5403253397736356,-0.18770780285482588,-9.375527697615802,-0.5178721311306522,-0.070031595716778,-10.441255825884165,0.1198,1.066,-0.5530289148591346,-0.10398841115698185,-9.960729488215623,0.0847
1787415784.220309,-0.5397264157524218,-0.18818684851249018,-9.304489689633506,-0.523948304801632,-0.07350403809807748,-10.391249385531946,0.1158,1.087,-0.49423795626294426,-0.046898770090584414,-10.91921582634042,0.1484
1787415784.3478625,-0.5391429262455947,-0.18809994647308004,-9.200003203062929,-0.5322436746869484,-0.05805397805293879,-10.711221046113451,0.1302,1.511,-0.5499647135374943,-0.047208494073322727,-10.817879510875974,0.1413
1787415784.4531872,-0.5387441729190118,-0.18739907013460905,-8.896491541945807,-0.5467893333652836,-0.05351853897775232,-10.933641083262573,0.1341,2.037,-0.5574746520972517,-0.050434773901808484,-10.958819841300011,0.1382
1787415784.5129333,-0.5387728525543969,-0.18735933902369534,-8.91227101038253,-0.5465387066475427,-0.050875936959901134,-11.130744350673135,0.1367,2.218,-0.5450578948313666,-0.04998184601112988,-11.146623274850077,0.1375
1787415784.629313,-0.5387502016856284,-0.18780080055308457,-9.191427236064483,-0.540914092287187,-0.05219717519804642,-11.199603071504898,0.1356,2.008,-0.6640669152148295,-0.31724681759592466,-7.030695166069723,0.1802
1787415784.7504644,-0.5383234296147394,-0.1896061233457252,-9.127000468356563,-0.5676542228592982,-0.0841993269515065,-10.337336376734456,0.1094,1.210,-0.5126875405069858,-0.1047001434842046,-10.280867256137409,0.0887
1787415784.8142116,-0.5381572836254938,-0.19085412234260243,-8.964713569716094,-0.5394188940297895,-0.09135902288837566,-10.359639864337987,0.0995,1.395,-0.5281633383251778,-0.1261285789361673,-9.996961835218643,0.0655
1787415784.951536,-0.5374588345627836,-0.1926643568506637,-8.668424304248367,-0.5323192786534555,-0.10498896625608053,-10.24552503660545,0.0878,1.577,-0.5449558817542933,-0.04656996290311944,-10.904577404919364,0.1463
1787415785.0199854,-0.5367612028273077,-0.19303893737481345,-8.653388789732734,-0.5410970041800454,-0.08461353150799307,-10.445159211050596,0.1085,1.792,-0.549309935053673,-0.07317601601795846,-10.733510728067127,0.1205
1787415785.1484733,-0.5352757187505257,-0.19322758478508495,-8.847811015287016,-0.5330717497314651,-0.0844407875439715,-10.555000167374988,0.1088,1.707,-0.5227768543119076,-0.08819556463127207,-10.524902940625644,0.1058
1787415785.2109237,-0.5341443088847919,-0.1935246835406592,-9.121054297935995,-0.5522420389426732,-0.12453985007914986,-9.847208091900475,0.0713,0.726,-0.566193722189285,-0.19601384865246937,-8.975353201285877,0.0321
1787415785.336281,-0.5318389954674394,-0.19485779148647306,-9.724729618897387,-0.5566184551157124,-0.1459559018420288,-9.430454317249222,0.0548,0.294,-0.5592689954004118,-0.18023127922835133,-9.015708017062831,0.0311
1787415785.448831,-0.529587568463629,-0.19700262655461567,-10.15275797104704,-0.5576969762708759,-0.17075767740102443,-8.826925229133995,0.0385,1.326,-0.5620272614126948,-0.201862557163669,-8.446881485799008,0.0328
1787415785.5023503,-0.5285812332756222,-0.19809747516459428,-10.193545755932242,-0.5612599056923153,-0.2057955471222503,-8.430144199269403,0.0336,1.763,-0.5133771313142449,-0.12869812374054607,-9.767521790963558,0.0710
1787415785.630854,-0.5265430753516528,-0.19893027578773154,-10.154939986869268,-0.5337337793147938,-0.15115292171910819,-9.673223479937032,0.0483,0.482,-0.5438635703831814,-0.11074945133275797,-10.144136879603884,0.0899
1787415785.7459385,-0.5241570266157601,-0.19877319604680627,-10.19636030592645,-0.5324304771929828,-0.13702026617200727,-10.152710572808925,0.0623,0.044,-0.5384879086998983,-0.045009247709921096,-11.158073963969548,0.1544
1787415785.8110292,-0.523019913967161,-0.19853160614540055,-10.377415261057791,-0.5280058585738919,-0.06922066800440606,-12.64987414589216,0.1294,2.272,-0.522374746791895,-0.04216532700291303,-12.329591439368997,0.1564
1787415785.9218106,-0.5217842962080124,-0.19860702279165143,-10.414823096095166,-0.5295364384803761,-0.05427680340712577,-12.227379455167496,0.1445,1.813,-0.5331457822468729,-0.06330973905696492,-12.106299526315608,0.1358
1787415786.0340066,-0.5205248627068708,-0.19954702603746044,-10.421443091468708,-0.5265384973902968,-0.05404458456501132,-12.122561839562888,0.1456,1.701,-0.5269395917541768,-0.07443578313345572,-11.869268767698257,0.1253
1787415786.1012495,-0.5199552919589261,-0.2002516419517361,-10.315912517359381,-0.5235104282188676,-0.05338361207361118,-12.114954644967131,0.1469,1.799,-0.5225482269453243,-0.06329376232452019,-11.993679359829335,0.1370
1787415786.2271502,-0.5194393005523023,-0.20059030495112082,-10.235184586397484,-0.5289890944476132,-0.05855330236979067,-12.065121443427572,0.1424,1.830,-0.5081587806321334,0.012845562136687576,-13.35342327970906,0.2137
1787415786.3444004,-0.5185781761498119,-0.2000549829739944,-10.127951455075058,-0.5092936862156627,-0.018566233265341126,-13.005818354354615,0.1817,2.878,-0.5009257853650433,0.010065321035794522,-13.36959308372045,0.2109
1787415786.405379,-0.5180899342969187,-0.19949462779748883,-10.177037599126082,-0.5078961665720889,-0.009616358615115353,-12.965708452332033,0.1902,2.789,-0.5089348720183506,-0.006385979349995518,-13.001801980482119,0.1933
1787415786.5203402,-0.5171078212162953,-0.19857329716872477,-10.382812817101357,-0.5038245550161358,-0.010249821063951487,-12.837744718782838,0.1888,2.455,-0.5036173501368465,-0.028659387748774464,-12.6091071815715,0.1704
1787415786.6459723,-0.5159059584272333,-0.19858940533448535,-10.435063137457675,-0.5050774002276874,-0.02644539753344949,-12.567773258658386,0.1725,2.133,-0.5105015494722888,-0.07697986648483829,-11.93522437620694,0.1217
1787415786.7210302,-0.5153118276275014,-0.1989277868355069,-10.405943602415663,-0.5084798378190832,-0.0348274155035173,-12.448847616432499,0.1642,2.043,-0.5102919350125125,-0.06518130560197488,-12.231070301561362,0.1338
1787415786.791219,-0.5148327479854796,-0.19937985354150148,-10.219370428108876,-0.5143081777550048,-0.046367278756644634,-12.458051847019897,0.1530,2.239,-0.5191783525319019,-0.053257893258742,-12.372702046167454,0.1462
1787415786.9302135,-0.5135287919018646,-0.19953586433599613,-9.93100884456929,-0.510468767282272,-0.05156718062329013,-12.412248999314379,0.1480,2.481,-0.5083949071786827,-0.06477396558830012,-12.254119927935676,0.1349
1787415786.9940138,-0.5125394869544028,-0.1991123841880516,-10.016036330135856,-0.5048206335384007,-0.027390402308968085,-12.575693308888319,0.1719,2.560,-0.5023824624900096,-0.1074597290780476,-11.452509499929942,0.0922
1787415787.1132681,-0.5106019138919502,-0.1978037303919999,-10.515557495665663,-0.5042965050240923,-0.05729807512974279,-12.051705172560192,0.1406,1.536,-0.5292628855758177,-0.19934225637805666,-9.875123694517548,0.0187
1787415787.2205431,-0.5088907249215784,-0.19718287450065178,-10.56987232347956,-0.5198912204534663,-0.1116644180030205,-10.944974196257098,0.0862,0.375,-0.5366944953908205,-0.1804545439001963,-10.15247220254716,0.0324
1787415787.3341463,-0.507170991673313,-0.19745773288540794,-10.544926709612044,-0.5300670711613672,-0.14093237791645638,-10.636163445032823,0.0610,0.091,-0.4826257296937854,-0.09235557390520446,-11.658589216527579,0.1079
1787415787.450603,-0.5056583782052281,-0.19817552958753892,-10.14459713457034,-0.5022211392815272,-0.13095411763196302,-11.155696123024054,0.0673,1.011,-0.4826257296937854,-0.09235557390520446,-11.658589216527579,0.1083
1787415787.5072842,-0.5048159364473528,-0.1982685688951512,-10.135002212354584,-0.48544377081193296,-0.09464233981896791,-12.011868266378348,0.1054,1.877,-0.4754885051798072,-0.07467223944141947,-12.263927349168148,0.1270
1787415787.6211634,-0.5028062191320942,-0.197746517528815,-10.140951885242895,-0.49247251185971386,-0.07750486261650748,-12.268874588020314,0.1207,2.128,-0.4986583798235644,-0.0488873495721003,-12.610230741924353,0.1489
1787415787.7415276,-0.5006389831644315,-0.19652661697665974,-10.422989428506575,-0.4896481284782457,-0.07379737564703227,-12.21949820480597,0.1232,1.797,-0.4892446272413985,-0.06936418186729543,-12.272730838696292,0.1277
1787415787.8015263,-0.4997418062574899,-0.19606763280568712,-10.448924613140726,-0.4895577682341044,-0.08851481157819058,-11.597378982422637,0.1080,1.148,-0.4934728027989052,-0.12120241340845606,-11.19194883460927,0.0751
1787415787.9335096,-0.4979172579141385,-0.19583850593598268,-10.53530767973375,-0.49716614090850053,-0.09696739143391286,-11.431286826250549,0.0989,0.896,-0.5033343578997169,-0.11286135749636493,-11.227322467731623,0.0832
1787415787.995055,-0.497009524291007,-0.1961075532364193,-10.524030857391537,-0.49356037712219897,-0.11212575360130116,-11.255158562619844,0.0841,0.731,-0.49281526372019374,-0.1378238596746785,-10.944895608462632,0.0584
1787415788.106813,-0.4954095567361695,-0.19675491848671658,-10.169716063169933,-0.49383276741689,-0.12077237123766578,-11.463653014797126,0.0760,1.294,-0.4951407832043503,-0.12963981051321774,-11.356772505293751,0.0671
1787415788.2169247,-0.49351220551256425,-0.19671509443037236,-10.155929012316385,-0.48808433380196836,-0.10873791268507361,-11.66295868768323,0.0881,1.507,-0.48494610151285156,-0.08245069283041973,-11.98653326557609,0.1146
1787415788.3257856,-0.49131555887466194,-0.19587532607058983,-10.240701668172575,-0.4845599376079852,-0.1076544441475632,-11.780278327821105,0.0885,1.540,-0.48323064202798777,-0.10227309589119776,-11.848367630644859,0.0940
1787415788.4477136,-0.49044678811673087,-0.19577075210077377,-10.139866447732407,-0.4847126882890278,-0.11021220580665975,-11.703974795241262,0.0858,1.564,-0.4861009146249455,-0.11257935179419422,-11.672153548828673,0.0833
1787415788.512063,-0.4899975761639323,-0.1959720562522159,-10.20536914333347,-0.4936043389804181,-0.11940634309677552,-11.45601292713017,0.0767,1.251,-0.5001292196732579,-0.13214581751058307,-11.288771805155337,0.0646
1787415788.584902,-0.4896530329447173,-0.19663595455924313,-10.304081260966955,-0.5013746682485184,-0.10237827864326225,-11.39156320979865,0.0950,1.087,-0.4993051044886075,0.07345223721627703,-13.411555625080288,0.2703
1787415788.748269,-0.48887911422856495,-0.19916847935461388,-10.079653991092195,-0.4998252198462276,-0.11205274885650526,-11.329905793950935,0.0878,1.250,-0.49873306973986353,-0.12804733613303987,-11.133872977508165,0.0718
1787415788.8193974,-0.4885279252756618,-0.20023457420525326,-9.776938818608643,-0.4744225328826923,-0.1265375734237646,-11.229012101274662,0.0750,1.452,-0.4611138645002984,-0.05266469689773695,-12.192167850071765,0.1501
1787415788.9305365,-0.48690096523171456,-0.2008559890660375,-9.798267782856628,-0.4745280327003915,-0.12359483427300179,-11.291619916976764,0.0782,1.493,-0.475719386349637,-0.11396546894401338,-11.406663425247064,0.0876
1787415789.0485713,-0.4850068371228564,-0.2010220583658878,-9.925296988838323,-0.47053297526491855,-0.13335480153110127,-10.988326568961206,0.0692,1.063,-0.46963036985252915,-0.1506062057302098,-10.776709523879841,0.0527
1787415789.1016455,-0.484005276006476,-0.20128509636712896,-10.002304697274665,-0.5057751508332075,-0.17490483818153993,-9.912207899973358,0.0342,0.090,-0.5435220893757935,-0.2558044131971389,-8.85261020365499,0.0807
1787415789.2159224,-0.4819746107642887,-0.20253240544448095,-10.22599541408617,-0.4824108757819856,-0.16142251493279125,-10.363183115759528,0.0411,0.137,-0.46168249927759997,-0.12942269528192896,-10.8035957416872,0.0759
1787415789.339814,-0.48017117264566345,-0.20473586679681197,-10.425922434663741,-0.4982030754000329,-0.18655951623741446,-9.874777924333493,0.0256,0.551,-0.5138943701921176,-0.24044005025708612,-9.170001578895413,0.0491
1787415789.4000206,-0.47939396294716385,-0.2058670323455975,-10.34344215838606,-0.4749906051341842,-0.16174878842682716,-10.592550030147418,0.0443,0.249,-0.4490494119086815,-0.10368314026277071,-11.375436919294161,0.1066
1787415789.509291,-0.47764719980138604,-0.2069637876863286,-10.302187064877966,-0.47553295258142214,-0.14220814551153882,-10.837776986242677,0.0648,0.536,-0.47791757644208904,-0.10175184838818496,-11.32674155016075,0.1052
1787415789.625037,-0.4755795889632327,-0.20723020894139296,-10.361438609461828,-0.48123853371710057,-0.11529744217570541,-11.427525678030126,0.0921,1.066,-0.48827303423424745,-0.049312797912789884,-12.38678336626738,0.1584
1787415789.688857,-0.4745852354194875,-0.20718862342474675,-10.536802468977873,-0.4862270580213311,-0.0798272127759319,-12.207025916584204,0.1279,1.670,-0.4872725762052128,-0.061117567871102355,-12.434782214213337,0.1466
1787415789.7738416,-0.47415809792980346,-0.20714409362591094,-10.637110354305788,-0.47630327379297754,-0.0666023515892454,-12.295959191598778,0.1406,1.659,-0.46588848861085264,-0.04083585600326007,-12.629284044329033,0.1665
1787415789.9220064,-0.47327407432040125,-0.20807061840509125,-10.882729546809626,-0.47590568537493877,-0.05854016504775392,-12.360825256013914,0.1496,1.478,-0.4651834181762546,-0.02170383815870274,-12.850937353315453,0.1865
1787415790.03934,-0.47259897440787085,-0.2096298799145646,-10.78246409932391,-0.47004895560111376,-0.0432371930986087,-12.575785151794905,0.1664,1.793,-0.4651834181762546,-0.02170383815870274,-12.850937353315453,0.1881
1787415790.150009,-0.47151491313479293,-0.21051836767224852,-10.729655220646277,-0.47191127657826987,-0.035864873261805055,-12.805116083079618,0.1747,2.075,-0.4745318027318244,-0.03797297912529243,-12.777062583135423,0.1726
1787415790.2059746,-0.4708324760503362,-0.2106471839152809,-10.708494003383183,-0.4684265941096763,-0.01656826068010478,-13.395105612833385,0.1941,2.687,-0.4658574534392078,0.0057449321749264495,-13.679184998044423,0.2164
1787415790.3265915,-0.4693950229957877,-0.21038507674647577,-10.897009179476793,-0.458091525478109,3.066462559022168e-05,-13.746522720432937,0.2107,2.850,-0.4540775665609328,-0.024798966500985335,-13.442438166404791,0.1862
1787415790.4462848,-0.46802584749129655,-0.2104586717631643,-11.172279173659506,-0.4558827885089672,0.008645377730273872,-13.967831392214242,0.2194,2.796,-0.45616804751553147,0.008902751473413222,-13.97172120379218,0.2197
1787415790.5048788,-0.46726086507517994,-0.2108619386779993,-11.17887707893159,-0.4600663265163251,0.003115483602250826,-14.032385892973151,0.2141,2.854,-0.4637321890803073,-0.01779813638360367,-13.778322694311463,0.1931
1787415790.6525946,-0.4651245265546085,-0.21231996185039367,-11.040209128869273,-0.457706283085127,0.012514644326621142,-14.185465797881825,0.2250,3.145,-0.4637321890803073,-0.01779813638360367,-13.778322694311463,0.1945
1787415790.7115483,-0.46445110058429556,-0.21231235478674448,-10.911916099922133,-0.38562275491195086,-0.008393028726472285,-13.175507444595683,0.2186,2.264,-0.34633612527299706,-0.2535745234563033,-10.389156860113333,0.1251
1787415790.8229737,-0.46283008389656305,-0.21164629715274202,-10.570264193002279,-0.4094874020977951,-0.018084594438625125,-14.005897817960275,0.2008,3.436,-0.43366564806522256,-0.027223507578493244,-13.87654460600712,0.1867
1787415790.9427636,-0.4610719668397804,-0.20978483178941068,-10.361533923059254,-0.43380934577753444,-0.024867610096555304,-13.763913764758277,0.1869,3.402,-0.4514716225516437,-0.04114868824643093,-13.561664903939008,0.1689
1787415791.0036964,-0.4602862990078416,-0.2087423972985156,-10.436137147686269,-0.45123313973843127,-0.03341550092812874,-13.382075070776748,0.1756,2.946,-0.44859162105163863,-0.036481980450016924,-13.344752765247769,0.1727
1787415791.085966,-0.45950007676606297,-0.20816807360170925,-10.462627642795892,-0.45019076358663024,-0.039429020370900396,-12.674489941579031,0.1690,2.212,-0.451049556622863,-0.06092945945838435,-12.398319997320085,0.1475
1787415791.2336178,-0.45789257846163967,-0.20804737668699982,-10.510951920286036,-0.44657773205224716,-0.04223810923835093,-12.705440343285417,0.1662,2.194,-0.44445405226853485,-0.04800680904598461,-12.637156466305592,0.1606
1787415791.2940931,-0.457178630661115,-0.2082857250419721,-10.384512591991625,-0.4454091717694265,-0.041838473654935225,-12.721388490803037,0.1669,2.337,-0.4654210958572795,-0.06104938371430277,-12.550347027502076,0.1475
1787415791.4309855,-0.4557601615248704,-0.20829252895767664,-9.86472316899998,-0.33539375223203255,0.030434589732569857,-14.513615444094725,0.2674,4.649,-0.23572966432176704,0.1790693000097315,-16.58228998988744,0.4455
1787415791.5288777,-0.4544375474116323,-0.20723325605134343,-9.724067893465927,-0.31533965271333836,0.04050111482016214,-14.671564085044679,0.2841,4.947,-0.23572966432176704,0.1790693000097315,-16.58228998988744,0.4439
1787415791.64335,-0.45301549339001934,-0.20564231082639706,-10.049489053772513,-0.3294765141896684,0.06121280852061614,-13.823723756480394,0.2941,3.774,-0.42773973219567096,-0.0747703571520976,-11.805860020702628,0.1333
1787415791.6947994,-0.45229912671231387,-0.20523003839429388,-10.07225372194794,-0.31712320604841915,0.07123281038457714,-13.883071435478705,0.3077,3.811,-0.4443836671689391,-0.11377615787533035,-11.044858004796186,0.0918
1787415791.8216918,-0.4508208462788865,-0.20509789789079277,-10.135808690627334,-0.39851991594023667,0.006859685921664985,-12.627086657067744,0.2183,2.491,-0.21551577623073104,0.0978374065857903,-14.854595547643212,0.3836
1787415791.931377,-0.4494116248022949,-0.20574841677974273,-10.000802231484782,-0.27989434964142074,0.0471112350947972,-14.078296429549122,0.3044,4.077,-0.4712548430826168,-0.0681887954318738,-11.611937883602128,0.1393
1787415792.048259,-0.448085318820183,-0.20620046186076005,-9.759220429701424,-0.39487523006604,0.032419092985131806,-12.912144153292854,0.2445,3.153,-0.4295857766172643,-0.10522924664060429,-11.502549145445444,0.1027
1787415792.114812,-0.4472578376615256,-0.20608947465262928,-9.744116039946777,-0.41852569935691747,-0.030934070286035682,-12.41326651721285,0.1775,2.669,-0.4324608372534546,-0.10771743946515219,-11.507912996095026,0.0995
1787415792.2314467,-0.44529144676698185,-0.20510666719903195,-9.904179034124613,-0.4275170656253589,-0.07612505390080444,-11.863951327604205,0.1302,1.960,-0.42524410964374426,-0.08805747091523901,-11.72080589255904,0.1188
1787415792.3429272,-0.44354951391126984,-0.20407667493403875,-10.175240725394119,-0.4292523693648645,-0.07623466620747756,-11.662945683067353,0.1286,1.488,-0.489167281848389,-0.25889699808227995,-8.913000681010567,0.0713
1787415792.3977106,-0.4427005061660024,-0.2038894278946341,-10.212100806833062,-0.4675004135271523,-0.1786604712730389,-9.88937024473508,0.0354,0.323,-0.4966879696620709,-0.23222415873404006,-9.161083638802275,0.0610
1787415792.5049195,-0.4409945253122438,-0.204122169343825,-10.239833386112679,-0.47583727443466267,-0.1983407067941139,-9.696664554897454,0.0353,0.543,-0.4966879696620709,-0.23222415873404006,-9.161083638802275,0.0624
1787415792.6096225,-0.43946373415012396,-0.20484218305176952,-9.958372296211982,-0.4920056527593418,-0.22890135619098925,-9.368022654232991,0.0578,0.590,-0.5110750116376772,-0.2590098940423084,-8.950946934295708,0.0898
1787415792.7217844,-0.43782098210084236,-0.20496432691138955,-9.912528418715844,-0.46996952145269044,-0.22765420388524435,-9.842993470910358,0.0393,0.070,-0.45926022192105953,-0.19878855833991937,-10.211583589514142,0.0223
1787415792.846708,-0.4358315557607419,-0.20420139079240054,-9.895910348705728,-0.4475553851270786,-0.20137616130195948,-10.433781210072354,0.0121,0.538,-0.4364645203318912,-0.13493971185856093,-11.250157595544877,0.0693
1787415792.9047313,-0.4348198180629336,-0.20357852276650026,-10.006245515591875,-0.460646873169398,-0.2088379900177198,-10.142455974214146,0.0264,0.136,-0.4564947319181859,-0.23505659808567506,-9.589862042929932,0.0382
1787415793.0243824,-0.4330578075011674,-0.2032618073580684,-10.257752150222856,-0.4586392178485633,-0.2250402968787701,-9.708113175938617,0.0336,0.550,-0.508740112955327,-0.25666497755792395,-8.982454406465449,0.0926
1787415793.1364787,-0.43134939367174996,-0.2047612054487103,-10.24127739577019,-0.5082706977547701,-0.264662585915885,-8.735304786500533,0.0975,1.506,-0.5376302175398134,-0.292512713508972,-8.305009155958137,0.1378
1787415793.2514174,-0.42978549741579686,-0.20721858533205412,-9.941758303673152,-0.5081069007138773,-0.2856351532680919,-8.579733732962174,0.1108,1.362,-0.5037709812529743,-0.2926595598375284,-8.507672637778528,0.1130
1787415793.3063293,-0.4290657977491564,-0.20818865273626894,-9.911060525039714,-0.47869183875517607,-0.275097400165235,-9.047080777179556,0.0833,0.864,-0.44749563287846206,-0.20454242480765467,-10.010227159423431,0.0188
1787415793.427961,-0.42737243402885805,-0.20949601153146657,-9.797296700237226,-0.4384257674122921,-0.23006771803523085,-9.976099853009712,0.0234,0.179,-0.40862340879310155,-0.1313141470540293,-11.251361060136842,0.0804
1787415793.540433,-0.42542641443588697,-0.20996056733309412,-9.857575355057097,-0.43185544476366566,-0.20062895083924198,-10.261623158994457,0.0113,0.404,-0.4262515804958567,-0.135646144665756,-11.070513730819881,0.0743
1787415793.5970151,-0.42454150912482314,-0.2101222213993617,-10.046344419287998,-0.42705835926321933,-0.18334045561781442,-10.126178087039321,0.0269,0.080,-0.4077503065752914,-0.11078081665602031,-11.23031401398487,0.1008
1787415793.7112632,-0.422826725569616,-0.21122444681618,-10.299355114373714,-0.41899061006847216,-0.1626777112199123,-10.537716255136496,0.0487,0.238,-0.4077503065752914,-0.11078081665602031,-11.23031401398487,0.1016
1787415793.834852,-0.42119015823116357,-0.21344823977469288,-10.305710622919454,-0.4103341923922616,-0.09254405559402437,-12.153681159614797,0.1214,1.848,-0.39411323762234407,-0.02103539429174107,-13.107979373743351,0.1943
1787415793.94799,-0.4198335613221214,-0.2157510280624545,-10.133218366504563,-0.4143773080420509,-0.06718036183016482,-12.471656856413732,0.1487,2.338,-0.4180112585868368,-0.0354379898080403,-12.865839245999195,0.1803
1787415794.0041714,-0.41911438855765937,-0.21651254396399566,-10.064024946289178,-0.413375915896092,-0.05562558437092145,-12.585617784750218,0.1610,2.522,-0.41433635022300636,-0.048423840341825945,-12.674974949985929,0.1682
1787415794.116305,-0.41741910469738536,-0.21740442211955474,-9.950131833496355,-0.40055316346431696,-0.0504261327045989,-12.307781117401426,0.1678,2.358,-0.39658750549278354,-0.06826505683918309,-12.08641051609165,0.1506
1787415794.2318268,-0.4156933681330172,-0.21773320003538987,-10.132795739106948,-0.3953547965082032,-0.03838216927098622,-12.379998818053917,0.1805,2.247,-0.4201962144420799,-0.06392538021210517,-12.130373330100754,0.1539
1787415794.2974374,-0.4153538986586591,-0.21797179775097034,-10.232258887161194,-0.24061482043674623,-0.03208211633501139,-12.870469914413501,0.2551,2.638,-0.11649196841501445,-0.0380381315323304,-12.968890168902885,0.3488
1787415794.432525,-0.4146235248664618,-0.21924810332966416,-10.448249116183035,-0.317060186506438,-0.014279968252089973,-13.17575876596959,0.2270,2.728,-0.3964538337412241,-0.011763988844525395,-13.111151534909038,0.2083
1787415794.499544,-0.4142900614957934,-0.22022280249807236,-10.482008104147699,-0.35642753823358775,0.002052127168717788,-13.457207093919976,0.2297,2.975,-0.395933947338756,0.00984848071675473,-13.516679311331398,0.2308
1787415794.6089644,-0.41442574139014476,-0.22088027068859098,-10.629949496394127,-0.3963382278898335,-0.005704985091206809,-13.489065740529814,0.2159,2.859,-0.42484068386518536,-0.028711988422534356,-13.206398433686148,0.1925
1787415794.733719,-0.4142970774627253,-0.22058196237010724,-10.594056182654525,-0.4017570146938734,-0.0006485701188721571,-13.777879637034664,0.2203,3.184,-0.4055887081559349,-0.011875090392175323,-13.633975819640893,0.2089
1787415794.8027506,-0.4138643074479173,-0.21971126983099926,-10.681561593282332,-0.40817396121933375,-0.03609064028123228,-13.201327467926944,0.1837,2.520,-0.40955402385044354,-0.10429479986591823,-12.363936956203059,0.1155
1787415794.9289732,-0.4131673198863906,-0.21783258570451558,-11.207421112615267,-0.4105524991444822,-0.06212219892568174,-12.841486929517934,0.1557,1.634,-0.41085118551722244,-0.08275656675511994,-12.529386252093625,0.1351
1787415795.0411344,-0.4120396038138194,-0.21716768324140456,-11.208871964723908,-0.4082239462824987,-0.07317554623968553,-12.74131694469589,0.1440,1.532,-0.40535498708029305,-0.08089425285940657,-12.648732858449899,0.1364
1787415795.0988936,-0.41137958453266704,-0.2172886840308161,-11.112775459549336,-0.4009074721286662,-0.06619935649103026,-13.392747511313456,0.1515,2.280,-0.39609660211736203,-0.05130679333376311,-13.580372765724814,0.1667
1787415795.2120235,-0.40979196691649133,-0.2177505065702873,-10.686818644491744,-0.3848229959735001,-0.07546668306332335,-13.228614204462017,0.1445,2.542,-0.3882682048493459,-0.05559298987957932,-13.39383031552716,0.1636
1787415795.3196578,-0.40770358256769385,-0.21763476006336263,-10.063329334898636,-0.37632170076895216,-0.08201349248725956,-12.887048158304037,0.1392,2.824,-0.37190378018185277,-0.10602282090369425,-12.592687391414932,0.1172
1787415795.4338062,-0.405222308991972,-0.21637852032709662,-9.78164472422105,-0.35035738836633407,-0.10578031253951682,-11.988809651696863,0.1235,2.207,-0.3346020138544073,-0.13371640388875175,-11.698191132841027,0.1087
1787415795.5011885,-0.4039436217096153,-0.21534678500401727,-9.919019242182703,-0.4067572306538977,-0.13718299287311453,-10.71852802550492,0.0782,0.800,-0.46032640864544194,-0.23831499554449018,-9.323630707007792,0.0609
1787415795.6267931,-0.40172186498616963,-0.2138555037211397,-10.211326649064556,-0.39544765804153875,-0.1440829360110543,-10.82451196960567,0.0701,0.613,-0.38735736716329544,-0.1449201650171134,-10.828848306342401,0.0704
1787415795.7439122,-0.399608790321323,-0.21360422680783828,-10.235849059555763,-0.3974400084432129,-0.1357728118445186,-11.139929727814565,0.0779,0.904,-0.39734057263087713,-0.10730768779357272,-11.494596069826304,0.1063
1787415795.801205,-0.3985892054248589,-0.21373439120652996,-10.158876649161401,-0.39876749208614604,-0.12699000778225006,-11.482509434195276,0.0867,1.324,-0.38392524745160556,-0.062362523289334115,-12.433683979351251,0.1521
1787415795.9375463,-0.3967211778817171,-0.21389595644763892,-9.938868412022567,-0.39233224279266776,-0.10680411616444953,-11.795249234552063,0.1072,1.856,-0.39266607166752393,-0.10010398309885862,-11.8770731145819,0.1139
1787415795.997241,-0.3956627684694397,-0.21362458304287088,-9.919609718894948,-0.39215736657571854,-0.10818398042363357,-11.779258979665698,0.1055,1.860,-0.4054267764382979,-0.08520644329201514,-11.705623878655155,0.1288
1787415796.1235032,-0.3933267804218077,-0.21242309458277633,-10.007676196139657,-0.2716483999510759,-0.001446952879142413,-13.751909504279158,0.2435,3.744,-0.1793470187462155,0.15553662318423803,-15.96293609872969,0.4257
1787415796.2305984,-0.39156248948648054,-0.2112721506009298,-10.241638703099525,-0.3330750087913377,-0.02885651409560048,-12.475157104193341,0.1916,2.234,-0.38623411033679966,-0.12004554597803228,-11.213996749280144,0.0914
1787415796.3404257,-0.39019666057926045,-0.21112398860173015,-10.301587565957322,-0.3647090578431575,-0.05914608355245809,-11.967251838035157,0.1541,1.666,-0.3936179834313935,-0.13608457570356666,-10.940775465056872,0.0751
1787415796.4090412,-0.38950561570017805,-0.21136580190752538,-10.294801563270001,-0.38297672104601693,-0.0757417829656582,-11.883184359792455,0.1358,1.588,-0.3966834171072587,-0.11158218982296059,-11.408040014341855,0.1000
1787415796.5389686,-0.3883134035686645,-0.21209670851881238,-9.997818628817226,-0.38241901132196693,-0.08104022271551668,-12.001265959683833,0.1312,2.003,-0.3817398366945715,-0.08968540862104345,-11.89550938107624,0.1226
1787415796.6068919,-0.38772328833368147,-0.2121534697304528,-9.991345678290086,-0.3789243899868755,-0.0933553366071969,-11.908731741217444,0.1191,1.917,-0.37699087405196857,-0.11449905460682004,-11.644003809861216,0.0982
1787415796.7387319,-0.38647221349627964,-0.21178981944933875,-9.992857768741015,-0.3794346047234537,-0.09910723059824723,-11.888335514697365,0.1129,1.895,-0.37973685839238824,-0.10488746821996425,-11.81495458695443,0.1071
1787415796.8177729,-0.3859416798712328,-0.21148621623567312,-9.950693366620882,-0.38168290923818365,-0.10805073266107527,-11.385084759404789,0.1035,1.434,-0.3882118436070303,-0.1305588990350103,-11.114689777011098,0.0810
1787415796.943327,-0.38534873736077924,-0.21139856800162216,-9.758367716414378,-0.3840223309613259,-0.11548589486496058,-11.319698150005324,0.0959,1.561,-0.3882118436070303,-0.1305588990350103,-11.114689777011098,0.0809
1787415797.002351,-0.38520660996700307,-0.21152294125235643,-9.667304064669885,-0.4156572155012568,-0.1504477236103145,-10.450129574571847,0.0682,0.783,-0.504483296576308,-0.35298489538326216,-7.452108834848091,0.1850
1787415797.1162899,-0.3852342399047989,-0.21202955560782832,-9.49702827471286,-0.45895182966686954,-0.19463856615361275,-9.463435311722515,0.0757,0.034,-0.5291294430159474,-0.3507562240205004,-7.162544700097606,0.1999
1787415797.238998,-0.38567604478766354,-0.21285778874688593,-9.3461690757917,-0.4801589575799704,-0.2355074444660315,-8.780206770196315,0.0972,0.566,-0.4924391730739133,-0.3420857964054656,-7.2080738387008205,0.1676
1787415797.3478198,-0.38651069116431,-0.2138118252181197,-9.209798739332124,-0.4840233470211635,-0.2699777025706212,-8.194500298231333,0.1125,1.015,-0.4931013545492201,-0.33722852851579466,-7.241928776875333,0.1631
1787415797.4168384,-0.38707085653816997,-0.21429443424628036,-9.147664238211064,-0.49017935577935295,-0.30038123023196667,-7.740097626416151,0.1343,1.408,-0.3712271194570575,-0.11264004661046158,-10.759248170409359,0.1029
1787415797.5475285,-0.38818034695619796,-0.2152090360157786,-9.079591127800393,-0.42666503422797364,-0.22755526700855983,-9.107936322343186,0.0404,0.028,-0.3712271194570575,-0.11264004661046158,-10.759248170409359,0.1040
1787415797.5996103,-0.38856501900443763,-0.21558657978525106,-9.070801763721326,-0.4103590576297857,-0.18948977296929875,-9.50630009980244,0.0340,0.435,-0.3872123571230224,-0.10582928154885111,-10.606426903423472,0.1098
1787415797.7343686,-0.38904668642527784,-0.2160569098747437,-9.060191274804115,-0.3967749233215444,-0.15853101262166697,-9.925321814194481,0.0580,0.865,-0.3872123571230224,-0.10582928154885111,-10.606426903423472,0.1102
1787415797.796023,-0.3891184922838511,-0.21613139813876855,-9.058684918349226,-0.38348492668432577,-0.14921430998211313,-10.032742944548906,0.0672,0.974,-0.37816625397073744,-0.13449010416250698,-10.224565950618981,0.0824
1787415797.9081073,-0.3890887453382279,-0.21604368569400606,-9.060918063194846,-0.37808361153915193,-0.14036705286991702,-10.113774879556997,0.0765,1.053,-0.37620786508662435,-0.1266728236663104,-10.286809999529089,0.0903
1787415798.0229619,-0.38896941571366417,-0.21586352254546465,-9.049927055408306,-0.373323164352255,-0.14338388096857407,-10.145554889828905,0.0741,1.096,-0.37293131860638357,-0.1480947409127315,-10.088569154938615,0.0696
1787415798.1528528,-0.3888971551744415,-0.2158394504049761,-9.03160388712749,-0.37671166295953173,-0.1385290461974698,-10.148919804255089,0.0783,1.117,-0.38053767340735606,-0.1320529451502803,-10.222851125634648,0.0842
1787415798.214081,-0.38887285717466014,-0.21584329880133427,-9.022941745809623,-0.3728826920678561,-0.13262638654821077,-10.212867788483207,0.0847,1.190,-0.3757329900687013,-0.13621018497452891,-10.14861144542315,0.0807
1787415798.3304272,-0.3888427338634618,-0.2158649605276277,-9.006802465368995,-0.37639455954426426,-0.13355191350757417,-10.204268506335993,0.0832,1.197,-0.3799328608624367,-0.13573415615542406,-10.172000565789604,0.0806
1787415798.439634,-0.38884472987653873,-0.21588986081955208,-8.991677899451533,-0.3772566244138629,-0.13293962122125402,-10.18356367208013,0.0838,1.192,-0.37900469960309996,-0.13350968230014898,-10.173769135905761,0.0830
1787415798.550558,-0.3888616317471744,-0.21591322488682704,-8.978384536932852,-0.37784373500420265,-0.12360367039484561,-10.285283399212327,0.0930,1.307,-0.3784720765506544,-0.11010682604993471,-10.451936468292724,0.1063
1787415798.6068459,-0.3888714669857519,-0.21592387384672648,-8.972395273119504,-0.38387691460826234,-0.12174279689074059,-10.264561443175502,0.0943,1.292,-0.38821172552994065,-0.12251433084183426,-10.247944434751501,0.0934
1787415798.720921,-0.38888230963929066,-0.215943859086236,-8.96188118647233,-0.377873348781141,-0.11597488538529241,-10.31252630933521,0.1006,1.351,-0.3742474602511684,-0.10926703403988061,-10.402074090980124,0.1077
1787415798.827036,-0.38888784541768023,-0.21596143494138614,-8.95279049137747,-0.3766859944957131,-0.11473119601088136,-10.35631992410191,0.1020,1.404,-0.37689633088920715,-0.11691333516039303,-10.329501669790952,0.0998
1787415798.9355357,-0.38889169123291667,-0.21597605855943108,-8.944715968860537,-0.37552549985315414,-0.11230935666041106,-10.340709505991311,0.1045,1.396,-0.37689633088920715,-0.11691333516039303,-10.329501669790952,0.0998
1787415798.994251,-0.3888934855080842,-0.21598221172223123,-8.940999544143097,-0.37166109491841454,-0.11716754000613591,-10.32062579818485,0.1003,1.380,-0.3717446658883595,-0.11654012078237272,-10.328598483360352,0.1009
1787415799.1467876,-0.3888967921897628,-0.21599281398897235,-8.934394707877368,-0.3727352523864456,-0.10933218591538651,-10.428895835273957,0.1079,1.495,-0.3736695739676058,-0.09767632352487997,-10.572350051424207,0.1193
1787415799.2500787,-0.3888997477705462,-0.216001580239933,-8.928781703713085,-0.37123283009804986,-0.10619056933232501,-10.419394569392857,0.1112,1.491,-0.37752846615325186,-0.09635216944736916,-10.568927942013701,0.1202
1787415799.311155,-0.38890109140282464,-0.2160054080962081,-8.92630253000704,-0.3757301195783753,-0.10196859716632359,-10.502202543872244,0.1148,1.576,-0.3561012740975434,-0.09329486589384077,-10.671650351306525,0.1270
1787415799.4244056,-0.3889035415299158,-0.2160121023577135,-8.92192636627578,-0.3521347792450166,-0.09978662458867832,-10.621390905901107,0.1219,1.699,-0.34298050111160294,-0.10599453586084472,-10.570989066825506,0.1192
1787415799.5384793,-0.3889056677960801,-0.216017711467913,-8.918217643032447,-0.3426235075029294,-0.09327066151909862,-10.683940797448724,0.1312,1.766,-0.3367366627441178,-0.08528414775824042,-10.799894179960058,0.1408
1787415799.5940154,-0.388906610630454,-0.2160201377743517,-8.916568622519307,-0.3543995522254367,-0.09746608630239602,-10.54343340432157,0.1235,1.627,-0.3632098082902824,-0.11041998243897351,-10.36755662730691,0.1087
1787415799.717422,-0.38890827371476255,-0.21602432098703953,-8.91361840308151,-0.36307412976505765,-0.10154998164981308,-10.46416194752327,0.1174,1.551,-0.36846105196423856,-0.10936982283471433,-10.378033755963164,0.1086
1787415799.832051,-0.38890967058469855,-0.2160277284620837,-8.911098465398732,-0.36355907085054834,-0.10659918827787515,-10.443864077639986,0.1123,1.533,-0.36259385012395057,-0.11445449131801595,-10.348376999688554,0.1049
1787415799.9436867,-0.3889108326841658,-0.2160304954637869,-8.90893512424909,-0.36630463975882116,-0.10496726489276557,-10.438115650005928,0.1133,1.529,-0.368526241020228,-0.1036836844303891,-10.45018114064373,0.1142
1787415800.0104544,-0.3889113425201378,-0.216031682551912,-8.907968209965283,-0.3571427588510131,-0.10181655703615035,-10.554739053931613,0.1186,1.647,-0.3471192270625334,-0.09484041662573935,-10.670613675799546,0.1282
1787415800.135923,-0.3889122490342148,-0.2160337752355814,-8.906278669482822,-0.3653670089145659,-0.10494128309212712,-10.47152093416068,0.1136,1.565,-0.37066188026908226,-0.11311773607948078,-10.361280974218399,0.1045
1787415800.2502174,-0.38891301637561154,-0.21603557691330155,-8.904849481125327,-0.37026293748437883,-0.10970053318401674,-10.40780824416922,0.1080,1.503,-0.3671042775995667,-0.12011420271745074,-10.249039350728623,0.0984
1787415800.3163276,-0.38891335685322376,-0.21603638450462387,-8.904228347012678,-0.3642785997550006,-0.11618993298913624,-10.2758010897302,0.1028,1.372,-0.3618137568349865,-0.12093013880942495,-10.22075648943015,0.0989
1787415800.4244907,-0.3889139588696022,-0.21603783953452893,-8.90312768355295,-0.37034440875088814,-0.11242294397465473,-10.329247103178254,0.1053,1.426,-0.3740149814284908,-0.10531117091570247,-10.41137471065018,0.1117
1787415800.5525064,-0.3889144695895491,-0.21603910662663472,-8.902206164133998,-0.36781432227036637,-0.1120238016657646,-10.367850575644407,0.1061,1.466,-0.3659075622365084,-0.11063976927157496,-10.388502708362964,0.1079
1787415800.6176937,-0.38891469536716594,-0.21603967825673273,-8.901809204462605,-0.3663221007890404,-0.11637448953275782,-10.296169314998817,0.1022,1.394,-0.3656335925468671,-0.12412065748217388,-10.200897837583828,0.0948
1787415800.7252033,-0.3889151015795791,-0.21604069941341222,-8.901069820794426,-0.36433949314208086,-0.11078967945260405,-10.453090885041874,0.1081,1.552,-0.3626689173520157,-0.09858510948694868,-10.61087485892812,0.1204
1787415800.8413565,-0.3889154616580721,-0.21604157315162664,-8.900417180545475,-0.36689129923256836,-0.11722234765248381,-10.314271292518274,0.1012,1.414,-0.3690002985790883,-0.12808068481319224,-10.175747191889506,0.0902
1787415800.906507,-0.3889156301529436,-0.21604195781309524,-8.900124998819113,-0.3693029287519231,-0.12189029477748585,-10.250237023527523,0.0962,1.350,-0.37108462055653024,-0.12902846590963055,-10.158851080395237,0.0888
1787415801.0310662,-0.3889159316815721,-0.21604264663754869,-8.89957940571338,-0.3696644864789642,-0.12462633590619095,-10.201583461511563,0.0934,1.302,-0.33970015469799003,-0.11148016683414769,-10.514913372221828,0.1156
1787415801.0925605,-0.38891606749210805,-0.21604295164242512,-8.899331239927301,-0.3547315726908591,-0.12178097576547497,-10.344229310313818,0.1003,1.445,-0.36782430072214634,-0.13764250548244336,-10.068357166023493,0.0812
1787415801.2121282,-0.38891630714954173,-0.2160434963061355,-8.898853230075972,-0.3624879833851141,-0.127933083659636,-10.19780147402166,0.0920,1.299,-0.36782430072214634,-0.13764250548244336,-10.068357166023493,0.0812
1787415801.3289392,-0.38891651029878177,-0.2160439668552222,-8.898418196471798,-0.3594945783435304,-0.13236276285578974,-10.111003851866004,0.0887,1.213,-0.3583571349275691,-0.136784287326506,-10.061711126649298,0.0849
1787415801.4330661,-0.3889166772270379,-0.21604437913384214,-8.898021354200443,-0.3585119307799021,-0.13496199026970393,-10.084134675670644,0.0866,1.186,-0.3583571349275691,-0.136784287326506,-10.061711126649298,0.0849
1787415801.535102,-0.3889168146852419,-0.21604473855509626,-8.897666647565249,-0.3639483000165302,-0.13623759320881373,-10.069797418631907,0.0836,1.172,-0.36683649698708537,-0.13470566244285992,-10.084265460380298,0.0843
1787415801.6466167,-0.388916923049026,-0.21604506203878182,-8.89734302708175,-0.3662713473845153,-0.13700428985541765,-10.045987109504736,0.0822,1.149,-0.36735226066342097,-0.135451563800614,-10.063471379258774,0.0834
1787415801.704435,-0.3889169685534628,-0.21604521074883135,-8.897186686707101,-0.36515708011675774,-0.13456055277341364,-10.066009117347459,0.0849,1.169,-0.3641185051785362,-0.12827094138466555,-10.145765854056815,0.0912
1787415801.8210993,-0.38891704903088753,-0.21604548375507776,-8.89691401444213,-0.36720500172260906,-0.1297365453646959,-10.126871335559331,0.0890,1.230,-0.3677824093682775,-0.12103870377463828,-10.233943043305205,0.0973
1787415801.9367714,-0.38891711367728443,-0.21604573227222776,-8.896656680929624,-0.3677174737108715,-0.13029621480918332,-10.114425426319078,0.0883,1.218,-0.3677824093682775,-0.12103870377463828,-10.233943043305205,0.0973
1787415801.9926946,-0.3889171435900572,-0.2160458405918164,-8.896533433400036,-0.3674453520985971,-0.12723493520716825,-10.140665288485458,0.0914,1.244,-0.3675225061149685,-0.12696771317644653,-10.141006946166705,0.0916
1787415802.1130052,-0.3889171936039471,-0.2160460410301237,-8.896292916575282,-0.3676355643212749,-0.12721443360865975,-10.13772717816111,0.0913,1.241,-0.3675225061149685,-0.12696771317644653,-10.141006946166705,0.0916
1787415802.2220285,-0.38891723489772856,-0.2160462158384053,-8.896065902667933,-0.36683794527092717,-0.12596012073227636,-10.155279793643594,0.0928,1.259,-0.36974032401271073,-0.12870319464119542,-10.117878989501305,0.0894
1787415802.3405163,-0.38891726925855674,-0.2160463651862099,-8.8958490014885,-0.36846542075235333,-0.12702532112816642,-10.148570071914145,0.0913,1.253,-0.36804963786860734,-0.12689156724368725,-10.151035428897885,0.0916
1787415802.4500728,-0.3889172983444563,-0.21604649112947924,-8.89565069804845,-0.36627608692500035,-0.126845110597648,-10.148293489578506,0.0920,1.253,-0.36474923049244345,-0.12621602534847023,-10.15860177330594,0.0930
1787415802.509621,-0.38891730912935996,-0.21604654892544098,-8.895547637670239,-0.3700159760179996,-0.12505531972121603,-10.177966393324237,0.0929,1.282,-0.3720456439098567,-0.12218957332779641,-10.21033428135278,0.0954
1787415802.6235576,-0.3889173289277495,-0.21604664710271337,-8.895354191368568,-0.37154410308084784,-0.12532857466480185,-10.186447614906866,0.0924,1.291,-0.37219265244554245,-0.1260011973843182,-10.17722066043477,0.0916
1787415802.739919,-0.38891734623335994,-0.21604672965247573,-8.895178116935302,-0.3710266995215135,-0.12439656671031821,-10.186332119601072,0.0934,1.291,-0.3702189342940092,-0.12301386908037583,-10.20474206747835,0.0949
1787415802.848016,-0.3889173592129347,-0.2160468018048582,-8.895001607759534,-0.37310128003609966,-0.12435897125742477,-10.182266048732949,0.0930,1.287,-0.37383308766730744,-0.12478738205216888,-10.175791549526599,0.0925
1787415802.9081113,-0.38891736438818864,-0.21604683214879591,-8.89491080255904,-0.37421951895420075,-0.12632313642831466,-10.149565281815098,0.0909,1.255,-0.37461833288225965,-0.12990067114047357,-10.104552428510143,0.0873
1787415803.0223174,-0.3889173729507192,-0.21604688468324126,-8.894747077877506,-0.37543874510220987,-0.12589278143620297,-10.14879727752231,0.0912,1.254,-0.37299050860999117,-0.12847604148881334,-10.140298224132868,0.0890
1787415803.1500616,-0.3889173794985435,-0.21604692682084178,-8.894602695636268,-0.37359434737561403,-0.1289331537158596,-10.117398838534639,0.0885,1.223,-0.372874345311349,-0.13282257398822409,-10.07015128107286,0.0848
1787415803.2048044,-0.3889173818823835,-0.21604694242303926,-8.894522291625675,-0.3723020083951419,-0.12741772147213706,-10.135263921589893,0.0902,1.241,-0.3709665676631526,-0.12392585045017268,-10.180740566880038,0.0939
1787415803.3208153,-0.38891738566258643,-0.21604696731418746,-8.894378485760498,-0.37136059606550864,-0.1284132764520772,-10.125762795802533,0.0894,1.231,-0.3706242350000703,-0.12993400851024403,-10.10813445591084,0.0880
1787415803.4459047,-0.3889173880949589,-0.2160469826872164,-8.894242294763366,-0.37123598075128067,-0.12760242767669328,-10.135234913303849,0.0902,1.241,-0.3709616740931241,-0.1257253056472179,-10.158975670725072,0.0921
1787415803.5026531,-0.3889173889704063,-0.216046987666703,-8.894182312769345,-0.3719127703170712,-0.12650838272267986,-10.15465966425707,0.0911,1.260,-0.3720319988444592,-0.12465277298264356,-10.177527303459337,0.0929
1787415803.6303785,-0.3889173902560062,-0.2160469890733004,-8.894057128733015,-0.3708777353430581,-0.12659377229149557,-10.15472181467422,0.0913,1.261,-0.3701075046359332,-0.12668609526068889,-10.154852695466444,0.0913
1787415803.6984162,-0.38891739208977266,-0.2160469871642394,-8.893998966365936,-0.3709718223524422,-0.12635579308183667,-10.15796116905308,0.0915,1.264,-0.37479617458001396,-0.13061773475927943,-10.087638835869564,0.0866
1787415803.826498,-0.3889173886117931,-0.2160469870298759,-8.893885400246493,-0.37316826598848507,-0.12893671071032933,-10.116061721441735,0.0885,1.222,-0.3730503750184179,-0.13096389061284316,-10.091184494482407,0.0865
1787415803.9363399,-0.3889173834332378,-0.21604697851905869,-8.893775564232056,-0.3735486485247462,-0.12918400084201898,-10.111158408556252,0.0882,1.217,-0.37558443420150056,-0.13740751202489246,-10.001896980486235,0.0798
1787415804.0499208,-0.38891737982612273,-0.2160469654887088,-8.893671656402187,-0.3730801302815279,-0.13365675722742804,-10.066874414671805,0.0839,1.173,-0.3717930396817617,-0.13506088689176227,-10.051665365001066,0.0828
1787415804.107603,-0.38891738000299725,-0.21604695785801953,-8.893616622951958,-0.3744981887581485,-0.13676766919481834,-10.016284556700247,0.0806,1.123,-0.3753320812625934,-0.1407988816085484,-9.964854688581264,0.0765
1787415804.223938,-0.388917384852731,-0.216046946023777,-8.89352224156928,-0.3738229234707874,-0.1374583365990118,-10.036905790256634,0.0800,1.143,-0.3731383638585895,-0.13694773011509281,-10.04457143469938,0.0807
1787415804.3488343,-0.3889173898447506,-0.21604693260703187,-8.893432201183792,-0.37460130320661233,-0.1370841655495417,-10.032211027108508,0.0803,1.139,-0.37493021669331594,-0.13519488775758295,-10.054978764666638,0.0821
1787415804.4527447,-0.38891739263452973,-0.2160469170444083,-8.893339745946486,-0.37660379492018,-0.13739030851041198,-10.007488864268131,0.0796,1.114,-0.3773857911565284,-0.13655237086941382,-10.016461928692172,0.0803
1787415804.5084367,-0.3889173934373097,-0.21604690787876651,-8.893289949604014,-0.3751285463747465,-0.1341201392103626,-10.055180835520936,0.0831,1.162,-0.37374680610594063,-0.1278160352976321,-10.135565142611702,0.0895
1787415804.6228402,-0.388917393574382,-0.2160468901451487,-8.893206186913789,-0.3749378161966911,-0.13198635634876885,-10.082100869305611,0.0852,1.189,-0.3744797634579945,-0.1283772198793953,-10.127585238767242,0.0889
1787415804.7528338,-0.3889173901992675,-0.21604686463882372,-8.893121581586364,-0.375821502400582,-0.13298946304469172,-10.062584719256055,0.0841,1.169,-0.3762505290451371,-0.13458808529998406,-10.04203355595912,0.0824
1787415804.8140562,-0.38891739064175135,-0.2160468537566026,-8.893079879373918,-0.37504196315437516,-0.13074709090869577,-10.105614037790835,0.0864,1.213,-0.3742139835061582,-0.12687297452135005,-10.1551025381152,0.0904
1787415804.9235768,-0.3889173903045915,-0.21604683368991612,-8.892997905108142,-0.37720206133331813,-0.130560904380872,-10.102807234344656,0.0863,1.210,-0.3783683692001789,-0.13063512092737506,-10.10000734580549,0.0861
1787415805.0418887,-0.3889173890253612,-0.21604681486871063,-8.892922239681656,-0.37887028483980356,-0.1323221324434266,-10.073283152695264,0.0843,1.180,-0.37972468835888734,-0.13557313380530392,-10.031561305543645,0.0810
1787415805.096806,-0.3889173884821568,-0.21604680465060896,-8.892878404220763,-0.3755042069385241,-0.1290288914480121,-10.122912264624894,0.0880,1.230,-0.37264696939775277,-0.12285457196613316,-10.204187753021065,0.0946
1787415805.2138586,-0.38891738406744025,-0.2160467784296081,-8.892801757451222,-0.37610511883808667,-0.12893628714695798,-10.11848561804444,0.0880,1.226,-0.37647225502493736,-0.1292918052913958,-10.113458623909954,0.0876
1787415805.3475718,-0.38891738187495795,-0.21604675734120574,-8.89273052037233,-0.3753761927589304,-0.12769183559194328,-10.151052992423685,0.0894,1.258,-0.3746826341227798,-0.12574111981377498,-10.176528713487174,0.0914
1787415805.4003584,-0.38891738178936597,-0.2160467471566172,-8.892693305639773,-0.37460391310432334,-0.12541605058135638,-10.170198202397776,0.0918,1.278,-0.378787318241632,-0.12961108888849984,-10.101847880112791,0.0870
