t,gt_x,gt_y,gt_yaw,ekf_x,ekf_y,ekf_yaw,ekf_err,ekf_yaw_err,fix_x,fix_y,fix_yaw,fix_err
1787414258.1313746,-2.48180462954873,1.9797076062252038e-06,0.00011075439634710076,,,,,,-2.471075111356121,-0.009533933335605647,0.11169213566800272,0.0144
1787414258.2458382,-2.481571665932445,1.776330956895669e-06,0.00011481617938129039,,,,,,-2.4749101886390865,-0.011475010246296772,0.17979989877057315,0.0133
1787414258.3109186,-2.4812332563474784,1.6797879364723978e-06,0.00011641667735589207,,,,,,-2.4584198378717828,-0.004512101769228771,0.008590496430119403,0.0233
1787414258.4352608,-2.4801103038709376,1.521143196040977e-06,0.00011855589532740368,,,,,,-2.4973205847827185,-0.004537482076387576,0.06364025951773342,0.0178
1787414258.498939,-2.479324284730221,1.461573114496851e-06,0.00011909168088702179,,,,,,-2.595159903636956,0.03628443214783973,-0.830870053288429,0.1214
1787414258.6548226,-2.4776416988757104,1.5628814141355088e-06,0.00011500682568661899,,,,,,-2.595159903636956,0.03628443214783973,-0.830870053288429,0.1230
1787414258.746562,-2.4769697840445124,1.6229595277339123e-06,0.00011254331227838327,-2.5286348127325446,0.017419647510398067,-0.4677348975957795,0.0545,0.468,-2.595159903636956,0.03628443214783973,-0.830870053288429,0.1236
1787414258.8163202,-2.4763920675038844,1.6421954706635495e-06,0.00011095156606005505,-2.5328164412922245,0.0203802373471802,-0.5059543257472201,0.0600,0.506,-2.595159903636956,0.03628443214783973,-0.830870053288429,0.1242
1787414258.9533966,-2.4755221199364366,1.6160816093136463e-06,0.00010956532778440189,-2.5328164412922245,0.0203802373471802,-0.5059543257472201,0.0608,0.506,-2.595159903636956,0.03628443214783973,-0.830870053288429,0.1250
1787414259.0146024,-2.4752281448546976,1.5874947389346854e-06,0.0001094541407443173,-2.541211521643487,0.0263529219857034,-0.5823525877162797,0.0711,0.582,-2.595159903636956,0.03628443214783973,-0.830870053288429,0.1253
1787414259.1325533,-2.4749186761232216,1.5246569356475712e-06,0.00010981679924588134,-2.5454263906856567,0.029370310025393122,-0.6205629763961107,0.0764,0.621,-2.595159903636956,0.03628443214783973,-0.830870053288429,0.1256
1787414259.2603085,-2.474978143750974,1.4706022448241038e-06,0.00011050600376118081,-2.5454263906856567,0.029370310025393122,-0.6205629763961107,0.0763,0.621,-2.595159903636956,0.03628443214783973,-0.830870053288429,0.1255
1787414259.3222277,-2.475146060456577,1.449426332929076e-06,0.00011089403969719245,-2.553890740487556,0.035458804911167194,-0.6969703068731324,0.0864,0.697,-2.595159903636956,0.03628443214783973,-0.830870053288429,0.1254
1787414259.4393227,-2.475759541322483,1.418696481016949e-06,0.00011172276162364254,-2.5581394109861195,0.03853368532153679,-0.7351787547027486,0.0909,0.735,-2.595159903636956,0.03628443214783973,-0.830870053288429,0.1248
1787414259.5553622,-2.4767470191054253,1.3981312314683488e-06,0.00011273538114895805,-2.56240094681142,0.04162895936944647,-0.7734012931812564,0.0952,0.774,-2.595159903636956,0.03628443214783973,-0.830870053288429,0.1238
1787414259.6178944,-2.47738309118076,1.3913118264010456e-06,0.00011331358918693736,-2.56240094681142,0.04162895936944647,-0.7734012931812564,0.0947,0.774,-2.595159903636956,0.03628443214783973,-0.830870053288429,0.1232
1787414259.7375884,-2.4785817637990344,1.5286882741064262e-06,0.00011136484601150038,-2.570955255752869,0.047871099782334385,-0.8498048989833601,0.1040,0.850,-2.595159903636956,0.03628443214783973,-0.830870053288429,0.1221
1787414259.8581321,-2.4791048521440433,1.6159536093542733e-06,0.0001116327042716181,-2.570955255752869,0.047871099782334385,-0.8498048989833601,0.1036,0.850,-2.595159903636956,0.03628443214783973,-0.830870053288429,0.1216
1787414259.9178426,-2.47913874408105,1.6109513018235631e-06,0.00011236803074599828,-2.6054101212434246,0.03933438377324697,-0.8714927750948586,0.1323,0.872,-2.6079107271210695,0.039350716221761735,-0.8725943152650809,0.1346
1787414260.036633,-2.4787524589832786,1.5555571787648041e-06,0.00011424328010890894,-2.566609848311357,0.00916484827410776,-0.1839294593296288,0.0883,0.184,-2.5438342772761477,-0.0004359673321825137,-0.04205773109287681,0.0651
1787414260.1588528,-2.478053210703801,1.6186314128524744e-06,0.00010898655839495563,-2.5702168827205574,0.007874105869026192,-0.1765939974334775,0.0925,0.177,-2.5438342772761477,-0.0004359673321825137,-0.04205773109287681,0.0658
1787414260.2195737,-2.4778614640258114,2.307829125066269e-06,0.0001224832518318111,-2.5702168827205574,0.007874105869026192,-0.1765939974334775,0.0927,0.177,-2.5438342772761477,-0.0004359673321825137,-0.04205773109287681,0.0660
1787414260.3449655,-2.4777674701259054,4.11667591470661e-06,0.00013661095756842362,-2.57599662135219,0.005760011929856234,-0.164856350129612,0.0984,0.165,-2.5438342772761477,-0.0004359673321825137,-0.04205773109287681,0.0661
1787414260.4115474,-2.4778653943664017,5.377467790522152e-06,0.00013684737613897625,-2.57599662135219,0.005760011929856234,-0.164856350129612,0.0983,0.165,-2.5438342772761477,-0.0004359673321825137,-0.04205773109287681,0.0660
1787414260.5344667,-2.4782483692615878,8.679382109814753e-06,0.00014420934937134778,-2.581786697328827,0.0035854291990011665,-0.1531175579066183,0.1036,0.153,-2.5438342772761477,-0.0004359673321825137,-0.04205773109287681,0.0656
1787414260.6539364,-2.4786390424497835,1.319060694785233e-05,0.0001455003896819535,-2.5846855893497978,0.0024752831898917837,-0.14724764840980598,0.1061,0.147,-2.5438342772761477,-0.0004359673321825137,-0.04205773109287681,0.0652
1787414260.7140458,-2.478852401849314,1.5897867107226204e-05,0.00014571306040373307,-2.5846855893497978,0.0024752831898917837,-0.14724764840980598,0.1059,0.147,-2.5438342772761477,-0.0004359673321825137,-0.04205773109287681,0.0650
1787414260.8330922,-2.4793406737712926,2.2199628733898937e-05,0.0001454116552084196,-2.5904894893098778,0.00021057444186629127,-0.13551045568114603,0.1111,0.136,-2.5438342772761477,-0.0004359673321825137,-0.04205773109287681,0.0645
1787414260.9455528,-2.4799249042568543,2.969387931347483e-05,0.00014882475132181836,-2.5933966872202365,-0.0009451990154867084,-0.12963849862968999,0.1135,0.130,-2.5536410693309564,0.0035282401551056707,-0.07312675510831816,0.0738
1787414261.005414,-2.4802568353852465,3.388085372368389e-05,0.00014825036413837383,-2.5824116809784283,-0.017690363097840882,0.41094123822339873,0.1037,0.411,-2.5272284482836347,0.006548164056378173,-0.0918160504225684,0.0474
1787414261.1312158,-2.4810074245026166,4.313701231428664e-05,0.000147050303613599,-2.5466479748727466,-0.002415896049786189,-0.04251969969163269,0.0657,0.043,-2.527809138617499,-0.0018192030347492154,-0.05227064269223525,0.0468
1787414261.2595735,-2.481885362450114,5.353867811675321e-05,0.00014565494140962023,-2.535120027723608,-0.00098315548446486,0.005214368093767129,0.0532,0.005,-2.5175187880782013,-0.002784384467965681,-0.02160698896456652,0.0357
1787414261.322844,-2.4823785568592163,5.915810295657308e-05,0.00014497024033133078,-2.5260211745588648,-0.0018974094976716043,-0.04097528058661077,0.0437,0.041,-2.5076032400120707,-0.002371170290037698,-0.03008995326598224,0.0253
1787414261.4467134,-2.483457421371606,7.125412059010697e-05,0.00014772428406927904,-2.5141440404233366,-0.002505008056019626,-0.028480722688604656,0.0308,0.029,-2.4898404725810637,-0.006326737719238561,0.05962848965702184,0.0090
1787414261.5168602,-2.484037386882251,7.772788740177875e-05,0.00014304130281964992,-2.487090951456763,-0.0055215434734263436,0.03473153291079441,0.0064,0.035,-2.4749670735058276,-0.006209870162000988,0.05588287152649772,0.0110
1787414261.645603,-2.485289673986408,9.148847143893851e-05,0.0001456241467755248,-2.4673677782934123,-0.004841593887805279,0.03958178002174308,0.0186,0.039,-2.3911963295716276,-0.005498639327465493,0.03818077561806281,0.0943
1787414261.7079318,-2.4859515754407053,9.879323086691544e-05,0.0001450059197484018,-2.436854479841526,-0.006240449564237648,0.11729063674070087,0.0495,0.117,-2.445275266852077,-0.005359528506797607,0.10363869046638348,0.0410
1787414261.8412821,-2.487328393269087,0.00011426024557021106,0.00014384673930429627,-2.424456688053536,-0.007931272907120398,0.19375985366985013,0.0634,0.194,-2.3775488928178783,-0.015035935533715376,0.24824480086103884,0.1108
1787414261.9071357,-2.4880421815782805,0.00012240807833640153,0.00014696324592574,-2.400054097583097,-0.014035379155846746,0.22609339192668262,0.0891,0.226,-2.4060816904854527,-0.014248048971655927,0.22608372076260377,0.0832
1787414262.0390358,-2.4894872981666976,0.00013961809622383095,0.00014599691719934413,-2.3986126864810458,-0.003553538632696668,-0.03297461948289664,0.0909,0.033,-2.3971616293705966,-0.012870571863973624,0.1715182057332338,0.0932
1787414262.1078408,-2.4902134689070725,0.0001486627539083129,0.00014541990681469613,-2.38836577363216,-0.008741141872849141,0.07093770993228313,0.1022,0.071,-2.3889927635588455,-0.007910464464733952,0.06117054683714182,0.1015
1787414262.2351468,-2.491669446424917,0.00016763571471387602,-0.00022510766882025116,-2.363447302360433,-0.010196152640447105,0.1391014183595768,0.1286,0.139,-2.409697043732454,-0.02051232823452962,0.2963896440696194,0.0845
1787414262.357835,-2.4930879463976328,0.00018791648963924378,-0.0006694838534408467,-2.398326405768415,-0.014623957383092502,0.26102852264002,0.0959,0.262,-2.1756122651628296,-0.10349902574067879,2.7434985179990177,0.3340
1787414262.4241643,-2.493768588212408,0.0001985726865686892,-0.000813513461645237,-2.3467278364124993,-0.04294534458944766,1.1070717514705992,0.1532,1.108,-2.1756122651628296,-0.10349902574067879,2.7434985179990177,0.3346
1787414262.5596154,-2.495067901962862,0.00022092784852110735,-0.0010320894364701566,-2.323378244049759,-0.05096306782058141,1.2324721512960637,0.1792,1.234,-2.1756122651628296,-0.10349902574067879,2.7434985179990177,0.3359
1787414262.6230762,-2.4956831474873558,0.0002326471413852838,-0.0011347907457952121,-2.323378244049759,-0.05096306782058141,1.2324721512960637,0.1797,1.234,-2.1756122651628296,-0.10349902574067879,2.7434985179990177,0.3365
1787414262.7446845,-2.4968298201903707,0.00025723278217492404,-0.0013359024314253598,-2.557295988880851,1.0431404650150373,-115.21107039211529,1.0446,115.210,-2.3203738309017434,1.2729930787638017,-117.69584922431414,1.2849
1787414262.8127625,-2.4973557101026524,0.00027013397019776933,-0.0014294499557919974,-2.3156275780883946,1.0811039016045096,-118.22129226981924,1.0960,118.220,-2.3700021013427772,1.0820451334005012,-117.3546904796902,1.0892
1787414262.9379978,-2.4983180270203773,0.0002971468652501132,-0.0016071770249678607,-2.1896715464370473,1.2051010114198892,-121.20728714497571,1.2437,121.206,-2.0275347267890966,1.960179269014572,-116.43711360392898,2.0156
1787414263.0448115,-2.4991529179503433,0.00032589587537976725,-0.0018157284271202953,-2.073570404530123,1.2450058716968242,-129.14190305646514,1.3154,129.140,-1.925870610799722,1.5630402490842281,-121.20728714497571,1.6646
1787414263.1036737,-2.49952122692929,0.00034094962278978123,-0.001919159163840637,-1.919678868418242,1.1782498948425393,-137.31421410018584,1.3129,137.312,-1.925870610799722,1.5630402490842281,-121.20728714497571,1.6647
1787414263.2284846,-2.5001689229874526,0.00037242794060110703,-0.0021441821829290874,-1.8709193714912675,1.2336766395769758,-148.84815353153687,1.3846,148.846,-2.341500223785939,1.6145825717683662,-137.31421410018584,1.6220
1787414263.3543897,-2.5007108453555156,0.00040576562710590875,-0.002208861948968819,-1.7938159064487393,1.1605028080169393,-154.18236777849998,1.3585,154.180,-1.8381264544562361,1.0243877675040398,-150.05422662939114,1.2197
1787414263.4179096,-2.50094522757071,0.0004231495044553639,-0.002207286638464662,-1.7683182875210954,1.036657239206098,-150.8216693337361,1.2691,150.819,-1.8381264544562361,1.0243877675040398,-150.05422662939114,1.2198
1787414263.5389378,-2.501348721807678,0.0004593501502070475,-0.002198860902161968,-1.6023845050996481,0.8762265851408901,-162.08805895855795,1.2550,162.086,-1.8381264544562361,1.0243877675040398,-150.05422662939114,1.2200
1787414263.6049647,-2.5015205680144503,0.00047817235578389666,-0.0021974446135716464,-1.5297002212137911,0.8080093118027489,-155.87818589672463,1.2635,155.876,-1.7050532086011043,0.6503832268852932,-155.87818589672463,1.0280
1787414263.7327585,-2.5018124549668843,0.0005172582044421026,-0.002189454730989993,-1.4043371780662652,0.5826039131280523,-160.35764034254993,1.2423,160.355,-1.3750438681508232,0.5731534587675648,-160.7783084394063,1.2639
1787414263.8596811,-2.502046029571694,0.0005582480601132814,-0.0021869743565905604,-1.292195236812408,0.5633453267770494,-161.02675301020832,1.3343,161.025,-1.2792742142347397,0.6004345352326088,-160.57945880722923,1.3620
1787414263.9245467,-2.502143099231067,0.0005794672179400787,-0.0021857795764421177,-1.1897745480559776,0.5559900907841953,-162.0728942632124,1.4251,162.071,-1.174258643935546,0.6454328814244872,-160.5125190848839,1.4762
1787414264.05129,-2.502292488408464,0.0006203294241007378,-0.0021717768311592034,-1.1488629082439243,0.5596797090985984,-162.25301834051405,1.4643,162.251,-1.2067223694252878,0.6391387547433821,-160.33432750332943,1.4444
1787414264.1152122,-2.502338729014655,0.000633117628576735,-0.0021433278398397706,-1.1065238956929957,0.5719471029366461,-162.4312945793032,1.5082,162.429,-1.2030685065584006,0.6414581028095055,-160.28317641511666,1.4487
1787414264.2328212,-2.5023589828000175,0.0006396386787966794,-0.0021021821183706494,-1.1226811307534537,0.5840055331615823,-162.10602332412805,1.4979,162.104,-1.2306131817952428,0.6309562352039947,-160.26759773319085,1.4194
1787414264.3631222,-2.5022682180717464,0.0006377712023788403,-0.0021107254552657495,-1.1133401108068253,0.5869027615227037,-162.06733611710055,1.5076,162.065,-1.2112280248704792,0.6416255345304576,-160.17204355976472,1.4414
1787414264.4264293,-2.502164956049727,0.0006349531425644994,-0.0021131700282444278,-1.1052321943763803,0.5889155477939066,-162.07481857381376,1.5157,162.073,-1.2093252665576533,0.6383998523848615,-160.2310574507903,1.4416
1787414264.5487726,-2.501824132563964,0.0006257954830517942,-0.0021203982097131894,-1.111291218295473,0.5980423827536627,-161.85799252773586,1.5134,161.856,-1.167409202552005,0.6436605858427412,-160.5351542898061,1.4813
1787414264.6118798,-2.5015799758230792,0.0006194733180023762,-0.002124136381941646,-1.1013481714550086,0.6093607876405452,-161.76415683740333,1.5268,161.762,-1.1561479699394144,0.6407513452929984,-160.6775205954427,1.4900
1787414264.7397096,-2.5009119011533962,0.0006032427225708025,-0.0021286005034578657,-1.0964754210368044,0.6097789928694621,-161.7823232472167,1.5309,161.780,-1.239287046727697,0.606990709956721,-160.85888901265997,1.3998
1787414264.8088744,-2.5004840366697665,0.0005934104432288613,-0.0021307169150975402,-1.1065219702204447,0.6084446919053083,-161.7591605283015,1.5207,161.757,-1.101951492783561,0.6538212295916026,-160.91675310831158,1.5436
1787414264.9371538,-2.499391921518973,0.0005701524883504046,-0.002103721136203668,-1.1103910538858297,0.6036180689757663,-161.9283129704577,1.5143,161.926,-1.0539534459617754,0.6633489676860118,-161.13177663852179,1.5901
1787414265.0059366,-2.4987369835164617,0.000556926519370661,-0.0020940909346818634,-1.0497977570910095,0.6297341495791305,-161.79609488160028,1.5796,161.794,-0.9954647578979412,0.675865724690105,-161.40919322755508,1.6480
1787414265.1266735,-2.4972002783833442,0.000527441610337521,-0.0020756383381167103,-0.9803208295232639,0.6448161896567631,-162.068020350004,1.6480,162.066,-0.9563373416149245,0.6721342805820183,-161.71761501630627,1.6809
1787414265.248739,-2.495436827797445,0.0004946108954149482,-0.0020627526026869166,-0.9509672236048532,0.6355111546236788,-162.64900400734618,1.6699,162.647,-0.9672782060385389,0.6419155755863041,-162.409040335781,1.6573
1787414265.3135202,-2.4944983816863586,0.0004771439391517702,-0.002053593247107722,-0.8949856457713486,0.6280407416438367,-163.20950623504544,1.7182,163.207,-0.8782567933682295,0.6397943560486937,-163.12007073100614,1.7381
1787414265.4387817,-2.4925578114999327,0.00044035237280325704,-0.0020411840267817675,-0.8506889427448909,0.6133036062845019,-165.39971412443407,1.7525,165.398,-0.7821689357514293,0.6962788818749138,-162.58057040056067,1.8465
1787414265.5092225,-2.491588624339634,0.0004211556054317103,-0.0020349997206671943,-1.5562865158016006,1.2531789809589284,-134.67384375738007,1.5634,134.672,-1.88014489038723,1.5073352982154276,-127.5922619953785,1.6262
1787414265.6435518,-2.4897017580636263,0.00038140150131309186,-0.0012174693554040097,-1.6367163198315642,1.296911013622136,-134.49733664293586,1.5520,134.496,-1.3311324516890426,1.69985302533672,-134.49733664293586,2.0568
1787414265.706324,-2.488814400831226,0.0003608686334213259,-0.0009986966062118542,-1.864402048921993,1.4810470334596948,-126.98503967384157,1.6070,126.984,-2.0645190464212826,1.4557278288859357,-123.8461479201884,1.5160
1787414265.836865,-2.4871480358913085,2.0632157759851815e-05,0.007441219332515928,-1.9994636994255737,1.5374821400354455,-126.16079803551831,1.6130,126.168,-2.0645190464212826,1.4557278288859357,-123.8461479201884,1.5158
1787414265.9057665,-2.4862542954365727,-0.0002341480422860451,0.015380050998026642,-1.9994636994255737,1.5374821400354455,-126.16079803551831,1.6129,126.176,-2.8272852264676067,2.953670247369354,-123.9855869792523,2.9735
1787414266.0374467,-2.4843455220563793,-1.119054559314272e-05,0.09218480698670392,-2.314062939840016,2.488899533259489,-132.63828064057395,2.4947,132.730,-2.1928689879511976,1.0554279272669613,-25.61285213254723,1.0949
1787414266.1597173,-2.482439722812273,0.0010147908872038965,-0.032698849306977903,-3.2022235098737832,1.456282920551666,-26.586962751200144,1.6235,26.554,-1.5676035189680917,1.2876049111727834,-10.930539986128904,1.5787
1787414266.227322,-2.4816012454813756,0.0014692440110456433,-0.25038781635789703,-2.437294826980808,0.13041219386976843,1.6969418579021456,0.1363,1.947,-2.436041678395072,-0.011557745935455103,0.19343865268711694,0.0474
1787414266.3593264,-2.479488614049625,0.0011003031241158382,-0.4797537737141076,-2.3753920271663778,-2.0281611472867597e-07,-0.07277060661735454,0.1041,0.407,-2.4587034638583045,-0.0072284684409161465,-0.15545822377966328,0.0224
1787414266.4155006,-2.4782368689341667,0.0002897634368688476,-0.41790561908157253,-2.3169526166717676,-0.07606892642239248,0.6937152829844486,0.1784,1.112,-2.4782438378766183,-0.005578957623275202,-0.44288553820171567,0.0059
1787414266.5327878,-2.4759327100781956,-0.0014848204227763838,0.017635173040616146,-2.2767016403808853,-0.1020062098201486,1.0793843225400919,0.2232,1.062,-2.4734562712270427,-0.016028240338369828,-0.2643737734388313,0.0148
1787414266.66168,-2.4737462975117293,-0.0021993180122435525,0.04689789754572198,-2.280085288114929,-0.098295869694739,1.5370858730803318,0.2162,1.490,-2.4802790994317188,-0.011871337753540967,0.162506210411999,0.0117
1787414266.7264705,-2.472533373213182,-0.0020941143079275712,0.014961768523813633,-2.315884382210424,-0.07906777569656798,1.1212914874416806,0.1745,1.106,-2.4482717175639612,-0.016799402576348668,0.26562176399176707,0.0284
1787414266.8575196,-2.470300006686325,-0.0016133643723330502,-0.3790121350564954,-2.34110892360026,-0.07126285937891676,1.0903610611439611,0.1468,1.469,-2.48948586709667,-1.7172786415544096e-05,-0.2237756659728123,0.0193
1787414266.919717,-2.4691795945241717,-0.0016590716577956056,-0.38510583472582693,-2.353816915739663,-0.061947024824332814,0.7731501010676877,0.1302,1.158,-2.48948586709667,-1.7172786415544096e-05,-0.2237756659728123,0.0204
1787414267.040594,-2.4667934222562917,-0.0024937513531451557,-0.3752674050488958,-2.3758367772209783,-0.057332180446958855,0.455894680951918,0.1062,0.831,-2.587733930101992,0.029825248318333688,-1.166415341138525,0.1252
1787414267.1036289,-2.4656056842998244,-0.00317243666111366,-0.2746198721245531,-2.4231329490802502,-0.04375210986413818,0.19569932967747314,0.0587,0.470,-2.597737835126439,0.032468510638471525,-1.0736356080464,0.1369
1787414267.2373173,-2.4635096172525,-0.0042880029633650995,-0.023064256646021967,-2.4641067124704352,-0.026800557824595186,0.2263679814300397,0.0225,0.249,-2.5894493020119462,0.03623260292719004,-0.9173653398709785,0.1323
1787414267.3642578,-2.4613215062913545,-0.004301249156890176,0.0006114472030346596,-2.4854884139614235,-0.022891826954738015,0.11455888536716541,0.0305,0.114,-2.6131895292486385,0.028828418620575696,-0.8452209108395445,0.1554
1787414267.4271362,-2.4602344186242586,-0.004006593394456765,-0.0983408642755447,-2.432985805204679,-0.08473564348036604,5.5291983742986375,0.0852,5.628,-2.6131895292486385,0.028828418620575696,-0.8452209108395445,0.1564
1787414267.5537057,-2.4582388144813327,-0.0036703258931005886,-0.6200176668542894,-2.432985805204679,-0.08473564348036604,5.5291983742986375,0.0849,6.149,-2.613044994369619,0.05221695739461129,-1.566301616288268,0.1646
1787414267.6169465,-2.4571053898837136,-0.003912146097423854,-0.6160245594133364,-2.5393237405290043,0.012850968642045893,-1.1285081671265556,0.0839,0.512,-2.6581123837207317,0.06645708030572058,-2.081852619959454,0.2130
1787414267.7476108,-2.454853797973167,-0.005217527216869786,-0.4882629475252898,-2.515073850445964,-0.017259555027347297,2.5006392634541275,0.0614,2.989,-2.6581123837207317,0.06645708030572058,-2.081852619959454,0.2155
1787414267.808477,-2.453994078537923,-0.005339316712858045,-0.4724220666348477,-2.492864391414684,-0.041640626696906956,5.567254119732761,0.0532,6.040,-2.6581123837207317,0.06645708030572058,-2.081852619959454,0.2164
1787414267.9310486,-2.452209921707573,-0.005058072632034192,-0.37087535790990017,-2.492864391414684,-0.041640626696906956,5.567254119732761,0.0547,5.938,-2.6581123837207317,0.06645708030572058,-2.081852619959454,0.2180
1787414268.0401394,-2.4502364449168605,-0.0038187712115305495,-0.3563852901506644,-2.44545856462393,-0.08871029135209717,11.699335240353298,0.0850,12.056,-2.6581123837207317,0.06645708030572058,-2.081852619959454,0.2194
1787414268.1011722,-2.4493104483750017,-0.0030415599247712523,-0.4772799709044461,-2.44545856462393,-0.08871029135209717,11.699335240353298,0.0858,12.177,-2.6581123837207317,0.06645708030572058,-2.081852619959454,0.2201
1787414268.2275279,-2.4488254708214243,-0.0025795361807655027,-0.5385188688581745,-2.392589880774359,-0.13139310644593963,17.831425313748536,0.1406,18.370,-2.6581123837207317,0.06645708030572058,-2.081852619959454,0.2204
1787414268.3506887,-2.4481611011977793,-0.003050494346878013,-0.5871737113108599,-2.3637057818425484,-0.15012632772648324,20.8996035942981,0.1696,21.487,-2.6581123837207317,0.06645708030572058,-2.081852619959454,0.2212
1787414268.4134738,-2.4478568043430435,-0.0035448142946096404,-0.4876951772610966,-2.3637057818425484,-0.15012632772648324,20.8996035942981,0.1690,21.387,-2.6581123837207317,0.06645708030572058,-2.081852619959454,0.2216
1787414268.5303192,-2.447098588496111,-0.004159492137792,-0.24220478219606076,-2.3034487055884005,-0.18502273076703676,27.02881568789181,0.2310,27.271,-2.6581123837207317,0.06645708030572058,-2.081852619959454,0.2225
1787414268.653466,-2.4458360808279442,-0.0037580379830883005,-0.22777718470663338,-2.2712578392648584,-0.19943656247835426,30.09558304794208,0.2622,30.323,-2.6581123837207317,0.06645708030572058,-2.081852619959454,0.2236
1787414268.7171533,-2.4451983689357615,-0.003260166040333224,-0.32249606910684253,-2.2712578392648584,-0.19943656247835426,30.09558304794208,0.2622,30.418,-2.6581123837207317,0.06645708030572058,-2.081852619959454,0.2240
1787414268.8450186,-2.4439887165178042,-0.002401487302986277,-0.5717107904923551,-2.204679749623601,-0.22529278132527328,36.23090317206966,0.3270,36.803,-2.6581123837207317,0.06645708030572058,-2.081852619959454,0.2249
1787414268.9093397,-2.4432619845216434,-0.002342897309575304,-0.6023862550081163,-2.4661670453473823,-0.008604529036479153,-0.5483296592443824,0.0237,0.054,-2.4797514190069045,-0.00034295237868809395,-0.6767551318996129,0.0365
1787414269.0352507,-2.4417059321238073,-0.002892111405125071,-0.5508063820907444,-2.46862335040881,-0.0018912760061319924,-0.6463420988921208,0.0269,0.096,-2.4841796557897324,-0.0005504874270588303,-0.6894775928786382,0.0425
1787414269.1627824,-2.4403666779617934,-0.003561786628244058,-0.06779561360682604,-2.456326330907575,-0.006646522513054965,-0.4916499236976588,0.0163,0.424,-2.454096132861469,-0.0071137057728001465,-0.4973775314676059,0.0142
1787414269.2276287,-2.439518307889715,-0.0033561531334709263,-0.0687658246699286,-2.4529940328810675,-0.01032554075173011,0.05138327932668818,0.0152,0.120,-2.465747545178039,-0.011593460452258684,0.07513104417915764,0.0275
1787414269.3555279,-2.4375694084309227,-0.00200833175617975,-0.343456975314038,-2.451480062340357,-0.014537021012641788,0.09257938096479275,0.0187,0.436,-2.4696492799951417,-0.014165494847454866,0.07405500125936845,0.0343
1787414269.421016,-2.43668559477174,-0.001188340295240424,-0.6570558095615663,-2.4457233962365077,-0.011218028557275786,-0.23895414576509763,0.0135,0.418,-2.454833289743519,-0.0068916048521266305,-0.3167349192321231,0.0190
1787414269.5521693,-2.4337714058797424,-0.0005529359891221222,-0.8967931098397779,-2.445378575508613,-0.008626621803128032,-0.555981704415284,0.0141,0.341,-2.496515958736039,-0.010102565932454413,-0.8527443555080743,0.0635
1787414269.616363,-2.4321447452004166,-0.0007052672281960513,-0.9421716076568073,-2.4839566136617366,0.006457250414023643,-1.2844499148772983,0.0523,0.342,-2.575236231820325,0.04245875872840054,-1.9393715189728407,0.1495
1787414269.7441838,-2.428974306107252,-0.0014919407204170457,-0.7583050023352041,-2.48061476772596,0.009368715296548326,-0.41908563241968083,0.0528,0.339,-2.575236231820325,0.04245875872840054,-1.9393715189728407,0.1527
1787414269.8084705,-2.4276817823267867,-0.0015535577980127213,-0.7455107962688422,-2.48061476772596,0.009368715296548326,-0.41908563241968083,0.0540,0.326,-2.575236231820325,0.04245875872840054,-1.9393715189728407,0.1540
1787414269.9328377,-2.4248914388640634,-0.0008746325064230922,-0.7036433579240624,-2.4757418472972237,0.014471371076196258,0.9671782927302658,0.0531,1.671,-2.575236231820325,0.04245875872840054,-1.9393715189728407,0.1565
1787414270.0583372,-2.4221201577119817,0.0005249061963846745,-0.9472854385407266,-2.473561014414658,0.017241513527086742,1.6602555279335176,0.0541,2.608,-2.575236231820325,0.04245875872840054,-1.9393715189728407,0.1588
1787414270.120712,-2.421295330374413,0.0009799382419365243,-0.9650388209385174,-2.473561014414658,0.017241513527086742,1.6602555279335176,0.0547,2.625,-2.575236231820325,0.04245875872840054,-1.9393715189728407,0.1594
1787414270.2486515,-2.419482196662535,0.0011289336170081745,-1.0365300775938884,-2.4696571899621786,0.023149987200866567,3.046160330912894,0.0548,4.083,-2.575236231820325,0.04245875872840054,-1.9393715189728407,0.1611
1787414270.3030598,-2.418527953482157,0.0008758080609774215,-1.015771310733592,-2.4679752403521142,0.026305589388562447,3.739408425850823,0.0556,4.755,-2.575236231820325,0.04245875872840054,-1.9393715189728407,0.1621
1787414270.42759,-2.4168184969185202,0.00022496265053296408,-0.6420369060758567,-2.4664653373770995,0.02958226739299243,4.432665967177375,0.0577,5.075,-2.575236231820325,0.04245875872840054,-1.9393715189728407,0.1640
1787414270.5386846,-2.41583234820158,0.0004079362185550224,-0.3731310875355248,-2.4664653373770995,0.02958226739299243,4.432665967177375,0.0584,4.806,-2.575236231820325,0.04245875872840054,-1.9393715189728407,0.1649
1787414270.660274,-2.4149097580404004,0.0016245868133154206,-0.11234000203459077,-2.463931196673624,0.03646573212515687,5.818434805922187,0.0601,5.931,-2.575236231820325,0.04245875872840054,-1.9393715189728407,0.1654
1787414270.7215655,-2.4149317638654084,0.001756905454133183,-0.022733665040540488,-2.462953143038434,0.04008245270749519,6.5116057634388325,0.0614,6.534,-2.575236231820325,0.04245875872840054,-1.9393715189728407,0.1654
1787414270.8410995,-2.4150233062535187,0.0014779847420572376,0.0961402271664671,-2.462953143038434,0.04008245270749519,6.5116057634388325,0.0615,6.415,-2.575236231820325,0.04245875872840054,-1.9393715189728407,0.1654
1787414270.9586477,-2.4147361914534287,-1.6219079504804556e-05,0.29571706340027765,-2.4615002090858753,0.04762093513690222,7.897767892142805,0.0668,7.602,-2.575236231820325,0.04245875872840054,-1.9393715189728407,0.1660
1787414271.0170376,-2.414540154010391,-0.0011353745886767536,0.5376259759779668,-2.4610755446710577,0.0515495243013141,8.591988590855713,0.0703,8.054,-2.575236231820325,0.04245875872840054,-1.9393715189728407,0.1665
1787414271.1416743,-2.4128199587819323,-0.002459327925878523,1.1408819735119724,-2.541439762047536,-0.055222099011986645,1.5677604577687896,0.1390,0.427,-2.5478605266259615,-0.056316081993964213,1.5836830392682018,0.1454
1787414271.2554843,-2.410914664202614,-0.002789710559596726,1.7490931885293994,-2.5501916474875403,-0.06077982722553504,2.165767773735825,0.1509,0.417,-2.5478605266259615,-0.056316081993964213,1.5836830392682018,0.1470
1787414271.3160229,-2.4099882513512134,-0.002711919312699718,1.945035888904292,-2.5557891852120247,-0.06422846995991591,2.532390810756421,0.1582,0.587,-2.5478605266259615,-0.056316081993964213,1.5836830392682018,0.1479
1787414271.4247072,-2.4082391277284074,-0.0029270522361673733,2.001191501243873,-2.5615684449137746,-0.06770330678045137,2.899029311016952,0.1665,0.898,-2.5478605266259615,-0.056316081993964213,1.5836830392682018,0.1495
1787414271.5495706,-2.406207967730421,-0.004154348776270059,1.983484533254344,-2.567529906075756,-0.07120713384044729,3.2657176873750515,0.1747,1.282,-2.5478605266259615,-0.056316081993964213,1.5836830392682018,0.1510
1787414271.6094124,-2.4051376087462955,-0.005098094074326836,2.039959276412405,-2.567529906075756,-0.07120713384044729,3.2657176873750515,0.1753,1.226,-2.5478605266259615,-0.056316081993964213,1.5836830392682018,0.1516
1787414271.7254217,-2.404076526048578,-0.00607736632310504,1.971118645653277,-2.580012922694583,-0.07826621345116377,3.9987350462398874,0.1902,2.028,-2.5478605266259615,-0.056316081993964213,1.5836830392682018,0.1523
1787414271.8459206,-2.402970111398214,-0.006094518458116549,2.154308775380856,-2.5865178325101095,-0.08187050047260143,4.365438082981242,0.1986,2.211,-2.5478605266259615,-0.056316081993964213,1.5836830392682018,0.1533
1787414271.9591067,-2.402076767452355,-0.004596992825803465,2.2543037455483628,-2.5932029735805533,-0.08551288716476892,4.732113129718561,0.2075,2.478,-2.5478605266259615,-0.056316081993964213,1.5836830392682018,0.1547
1787414272.0173814,-2.4017381437709906,-0.003782750387754083,2.138100512567846,-2.600111096847561,-0.08921856170353384,5.101024231339799,0.2160,2.963,-2.5478605266259615,-0.056316081993964213,1.5836830392682018,0.1553
1787414272.1381993,-2.401883706243951,-0.0030444368516677465,1.9222250071707252,-2.600111096847561,-0.08921856170353384,5.101024231339799,0.2161,3.179,-2.625989893875155,0.07277348812838598,0.5562105063447248,0.2366
1787414272.245172,-2.401745330794719,-0.003510429214527193,1.7078861826386276,-2.5975212777617176,0.07255088668220476,0.4808029227058449,0.2100,1.227,-2.5818378237569655,0.07287741044323963,0.49236132037345115,0.1956
1787414272.3096273,-2.4016654362139103,-0.003992685042322341,1.7728220702177742,-2.5814749066598397,0.037680823179997915,0.7377745524403202,0.1846,1.035,-2.4889717545014958,0.026070479046482537,1.2254640839602577,0.0923
1787414272.44212,-2.4003219736166876,-0.003997551700426427,1.8574675004198162,-2.544943947835333,0.036267603211983766,0.983417274846961,0.1501,0.874,-2.427869826354764,0.005584385231894367,1.6879479554804078,0.0292
1787414272.5593934,-2.398821650932475,-0.002986532932390322,1.9198904798951626,-2.4689614416232226,-0.011175303299162335,1.8645708915246324,0.0706,0.055,-2.4516623692949833,-0.02573048417040664,2.078808139607222,0.0575
1787414272.6196585,-2.3981003673217116,-0.0022513152061239554,1.8376203821748565,-2.4562433014072194,-0.003644690549207538,1.9648760965751242,0.0582,0.127,-2.44638443085603,0.0009042574749709494,1.8985027041324238,0.0484
1787414272.7434773,-2.3967310645781703,-0.0013067352613180879,1.609028505775949,-2.443611454551414,0.0028772187670009237,1.756341887346032,0.0471,0.147,-2.5359976053435442,0.022112914535210377,0.9063672110736627,0.1412
1787414272.8051038,-2.3959421124777744,-0.001271548842544301,1.5936795736911982,-2.48260066612912,0.02610719914298345,1.0589043659115718,0.0909,0.535,-2.532614505321805,0.0506509478043856,0.623038209902397,0.1462
1787414272.933782,-2.3941137959348158,-0.002064982243649945,1.8671331174033374,-2.4899097911682113,0.043290436373279936,0.7053507441418772,0.1060,1.162,-2.5122018320729396,0.056992591718022415,0.4647351204873633,0.1320
1787414273.0623546,-2.3924771196124137,-0.002845244617018807,2.204658707149674,-2.4647282322241915,0.017627358764530733,1.6080053623490953,0.0751,0.597,-2.4459453050675597,0.006583193024937331,1.7784972943040083,0.0543
1787414273.1232843,-2.3916015799197328,-0.00283237894512309,2.2340679135463475,-2.458930051145248,0.019241134496060384,1.7383452609927947,0.0709,0.496,-2.4829247460576345,-0.031275657235128804,2.861861219118007,0.0957
1787414273.2406027,-2.3897612815013067,-0.00210915509281092,2.174904260880612,-2.461685604933736,-0.014997549582967704,2.6052067939652654,0.0731,0.430,-2.484377384492313,-0.06405215752360414,3.300706147436974,0.1131
1787414273.3601348,-2.3874994805462277,-0.001337683331146587,1.6533627520364138,-2.46538312077835,-0.04693721694024987,3.006610918724182,0.0903,1.353,-2.4862559249721277,0.022028106869208093,1.5986168693661913,0.1015
1787414273.4254012,-2.3860003157428435,-0.0012739294399745874,1.3049371009249486,-2.461046684654897,-0.003501213952670633,2.008397376161606,0.0751,0.703,-2.4862559249721277,0.022028106869208093,1.5986168693661913,0.1029
1787414273.5514135,-2.3829154109106008,-0.0019147289316915124,0.6666514171175634,-2.455745779628505,-0.003988363778829047,2.1748830668504633,0.0729,1.508,-2.4862559249721277,0.022028106869208093,1.5986168693661913,0.1061
1787414273.608468,-2.38146320089492,-0.0024710949635519666,0.4889001363599735,-2.4526978931644132,-0.004223856177362841,2.27304706042695,0.0713,1.784,-2.4862559249721277,0.022028106869208093,1.5986168693661913,0.1076
1787414273.7332547,-2.3797140153137737,-0.0028537978654880735,0.31457572446862714,-2.4526978931644132,-0.004223856177362841,2.27304706042695,0.0730,1.958,-2.4862559249721277,0.022028106869208093,1.5986168693661913,0.1094
1787414273.8553197,-2.377773503737341,-0.0022159204854982303,0.13111731026545007,-2.4468730155549876,-0.004584686401356219,2.466099777027135,0.0691,2.335,-2.4862559249721277,0.022028106869208093,1.5986168693661913,0.1112
1787414273.9145246,-2.37682782509345,-0.001653471921337299,-0.07979356282049227,-2.4468730155549876,-0.004584686401356219,2.466099777027135,0.0701,2.546,-2.4862559249721277,0.022028106869208093,1.5986168693661913,0.1120
1787414274.0395494,-2.3750695208305275,-0.0009754605913928494,-0.4371864788649166,-2.4412404096185765,-0.00480557224283732,2.6602900175960387,0.0663,3.097,-2.4862559249721277,0.022028106869208093,1.5986168693661913,0.1135
1787414274.1619446,-2.373124030374352,-0.001518236736472658,-0.5135403054431591,-2.43850913691277,-0.004860759269381006,2.757400828284763,0.0655,3.271,-2.4862559249721277,0.022028106869208093,1.5986168693661913,0.1156
1787414274.2228765,-2.3721641482095897,-0.0021507072168355373,-0.48169783186502,-2.43850913691277,-0.004860759269381006,2.757400828284763,0.0664,3.239,-2.4862559249721277,0.022028106869208093,1.5986168693661913,0.1166
1787414274.3511922,-2.3708530640383043,-0.0030999985515966734,-0.3176729501474664,-2.4332183499043207,-0.004870703938696319,2.951619552464317,0.0624,3.269,-2.4862559249721277,0.022028106869208093,1.5986168693661913,0.1181
1787414274.4101114,-2.3703553080042328,-0.0031394196065386427,-0.29664005921855113,-2.4332183499043207,-0.004870703938696319,2.951619552464317,0.0629,3.248,-2.4862559249721277,0.022028106869208093,1.5986168693661913,0.1186
1787414274.527561,-2.369251159449561,-0.0023422170291067705,-0.20282243466066752,-2.428159365716888,-0.004742019381126173,3.145749736373666,0.0590,3.349,-2.4862559249721277,0.022028106869208093,1.5986168693661913,0.1195
1787414274.6453524,-2.3688645969035917,-0.0015446112767227554,-0.31728884548863123,-2.428159365716888,-0.004742019381126173,3.145749736373666,0.0594,3.463,-2.4862559249721277,0.022028106869208093,1.5986168693661913,0.1197
1787414274.763472,-2.368916739509244,-0.001745071361530081,-0.37857902447760167,-2.4233296304031673,-0.004476234877757951,3.3399196858773874,0.0545,3.718,-2.4862559249721277,0.022028106869208093,1.5986168693661913,0.1197
1787414274.8256686,-2.3688731627638897,-0.002190275721124911,-0.3744769404712203,-2.4233296304031673,-0.004476234877757951,3.3399196858773874,0.0545,3.714,-2.4862559249721277,0.022028106869208093,1.5986168693661913,0.1199
1787414274.9540122,-2.368363133646821,-0.002607475752932869,-0.13096936165888762,-2.418729918408053,-0.0040748031821668885,3.53413960621908,0.0504,3.665,-2.4491943765360267,0.004105946182782518,-0.4131286654234922,0.0811
1787414275.0205665,-2.3676347230665273,-0.0021999220465980375,0.10270279938423629,-2.4477938727022446,0.0037035370514191283,-0.4058703168859962,0.0804,0.509,-2.4491943765360267,0.004105946182782518,-0.4131286654234922,0.0818
1787414275.135424,-2.365784940456961,-0.0003688062355534364,0.4243613085664486,-2.473524989642887,-0.0282527201314994,0.7273845301503167,0.1113,0.303,-2.5086786008059145,-0.049234503518324514,1.10725911805123,0.1510
1787414275.264118,-2.3639330652782187,0.0020731010156836175,0.36104213733246143,-2.490106776824617,-0.04698375955545417,1.34663555448543,0.1354,0.986,-2.5031441701842154,-0.053683793575702736,1.496246506874079,0.1500
1787414275.3272004,-2.3631024845314803,0.0027774506082938197,0.33645533911929415,-2.4965625824824507,-0.052085768650580754,1.465581281517274,0.1443,1.129,-2.5031441701842154,-0.053683793575702736,1.496246506874079,0.1510
1787414275.451591,-2.3612595216123506,0.0034400560444475285,0.2902482245833967,-2.503101732314282,-0.06165012396330539,1.5589120172460644,0.1561,1.269,-2.5031441701842154,-0.053683793575702736,1.496246506874079,0.1530
1787414275.5104287,-2.360316529968775,0.003461110744369641,0.3579435460922736,-2.503101732314282,-0.06165012396330539,1.5589120172460644,0.1569,1.201,-2.5031441701842154,-0.053683793575702736,1.496246506874079,0.1538
1787414275.6294215,-2.358627308205051,0.0035418181299070413,0.8181753288184351,-2.5211515337165427,-0.0712626863696417,1.8651027874550943,0.1789,1.047,-2.5274393288862873,-0.07199960721802394,1.8792836137123812,0.1849
1787414275.758517,-2.3567058509244467,0.004716308095205195,0.7955315574525607,-2.53241045246122,-0.07047024005962595,2.2293516040947523,0.1911,1.434,-2.540354739021321,-0.06917761219992603,2.2162389544316032,0.1980
1787414275.8181646,-2.355693019310711,0.0057028534572257025,0.7139224097555054,-2.5407052223696422,-0.07705595119213018,2.3481023849476044,0.2027,1.634,-2.5347802336948084,-0.0694000635854416,2.272863846947163,0.1942
1787414275.9414523,-2.3543123510821484,0.006586360882790392,0.5226126023163067,-2.538651733877296,-0.07199790154222897,2.3162222958202423,0.2004,1.794,-2.5347802336948084,-0.0694000635854416,2.272863846947163,0.1958
1787414276.0601778,-2.352804970788147,0.0065344615705792315,0.09334508645963328,-2.5509821820012495,-0.0805358225077818,2.4885927884904744,0.2165,2.395,-2.5347802336948084,-0.0694000635854416,2.272863846947163,0.1972
1787414276.1148098,-2.352042068991882,0.0058333240439729945,-0.02075183454473743,-2.5509821820012495,-0.0805358225077818,2.4885927884904744,0.2169,2.509,-2.5347802336948084,-0.0694000635854416,2.272863846947163,0.1976
1787414276.2365608,-2.350681839687973,0.00414840487490448,0.056118986697289444,-2.564292598542487,-0.08950670146410307,2.666629012157088,0.2332,2.611,-2.5347802336948084,-0.0694000635854416,2.272863846947163,0.1982
1787414276.3530939,-2.3491436520221805,0.0035435489864429153,0.09802035726532651,-2.5711659570246144,-0.09405903169828682,2.7556873340150343,0.2425,2.658,-2.5347802336948084,-0.0694000635854416,2.272863846947163,0.1995
1787414276.4126518,-2.3482908690012345,0.003594256040974953,0.1089035826099755,-2.5783216635847204,-0.0987404986062955,2.8464609188756804,0.2518,2.738,-2.5347802336948084,-0.0694000635854416,2.272863846947163,0.2003
1787414276.5398686,-2.346663987882984,0.004173877545785251,-0.14493040514590705,-2.5783216635847204,-0.0987404986062955,2.8464609188756804,0.2535,2.991,-2.5347802336948084,-0.0694000635854416,2.272863846947163,0.2020
1787414276.6625054,-2.345799763165062,0.003993506214377846,-0.18162306125286104,-2.5926590612428466,-0.10794423489021894,3.022770418178033,0.2711,3.204,-2.5347802336948084,-0.0694000635854416,2.272863846947163,0.2027
1787414276.7207794,-2.3452946616932624,0.0035657142496264096,-0.1993061867628328,-2.5926590612428466,-0.10794423489021894,3.022770418178033,0.2713,3.222,-2.5347802336948084,-0.0694000635854416,2.272863846947163,0.2030
1787414276.8403187,-2.344273403746715,0.0021754768332726804,-0.03779851556349847,-2.607720047036941,-0.11740665861482809,3.2008636824612173,0.2893,3.239,-2.5347802336948084,-0.0694000635854416,2.272863846947163,0.2035
1787414276.90809,-2.343869429988406,0.001475819271570979,0.2152087043559439,-2.607720047036941,-0.11740665861482809,3.2008636824612173,0.2894,2.986,-2.488867740634036,-0.06177937444464789,1.3152054351809168,0.1582
1787414277.0269108,-2.34243288461373,0.0012641545087129509,0.23788656906180494,-2.493953566154431,-0.06724920227346722,1.4215638968776787,0.1663,1.184,-2.4867588366958127,-0.06797050566809901,1.4334596882010842,0.1601
1787414277.1571822,-2.3407929122992677,0.002123747821294337,0.06538248060846207,-2.46250833295566,-0.019970024952687758,0.288321923687413,0.1237,0.223,-2.446038183513948,0.014179494791508684,-0.3754763597468829,0.1059
1787414277.2224565,-2.340091734892673,0.0025900134032581794,-0.21666178518585402,-2.4520145075003286,0.0013264858486632912,-0.1493126861874395,0.1119,0.067,-2.446038183513948,0.014179494791508684,-0.3754763597468829,0.1066
1787414277.3430977,-2.338468819557571,0.002779535939568146,-0.2457486025144838,-2.411271047921358,0.00904262988875109,-0.4352000026046966,0.0731,0.189,-2.4481822458473914,-0.019713104095026513,0.306865614109149,0.1120
1787414277.403324,-2.337468981134821,0.0023621548826004146,-0.15208065461657458,-2.416348745711424,0.012307983667577167,-0.7210213622605448,0.0795,0.569,-2.3904083691922686,-0.00489980887048081,-0.1653069757471097,0.0534
1787414277.5371175,-2.335603548076725,0.0011460793821274804,0.35563151765391016,-2.3927784108463985,-0.0005862861432827651,-0.01683401159480019,0.0572,0.372,-2.386644133272408,-0.005574191753438756,0.06248688019045649,0.0515
1787414277.6615806,-2.3337707026871164,0.000735522449600455,0.3909266044799684,-2.398858037968675,0.011102553316924918,-0.14473641632080728,0.0659,0.536,-2.438014288228398,-0.05545665974632877,1.409572326827257,0.1184
1787414277.7203977,-2.332700250623976,0.0010237626278748857,0.30492986532876404,-2.4032144945673752,-0.036162731984909116,1.122439435014547,0.0797,0.818,-2.437699805240821,-0.053338076499018706,1.4325753255982634,0.1182
1787414277.8487952,-2.33067856709785,0.0019697987993470382,-0.159769498454044,-2.3876235170803657,-0.01781258107393648,0.4462754836217114,0.0603,0.606,-2.39973907720687,-0.01368938781374785,0.3038484692742803,0.0708
1787414277.913349,-2.329736107304003,0.002181687440501342,-0.1753348627846598,-2.380970537965577,-0.007800976767083604,-0.17149010463597755,0.0522,0.004,-2.3799793283636084,-0.003363936322762916,-0.23775812944078661,0.0505
1787414278.0341322,-2.3276846498607466,0.0018838467133825375,-0.2064086662303958,-2.4053680296947464,0.009594931151577883,-0.5616518431616924,0.0781,0.355,-2.472990991612112,0.03290202577707505,-1.0187084633545855,0.1486
1787414278.163272,-2.325641501914798,0.0008983306638303633,0.031175625688480067,-2.4243429077484495,0.016015215726724857,-0.6651543677041379,0.0999,0.696,-2.4681085906878453,0.031120876145409627,-1.0035227216498812,0.1456
1787414278.2312799,-2.3247494210708743,0.0005674527818537323,0.050469916674972776,-2.4345400446707868,0.02957472483125799,-1.0420214554071248,0.1136,1.092,-2.4511594920632636,0.03685217912295639,-1.180467043988578,0.1315
1787414278.359117,-2.3227775784809856,0.0006768003835441651,0.10665514479231991,-2.4362154874365993,0.03969761484087997,-1.2221024195280543,0.1200,1.329,-2.4511594920632636,0.03685217912295639,-1.180467043988578,0.1334
1787414278.4269223,-2.321756864052808,0.0010714287204828372,0.05643362453231106,-2.4362154874365993,0.03969761484087997,-1.2221024195280543,0.1208,1.279,-2.4511594920632636,0.03685217912295639,-1.180467043988578,0.1343
1787414278.5614061,-2.3199197804810185,0.0018193443353561427,-0.4119674402676367,-2.4385141616081434,0.05264529459449228,-1.4454547502448107,0.1290,1.033,-2.4511594920632636,0.03685217912295639,-1.180467043988578,0.1358
1787414278.6164036,-2.3189858769033567,0.0016317348208963944,-0.4100082531855155,-2.4385141616081434,0.05264529459449228,-1.4454547502448107,0.1300,1.035,-2.4511594920632636,0.03685217912295639,-1.180467043988578,0.1368
1787414278.7414987,-2.317039160761642,0.0005889451782159693,-0.3697156916436177,-2.4410487869221806,0.06603074645040694,-1.6688151482854685,0.1402,1.299,-2.4511594920632636,0.03685217912295639,-1.180467043988578,0.1389
1787414278.8613033,-2.31530404879201,-0.0005890968576377623,-0.17333820918944778,-2.4410487869221806,0.06603074645040694,-1.6688151482854685,0.1423,1.495,-2.4511594920632636,0.03685217912295639,-1.180467043988578,0.1409
1787414278.9235368,-2.3144165353984696,-0.0008392434089218488,-0.13274862217140299,-2.4438156017045913,0.07985407794311772,-1.8921522846487995,0.1525,1.759,-2.4511594920632636,0.03685217912295639,-1.180467043988578,0.1418
1787414279.0484586,-2.31249420961702,-0.0005916236718520502,-0.10291235217136636,-2.4438156017045913,0.07985407794311772,-1.8921522846487995,0.1540,1.789,-2.4511594920632636,0.03685217912295639,-1.180467043988578,0.1436
1787414279.1141996,-2.3115720195794434,-0.00022653398477180355,-0.22246276689402422,-2.4468114323056103,0.09411849348517186,-2.115486718503291,0.1649,1.893,-2.4511594920632636,0.03685217912295639,-1.180467043988578,0.1444
1787414279.237143,-2.3102755212051003,-7.780035607784781e-05,-0.4850789073988537,-2.4468114323056103,0.09411849348517186,-2.115486718503291,0.1659,1.630,-2.4511594920632636,0.03685217912295639,-1.180467043988578,0.1456
1787414279.3641422,-2.3092526806969853,-0.0011517673722828226,-0.5485045039448514,-2.4500334987827803,0.10882876468874263,-2.3388603309188047,0.1786,1.790,-2.4511594920632636,0.03685217912295639,-1.180467043988578,0.1469
1787414279.430519,-2.3087850004021817,-0.0020310136954663385,-0.5025286935005194,-2.5076155247677265,0.11055449274418244,-3.077870881626615,0.2285,2.575,-2.510368504433207,0.1587577066285207,-4.163850838768631,0.2579
1787414279.5614326,-2.307710689887798,-0.0031716951617888844,-0.3957410030569397,-2.4937852582896687,0.10993561230037298,-3.417791413970549,0.2178,3.022,-2.4807736177574906,0.10284520017297252,-2.9997306705390847,0.2030
1787414279.621738,-2.3070984423421175,-0.003355091795437075,-0.31715852591181226,-2.5002201934214714,0.11968937390015824,-3.6492338662582364,0.2290,3.332,-2.4807736177574906,0.10284520017297252,-2.9997306705390847,0.2036
1787414279.7478545,-2.305809226934102,-0.0030845092800461777,-0.3357481847852751,-2.5047787542874986,0.1265857523111651,-3.8096412127276063,0.2375,3.474,-2.4807736177574906,0.10284520017297252,-2.9997306705390847,0.2045
1787414279.808294,-2.3052801049301834,-0.002920497671534199,-0.5312462775813381,-2.5047787542874986,0.1265857523111651,-3.8096412127276063,0.2378,3.278,-2.4807736177574906,0.10284520017297252,-2.9997306705390847,0.2049
1787414279.9347413,-2.3039787281980098,-0.003492978876882722,-0.7626455884548238,-2.5334036895125416,0.08021007582015174,-2.5763216176453985,0.2442,1.814,-2.539144455214474,0.0816875177602281,-2.607906707586509,0.2501
1787414280.062051,-2.3023784893596413,-0.005377922631641586,-0.6219931559179463,-2.5289128400063876,0.06416108150324884,-2.2310871717448757,0.2370,1.609,-2.5069667788316625,0.05811268413950051,-2.2335604230696102,0.2142
1787414280.1151295,-2.3017508130771254,-0.0057803116289745805,-0.5987386890118916,-2.5212537131109856,0.06150744365366458,-2.302630031833563,0.2296,1.704,-2.5069667788316625,0.05811268413950051,-2.2335604230696102,0.2149
1787414280.2375827,-2.3003263683212998,-0.006112424751371572,-0.3628955935111573,-2.5295573580881734,0.0640633204405015,-2.431978935897233,0.2397,2.069,-2.5069667788316625,0.05811268413950051,-2.2335604230696102,0.2164
1787414280.3012779,-2.299598561925791,-0.005648502234631714,-0.30115679866011463,-2.534508179247719,0.06558905016003014,-2.5070308806915285,0.2455,2.206,-2.5069667788316625,0.05811268413950051,-2.2335604230696102,0.2169
1787414280.4307551,-2.298219030918734,-0.004234281319364605,-0.45639408703270684,-2.5395560293233275,0.06714450672756989,-2.5820690744579604,0.2517,2.126,-2.5069667788316625,0.05811268413950051,-2.2335604230696102,0.2179
1787414280.5470042,-2.2967793991167906,-0.0036778309218352613,-0.700175027208142,-2.5011662089314863,0.05879325629740502,-1.750867637336199,0.2137,1.051,-2.4840077020628173,0.053932957995131446,-1.651219644500585,0.1959
1787414280.645335,-2.2958815695550077,-0.003984496655113432,-0.6910753296822703,-2.4897745739578663,0.05381118602836664,-2.080475104314502,0.2023,1.389,-2.479112226892844,0.050731056688702536,-2.022507704226012,0.1912
1787414280.7111719,-2.2949523565945906,-0.0045290179052614055,-0.6023081374187519,-2.48918831489183,0.05383888595185145,-2.1339973542019104,0.2028,1.532,-2.463992673421505,0.046306402321191084,-1.816069810386039,0.1765
1787414280.834152,-2.293539178800499,-0.004786256017385075,-0.476495718800543,-2.476140317307487,0.04991902352758576,-1.8899523509487117,0.1906,1.413,-2.463992673421505,0.046306402321191084,-1.816069810386039,0.1779
1787414280.959069,-2.292056513492991,-0.003891285007400448,-0.19019459359772675,-2.4729343264726547,0.04921620438676134,-1.9352199140711694,0.1885,1.745,-2.463992673421505,0.046306402321191084,-1.816069810386039,0.1791
1787414281.016171,-2.2913395270139025,-0.003022303571992786,-0.12271217026701729,-2.4729343264726547,0.04921620438676134,-1.9352199140711694,0.1890,1.813,-2.463992673421505,0.046306402321191084,-1.816069810386039,0.1796
1787414281.139748,-2.2900373235566924,-0.0015151148613816176,-0.21361822364241898,-2.46178212058121,0.03189166543592389,-1.1610342960283417,0.1750,0.947,-2.457171241171662,0.02819539473499633,-1.0915039770312331,0.1698
1787414281.2074456,-2.2892999049644325,-0.0011755461487578311,-0.25254544538222495,-2.455816975654582,0.0365292377522007,-1.2666623152875758,0.1707,1.014,-2.4551576894195306,0.039139018556433966,-1.306010421714281,0.1707
1787414281.3543,-2.2877158372995843,-0.0012425668684165625,-0.22735310792057534,-2.4541443367539655,0.03665118247215972,-1.2837727325442865,0.1707,1.056,-2.4593043866973523,0.03529930513605619,-1.2315670084727726,0.1754
1787414281.422603,-2.2870213823621226,-0.001444952131396057,-0.020586166115368527,-2.448184415011187,0.02817007640292678,-1.1467465251867388,0.1639,1.126,-2.4373741556677473,0.02224676981514988,-1.0377475563402194,0.1522
1787414281.5535545,-2.2854552857434736,-0.0010277861960646352,0.25386715117451697,-2.4443687599332167,0.025520359535401427,-1.1214698822999023,0.1611,1.375,-2.4373741556677473,0.02224676981514988,-1.0377475563402194,0.1537
1787414281.618507,-2.284475238142214,-0.0002386139583958407,0.1533836747566169,-2.4410591146155096,0.02320373321181481,-1.0996558181432585,0.1583,1.253,-2.4373741556677473,0.02224676981514988,-1.0377475563402194,0.1545
1787414281.746866,-2.2827759822840226,0.001521288751843981,-0.06490874388215212,-2.424829399969411,-0.037028050633334406,0.9480619178793126,0.1472,1.013,-2.431645463308451,-0.050998925126183245,1.0092656836178708,0.1579
1787414281.8097641,-2.282018040341658,0.00211957787200534,-0.15828936253173378,-2.4253521021549496,-0.04817048051584269,0.9613774286744637,0.1519,1.120,-2.431645463308451,-0.050998925126183245,1.0092656836178708,0.1588
1787414281.932457,-2.280338007725873,0.002598802247392383,-0.3369219528034549,-2.4158859187071955,-0.06861351046221979,1.247397853678928,0.1531,1.584,-2.431645463308451,-0.050998925126183245,1.0092656836178708,0.1605
1787414282.0545814,-2.2787214599812815,0.0024412773722228874,-0.20051335747814017,-2.4158859187071955,-0.06861351046221979,1.247397853678928,0.1545,1.448,-2.431645463308451,-0.050998925126183245,1.0092656836178708,0.1620
1787414282.1159384,-2.2784213269457894,0.0025687165061730635,-0.10714592296021434,-2.4058853689526343,-0.09018289387098528,1.5421950204986836,0.1576,1.649,-2.431645463308451,-0.050998925126183245,1.0092656836178708,0.1623
1787414282.2429113,-2.2776345179955992,0.003600309104525637,0.10138591237667081,-2.4007756753302756,-0.10115021427809008,1.6895957868652571,0.1617,1.588,-2.431645463308451,-0.050998925126183245,1.0092656836178708,0.1634
1787414282.3065054,-2.2772043723701363,0.004430743230126931,0.14130733045349594,-2.4585623140772945,-0.07309083446340686,1.6863529906513357,0.1972,1.545,-2.450916727926546,-0.0790836094323499,1.681600122761365,0.1927
1787414282.4343894,-2.2765302083371446,0.004810415809835275,0.0008322605383509911,-2.4548215907440225,-0.07943379273966464,1.6939812873005606,0.1972,1.693,-2.450916727926546,-0.0790836094323499,1.681600122761365,0.1935
1787414282.4974792,-2.2761402860284883,0.004676860075807657,-0.136653531971471,-2.455511850613169,-0.09250600658976008,1.9221711039682023,0.2040,2.059,-2.450916727926546,-0.0790836094323499,1.681600122761365,0.1938
1787414282.6338065,-2.275255783162703,0.003458092720049587,-0.4647864496536424,-2.4559431541028567,-0.1004012573866527,2.0578458944105775,0.2084,2.523,-2.450916727926546,-0.0790836094323499,1.681600122761365,0.1941
1787414282.7584817,-2.27459476514094,0.0019273072063842474,-0.3351293845204979,-2.4559431541028567,-0.1004012573866527,2.0578458944105775,0.2082,2.393,-2.450916727926546,-0.0790836094323499,1.681600122761365,0.1940
1787414282.818488,-2.2739825318930023,0.0017098312017051489,-0.3227956530121817,-2.4568836478885263,-0.11646413128916051,2.3291729148228835,0.2178,2.652,-2.450916727926546,-0.0790836094323499,1.681600122761365,0.1945
1787414282.9503946,-2.2726209271985964,0.002043300446151037,-0.36694795517724327,-2.4568836478885263,-0.11646413128916051,2.3291729148228835,0.2191,2.696,-2.450916727926546,-0.0790836094323499,1.681600122761365,0.1959
1787414283.0136824,-2.2721539021692854,0.002042197593713376,-0.38238388480805796,-2.4344870040507582,-0.07104061045547524,1.0170361113149842,0.1780,1.399,-2.4262265133707777,-0.06556302707111573,0.9169826929568864,0.1683
1787414283.1427002,-2.2711527880882763,0.0015433228778997156,-0.737954140480136,-2.4326656791810533,-0.0742514232175926,1.0826860540349208,0.1784,1.821,-2.4262265133707777,-0.06556302707111573,0.9169826929568864,0.1690
1787414283.2078614,-2.2706178708756983,0.0008413791210914444,-0.9766188419785495,-2.4326656791810533,-0.0742514232175926,1.0826860540349208,0.1786,2.059,-2.4262265133707777,-0.06556302707111573,0.9169826929568864,0.1692
1787414283.3360023,-2.2694855638908975,-0.0014221294514474134,-0.9894527616666305,-2.3730815591792744,-0.016962848648597935,-0.9182394317137371,0.1048,0.071,-2.3549047638527174,-0.009807955968642663,-1.0319637081904725,0.0858
1787414283.4000707,-2.2689114168559135,-0.002208397355323542,-0.9596763116514068,-2.3790509891179785,-0.036796165799997685,-0.38909229157701825,0.1154,0.571,-2.404484620261875,-0.05784511745426954,-0.0004126176667135636,0.1465
1787414283.5208552,-2.267586178611022,-0.00302112759981341,-0.8454576075604856,-2.3822984459422702,-0.04838894962999885,-0.09849579821454363,0.1234,0.747,-2.397525683763803,-0.058517054186285195,0.08823837247055281,0.1413
1787414283.644662,-2.2661908586656803,-0.003013432267921779,-0.9489407867036269,-2.3747197736336,-0.04907044859197443,-0.12354126351689322,0.1179,0.825,-2.397525683763803,-0.058517054186285195,0.08823837247055281,0.1426
1787414283.7064042,-2.2655998212614987,-0.003028655116391619,-1.1764044697188807,-2.370924372903,0.0030333365280505176,-1.450999352194084,0.1055,0.275,-2.4079690257740336,0.03266769325586663,-2.1361246024669827,0.1468
1787414283.8365128,-2.264104859044565,-0.004040391567142589,-1.4270166482811093,-2.395128381415617,0.030129060942338064,-2.48179297940633,0.1354,1.055,-2.41841648873275,0.03807205759953445,-2.6482815545259295,0.1600
1787414283.905408,-2.26317540011085,-0.005116247744811778,-1.3263323148481503,-2.4075995517316655,0.030711127556007696,-2.4415137871761936,0.1488,1.115,-2.427256942464327,0.030074967310736216,-2.460516691195529,0.1678
1787414284.036852,-2.2615727963057046,-0.0073443876410842004,-1.0832182684503822,-2.4031495865035204,0.023598611056533457,-1.952681901179123,0.1449,0.869,-2.4209078060390645,0.024302054561695843,-1.985678216108621,0.1624
1787414284.1627848,-2.259973224997825,-0.008588786100238258,-0.9375475029983094,-2.4022903617608202,0.028863659374504847,-2.0717114935576824,0.1472,1.134,-2.4006406849856603,0.02979118477225717,-2.0884799704938204,0.1458
1787414284.229617,-2.2590948130002726,-0.008870359940592399,-0.8998254532054222,-2.4018605533138855,0.03741989147591233,-2.2209261927890798,0.1501,1.321,-2.425490078000118,0.029037546661317703,-2.0309829476867614,0.1707
1787414284.3508558,-2.2575257882423867,-0.009145662270129844,-1.18408581518852,-2.4118133561864035,0.030941871204120244,-2.0602726272737333,0.1594,0.876,-2.4334873375266164,0.03419125697314805,-2.1839768326734688,0.1812
1787414284.415443,-2.2571225837263094,-0.009538009326592833,-1.2808444448408096,-2.441459962604931,0.037128300668895615,-2.4526215522991808,0.1902,1.172,-2.4659544088292455,0.041973778532089785,-2.566865218076189,0.2151
1787414284.5475464,-2.2561753945852194,-0.011076125603054066,-1.453641912422957,-2.439375203698683,0.04506899712002331,-2.7023832368025933,0.1916,1.249,-2.405009925641898,0.04224887880740236,-2.7678937691743855,0.1581
1787414284.6114776,-2.2558631289395716,-0.011599848578574915,-1.4278860075117625,-2.4172865303469817,0.04104866106024068,-2.77009707851256,0.1698,1.342,-2.3936815115169128,0.03210351510900995,-2.5934092742168895,0.1446
1787414284.7470896,-2.255261081474645,-0.012241984041140101,-0.9150845777003079,-2.42160560181951,0.033165634084244666,-2.611610400360865,0.1724,1.697,-2.4408690015981263,0.02990572203084597,-2.3740279420546395,0.1903
1787414284.8191319,-2.2549003314008274,-0.012012020106290744,-0.5920870903329729,-2.4361274034743214,0.02997268380276688,-2.057029900989242,0.1860,1.465,-2.441641456204408,0.028108385502298376,-2.0320282429280607,0.1910
1787414284.9487834,-2.2539404165623678,-0.01045263456326116,-0.3031175892211905,-2.439141963602497,0.032001509915679495,-2.115027169676359,0.1900,1.812,-2.4194418355507774,0.015174862861031571,-1.1579981268276704,0.1675
1787414285.0138927,-2.253574266722923,-0.009713113261766085,-0.3439609853099916,-2.423733498159743,0.030934530891514964,-1.4972743350075122,0.1749,1.153,-2.413517171756331,0.04345432936835601,-1.7197767065919405,0.1685
1787414285.1412995,-2.2522242604382825,-0.009235469669581537,-0.3695008452621993,-2.419330048786536,0.03947012275324172,-1.6672101551930374,0.1741,1.298,-2.4298583867808414,0.03566764290893764,-1.5309439028280434,0.1832
1787414285.205348,-2.2514848177774094,-0.009349459611435204,-0.3395201241638232,-2.4133035943220773,0.03522894185357183,-1.5914050532188333,0.1678,1.252,-2.394469981017523,0.030279133503968696,-1.4865284840394848,0.1484
1787414285.3276312,-2.249785712784248,-0.009641472842429909,-0.17475384378103645,-2.4069973037229864,0.03749672264701728,-1.5442373862109042,0.1641,1.369,-2.398618363099744,0.0361897622838314,-1.5095202468151974,0.1557
1787414285.4562275,-2.2476215845283685,-0.009033615210857323,-0.06222574192474164,-2.406958686181076,0.028811099913294017,-1.2319921371747422,0.1638,1.170,-2.4059407892531888,0.02372440449396609,-1.1497482093822466,0.1617
1787414285.52458,-2.2464952733132946,-0.008162858595264413,0.03776665074813633,-2.4205410326346457,0.03425603811089546,-0.9642614590180791,0.1791,1.002,-2.4531763755090483,0.036389429326850735,-1.2604374135900642,0.2114
1787414285.6495843,-2.2444471071875687,-0.006157116784795223,-0.13513300237625653,-2.4212923563028705,0.035425971375835565,-0.9379169945196755,0.1817,0.803,-2.4531763755090483,0.036389429326850735,-1.2604374135900642,0.2130
1787414285.712255,-2.2438017119819964,-0.005511328665390239,-0.24280501891915204,-2.4212923563028705,0.035425971375835565,-0.9379169945196755,0.1822,0.695,-2.4531763755090483,0.036389429326850735,-1.2604374135900642,0.2135
1787414285.8416364,-2.242467145295626,-0.005120837986037521,-0.568696814442458,-2.422883067756588,0.03780155552778708,-0.8857909595543556,0.1855,0.317,-2.4531763755090483,0.036389429326850735,-1.2604374135900642,0.2148
1787414285.9124002,-2.241860646899737,-0.0052690451268106375,-0.6272165763535614,-2.422883067756588,0.03780155552778708,-0.8857909595543556,0.1861,0.259,-2.4531763755090483,0.036389429326850735,-1.2604374135900642,0.2154
1787414286.0496416,-2.241237246791564,-0.004172100652847545,-0.6799297831341119,-2.4246151628580592,0.040260244395537645,-0.833600073692241,0.1887,0.154,-2.4531763755090483,0.036389429326850735,-1.2604374135900642,0.2158
1787414286.1140714,-2.240669488572079,-0.003113959636203697,-0.743649037392762,-2.4246151628580592,0.040260244395537645,-0.833600073692241,0.1890,0.090,-2.4531763755090483,0.036389429326850735,-1.2604374135900642,0.2161
1787414286.2421315,-2.2394807486402564,-0.00036060150785413147,-1.1609222662836671,-2.4264862462508914,0.042798013080751054,-0.7814267138653634,0.1919,0.379,-2.3696391075517953,-0.05275228485275414,-0.02233333795520522,0.1403
1787414286.3115015,-2.238887533707846,0.0006994244269972897,-1.197352306398111,-2.3566438413779656,-0.05456868682622487,-0.08131883371917062,0.1301,1.116,-2.3460445067496707,-0.05389251035040454,-0.10845897598231395,0.1203
1787414286.4403238,-2.2375614735868834,0.002090873275645706,-1.326118363032765,-2.3507647951004347,-0.0629561014515522,-0.016864604874902763,0.1306,1.309,-2.3565553338884717,-0.048908005362164664,-0.2731505962970633,0.1295
1787414286.5050726,-2.236838578538562,0.002433003722514034,-1.345618999324572,-2.352441720263812,-0.053352867960267926,-0.19396268156419796,0.1284,1.152,-2.3565553338884717,-0.048908005362164664,-0.2731505962970633,0.1303
1787414286.641731,-2.2356052008506806,0.002927802771172765,-1.0065916361713687,-2.31549123963141,-0.05047981139849289,-0.2647286507203711,0.0961,0.742,-2.334678394484448,-0.063806941594752,-0.02325606834966257,0.1195
1787414286.7078292,-2.2349576115259917,0.003509582173044719,-0.7456557037968916,-2.3268452978820573,-0.05847122681691592,0.11927944780120074,0.1108,0.865,-2.355100619750057,-0.06739924638554404,0.30416182887631515,0.1395
1787414286.8416588,-2.2331022689410926,0.004025573733498369,-0.5307652909946995,-2.3382137764122133,-0.06906373308371665,0.5944473700223886,0.1280,1.125,-2.362631700003258,-0.07074990323291426,0.7565928832692985,0.1496
1787414286.909478,-2.2322525155013424,0.004491883119878899,-0.5978196377713052,-2.3503857059528066,-0.0707087448629583,0.7597808762338316,0.1400,1.358,-2.356762269021741,-0.0701327156747813,0.7608035748192561,0.1452
1787414287.050252,-2.2306739810924907,0.003993718004545509,-0.6337633884326426,-2.3615985936719635,-0.060055630550041546,0.5542456364517725,0.1458,1.188,-2.3786221199204416,-0.05318950084261653,0.47313217242095396,0.1586
1787414287.116832,-2.2296950799164095,0.0030067234010363337,-0.6128799496274462,-2.361550625922429,-0.06541782565317307,0.6775062886562979,0.1486,1.290,-2.3786221199204416,-0.05318950084261653,0.47313217242095396,0.1592
1787414287.2461493,-2.2278502724872555,0.000594491717161945,-0.270748761173995,-2.361550625922429,-0.06541782565317307,0.6775062886562979,0.1491,0.948,-2.360642513029818,-0.056570390828602754,0.5480385149031817,0.1446
1787414287.3545141,-2.2260279546051724,-0.0010573319352786346,-0.20244154069629955,-2.372201086902066,-0.06059116522202034,0.8682229996334915,0.1578,1.071,-2.384123268706977,-0.06327464969249541,0.9304524741152318,0.1699
1787414287.4241073,-2.2250318542801657,-0.0015109109489346152,-0.17101562341584153,-2.3799342869285005,-0.06574508057785594,1.0438130322167032,0.1677,1.215,-2.3885868401885832,-0.06794902160115851,1.0850798485576307,0.1765
1787414287.557636,-2.2230900453961873,-0.0018920765637095982,-0.3773120735747966,-2.3822287504094026,-0.06848406277222496,1.139066522514578,0.1725,1.516,-2.3885868401885832,-0.06794902160115851,1.0850798485576307,0.1782
1787414287.6264732,-2.2222059986588407,-0.002204726843489585,-0.6501012144070358,-2.3843745141835306,-0.07101140648588264,1.2260349606654146,0.1762,1.876,-2.3885868401885832,-0.06794902160115851,1.0850798485576307,0.1789
1787414287.7506216,-2.220183849092966,-0.0037794166123441683,-0.6364785213243226,-2.3843745141835306,-0.07101140648588264,1.2260349606654146,0.1774,1.863,-2.3885868401885832,-0.06794902160115851,1.0850798485576307,0.1802
1787414287.816145,-2.21915629272519,-0.004909179856303992,-0.5714704791173845,-2.388815059368791,-0.07613813748730297,1.3999415978494083,0.1840,1.971,-2.3885868401885832,-0.06794902160115851,1.0850798485576307,0.1808
1787414287.9424675,-2.2173914171292726,-0.00702419759217036,-0.35217899115672285,-2.3911067274510462,-0.0787423200762014,1.4869163787886714,0.1879,1.839,-2.3885868401885832,-0.06794902160115851,1.0850798485576307,0.1817
1787414288.0064542,-2.2165177665885785,-0.007663072580596481,-0.3004075878361386,-2.3911067274510462,-0.0787423200762014,1.4869163787886714,0.1885,1.787,-2.3885868401885832,-0.06794902160115851,1.0850798485576307,0.1823
1787414288.1371806,-2.2146321724951425,-0.008176416916392253,-0.27379666850682893,-2.3958386939431926,-0.08402406802456382,1.6608421243401923,0.1964,1.935,-2.3885868401885832,-0.06794902160115851,1.0850798485576307,0.1839
1787414288.2600138,-2.212950223933591,-0.008414303250207495,-0.6874203409419373,-2.3958386939431926,-0.08402406802456382,1.6608421243401923,0.1979,2.348,-2.3885868401885832,-0.06794902160115851,1.0850798485576307,0.1855
1787414288.3214886,-2.211989438555162,-0.008865387483477219,-0.6843853432554489,-2.4007627765998554,-0.08940912203252664,1.8347296809835352,0.2052,2.519,-2.3885868401885832,-0.06794902160115851,1.0850798485576307,0.1862
1787414288.453078,-2.209983133965826,-0.010533074788337128,-0.6768160147053683,-2.441686892888466,0.046889338927182445,-2.26153721570627,0.2387,1.585,-2.4547591690121653,0.03590682968880983,-1.9307837728506039,0.2491
1787414288.5179474,-2.2094824397739115,-0.011103897738577359,-0.7755437845123453,-2.4561763834509893,0.04541518547817609,-2.175724519599921,0.2531,1.400,-2.455895352742,0.04311159119499384,-2.1359373925093434,0.2523
1787414288.6324573,-2.208524985685191,-0.01166525272351366,-0.6195363533090875,-2.4630943827731318,0.05419657003813281,-2.295789547483177,0.2630,1.676,-2.455895352742,0.04311159119499384,-2.1359373925093434,0.2534
1787414288.7641892,-2.2075711561548315,-0.01071587505257961,-0.3848179779179997,-2.4630943827731318,0.05419657003813281,-2.295789547483177,0.2636,1.911,-2.455895352742,0.04311159119499384,-2.1359373925093434,0.2541
1787414288.825984,-2.2071740937269784,-0.009825531451737915,-0.3950451852469048,-2.475842147034989,0.07042495852109487,-2.5123197141278366,0.2804,2.117,-2.455895352742,0.04311159119499384,-2.1359373925093434,0.2543
1787414288.9507024,-2.2062771211712975,-0.008566888833876518,-0.5514001677274161,-2.4359073632361863,0.05542862263598532,-2.217316613565218,0.2384,1.666,-2.423407243598837,0.04007053465916042,-1.9224508267768567,0.2225
1787414289.0130165,-2.205638373692838,-0.008375730389543572,-0.5722758632057348,-2.4323106948731947,0.049013664263367285,-2.0987462690429424,0.2338,1.526,-2.423407243598837,0.04007053465916042,-1.9224508267768567,0.2231
1787414289.142014,-2.2043030523544593,-0.008627150886727268,-0.4478570350526192,-2.416094588514529,0.04609548730538657,-2.078223824343917,0.2187,1.630,-2.399042190853655,0.0409181544772652,-1.971808223572977,0.2009
1787414289.2070737,-2.203739395449841,-0.00825250087557424,-0.4409710588905299,-2.3942925384104163,0.03158653478763076,-1.6324197550620512,0.1947,1.191,-2.3699073766881193,0.02042765468976039,-1.415698249217122,0.1686
1787414289.344709,-2.20251641385375,-0.006812259795318554,-0.3002986603486656,-2.39065071520223,0.033874000043276155,-1.6822437425093821,0.1925,1.382,-2.3699073766881193,0.02042765468976039,-1.415698249217122,0.1696
1787414289.4137042,-2.2018203317252185,-0.0055459244595811134,-0.17472777722420285,-2.39065071520223,0.033874000043276155,-1.6822437425093821,0.1929,1.508,-2.3699073766881193,0.02042765468976039,-1.415698249217122,0.1701
1787414289.541871,-2.2006337288761246,-0.0027530934188229805,-0.29743339654721196,-2.385097072578513,0.037378222927363834,-1.7569024088046135,0.1888,1.459,-2.3699073766881193,0.02042765468976039,-1.415698249217122,0.1709
1787414289.606613,-2.1998773566800214,-0.0020508306104121566,-0.3194224377616896,-2.385097072578513,0.037378222927363834,-1.7569024088046135,0.1894,1.437,-2.3699073766881193,0.02042765468976039,-1.415698249217122,0.1715
1787414289.7369177,-2.1982328403759004,-0.0013885885997531777,-0.3213844972087689,-2.379424919691248,0.04097360495628722,-1.8315815660312613,0.1861,1.510,-2.3699073766881193,0.02042765468976039,-1.415698249217122,0.1731
1787414289.8595998,-2.1967397881769624,-0.0012571880770212453,0.07758500815890366,-2.3765444371407596,0.04280399414725278,-1.8689192520998845,0.1851,1.947,-2.3699073766881193,0.02042765468976039,-1.415698249217122,0.1745
1787414289.9185326,-2.1959123838259402,-0.0009747407827308148,0.08074204500962873,-2.37363435754083,0.0446569711954587,-1.9062601363413247,0.1835,1.987,-2.3699073766881193,0.02042765468976039,-1.415698249217122,0.1753
1787414290.052673,-2.1940598388487,0.0004615203803006449,0.057110714494977545,-2.349288172336946,-0.06373292001629108,1.321994918112238,0.1680,1.265,-2.3547519377557173,-0.0692270525898847,1.4764138163368654,0.1752
1787414290.1179225,-2.1931251972573538,0.001571357558635278,-0.08519376729774114,-2.342652739502674,-0.07123444234896198,1.5053915373082791,0.1663,1.591,-2.336654110397832,-0.06836800225112864,1.4516181400405384,0.1597
1787414290.2488236,-2.19156675212532,0.0020581962519951053,-0.17869878119061447,-2.336753652953875,-0.06871140982416138,1.3728504541097895,0.1615,1.552,-2.365315274320982,-0.05232049684333316,1.0388074105577183,0.1821
1787414290.316794,-2.190720070922338,0.0019223611171899188,-0.25072953736148806,-2.3427172823004874,-0.06140610266414088,1.202371043684448,0.1647,1.453,-2.365315274320982,-0.05232049684333316,1.0388074105577183,0.1828
1787414290.4519594,-2.1891280805541413,0.00046093698882442426,-0.3469347310874109,-2.3340874136097978,-0.07159189627551664,1.410391295273163,0.1619,1.757,-2.365315274320982,-0.05232049684333316,1.0388074105577183,0.1839
1787414290.5191643,-2.188447490134287,-0.00028466622630049054,-0.20137698931579304,-2.3340874136097978,-0.07159189627551664,1.410391295273163,0.1622,1.612,-2.365315274320982,-0.05232049684333316,1.0388074105577183,0.1844
1787414290.6437356,-2.186805196704419,-0.0006609501523017608,-0.17542083883073592,-2.325115263222836,-0.08215963067765622,1.621537271829843,0.1605,1.797,-2.365315274320982,-0.05232049684333316,1.0388074105577183,0.1858
1787414290.7086108,-2.1859118588184874,-0.00048073960432620626,-0.20517526086911753,-2.3204985985766724,-0.08757763182409743,1.7281356008776916,0.1603,1.933,-2.365315274320982,-0.05232049684333316,1.0388074105577183,0.1867
1787414290.8335383,-2.1847115481197474,-2.7852553652531566e-05,-0.36282411740055304,-2.3204985985766724,-0.08757763182409743,1.7281356008776916,0.1616,2.091,-2.365315274320982,-0.05232049684333316,1.0388074105577183,0.1880
1787414290.9570866,-2.183859130666979,-0.00047108861315264084,-0.4658162762460727,-2.311245401751111,-0.09843622510107353,1.9382666651546365,0.1607,2.404,-2.365315274320982,-0.05232049684333316,1.0388074105577183,0.1887
1787414291.0199976,-2.183358390233503,-0.0010327193069773217,-0.49029359223457314,-2.311245401751111,-0.09843622510107353,1.9382666651546365,0.1608,2.429,-2.365315274320982,-0.05232049684333316,1.0388074105577183,0.1890
1787414291.1437337,-2.182526388314384,-0.002481195068773175,-0.20356370638906088,-2.3017308679138293,-0.10957150464441712,2.1493746734782673,0.1602,2.353,-2.365315274320982,-0.05232049684333316,1.0388074105577183,0.1895
1787414291.2054071,-2.1819241663529625,-0.002821094396871078,-0.18643016556059663,-2.3218190883606074,-0.05732156536382397,0.9216517301480891,0.1501,1.108,-2.3176940723158785,-0.05387218689302375,0.8899982526391332,0.1451
1787414291.3357313,-2.1805338971936896,-0.002722913781234986,-0.15733622233268738,-2.3146834404625283,-0.05544617525560944,0.948817797292665,0.1441,1.106,-2.3114943241427524,-0.05507689876732479,0.9417225810715626,0.1410
1787414291.4616172,-2.1792166453445763,-0.0019788502813804275,-0.4683774779374462,-2.279967225538586,-0.032087810193640154,0.32379960381676903,0.1052,0.792,-2.2298069453037,-0.027107233382417193,0.04655676747503443,0.0565
1787414291.5251758,-2.177968248939999,-0.0018569666697414735,-0.5150713584777937,-2.2388907852835476,-0.028681449291145467,-0.21955038727040738,0.0666,0.296,-2.2249182144274435,-0.028190112194480872,-0.22998866270526674,0.0538
1787414291.6602066,-2.175297506457914,-0.0023648891180832144,-0.6076395087986858,-2.254403663227217,-0.0021647586487558677,-0.9115148596387939,0.0791,0.304,-2.340459726824419,0.040115513781403475,-1.762123446188853,0.1705
1787414291.723786,-2.1739531820653877,-0.002951704359347295,-0.5502008095100556,-2.2758006510820192,0.010884679862729167,-1.1124944073837342,0.1028,0.562,-2.340459726824419,0.040115513781403475,-1.762123446188853,0.1720
1787414291.8417134,-2.1716181327340416,-0.0038090363690845347,-0.34077570774751625,-2.2676856004728716,0.02510499921889176,-1.2950132437868918,0.1003,0.954,-2.340459726824419,0.040115513781403475,-1.762123446188853,0.1745
1787414291.905315,-2.170475241854824,-0.0038432852135168068,-0.31744327905886505,-2.2676856004728716,0.02510499921889176,-1.2950132437868918,0.1014,0.978,-2.340459726824419,0.040115513781403475,-1.762123446188853,0.1756
1787414292.034637,-2.1680649246364196,-0.0031363516973300855,-0.3753882046717468,-2.2587166246308055,0.04091027787536838,-1.492659950990953,0.1008,1.117,-2.340459726824419,0.040115513781403475,-1.762123446188853,0.1777
1787414292.1616898,-2.166281223448958,-0.0023757296184391723,-0.5942718681627681,-2.2541500330233797,0.04897137541145934,-1.5915414487351873,0.1018,0.997,-2.340459726824419,0.040115513781403475,-1.762123446188853,0.1793
1787414292.2265365,-2.165553107515909,-0.0023838730580733997,-0.6159601560228251,-2.2541500330233797,0.04897137541145934,-1.5915414487351873,0.1024,0.976,-2.340459726824419,0.040115513781403475,-1.762123446188853,0.1800
1787414292.35134,-2.1639948235105355,-0.003059101000984097,-0.5647143814479587,-2.2448866455976666,0.06541165240949894,-1.7892480645113116,0.1060,1.225,-2.340459726824419,0.040115513781403475,-1.762123446188853,0.1817
1787414292.4142706,-2.1632797510670594,-0.003592036303659229,-0.3915650079841137,-2.2448866455976666,0.06541165240949894,-1.7892480645113116,0.1069,1.398,-2.340459726824419,0.040115513781403475,-1.762123446188853,0.1825
1787414292.5266805,-2.162960928093574,-0.003798126173060779,-0.3479277065398006,-2.235426690554284,0.08226764843723981,-1.9869203139382663,0.1125,1.639,-2.340459726824419,0.040115513781403475,-1.762123446188853,0.1829
1787414292.656243,-2.1624474181080893,-0.0030726936366899478,-0.3342612437164582,-2.2305647432327063,0.09093617015526134,-2.086764608179382,0.1161,1.753,-2.340459726824419,0.040115513781403475,-1.762123446188853,0.1832
1787414292.7197313,-2.1622245643875044,-0.0024521963148442386,-0.4621002227030589,-2.2305647432327063,0.09093617015526134,-2.086764608179382,0.1157,1.625,-2.340459726824419,0.040115513781403475,-1.762123446188853,0.1832
1787414292.8519807,-2.1615233431242236,-0.0017863222557705579,-0.7293683688157263,-2.3041356180182966,-0.04113951595411894,0.4291731490169874,0.1479,1.159,-2.3149193199113274,-0.04602444879091254,0.5242531391881463,0.1596
1787414292.9228306,-2.1609149737735924,-0.0018989440682522791,-0.7391597360752485,-2.265258592568968,-0.002795764676574705,-1.125881879697766,0.1043,0.387,-2.2547977603801606,0.011373631302669837,-1.401490595084382,0.0948
1787414293.052607,-2.159668071984123,-0.002835255644989658,-0.5353073165124538,-2.243256987332097,-0.008078481544330253,-0.8560624879595273,0.0838,0.321,-2.197467918343773,-0.018956058836505158,-0.6459336503373074,0.0411
1787414293.116087,-2.158601159008937,-0.003193437716505535,-0.2134570865147105,-2.221238554582796,-0.01575639603734932,-0.7021796384122558,0.0639,0.489,-2.197467918343773,-0.018956058836505158,-0.6459336503373074,0.0419
1787414293.2529552,-2.156293613483347,-0.003150888346130167,0.4880708907297722,-2.208039447077044,-0.011176717461032593,-0.0664014098293189,0.0524,0.554,-2.2906307482536077,-0.051809226577280466,1.196176738810192,0.1429
1787414293.3172073,-2.155087537874352,-0.0027442760011186147,0.7752727154324299,-2.258692269335744,-0.042075052360510935,1.3340693449647945,0.1108,0.559,-2.3192029961832303,-0.06006059736704976,1.68912322731176,0.1738
1787414293.4444432,-2.153379983551408,-0.0020250767759757656,1.0312121945255694,-2.259034865387945,-0.04724666613300242,1.473053250661266,0.1149,0.442,-2.3192029961832303,-0.06006059736704976,1.68912322731176,0.1757
1787414293.5107493,-2.1527359963029977,-0.002062450203231021,1.102040165640102,-2.259034865387945,-0.04724666613300242,1.473053250661266,0.1155,0.371,-2.3192029961832303,-0.06006059736704976,1.68912322731176,0.1763
1787414293.6411767,-2.151309366141375,-0.0028714635465469105,1.3178160426076653,-2.2596580799481902,-0.05545320870945734,1.6884520808591732,0.1204,0.371,-2.3192029961832303,-0.06006059736704976,1.68912322731176,0.1774
1787414293.703036,-2.1506481225029384,-0.003502999418101397,1.580746913349169,-2.2600048554317795,-0.05964458214997787,1.7961525217722252,0.1229,0.215,-2.3192029961832303,-0.06006059736704976,1.68912322731176,0.1778
1787414293.8282878,-2.1492527736699523,-0.004140672306432005,1.6566458892440077,-2.2600048554317795,-0.05964458214997787,1.7961525217722252,0.1239,0.140,-2.3192029961832303,-0.06006059736704976,1.68912322731176,0.1789
1787414293.9528449,-2.1476887757167886,-0.0037586890153577064,1.7011656426874877,-2.2607834753359493,-0.06820230982601791,2.011544953690263,0.1302,0.310,-2.3192029961832303,-0.06006059736704976,1.68912322731176,0.1805
1787414294.0152688,-2.1469635961371605,-0.0033320820269541404,1.5788795874163923,-2.261206889351956,-0.07257073880118974,2.119264039111114,0.1336,0.540,-2.3192029961832303,-0.06006059736704976,1.68912322731176,0.1813
1787414294.1445117,-2.1456013506808524,-0.0029147640425174937,1.0742788616297134,-2.261206889351956,-0.07257073880118974,2.119264039111114,0.1350,1.045,-2.3192029961832303,-0.06006059736704976,1.68912322731176,0.1828
1787414294.2109556,-2.1447709704865465,-0.0033472191603878855,1.084491826081919,-2.2621417403535053,-0.08152492491530461,2.335682598526812,0.1410,1.251,-2.3192029961832303,-0.06006059736704976,1.68912322731176,0.1834
1787414294.3276172,-2.143037762012004,-0.004872576994668714,1.2873258935320229,-2.2621417403535053,-0.08152492491530461,2.335682598526812,0.1416,1.048,-2.3192029961832303,-0.06006059736704976,1.68912322731176,0.1846
1787414294.4583063,-2.1422943002802213,-0.005763101539538549,1.3963652028358966,-2.26316574941658,-0.09062880106726375,2.5500255876197326,0.1477,1.154,-2.3192029961832303,-0.06006059736704976,1.68912322731176,0.1851
1787414294.522757,-2.1418684725620283,-0.005838834823177089,1.4844576137197107,-2.2637123124015566,-0.09529271752637003,2.6577314069218683,0.1512,1.173,-2.3192029961832303,-0.06006059736704976,1.68912322731176,0.1854
1787414294.647559,-2.1409453467804527,-0.005274720839965189,1.5013056125038022,-2.2637123124015566,-0.09529271752637003,2.6577314069218683,0.1522,1.156,-2.3192029961832303,-0.06006059736704976,1.68912322731176,0.1865
1787414294.7139137,-2.14059944830234,-0.004941003697373093,1.328296948755237,-2.264885935159969,-0.10479651460472685,2.873106759169794,0.1594,1.545,-2.3192029961832303,-0.06006059736704976,1.68912322731176,0.1869
1787414294.8553762,-2.1405363373224437,-0.005032348536168019,1.1230360871200995,-2.3290047052448193,0.04531936918876553,-0.1040851937166332,0.1951,1.227,-2.3080734161359637,0.04531427344138399,-0.08000241731525555,0.1749
1787414294.9233272,-2.1403033534681453,-0.005675503644188076,1.188684889404078,-2.305587315303361,0.0453419071185035,-0.15954779688357898,0.1730,1.348,-2.287753569355769,0.040712804077114896,-0.05938297756987515,0.1546
1787414295.0514781,-2.139459727375743,-0.006888226026015289,1.3956715524601189,-2.253518927314989,0.011419386708639609,0.7760111662614404,0.1155,0.620,-2.1690998925369223,-0.009872547580336954,1.331024216881602,0.0298
1787414295.1133347,-2.138759342716988,-0.0070801954785191055,1.4625458564201046,-2.2104210804452937,-0.001956084178536238,1.1621420382395806,0.0718,0.300,-2.1690998925369223,-0.009872547580336954,1.331024216881602,0.0305
1787414295.2441626,-2.1372310398071814,-0.006709145996448699,1.5497757242268715,-2.187612948209489,-0.011055963946752062,1.46654874522106,0.0506,0.083,-2.1599615230228855,-0.008038285084407112,1.5527291865806174,0.0228
1787414295.311648,-2.1365033389083483,-0.006246088061039663,1.4591619843500305,-2.1671196926188174,-0.007897522579566505,1.5211329703663992,0.0307,0.062,-2.229507347159656,0.020027220156872232,0.7368546148234051,0.0966
1787414295.4448006,-2.135013668458473,-0.005790431338806779,1.2314637075893158,-2.1796619419842873,0.002609307387132744,1.1110999374837354,0.0454,0.120,-2.246917865643054,0.01629482071356185,0.621458499740584,0.1141
1787414295.5090277,-2.1341070685234307,-0.0059843433862053885,1.2230151534611724,-2.2035563091800916,0.007923644960171745,0.811410774408149,0.0708,0.412,-2.2352747106415434,0.062194485696146044,0.0020910487374754417,0.1220
1787414295.638943,-2.132248063565355,-0.006972725678000106,1.4035872728694765,-2.2103373336385514,0.04382119773742132,0.3354885139426508,0.0932,1.068,-2.2364249322566643,0.015833158169496,0.6918422687869427,0.1066
1787414295.7026684,-2.1311613948252726,-0.007249823272751823,1.4277777702993697,-2.211143131121283,0.00987632140693345,1.064338931511734,0.0818,0.363,-2.2015347430784638,0.0022674210770296088,1.1893893649226706,0.0710
1787414295.8310244,-2.128862623099888,-0.007055810379818564,1.5512728990608902,-2.2084110494452496,0.010077927256196514,1.0990074268192682,0.0814,0.452,-2.2015347430784638,0.0022674210770296088,1.1893893649226706,0.0733
1787414295.956421,-2.1265001127096737,-0.005977771667199307,1.473948298004349,-2.206068285255019,0.010252668024190068,1.1287138478591439,0.0812,0.345,-2.2015347430784638,0.0022674210770296088,1.1893893649226706,0.0755
1787414296.0177999,-2.1254333170957476,-0.005455759187762461,1.2508528009095676,-2.203724433353423,0.01042911586207373,1.1584138298102926,0.0799,0.092,-2.2015347430784638,0.0022674210770296088,1.1893893649226706,0.0765
1787414296.14644,-2.123285259726988,-0.005540531105744687,1.238374836099767,-2.203724433353423,0.01042911586207373,1.1584138298102926,0.0820,0.080,-2.2015347430784638,0.0022674210770296088,1.1893893649226706,0.0786
1787414296.2095077,-2.1221267168407785,-0.005942780101422561,1.2662104612625535,-2.199031706755994,0.010786046894416618,1.2178156718048632,0.0787,0.048,-2.2015347430784638,0.0022674210770296088,1.1893893649226706,0.0798
1787414296.334934,-2.1205294694648935,-0.006928327548596592,1.419889263362709,-2.199031706755994,0.010786046894416618,1.2178156718048632,0.0805,0.202,-2.2015347430784638,0.0022674210770296088,1.1893893649226706,0.0815
1787414296.4006116,-2.1200373507951245,-0.007135262179745005,1.4986059211172205,-2.194333678873044,0.011149892710102723,1.2772040202824575,0.0765,0.221,-2.2015347430784638,0.0022674210770296088,1.1893893649226706,0.0820
1787414296.5330627,-2.118895830344057,-0.006742842479916732,1.6281991307130848,-2.194333678873044,0.011149892710102723,1.2772040202824575,0.0775,0.351,-2.2015347430784638,0.0022674210770296088,1.1893893649226706,0.0831
1787414296.6612813,-2.1178957661688678,-0.005799294261997259,1.3772240826913649,-2.1895981791728527,0.01152320478843425,1.336984879061118,0.0738,0.040,-2.2015347430784638,0.0022674210770296088,1.1893893649226706,0.0840
1787414296.7277884,-2.1177514055111004,-0.005613410234251243,1.2737438293968577,-2.1895981791728527,0.01152320478843425,1.336984879061118,0.0739,0.063,-2.2015347430784638,0.0022674210770296088,1.1893893649226706,0.0842
1787414296.8443248,-2.1173389946363668,-0.006133026389515296,0.9945213207062394,-2.184917820068337,0.011898681588953864,1.3959900545399082,0.0699,0.401,-2.2015347430784638,0.0022674210770296088,1.1893893649226706,0.0846
1787414296.9070323,-2.1171580366372647,-0.006725694527813332,0.9071894353333795,-2.182557451786544,0.012091086651548353,1.4257178939691382,0.0681,0.519,-2.3288127725346586,0.05107680913833024,-0.6302534692995267,0.2194
1787414297.0354252,-2.116644807718923,-0.006303301906203927,0.966426419169054,-2.315658665595592,0.04538296766493767,-0.502275270669206,0.2056,1.469,-2.3288127725346586,0.05107680913833024,-0.6302534692995267,0.2198
1787414297.1008728,-2.11630996384964,-0.005794432992868774,1.0186831363602,-2.3289168995780445,0.05058588106037829,-0.6102213871962194,0.2200,1.629,-2.3288127725346586,0.05107680913833024,-0.6302534692995267,0.2200
1787414297.2292497,-2.115547126439006,-0.003960216543540347,0.9497814065177408,-2.2299687761025995,-0.0020850836490412528,1.0809189116711155,0.1144,0.131,-2.1959311978884792,-0.005892289203587699,1.1475573843172573,0.0804
1787414297.2975266,-2.1152783948211327,-0.0029222248860837304,0.710136501283534,-2.2095708312441333,-0.013963802084585347,1.0661359966801098,0.0949,0.356,-2.1921568252408408,-0.01713465953641935,1.1159070058116016,0.0782
1787414297.4364624,-2.1141041706872876,-0.0020870777976059623,0.6569053792882025,-2.187116033384826,-0.0002373112711800511,0.5999951063827795,0.0730,0.057,-2.1774473184722534,0.0042629172644927694,0.5421482029283964,0.0637
1787414297.563436,-2.1127620538791634,-0.002230599657304285,0.7476319202352254,-2.1794769191241055,0.0037216196557808365,0.4604412780630821,0.0670,0.287,-2.1599862821202165,-0.01190032439793003,0.7301917323651473,0.0482
1787414297.627312,-2.1122000589037175,-0.0023729170005855056,0.9788666816112379,-2.1691082594875573,-0.006281101223585286,0.63593899477362,0.0570,0.343,-2.1239362362966347,-0.010298159075507638,0.846821395864979,0.0142
1787414297.7573926,-2.10990930076868,-0.0018491651030842827,1.3366800356702684,-2.1448825478814606,-0.008560989386153264,0.7963694800573973,0.0356,0.540,-2.142209167119257,-0.02297792075930321,1.4856618579997123,0.0386
1787414297.824175,-2.1085864832427075,-0.0010678308620090241,1.4018599383465553,-2.15478970537488,-0.013563930136633928,1.736066417391046,0.0479,0.334,-2.185944615028301,-0.015189792939441504,1.8121920141131227,0.0786
1787414297.9557607,-2.1061226784203457,0.0007967154362256862,1.183035867949181,-2.166562347248344,-0.03155405925582539,2.0799035114569793,0.0686,0.897,-2.235696006866017,-0.03860322633878118,2.308393196580845,0.1354
1787414298.0236228,-2.105048281699909,0.0012165933062439787,1.1661665807952102,-2.2045098531193927,-0.007031950024246128,1.1124674824747933,0.0998,0.054,-2.2690834446304096,0.028275615122949134,0.3980266182612778,0.1663
1787414298.154478,-2.102735070470479,0.0012442856562544873,1.1618390674216585,-2.206424185613798,-0.006920109882355308,1.1313550885817254,0.1040,0.030,-2.2690834446304096,0.028275615122949134,0.3980266182612778,0.1685
1787414298.2170413,-2.1015977352608783,0.0009549747499780176,1.2813908207100242,-2.208072230017972,-0.0068244977647734465,1.1470570327189729,0.1068,0.134,-2.2690834446304096,0.028275615122949134,0.3980266182612778,0.1697
1787414298.345914,-2.099544084294784,0.0007011552007592319,1.5437056737687085,-2.208072230017972,-0.0068244977647734465,1.1470570327189729,0.1088,0.397,-2.2690834446304096,0.028275615122949134,0.3980266182612778,0.1718
1787414298.4139776,-2.0984875362709055,0.0009476902490475601,1.5567066036137767,-2.211521509472383,-0.0066256649555361796,1.178452804327816,0.1133,0.378,-2.2690834446304096,0.028275615122949134,0.3980266182612778,0.1728
1787414298.5379627,-2.0963375255952346,0.0022479190618858278,1.4656921302445745,-2.2133237749192607,-0.006522922535421806,1.1941556782821594,0.1173,0.272,-2.2690834446304096,0.028275615122949134,0.3980266182612778,0.1747
1787414298.6638675,-2.0951775280774605,0.0023200061943171547,1.4416683160603427,-2.215177356417308,-0.006417865139088689,1.2098579450762983,0.1203,0.232,-2.2690834446304096,0.028275615122949134,0.3980266182612778,0.1758
1787414298.7278953,-2.0945257079465556,0.002012267080234998,1.419521937591945,-2.215177356417308,-0.006417865139088689,1.2098579450762983,0.1209,0.210,-2.2690834446304096,0.028275615122949134,0.3980266182612778,0.1765
1787414298.8544202,-2.093245508684583,0.00047972354709271525,1.328952946111405,-2.2190784998433153,-0.006198127326799956,1.2415781105836927,0.1260,0.087,-2.2690834446304096,0.028275615122949134,0.3980266182612778,0.1780
1787414298.919009,-2.092709962609259,-0.00039784253946234955,1.4662691156622607,-2.2190784998433153,-0.006198127326799956,1.2415781105836927,0.1265,0.225,-2.2690834446304096,0.028275615122949134,0.3980266182612778,0.1787
1787414299.0484,-2.0912625541240426,-0.0010704519412822267,1.5125736143578896,-2.22310492501085,-0.005973941234990138,1.2726627095329615,0.1319,0.240,-2.2690834446304096,0.028275615122949134,0.3980266182612778,0.1802
1787414299.1105018,-2.0904533253599453,-0.0010103418065640969,1.5198233996090538,-2.22310492501085,-0.005973941234990138,1.2726627095329615,0.1327,0.247,-2.2690834446304096,0.028275615122949134,0.3980266182612778,0.1810
1787414299.2380865,-2.0889868209132176,-0.0005137012360356853,1.2130306384437832,-2.227377166025357,-0.005738748668486583,1.304066214387468,0.1385,0.091,-2.2532980328323555,0.035455869558730424,0.752663520533903,0.1682
1787414299.3068674,-2.0882134076656764,-0.00041785973172276617,1.2004632761012208,-2.2514132829372815,0.034307907647300476,0.7754993824266291,0.1669,0.425,-2.2532980328323555,0.035455869558730424,0.752663520533903,0.1689
1787414299.43962,-2.0864670692095837,-0.0010014637254781395,1.1804379498160085,-2.2257314490553823,0.043088466912880284,0.35031191871895645,0.1461,0.830,-2.209955057146795,0.03921290719021223,0.44880411905235035,0.1299
1787414299.50121,-2.0855786902301254,-0.0016078992735225725,1.271811292576862,-2.226805348005603,0.046846410503847684,0.31293068711346017,0.1493,0.959,-2.209955057146795,0.03921290719021223,0.44880411905235035,0.1309
1787414299.6289163,-2.0842625379059143,-0.0024479019173183677,1.5141693240740453,-2.226805348005603,0.046846410503847684,0.31293068711346017,0.1508,1.201,-2.209955057146795,0.03921290719021223,0.44880411905235035,0.1324
1787414299.7540445,-2.083061425684265,-0.0020949836193611513,1.5350748576865623,-2.228924417696657,0.05407687177076772,0.24244473969600971,0.1563,1.293,-2.209955057146795,0.03921290719021223,0.44880411905235035,0.1334
1787414299.8172348,-2.082460305560363,-0.0016028516399375476,1.443548934686818,-2.164302565568873,-0.011351031199791937,1.7886811541669472,0.0824,0.345,-2.1538896576138473,-0.014532197611545757,1.8273728630349957,0.0726
1787414299.948053,-2.0807490778153066,-0.0008286710626345604,0.8651316669424963,-2.135657311830138,0.00748160322192651,1.426952559611519,0.0555,0.562,-2.1538859827840398,0.049067871550501206,0.3058830506510633,0.0885
1787414300.0154915,-2.079471847174341,-0.0008444581582215828,0.5009429744267927,-2.1570034879025313,0.031154650826389504,0.0999282943973464,0.0839,0.401,-2.210810964870845,0.04418658202651632,-0.21113461027576688,0.1388
1787414300.1431758,-2.076934087209261,-0.0016951414461888518,-0.05811869575406592,-2.1512532505754116,0.034352317670946375,0.015157757029909463,0.0826,0.073,-2.210810964870845,0.04418658202651632,-0.21113461027576688,0.1415
1787414300.2047288,-2.075830128638165,-0.0023443245646810524,-0.13243563893732715,-2.1512532505754116,0.034352317670946375,0.015157757029909463,0.0839,0.148,-2.210810964870845,0.04418658202651632,-0.21113461027576688,0.1428
1787414300.3356583,-2.073683625178726,-0.0025373414299783873,-0.09245150972474402,-2.1423154005787657,0.0393299415791487,-0.11455636351477293,0.0804,0.022,-2.210810964870845,0.04418658202651632,-0.21113461027576688,0.1449
1787414300.4632237,-2.071354104736373,-0.0017419959745464076,-0.15313252367463956,-2.1423154005787657,0.0393299415791487,-0.11455636351477293,0.0820,0.039,-2.210810964870845,0.04418658202651632,-0.21113461027576688,0.1468
1787414300.5249538,-2.0702861274020883,-0.001199426883103111,-0.36073425988783997,-2.1332094506954884,0.044403529490801015,-0.2442317799063554,0.0777,0.117,-2.210810964870845,0.04418658202651632,-0.21113461027576688,0.1477
1787414300.6571825,-2.0689943172566454,-0.0009326747800500111,-0.3929215381457442,-2.1285889630017634,0.046975046869077546,-0.30909563641086535,0.0765,0.084,-2.210810964870845,0.04418658202651632,-0.21113461027576688,0.1488
1787414300.7203813,-2.068254108871539,-0.001197858967955584,-0.3999568050472228,-2.1285889630017634,0.046975046869077546,-0.30909563641086535,0.0772,0.091,-2.210810964870845,0.04418658202651632,-0.21113461027576688,0.1496
1787414300.8443747,-2.066874698475391,-0.0021462353364117724,-0.14042067055653906,-2.119224327174344,0.05219431927835561,-0.43879345572576123,0.0755,0.298,-2.210810964870845,0.04418658202651632,-0.21113461027576688,0.1512
1787414300.9093904,-2.0667631609199706,-0.0023170315259151237,-0.12915096376277857,-2.119224327174344,0.05219431927835561,-0.43879345572576123,0.0757,0.310,-2.210810964870845,0.04418658202651632,-0.21113461027576688,0.1514
1787414301.0355482,-2.0663521161145866,-0.001884716113186425,-0.08659502691129263,-2.1096867877927887,0.05750968853635862,-0.5685033325163047,0.0735,0.482,-2.210810964870845,0.04418658202651632,-0.21113461027576688,0.1516
1787414301.1594417,-2.0659573231075665,-0.0006971513904007721,-0.33198267822703365,-2.1096867877927887,0.05750968853635862,-0.5685033325163047,0.0728,0.237,-2.210810964870845,0.04418658202651632,-0.21113461027576688,0.1516
1787414301.2247922,-2.0655457434998157,-0.0002683606083724464,-0.35398804059685274,-2.196566772132085,-0.038892876287814265,0.6290822989765116,0.1366,0.983,-2.2051233323366084,-0.04180271418494466,0.6883571857280458,0.1456
1787414301.3045292,-2.0650738580571413,-8.324611031602758e-05,-0.3978950489488076,-2.1610899607302807,-0.014942252255963705,-0.154711145195469,0.0972,0.243,-2.136676915718145,-0.004354088070061779,-0.38230217026123714,0.0717
1787414301.4547603,-2.0640183921744715,-0.0005986924020340453,-0.35667932240621736,-2.1494413180526473,-0.008315799714505545,-0.3164103079855099,0.0858,0.040,-2.1326567213351035,-0.007407258426796571,-0.4154256107400997,0.0690
1787414301.5185888,-2.0635937846701062,-0.0009716311383625868,-0.1438824908327614,-2.1169978606585054,-0.0165853480314919,-0.03820557085559675,0.0556,0.106,-2.0986239338452486,-0.018545648139823276,-0.02318272826409947,0.0392
1787414301.6545439,-2.0626599546064672,-0.001009268594918819,0.4089366084655478,-2.1146252285774896,-0.01564963885842155,0.07557936509533225,0.0540,0.333,-2.1114422860020485,-0.023315074869144227,0.47042262037893984,0.0536
1787414301.719153,-2.0617546355557472,4.906568717642974e-05,0.37829242083020614,-2.1292744901958227,-0.0322535824001504,1.188070844291323,0.0748,0.810,-2.1776037611868255,-0.04873845604375745,1.5330681285763619,0.1257
1787414301.8497078,-2.0599619178845523,0.002159229102259223,0.20673772274928515,-2.1273533210876474,-0.020594282032779458,0.7557759483365134,0.0711,0.549,-2.0910362485109504,-0.003489972919621678,0.41339868211083536,0.0316
1787414301.9083319,-2.0589896856615915,0.0027947422089739386,0.11998112553675076,-2.1084693112906616,-0.009612395585726049,0.5272782765199612,0.0510,0.407,-2.0910362485109504,-0.003489972919621678,0.41339868211083536,0.0327
1787414302.0341465,-2.0568992653978606,0.003379863519536203,-0.023796156200528235,-2.099873212456215,-0.009536628723862307,0.5410828010870155,0.0449,0.565,-2.0910362485109504,-0.003489972919621678,0.41339868211083536,0.0348
1787414302.1602976,-2.0549308743461197,0.0033141387506149954,0.1398801307000383,-2.0948836034799,-0.009492861660515762,0.5490045099970549,0.0420,0.409,-2.0910362485109504,-0.003489972919621678,0.41339868211083536,0.0367
1787414302.2260077,-2.0539366748073467,0.0035969044695837167,0.1447674768448018,-2.0948836034799,-0.009492861660515762,0.5490045099970549,0.0430,0.404,-2.2861381587311596,-0.06177482811747711,1.6563946872893887,0.2412
1787414302.3632662,-2.051764742837699,0.004972083460698722,0.14434857681173682,-2.2516529231760245,-0.05438722292580501,1.4321025711775757,0.2085,1.288,-2.2998256945715254,-0.08040406546085344,1.9909782025413099,0.2623
1787414302.4311774,-2.0506921039545025,0.005991118826379854,0.017222450943358274,-2.2826748606001543,-0.08087913207306198,2.103718227084852,0.2477,2.086,-2.2879721969215385,-0.08628277704242467,2.2154169772272763,0.2546
1787414302.5638535,-2.048900120125321,0.006610922444052993,-0.07798630686135656,-2.285824762120058,-0.08416885293228024,2.031838832300466,0.2537,2.110,-2.2746744591924832,-0.07945928025215343,1.9242302034605354,0.2416
1787414302.6320305,-2.047919021507774,0.00648740459603834,-0.19479832273975337,-2.305587823515541,-0.09528460890790856,2.1584656025660123,0.2770,2.353,-2.2746744591924832,-0.07945928025215343,1.9242302034605354,0.2425
1787414302.7586286,-2.0460742725207024,0.005138098649079882,-0.3086725155272574,-2.305587823515541,-0.09528460890790856,2.1584656025660123,0.2783,2.467,-2.2746744591924832,-0.07945928025215343,1.9242302034605354,0.2438
1787414302.8216906,-2.0452700015427276,0.004433330414768361,-0.18051178536141246,-2.334092708661013,-0.11135881107070739,2.33671312210456,0.3112,2.517,-2.2746744591924832,-0.07945928025215343,1.9242302034605354,0.2443
1787414302.9451914,-2.044194922089063,0.003951881339333038,0.0003243305867843869,-2.334092708661013,-0.11135881107070739,2.33671312210456,0.3120,2.336,-2.2746744591924832,-0.07945928025215343,1.9242302034605354,0.2451
1787414303.0083632,-2.043577182849695,0.004087341838073341,0.05886276134215444,-2.3264124743457004,-0.10266247841901696,2.507140563863299,0.3023,2.448,-2.3125619842167917,-0.0957056272965348,2.3595255802421633,0.2869
1787414303.1375012,-2.043319392566647,0.003727167546642704,0.39670026377132867,-2.3406712409842343,-0.11015239764989522,2.6192514337269293,0.3184,2.223,-2.3125619842167917,-0.0957056272965348,2.3595255802421633,0.2870
1787414303.2056081,-2.043187603454659,0.003285068921971955,0.40764621336867435,-2.3406712409842343,-0.11015239764989522,2.6192514337269293,0.3184,2.212,-2.3125619842167917,-0.0957056272965348,2.3595255802421633,0.2870
1787414303.325799,-2.0429389846203554,0.0011141291032765925,0.3916202489340995,-2.3643127577627507,-0.12259350258930696,2.8011589567089676,0.3444,2.410,-2.3125619842167917,-0.0957056272965348,2.3595255802421633,0.2865
1787414303.4491434,-2.0428939654473055,-0.0018004727752249305,0.723343316938604,-2.376369724643494,-0.12897070637867383,2.892192723177846,0.3569,2.169,-2.158247322266092,-0.0419988298175127,1.5312452373427554,0.1222
1787414303.515677,-2.0424663259132796,-0.002628745903228449,0.7514103866037333,-2.139435894066916,-0.016446612767030536,1.0551384291710688,0.0979,0.304,-2.0957329843535777,-0.005874432167534338,0.875603062213804,0.0534
1787414303.6522772,-2.041436835713175,-0.0035039109411508645,0.8029503106890825,-2.1140853754924294,-0.013574365626932108,0.9811122589799576,0.0733,0.178,-2.054166596790732,-0.007484419656878652,0.9773394156654668,0.0133
1787414303.7220638,-2.0409246975381325,-0.0036080465756716923,0.7121264689766919,-2.0567518585853075,-0.007767742408505049,0.9811893195348935,0.0164,0.269,-2.0315848892700186,-0.008369013233940506,0.9895683801758315,0.0105
1787414303.8529055,-2.0395449203959104,-0.004116547487156246,0.12231969698778812,-2.0349106482235353,-0.005671527514745985,0.8001819933688571,0.0049,0.678,-2.054167147422518,-0.004574592910056563,0.5211393756082096,0.0146
1787414303.924193,-2.0385170779112003,-0.004745540061134252,-0.2311352094104277,-2.035530671343139,-0.006879003129690061,0.04372546639459857,0.0037,0.275,-2.045401876377877,-0.006884313735054654,0.01944643783453268,0.0072
1787414304.0548313,-2.0363880424714695,-0.006738001771798746,-0.7666527958091907,-2.0367834474769397,-0.003849568699731031,-0.2912776787316599,0.0029,0.475,-2.065321397388628,-0.004398957223366467,-0.6492648945090551,0.0290
1787414304.120116,-2.0346839521248925,-0.0074555611599675985,-0.7343262265196061,-2.0444673385228445,-0.00487819386208717,-0.6121253123990864,0.0101,0.122,-2.0610830848763833,-0.006814826508468741,-0.8631379976393734,0.0264
1787414304.2468302,-2.0311484339181805,-0.008159260249806614,-0.5674240709969101,-2.047262671210733,-0.006504549029935983,-0.8510525040392785,0.0162,0.284,-2.0610830848763833,-0.006814826508468741,-0.8631379976393734,0.0300
1787414304.3091605,-2.029357545756462,-0.007833998139849946,-0.4895374758445196,-2.025427248753295,-0.0022684428846737716,-1.094173651496852,0.0068,0.605,-2.0610830848763833,-0.006814826508468741,-0.8631379976393734,0.0317
1787414304.4319186,-2.025965335971756,-0.00691161665070387,-0.6783172975704387,-2.0142968280060503,-0.00014551958074327746,-1.2158599686140488,0.0135,0.538,-2.0610830848763833,-0.006814826508468741,-0.8631379976393734,0.0351
1787414304.5631354,-2.023289656582531,-0.006848201843360527,-0.9233165850169487,-2.003031020512552,0.0019866799781936046,-1.3375720697936444,0.0221,0.414,-2.0610830848763833,-0.006814826508468741,-0.8631379976393734,0.0378
1787414304.628363,-2.021916043458206,-0.007348018186791786,-1.1176029564039969,-2.003031020512552,0.0019866799781936046,-1.3375720697936444,0.0211,0.220,-2.0610830848763833,-0.006814826508468741,-0.8631379976393734,0.0392
1787414304.7549248,-2.0196755598727547,-0.008052845331853069,-1.299861691852778,-1.9801099807989013,0.006298791610466035,-1.580938928135241,0.0421,0.281,-2.0610830848763833,-0.006814826508468741,-0.8631379976393734,0.0414
1787414304.8202715,-2.0187571785451253,-0.007909472142835605,-1.3708896446272616,-1.9801099807989013,0.006298791610466035,-1.580938928135241,0.0412,0.210,-2.0610830848763833,-0.006814826508468741,-0.8631379976393734,0.0423
1787414304.95403,-2.0167838411457315,-0.0066130832592844815,-1.4631199991122215,-1.9566587678747318,0.010639573399209755,-1.824277662612086,0.0626,0.361,-2.0610830848763833,-0.006814826508468741,-0.8631379976393734,0.0443
1787414305.0175645,-2.0158362978105373,-0.005527210772122468,-1.6027301299435723,-1.9566587678747318,0.010639573399209755,-1.824277662612086,0.0613,0.222,-2.0610830848763833,-0.006814826508468741,-0.8631379976393734,0.0453
1787414305.143242,-2.014533297836082,-0.003981787558618593,-1.8905420411881155,-1.93267861303,0.015004255463293162,-2.0675712253973475,0.0840,0.177,-2.0610830848763833,-0.006814826508468741,-0.8631379976393734,0.0466
1787414305.2065225,-2.0140384165361755,-0.0037340934242274908,-1.9083249949100531,-1.920474248100326,0.017183571204654056,-2.189335093031309,0.0959,0.281,-2.0610830848763833,-0.006814826508468741,-0.8631379976393734,0.0471
1787414305.3337736,-2.013060841784401,-0.00413853075151952,-1.9927469135835747,-1.920474248100326,0.017183571204654056,-2.189335093031309,0.0950,0.197,-2.0610830848763833,-0.006814826508468741,-0.8631379976393734,0.0481
1787414305.458916,-2.01268640753635,-0.004396049164522933,-1.8140795873041027,-1.8956939872267893,0.021576770596052612,-2.4326172171883425,0.1198,0.619,-2.0610830848763833,-0.006814826508468741,-0.8631379976393734,0.0485
1787414305.5207145,-2.012626758948333,-0.004124974459402138,-1.7718717312573478,-1.8956939872267893,0.021576770596052612,-2.4326172171883425,0.1197,0.661,-2.0610830848763833,-0.006814826508468741,-0.8631379976393734,0.0485
1787414305.6485586,-2.0124384334378522,-0.002563569784604435,-1.622308051192039,-1.8703706823199149,0.025984996446628914,-2.67597872428147,0.1449,1.054,-2.0610830848763833,-0.006814826508468741,-0.8631379976393734,0.0488
1787414305.7088988,-2.0124543476006163,-0.0016604737543164034,-1.7393752146227948,-1.8703706823199149,0.025984996446628914,-2.67597872428147,0.1447,0.937,-2.0610830848763833,-0.006814826508468741,-0.8631379976393734,0.0489
1787414305.8381038,-2.011642946078778,-0.0008666683886963643,-1.794539997953033,-1.8445153812743929,0.030401714739037786,-2.919306634586764,0.1700,1.125,-2.0610830848763833,-0.006814826508468741,-0.8631379976393734,0.0498
1787414305.9602923,-2.0106800418168596,-0.0010154018220847386,-1.7643370611550802,-1.8313820169178434,0.03259848545878513,-3.040992776492547,0.1824,1.277,-2.0610830848763833,-0.006814826508468741,-0.8631379976393734,0.0507
1787414306.0236785,-2.010270105341555,-0.0012680667650187079,-1.6022549160039687,-2.1581677270312785,-0.02966642276877328,-0.9112538150497439,0.1506,0.691,-2.1680848829148442,-0.0313544340857442,-0.8738307735906581,0.1607
1787414306.1569707,-2.0092206770334173,-0.0011698140743731213,-1.3270995888450432,-2.1281081740664125,-0.04692950423994376,-0.5714714642745284,0.1274,0.756,-2.1348177634394223,-0.03499599124972363,-0.41550950763962263,0.1301
1787414306.2215083,-2.0084017552698867,-0.0005756086181927609,-1.3971571891255297,-2.123223238945214,-0.044356704357982724,-0.22222987886885484,0.1229,1.175,-2.1075610003965384,-0.043836051582314725,-0.2563799020221799,0.1082
1787414306.3522873,-2.0068245930953057,0.0010920032475825485,-1.815916214011085,-2.1105286075321965,-0.05268032136040786,-0.2522227776398865,0.1168,1.564,-2.0762096688700757,-0.04618431063346427,-0.5598952002170142,0.0840
1787414306.4209542,-2.0060957755176685,0.0017319967264179388,-1.8424499600190833,-2.0675373984351766,-0.029047529086929525,-1.3940494114657083,0.0687,0.448,-2.036447938613775,-0.019591792192552575,-1.561924693617949,0.0371
1787414306.5481238,-2.0044744482596846,0.0022062168613999327,-1.917748804211571,-2.062002068084011,-0.028896940283367402,-1.4632537566454333,0.0654,0.454,-2.0309300576377196,-0.018543001070734474,-1.659092880296021,0.0336
1787414306.6146874,-2.003641282598655,0.002118794815192125,-1.876540982278093,-2.036736550723882,-0.010690900406799405,-1.7669826409600782,0.0355,0.110,-2.0369163028628225,-0.006048702929637599,-1.8452434939149458,0.0343
1787414306.7493045,-2.002181544484716,0.0019625521441282313,-1.4350203514314517,-2.0304910214566223,-0.016045165763589,-1.6703840480006664,0.0336,0.235,-2.0661115996333015,-0.04876845890708033,-0.6443660084376049,0.0816
1787414306.8254802,-2.0012809730579497,0.002225592672928212,-1.4362807226304437,-2.0531387280784954,-0.02948269754300638,-0.5325066661528053,0.0608,0.904,-2.0850784919926975,-0.03168241720659202,-0.46293537356733977,0.0904
1787414306.9618301,-1.9992882171289117,0.0037461958112502544,-1.658088228713354,-2.0641343935661736,-0.037681284637831824,-0.659081393404935,0.0769,0.999,-2.0813940049360578,-0.04733997888347162,-0.49955643021939233,0.0967
1787414307.0263648,-1.9985257478120637,0.003995823545590024,-1.6783510215987345,-2.069358491666013,-0.043624054419368896,-0.5853309453983493,0.0854,1.093,-2.069119392760167,-0.04324472337988095,-0.592506881460728,0.0849
1787414307.158713,-1.9968914255205548,0.003724893840557965,-1.8658680518298387,-2.056427693825445,-0.019370551764724984,-1.3024684365518506,0.0639,0.563,-2.0905521759693872,-0.03442046363200417,-0.8751927679114225,0.1011
1787414307.2238607,-1.9959602046171854,0.002925413863889872,-1.8871408845668112,-2.074966955012415,-0.03701058117310748,-1.0645091746101645,0.0885,0.823,-2.091197476555793,-0.04536613385751158,-0.8971321224439561,0.1068
1787414307.3511043,-1.994273866287315,0.000999279951630302,-1.5950731815480579,-2.0853028487585874,-0.037119282021061274,-0.9823461389812874,0.0987,0.613,-2.1132415474857917,-0.03383003709902352,-0.9541220660212019,0.1240
1787414307.4168262,-1.9933875226656268,0.0003750060331531688,-1.573082881558146,-2.1055142628349364,-0.03420060170461486,-0.7114055123856188,0.1173,0.862,-2.1145728054367674,-0.036740499206026275,-0.6467138431436688,0.1267
1787414307.5487947,-1.9914171157669458,-7.38805712314015e-05,-1.5545864103825693,-2.106104498005936,-0.05323791970771102,-0.4822326317725242,0.1264,1.072,-2.114552619128961,-0.05292894371436954,-0.32092591289067146,0.1340
1787414307.6141143,-1.990438111642778,1.0630352420258095e-06,-1.6690454919422133,-2.1060263401167356,-0.053816897844819876,-0.33967293390757386,0.1275,1.329,-2.0933356483863497,-0.052062496310352854,-0.37738100616347603,0.1153
1787414307.7456117,-1.98861091940863,-0.00011750363420554781,-1.9249093824457526,-2.109305851643193,-0.056733619049120325,-0.3104225460736524,0.1333,1.614,-2.0933356483863497,-0.052062496310352854,-0.37738100616347603,0.1169
1787414307.8150418,-1.9876248649439692,-0.0005261714289173371,-1.9321947814438767,-2.109305851643193,-0.056733619049120325,-0.3104225460736524,0.1340,1.622,-2.0933356483863497,-0.052062496310352854,-0.37738100616347603,0.1176
1787414307.9397738,-1.9856084326348793,-0.002007135389103496,-1.7724453104274966,-2.1155341417224696,-0.06219553279100318,-0.2567082810017974,0.1432,1.516,-2.0933356483863497,-0.052062496310352854,-0.37738100616347603,0.1188
1787414308.0022545,-1.9847154065767476,-0.002771438448936394,-1.5059272196388978,-2.1155341417224696,-0.06219553279100318,-0.2567082810017974,0.1437,1.249,-2.0933356483863497,-0.052062496310352854,-0.37738100616347603,0.1193
1787414308.1329634,-1.9828409682978183,-0.0033154167021169707,-1.4739733629432026,-2.1220268486825864,-0.06779605748376642,-0.20299824214217713,0.1534,1.271,-2.0933356483863497,-0.052062496310352854,-0.37738100616347603,0.1208
1787414308.2588992,-1.9808521885424732,-0.0028899709706136003,-1.6098683337947977,-2.1220268486825864,-0.06779605748376642,-0.20299824214217713,0.1554,1.407,-2.0933356483863497,-0.052062496310352854,-0.37738100616347603,0.1228
1787414308.3191934,-1.979972124806565,-0.0026473711800864257,-1.8649814991354916,-2.128784467481764,-0.07353634645983922,-0.14928609474210025,0.1648,1.716,-2.0933356483863497,-0.052062496310352854,-0.37738100616347603,0.1237
1787414308.445089,-1.9781007962841959,-0.0028293076725675976,-1.8898755846224442,-2.1322621324847244,-0.0764601158382932,-0.12242714170670951,0.1708,1.767,-2.0933356483863497,-0.052062496310352854,-0.37738100616347603,0.1253
1787414308.561818,-1.9761820750076857,-0.004148634411597861,-1.981628261721202,-2.135806066664352,-0.07941914413615053,-0.09556673329229408,0.1765,1.886,-2.0933356483863497,-0.052062496310352854,-0.37738100616347603,0.1266
1787414308.6259356,-1.9753278457716068,-0.004934508889479337,-1.8527215342889618,-2.1394165560156218,-0.08241375368822426,-0.06870260330804699,0.1815,1.784,-2.0933356483863497,-0.052062496310352854,-0.37738100616347603,0.1271
1787414308.7540278,-1.973531853900025,-0.005633182324761056,-1.8023697199562891,-2.1394165560156218,-0.08241375368822426,-0.06870260330804699,0.1828,1.734,-2.0933356483863497,-0.052062496310352854,-0.37738100616347603,0.1285
1787414308.8157048,-1.9725239265990122,-0.005588157917841792,-1.7865978490048156,-2.1468335983487954,-0.08850417648933345,-0.014998877984095979,0.1930,1.772,-2.0933356483863497,-0.052062496310352854,-0.37738100616347603,0.1294
1787414308.943043,-1.97059150154735,-0.0050775288569748205,-2.0287978100073416,-2.1506410912298954,-0.09160388101903778,0.011858619135163432,0.1998,2.041,-2.0933356483863497,-0.052062496310352854,-0.37738100616347603,0.1314
1787414309.0078883,-1.970157567476349,-0.0048922826602812025,-2.1329367381003053,-2.154514826925788,-0.09473926300437227,0.03871842487924893,0.2051,2.172,-2.0933356483863497,-0.052062496310352854,-0.37738100616347603,0.1319
1787414309.1392088,-1.9691311164293568,-0.005301967261133075,-2.3618083835077717,-2.1584551314012463,-0.09791066791725621,0.06558284679872246,0.2108,2.427,-2.0933356483863497,-0.052062496310352854,-0.37738100616347603,0.1327
1787414309.2075915,-1.9685989013721332,-0.005846991086064539,-2.3991999524517524,-2.1022302216862085,0.022753450817352985,-3.3427963880483653,0.1367,0.944,-2.092365747231996,0.023569024742337706,-3.4815775183935562,0.1272
1787414309.335926,-1.9675535216458404,-0.0068756888621125944,-2.2835764744825076,-2.0965945142938978,0.024666834121810022,-3.5088268578554427,0.1328,1.225,-2.124903671325358,0.04746785530383444,-3.8385695339151753,0.1665
1787414309.4634244,-1.9661193087242226,-0.006900774868809131,-2.2263225484669604,-2.108388576444025,0.03840613258071834,-3.631011185653766,0.1493,1.405,-2.124903671325358,0.04746785530383444,-3.8385695339151753,0.1678
1787414309.5267456,-1.9653601260452545,-0.006592008116882108,-2.274695337213805,-2.1094964136186567,0.05015699597827394,-3.869414557427614,0.1549,1.595,-2.124903671325358,0.04746785530383444,-3.8385695339151753,0.1685
1787414309.6514692,-1.9640512452680878,-0.005980105421995062,-2.73266389110633,-2.0872840218940745,0.029911978785606076,-3.463529609320741,0.1284,0.731,-2.0911237214715355,0.020374324268172147,-3.3382803946351465,0.1298
1787414309.7127306,-1.963216244097193,-0.005999845900874315,-2.7376859455156928,-2.0894052404386207,0.027854254326302577,-3.7701090398871258,0.1307,1.032,-2.0912753311469965,0.03037448265128701,-3.8232020553529127,0.1331
1787414309.842648,-1.961474634860353,-0.006730256532901807,-2.709839404911074,-2.0908482881788273,0.025687738080720498,-3.77899385465197,0.1334,1.069,-2.080420609675898,0.024554222685733148,-3.7845428382211947,0.1230
1787414309.9059315,-1.9606760314079845,-0.007333203717537291,-2.5344454568441392,-2.0869674488312135,0.022541472591478998,-3.6314070816544772,0.1298,1.097,-2.0880749978999837,0.019690290486753283,-3.5796010681434822,0.1302
1787414310.034859,-1.9590434022773573,-0.007944245942743271,-2.4736434801053955,-2.0832616046252874,0.028925951463036968,-3.6327853271728183,0.1296,1.159,-2.0806966346826563,0.030769854858493758,-3.658361087403018,0.1277
1787414310.1611118,-1.9571620355356363,-0.007517688533372628,-2.4667920066323497,-2.0805588461729205,0.03217761153198492,-3.7622976301419704,0.1296,1.296,-2.0806966346826563,0.030769854858493758,-3.658361087403018,0.1293
1787414310.225033,-1.9562761450781736,-0.007090505501730921,-2.617788573175854,-2.0791579173208,0.03387005028316117,-3.8288657945624114,0.1295,1.211,-2.0849526116984376,0.037338352370336704,-3.8433109891377484,0.1361
1787414310.3571186,-1.95458197709991,-0.006831260838819484,-2.8878765205776182,-2.077074438783109,0.03639930143181753,-3.9272567126973694,0.1299,1.039,-2.0849526116984376,0.037338352370336704,-3.8433109891377484,0.1376
1787414310.4197886,-1.9536641891919968,-0.007133424777645494,-2.889935935895583,-2.0815271564306714,0.017801913138361967,-3.621844725556802,0.1303,0.732,-2.0807726046944297,0.015172542758011569,-3.5648257335356393,0.1291
1787414310.5480213,-1.9518587828597405,-0.008302120510939263,-2.6718621964828517,-2.0802162246939857,0.01757215649440889,-3.693934285778901,0.1309,1.022,-2.082777583242085,0.01761138982921525,-3.7036191151378914,0.1335
1787414310.614858,-1.9515834893166875,-0.008666989853004535,-2.654005964300517,-2.081690656119489,0.017435942782514056,-3.698042719027023,0.1327,1.044,-2.082777583242085,0.01761138982921525,-3.7036191151378914,0.1338
1787414310.7454774,-1.950833530190793,-0.008645396515292532,-2.56670593053922,-2.079973827311887,0.01700445125107843,-3.8114811667519493,0.1317,1.245,-2.082777583242085,0.01761138982921525,-3.7036191151378914,0.1345
1787414310.8135543,-1.9503827416231754,-0.008277761868173455,-2.5775974881725885,-2.0790802981769763,0.01676566291065869,-3.8708824535945667,0.1311,1.293,-2.082777583242085,0.01761138982921525,-3.7036191151378914,0.1349
1787414310.936137,-1.9496915618945667,-0.007416943638050184,-2.9828849340433092,-2.0268899292771514,-0.011698790970642057,-2.6931671952026144,0.0773,0.290,-2.0113610495149423,-0.013689392473372052,-2.653907325774754,0.0620
1787414311.0027459,-1.949059799160718,-0.007447855167960569,-2.9895318925395524,-2.0130227359631445,-0.011364772652893547,-3.2077613015146555,0.0641,0.218,-2.0506272887268726,0.020253501971726828,-3.9479143619054144,0.1053
1787414311.130631,-1.947693876520459,-0.008294632475730021,-2.9450679936207322,-2.0277917869451807,0.016127277876690795,-3.7733962525722875,0.0837,0.828,-2.0418375812487657,0.023721269544044885,-3.9296297963001234,0.0994
1787414311.1952758,-1.947070973859855,-0.008950079928449435,-2.7781494257677886,-2.016104785481455,-0.003125210816799919,-3.270657718853145,0.0693,0.493,-1.9857809172490521,-0.005757425436498667,-3.0510628744970107,0.0388
1787414311.3281271,-1.945765179641977,-0.00982072230799058,-2.6993951071870708,-2.0014606127260604,-0.0051536518708608925,-3.0661076193978727,0.0559,0.367,-2.004953005204038,-0.011224759846883786,-2.939664744416308,0.0592
1787414311.452903,-1.944213386979505,-0.009685247565748472,-2.653121944233791,-2.0007602363660353,-0.01005988661877041,-2.9534783022398226,0.0565,0.300,-2.004953005204038,-0.011224759846883786,-2.939664744416308,0.0608
1787414311.5168908,-1.943474257628221,-0.009377918934767606,-2.7746102310742895,-1.9935098088459375,-0.018428714377107122,-2.6737312993174527,0.0508,0.101,-2.0086123436666434,-0.01888786592258621,-2.6884284605942024,0.0658
1787414311.6490033,-1.9419936238957454,-0.009247074224167042,-3.024173619103017,-1.9945274835197015,-0.013480388041384152,-2.940441765745799,0.0527,0.084,-1.97732441938537,0.001651518399421481,-3.4558689477989697,0.0370
1787414311.714954,-1.9411371731859663,-0.009555032376559497,-3.0271207244574154,-2.000031392017314,0.014946636205753809,-3.9688347905062593,0.0638,0.942,-2.035537514423902,0.03073723917184161,-4.308999715546446,0.1026
1787414311.8304386,-1.939426610106087,-0.010796981368921403,-2.827666152234641,-1.9959319906752184,0.01756119004757214,-4.045417299575578,0.0632,1.218,-1.9853172402332273,-0.01030037395861797,-3.2268764097669127,0.0459
1787414311.961591,-1.9372642316054889,-0.011252937747901096,-2.7311584655910477,-1.9902193991169757,-0.004716994776334062,-3.323282883583278,0.0534,0.592,-1.9853172402332273,-0.01030037395861797,-3.2268764097669127,0.0481
1787414312.0238879,-1.9360824042997795,-0.011065625323587989,-2.6581219702250802,-2.0017639660324558,-0.010206203986629518,-3.0840385721924735,0.0657,0.426,-2.013831452162069,-0.010813543128352322,-3.0882285275796018,0.0777
1787414312.149352,-1.933650039245859,-0.010102975123658466,-2.695138287033659,-1.9981689716574929,-0.012339803910873836,-3.0873608997198168,0.0646,0.392,-2.013831452162069,-0.010813543128352322,-3.0882285275796018,0.0802
1787414312.2126412,-1.932549550209472,-0.009602566940275383,-2.895332352354299,-1.9981689716574929,-0.012339803910873836,-3.0873608997198168,0.0657,0.192,-2.013831452162069,-0.010813543128352322,-3.0882285275796018,0.0813
1787414312.340008,-1.9310588808527254,-0.009305965050481797,-3.1057607576877877,-1.9937294693720509,-0.015035889536369272,-3.0914461191551594,0.0629,0.014,-2.082792482820935,-0.03295036165340604,-2.504445839950581,0.1536
1787414312.4026017,-1.9303140649586863,-0.00965537968073072,-3.2809843660171767,-1.9914123218400155,-0.01646975784263788,-3.0935707611940666,0.0615,0.187,-2.082792482820935,-0.03295036165340604,-2.504445839950581,0.1542
1787414312.5326853,-1.9293455486778697,-0.010054131789878521,-3.425209128576362,-1.9914123218400155,-0.01646975784263788,-3.0935707611940666,0.0624,0.332,-2.082792482820935,-0.03295036165340604,-2.504445839950581,0.1551
1787414312.6598566,-1.9287340359029752,-0.009190005791973576,-3.524043473023749,-1.9868804698789857,-0.019326152560034265,-3.097711157429841,0.0590,0.426,-2.082792482820935,-0.03295036165340604,-2.504445839950581,0.1559
1787414312.7221737,-1.928364369684488,-0.00823232682038974,-3.50202799762416,-1.984606198439428,-0.020785436489600826,-3.0997816420557336,0.0576,0.402,-2.082792482820935,-0.03295036165340604,-2.504445839950581,0.1564
1787414312.8502414,-1.9277623453355925,-0.005971518815943193,-3.7804528765279537,-1.982305056088037,-0.022279326036660486,-3.1018716310857406,0.0569,0.679,-1.9649191439395617,-0.015667419260115098,-3.516436438193506,0.0384
1787414312.9163868,-1.9272053096122344,-0.005369341614433595,-3.8042776503410507,-1.9818762981197127,-0.008783267991594214,-3.837534525342583,0.0548,0.033,-2.0033889818556236,-0.004296773207060047,-3.919814132127055,0.0762
1787414313.04006,-1.9259177025488283,-0.005057149303147468,-3.828179749351339,-1.9863564403869354,-0.0036916802848544214,-3.9981023038114247,0.0605,0.170,-1.9920465763114021,-0.001594549325343538,-4.038350564713627,0.0662
1787414313.1036565,-1.9252605240487872,-0.005214004076734185,-3.7412572303030087,-1.9565486890483796,-0.006205972831686262,-3.860648133095279,0.0313,0.119,-1.941792453300012,-0.006833848270990472,-3.8506200900344405,0.0166
1787414313.2378016,-1.9241382637160316,-0.005421744396426051,-3.2133453879527085,-1.9554054390577105,-0.011118923635586978,-3.7469730185289305,0.0318,0.534,-1.9491420715935488,-0.01643994695146503,-3.3387570878647725,0.0273
1787414313.3034759,-1.9232827779525123,-0.0050697396923570495,-3.2186431485450666,-1.9551254420754232,-0.012849264172040646,-3.2295403797358033,0.0328,0.011,-1.9348387043032018,-0.01922781436624695,-2.9909282174348304,0.0183
1787414313.4363608,-1.9212577959663582,-0.003478708299688516,-3.4861898316038413,-1.9458635635902424,-0.017405270665725597,-3.015784250292592,0.0283,0.470,-1.9283924357042577,-0.012535655663774795,-3.1825714432269483,0.0115
1787414313.500256,-1.9200971309485566,-0.0030957839785162953,-3.60872453028026,-1.9361012198813532,-0.014298900499100743,-3.1506453602268123,0.0195,0.458,-1.932497971170633,-0.0036704382647826544,-3.6412073354102574,0.0124
1787414313.6354053,-1.917626582724851,-0.0030908777379809703,-3.9069689872902895,-1.9315191370354208,-0.005985113559849544,-3.6047448708332097,0.0142,0.302,-1.9953795992138426,-0.007732119396090574,-3.8628285975619447,0.0779
1787414313.7045684,-1.9164267755110058,-0.0037763350030019767,-3.979272032960711,-1.9657591776251322,-0.0026086628314501677,-4.052664098367816,0.0493,0.073,-1.9761810761650545,0.0009397041944308636,-4.118469196339746,0.0599
1787414313.8316288,-1.9142178899750637,-0.005464219079485497,-3.7886432140058055,-1.9957735712940847,-0.012834128902700201,-3.7703710316337062,0.0819,0.018,-2.0452600639588536,-0.022437528327091293,-3.576950919720674,0.1321
1787414313.900314,-1.913210817115335,-0.0058724141624933715,-3.772739443478802,-2.0158267116173567,-0.04088262707456882,-3.0505594990776137,0.1084,0.722,-2.0407780352875933,-0.05528601401476692,-2.7512086640677036,0.1368
1787414314.028098,-1.910956967642413,-0.005856029584300565,-3.766741199844427,-2.0239916581394493,-0.046817102217408424,-3.018341749570248,0.1202,0.748,-2.0407780352875933,-0.05528601401476692,-2.7512086640677036,0.1389
1787414314.153615,-1.9088018473946626,-0.005331715983387701,-4.143276458956859,-2.04382520176804,-0.055556375508229575,-2.3870191099815687,0.1441,1.756,-2.0604290212044596,-0.06389232874042622,-2.1826869456850084,0.1625
1787414314.2207363,-1.907811351676267,-0.0052867352634343705,-4.155206528363253,-2.0562764631819075,-0.06375670986642573,-2.2898806305105834,0.1596,1.865,-2.0604290212044596,-0.06389232874042622,-2.1826869456850084,0.1635
1787414314.3415697,-1.905750063121282,-0.006105712170712278,-4.176169148296145,-2.064700740941218,-0.06930426315614718,-2.2254411289636318,0.1711,1.951,-2.0604290212044596,-0.06389232874042622,-2.1826869456850084,0.1651
1787414314.4046755,-1.9047618862176667,-0.006823253374407134,-4.095725860067623,-2.0732569252107345,-0.07493596658418109,-2.1610035057053594,0.1817,1.935,-2.0604290212044596,-0.06389232874042622,-2.1826869456850084,0.1658
1787414314.5330105,-1.903378160479148,-0.007863427995313983,-3.86662580549522,-2.0732569252107345,-0.07493596658418109,-2.1610035057053594,0.1826,1.706,-2.0604290212044596,-0.06389232874042622,-2.1826869456850084,0.1667
1787414314.6519315,-1.902186889080926,-0.007635810136534443,-3.7614503415359293,-2.090772069000597,-0.08644394088971359,-2.032124471038192,0.2044,1.729,-2.0604290212044596,-0.06389232874042622,-2.1826869456850084,0.1679
1787414314.714241,-1.901561020982051,-0.007157298593050904,-3.7583687605301304,-2.090772069000597,-0.08644394088971359,-2.032124471038192,0.2052,1.726,-2.0604290212044596,-0.06389232874042622,-2.1826869456850084,0.1687
1787414314.8431711,-1.9003590839737001,-0.0063580476781961125,-3.909314042018039,-2.1088119988965413,-0.09829129525954514,-1.9032586700906249,0.2278,2.006,-2.0604290212044596,-0.06389232874042622,-2.1826869456850084,0.1701
1787414314.906126,-1.8996512599890514,-0.006347745060188783,-3.937833130181081,-2.1088119988965413,-0.09829129525954514,-1.9032586700906249,0.2285,2.035,-2.0604290212044596,-0.06389232874042622,-2.1826869456850084,0.1708
1787414315.029892,-1.8981578265953516,-0.006995628992533572,-3.9108068241434837,-2.1273764666629362,-0.1104812405924226,-1.774396801628727,0.2515,2.136,-2.0604290212044596,-0.06389232874042622,-2.1826869456850084,0.1720
1787414315.1566536,-1.896879233377035,-0.007867949521556646,-3.4634308255618844,-2.1368530980220974,-0.11671190668575127,-1.7099559411415453,0.2635,1.753,-2.0604290212044596,-0.06389232874042622,-2.1826869456850084,0.1729
1787414315.2155244,-1.8960430576009772,-0.007860924401143724,-3.4597611668458175,-2.1368530980220974,-0.11671190668575127,-1.7099559411415453,0.2643,1.750,-2.0604290212044596,-0.06389232874042622,-2.1826869456850084,0.1737
1787414315.336595,-1.894199174332685,-0.007142379002942768,-3.517250935165962,-2.1562041362275592,-0.129421908903546,-1.5810833158525508,0.2891,1.936,-2.0604290212044596,-0.06389232874042622,-2.1826869456850084,0.1756
1787414315.4007077,-1.8933009876589406,-0.0065562233154289875,-3.674761972021057,-2.1562041362275592,-0.129421908903546,-1.5810833158525508,0.2902,2.094,-2.0090710563154324,-0.033196073809050854,-2.9125255434489143,0.1188
1787414315.5355496,-1.891694304658855,-0.0059146611788300375,-3.7647935116543314,-2.015878691227006,-0.034971451986553825,-2.872604318349571,0.1275,0.892,-2.0090710563154324,-0.033196073809050854,-2.9125255434489143,0.1205
1787414315.6010146,-1.890842754496473,-0.005975332381313478,-3.8261412025547443,-1.9913890187286427,-0.0010150461300187583,-4.017298116578939,0.1007,0.191,-1.99760426123619,0.01377384579302386,-4.359976309351921,0.1086
1787414315.7322805,-1.8891516807764095,-0.0067254917870171954,-3.7413808429404023,-1.9874400104828809,0.005606991461783752,-4.115301215433133,0.0991,0.374,-1.99760426123619,0.01377384579302386,-4.359976309351921,0.1104
1787414315.8608963,-1.887935405699717,-0.007143814286899433,-3.3905243530608584,-1.9846849633545975,0.010240546483826982,-4.18268893525919,0.0983,0.792,-1.99760426123619,0.01377384579302386,-4.359976309351921,0.1116
1787414315.9183652,-1.8873964096176536,-0.006888236192129809,-3.217504363799052,-1.9846849633545975,0.010240546483826982,-4.18268893525919,0.0988,0.965,-1.99760426123619,0.01377384579302386,-4.359976309351921,0.1121
1787414316.0435543,-1.8863524060138477,-0.005704240347887191,-2.979625117147476,-1.9792047471858965,0.01950625471998237,-4.314626221631084,0.0962,1.335,-1.9929329431489364,0.023115841819792503,-3.996673908555354,0.1104
1787414316.1075344,-1.885801630767613,-0.005268361934401121,-3.003179700338169,-1.9859651657440014,-0.03804459038884765,-2.3036393909456607,0.1054,0.700,-1.9917590465771413,-0.04333435867553989,-2.1855968263893666,0.1126
1787414316.2366412,-1.8846001677776374,-0.005117666822407424,-3.1249470112690645,-1.9755662843245025,-0.007050333925146993,-3.200952371827888,0.0910,0.076,-1.9904129289730013,0.00987397100851006,-3.6032493267554657,0.1069
1787414316.3010838,-1.8839415327393092,-0.005406287344343093,-3.1510608476350472,-1.9727574923797229,-0.004506488813645694,-3.209211989745426,0.0888,0.058,-1.9904129289730013,0.00987397100851006,-3.6032493267554657,0.1076
1787414316.4311657,-1.8828236351400178,-0.006238446204705572,-2.855652949649665,-1.9643879719251947,-0.032011058596523596,-2.5026699446382934,0.0855,0.353,-1.9673491527633913,-0.03881935926559989,-2.3539327451521252,0.0906
1787414316.5563698,-1.8813751886525711,-0.0059220420633493255,-2.603496108121115,-1.9791007258452589,-0.047682078512144545,-2.0452930956855,0.1063,0.558,-2.000688810654961,-0.0583270164672248,-1.8127655752244896,0.1303
1787414316.62739,-1.8804203629322045,-0.005209148026502431,-2.6484436947934773,-1.9996217940981273,-0.050226592122557145,-1.5320664850387695,0.1274,1.116,-2.018295133071355,-0.0539386262016879,-1.4317548253308259,0.1462
1787414316.7081265,-1.8795140086129998,-0.004321997425070076,-2.816253655931634,-1.9945458801910911,-0.05171331054005655,-1.5299503602143436,0.1244,1.286,-1.9969986463366307,-0.02159482589037508,-2.365357216867838,0.1187
1787414316.8417797,-1.8784419807281811,-0.003399497355776912,-2.886728832857145,-1.9943759060447153,-0.0322474442584933,-2.1606093239839295,0.1195,0.726,-1.9696025813483855,0.01013222007697286,-3.4168693223458826,0.0922
1787414316.906513,-1.8778380959998666,-0.0033442289829600375,-2.9253248110852814,-1.9781143730347017,0.02454253487758415,-3.644744265943614,0.1041,0.719,-1.919302431174319,-0.008212601776815258,-3.040402724575892,0.0417
1787414317.0360997,-1.876690806906702,-0.0037609232341409317,-2.7540238701774755,-1.9353325033870366,-0.002007810465117322,-3.051150121448978,0.0587,0.297,-1.9196382678827375,-0.005421105662800325,-2.9869001015501317,0.0430
1787414317.1055396,-1.8760780338394791,-0.0038393458890841887,-2.7398387100212913,-1.9147216039788464,-0.01732791023183086,-2.5769015701662856,0.0409,0.163,-1.903490210825142,-0.023012954043439376,-2.4947774667801252,0.0335
1787414317.2326376,-1.874630843315179,-0.003208688074453771,-2.6724340498417525,-1.94383247846932,-0.022142356935027616,-2.0619602755801925,0.0717,0.610,-1.9910042598254303,-0.033454969166602316,-1.77373129814958,0.1202
1787414317.3641236,-1.8731352682362175,-0.001790285768469466,-2.871616178299127,-1.96751048661899,-0.03847040515951822,-1.7973682037452539,0.1013,1.074,-1.9989463810317913,-0.04952925595605921,-1.5479481241625108,0.1346
1787414317.4317799,-1.872488857860984,-0.0011871006592378834,-3.1408609412196107,-1.9496299076379766,-0.018474205992789556,-2.4054722977120417,0.0791,0.735,-1.9357362601938775,-0.010760044151852792,-2.5484930994338653,0.0640
1787414317.4991126,-1.8716605224151004,-0.0010641082488880632,-3.1487242434653697,-1.9619832409110982,-0.031121766985341037,-2.4455089454179446,0.0952,0.703,-1.9121297366048249,-0.013956366317952062,-3.058023532228088,0.0425
1787414317.634097,-1.8698764331084563,-0.0016535893991041159,-3.0333157583231527,-1.93905743464763,-0.020096794615113576,-2.9391758925617215,0.0716,0.094,-1.9073817714400458,-0.006585895296621947,-3.1042762006297777,0.0378
1787414317.701229,-1.8690694288609229,-0.002144093523505898,-2.8067511366564477,-1.9204263348823194,-0.010275739314125069,-3.028538140986722,0.0520,0.222,-1.9104977032912718,-0.015773867246574782,-2.484199056996115,0.0436
1787414317.8317614,-1.8673493216140353,-0.002429997825896666,-2.475153663573353,-1.9288731583997036,-0.020818768429914817,-1.9286050048915786,0.0642,0.547,-1.9572169389156806,-0.029344013989310753,-1.736267942192643,0.0938
1787414317.9572942,-1.8652231576360767,-0.001485909155461461,-2.587117185968713,-1.9492364750816134,-0.03075108001880193,-1.6757755870851627,0.0890,0.911,-1.954580229228376,-0.029595236604660704,-1.7902935498899855,0.0937
1787414318.0218253,-1.8644699470300294,-0.0014141551233781513,-2.6041653591707115,-1.9443258094555549,-0.0355112064365921,-1.8407673774042543,0.0868,0.763,-1.9350178972750043,-0.03588451113676475,-1.8550318177175211,0.0785
1787414318.1508398,-1.862848860357581,-0.001823249316576503,-2.8825968268826743,-1.938368335556529,-0.03888405329799795,-1.758731151666544,0.0841,1.124,-1.9234463102685504,-0.0040065922124832695,-2.7437909351162024,0.0606
1787414318.2140553,-1.8620627258206506,-0.002573969595962672,-3.0468140874601026,-1.926199909754839,0.007129516984543045,-3.4150849408966137,0.0649,0.368,-1.9334706077429955,0.025379527717708267,-3.8334794274595643,0.0767
1787414318.3435867,-1.8605975729026012,-0.004555902074229927,-3.0972552140171303,-1.9133142399441827,-0.0061793650423569366,-3.2516919542127343,0.0527,0.154,-1.901158497644803,-0.012251094037754618,-3.140503875764918,0.0413
1787414318.4106688,-1.859859358381808,-0.005319893090344312,-3.070058965684645,-1.9068733452194155,-0.015045574653339588,-3.0373775869674984,0.0480,0.033,-1.906610222933171,-0.01807009117638728,-2.9896314052583253,0.0485
1787414318.5413785,-1.8581391699657026,-0.006025812429351049,-2.9954738226800823,-1.9149782090311227,-0.038183141368311996,-2.4114623299751514,0.0653,0.584,-1.9638929354299952,-0.046507068410677095,-2.0542520174456285,0.1132
1787414318.6061726,-1.8572397187434468,-0.006052931822723542,-3.0481578577833,-1.9472623429588602,-0.043803897636409454,-2.0936332899246186,0.0976,0.955,-1.961909793379655,-0.046490823499585235,-2.0204238505371763,0.1122
1787414318.7430005,-1.855647299345088,-0.0061903051473082655,-3.51001494864281,-1.9488870648862064,-0.04718054860868898,-2.055199288010394,0.1019,1.455,-1.9329235251935006,-0.004829748952423472,-3.58121353359124,0.0773
1787414318.8098607,-1.8547566070087977,-0.006731767624217872,-3.501689370440283,-1.9377936116433723,-0.00023948004758972755,-3.960973100948937,0.0833,0.459,-1.9534194062587356,0.020806423615684414,-4.301183431757335,0.1024
1787414318.9371974,-1.8529474407819047,-0.008714409715377423,-3.36752679464308,-1.934960134087876,0.01641096044357263,-4.460325616105008,0.0858,1.093,-1.9205735642432626,0.016478617157181772,-4.463054416118371,0.0722
1787414319.0068367,-1.852138177840925,-0.009811960809925533,-3.125754350692472,-1.9429714278265888,0.005536646382390695,-4.1318516849481135,0.0921,1.006,-1.9483769137947256,0.0001257772385837613,-4.038741921733325,0.0968
1787414319.1462605,-1.850458385060615,-0.01095225340389819,-3.0701206833350936,-1.9521341882081005,0.005979846742714071,-3.682499893462194,0.1031,0.612,-1.9647420417659875,0.004147711186020999,-3.644045635345387,0.1153
1787414319.2132154,-1.8494982032755218,-0.011097713695024033,-3.072433831149208,-1.955034036019216,0.010116487177692642,-3.762088270574781,0.1076,0.690,-1.9180371956705773,0.014327830903696326,-3.952314656146837,0.0731
1787414319.3427565,-1.8477471980164781,-0.011113058875201186,-3.424699958092814,-1.9334388021381375,0.014430318459910345,-3.960692956242921,0.0894,0.536,-1.9180371956705773,0.014327830903696326,-3.952314656146837,0.0748
1787414319.4069662,-1.846855919674754,-0.011328936206525829,-3.4304626966870844,-1.9343473623663512,0.006034387050559616,-4.264949419349714,0.0892,0.834,-1.9341543123562281,0.003579681836508315,-4.223304327890001,0.0886
1787414319.5346692,-1.8449569975176845,-0.012519534093844969,-3.418888959186879,-1.9346969157922531,-0.014055032098591535,-4.135153927679245,0.0898,0.716,-1.9066975701104971,-0.035734019788644815,-3.524791918033896,0.0660
1787414319.597991,-1.8440337713774022,-0.013394497902118158,-3.3001605507975116,-1.9207416830714343,-0.0291352918958847,-3.6675106478622994,0.0783,0.367,-1.9079710018852354,-0.013232139862631607,-4.14993887102186,0.0639
1787414319.7308898,-1.8431820739944997,-0.013704096482764811,-3.2545016405323763,-1.9218634149418676,-0.024051829239625372,-3.8275301475211445,0.0794,0.573,-1.931770148199514,-0.02476100064617781,-3.8325052405898514,0.0893
1787414319.8623664,-1.8421116769959534,-0.012624306288365044,-3.057818208721103,-1.9211641324383295,-0.03756923891757748,-2.900091169316372,0.0829,0.158,-1.9277208315863044,-0.05367133997619328,-2.5066982766686734,0.0949
1787414319.9351692,-1.8416244794208187,-0.011687564895917742,-3.071288235571128,-1.9191740993255246,-0.042960905612485556,-2.861927286539974,0.0836,0.209,-1.9277208315863044,-0.05367133997619328,-2.5066982766686734,0.0958
1787414320.0016897,-1.8412392558978032,-0.010817271544636787,-3.229984936389521,-1.8972041673795241,0.0033215535872466936,-3.89005539501731,0.0577,0.660,-1.9004852709441342,0.005757034415986487,-3.896548197429923,0.0615
1787414320.1304047,-1.8398974048004477,-0.01043634386172994,-3.259781923419122,-1.8977547587337193,0.005378727811110513,-3.8861251224727624,0.0600,0.626,-1.8993099480969369,0.007233567130266232,-4.0473206346169635,0.0620
1787414320.259083,-1.8385157576007116,-0.01091463897749494,-3.096953709070836,-1.8968504504795078,0.006887401512900227,-4.034203532598519,0.0610,0.937,-1.8761265243204086,-0.035539504781278604,-3.4808257659051085,0.0450
1787414320.3303123,-1.8375435377997682,-0.01106556168855791,-3.0778682266618764,-1.8855608140975157,-0.025520665314826014,-3.6850724302014752,0.0501,0.607,-1.8468410703410807,-0.04190844966983666,-3.0336617345850927,0.0322
1787414320.4049177,-1.8365135695424746,-0.010983890564413382,-3.020468790936218,-1.8573662899048275,-0.017692117968755326,-3.0311390765584094,0.0219,0.011,-1.8994257790031592,-0.033768823126988375,-2.4439014568476423,0.0669
1787414320.5412474,-1.8342435631669498,-0.009912144118956539,-2.9868093186712725,-1.867583015095898,-0.023739010799754504,-2.686227947593448,0.0361,0.301,-1.8994257790031592,-0.033768823126988375,-2.4439014568476423,0.0694
1787414320.6029732,-1.8331755783871766,-0.009174680091831441,-3.139459860923031,-1.8586951242312246,-0.02603316652325417,-2.602501383395137,0.0306,0.537,-1.8994257790031592,-0.033768823126988375,-2.4439014568476423,0.0707
1787414320.7337441,-1.8311621880957059,-0.0085857963971979,-3.395767089974992,-1.8534572470503783,-0.027385604755469535,-2.5538119493729776,0.0292,0.842,-1.8994257790031592,-0.033768823126988375,-2.4439014568476423,0.0728
1787414320.8543887,-1.8291429959884744,-0.009416886606747497,-3.446681342638372,-1.8534572470503783,-0.027385604755469535,-2.5538119493729776,0.0302,0.893,-1.8994257790031592,-0.033768823126988375,-2.4439014568476423,0.0744
1787414320.9179082,-1.8281991857885669,-0.01003290053597918,-3.334240010676041,-1.8428306522314155,-0.03013850270713666,-2.4564342225813194,0.0249,0.878,-1.8994257790031592,-0.033768823126988375,-2.4439014568476423,0.0751
1787414321.0531085,-1.8263768654739356,-0.010627081389194985,-3.2640212586607174,-1.8374387677266564,-0.031534757180261,-2.407728515970802,0.0237,0.856,-1.8994257790031592,-0.033768823126988375,-2.4439014568476423,0.0766
1787414321.1539001,-1.824286184443041,-0.010215798031237906,-3.217276545967776,-1.8374387677266564,-0.031534757180261,-2.407728515970802,0.0250,0.810,-1.8994257790031592,-0.033768823126988375,-2.4439014568476423,0.0787
1787414321.213848,-1.8232647523245447,-0.009799598625233982,-3.3125061775576077,-1.826507112348448,-0.03437382757571795,-2.3103471107815508,0.0248,1.002,-1.8994257790031592,-0.033768823126988375,-2.4439014568476423,0.0798
1787414321.3428469,-1.8218623496612167,-0.009379750278702987,-3.5336532380022128,-1.826507112348448,-0.03437382757571795,-2.3103471107815508,0.0254,1.223,-1.8994257790031592,-0.033768823126988375,-2.4439014568476423,0.0813
1787414321.4067826,-1.8213490926001519,-0.009636694363455925,-3.5462363823094543,-1.8153728951965558,-0.037269207382625805,-2.2129727055026103,0.0283,1.333,-1.8994257790031592,-0.033768823126988375,-2.4439014568476423,0.0817
1787414321.5288155,-1.8203650490300243,-0.011118133452859943,-3.645255388475052,-1.8153728951965558,-0.037269207382625805,-2.2129727055026103,0.0266,1.432,-1.8994257790031592,-0.033768823126988375,-2.4439014568476423,0.0822
1787414321.6519961,-1.8200494809265373,-0.012361014407563747,-3.4945950341781185,-1.804034410684714,-0.04022060014134642,-2.115592304752043,0.0321,1.379,-1.8994257790031592,-0.033768823126988375,-2.4439014568476423,0.0822
1787414321.716025,-1.8200352252870733,-0.012514481851125286,-3.4678133093647623,-1.804034410684714,-0.04022060014134642,-2.115592304752043,0.0320,1.352,-1.8994257790031592,-0.033768823126988375,-2.4439014568476423,0.0822
1787414321.839483,-1.8198430111317618,-0.01209400991225542,-3.5250047002591858,-1.8206924129018112,-0.062255546950317875,-2.9987248243952025,0.0502,0.526,-1.8214115202080912,-0.0623839067101099,-2.996334566423875,0.0503
1787414321.9020221,-1.8198201143390138,-0.011729398108046888,-3.714546193933295,-1.8230527775506944,-0.03457732743886588,-3.283022647945745,0.0231,0.432,-1.8262095816734947,-0.05711805953282835,-3.3717734541295727,0.0458
1787414322.0340827,-1.8191477684424626,-0.011748179590188562,-3.7616396383981847,-1.8240791998416037,-0.05129587134383753,-3.4565738143810263,0.0399,0.305,-1.8163688008759158,-0.05797604338320346,-3.3602426598489714,0.0463
1787414322.1609666,-1.818358340796328,-0.012748110748652043,-3.734265291282388,-1.818194667626152,-0.056883729893350325,-3.3784343365047302,0.0441,0.356,-1.8163688008759158,-0.05797604338320346,-3.3602426598489714,0.0453
1787414322.2176096,-1.8180353931260735,-0.013438317911956633,-3.5730772113676985,-1.8033192208160422,-0.054592188050651434,-3.4704977471961276,0.0437,0.103,-1.7987677131791708,-0.053715405443917036,-3.4786937858656923,0.0446
1787414322.349926,-1.8163817741047645,-0.013284320462391131,-3.082932689554276,-1.7867117277476667,-0.060475928663792214,-3.170871594158188,0.0557,0.088,-1.7805780179736836,-0.06161249348407106,-3.1435329444687077,0.0601
1787414322.415064,-1.8152332341524022,-0.012702329846655296,-2.8841765272076603,-1.7924677224124437,-0.012427547535937063,-3.1092755110952077,0.0228,0.225,-1.7966028371418283,-0.004535177208297627,-3.217380285313527,0.0203
1787414322.5371377,-1.8129475012727752,-0.011009380720466994,-2.733202854664419,-1.7981708786315331,0.01072729478833749,-2.9604895851986717,0.0263,0.227,-1.8074171789730398,0.015248884610635942,-3.039115218801159,0.0268
1787414322.6611674,-1.8093521024598027,-0.010455781551244391,-2.81308244183279,-1.801569822743032,-0.002775537864780901,-2.8645176006264275,0.0109,0.051,-1.810021777159908,0.003652627514081361,-3.152099499495403,0.0141
1787414322.725125,-1.8074978311144958,-0.010547448404197886,-2.864424747001899,-1.831032293392077,-0.025302799463819362,-3.244724116243833,0.0278,0.380,-1.8610119439776007,-0.03304664300238958,-3.185519653434581,0.0581
1787414322.8492856,-1.803864275755515,-0.011585192226675518,-2.947735468386297,-1.8333765748252027,-0.02450834416928791,-3.252788337276611,0.0322,0.305,-1.8610119439776007,-0.03304664300238958,-3.185519653434581,0.0610
1787414322.9128935,-1.8025284867796134,-0.011369649349552384,-2.957190398334271,-1.8333765748252027,-0.02450834416928791,-3.252788337276611,0.0335,0.296,-1.8610119439776007,-0.03304664300238958,-3.185519653434581,0.0624
1787414323.0382676,-1.7997004341120981,-0.010158701451572905,-2.889976662020195,-1.8380459193458403,-0.02294553245674887,-3.2682077422913465,0.0404,0.378,-1.8610119439776007,-0.03304664300238958,-3.185519653434581,0.0654
1787414323.1016235,-1.798244939104683,-0.009083991848831283,-2.8177818263109478,-1.8380459193458403,-0.02294553245674887,-3.2682077422913465,0.0421,0.450,-1.8610119439776007,-0.03304664300238958,-3.185519653434581,0.0672
1787414323.2333767,-1.7959704822127522,-0.007381851916176093,-2.859361057904898,-1.842958614030258,-0.021325402934781395,-3.283621232325568,0.0490,0.424,-1.8610119439776007,-0.03304664300238958,-3.185519653434581,0.0699
1787414323.3592358,-1.794099433604781,-0.007153500609378417,-2.9273121974441056,-1.8455087036877271,-0.02049279121020105,-3.29133364923177,0.0531,0.364,-1.8610119439776007,-0.03304664300238958,-3.185519653434581,0.0717
1787414323.414089,-1.793206806372203,-0.007697623164214388,-2.9146831761990692,-1.8455087036877271,-0.02049279121020105,-3.29133364923177,0.0538,0.377,-1.8610119439776007,-0.03304664300238958,-3.185519653434581,0.0724
1787414323.5337117,-1.7915945437669862,-0.009102219301232322,-2.580222031419436,-1.850789735599821,-0.01878532079993861,-3.30674903142456,0.0600,0.727,-1.8610119439776007,-0.03304664300238958,-3.185519653434581,0.0734
1787414323.662723,-1.7908083284317549,-0.009697376573319238,-2.159876361465099,-1.8535228105081403,-0.01790933652467517,-3.314458709765399,0.0632,1.155,-1.8610119439776007,-0.03304664300238958,-3.185519653434581,0.0740
1787414323.7247908,-1.7903304837404899,-0.009482286587018836,-1.8780246469733668,-1.8535228105081403,-0.01790933652467517,-3.314458709765399,0.0638,1.436,-1.8610119439776007,-0.03304664300238958,-3.185519653434581,0.0745
1787414323.8523147,-1.7894910736218397,-0.008619967831248129,-1.6184487108768018,-1.859171868778802,-0.016114310388256885,-3.3298751345494333,0.0701,1.711,-1.8610119439776007,-0.03304664300238958,-3.185519653434581,0.0756
1787414323.9170432,-1.7895858383593017,-0.008478898168605063,-1.622774947604976,-1.8621035068514469,-0.015189884382547746,-3.337623285239484,0.0728,1.715,-1.8610119439776007,-0.03304664300238958,-3.185519653434581,0.0755
1787414324.04006,-1.7896368423559723,-0.0090832962519116,-1.6750629331980584,-1.8621035068514469,-0.015189884382547746,-3.337623285239484,0.0727,1.663,-1.8610119439776007,-0.03304664300238958,-3.185519653434581,0.0753
1787414324.101936,-1.789645328725571,-0.009753644564276277,-1.651755429284224,-1.868105245901193,-0.013311809863004988,-3.3530006942934842,0.0785,1.701,-1.8610119439776007,-0.03304664300238958,-3.185519653434581,0.0751
1787414324.2255285,-1.7895238891370726,-0.01104844011599637,-1.480636351835107,-1.8415178979216729,-0.03861408298426215,-0.8345932013390783,0.0588,0.646,-1.841188622798217,-0.038856419457514405,-0.8296022610410759,0.0587
1787414324.3469324,-1.7889200352951786,-0.011358173596140672,-1.3946455734252836,-1.8375077085976481,-0.024684856908166804,-0.7498487521771511,0.0504,0.645,-1.8334182100690364,-0.019875379309228176,-0.8435611158334075,0.0453
1787414324.4139206,-1.788554044256471,-0.01117218038179137,-1.4067196797055515,-1.8070333194794728,-0.0034064197063562625,-1.3014534218186122,0.0200,0.105,-1.7860345903637216,0.0008349073375849475,-1.3858921441015455,0.0123
1787414324.553485,-1.7880234705681757,-0.010689771975873686,-1.8012943974238584,-1.8438067471492556,-0.017923851162212002,-1.3337627861176848,0.0563,0.468,-1.7670614485989207,-0.05049789894076888,-1.1962268268997305,0.0450
1787414324.6143928,-1.7872046171772484,-0.010968934990112096,-1.8032037690006484,-1.7717478521646794,-0.020946638815911533,-1.6633050008404686,0.0184,0.140,-1.7444950071942542,-0.01088140796842244,-1.8493516902316818,0.0427
1787414324.751946,-1.7854103617052637,-0.012372624685299973,-1.6581597523954101,-1.816664164637444,-0.015720727702743624,-1.8264705760678142,0.0314,0.168,-1.846242093540234,-0.007289213213237822,-1.9573091764039654,0.0610
1787414324.8197987,-1.7845750874798376,-0.01330118082041756,-1.4309709297614401,-1.8143014531036559,-0.011262762037855771,-1.773654773094971,0.0298,0.343,-1.8002793884283068,-0.01273726993929101,-1.7408115068093104,0.0157
1787414324.952669,-1.7815514814808528,-0.014185319243296546,-1.3600733346152076,-1.8146577317215096,-0.012856926481650622,-1.4569270515153394,0.0331,0.097,-1.8568211829823964,-0.02040722027415775,-1.4106674285917573,0.0755
1787414325.0171921,-1.7799360646776612,-0.014228728884950838,-1.3264514737883135,-1.8595038195325067,-0.02365216070613584,-1.290812800823569,0.0801,0.036,-1.8924502407577963,-0.026536932427175364,-1.24667360498033,0.1132
1787414325.1507323,-1.776786626735269,-0.013814499331552937,-1.5636094455641738,-1.8729517175843235,-0.027893574825054716,-1.0671900610543532,0.0972,0.496,-1.9413097912913357,-0.05220314848180593,-0.5020492146876161,0.1689
1787414325.2136304,-1.7755018193781744,-0.01386742752077838,-1.5737699352228667,-1.9044522938521469,-0.039296420103856165,-0.7955595110497178,0.1314,0.778,-1.9413097912913357,-0.05220314848180593,-0.5020492146876161,0.1702
1787414325.3400855,-1.7727734720194106,-0.014725513154254837,-1.6009699228225887,-1.9226332090111662,-0.04358136405798792,-0.6661898750175669,0.1526,0.935,-1.9413097912913357,-0.05220314848180593,-0.5020492146876161,0.1727
1787414325.4012978,-1.7713866543267087,-0.015477875752596428,-1.5361912235946653,-1.9334272164102568,-0.04614621043747175,-0.5909107234706965,0.1649,0.945,-1.9413097912913357,-0.05220314848180593,-0.5020492146876161,0.1738
1787414325.5359552,-1.769300451768705,-0.01680539771793495,-1.3215750386659053,-1.9334272164102568,-0.04614621043747175,-0.5909107234706965,0.1667,0.731,-1.9413097912913357,-0.05220314848180593,-0.5020492146876161,0.1756
1787414325.6587625,-1.7675112470683347,-0.016984417145181178,-1.254457179564935,-1.955492058740827,-0.05140932523835931,-0.44036972068652286,0.1911,0.814,-1.9413097912913357,-0.05220314848180593,-0.5020492146876161,0.1773
1787414325.7201421,-1.7665757968210472,-0.016735106024811007,-1.2992239515849535,-1.955492058740827,-0.05140932523835931,-0.44036972068652286,0.1921,0.859,-1.9413097912913357,-0.05220314848180593,-0.5020492146876161,0.1783
1787414325.8506045,-1.764905263824284,-0.016222908393959505,-1.7227625321449864,-1.9781945136442047,-0.05687388643087025,-0.2898036955306359,0.2171,1.433,-1.9413097912913357,-0.05220314848180593,-0.5020492146876161,0.1800
1787414325.9109838,-1.7644250415280969,-0.01652157390723746,-1.71794492421121,-1.9781945136442047,-0.05687388643087025,-0.2898036955306359,0.2175,1.428,-1.9413097912913357,-0.05220314848180593,-0.5020492146876161,0.1804
1787414326.031087,-1.7634373736953692,-0.017916153190305827,-1.7381589382428082,-2.00152093881238,-0.06254019516141304,-0.13929570966167298,0.2422,1.599,-1.9413097912913357,-0.05220314848180593,-0.5020492146876161,0.1811
1787414326.1445465,-1.7634379860135938,-0.018513206524951257,-1.8433889218767208,-2.013422485738693,-0.06545950768630028,-0.06402083727681016,0.2544,1.779,-1.9413097912913357,-0.05220314848180593,-0.5020492146876161,0.1810
1787414326.2072184,-1.7634677710013,-0.01856484477239477,-1.8015079904905547,-2.013422485738693,-0.06545950768630028,-0.06402083727681016,0.2543,1.737,-1.9413097912913357,-0.05220314848180593,-0.5020492146876161,0.1810
1787414326.3311152,-1.763377338971418,-0.017738863766160805,-1.6220321409140086,-2.0377005136978705,-0.071438917657002,0.0865136959563272,0.2795,1.709,-1.9413097912913357,-0.05220314848180593,-0.5020492146876161,0.1812
1787414326.4604106,-1.7634508606365122,-0.01620147936618981,-1.7261416351916874,-1.9501440105326082,-0.07642188371220586,-0.14069905383338868,0.1962,1.585,-1.883421859183657,-0.018784981158136677,-1.7697785468582565,0.1200
1787414326.5274196,-1.7630793924180221,-0.015934021376679507,-1.742464208702662,-1.8808271090792357,-0.014603977939646665,-2.0121948505303973,0.1178,0.270,-1.866049278989485,-0.009424165915600021,-2.0768706963761243,0.1032
1787414326.656489,-1.7621661123345076,-0.01619717210072181,-1.7357260068559917,-1.8699077810492515,-0.008205158244395312,-2.1093681241825095,0.1080,0.374,-1.8422580320211162,-0.0073485602187514,-2.141511912421842,0.0806
1787414326.7153423,-1.7617009859138193,-0.016645093453462614,-1.6156907444052675,-1.8566794419169415,-0.005810522064057397,-2.1869902352917334,0.0956,0.571,-1.8422580320211162,-0.0073485602187514,-2.141511912421842,0.0811
1787414326.8525894,-1.7604800353624255,-0.017246519856928124,-1.3442833229245212,-1.8196910440890746,-0.006684444398260152,-1.83033014565225,0.0601,0.486,-1.7918760494150727,-0.014393015677002723,-1.4453683376728461,0.0315
1787414326.918433,-1.759561013694763,-0.017098847007660106,-1.3218221164095352,-1.7977429263569256,-0.015149314560089035,-1.4153637083894979,0.0382,0.094,-1.7993545048114807,-0.01885664724094147,-1.3694200216176644,0.0398
1787414327.04563,-1.7574170750913345,-0.01577280860564836,-1.5765063473567826,-1.79575425304184,-0.018501351471183074,-1.234364067871285,0.0384,0.342,-1.801461155450973,-0.01850793548673531,-1.3319659089713334,0.0441
1787414327.1145823,-1.756452009335393,-0.015038301958471603,-1.889327933373996,-1.7907941154757232,-0.02355163038772201,-1.4124849894861986,0.0354,0.477,-1.7922068309293,-0.026390052082305895,-1.3793737983409062,0.0375
1787414327.242688,-1.7532002228913517,-0.014720247188332035,-1.9359951286827362,-1.7937280438534533,-0.015564236026823013,-2.013294008128021,0.0405,0.077,-1.7767870066483966,-0.02017792323102432,-1.953630303213459,0.0242
1787414327.3633654,-1.7496929072697303,-0.01552821830531937,-1.6740246452882548,-1.7800064225056356,-0.019059389231872084,-1.9723338817501799,0.0305,0.298,-1.8157919462049354,-0.016839381535633635,-1.896396064116265,0.0661
1787414327.4291816,-1.7480463385728848,-0.016022470848308906,-1.364642810094408,-1.8283600612329638,-0.017330021727528244,-1.759464906235354,0.0803,0.395,-1.870979191991484,-0.015758298606097856,-1.827859539991029,0.1229
1787414327.5579188,-1.7452246979155537,-0.01590612318733357,-1.3390995837975537,-1.827598718443349,-0.016358112042243474,-1.782486770176099,0.0824,0.443,-1.9760200533837255,-0.08702278495205448,0.5021328418659953,0.2415
1787414327.6215367,-1.7437300094963382,-0.015320155015518127,-1.2474470953346375,-1.8861064479406515,-0.04162955676536388,-0.6114980617178314,0.1448,0.636,-1.9760200533837255,-0.08702278495205448,0.5021328418659953,0.2431
1787414327.749376,-1.7408881033177472,-0.013747363268158987,-1.3978919043444442,-1.8987658795487623,-0.04663949551508462,-0.5079902709198362,0.1613,0.890,-1.9760200533837255,-0.08702278495205448,0.5021328418659953,0.2463
1787414327.8153446,-1.7399335395340676,-0.013358404427544041,-1.4120623337445983,-1.8987658795487623,-0.04663949551508462,-0.5079902709198362,0.1623,0.904,-1.9760200533837255,-0.08702278495205448,0.5021328418659953,0.2473
1787414327.940746,-1.7379148419777315,-0.013543536499521596,-1.4741853966093528,-1.9135516711539993,-0.05251431441305221,-0.39043135581165517,0.1799,1.084,-1.9760200533837255,-0.08702278495205448,0.5021328418659953,0.2492
1787414328.002249,-1.736920829987468,-0.014052220238407302,-1.433124978313436,-1.9135516711539993,-0.05251431441305221,-0.39043135581165517,0.1808,1.043,-1.9760200533837255,-0.08702278495205448,0.5021328418659953,0.2500
1787414328.1321003,-1.7355723392219113,-0.014806619998886937,-1.2125149325487545,-1.9289227797078368,-0.05865033013237815,-0.2717075505820196,0.1983,0.941,-1.9760200533837255,-0.08702278495205448,0.5021328418659953,0.2511
1787414328.2484407,-1.7344702706733737,-0.01440429795745404,-1.1024927466776058,-1.9289227797078368,-0.05865033013237815,-0.2717075505820196,0.1994,0.831,-1.9760200533837255,-0.08702278495205448,0.5021328418659953,0.2522
1787414328.3099551,-1.733878310408589,-0.01390670924814966,-1.113998578095107,-1.9444193839024633,-0.06486620171030241,-0.15531353558783287,0.2166,0.959,-1.9760200533837255,-0.08702278495205448,0.5021328418659953,0.2529
1787414328.4349182,-1.7334234674327926,-0.013000503499726078,-1.2623344672837549,-1.9524067294805885,-0.068086127504783,-0.09651501229992238,0.2258,1.166,-1.9760200533837255,-0.08702278495205448,0.5021328418659953,0.2536
1787414328.5536735,-1.7334049808221395,-0.01309652628213027,-1.3230358912429658,-1.9524067294805885,-0.068086127504783,-0.09651501229992238,0.2258,1.227,-1.9760200533837255,-0.08702278495205448,0.5021328418659953,0.2536
1787414328.6130295,-1.7333401947049596,-0.013482488094938483,-1.3078286816689788,-1.890652481190983,-0.018876685423607598,-1.3502667805619601,0.1574,0.042,-1.8860106549515172,-0.0173185962692794,-1.387314736181568,0.1527
1787414328.7461994,-1.7333978612003966,-0.014459104622285215,-0.9489497418228592,-1.8306533695327265,-0.027327398632227107,-1.0544815514322752,0.0981,0.106,-1.8043298075913152,-0.02696108971616524,-1.0817532725420347,0.0720
1787414328.8115876,-1.7329483327151516,-0.014500810834963525,-0.9394643161378012,-1.7936597437842152,-0.03175035197910755,-0.6001586886801386,0.0631,0.339,-1.7727928645354665,-0.03189644002854234,-0.6038691685390297,0.0435
1787414328.9389362,-1.7318810384641414,-0.013802118395112514,-0.9640595796553142,-1.7852193470167024,-0.032436376538951026,-0.5559765174770688,0.0565,0.408,-1.6949992134609277,-0.05313443402208452,-0.5411514448463846,0.0539
1787414329.0107,-1.7313754039223137,-0.013195317701442312,-1.1111515945638253,-1.69113461248738,-0.030188361975271503,-0.7967365225491506,0.0437,0.314,-1.6772488566701051,-0.023001577990351036,-0.9365232912118083,0.0550
1787414329.1513002,-1.7292889372212628,-0.012609342015437626,-1.2194685489828914,-1.6962714540091977,-0.030545426894583463,-0.8008461769828432,0.0376,0.419,-1.764606388019025,-0.02328076264367242,-0.8646355161061805,0.0369
1787414329.2219613,-1.7281757317346709,-0.012710998106772176,-1.2888932606534977,-1.7529980671357872,-0.021895989713357336,-1.134113371896137,0.0265,0.155,-1.8071957788622937,-0.01693525106593179,-1.2883656679653483,0.0791
1787414329.3562834,-1.72599198535158,-0.01351417931527293,-1.1573493162582529,-1.7520600808104736,-0.023456728021897244,-1.1951679748533943,0.0279,0.038,-1.7646504534751228,-0.029707217985524354,-1.0324946071849472,0.0419
1787414329.4151142,-1.7249842600280758,-0.013791883987383804,-0.9225368779215929,-1.7578653051750488,-0.027895735378911483,-1.0607501592825335,0.0358,0.138,-1.7646504534751228,-0.029707217985524354,-1.0324946071849472,0.0427
1787414329.54404,-1.7229171682301447,-0.013143661955162615,-0.8646461660638479,-1.7884919468390008,-0.04660861014555197,-0.021930405581352633,0.0736,0.843,-1.8456638712221345,-0.055991310003845864,0.06233498190220279,0.1300
1787414329.6075308,-1.7218394123614098,-0.012428089872671336,-0.8694704013008037,-1.8310071432949016,-0.056415424969935075,0.14434224496345638,0.1177,1.014,-1.8341271416710692,-0.05491088441703015,0.10734099050696035,0.1201
1787414329.7419398,-1.7207068055171368,-0.01194272892389317,-0.8585518380563096,-1.8357528093032003,-0.05170406055780738,0.17581046902121986,0.1217,1.034,-1.8317450538810685,-0.048655327002233247,0.11776341600406762,0.1170
1787414329.8058827,-1.7200916536350648,-0.012064994305341048,-0.9331260114120554,-1.825139069043113,-0.023716261748169033,-0.8845689608424829,0.1057,0.049,-1.8233061657914484,-0.027332198921165674,-0.648708930301213,0.1043
1787414329.9328995,-1.7188836068176454,-0.0132980828576323,-1.0778984481046312,-1.8190697590930085,-0.008713956594852327,-1.3607285152211521,0.1003,0.283,-1.8134963102367636,-0.003864708417306621,-1.4456962947913274,0.0951
1787414330.0641258,-1.7177324441951896,-0.01469641609316722,-0.970903748874312,-1.795612387686557,-0.02585403298030648,-0.8656762850429883,0.0787,0.105,-1.790556481714924,-0.04276891618239084,-0.31018371267574596,0.0780
1787414330.1273615,-1.7170513370952831,-0.015023359797458492,-0.9245100121272394,-1.784794656070121,-0.04102713030373298,-0.4091624053551747,0.0726,0.515,-1.7803947561562727,-0.041491065185358264,-0.4084287993502134,0.0687
1787414330.247818,-1.7155436210298871,-0.014913701493507469,-0.9067253035686981,-1.7823361370781494,-0.04231326539801857,-0.3769671191432667,0.0722,0.530,-1.7811843068698927,-0.04642199598845347,-0.15760793086487482,0.0728
1787414330.3140879,-1.7148382727479479,-0.014655149101759456,-1.036021027401502,-1.7460511732774302,-0.08570603592347018,-0.18581636671908328,0.0776,0.850,-1.7578637218673259,-0.024809418848854996,-0.9916980173796972,0.0442
1787414330.4498575,-1.7134072866743528,-0.014666471151222164,-1.2900804585653651,-1.745707468292753,-0.0421311787386462,-0.6790273867007727,0.0424,0.611,-1.7735166734049328,-0.011022024849718858,-1.3706382060648523,0.0602
1787414330.5167613,-1.712561800063967,-0.015066315303781259,-1.2864415054553768,-1.7591317520294254,-0.020866715861005417,-1.241059033070836,0.0469,0.045,-1.7735166734049328,-0.011022024849718858,-1.3706382060648523,0.0611
1787414330.6416068,-1.7108977010821564,-0.01646140961533041,-1.0297453891048671,-1.7935559663494889,-0.00820561842614735,-1.4580515796378106,0.0831,0.428,-1.8602889631315445,-0.0050398513702896545,-1.506771587247318,0.1498
1787414330.707322,-1.7101615555262566,-0.01708285666647771,-0.7357045192430978,-1.7552563005287627,-0.019798935285647117,-1.1403817364657927,0.0452,0.405,-1.7366585166804553,-0.023610441208579216,-1.0540747846863088,0.0273
1787414330.8307297,-1.7083412525711814,-0.017121637919538874,-0.7387104538675898,-1.753189607310316,-0.02186444296869614,-0.7347119789923969,0.0451,0.004,-1.7535409061258973,-0.023439182373900424,-0.7033015238825581,0.0456
1787414330.958897,-1.7064531263876574,-0.0163258556402646,-0.9941018082428188,-1.7699485862133895,-0.016521195806803356,-0.7576760082405373,0.0635,0.236,-1.762946893601575,-0.01503924966447412,-0.8340728537017711,0.0565
1787414331.0254538,-1.705632328429811,-0.01600636750201973,-1.0151199987122683,-1.750818276017843,-0.020813156610825043,-1.0126821507455266,0.0454,0.002,-1.7329297251481204,-0.022272207438820538,-0.989619180269758,0.0280
1787414331.1542344,-1.7038349269696194,-0.01615888934242873,-1.1126596130952098,-1.7437131651681719,-0.016853632429603384,-1.189427848502807,0.0399,0.077,-1.755754457577282,-0.0030773907701242523,-1.6017152149229112,0.0535
1787414331.2192383,-1.7028863020298777,-0.016579555329040006,-1.1064879023892054,-1.744982728625319,-0.015256299339801816,-1.2772158625670424,0.0421,0.171,-1.7451062449049093,-0.01837615129255228,-1.2249856306168558,0.0423
1787414331.3517733,-1.7011959140549258,-0.017547673574522214,-0.7338642116094161,-1.7640472084446346,-0.00865609984312441,-1.3617919958207294,0.0635,0.628,-1.7469601026065351,-0.02118741024170435,-1.0672783057162163,0.0459
1787414331.4163454,-1.7003171720425188,-0.017649425334155845,-0.7257417670026605,-1.7540237804358296,-0.029837785180073816,-0.41555844019079574,0.0551,0.310,-1.7560461459935968,-0.03594985552963286,-0.2963586463989869,0.0587
1787414331.5403,-1.6984102717265552,-0.01705182949966074,-0.781930755686266,-1.7624897324390418,-0.0444781599897474,-0.04236150556745597,0.0697,0.740,-1.7811551603200646,-0.055723866662595004,0.22591593293851023,0.0913
1787414331.607511,-1.697500557375387,-0.01653073948496036,-0.9484432192408753,-1.769721415340789,-0.047017397905342616,-0.13141888465782545,0.0784,0.817,-1.775991606676316,-0.04685876094118103,-0.1359930498853038,0.0841
1787414331.7422223,-1.6967924779853258,-0.015927600396539586,-1.2035875847439794,-1.7612853330733769,-0.028616216040987425,-0.7811824215967407,0.0657,0.422,-1.9056869735768966,0.024389283998220743,-2.1897401417990356,0.2127
1787414331.8082814,-1.696367217563962,-0.01600867298068402,-1.34068454337258,-1.8054682013559318,-0.007013571172356348,-1.5414504917372787,0.1095,0.201,-1.9056869735768966,0.024389283998220743,-2.1897401417990356,0.2132
1787414331.9355342,-1.695545115737745,-0.0167423629980916,-1.3754786163738222,-1.8060915229244003,-0.0013274633687873174,-1.8656121750232408,0.1116,0.490,-1.8005072251647345,-0.0009989884114566618,-1.8622329464347624,0.1061
1787414332.0021596,-1.6946694214297133,-0.01680046800179094,-1.3596405061564891,-1.7469165216294484,-0.01567148620660014,-1.6492102714946464,0.0523,0.290,-1.7155069723382281,-0.020428188535212576,-1.5169365555899306,0.0212
1787414332.1303005,-1.692716447397802,-0.016102426123153442,-1.2719882160006344,-1.7455013173864826,-0.025205226623981572,-1.3020778619662357,0.0536,0.030,-1.7483765798070408,-0.028319269199829845,-1.2383976883829706,0.0570
1787414332.260909,-1.6907241533466568,-0.014600273223024353,-1.439558531710463,-1.7547718534615342,-0.03746054239719474,-0.7764217204207725,0.0680,0.663,-1.744753395737475,-0.02732050764167567,-1.2101502616144015,0.0555
1787414332.3272462,-1.6898293289391066,-0.013943948598814034,-1.6988403413736606,-1.7565359639021982,-0.03669491989009783,-0.9614302256481889,0.0705,0.737,-1.772399319587644,-0.044973596728080975,-0.7324070162737231,0.0882
1787414332.4530947,-1.6879037253226248,-0.013836434608521547,-1.7104984763398439,-1.755427805665985,-0.03868445070615359,-0.9583495670554224,0.0720,0.752,-1.7805871540417375,-0.043813987171213355,-1.0635042683318434,0.0974
1787414332.51042,-1.686894853034004,-0.014128100990944692,-1.6608296402030658,-1.7551308334864766,-0.03922252324368937,-0.9575247113275912,0.0727,0.703,-1.7805871540417375,-0.043813987171213355,-1.0635042683318434,0.0983
1787414332.645177,-1.6855877667824226,-0.014845849109901317,-1.3948439331667055,-1.7534124300727643,-0.04237703697577471,-0.9527571876902085,0.0732,0.442,-1.7913214672948357,-0.06228621120094197,-0.3155787519823024,0.1159
1787414332.7107425,-1.6851724977424716,-0.01489345713471528,-1.2417811123695428,-1.777178791629242,-0.05575674906137471,-0.4670009798714861,0.1007,0.775,-1.7733761612088599,-0.05346029205987291,-0.5267669774324684,0.0963
1787414332.8430433,-1.6841869079412102,-0.014191102552526933,-1.0058342227940347,-1.7788549283211,-0.05907987495646748,-0.43365638905949605,0.1048,0.572,-1.7732921239154762,-0.059597740877915126,-0.043700410633778455,0.1000
1787414332.9120774,-1.6837393777691478,-0.013619242650428125,-1.0266316275883802,-1.7767126585233093,-0.05960227675964714,0.07267514695563389,0.1037,1.099,-1.7773839194110073,-0.05928226811527512,0.07065446063863391,0.1042
1787414333.0508718,-1.6833199799100373,-0.013554083485840116,-1.0787464083890275,-1.7701203375630163,-0.05161012486195905,-0.2535294987837143,0.0948,0.825,-1.7670787389130298,-0.0478291894706548,-0.25647062937775955,0.0905
1787414333.1107266,-1.683023294135641,-0.013937470714958041,-1.106516729050998,-1.7688544283315681,-0.049198019463104,-0.2302172772479124,0.0928,0.876,-1.7670787389130298,-0.0478291894706548,-0.25647062937775955,0.0906
1787414333.238422,-1.6824938355799832,-0.01516385061607834,-0.91636187671356,-1.7234763671782714,-0.026527986438896676,-1.005622343427216,0.0425,0.089,-1.7819265475422679,-0.016367892505304297,-1.149069230838176,0.0994
1787414333.3061445,-1.6823244958124735,-0.01567891869442308,-0.6473827163955599,-1.7405864011172294,-0.017146342229519596,-0.9973753577293927,0.0583,0.350,-1.7422801071280483,-0.01614509745106831,-1.0122308226170365,0.0600
1787414333.4289987,-1.6810150295552468,-0.015388729624891967,-0.699429526790268,-1.7208243469581745,-0.03184184713268848,-0.3288426859241792,0.0431,0.371,-1.7159930879111982,-0.034798895142677734,-0.28437786001356147,0.0400
1787414333.5641139,-1.6796382580735851,-0.014259339635167604,-1.0616967111798499,-1.6959359714446673,-0.03291014516737369,-0.4344040982301164,0.0248,0.627,-1.6786091888015235,-0.027212822999058355,-0.6971029355516813,0.0130
1787414333.632634,-1.678466063492146,-0.014009268192227012,-1.2720579955775355,-1.6787342118791688,-0.02110128903830736,-1.1067716352797812,0.0071,0.165,-1.6794910702837322,-0.018394226059554625,-1.1525295457747975,0.0045
1787414333.7628176,-1.6758844051352972,-0.014342698610050428,-1.6546917563228747,-1.6796042559643498,-0.019266024402358237,-1.3289511820010012,0.0062,0.326,-1.6830789338546934,-0.022896295032953023,-1.493991582594661,0.0112
1787414333.8265073,-1.6745266104834005,-0.014912484658618901,-1.739704487644547,-1.6787168870741473,-0.022154054923748112,-1.4948216649599801,0.0084,0.245,-1.6870180392687064,-0.02124354881687144,-1.7144790436511976,0.0140
1787414333.9573145,-1.672176462726729,-0.01581210100350463,-1.6755606795576135,-1.6806494514302737,-0.03054465213147082,-1.6011158577318685,0.0170,0.074,-1.6839770800285072,-0.033376712627833836,-1.559586269842019,0.0212
1787414334.0224686,-1.6710280124286665,-0.015817229522824668,-1.6439260719437065,-1.7241392019983879,-0.02702864192846538,-1.508637369948953,0.0543,0.135,-1.7828271161076439,-0.03124901636615391,-1.3759625068452954,0.1129
1787414334.1597767,-1.6685824068160522,-0.015078318022085951,-1.672546319479103,-1.7220500444537836,-0.05031032769005363,-0.8737925545920511,0.0640,0.799,-1.7228305765432101,-0.061781521350813995,-0.5920964644245675,0.0716
1787414334.2290282,-1.6674492551374518,-0.01453183580851917,-1.872494586197058,-1.722505364053286,-0.05426258689968317,-0.867641139168358,0.0679,1.005,-1.7274588502332537,-0.04362909408172694,-1.1586045465777675,0.0667
1787414334.363573,-1.6658647257037984,-0.014955376679204957,-2.0081887357408528,-1.725667108033581,-0.045552207042116245,-1.1171967400292127,0.0672,0.891,-1.7274588502332537,-0.04362909408172694,-1.1586045465777675,0.0679
1787414334.4358747,-1.6649899952072005,-0.015567291337145657,-2.059422048195159,-1.727213582732432,-0.048989977297297954,-1.1399559939306716,0.0706,0.919,-1.7274588502332537,-0.04362909408172694,-1.1586045465777675,0.0685
1787414334.5038867,-1.6641554640547196,-0.016379550966333322,-2.0041774047301524,-1.727213582732432,-0.048989977297297954,-1.1399559939306716,0.0710,0.864,-1.7274588502332537,-0.04362909408172694,-1.1586045465777675,0.0689
1787414334.6435165,-1.6639409092148936,-0.01708041011795058,-1.9007556717725476,-1.7289411364884575,-0.052655135963342196,-1.163597734195353,0.0741,0.737,-1.7274588502332537,-0.04362909408172694,-1.1586045465777675,0.0688
1787414334.714027,-1.6637381227031292,-0.016986520198775463,-1.814244489698927,-1.7289411364884575,-0.052655135963342196,-1.163597734195353,0.0743,0.651,-1.7274588502332537,-0.04362909408172694,-1.1586045465777675,0.0691
1787414334.8559766,-1.663305646819307,-0.016179504309308392,-1.872894091959728,-1.7307923642490486,-0.056416357715549044,-1.1872413186890944,0.0786,0.686,-1.7288933131465243,-0.05553542706990308,-0.9048201017841911,0.0765
1787414334.9280756,-1.663195170951507,-0.015843147504450716,-2.089009536477739,-1.7290394944007532,-0.055525068964817285,-0.9053029202684015,0.0769,1.184,-1.6894694879065955,-0.03022800740516186,-1.7774919133924942,0.0300
1787414335.0032,-1.6627213446689706,-0.015862850061483517,-2.0935889654971795,-1.71958274670373,-0.023979250125063717,-2.0837744178677724,0.0574,0.010,-1.767205448733672,-0.011725668968537406,-2.315550522261471,0.1046
1787414335.1628776,-1.6616660129252532,-0.01669181423337067,-2.0092665241333623,-1.7243390548044897,-0.015296426047957395,-2.1270625758316704,0.0627,0.118,-1.7274922901320866,-0.013188175390668478,-2.154220100533003,0.0659
1787414335.221604,-1.6612511263576069,-0.01725301358255334,-1.766765527664039,-1.7255926594287587,-0.010150040724436699,-2.2280688778371203,0.0647,0.461,-1.7274922901320866,-0.013188175390668478,-2.154220100533003,0.0664
1787414335.3428664,-1.6599133641154957,-0.01760750489984084,-1.7343982922927297,-1.696086276928579,-0.03074218996277152,-1.7059833732136038,0.0385,0.028,-1.6836276163660053,-0.033815527257014776,-1.6324685410098347,0.0287
1787414335.412639,-1.6591101958483268,-0.0173487721710132,-1.8154346910948713,-1.6780862185427163,-0.03218756911083608,-1.6027483606132522,0.0241,0.213,-1.6708350285856002,-0.03199980885987597,-1.612266273471023,0.0188
1787414335.488411,-1.6583429533800502,-0.01690036920914936,-2.0118365251807426,-1.6749100290605545,-0.03206811404177971,-1.5596227611952422,0.0225,0.452,-1.6761788374062632,-0.03216234405644624,-1.5587966651967857,0.0235
1787414335.654951,-1.6568288446770354,-0.01654918028294686,-2.34626182725731,-1.6694447015829688,-0.03161613170672077,-1.5833956193662502,0.0197,0.763,-1.676912626791807,-0.018872107737761937,-2.4182080638038634,0.0202
1787414335.7227154,-1.655892106428478,-0.01700113749760207,-2.26628802875409,-1.6733914842730064,-0.021094804391966593,-2.373572072030818,0.0180,0.107,-1.676912626791807,-0.018872107737761937,-2.4182080638038634,0.0211
1787414335.8587625,-1.6541539538552283,-0.018343043101504027,-1.775897494347197,-1.6724741755815147,-0.0067584439035750735,-2.6117414471693774,0.0217,0.836,-1.6749195904650183,-0.005026207546258893,-2.6413885263484893,0.0247
1787414335.9301505,-1.6533486047083226,-0.018770318829281016,-1.756614892685464,-1.6679969211050114,-0.002359688215498329,-2.7169946792565907,0.0220,0.960,-1.6617144189214814,-0.0318051806131251,-1.5802485766441627,0.0155
1787414336.003042,-1.6524777871370158,-0.018943965178156143,-1.7304353628833458,-1.6628557093749126,-0.02771228249520924,-1.6454790802999073,0.0136,0.085,-1.6617144189214814,-0.0318051806131251,-1.5802485766441627,0.0158
1787414336.1349154,-1.6506236670739187,-0.01845344780291421,-1.8728161248357327,-1.6623451036268784,-0.03478410089904794,-1.5127513660388379,0.0201,0.360,-1.6647565847522237,-0.0359075675167443,-1.4938425400022146,0.0225
1787414336.2033355,-1.6498099404161408,-0.018220257439000135,-2.129065238305304,-1.6656336925408508,-0.027848535829907255,-1.8632982420155544,0.0185,0.266,-1.6697425238467973,-0.026097809848451812,-1.8949439901549259,0.0214
1787414336.3436737,-1.6479670661468693,-0.01840352285276356,-2.1471911576052825,-1.6665152753961205,-0.022418881435857324,-2.144243393057098,0.0190,0.003,-1.7208538343457622,-0.005747329823056603,-2.4838388129365816,0.0740
1787414336.4094915,-1.6469906771345089,-0.01889228318034213,-2.1032392021846964,-1.6772725254239484,-0.012743586867780496,-2.3934161032756127,0.0309,0.290,-1.6684683030683143,-0.013301206401403408,-2.3753763068172375,0.0222
1787414336.528284,-1.6446024193841686,-0.01993541539911057,-1.9122705066075376,-1.6707809490773788,-0.02357411336484609,-1.9222877072936504,0.0264,0.010,-1.668081804892254,-0.026271353115231037,-1.878226988099368,0.0243
1787414336.6622841,-1.641461032203197,-0.02007293560633013,-1.8021340043865832,-1.6654269034258455,-0.03052839255969034,-1.8434990984724215,0.0261,0.041,-1.6948154334657795,-0.031745065191553866,-1.845501486540696,0.0546
1787414336.7280877,-1.639814089843887,-0.019769291424050848,-1.7998677265800267,-1.7001999970001753,-0.04161450968058162,-1.3723337341685362,0.0642,0.428,-1.7287524937363634,-0.04984768965989971,-1.1773669606987707,0.0939
1787414336.8604958,-1.6372516104722172,-0.019042498193302795,-2.0101929654469965,-1.7147417390283448,-0.04401156150104017,-1.3608856269093677,0.0814,0.649,-1.7333299043604546,-0.04450171039770009,-1.3603486777812104,0.0994
1787414336.9252105,-1.6362214383458158,-0.01902159626157289,-2.1345466154547514,-1.7219282108156178,-0.04764951455802349,-1.3296933445930506,0.0904,0.805,-1.7333299043604546,-0.04450171039770009,-1.3603486777812104,0.1004
1787414337.0543184,-1.6340601657379752,-0.019697043641816115,-2.3194806447389538,-1.727070169662643,-0.05024735371824064,-1.3078424234828525,0.0979,1.012,-1.948104038587399,-0.05729116934691646,-1.3078424234828527,0.3163
1787414337.123292,-1.6330411190104384,-0.020267915422629214,-2.2672347597991465,-1.889580870300027,-0.05613762021949085,-1.271295752742058,0.2590,0.996,-1.974261354202255,-0.053773770937398095,-1.3078424234828527,0.3429
1787414337.2637768,-1.6316670444848287,-0.019746412666513925,-2.2472634731223793,-1.919911848535181,-0.06005409835555778,-1.2428576574090993,0.2910,1.004,-1.974261354202255,-0.053773770937398095,-1.3078424234828527,0.3443
1787414337.3224611,-1.630921836608437,-0.018973009493630177,-2.1742712352999782,-1.944300706220237,-0.06321441884065274,-1.2203560547853427,0.3165,0.954,-1.984346586880967,-0.062212300437145415,-1.2428576574090993,0.3561
1787414337.4293785,-1.6294799087726917,-0.01694228428705767,-2.2855776494796456,-1.9652075112462168,-0.06335790488590463,-1.225447052087345,0.3389,1.060,-1.984346586880967,-0.062212300437145415,-1.2428576574090993,0.3577
1787414337.5608382,-1.6294083249723292,-0.015907768373192653,-2.363561188533344,-1.9760632703228378,-0.06589454887255294,-1.184569747949598,0.3502,1.179,-1.9447848054417076,-0.06000120299589728,-1.2254470520873448,0.3184
1787414337.6213365,-1.6293065638280775,-0.015801444930904116,-2.4216384371593045,-2.0068669525776066,-0.06976942951090373,-1.1557236575809404,0.3814,1.266,-1.9447848054417076,-0.06000120299589728,-1.2254470520873448,0.3186
1787414337.7463646,-1.629086823695935,-0.016151708123161326,-2.361701682403415,-2.031089364734666,-0.07282782800857208,-1.1333852625723013,0.4060,1.228,-1.7062896273187886,-0.019023103885287444,-2.677312617504519,0.0773
1787414337.8129473,-1.629093832521625,-0.01634816095267243,-2.144705771996938,-1.7068755086519012,-0.029103565776254624,-2.18970813817488,0.0788,0.045,-1.6783750385436411,-0.03022492648345662,-2.190015277589605,0.0512
1787414337.943592,-1.6282424617374913,-0.015977299027837653,-2.12570458253748,-1.6977973842774021,-0.0318744634816865,-1.9952408298063704,0.0713,0.130,-1.691465222454436,-0.03900989397701663,-1.8028265667568988,0.0673
1787414338.004213,-1.6277211069781148,-0.015417509203469928,-2.1487090834108806,-1.6821428015190059,-0.03719604158660196,-1.821352309882146,0.0586,0.327,-1.6826547119335171,-0.03711484287151843,-1.822630308636252,0.0591
1787414338.1299145,-1.6264729876284092,-0.014538146441723819,-2.4404484712186183,-1.669029294769809,-0.03796324435976366,-1.8143943927455632,0.0486,0.626,-1.659305668308184,-0.04108368289294304,-1.802248799520496,0.0422
1787414338.2583296,-1.624861414637587,-0.014962467940414349,-2.8671765788684698,-1.6610916028147353,-0.0408356398653533,-1.804626726279877,0.0445,1.063,-1.659305668308184,-0.04108368289294304,-1.802248799520496,0.0432
1787414338.3224268,-1.624048361738458,-0.015782851560978254,-3.0059058834943935,-1.6652803369435913,-0.03225329507178796,-2.747075842928304,0.0444,0.259,-1.6767568672275313,-0.03322267877728096,-2.7402205577646055,0.0555
1787414338.452819,-1.6226025269640785,-0.017756406925509796,-2.9626360607887063,-1.6638844028742905,-0.033214955585560896,-2.8110315483328776,0.0441,0.152,-1.626193414431428,-0.03536102841542507,-2.891117742646068,0.0180
1787414338.5192323,-1.6217948488671234,-0.018406340052549413,-2.940232758730828,-1.667846373727802,-0.04212917086162821,-2.3779274782764968,0.0518,0.562,-1.728282696468313,-0.05850578607491804,-1.9428529593476338,0.1138
1787414338.6430664,-1.6199644794412382,-0.018936748672242036,-2.9144489595721423,-1.686440980690522,-0.05425476044385822,-2.2487896694864893,0.0753,0.666,-1.710544961436098,-0.061019044214988,-2.0927102402104634,0.0999
1787414338.7076366,-1.6190380491927903,-0.018902813731929462,-3.014798776122572,-1.6602603618862064,-0.054800457327756846,-2.2158662489690664,0.0547,0.799,-1.6439055303865144,-0.05177008232453631,-2.3033362363033723,0.0412
1787414338.8464768,-1.6173255174649652,-0.01901471271684669,-3.259522394345135,-1.6326273793279225,-0.043891263508628445,-2.765407723492312,0.0292,0.494,-1.6278946621954027,-0.03760111065558806,-3.1151150082719745,0.0214
1787414338.9128869,-1.6163989615449086,-0.01944413836534801,-3.27128375071839,-1.627509056741424,-0.03947521473658559,-3.0804581476635526,0.0229,0.191,-1.632322809170454,-0.02848316295561583,-3.370988548587942,0.0183
1787414339.04135,-1.6145070018562098,-0.020948527853101265,-3.1352232786669574,-1.625744649424516,-0.030844151242756038,-3.316807824867842,0.0150,0.182,-1.6253804920494672,-0.028042563128539873,-3.384127170602595,0.0130
1787414339.11153,-1.6136759867283377,-0.021747559690267877,-2.885015433283009,-1.6225974558099845,-0.03251423560609448,-3.1221918839191685,0.0140,0.237,-1.626598133700515,-0.03397376409029476,-3.0967633707942674,0.0178
1787414339.24501,-1.6119087990074072,-0.02237684936681761,-2.8446649366531593,-1.6152431322804084,-0.031902610084684355,-3.1797809024167196,0.0101,0.335,-1.6447097221293765,-0.060765975988956764,-2.0864078150646916,0.0505
1787414339.362121,-1.6099783169115875,-0.02208704949427175,-2.9847575812077123,-1.618753273180625,-0.04368020473034307,-2.662563000899735,0.0233,0.322,-1.6228362240468315,-0.041977358717174,-2.736713609486936,0.0237
1787414339.4272478,-1.6091261693250218,-0.021923009643880276,-3.2368577387229105,-1.6290100012853306,-0.03473961422256362,-2.990010128019851,0.0237,0.247,-1.6456607707545268,-0.029605492370324945,-3.1228188303765614,0.0373
1787414339.548375,-1.6072827904712503,-0.02221107930322479,-3.263018630296867,-1.6372110403792637,-0.02935847540837222,-3.420768870130934,0.0308,0.158,-1.647644977779188,-0.026661908805499557,-3.497188119287075,0.0406
1787414339.6116216,-1.6062974950243287,-0.022700291887637836,-3.258229386959788,-1.6391831423317833,-0.01655683375921942,-3.94210120862044,0.0335,0.684,-1.6449182374467723,-0.011984698160324072,-4.053133871102718,0.0401
1787414339.7458186,-1.60449184895968,-0.024046910353240223,-2.9274754446837874,-1.6409022699696691,-0.011869220159488311,-4.032311663774033,0.0384,1.105,-1.6290502486541527,-0.007492145420027834,-4.131627557937518,0.0296
1787414339.8162866,-1.6036362160230777,-0.024469583472160963,-2.908951782578256,-1.6398386539765317,-0.020768899443752396,-3.355042228444137,0.0364,0.446,-1.6432229193986578,-0.02582779269037979,-3.256795832998534,0.0396
1787414339.9482956,-1.601685441020292,-0.024463079279863673,-2.8936971435357264,-1.6471112016896294,-0.03139646549916138,-3.0226484215141567,0.0460,0.129,-1.6421352092352837,-0.029533078844909567,-3.1663249230778003,0.0408
1787414340.0132434,-1.6007087970587084,-0.024156211262127997,-3.010276936069167,-1.6505942526213797,-0.025955622480362164,-3.350982225523449,0.0499,0.341,-1.6476557735724982,-0.025212544665487682,-3.3473924045752095,0.0470
1787414340.1428592,-1.5992880448818876,-0.02376894437904084,-3.3637890011128726,-1.6492310963097838,-0.025174673583606776,-3.351866698313166,0.0500,0.012,-1.6654557425646053,-0.01828864798537185,-3.9184816304694152,0.0664
1787414340.2621346,-1.5980971481900088,-0.024271843060233864,-3.5490769713260275,-1.6570878671123075,-0.02116453021320969,-3.832710867679026,0.0591,0.284,-1.6654557425646053,-0.01828864798537185,-3.9184816304694152,0.0676
1787414340.3234336,-1.597520873930442,-0.024783834616057508,-3.543180590628091,-1.6452059606069966,-0.014601683722760023,-4.279689587148643,0.0488,0.737,-1.6384584573083534,-0.014420958959925996,-4.268933854826978,0.0422
1787414340.4548757,-1.5964029976646494,-0.024130604509303627,-3.4520703292381594,-1.6410502694311682,-0.015748920925844095,-4.253410859933783,0.0454,0.801,-1.6292571665937747,-0.0247933348218608,-3.9479403013451164,0.0329
1787414340.5197644,-1.5957647083209976,-0.023449252358407925,-3.3651728974784527,-1.641203613804466,-0.03162545023684158,-3.6610967351882264,0.0462,0.296,-1.6438135318840017,-0.038096547338669594,-3.493870357796998,0.0502
1787414340.6502054,-1.5942988740019113,-0.021243497620567302,-3.219146888683288,-1.6403908847722075,-0.032835390111122506,-3.706732952699891,0.0475,0.488,-1.633522669325249,-0.04447142146236194,-2.9973130596029645,0.0456
1787414340.7182736,-1.593678352622423,-0.02003877680943066,-3.3435984352453865,-1.6368199640223664,-0.03280075162501409,-3.367716260152219,0.0450,0.024,-1.6422010567001055,-0.02831091141934538,-3.4675596818478596,0.0492
1787414340.851446,-1.5921319490831038,-0.01899154301453688,-3.396363212630976,-1.6312518138261525,-0.03290964504426622,-3.368124202309135,0.0415,0.028,-1.6391973556964372,-0.020157110556733433,-3.7764228829145545,0.0471
1787414340.9197514,-1.5912934908137701,-0.01884310691397758,-3.3985749623716575,-1.6284448126705822,-0.013365691846944514,-4.1370938586976065,0.0376,0.739,-1.6232337899544138,-0.0073780740269595285,-4.290977801665898,0.0339
1787414341.0523868,-1.5898068510519945,-0.0188455271178577,-3.052894690496644,-1.6264889661409052,-0.01102419453571151,-4.207389950593698,0.0375,1.154,-1.6030843826470944,-0.031122210185091925,-3.2692872461932265,0.0181
1787414341.1171043,-1.5889811083406264,-0.018663757076659265,-3.0484867319261952,-1.6213185889651078,-0.0481541419985808,-2.5289144819836245,0.0438,0.520,-1.6393831616847854,-0.05885833520231685,-2.29256852057028,0.0645
1787414341.246637,-1.5871221767653216,-0.017522653764716022,-3.0711426012274794,-1.6242537385059428,-0.05648270020405376,-2.3176871418226352,0.0538,0.753,-1.6141969058810985,-0.05080458464793786,-2.5376895127935084,0.0429
1787414341.3166456,-1.5861975865566447,-0.0166749668564383,-3.206427024660303,-1.617974533100448,-0.05281519234328954,-2.4996290037192703,0.0481,0.707,-1.6141969058810985,-0.05080458464793786,-2.5376895127935084,0.0441
1787414341.4542103,-1.5846415301149734,-0.01661242740559683,-3.2805400414689028,-1.6051405171573858,-0.047837371578025124,-2.776564761172923,0.0374,0.504,-1.6171924180703854,-0.049233703812951196,-2.562935757132906,0.0461
1787414341.513608,-1.583808508189898,-0.01698037278006291,-3.3347087980808077,-1.6097072514896131,-0.048450856930063575,-2.5848906138275525,0.0408,0.750,-1.6171924180703854,-0.049233703812951196,-2.562935757132906,0.0464
1787414341.6360981,-1.5821344445369518,-0.018310352909209945,-3.2599471847197816,-1.6050986523090447,-0.05144323821286791,-2.5243150892312602,0.0403,0.736,-1.6171924180703854,-0.049233703812951196,-2.562935757132906,0.0467
1787414341.7009704,-1.581412387207352,-0.018982772283235846,-3.040993323226841,-1.6333353237960866,-0.05383174475683038,-2.600301419638044,0.0625,0.441,-1.6437349575019344,-0.05546266024645276,-2.55599173759626,0.0722
1787414341.828253,-1.579667265593438,-0.01912416879769123,-3.01956328681536,-1.6346612742743085,-0.05639860681942448,-2.562004739874094,0.0664,0.458,-1.6437349575019344,-0.05546266024645276,-2.55599173759626,0.0737
1787414341.9599278,-1.5777584527632378,-0.01836416390793749,-3.1717543069340057,-1.6430559361613557,-0.051401899988931146,-2.5721696281047874,0.0732,0.600,-1.6458565173235713,-0.05093898469470949,-2.5783833954964224,0.0755
1787414342.0344608,-1.5773192437784873,-0.01836525317309887,-3.173272332166424,-1.6498377221356681,-0.06024141739355982,-2.2298352248510915,0.0837,0.943,-1.6535070137811199,-0.06279353503030574,-2.168073904881684,0.0882
1787414342.1040437,-1.5768353568466942,-0.018588961760224145,-3.1941585358553337,-1.646252640067372,-0.05605335747273919,-2.4322813305407363,0.0789,0.762,-1.6311115459710601,-0.02354524407125806,-3.493104999471629,0.0545
1787414342.2351449,-1.5758001569302484,-0.019997958898943353,-3.289672632825056,-1.6334235363128815,-0.031213668636700984,-3.3394669227257525,0.0587,0.050,-1.6153704917371594,-0.02517553186586549,-3.692086873748651,0.0399
1787414342.2982626,-1.5753412173173074,-0.020954099011179454,-3.1923768179056435,-1.6229626179648848,-0.025710912401762938,-3.6947974964014696,0.0479,0.502,-1.5819465246533864,-0.03847500425646423,-3.0566115709008073,0.0187
1787414342.435387,-1.5741791278181305,-0.022013039642000416,-3.1106700696779845,-1.5836731342488255,-0.03737914876622831,-3.078479996989752,0.0181,0.032,-1.577756651341722,-0.03748703706477926,-3.0817509809372248,0.0159
1787414342.560024,-1.5727560005966998,-0.022013369133117845,-3.07072391301497,-1.5797133642818018,-0.04152049448494764,-2.954739927140982,0.0207,0.116,-1.5803757857404936,-0.04268381607003627,-2.9343313426440334,0.0220
1787414342.6240351,-1.5720854530437591,-0.02180731311857322,-3.1888829704944865,-1.571553297546146,-0.0429057178551097,-2.846181065967874,0.0211,0.343,-1.5705260164520436,-0.04327512071805531,-2.837576592739774,0.0215
1787414342.7521906,-1.5711902396836102,-0.021786260468156758,-3.5453519450648407,-1.5652979498139066,-0.04303405335452727,-2.8381367463361475,0.0220,0.707,-1.5626936387097077,-0.032946807228382495,-3.5806478816003904,0.0140
1787414342.816841,-1.5708538336093518,-0.02210394417517307,-3.6582886190023975,-1.55576202690245,-0.04038157995501204,-3.49609877723449,0.0237,0.162,-1.5538690715700878,-0.04190524882028276,-3.4667983419363315,0.0261
1787414342.9434307,-1.5699392860014814,-0.023714853388177026,-3.424953998943452,-1.550170756414425,-0.04214081254631116,-3.4790071292935725,0.0270,0.054,-1.5596185406281498,-0.03890556841515935,-3.5645908267314,0.0184
1787414343.0104873,-1.5688800038171107,-0.024283765730152285,-3.39324024457367,-1.5503350225768224,-0.04068048583781797,-3.3651079401354864,0.0248,0.028,-1.550815207583196,-0.04113290609216309,-3.356578938558451,0.0247
1787414343.1392949,-1.5665608511451565,-0.024649509809299426,-3.2531184844747485,-1.5439600907713968,-0.040646023212713656,-3.387903300238073,0.0277,0.135,-1.5487761798350081,-0.04399288193587991,-3.2857784872228293,0.0263
1787414343.204706,-1.5653151796747153,-0.02446148990941381,-3.2361408234077014,-1.5500727676590624,-0.04359288264616816,-3.1640381981869465,0.0245,0.072,-1.5541575373396037,-0.04382292361118851,-3.1596842786554324,0.0223
1787414343.3330941,-1.5630227678658153,-0.023939765064127528,-3.560657099384733,-1.544762724277777,-0.04397344875629151,-3.169651160639436,0.0271,0.391,-1.574270691486577,-0.029178301098238775,-3.730080281532905,0.0124
1787414343.4034243,-1.5619584440010803,-0.02415136524516906,-3.5626216908039723,-1.5785008651897507,-0.042254084766278455,-3.519735421734355,0.0245,0.043,-1.5924783554134396,-0.044455917117860635,-3.503727612586808,0.0367
1787414343.537736,-1.5597391760850827,-0.025381768997531907,-3.5231816007325523,-1.5967099796436253,-0.027945049754909267,-4.096093022885104,0.0371,0.573,-1.6065544624624737,-0.028481999957117483,-4.106890485237055,0.0469
1787414343.6017826,-1.5590835015170992,-0.025774967002558977,-3.627036462084168,-1.6045774343194599,-0.02857214255369307,-4.0417920553860425,0.0456,0.415,-1.6104724684900487,-0.028717271698811827,-4.052239299535885,0.0515
1787414343.732458,-1.5577405989900508,-0.026035880470945367,-3.533532561794344,-1.6094796521764863,-0.026563016885252422,-4.117913719795163,0.0517,0.584,-1.6104724684900487,-0.028717271698811827,-4.052239299535885,0.0528
1787414343.8554962,-1.5562151562961524,-0.02507050275617862,-3.3714829916626803,-1.6131178211770794,-0.025073775567729512,-4.173117479762201,0.0569,0.802,-1.6104724684900487,-0.028717271698811827,-4.052239299535885,0.0544
1787414343.9174597,-1.5554948857220172,-0.02438020943507695,-3.4288231831580456,-1.5947047671316503,-0.045587523305788566,-3.2874439497881194,0.0446,0.141,-1.5892582036229637,-0.04921014471617597,-3.1785206387206792,0.0419
1787414344.0491555,-1.5553451215590535,-0.023965746514047467,-3.490499305056507,-1.5875421966726395,-0.04211856361905121,-3.508483191733751,0.0370,0.018,-1.577142130904549,-0.03287662325967863,-3.7285070912237184,0.0235
1787414344.1129084,-1.5552193145673594,-0.024127573917447083,-3.5324789907383876,-1.581419191748691,-0.0344924695809822,-3.7052850927053633,0.0282,0.173,-1.577142130904549,-0.03287662325967863,-3.7285070912237184,0.0236
1787414344.24469,-1.554977327641875,-0.02507664768510775,-3.4088589155007396,-1.560031671809878,-0.03471200299214309,-3.734189999996743,0.0109,0.325,-1.5222165261932783,-0.04026471871409001,-3.60094773610092,0.0361
1787414344.3139875,-1.5549673027466162,-0.025492577975558865,-3.1557855923537588,-1.5373813475142972,-0.038847916993146256,-3.650472910068432,0.0221,0.495,-1.5371944858746895,-0.04333944172810639,-3.313158271934332,0.0252
1787414344.4535148,-1.553798495862824,-0.025226140229641675,-3.187368174257428,-1.5344779981931231,-0.04679484607481623,-2.989674809637878,0.0290,0.198,-1.507600533000668,-0.04982302819375666,-2.955770907591799,0.0523
1787414344.5192592,-1.5531265338851594,-0.024689633476848043,-3.30028319654878,-1.5194980010333687,-0.049015224295402574,-2.9919028880094745,0.0415,0.308,-1.5181134427309844,-0.05490589268135627,-2.807091812022336,0.0462
1787414344.646884,-1.5514399060400965,-0.023770819754280616,-3.64570329776356,-1.5163732056403536,-0.0540199852336593,-2.8220240952851343,0.0463,0.824,-1.4997110155772952,-0.05365848897366371,-3.060916643063281,0.0597
1787414344.713958,-1.5503013112614523,-0.023725313312061423,-3.762612379334312,-1.50495317246179,-0.043157094931142004,-3.513081355318114,0.0493,0.250,-1.5090980433708998,-0.03994449906803029,-3.571096885763432,0.0443
1787414344.840959,-1.5477834087830138,-0.024595478017214283,-3.7785482593613082,-1.5151431191874452,-0.0386135805975044,-3.800823379844679,0.0355,0.022,-1.5177024579163632,-0.041187898706451086,-3.8343487052809246,0.0344
1787414344.9038846,-1.5466011585307593,-0.025204141446881143,-3.6401159592034045,-1.5140085297959596,-0.04498413740549318,-3.634627158230538,0.0381,0.005,-1.4894746836232733,-0.04417548891636417,-3.6216190434069464,0.0602
1787414345.0331526,-1.5444649779986177,-0.025550483019581866,-3.5847048171867213,-1.502786020968585,-0.044685452183243955,-3.6188674683502153,0.0459,0.034,-1.517226278609742,-0.05263610195735214,-3.356147938733991,0.0384
1787414345.1614769,-1.5420709450858305,-0.024899776889556968,-3.585480136434205,-1.512409240899032,-0.05368543194031093,-3.175818564398419,0.0413,0.410,-1.520758177465379,-0.06352597769658902,-2.9206352106317044,0.0441
1787414345.2259493,-1.5409406209941787,-0.024358981304382563,-3.7623401284282543,-1.5193199757643283,-0.04941467571510108,-3.4236706177586766,0.0331,0.339,-1.5226450629955022,-0.046047799553454914,-3.4860618404603363,0.0284
1787414345.3637512,-1.5391424990937677,-0.024055819314066675,-4.0402544323569005,-1.5292420256367014,-0.04706008561139145,-3.6934905322618645,0.0250,0.347,-1.5395116215425249,-0.052850444747326066,-3.672113713371397,0.0288
1787414345.4298894,-1.538420855738514,-0.02452579440385812,-4.080420975913674,-1.5330672968849295,-0.05012869122125782,-3.7377335990952223,0.0262,0.343,-1.5423807630677016,-0.05589554992186518,-3.5583184976885693,0.0316
1787414345.556798,-1.5370895679446663,-0.025943465570707817,-3.8820968324550216,-1.5388176511558656,-0.05483327174185644,-3.5762675218904025,0.0289,0.306,-1.5187912432780315,-0.05464744482098336,-3.7814356075462316,0.0340
1787414345.6158419,-1.5363976638099204,-0.02642383599831797,-3.860697218193647,-1.5250067490914192,-0.055259863773042504,-3.7714986266358492,0.0310,0.089,-1.5187912432780315,-0.05464744482098336,-3.7814356075462316,0.0333
1787414345.7468622,-1.5347916748618033,-0.02668401229980228,-3.7977007202657482,-1.524044848021032,-0.06376552404641325,-3.2713260710722696,0.0386,0.526,-1.5298762232188616,-0.06644156684406868,-3.2399817929104966,0.0401
1787414345.8109097,-1.533922037336036,-0.02644468778140834,-3.8432004746461526,-1.526026033653723,-0.06713928295814446,-3.2338203497411646,0.0415,0.609,-1.5112260274634628,-0.06550496035534296,-3.182730253062475,0.0452
1787414345.9410954,-1.5323940066786077,-0.025969910530805218,-4.2975886206646035,-1.5186571854154283,-0.06648664831479961,-3.1643780639288592,0.0428,1.133,-1.4981013443941988,-0.053358390559590956,-3.8536305548292558,0.0439
1787414346.0051596,-1.5315269503293576,-0.026178240079108562,-4.2989496522134685,-1.512566770961514,-0.059888519969158414,-4.056732371232007,0.0387,0.242,-1.5166197371896024,-0.060205336918053735,-4.057268367903423,0.0371
1787414346.1340432,-1.5297648596050968,-0.027432555533164843,-4.309339521361701,-1.5125436448686134,-0.04914390709213046,-4.275615473522179,0.0277,0.034,-1.5111930091497667,-0.04577672947339437,-4.3472379576787885,0.0261
1787414346.1984143,-1.5289635677900992,-0.028265821579608084,-4.16021673138963,-1.502710914896492,-0.050733003856912845,-4.204048699472975,0.0346,0.044,-1.500066142264667,-0.057615721195222194,-4.132073922284416,0.0412
1787414346.3324184,-1.5273500857115057,-0.029162041976543655,-4.092235325782466,-1.5078630725075586,-0.06964660759643576,-3.689360352532288,0.0449,0.403,-1.5204209140772373,-0.07672635645136043,-3.526506847034568,0.0481
1787414346.4529965,-1.525462394272869,-0.02901136673632642,-4.091105237554146,-1.51250398549563,-0.07148149203301668,-3.6324498563043166,0.0444,0.459,-1.5180287829562453,-0.07266768758624405,-3.5966732240646393,0.0443
1787414346.517205,-1.5245725794377076,-0.028753861809989092,-4.237805847503645,-1.5149617049401098,-0.06166411180908229,-3.6922986509604656,0.0343,0.546,-1.5160239789879184,-0.0596806153852242,-3.730225924468302,0.0321
1787414346.6458418,-1.522860254870456,-0.028833779029916764,-4.50065419561542,-1.5153642500089537,-0.05875506073834424,-3.8831851055675832,0.0308,0.617,-1.5101759939143757,-0.06865196370205214,-3.819368849390743,0.0418
1787414346.7091932,-1.521944182726439,-0.02929906226133404,-4.513466134961199,-1.5072353644480405,-0.06390374484037892,-3.9740347591496805,0.0376,0.539,-1.5030608841446287,-0.06335600725222486,-3.976447132482324,0.0389
1787414346.84315,-1.5201706952561767,-0.03080021436129029,-4.299918706954677,-1.5058970665503066,-0.06468480082743061,-4.001437671666803,0.0368,0.298,-1.5023431147923052,-0.06835825912937132,-3.9177521707602514,0.0416
1787414346.9095886,-1.5198776080805452,-0.03123524334201017,-4.281313455361625,-1.5045764763814828,-0.06253391011402024,-3.8629925793707196,0.0348,0.418,-1.5062457449129156,-0.060773810438746544,-3.9039979273365235,0.0325
1787414347.0466611,-1.51905589462639,-0.03135057172600389,-4.210235620237475,-1.5017991357057607,-0.06403788041858036,-3.9047336483009842,0.0370,0.306,-1.5004680680405407,-0.06436224295635253,-3.8951750515495265,0.0379
1787414347.112713,-1.5185753665414645,-0.031038176204707453,-4.252301703549387,-1.5017615816570504,-0.06883504550863254,-3.6573122522820642,0.0414,0.595,-1.5033816627608978,-0.06981504835109871,-3.6338610549624097,0.0416
1787414347.2274716,-1.5183186134788502,-0.030463878540743075,-4.442806080842681,-1.5004122313734283,-0.06995093710333572,-3.656288163525146,0.0434,0.787,-1.4789983914599105,-0.056472736225192506,-4.2583637016439635,0.0471
1787414347.3541224,-1.5185059557751412,-0.030827390729448387,-4.510523421445262,-1.4847637264717322,-0.058217706989214066,-4.2333606986227235,0.0435,0.277,-1.452740286005555,-0.046390807078878465,-4.475554172971985,0.0676
1787414347.4185047,-1.5185693153784963,-0.03137133837203711,-4.491510272937321,-1.4634875529985343,-0.0481179884828237,-4.455504220153858,0.0576,0.036,-1.4782561603395568,-0.04939619069622939,-4.41954874994129,0.0442
1787414347.554171,-1.5180248916243673,-0.032400163686750465,-4.324350357621218,-1.4654619653580352,-0.05026170691837353,-4.446253912624285,0.0555,0.122,-1.4632468947716017,-0.050721414879071204,-4.437406079599754,0.0578
1787414347.6211967,-1.5172706854697344,-0.03252852590217877,-4.265160334410806,-1.459944953660219,-0.04873725162650116,-4.500914804160506,0.0596,0.236,-1.4609947056359984,-0.060136881045233924,-3.973126035112464,0.0627
1787414347.7505925,-1.5155516100126862,-0.031966485850156885,-4.219383948065032,-1.4523899607650388,-0.0652285028455827,-3.9009995171331973,0.0714,0.318,-1.4723830061720957,-0.05709498045439994,-3.980147152955145,0.0499
1787414347.8114302,-1.5147376468744147,-0.031470775112889225,-4.350854153897678,-1.4540607736055908,-0.055139072894195534,-4.0566349817506175,0.0651,0.294,-1.4487564210776473,-0.05433606234381829,-4.062632660765693,0.0698
1787414347.9440248,-1.5130786317105047,-0.031092185314675027,-4.603983105329556,-1.4542023489969644,-0.05484208545753404,-4.138601918919154,0.0635,0.465,-1.4672754324415873,-0.05939055390649599,-4.307405197553122,0.0538
1787414348.007247,-1.5121283932452383,-0.03132574771300973,-4.597441431518837,-1.4480580303817094,-0.05798052239352283,-4.532905133991333,0.0694,0.065,-1.4398072327886637,-0.05708421976792975,-4.552954652506274,0.0768
1787414348.135789,-1.5102710691548622,-0.0323571972406482,-4.362410917451318,-1.4366944239511417,-0.046510589652979314,-4.842473710955685,0.0749,0.480,-1.4526118152075254,-0.04987811429219152,-4.492961836126055,0.0603
1787414348.2047637,-1.5087721792787299,-0.03273892254677862,-4.314178227267573,-1.451620487088949,-0.061140931479456095,-3.937131888861946,0.0638,0.377,-1.4570884421195553,-0.06428828520804382,-3.8880969691034584,0.0606
1787414348.3333924,-1.5055393407177768,-0.032724309774873145,-4.1645408248611,-1.4487945542849865,-0.06190984296697214,-3.932742863919832,0.0638,0.232,-1.449568844548521,-0.06227553874638601,-3.9830652571971408,0.0633
1787414348.456734,-1.5022048205116718,-0.03188366819672676,-4.250819038528729,-1.4491646490881371,-0.06225338087103789,-3.9831089805747344,0.0611,0.268,-1.449568844548521,-0.06227553874638601,-3.9830652571971408,0.0608
1787414348.5204787,-1.5012309390535514,-0.03174847440273623,-4.263752871661859,-1.4862148630854854,-0.06043650866078918,-3.9171645466025895,0.0324,0.347,-1.5013435540388957,-0.06051176204277533,-3.9234678196853627,0.0288
1787414348.6501966,-1.4991759876289301,-0.0322472977728697,-4.341950162817114,-1.4876697769068923,-0.06419193780401695,-3.846086938140998,0.0340,0.496,-1.4855439422371468,-0.06573523292568548,-3.7957103588295453,0.0362
1787414348.7138205,-1.4981162576315494,-0.032859155111206344,-4.327290062669234,-1.4913709817215273,-0.065135392100767,-3.929258818736352,0.0330,0.398,-1.4958470042136525,-0.055639782821671147,-4.268100080107634,0.0229
1787414348.8430612,-1.4962152595607097,-0.034197433121372564,-3.9379467546592903,-1.4938917888908843,-0.05927624035488853,-4.156867149276561,0.0252,0.219,-1.4958470042136525,-0.055639782821671147,-4.268100080107634,0.0214
1787414348.9090238,-1.4956074433861788,-0.03437050913953692,-3.9320555996717066,-1.4331692737854742,-0.06562896880829912,-3.960865465215757,0.0698,0.029,-1.3728258893793255,-0.06362904716364987,-4.156867149276561,0.1262
1787414349.0264149,-1.4941917425957794,-0.03380903284478102,-3.942623701227028,-1.3913143342714545,-0.06614857953320882,-3.9142968737203048,0.1078,0.028,-1.3625791708273545,-0.0667279446022548,-3.960865465215757,0.1357
1787414349.1507769,-1.4934771147290804,-0.03289847269336374,-4.100166687391793,-1.3709994913814505,-0.06636337735089759,-3.9006467599520374,0.1270,0.200,-1.3480665936217464,-0.07015293810857152,-3.9142968737203048,0.1501
1787414349.215044,-1.4934142393096785,-0.03278288251739375,-4.164911270403745,-1.3451845764441246,-0.06796099719225315,-3.8921113960069578,0.1523,0.273,-1.342777472514269,-0.07788396504683091,-3.4288217030730124,0.1572
1787414349.3388612,-1.4931816310366492,-0.03330835406351373,-4.271549208662502,-1.3392085981248454,-0.07569420480930392,-3.485008493874539,0.1597,0.787,-1.3620113840479582,-0.0939062149618233,-3.0094047370233286,0.1445
1787414349.4021914,-1.4930965802309475,-0.03385062094528787,-4.2111833959328315,-1.3330128121272016,-0.07158771947495673,-4.1758346825314225,0.1645,0.035,-1.3295090192790895,-0.06602081911308733,-4.062442311468878,0.1667
1787414349.5339413,-1.4926830145398033,-0.03461047506748231,-3.999212201415143,-1.3243001539507293,-0.07255391664431152,-3.9081354285959673,0.1726,0.091,-1.3296274951112026,-0.07520336692894565,-3.86026475044859,0.1680
1787414349.5998044,-1.4921763018234528,-0.034569166980729045,-3.9760355511968006,-1.3795636156592013,-0.083468526864934,-3.516286599970223,0.1228,0.460,-1.349411891673124,-0.06671700294341391,-4.00132070290677,0.1463
1787414349.72976,-1.4910245050490312,-0.033787534124710854,-4.102695251205037,-1.3418524705025894,-0.07302780840704393,-3.6973495628044692,0.1542,0.405,-1.316840544774472,-0.07185918325102206,-3.6995506012356985,0.1783
1787414349.864167,-1.4900812107114858,-0.03312468230470377,-4.641281496662655,-1.3092135571354278,-0.07228021039037169,-3.9558555587733624,0.1851,0.685,-1.40060368796335,-0.0817114626871981,-3.9045527462477443,0.1018
1787414349.927998,-1.4893076300387869,-0.03352301630785454,-4.6340825535023455,-1.3667836265977524,-0.0791466990532834,-3.9004051865038694,0.1307,0.734,-1.3891578664536797,-0.09702041742674297,-3.8785105823093944,0.1186
1787414350.0579221,-1.4876425002870504,-0.035204877106099666,-4.398560541432209,-1.3917912187665071,-0.0938303197803267,-4.005665891431757,0.1124,0.393,-1.356372903269052,-0.09243012251071195,-3.7912917118812715,0.1432
1787414350.1252196,-1.4869305704902027,-0.03608866581781236,-4.081427482183268,-1.3740145533804018,-0.0929728707136863,-3.8242356056364066,0.1264,0.257,-1.3868119222962105,-0.09135623696218888,-3.812073578540684,0.1144
1787414350.252435,-1.485286007321702,-0.036915514414204126,-4.043336176355556,-1.3820608364127658,-0.09172700454185562,-3.8092145584894115,0.1169,0.234,-1.3814888080998091,-0.08249640911479236,-3.731252644322936,0.1134
1787414350.3166957,-1.4842761126282535,-0.036841964662345295,-4.090048784579441,-1.3616671243081686,-0.07871066529148144,-3.9305473188441793,0.1296,0.160,-1.3423227661205386,-0.07438306286198906,-4.02293291296655,0.1468
1787414350.4383247,-1.4824071181367593,-0.03640176452966492,-4.517451881513486,-1.358667087765603,-0.07864781617527439,-3.9377736223579456,0.1308,0.580,-1.3629573189834419,-0.08907086674277319,-3.559150048742611,0.1305
1787414350.5051606,-1.4815057148806643,-0.03642241641842852,-4.528135440716552,-1.3561557641515087,-0.06835641294833747,-4.149046474866447,0.1294,0.379,-1.3541264614807105,-0.06446603673361657,-4.21364437228483,0.1304
1787414350.6353934,-1.4795448763764005,-0.037389422588662166,-4.487740743794044,-1.353000229496873,-0.06645960229035874,-4.174129358652918,0.1298,0.314,-1.4277925810277285,-0.06149338577399367,-4.456074075486584,0.0571
1787414350.696793,-1.4785680937891057,-0.03823957985362879,-4.333066129521355,-1.4078189501071996,-0.062393795776723444,-4.40650909242732,0.0748,0.073,-1.4277925810277285,-0.06149338577399367,-4.456074075486584,0.0558
1787414350.8312986,-1.4768117625556847,-0.03955122022020137,-4.0230172020121975,-1.420883049315827,-0.06707194228283965,-4.052901558031981,0.0623,0.030,-1.423033419590643,-0.06818086532583278,-4.035604494705595,0.0609
1787414350.900339,-1.4758566780407685,-0.03975367433194963,-3.996519391001547,-1.4290664350484468,-0.06969140170403178,-3.7923353457554683,0.0555,0.204,-1.407213215876785,-0.06119562142771671,-4.033949087282228,0.0719
1787414351.037446,-1.473824471044797,-0.03944451096170674,-4.126027739181624,-1.4194566344371318,-0.06438017286248682,-3.958155902599298,0.0598,0.168,-1.4103366162465014,-0.0662402393675351,-3.908111872950033,0.0689
1787414351.0993655,-1.4729203676590898,-0.03926792207596466,-4.384850215826643,-1.4153065174974506,-0.0660482826722636,-3.9083571580118934,0.0635,0.476,-1.4103366162465014,-0.0662402393675351,-3.908111872950033,0.0681
1787414351.2339642,-1.4710302153455843,-0.03961837151439919,-4.399098026460234,-1.422638931102754,-0.06600131531969675,-4.2186756761110376,0.0551,0.180,-1.4274338987044755,-0.06548777257056466,-4.259806402650934,0.0507
1787414351.363683,-1.469111743838194,-0.040868604561607236,-4.220515153175689,-1.4119417515386279,-0.06388257453350013,-4.411701277507431,0.0616,0.191,-1.3856801712481603,-0.08065223211660166,-4.042340836536709,0.0924
1787414351.430956,-1.4682781478686897,-0.04086373680472297,-4.208308979340608,-1.3976206690813242,-0.0769536813230451,-4.145933455513287,0.0793,0.062,-1.4266470687913104,-0.06717016791958921,-4.175171203155172,0.0492
1787414351.5640972,-1.4663141127069101,-0.04008529944655844,-4.09285510055447,-1.371150853074061,-0.07913224225721943,-4.289834116493839,0.1029,0.197,-1.275019891268018,-0.08843128483336996,-3.7189603588671294,0.1973
1787414351.6294997,-1.4652484097657161,-0.03928403957072156,-4.057498285747432,-1.3259460073558769,-0.0892002728062706,-3.7277221754324477,0.1480,0.330,-1.3180937309630776,-0.08511523477967316,-3.893878822290299,0.1541
1787414351.7548118,-1.4633953711073586,-0.03773818394246367,-4.16802405119398,-1.3184867576007417,-0.08656561740565949,-3.86878195077044,0.1529,0.299,-1.3051233801085804,-0.07254531287455089,-4.2650193386917215,0.1621
1787414351.8219726,-1.462520078372074,-0.03733939293283312,-4.222376494566072,-1.2947309709876287,-0.07315533464520009,-4.335989807544896,0.1716,0.114,-1.2916565341631778,-0.07194613388887774,-4.36193257107733,0.1743
1787414351.9495714,-1.4606733482027272,-0.03733220620938454,-4.2866320187115345,-1.3020462412046765,-0.08491743979843547,-3.634073532517193,0.1656,0.653,-1.2961806027607314,-0.09572027080466777,-3.374286182090937,0.1745
1787414352.0110064,-1.4598041412341862,-0.03758432220408579,-4.184599981743782,-1.3284581051173479,-0.09058844021720398,-3.7431091220656927,0.1416,0.441,-1.3495106857469445,-0.09112682302658817,-3.7453747091977974,0.1226
1787414352.1458185,-1.4581589766627217,-0.03766970816630091,-3.68583150902267,-1.3053293630166367,-0.09542906776609528,-3.1907241603443746,0.1634,0.495,-1.286343249606155,-0.09740689428377906,-3.0832043921995815,0.1819
1787414352.2101133,-1.4571541210163717,-0.03700249693645231,-3.703857391686293,-1.3046236033539926,-0.06523087041342775,-4.385494184322024,0.1551,0.682,-1.3126692923553376,-0.07714700978697092,-3.6451420579860527,0.1500
1787414352.337205,-1.4551087495398474,-0.035101195843124544,-3.963520344461819,-1.3103942449154058,-0.0764012474836619,-3.737742899869297,0.1505,0.226,-1.3188277397793058,-0.0797720459435322,-3.6538395995035255,0.1434
1787414352.4013686,-1.454548023263897,-0.0344318513351811,-3.9894322414832057,-1.2972511678933674,-0.06568010794112392,-4.5636243841015185,0.1604,0.574,-1.2668716625590006,-0.04690476695292092,-5.08132236430089,0.1881
1787414352.5319905,-1.45332639265479,-0.03380033083876771,-4.093448135101872,-1.2847389266572182,-0.09244138226217838,-2.8735341213963568,0.1785,1.220,-1.2600993243002285,-0.11649542201212668,-2.0382287504335195,0.2102
1787414352.6557386,-1.4520815926307609,-0.03405254624844087,-3.9973172977571414,-1.317949175435783,-0.08967830629702415,-3.4648190937711085,0.1452,0.532,-1.297826443833649,-0.06862219487165934,-4.285093688345342,0.1581
1787414352.7213414,-1.4515677878619309,-0.0341763232677675,-3.777275489565858,-1.304826045471089,-0.08113367486738847,-3.7226448900207423,0.1541,0.055,-1.301618711444906,-0.08264396019561109,-3.692888385181716,0.1576
1787414352.8502526,-1.449963849257018,-0.033615108118316146,-3.7649010975180737,-1.299794897151084,-0.08226185276250986,-3.609682250012508,0.1579,0.155,-1.31970400396582,-0.09169768045539889,-3.32418984765343,0.1426
1787414352.9108262,-1.4490612273650343,-0.032956574411044194,-3.7997781007516767,-1.3090486795413643,-0.08834389235161272,-3.405130122774827,0.1506,0.395,-1.31970400396582,-0.09169768045539889,-3.32418984765343,0.1421
1787414353.0433013,-1.4474904524216314,-0.03202028781688965,-3.950643772799653,-1.2974173695151305,-0.08717937548164978,-3.606552073735928,0.1599,0.344,-1.2841055500160463,-0.08182734819862507,-3.844719066031848,0.1708
1787414353.1151102,-1.4467688624326978,-0.03210123501898264,-4.018188409113667,-1.2951835553536835,-0.07462217979555366,-3.822713854025069,0.1574,0.195,-1.3013174086379047,-0.07243863028944772,-3.8489151993202726,0.1509
1787414353.2444484,-1.445255112301332,-0.03338744485376898,-4.247894295115606,-1.2779999849560844,-0.06374655018936702,-4.605531712089305,0.1700,0.358,-1.2514334011825239,-0.08736607560256338,-3.584630662469684,0.2012
1787414353.3015163,-1.4445935280067843,-0.03437023299528701,-4.242394932301882,-1.265551126964384,-0.07656926874692747,-3.9494747543878925,0.1839,0.293,-1.2514334011825239,-0.08736607560256338,-3.584630662469684,0.2003
1787414353.4372668,-1.4432120058021891,-0.035827565235827794,-4.102741224559696,-1.280101634437767,-0.07659571874174868,-4.3794504791415765,0.1681,0.277,-1.255656780760881,-0.06603375488273172,-4.993748231419071,0.1900
1787414353.5052557,-1.4423296670701204,-0.036074026713137836,-4.082013065174678,-1.2565070168792007,-0.07494921451820125,-4.843986159343844,0.1898,0.762,-1.2467657485971824,-0.07564375423128601,-4.3794504791415765,0.1995
1787414353.6348855,-1.4405028502141188,-0.03595989774562751,-4.254773209133059,-1.25290106729511,-0.06385955112586818,-5.165852528272571,0.1897,0.911,-1.2480703443263625,-0.05757216209065213,-5.340541384245045,0.1936
1787414353.700462,-1.4400799011144059,-0.03630795233470713,-4.27224786618017,-1.2412090696221476,-0.06036615405768146,-5.329428285271202,0.2003,1.057,-1.224683481473867,-0.04139541051589173,-5.980446281513278,0.2155
1787414353.8328614,-1.4391814771357314,-0.037786319157663534,-4.3844331296548456,-1.2318481664250875,-0.04786955871497432,-5.773179503246238,0.2076,1.389,-1.2215786415996923,-0.08364125356523922,-3.9246289727374206,0.2224
1787414353.9607294,-1.4384170319864706,-0.04035064561745865,-4.437082078010159,-1.241860689276197,-0.07635647636198106,-4.520666554357054,0.1998,0.084,-1.2543057803084579,-0.07777679601924734,-4.49569734321235,0.1879
1787414354.026427,-1.438001694008191,-0.04132668655697096,-4.404288906942204,-1.2467270937744412,-0.10220190476899352,-3.5294000749187324,0.2007,0.875,-1.251277723805282,-0.10847377878206213,-3.4240221990028066,0.1984
1787414354.1572924,-1.436955472807107,-0.04255811459181354,-4.286815994642359,-1.2861270048122728,-0.10987479363995742,-3.5854766241778564,0.1652,0.701,-1.3062247515667917,-0.11275080522085,-3.544083093457131,0.1484
1787414354.2220616,-1.4363404009979341,-0.04280546502630536,-4.281262607044127,-1.2961170967952482,-0.11085968224562244,-3.6015238946194974,0.1559,0.680,-1.2989775789681055,-0.11025549473945728,-3.612698929488158,0.1530
1787414354.3464794,-1.4353054998143544,-0.0431520127422491,-4.629908628561712,-1.2996394292520759,-0.11509774395624424,-3.5635716994754283,0.1536,1.066,-1.2960381089083137,-0.10223161747847882,-3.853442454601898,0.1513
1787414354.4180372,-1.434798532929392,-0.043597948983884395,-4.892470279131567,-1.2974393167667249,-0.1043584150265401,-3.8212398204486897,0.1502,1.071,-1.340493678802549,-0.05699464845590964,-5.256546560122623,0.0953
1787414354.555444,-1.4333954525614132,-0.04573441527041353,-4.790986462618267,-1.3002089030662942,-0.09951049099374407,-4.163972419225251,0.1436,0.627,-1.2765509500655663,-0.11624792433167229,-3.835263700909183,0.1720
1787414354.619706,-1.4327672061492474,-0.047040624396992664,-4.585334439835718,-1.3023501078198216,-0.11348468616119653,-4.022138422570694,0.1464,0.563,-1.311057812439348,-0.11310952074018327,-4.044098071899144,0.1385
1787414354.7523255,-1.4314690089861455,-0.048872454110286706,-4.4959725093864265,-1.3109609299043117,-0.11471300460179895,-3.8992632288217988,0.1373,0.597,-1.3127749285006942,-0.11583949249249931,-3.8521834532355728,0.1363
1787414354.8167336,-1.4307003634663773,-0.04939701236763607,-4.448064901986915,-1.305023609077774,-0.10974319723030634,-3.9198958738656207,0.1394,0.528,-1.297853651725724,-0.10692298108191751,-3.9550718180048157,0.1448
1787414354.9479175,-1.4291563594563503,-0.04991356622007163,-4.600071124314921,-1.3065084055706326,-0.11465380182476524,-3.725141705842735,0.1387,0.875,-1.3064337948167803,-0.11604990077362247,-3.701705707523485,0.1394
1787414355.0174572,-1.4284899265945186,-0.05028475680076173,-4.856508999863107,-1.291125947931251,-0.1148049093636561,-3.7486540376270994,0.1518,1.108,-1.2722120207607372,-0.11549840619257305,-3.685882190816007,0.1693
1787414355.1433592,-1.4267959454858985,-0.05188963259294716,-4.833609580102978,-1.2673982429704316,-0.12362063495419964,-3.6114806855581074,0.1748,1.222,-1.2376180951317566,-0.12659812370743886,-3.4292643797581395,0.2034
1787414355.2083757,-1.4263835068056143,-0.05277707435546264,-4.80414128408841,-1.2482250084832318,-0.12102743491040982,-3.638883570957237,0.1908,1.165,-1.240376288399373,-0.1199699197465356,-3.6251788922241817,0.1978
1787414355.337243,-1.4258427171283674,-0.05399458348214784,-4.214593645336438,-1.2416270013151998,-0.12397193981649099,-3.607916779759858,0.1971,0.607,-1.2522196290424186,-0.13577796870613848,-3.247084086573551,0.1919
1787414355.4078712,-1.4254810672943188,-0.054274102463744,-3.811448933485679,-1.2095357700550151,-0.10532394968983305,-4.00694940020762,0.2219,0.196,-1.1777765330483216,-0.09290578662923928,-4.249865425821642,0.2507
1787414355.5405717,-1.424753309224442,-0.05344250176148803,-3.0270831964014464,-1.1991676184892315,-0.10462758951510712,-4.012774219628326,0.2313,0.986,-1.2210994323672446,-0.11210804633034871,-2.2247181332515087,0.2119
1787414355.6068978,-1.4244800079180693,-0.05285469702899037,-2.8118481139556657,-1.2140977460761884,-0.10987668167921219,-2.2584498184139816,0.2180,0.553,-1.2210994323672446,-0.11210804633034871,-2.2247181332515087,0.2118
1787414355.7430165,-1.4237211286708416,-0.05220297943546708,-2.6945715228625677,-1.2230826917881115,-0.11010781172635055,-1.7589183279790928,0.2088,0.936,-1.2539331599235304,-0.09970620783361978,-1.872509724806779,0.1763
1787414355.8079185,-1.4231431449815681,-0.05221788981561994,-2.69640731279816,-1.2461421936208816,-0.10343116086918865,-1.7373801913880358,0.1843,0.959,-1.2546447763097641,-0.10376860633091378,-1.7638808665079653,0.1762
1787414355.939221,-1.422131535651292,-0.0522043502977775,-2.604273539686521,-1.2365651628790602,-0.10258088694319993,-1.7168662236513579,0.1923,0.887,-1.2432046511130748,-0.10771271813734908,-1.6409196742326453,0.1873
1787414356.0080075,-1.421646312867291,-0.051804004752206936,-2.487022000189913,-1.2468973265386794,-0.10015918387361437,-1.9123802622966088,0.1813,0.575,-1.2537798350938527,-0.09768650890304054,-1.97491566799034,0.1740
1787414356.1414957,-1.4204529244205877,-0.05003392357485193,-2.2082899562368135,-1.2765211297794834,-0.09317208052705984,-2.0680797472450236,0.1503,0.140,-1.2361802451105628,-0.074354016788834,-2.571508437819292,0.1859
1787414356.2629418,-1.4193958654497991,-0.047452731633255966,-2.2288486206260334,-1.2562682249627455,-0.08014080919523922,-2.4455439065118076,0.1664,0.217,-1.2319176650987083,-0.07007430236355446,-2.4430772396482134,0.1888
1787414356.3290694,-1.4187346957742,-0.04671379280093928,-2.2545962934450032,-1.2405446803574998,-0.08160944208593911,-1.5556031251002205,0.1816,0.699,-1.2382798629881602,-0.08579769610309952,-1.4735283635847127,0.1846
1787414356.4599686,-1.4172591700298744,-0.04602058101487866,-2.301491741060824,-1.270205140281766,-0.08249248523728568,-1.9527459728345764,0.1515,0.349,-1.2814107871518572,-0.081691877049842,-2.000049471423422,0.1405
1787414356.522775,-1.4165249613621615,-0.045988365878813074,-2.223085636947537,-1.2708259912571882,-0.07908878741840535,-2.111228208527436,0.1494,0.112,-1.2630129743134018,-0.07792738099426887,-2.132896728491947,0.1568
1787414356.6509123,-1.4152385322215777,-0.04574116522864008,-1.7208792509994189,-1.285379578868219,-0.08354567102006406,-1.8587928216706977,0.1352,0.138,-1.2055940529145985,-0.0733343318382901,-1.949862050822953,0.2115
1787414356.71716,-1.4143902987505552,-0.045255614466110275,-1.7280413962614367,-1.2695454231980818,-0.08354466344346217,-1.3952867651758614,0.1498,0.333,-1.2804898340796687,-0.08665039250940788,-1.3418803751675865,0.1402
1787414356.8453782,-1.4124069407712836,-0.04328246214012191,-1.872169190516153,-1.2762278280798138,-0.07704962022660168,-1.5367519764096098,0.1403,0.335,-1.2461225049978732,-0.0647939298904453,-1.936994699619134,0.1677
1787414356.9083085,-1.4116766103347769,-0.04281969467018896,-1.897182763502095,-1.2479041311550987,-0.07659919476165775,-1.453939524883773,0.1672,0.443,-1.2382812108988215,-0.07896421650226561,-1.4027411323431251,0.1771
1787414357.0333102,-1.4101178761774356,-0.04250640320445908,-2.08320281220638,-1.2316098171804208,-0.08130904538297545,-1.3265277116676604,0.1827,0.757,-1.221763277232009,-0.08257921103570151,-1.2792333427872193,0.1926
1787414357.1589277,-1.4084947316783796,-0.04329329890027617,-2.2806862370145784,-1.257868305074139,-0.08283807087655382,-1.6509534796033736,0.1557,0.630,-1.2736224690497229,-0.0838671645524575,-1.6528521571550487,0.1408
1787414357.224828,-1.4077778550847788,-0.04384848315965133,-2.2117499231337265,-1.2692840275482247,-0.08075264860839418,-1.8145482241057838,0.1433,0.397,-1.2249978856945474,-0.06941161481548305,-2.476833761638754,0.1846
1787414357.3606567,-1.4061600088685526,-0.04410231079864202,-2.1605427774672266,-1.249382179746525,-0.08366212919828704,-1.7046816939070921,0.1617,0.456,-1.2082905516620106,-0.07098157276140928,-2.4853090019987265,0.1997
1787414357.4262805,-1.4052362850557367,-0.043820116085667396,-2.1400867966192973,-1.229040715373605,-0.07096110828706298,-2.237765704958933,0.1783,0.098,-1.228435743416556,-0.06926142030458764,-2.265018843363571,0.1786
1787414357.4924426,-1.4043222723053206,-0.043325570276654284,-2.2160178492551332,-1.2188746169468403,-0.06990996415644894,-2.4128957697017386,0.1873,0.197,-1.2101452910050385,-0.06835041228695019,-2.4695514956693856,0.1958
1787414357.6493413,-1.4026746349385328,-0.04298214186218219,-2.4363374417751698,-1.2240551324153417,-0.07660738668874828,-2.2339508578036478,0.1818,0.202,-1.286324197508449,-0.10445917040037955,-1.6642072023056904,0.1316
1787414357.7238598,-1.4017957503439378,-0.043460429638763495,-2.4470454137410114,-1.2703108184071663,-0.09234022807889278,-1.9407121236886649,0.1403,0.506,-1.2737023182705807,-0.09026528475832284,-1.9763156235710035,0.1364
1787414357.855088,-1.4000296176536469,-0.04512993446504026,-2.244474624545982,-1.2413107490322286,-0.08969911347557964,-1.7660859673318472,0.1649,0.478,-1.2035963282197053,-0.08246548902310237,-2.4604942815232858,0.1999
1787414357.9192004,-1.399251440018721,-0.04590384743635773,-1.9620054832526883,-1.2065721858231448,-0.07762297729748563,-2.3021403410468055,0.1953,0.340,-1.1973251486245093,-0.07447236148923143,-2.365817398577334,0.2039
1787414358.0506432,-1.3973590997608174,-0.04608767501323846,-1.9508808439417644,-1.1886842205448511,-0.07697909349022747,-1.6590301178271396,0.2109,0.292,-1.1741907773013034,-0.07721162253766901,-1.629370049235694,0.2253
1787414358.1156864,-1.3963478047487665,-0.045812643289526965,-2.0114278598854645,-1.2432800232464558,-0.08579218061982752,-1.5775400692563712,0.1582,0.434,-1.2677585082168734,-0.08912766703482897,-1.5341562700020968,0.1357
1787414358.246838,-1.3945371994061615,-0.0451689571350527,-2.2149016958939334,-1.2282344146248498,-0.09741059957800258,-1.2162427179086206,0.1743,0.999,-1.2163032391403705,-0.10016132971673569,-1.1414777697467753,0.1865
1787414358.312476,-1.3936171336373746,-0.0451539644255184,-2.2555191633524,-1.2491502423628573,-0.09342519705574343,-1.8007283616365406,0.1523,0.455,-1.2574859494192419,-0.0923874688966916,-1.8301954147194235,0.1441
1787414358.4442751,-1.3916812811174424,-0.04586561853980325,-2.2617155694842257,-1.2298910109278232,-0.09407799698902772,-1.4264967874169197,0.1688,0.835,-1.2067190784188455,-0.09340324796341967,-1.4255775479978763,0.1910
1787414358.5087914,-1.3907814553017728,-0.04644606172592165,-2.109978172213465,-1.2108576665086643,-0.09392067185298598,-1.4165004055971222,0.1861,0.693,-1.206575496050699,-0.09387358211253141,-1.4022657793140427,0.1902
1787414358.6345065,-1.3890067510417103,-0.0469334922291386,-1.8391957083540473,-1.2155870788427388,-0.094890964676731,-1.2830827308561186,0.1799,0.556,-1.2209899726631073,-0.09529225560466,-1.2867071734547413,0.1748
1787414358.70158,-1.3880328059786504,-0.04666762239292909,-1.782643929002019,-1.2086505527278717,-0.07938670164363737,-2.0803806873010213,0.1823,0.298,-1.2009218162688189,-0.0726784973560493,-2.2589793507360287,0.1889
1787414358.8343284,-1.3860845508104258,-0.045538979738334706,-1.9191630933301327,-1.2408479040637306,-0.08183476079786382,-1.498226814013447,0.1497,0.421,-1.261763832482492,-0.0851553614097363,-1.4552418986347757,0.1305
1787414358.8989003,-1.385188402154116,-0.04515746458027352,-1.9403702364319195,-1.2224993127979238,-0.09066733226533887,-1.235443274653131,0.1689,0.705,-1.20014568547022,-0.09472996649771023,-1.0760471228518398,0.1916
1787414359.0507653,-1.3832421384090727,-0.045144370191663244,-2.004274116231972,-1.203619873774069,-0.09654925931604605,-1.0908554167501714,0.1868,0.913,-1.1995282228796214,-0.09778550713601027,-1.0556200167159655,0.1911
1787414359.1193085,-1.3822559759704873,-0.04554050073635816,-1.9322231128701468,-1.1773026197650707,-0.10835769169766457,-0.07760802812055854,0.2144,1.855,-1.1494658633481767,-0.11638746381143061,0.3443516289009415,0.2433
1787414359.2514682,-1.3808609800438707,-0.04608559434864592,-1.7143497278298931,-1.1833125400135498,-0.10695485215392375,-0.31936677362808785,0.2067,1.395,-1.1500483421621797,-0.10258844547578319,-0.31936677362808785,0.2376
1787414359.3178887,-1.3802855251361332,-0.04593414395958162,-1.698445247996533,-1.1707928651446948,-0.06835141464906896,-2.3206239491312592,0.2107,0.622,-1.1591285422065383,-0.04479247144038109,-3.0532695475092955,0.2212
1787414359.4497464,-1.3790340822067502,-0.04492663069721397,-1.8329800992564271,-1.1794753545095864,-0.06394801225762207,-2.0884248577824422,0.2005,0.255,-1.2045178103097303,-0.07539851157019797,-1.815337952341188,0.1772
1787414359.5152082,-1.3785219993301203,-0.044377551671527835,-2.091080560881814,-1.1878930624965873,-0.05944313562872321,-2.3718878339077096,0.1912,0.281,-1.1864746053693447,-0.05632786433825438,-2.4482871456113164,0.1924
1787414359.6414435,-1.3770288716788939,-0.04417229330212898,-2.1180518122852963,-1.1853388384834656,-0.05525027681199209,-2.418638919176319,0.1920,0.301,-1.1478339829985078,-0.0740153305177521,-1.816932737149552,0.2311
1787414359.7037282,-1.3762121964304856,-0.044418358691045885,-2.111946292694337,-1.163038700841569,-0.07078775419613037,-1.923687551383918,0.2148,0.188,-1.1478339829985078,-0.0740153305177521,-1.816932737149552,0.2303
1787414359.828795,-1.3747355364315381,-0.045285687661923285,-1.7789192041531112,-1.179331798561817,-0.06755050365904455,-2.360503979754791,0.1967,0.582,-1.1888628911815653,-0.06794664859797032,-2.3527903663066785,0.1872
1787414359.957704,-1.373108922888575,-0.04552964651415008,-1.7427560126430492,-1.1525233664848633,-0.0784681151426532,-1.4633926870814506,0.2230,0.279,-1.1395662495118852,-0.08038694756128478,-1.4067657993644984,0.2361
1787414360.0247552,-1.372187823860712,-0.04526031916937569,-1.7406415088924634,-1.1595707684077459,-0.06859272993668648,-2.170492345871051,0.2139,0.430,-1.1643072024353436,-0.06663612794371215,-2.2096757925269843,0.2090
1787414360.1582081,-1.3704869994842104,-0.04434952686536066,-2.072416225369532,-1.2088072460774266,-0.08296881833213729,-1.3326355981735403,0.1662,0.740,-1.1854696634419686,-0.08817657368593253,-1.0448279400259672,0.1901
1787414360.2240822,-1.3701261533662625,-0.044193200256307595,-2.084176042645333,-1.1974671798251788,-0.08697510774354557,-1.0947113585667125,0.1779,0.989,-1.2378181068686482,-0.08801422430495259,-1.5672355953129031,0.1394
1787414360.3527997,-1.3692637819294688,-0.04463819911620142,-2.09228781477626,-1.2302008156933657,-0.09229898871082505,-1.608617851749367,0.1470,0.484,-1.232329095273608,-0.0934306031940977,-1.5941736564170887,0.1454
1787414360.415331,-1.3688463987891202,-0.04517783721481053,-1.9810641370289617,-1.231166965388101,-0.09556575008411039,-1.4443452987927996,0.1466,0.537,-1.2288100626698084,-0.09574576415338207,-1.4362703739091147,0.1489
1787414360.5422843,-1.367926015895474,-0.04597879028446442,-1.7331075933368756,-1.222865582037555,-0.09736169911615992,-1.1101801601910604,0.1539,0.623,-1.2148625022546855,-0.09758498968131628,-1.0897081854639221,0.1615
1787414360.6106813,-1.3672738458418998,-0.0459937578666673,-1.7102659437401402,-1.2144039586023294,-0.09622353498411101,-0.9133394660171528,0.1609,0.797,-1.207592938107769,-0.09544958719735096,-0.9132100549747586,0.1672
1787414360.7453775,-1.365819207843846,-0.045246078869879504,-1.8306878247321243,-1.323967710165068,-0.10765765952644836,-0.884610077506663,0.0751,0.946,-1.3684626362220724,-0.07589725012851029,-1.4056020191776184,0.0308
1787414360.8099682,-1.365209285111952,-0.04481747151981785,-2.0907245232603455,-1.3981178685555629,-0.05289872792496752,-1.727123643818176,0.0339,0.364,-1.422242049693018,-0.048480918177609,-1.7623810143605387,0.0572
1787414360.941036,-1.3626625812008148,-0.04483185083527213,-2.133317450751882,-1.4229684170693044,-0.047754101857133434,-1.735844554363249,0.0604,0.397,-1.4177004000530515,-0.04259629786732216,-2.18093397332188,0.0551
1787414361.0088842,-1.3612342221841196,-0.0453361345864756,-2.0421344677549613,-1.3900141806729371,-0.06335389050903546,-1.4609327553889442,0.0340,0.581,-1.3626304983034483,-0.06875884569640826,-1.3885175997678385,0.0235
1787414361.1409671,-1.358555491329606,-0.046647930392308794,-1.5114718333561414,-1.4141685465938425,-0.04621268109503743,-2.110109464498582,0.0556,0.599,-1.4886230780549858,-0.050772381281709446,-1.8005229656281156,0.1301
1787414361.2060227,-1.3573904277661284,-0.04685959862371447,-1.4998679981179621,-1.4530586995648613,-0.05741517639662516,-1.1133743498102175,0.0962,0.386,-1.468581405920918,-0.06422745312377337,-1.1047276312252012,0.1125
1787414361.3424318,-1.3548920457248081,-0.04643747312871376,-1.4716952245971697,-1.4655157935940162,-0.061599527606818805,-1.1451012378271443,0.1117,0.327,-1.521905009295343,-0.0629900656590163,-1.2818419782814756,0.1678
1787414361.406131,-1.3536741912748742,-0.04590249977205354,-1.5778937353660043,-1.499775961075296,-0.061976435344149795,-1.2872242993605867,0.1470,0.291,-1.4800107850356412,-0.055237385868025374,-1.4457872662015294,0.1267
1787414361.536207,-1.352368738590279,-0.04544518390552518,-1.6542447122792165,-1.4995782162409657,-0.056143651428579196,-1.4665425544004012,0.1476,0.188,-1.4536263312980977,-0.0469714010677204,-1.7215657795882195,0.1013
1787414361.6068833,-1.3516581478905147,-0.04558021394134733,-1.710088898860023,-1.5190311416040159,-0.046028846715118255,-1.8243459648066513,0.1674,0.114,-1.5828780671840428,-0.04544480430715787,-1.8778803122541234,0.2312
1787414361.738422,-1.3502192295166213,-0.04653815687953049,-1.6079641319081506,-1.5444151321910429,-0.04244568981015648,-1.8439026115315045,0.1942,0.236,-1.4620696462420864,-0.052068890909216015,-1.6617707334624325,0.1120
1787414361.8028436,-1.3496082417947948,-0.046971059450116086,-1.370179566822832,-1.495875024485291,-0.05520094927064337,-1.562113749881503,0.1465,0.192,-1.5892289600401341,-0.08910480016714076,-0.346565259580709,0.2433
1787414361.9283826,-1.3479286729544675,-0.04681633411087238,-1.3608653580329342,-1.5552252557213564,-0.0771523432664837,-0.5634789519921036,0.2095,0.797,-1.581542611871617,-0.0825257002031129,-0.4633694007723253,0.2363
1787414362.0585876,-1.346173884951327,-0.045840360586971184,-1.5693488013068408,-1.5497989376991161,-0.08942261326098183,-0.08753274328675553,0.2082,1.482,-1.5357404436111428,-0.0847888078731263,-0.2596883178807799,0.1935
1787414362.1232436,-1.34591503608412,-0.04549171157845631,-1.5871791239293018,-1.549601271713295,-0.08858885035011896,-0.1723956768826388,0.2082,1.415,-1.4349378923634324,-0.04839622369267811,-1.5245398248251663,0.0891
1787414362.26058,-1.3452629760430814,-0.045526051358932985,-1.6762973594993458,-1.4516135952737519,-0.04903012873915659,-1.5420142086431199,0.1064,0.134,-1.4481086300650012,-0.040332971882473895,-1.9215574523374148,0.1030
1787414362.3266544,-1.344883113563776,-0.045923512861055504,-1.6666552111896757,-1.4386183653573037,-0.043551079532442076,-1.7565854537401195,0.0938,0.090,-1.429399495673598,-0.044349929505034975,-1.7390925913357285,0.0845
1787414362.4531517,-1.3443319401022635,-0.04684427933147467,-1.2878277531856452,-1.418094711321189,-0.045425703019878014,-1.6943892635253137,0.0738,0.407,-1.4052936133364053,-0.04635982174856123,-1.6770670952502944,0.0610
1787414362.5194788,-1.3437082090423713,-0.04686366017724634,-1.2809906782663718,-1.4125942925726653,-0.042781499836627206,-1.7159219479914705,0.0690,0.435,-1.404996704163727,-0.05262752635618379,-1.1639993669549356,0.0616
1787414362.6615577,-1.3422549484653743,-0.04604372288278743,-1.3782300589024399,-1.419623303330656,-0.0533915117570585,-1.031172616427084,0.0777,0.347,-1.40106857482422,-0.05278217296895618,-1.1160548461903497,0.0592
1787414362.726934,-1.3415961632111033,-0.045403847981234834,-1.6036960991039124,-1.407479167477498,-0.05311729210093791,-1.1075568232079431,0.0663,0.496,-1.3912082165033057,-0.05396001249513062,-1.2406510186390405,0.0503
1787414362.8541543,-1.340170477546685,-0.04469020588443769,-1.665924669442161,-1.397516275123273,-0.050811199155959455,-1.480766393737719,0.0577,0.185,-1.4040242379611831,-0.04238327590101279,-1.7854122796041936,0.0639
1787414362.9198651,-1.3393849801578575,-0.04470509449237898,-1.6961786833418353,-1.399010490546036,-0.0448187703619991,-1.7450044385308174,0.0596,0.049,-1.3962499097397478,-0.03969809555488881,-1.8493552238650675,0.0571
1787414363.0519915,-1.3378794342386786,-0.045262575182420786,-1.4877051812679758,-1.4040265938732428,-0.042471532472693335,-1.8859152441815286,0.0662,0.398,-1.3795671197695274,-0.044619821627029696,-1.709005540542513,0.0417
1787414363.1144984,-1.3372089612094904,-0.04541716646039786,-1.2144329365217508,-1.388975355110627,-0.04379214301173128,-1.723150639444725,0.0518,0.509,-1.4044564257964487,-0.05303721165957881,-1.2638778171701075,0.0677
1787414363.2384176,-1.3353933407467777,-0.0446953633381967,-1.2761481187667565,-1.3967694298786573,-0.04991167229765022,-1.3108612547780423,0.0616,0.035,-1.4347380180594147,-0.06228547143983257,-0.779867350368397,0.1009
1787414363.3069484,-1.334403136465679,-0.04396555474558504,-1.3995484973869592,-1.4201825704695634,-0.055244415098031255,-1.1592905968492744,0.0865,0.240,-1.3807407621368903,-0.04784286359397653,-1.465517251771067,0.0465
1787414363.4347537,-1.3326692439050485,-0.04254340490091683,-1.6938704044902475,-1.4003227034924506,-0.05382149927305925,-1.3511976103755599,0.0686,0.343,-1.4040337608213695,-0.05533483641429831,-1.3298279614411814,0.0725
1787414363.4987075,-1.3317871157740087,-0.04220827187442689,-1.734586803379297,-1.40007512102798,-0.04643869607076731,-1.6857961936222858,0.0684,0.049,-1.4018425195971367,-0.04360824474966952,-1.728420624425918,0.0701
1787414363.6348445,-1.3299200499061052,-0.04224303224916269,-1.7361999602861955,-1.392122306759725,-0.044219126438859814,-1.7837914338019283,0.0622,0.048,-1.388025057856788,-0.04346405647958605,-1.7925423220119896,0.0581
1787414363.7000184,-1.3290710904539067,-0.042471061193598926,-1.561264588817234,-1.3874124289861625,-0.042553365623173044,-1.8233543139750135,0.0583,0.262,-1.3858148598664304,-0.049597817278542115,-1.581273565185306,0.0572
1787414363.8316936,-1.327342571909208,-0.04224373758606382,-1.2918675050256239,-1.3960543896077648,-0.047196878250542626,-1.5249779519992432,0.0689,0.233,-1.3930082878575687,-0.05578759504067161,-0.9865773491227405,0.0670
1787414363.9589968,-1.3252609626849168,-0.04073526337102,-1.4020367931470974,-1.3948381321899819,-0.0573623357179467,-0.9357954549210021,0.0715,0.466,-1.3970287845421334,-0.05880786645137636,-0.9149897718166673,0.0740
1787414364.0212283,-1.3240575215078003,-0.04025278237991609,-1.4112479030706526,-1.4058196278160955,-0.058156256595328616,-0.9302766989460409,0.0837,0.481,-1.4166477259324466,-0.05925026478234905,-0.8982907977156138,0.0945
1787414364.1469936,-1.3217049742739846,-0.04011239882174068,-1.6979029856878025,-1.4117024887080603,-0.04469554854348276,-1.3520124138189253,0.0901,0.346,-1.4170927178675183,-0.04009127305789043,-1.4249794032397707,0.0954
1787414364.212642,-1.320523812011573,-0.040568906965073835,-1.8809673503250723,-1.4126429282071693,-0.0385247391804409,-1.7904234186404175,0.0921,0.091,-1.4124935300050472,-0.03696870420095629,-1.8158903109129805,0.0920
1787414364.3516173,-1.3182208379032636,-0.04200965572535326,-1.9997735705844484,-1.42126820796602,-0.03425485612728614,-2.1899743456029803,0.1033,0.190,-1.4143532595946062,-0.04610807054649556,-2.019883205559778,0.0962
1787414364.417857,-1.3176651624828764,-0.0423489189695242,-1.985084595957033,-1.4569444346618343,-0.05846305326435835,-1.4762636866773198,0.1402,0.509,-1.522464147079243,-0.08170678233284027,-0.9152510267209824,0.2085
1787414364.5584588,-1.316331333741146,-0.04222707976492839,-1.9393038158927882,-1.4804303952240976,-0.07576625262528124,-0.9104610371020205,0.1675,1.029,-1.5384108133347365,-0.08796826134165285,-0.8714925929097802,0.2267
1787414364.6276038,-1.3156353085154413,-0.0418008195979605,-2.018869335583532,-1.5073044479632904,-0.08663886879609083,-0.6480975520319476,0.1968,1.371,-1.500343800147604,-0.08615529727042974,-0.6622678097792252,0.1900
1787414364.7575624,-1.3146342850168475,-0.041316033934471974,-2.2606413361900946,-1.5064675722762901,-0.08267808335251171,-0.9045895299630514,0.1962,1.356,-1.4962818590276878,-0.07754004603902535,-1.0116210410714672,0.1852
1787414364.8242145,-1.3141818116152466,-0.04152730999349438,-2.2740818608425135,-1.4420170332676017,-0.05262581569367328,-2.0913035260584105,0.1283,0.183,-1.4047192910608712,-0.04291052613689418,-2.2314482434911063,0.0905
1787414364.955479,-1.3132055425740576,-0.042624388234896504,-2.164035307425857,-1.409295023246938,-0.04339191623330364,-2.315793534545764,0.0961,0.152,-1.4210453312612876,-0.03705269359734681,-2.5479167674436427,0.1080
1787414365.0187995,-1.3128363290258387,-0.04324912198063742,-1.9152385573646808,-1.4134962890663252,-0.03857389266787537,-2.511852373094068,0.1008,0.597,-1.3795029122495097,-0.04846322807674307,-2.0350623815084727,0.0669
1787414365.141968,-1.3115094190505414,-0.043618657755463475,-1.8801432485633771,-1.3851883292612164,-0.04923872623397484,-1.8162133252611055,0.0739,0.064,-1.3851654304342087,-0.0509918002016624,-1.7898071161037423,0.0740
1787414365.2099683,-1.3107135240059447,-0.04339560999002235,-1.9189066183460166,-1.3777594914955236,-0.04867969802357807,-1.8370882943349927,0.0673,0.082,-1.3728375738341188,-0.04936502080579572,-1.7400911346541856,0.0624
1787414365.3489196,-1.309256575422974,-0.04257743694229372,-2.3327533192694525,-1.3375657678391142,-0.030395291529921903,-2.5562609927685815,0.0308,0.224,-1.3798400576072525,-0.04366475458186683,-2.1215905835057765,0.0706
1787414365.4127905,-1.3084741974752634,-0.042399534948666474,-2.346464991692898,-1.361585126601358,-0.038492547808615524,-2.4947747934216995,0.0533,0.148,-1.368990191997846,-0.03831365516601393,-2.504637051438193,0.0607
1787414365.5428257,-1.30677751931024,-0.042802215938097535,-2.349538950621197,-1.3606483557706555,-0.03919189861849335,-2.5041908640163557,0.0540,0.155,-1.371262279455848,-0.04203042159350218,-2.3216605720132235,0.0645
1787414365.6089184,-1.3059475742172766,-0.04328627895399857,-2.237773642110431,-1.3621855525493483,-0.03930024346530951,-2.3950444086656795,0.0564,0.157,-1.35986084002602,-0.04538047275373846,-2.1747256438613785,0.0540
1787414365.7348917,-1.3044228882719162,-0.04397175753996542,-1.9765076862813715,-1.3608756764622854,-0.049938615976676856,-1.810356379869978,0.0568,0.166,-1.3640235229350497,-0.05316010736606081,-1.7625384311420083,0.0603
1787414365.7995427,-1.303571907715297,-0.043936291559650696,-1.9596751207370995,-1.3561451554157677,-0.05374089889305597,-1.7160621909398381,0.0535,0.244,-1.354758289451846,-0.05492655569778606,-1.7009649748690678,0.0524
1787414365.92931,-1.3016596460886383,-0.04302883236270376,-2.1729097979785683,-1.3642084139426331,-0.04662095679176416,-2.050117879352689,0.0627,0.123,-1.370835625416925,-0.04393777351117799,-2.0910459526802674,0.0692
1787414366.059755,-1.2999594948350954,-0.04227776187792012,-2.494162917357748,-1.3523960975206066,-0.0408285790000321,-2.291235373527683,0.0525,0.203,-1.348885398614637,-0.039403425433034225,-2.3097497239270286,0.0490
1787414366.1217344,-1.299057661263015,-0.04230248133234598,-2.510065944732798,-1.3510685265635924,-0.03989348522511749,-2.6126875405054513,0.0521,0.103,-1.3522838216234951,-0.039477766811078584,-2.6214340112554835,0.0533
1787414366.2564373,-1.2972050510497084,-0.04297393819437365,-2.389285081814048,-1.3488148200293348,-0.03551938577538452,-2.748232407495529,0.0521,0.359,-1.3441739777524815,-0.036225479414237885,-2.727761436828553,0.0475
1787414366.3215282,-1.2963911068930398,-0.04337379587639395,-2.1429834047459,-1.352501958978029,-0.03969857903260635,-2.5396570178916757,0.0562,0.397,-1.3612776411408791,-0.04150915838434591,-2.5244658191205893,0.0649
1787414366.4450223,-1.2946164759109193,-0.043430267100320635,-2.1209893279947982,-1.353478679221614,-0.040578421736205586,-2.3015402973889283,0.0589,0.181,-1.3551883244894105,-0.041284072273013006,-2.2906736113096553,0.0606
1787414366.511159,-1.2935566871111313,-0.042954050759753094,-2.2424859914270825,-1.3539955204272254,-0.04627150558142635,-2.11681410750297,0.0605,0.126,-1.3554242158725385,-0.04777386285175858,-2.0964591315233516,0.0621
1787414366.6460547,-1.2915906880507442,-0.04168748784120748,-2.8351664041054434,-1.3387553492056425,-0.04928959147324852,-2.1375739543245826,0.0478,0.698,-1.3420317391687224,-0.04579406094583337,-2.3954537790564165,0.0506
1787414366.710703,-1.2906780009430454,-0.04138616476799851,-2.8514487376336892,-1.3428272938820482,-0.04634385343448217,-2.7773435178460897,0.0524,0.074,-1.3462400072376286,-0.045543478416373746,-2.79194757916565,0.0557
1787414366.8403938,-1.2886955646670617,-0.04163077370202809,-2.791291426264748,-1.3402102781991538,-0.03976495765656213,-2.9811228977153523,0.0515,0.190,-1.340568849460272,-0.036725631966912586,-3.052079706680934,0.0521
1787414366.9058607,-1.2877079060819874,-0.04207938225201684,-2.6139650462930684,-1.3427977136082794,-0.044430295936466885,-2.7124856337556094,0.0551,0.099,-1.3431120414977131,-0.048085215943511124,-2.579635384923309,0.0557
1787414367.035347,-1.285888273267457,-0.04260884733349532,-2.2769126264563773,-1.3425311130391226,-0.047030109631127665,-2.5945647472015514,0.0568,0.318,-1.3385823204820964,-0.052074258551391785,-2.0951185706491144,0.0535
1787414367.1615732,-1.2837774612916735,-0.04196361515333233,-2.3253381497662335,-1.339203297192226,-0.05073386821720209,-2.1170335439885806,0.0561,0.208,-1.338996542420723,-0.05304326105405073,-2.0394192506179802,0.0563
1787414367.230253,-1.2826902898407924,-0.041300050121908814,-2.4850362846531615,-1.3457997925719514,-0.047784782915606824,-2.2270108916048916,0.0634,0.258,-1.3537144480005587,-0.04561560577891782,-2.266285259322181,0.0712
1787414367.3628106,-1.280747825871044,-0.04039903781513167,-2.8097623482797607,-1.3639556271419206,-0.05005849170140275,-2.1722130221891165,0.0838,0.638,-1.3793261654564495,-0.05240821691295542,-2.1174687503087672,0.0993
1787414367.4290526,-1.2797482673051772,-0.04040908148877429,-2.825538403428348,-1.3532118123559402,-0.05140196630227457,-2.5913706771602834,0.0743,0.234,-1.3552550823440346,-0.05189729843966209,-2.5720466870516367,0.0764
1787414367.5625794,-1.2776928200504083,-0.041186566053977615,-2.6402232699035686,-1.3580437264819551,-0.04526058714834186,-2.7535450576742235,0.0805,0.113,-1.3603470342827013,-0.042517356904041737,-2.7954051178890085,0.0827
1787414367.6277075,-1.2767836529214747,-0.041577708111473086,-2.3484787126403277,-1.363934858202731,-0.03478457894006291,-3.1521860969963074,0.0874,0.804,-1.3571227099847252,-0.046864788945676895,-2.662854442306233,0.0805
1787414367.7530637,-1.27480430703686,-0.041474066278578275,-2.3280827482313278,-1.3522860713589053,-0.045119478671380095,-2.29136440557994,0.0776,0.037,-1.3468992842222582,-0.046150673546103756,-2.2745426160076976,0.0722
1787414367.8305488,-1.2737468023539422,-0.04102881124384149,-2.3835508972962907,-1.3520236681941955,-0.04504561118396956,-2.2894710578996618,0.0784,0.094,-1.378826110513692,-0.05272926989268554,-1.9234959126725533,0.1057
1787414367.9096327,-1.2727385167988932,-0.04043822276970975,-2.5524240245380594,-1.3448349530281007,-0.072591755255708,-1.1535369361802321,0.0789,1.399,-1.3176938286682225,-0.0789631127370559,-1.0600835130414867,0.0592
1787414368.0457194,-1.270866714204936,-0.039890707792435094,-2.6131091390407875,-1.3388134384584667,-0.053399537601707014,-2.267769393674167,0.0693,0.345,-1.3692207020069527,-0.032574232654613455,-2.9434364455055326,0.0986
1787414368.1109831,-1.269856495951896,-0.04000459866463439,-2.6394242220955673,-1.3457121806803531,-0.03576910872839285,-2.776607122415732,0.0760,0.137,-1.36389077416432,-0.04516250854905754,-2.468596687900248,0.0942
1787414368.2429783,-1.2679323296637715,-0.04071444230520322,-2.4139537362394723,-1.352225055619404,-0.04076489082509039,-2.5608748956138063,0.0843,0.147,-1.3339590021136225,-0.04168689550219186,-2.572785329985751,0.0660
1787414368.306592,-1.2670273790146063,-0.040912354572158666,-2.399541141935629,-1.343805566619078,-0.04409241660235428,-2.3125377442820487,0.0768,0.087,-1.4758272894810238,-0.07748330005882789,-1.3452240129734752,0.2120
1787414368.434955,-1.2649961271508643,-0.04053949772573346,-2.363594028135195,-1.41506815743968,-0.07049832202626141,-1.3363949140813232,0.1530,1.027,-1.4516463023068573,-0.08133058682152541,-1.0851760611891246,0.1911
1787414368.5007784,-1.2639457734327446,-0.04002698173453161,-2.43537586252176,-1.4419424997971195,-0.07647942961577807,-1.348944201691608,0.1817,1.086,-1.4757604256598478,-0.08061894510336737,-1.2739095344718325,0.2157
1787414368.637366,-1.2625249879430602,-0.03918939546818272,-2.65719818255046,-1.4597653711661747,-0.0716302517565602,-1.4551525942168753,0.1999,1.202,-1.441883484034026,-0.08014299947923338,-1.5029016265240944,0.1840
1787414368.6975064,-1.2620141918746752,-0.03920415906248599,-2.682007062217576,-1.4547529930125942,-0.08029108593801511,-1.4750705984605037,0.1971,1.207,-1.441883484034026,-0.08014299947923338,-1.5029016265240944,0.1845
1787414368.8242419,-1.2609064593174375,-0.03988303581013874,-2.6298295749607643,-1.3790794696488151,-0.04434330463498065,-2.705650686924964,0.1183,0.076,-1.3472831421387366,-0.036622470700769204,-2.8160803525922917,0.0864
1787414368.946407,-1.2600179979441102,-0.040708446694758586,-2.1461377526654064,-1.378666067570846,-0.042272780691829416,-2.7590947798396295,0.1187,0.613,-1.355863746621758,-0.041798301428093314,-2.490943308621306,0.0959
1787414369.0123706,-1.2592555819432527,-0.04056240822912881,-2.145923395112804,-1.362885428336054,-0.04171228716003403,-2.498461123998319,0.1036,0.353,-1.3456330108488326,-0.05799448439775909,-1.6487132533609277,0.0881
1787414369.1492934,-1.2575217048620286,-0.03938855712346115,-2.3305175683736032,-1.3534565408553827,-0.05517808349459685,-1.6741210314995347,0.0972,0.656,-1.3565443645320523,-0.05597158209774098,-1.7825040447019382,0.1004
1787414369.2152221,-1.256731786112793,-0.03862126847444168,-2.601667923764147,-1.3543864865780963,-0.05591552690625645,-1.7838147185376914,0.0992,0.818,-1.33090786073513,-0.044868972230992094,-2.305161700926216,0.0744
1787414369.345966,-1.2550967659691195,-0.037814282587765445,-2.6596687271871082,-1.340345479982284,-0.047967342841394936,-2.262639518183082,0.0859,0.397,-1.3080437685736979,-0.042292393494934306,-2.504284995061266,0.0531
1787414369.4117994,-1.2541994564883119,-0.037815622573554857,-2.681786211822503,-1.3160995478831927,-0.04360813740346262,-2.4835846943149065,0.0622,0.198,-1.324987058450386,-0.039765351701154805,-2.5760291446668373,0.0708
1787414369.5410647,-1.2525351033725716,-0.03824982418854686,-2.425082937257225,-1.3198062924836405,-0.040245031000830184,-2.5697128458628935,0.0673,0.145,-1.3672305524624542,-0.046533391100059836,-2.3413157271944827,0.1150
1787414369.6065376,-1.2517087216159675,-0.03830621691966212,-2.4130065592095398,-1.333892212202521,-0.05127677848765849,-1.9913659498468865,0.0832,0.422,-1.3321801216206195,-0.054515091963046845,-1.9420601051267081,0.0821
1787414369.7296734,-1.2498362275929646,-0.03765072428028174,-2.381205103738728,-1.3354038932487253,-0.05544307621980733,-1.929782573137287,0.0874,0.451,-1.4210580900419238,-0.0756061322745877,-1.2617526024153247,0.1754
1787414369.8018062,-1.248860314712541,-0.0370208901635432,-2.442129597110824,-1.3720137872027853,-0.06424223512035039,-1.546226232613804,0.1261,0.896,-1.4210580900419238,-0.0756061322745877,-1.2617526024153247,0.1765
1787414369.934706,-1.2471153430184647,-0.03637829120252355,-2.6628765981630362,-1.3459944229461085,-0.05816966521579369,-1.9088640284628555,0.1013,0.754,-1.3288441558258302,-0.044594207632500216,-2.4454463188339344,0.0821
1787414370.0592752,-1.245346599399221,-0.03751264053997686,-2.7374551072927242,-1.3351150572270365,-0.04856448988524754,-2.3731218053721483,0.0904,0.364,-1.3288441558258302,-0.044594207632500216,-2.4454463188339344,0.0838
1787414370.1343694,-1.244507164328769,-0.03851618702987342,-2.7129081773369883,-1.3306230000395742,-0.047231683340716146,-2.3489624331631753,0.0866,0.364,-1.3447171296106384,-0.046861643043653346,-2.520855693697673,0.1006
1787414370.2041311,-1.2437701578756692,-0.03955728111412735,-2.537973228509581,-1.3225404498883355,-0.04356645470039676,-2.6677488463394057,0.0789,0.130,-1.311495501726293,-0.041976742680775496,-2.6923871377027186,0.0678
1787414370.3348827,-1.242017302412427,-0.04074540405883703,-2.486405374162623,-1.3161671793588132,-0.04181295617104136,-2.466848016009848,0.0742,0.020,-1.4071452190104456,-0.07238068269935888,-1.5440523095614163,0.1681
1787414370.403658,-1.2410326824534268,-0.04095427836839185,-2.484371987632345,-1.3534402357856414,-0.05659583608661134,-2.0126966387172875,0.1135,0.472,-1.351923198792801,-0.05576509693337495,-2.0287373022523303,0.1119
1787414370.5433352,-1.2392235243451473,-0.04105866514658687,-2.831205101248836,-1.3439842441638095,-0.05436360820530401,-2.1501695255943964,0.1056,0.681,-1.3200405181190906,-0.05202169513615485,-2.2767466280571265,0.0816
1787414370.6100175,-1.238282672839755,-0.041321039382890425,-2.834609639121269,-1.324034530655882,-0.04441453136344633,-2.843107825904987,0.0858,0.008,-1.3210224009689506,-0.04054203563904956,-2.9049793789478624,0.0827
1787414370.7429075,-1.2362911873988935,-0.042607707915145676,-2.7947597225218677,-1.3186750035631163,-0.038411028165239516,-3.0203309951951245,0.0825,0.226,-1.3116401026056967,-0.03596341861180044,-3.039498056647892,0.0756
1787414370.8079994,-1.235338136650207,-0.043526271238208215,-2.640286027841418,-1.3173767525734015,-0.03816114307944863,-2.8604142950638325,0.0822,0.220,-1.3232201958484597,-0.03980415007708117,-2.8321585828153446,0.0880
1787414370.9410884,-1.234610671486191,-0.044493484694752485,-2.5520545203488276,-1.3192103126902877,-0.04190581544655948,-2.7356804094308447,0.0846,0.184,-1.3089395449658816,-0.045329287201613194,-2.6528232458839525,0.0743
1787414371.003314,-1.2341472458373994,-0.04457080611430946,-2.4922134655841894,-1.3138723388670706,-0.04603502706797866,-2.6261855754386683,0.0797,0.134,-1.3161949979325835,-0.04684716294822843,-2.614357445755122,0.0821
1787414371.133492,-1.2331965242524825,-0.04415794707451663,-2.596373496614429,-1.3187431873016067,-0.05012732932722855,-2.335041565635968,0.0858,0.261,-1.3299752138812213,-0.04115047883882859,-2.7588106721660215,0.0968
1787414371.264366,-1.232187255353859,-0.044126337439107904,-2.8345737588160627,-1.314455817711431,-0.03932378737922193,-2.8601129451393903,0.0824,0.026,-1.3101936686267994,-0.03781280184257301,-2.8789081887659793,0.0783
1787414371.3310552,-1.231508467464089,-0.044497280396678864,-2.8367225721697142,-1.3097510189015336,-0.03880878014478167,-3.144405133612732,0.0784,0.308,-1.3004914305713187,-0.03541591874555085,-3.1589131739192675,0.0696
1787414371.3978598,-1.2308006522201842,-0.045125912050780655,-2.7869736560513716,-1.305431922414477,-0.036953455035938484,-3.1469572375718986,0.0751,0.360,-1.3079064302511583,-0.037491409358763515,-3.142357283664011,0.0775
1787414371.532819,-1.2295457388010775,-0.046502661883081726,-2.5914785795432422,-1.2976338588055292,-0.036191311406258767,-3.159076205189151,0.0689,0.568,-1.297471607526295,-0.03815301628133192,-2.8617120935656395,0.0684
1787414371.6613169,-1.228094193756592,-0.046950419389025354,-2.483807421620553,-1.3071134134092566,-0.04262367468882655,-2.6813870969767404,0.0791,0.198,-1.315003686626703,-0.04133026168907484,-2.7865392604405796,0.0871
1787414371.725216,-1.2273050765002371,-0.04682579028485472,-2.4963547088010216,-1.3110055410224113,-0.0417190738773919,-2.7751318084686187,0.0839,0.279,-1.305153857200396,-0.038673685957283606,-2.820591704387792,0.0783
1787414371.8607059,-1.2259310743181646,-0.04650321425287778,-2.87956906114618,-1.3031921317618145,-0.04299055121440521,-2.5789557172525934,0.0773,0.301,-1.2917839369751154,-0.03678453623691838,-2.975604699121431,0.0666
1787414371.9278064,-1.2252253077955908,-0.04669478849721895,-3.151572949771503,-1.2955580178847725,-0.03861815040918919,-2.951581138326152,0.0708,0.200,-1.3029307441571332,-0.03247913162533053,-3.3488394659783394,0.0790
1787414372.0528321,-1.22364796432485,-0.04852916826646673,-3.0509481169604418,-1.2990359230833224,-0.034102809901563357,-3.3161096147306175,0.0768,0.265,-1.3138774568160008,-0.038386754003425186,-3.4604454400806577,0.0908
1787414372.1200516,-1.2231092731708504,-0.0491625384466508,-3.023088476848923,-1.307364738832853,-0.04122497077802362,-3.2739172610180134,0.0846,0.251,-1.3068354226520258,-0.04270714891345184,-3.2512382030369253,0.0840
1787414372.1928823,-1.2225712522814685,-0.049656664664324245,-2.846190251307347,-1.317401896643231,-0.03922435020914352,-3.4536126163466103,0.0954,0.607,-1.3234459936128873,-0.03844525554609914,-3.4751249337423493,0.1015
1787414372.3347008,-1.2212696578626578,-0.049513513096527274,-2.520090403775165,-1.3059384326231915,-0.04461439761713204,-3.1929080836928128,0.0848,0.673,-1.310353458758429,-0.054155795142795164,-2.5673153929651127,0.0892
1787414372.4016316,-1.2206175707492417,-0.048923795678456235,-2.5102893048769257,-1.3066407453228952,-0.05053793775734617,-2.6368088922250643,0.0860,0.127,-1.310353458758429,-0.054155795142795164,-2.5673153929651127,0.0899
1787414372.537244,-1.219916709197955,-0.04797348203241982,-2.7433114075708143,-1.2976760845241555,-0.04044017606222712,-2.88098504993934,0.0781,0.138,-1.2917803850355385,-0.04021475269679943,-2.9023894717430627,0.0723
1787414372.6038194,-1.2197223907886376,-0.047885408886115054,-2.8394354104983144,-1.2863271474283833,-0.038210448304136266,-3.1429420572512434,0.0673,0.304,-1.2807003866168045,-0.0414496525240115,-3.0137743773101353,0.0613
1787414372.7322733,-1.2190621409157458,-0.04814490119762133,-3.0059541618645595,-1.2825136030171471,-0.04034691906703875,-3.0339721762535117,0.0639,0.028,-1.2701307318031483,-0.042921506279976804,-3.0500753615621274,0.0513
1787414372.8630624,-1.217811375529598,-0.047558924051459436,-2.679206144116213,-1.2849773564316076,-0.04625692158176189,-3.1061276268636533,0.0672,0.427,-1.2953653066088362,-0.047565697869526274,-3.101734014195913,0.0776
1787414372.9255521,-1.216957939122824,-0.0468711125612779,-2.692863847220439,-1.2777364498703458,-0.04931799160986481,-2.9992516980211015,0.0608,0.306,-1.3029521281465402,-0.05373973563750885,-2.6119218125800665,0.0863
1787414373.0521948,-1.2149591118123582,-0.0446133581473451,-2.8541397331309146,-1.302376784395789,-0.05672107472643901,-2.555511151088158,0.0883,0.299,-1.3016269265947256,-0.0499677497219059,-2.782394282579126,0.0868
1787414373.1182816,-1.2140671022707696,-0.04341104537482075,-3.120746853586317,-1.2924277977605285,-0.051804964975896844,-2.749483240491331,0.0788,0.371,-1.2843961356772604,-0.05080335151220048,-2.7708579239984243,0.0707
1787414373.2501636,-1.2122919807127923,-0.042307003554385714,-3.1735914288201412,-1.298226998179695,-0.053957818359266926,-2.9336593230100965,0.0867,0.240,-1.30152970302494,-0.0541397841153087,-2.9340935071062906,0.0900
1787414373.3626807,-1.2104136517740722,-0.04214008966495856,-3.09242066677953,-1.298396350040824,-0.05536802925103253,-2.9426503559812316,0.0890,0.150,-1.30152970302494,-0.0541397841153087,-2.9340935071062906,0.0919
1787414373.4260683,-1.2095744219705744,-0.04215434446411216,-2.888623771998703,-1.2406110557816967,-0.06490143559040251,-2.3256587625677185,0.0385,0.563,-1.3334715131653971,-0.044650087564813666,-3.2055193921026266,0.1239
1787414373.5592926,-1.2078164710427919,-0.04159491609737502,-2.855159096090501,-1.2889857451774416,-0.05715851398910968,-2.593335680819253,0.0826,0.262,-1.2903489762275318,-0.05998000050728888,-2.5414175350200665,0.0846
1787414373.6227741,-1.2068183898601852,-0.04090912059759008,-2.8434081123401795,-1.2963922193482724,-0.0628705607842788,-2.347654937631965,0.0922,0.496,-1.301903156761988,-0.06510980387325364,-2.307105754638028,0.0981
1787414373.7474575,-1.2049136939927405,-0.039105201502075755,-3.121774175254845,-1.3047441094884409,-0.06539212717377203,-2.237090755574792,0.1032,0.885,-1.3011172584622182,-0.056266156550172045,-2.6884938539858885,0.0977
1787414373.8166745,-1.2040762881060574,-0.03897187250169505,-3.137312141355615,-1.3055134190037976,-0.05583515905520798,-2.8397717570246708,0.1028,0.298,-1.3064190781707883,-0.05417579251516607,-2.8643282174754496,0.1035
1787414373.9469945,-1.2022480067509143,-0.03954631824269524,-3.1866745100289435,-1.3054548267865227,-0.058284819837181805,-2.6602383917020638,0.1049,0.526,-1.3431567034326168,-0.04860002214040973,-3.1144873431866182,0.1412
1787414374.012046,-1.2013298478219052,-0.040164121255112914,-3.120925548431167,-1.3325185840302936,-0.05165350512347716,-3.0405637643023287,0.1317,0.080,-1.3454565443593425,-0.052479244355276414,-3.021974566440895,0.1447
1787414374.1457338,-1.2001851940990305,-0.04127798841588729,-2.819760461838208,-1.30539954138626,-0.05536473107733689,-2.78330724469468,0.1062,0.036,-1.3027495300932967,-0.06305359204419639,-2.29453207602292,0.1049
1787414374.211015,-1.199787789103249,-0.04144654297404014,-2.707334338555825,-1.3107545895232948,-0.06739450192805581,-2.1908150372151183,0.1140,0.517,-1.3173558699427297,-0.07012831885819638,-2.1397783477660983,0.1210
1787414374.341302,-1.198853812783046,-0.04107657025252469,-2.6116073419440835,-1.3138824153347068,-0.06522225946269139,-2.1459994823305832,0.1175,0.466,-1.269737287211553,-0.056670739286370814,-2.2974331020090704,0.0726
1787414374.4095376,-1.19806418045227,-0.04131930508353445,-2.6696814861179208,-1.2849701174941754,-0.055692185129696536,-2.3391608948826144,0.0881,0.331,-1.2843584976072382,-0.05412260791278013,-2.362264410187117,0.0872
1787414374.5413926,-1.1964443361662145,-0.04249899452801817,-2.923767106360722,-1.2833297728817183,-0.049462552346993545,-2.6233446638701117,0.0872,0.300,-1.2981258695609241,-0.04373302458420502,-2.9129408070429417,0.1017
1787414374.6053507,-1.1956305704567962,-0.04354439995467559,-3.077424891603341,-1.2843751345236205,-0.04712325228275998,-2.9066927200420807,0.0888,0.171,-1.2805350053667042,-0.047955101629501604,-2.894458807221988,0.0850
1787414374.7367463,-1.1941711908735055,-0.046009960103727585,-3.06384364449384,-1.2864482536087112,-0.055058507128982415,-2.71023825290039,0.0927,0.354,-1.2890560069772274,-0.057677452675321,-2.6690876890906967,0.0956
1787414374.8029044,-1.19342631717376,-0.04676768228494968,-3.039119697909047,-1.2848753256489835,-0.05519021077816704,-2.7130098847422994,0.0918,0.326,-1.2776422040923459,-0.06170675059552027,-2.663873628852059,0.0855
1787414374.9341235,-1.1916991019866159,-0.047458367378431926,-3.0014768517945116,-1.265957803014202,-0.08061908351780944,-1.728381085055034,0.0813,1.273,-1.2534903112632498,-0.09005945658996607,-1.5403771662855181,0.0751
1787414375.000601,-1.1908239477748657,-0.047503587823912834,-3.0960782539993557,-1.2633333699572855,-0.062174049894213546,-2.7378917989974356,0.0740,0.358,-1.2688520570317883,-0.05159316186061453,-2.8957139930431977,0.0781
1787414375.1350727,-1.189253148830418,-0.047868131194730545,-3.6210300560734052,-1.2688469823151578,-0.05584387911660976,-2.9073376801882858,0.0800,0.714,-1.285432556395655,-0.03937868817749139,-3.6460821340194776,0.0966
1787414375.2605426,-1.1874012900072057,-0.049677345272064015,-3.577796251054498,-1.2772723589242947,-0.04403215508121272,-3.559145999681374,0.0900,0.019,-1.285432556395655,-0.03937868817749139,-3.6460821340194776,0.0986
1787414375.3245738,-1.1865143123493054,-0.050905636591222575,-3.448954395172086,-1.2991809387426516,-0.04778999861464324,-3.6518021781470433,0.1127,0.203,-1.2869729023009786,-0.052454619887622754,-3.5239292091470613,0.1005
1787414375.4625466,-1.185676689049418,-0.05243851654915868,-3.327440985377552,-1.2961790241366804,-0.05123861974227466,-3.546596454412573,0.1105,0.219,-1.297820630784782,-0.05167210792235742,-3.5414240447952565,0.1121
1787414375.5294995,-1.1851609232463434,-0.05279758404648717,-3.232770239637124,-1.2930918216742124,-0.051039972091448206,-3.524593810822167,0.1079,0.292,-1.2761517047660125,-0.055258251292718254,-3.3218002613427644,0.0910
1787414375.6557531,-1.1840417651868678,-0.05286810909681139,-3.237177639966156,-1.2818999742767583,-0.05352649781011655,-3.262261150421977,0.0979,0.025,-1.2810702012928064,-0.05354526562920727,-3.260278488933081,0.0970
1787414375.7223942,-1.1835906229249005,-0.05287702361247675,-3.4150398328249585,-1.2835250284602426,-0.04464452523893763,-3.5804868312484177,0.1003,0.165,-1.28506653208872,-0.042478930265593046,-3.616500126283717,0.1020
1787414375.854697,-1.1822099447343228,-0.053804604461403185,-3.424286333564956,-1.3019242095489103,-0.03978456317962882,-3.984567988955158,0.1205,0.560,-1.3530789136480177,-0.029599519020183727,-4.349438250528337,0.1726
1787414375.9223356,-1.1814612430131117,-0.054649734661080966,-3.3976940653097296,-1.3487179433971859,-0.018256801116788422,-4.80787360648999,0.1712,1.410,-1.369597453301499,-0.010158349916215092,-4.98298425931293,0.1933
1787414376.053304,-1.1801244880627206,-0.05600013919309512,-3.2279611325863593,-1.3364280852837611,-0.029580543725908487,-4.149584570744232,0.1585,0.922,-1.31358506480746,-0.03765004386479471,-3.8818835610182836,0.1347
1787414376.118474,-1.179410771600966,-0.05611069696193707,-3.16977562498674,-1.3414530070210284,-0.0313562951288818,-4.224459257250988,0.1639,1.055,-1.3564042439067834,-0.028931609888672286,-4.309085299659597,0.1791
1787414376.2561698,-1.1777940337776116,-0.05529322997787215,-3.016755378608168,-1.3319080436253168,-0.04099185789954189,-3.8028093135717307,0.1548,0.786,-1.3200515527584922,-0.04523382319854223,-3.703299540960388,0.1426
1787414376.3266587,-1.1770271046201068,-0.05458500318908526,-3.0882320939530743,-1.305766810829442,-0.04208066696264759,-3.5272031791028797,0.1293,0.439,-1.3164298214455623,-0.040121429932762985,-3.580842646810392,0.1402
1787414376.460117,-1.1755096228876687,-0.05374530324309708,-3.303628096565122,-1.325959570709946,-0.03455468504138623,-3.926975844493457,0.1517,0.623,-1.3512189968499397,-0.029231842426650473,-4.087183102337468,0.1774
1787414376.5176675,-1.17463379636047,-0.05375524689282785,-3.313588520609573,-1.338314570566849,-0.028547558389291725,-4.226830904505072,0.1656,0.913,-1.3478284560631184,-0.02617503590815616,-4.293621068655976,0.1754
1787414376.6452343,-1.1731401692746184,-0.053848735866425836,-3.261000062329335,-1.3312626622457315,-0.03252018800514929,-4.137337884235295,0.1596,0.876,-1.314813359005982,-0.036970326619820935,-3.8754435620919847,0.1427
1787414376.7096493,-1.1725592037890544,-0.05359502843518147,-3.0829806920105254,-1.2927495242124676,-0.0404307753251265,-3.742896112703791,0.1209,0.660,-1.2732611938851832,-0.0425550433091448,-3.6784274180136403,0.1013
1787414376.8415704,-1.1711638590141864,-0.05235287344461123,-2.700533289800436,-1.3017161586589934,-0.04531724720989147,-3.5495724837338134,0.1307,0.849,-1.2665040788846993,-0.055626003563457,-2.899912015805051,0.0954
1787414376.9031875,-1.1704200399548264,-0.05126527301622385,-2.498870345028718,-1.278769617962567,-0.05343093467500078,-2.946678923253895,0.1084,0.448,-1.2427813671294146,-0.055132651551914665,-2.4857110377898906,0.0725
1787414377.0320926,-1.169755237965613,-0.049307215464562536,-2.442346822612081,-1.2535128218636071,-0.055130165446033844,-2.495063176038605,0.0840,0.053,-1.2551720052464963,-0.05117449002103876,-2.4799348184963574,0.0854
1787414377.0994747,-1.1697276286684455,-0.04881201570647322,-2.496936105493668,-1.2476810696874092,-0.048977994311351844,-2.5059862760231684,0.0780,0.009,-1.2472342086418295,-0.047581482133690164,-2.5266212785620836,0.0775
1787414377.2267933,-1.1695641907150591,-0.04860297890995536,-2.546194489122509,-1.2496956673766597,-0.044825986324176934,-2.6876703946050418,0.0802,0.141,-1.2539566268219156,-0.043416494269902794,-2.712943648224044,0.0846
1787414377.3596013,-1.1695861526849325,-0.04873848391747915,-2.1819718730908906,-1.244064568835249,-0.051864022077933974,-2.475631101464707,0.0745,0.294,-1.2345311376758308,-0.05552376915137006,-2.437560177097094,0.0653
1787414377.4295535,-1.1691820117196101,-0.048458953968021475,-2.1807403516759694,-1.2373021902928754,-0.05478728291367127,-2.450563780302235,0.0684,0.270,-1.22076311498108,-0.06117079714333088,-1.933119937742069,0.0531
1787414377.5627267,-1.1681238350043635,-0.046948569819725755,-2.356708001477305,-1.2239581815028142,-0.059977754145829426,-1.9522474704234112,0.0573,0.404,-1.22076311498108,-0.06117079714333088,-1.933119937742069,0.0545
1787414377.6213703,-1.1676542846651605,-0.045978189988882236,-2.6145806905509015,-1.2174668350973863,-0.060189628440724986,-2.140393275375728,0.0518,0.474,-1.218653281091082,-0.05969061145757242,-2.149013986031779,0.0528
1787414377.7499583,-1.165534567738008,-0.044994457716111866,-2.708408513074659,-1.2191574029924974,-0.05942976438336144,-2.4004501777061917,0.0555,0.308,-1.1997702389454858,-0.05376403321280951,-2.3400135219773395,0.0353
1787414377.8135784,-1.1643684786330517,-0.044921952522422315,-2.775942962453982,-1.2043207801810685,-0.05579010812808212,-2.4170225501151577,0.0414,0.359,-1.2065921868672032,-0.05576266395943646,-2.418361930433535,0.0436
1787414377.9482405,-1.1620255080663502,-0.04545492871956083,-2.632884065245877,-1.2105170471471791,-0.05350252792023425,-2.6688791400334178,0.0492,0.036,-1.216191224501988,-0.05922196725357912,-2.4376034414584655,0.0559
1787414378.0151083,-1.1609586152401754,-0.04566092751631997,-2.382041194960715,-1.212199838100735,-0.057713804853394085,-2.4569974150687557,0.0526,0.075,-1.216191224501988,-0.05922196725357912,-2.4376034414584655,0.0569
1787414378.1503305,-1.1585844383436228,-0.045077404771212595,-2.4075237712531017,-1.2211068545531545,-0.06321401549486257,-1.9994126908686567,0.0651,0.408,-1.250386020985747,-0.06880289917102074,-1.874018061223567,0.0948
1787414378.2135668,-1.1573338751325257,-0.04441730629925309,-2.50785096439229,-1.2337633849205563,-0.06911486430344714,-1.799341218820742,0.0803,0.709,-1.2336305048583958,-0.06946784647065991,-1.7944510986003563,0.0803
1787414378.3385699,-1.1546566156607265,-0.043987371681586,-2.6966888938412614,-1.236019268592371,-0.06646634465994417,-2.086652058609115,0.0844,0.610,-1.2515717947708223,-0.05649044199136684,-2.3244026889268796,0.0977
1787414378.4070442,-1.1533031851104159,-0.044145005476688225,-2.86836090400726,-1.250542408746291,-0.06133814604921683,-2.167421279967255,0.0987,0.701,-1.2541711393561739,-0.0624631084650671,-2.1468987856339785,0.1025
1787414378.538047,-1.1507197912803606,-0.04560095408843133,-3.1464586305818756,-1.2606881247991044,-0.05629936130029086,-2.6399102653062374,0.1105,0.507,-1.2662773357864812,-0.0605586504469572,-2.6011672080506463,0.1165
1787414378.6032069,-1.1495234297110872,-0.0465377244324908,-3.1097351685481858,-1.2697888400160162,-0.061220916571512025,-2.566865049226044,0.1212,0.543,-1.2724070146629385,-0.06212014401310361,-2.5503442045773395,0.1239
1787414378.7442446,-1.1479730090748896,-0.0476404995284811,-3.046525740372109,-1.3014664537999172,-0.07349202428997212,-2.115290801767478,0.1557,0.931,-1.377453720203762,-0.0695991469638084,-2.579265032825995,0.2305
1787414378.8106136,-1.1470732028081554,-0.04776597137580122,-3.019581887447201,-1.3578619526371911,-0.0700968513015146,-2.5085834303929055,0.2120,0.511,-1.3741826146126974,-0.06853760523037766,-2.56775658699114,0.2281
1787414378.9338071,-1.1453704021954816,-0.04756039394667371,-3.2802766250779842,-1.373802862409237,-0.07153266896260949,-2.501168010549782,0.2297,0.779,-1.3351945064268718,-0.07975698518514168,-2.082178719262033,0.1925
1787414379.0005136,-1.1450487356505774,-0.04768063018785937,-3.2833451801693294,-1.353959740748101,-0.09272556743121943,-1.533560056655945,0.2137,1.750,-1.3540938675421885,-0.031970573988728386,-4.219203461069262,0.2096
1787414379.1303596,-1.1442841879354961,-0.048811598491574563,-3.3780876663100585,-1.3428821630066252,-0.03697542524636789,-4.0968061946393775,0.1990,0.719,-1.3420864669237649,-0.030761414255836065,-4.208424329823316,0.1986
1787414379.2530575,-1.143633602036479,-0.050749417887562875,-3.238856217403385,-1.285076764102745,-0.04486497863033928,-3.6478337966703323,0.1416,0.409,-1.2518290345778962,-0.04737250907953263,-3.5568836264756274,0.1082
1787414379.3178356,-1.1438718675299484,-0.051267342562991716,-3.217269575794524,-1.2522488994431151,-0.053035234565752425,-3.1491137573684505,0.1084,0.068,-1.238767404242414,-0.05489860472380928,-3.1134770375356133,0.0950
1787414379.4460635,-1.1441212086800199,-0.051542373267557715,-3.155566687349789,-1.2556026052232259,-0.05612055518235787,-3.025452126202828,0.1116,0.130,-1.2635741980639834,-0.0579489756462263,-2.9919882506706603,0.1196
1787414379.5115778,-1.1441931250552773,-0.051343335482617276,-3.203249352277948,-1.2320031343135145,-0.056491721306027844,-3.118146246179494,0.0880,0.085,-1.2243849884174483,-0.05660047210485502,-3.105903473333497,0.0804
1787414379.6400564,-1.1437530319684357,-0.0511428607671273,-3.404190679352725,-1.2249745293957912,-0.056033026244031746,-3.144008572444073,0.0814,0.260,-1.2243849884174483,-0.05660047210485502,-3.105903473333497,0.0808
1787414379.7091048,-1.1431153992397345,-0.05147803089704303,-3.4414454985759466,-1.2216121934877817,-0.05127824237955623,-3.4069025457617146,0.0785,0.035,-1.2246735575230219,-0.04983068327657031,-3.4301305356805,0.0816
1787414379.8303652,-1.1416275551557502,-0.05305206246103021,-3.339922066406358,-1.2149786384634464,-0.05017431456999508,-3.4491179452067398,0.0734,0.109,-1.2075409017097407,-0.04787837357763468,-3.450053729204307,0.0661
1787414379.9581103,-1.139653413834561,-0.05466119909533719,-3.108447281951182,-1.2092404790133329,-0.0481783701299574,-3.4478503086084697,0.0699,0.339,-1.1959507205027304,-0.05573887343252275,-3.0824329623241398,0.0563
1787414380.0233164,-1.13827607902524,-0.05507075079751167,-3.05261076068013,-1.1970378792520049,-0.05854343161297654,-3.009206565942309,0.0589,0.043,-1.1997803829923315,-0.05991412010638472,-2.992186309263521,0.0617
1787414380.1536922,-1.1353450548894914,-0.05513177267819047,-3.017872592951057,-1.211389603600708,-0.06282060568148448,-2.8377480137959767,0.0764,0.180,-1.2102960594986083,-0.06430877122709952,-2.7680120736701137,0.0755
1787414380.2118928,-1.1339467331293507,-0.054944951058416194,-3.1755567429076925,-1.2304859310210923,-0.05236930217479381,-3.3075416784587954,0.0966,0.132,-1.254739551363659,-0.04677073112696575,-3.444476868404035,0.1211
1787414380.351314,-1.1313994537676288,-0.05531749805603175,-3.4193297552127326,-1.2236554549486116,-0.05717144177684711,-3.097264738959827,0.0923,0.322,-1.2369653902382107,-0.04743149245589136,-3.7244615788956428,0.1059
1787414380.4156468,-1.130173156261252,-0.05607208453157313,-3.4556023574821966,-1.2578171374507001,-0.046515380401448786,-3.9305206513416,0.1280,0.475,-1.2840762230332539,-0.04433963930598236,-4.038788151233509,0.1543
1787414380.5370057,-1.1280812266131008,-0.057568378530506434,-3.405959432268214,-1.2726671380928742,-0.0463872923450727,-3.938063506203327,0.1450,0.532,-1.283922357913018,-0.046401587808715665,-3.9641072815591567,0.1562
1787414380.6027446,-1.127229309058353,-0.057936972542197346,-3.234234109660134,-1.2600237647061283,-0.05045612703582955,-3.619670371333954,0.1330,0.385,-1.2510690339634052,-0.051982556411924126,-3.5804763437698273,0.1240
1787414380.7318873,-1.1252734941304208,-0.05777397589354013,-2.8680978527411787,-1.2822664178963512,-0.058716532842230135,-3.3133225532532418,0.1570,0.445,-1.321749223123488,-0.05701692925406201,-3.4689540261736296,0.1965
1787414380.8523655,-1.1232800922556474,-0.05658362511497483,-2.745092467260632,-1.30245630888914,-0.0520729283249452,-3.5902405895492056,0.1792,0.845,-1.2383108655370807,-0.06640415955287919,-2.4607535849589586,0.1154
1787414380.9171576,-1.122396184504314,-0.056053040371538194,-2.858512837802842,-1.286114114824484,-0.04772786198754066,-3.4389333035388514,0.1639,0.580,-1.3134079324782724,-0.03898098986911058,-3.684256649772967,0.1918
1787414381.0432558,-1.1205192067377525,-0.05618094125587013,-2.8730076734861565,-1.3002075273139841,-0.03975510225421504,-3.7042874003662933,0.1804,0.831,-1.3146671163896748,-0.03389393023466582,-3.88202952753996,0.1954
1787414381.1542077,-1.1189699055792055,-0.05679309133561355,-3.049539005125335,-1.3089810628643983,-0.035545994472323504,-3.8348549621891364,0.1912,0.785,-1.3192894419518486,-0.03597806638662395,-3.853839215473461,0.2014
1787414381.2193995,-1.118501045082757,-0.0567876156746274,-3.0581219728717883,-1.3179691627797399,-0.041215886126234946,-3.9352861847019294,0.2001,0.877,-1.3128753976240513,-0.04394038405724249,-3.87635312737384,0.1948
1787414381.3498752,-1.117521970391604,-0.0561625576625649,-3.0333177621079113,-1.2781430587811657,-0.06298852302530991,-2.837555654416355,0.1608,0.196,-1.291491775890293,-0.09319344225256776,-1.9022695736097075,0.1779
1787414381.4138515,-1.1169508200999496,-0.05531852450171734,-2.9485369244319677,-1.2821767404359694,-0.0882128486837275,-2.0451323558728363,0.1685,0.903,-1.28310448996993,-0.08928396897624837,-2.0214451796214776,0.1696
1787414381.5414803,-1.1159650379160675,-0.053297697490330344,-3.1164141104569114,-1.2549121510740227,-0.0790114953783337,-2.2667663359379433,0.1413,0.850,-1.24066391491382,-0.074993497917125,-2.333709368781633,0.1266
1787414381.6075397,-1.1152883914487959,-0.05279155175178658,-3.1369872288216203,-1.2264555980192093,-0.06739567128227716,-2.8968559191001577,0.1121,0.240,-1.2150748125529676,-0.06364811077240017,-2.9524179269572994,0.1004
1787414381.7393823,-1.1138017860364746,-0.05256815577055527,-3.160007607797405,-1.2210711527467295,-0.06147681880908955,-3.01835701822194,0.1076,0.142,-1.2294256068136509,-0.051525123143178406,-3.196937444998587,0.1156
1787414381.8051112,-1.1130798671918976,-0.0527563607613393,-3.0582150893181805,-1.2346928914370612,-0.05573150582081809,-3.294906674071705,0.1216,0.237,-1.2502089933207472,-0.05594931351936607,-3.333744717839372,0.1372
1787414381.935557,-1.1121839415023154,-0.052839724698845125,-2.8142347484786434,-1.2150918133735515,-0.060812470504651536,-2.829993002206109,0.1032,0.016,-1.2312383549557175,-0.06200908564224519,-2.7076780370855817,0.1194
1787414382.0537248,-1.1114427217119878,-0.05190414498498042,-2.819697186358844,-1.220036526647587,-0.06398444723223225,-2.5815348023372344,0.1093,0.238,-1.2211728531394341,-0.06473306422285817,-2.5703355848979954,0.1105
1787414382.1158462,-1.1110554696665726,-0.05115720779873648,-2.9209461489512782,-1.2027440416001909,-0.06628963269684475,-2.5134975633014824,0.0929,0.407,-1.1976779441507872,-0.06624693367684477,-2.5168514751060362,0.0879
1787414382.251284,-1.1094320366226365,-0.05112675331452611,-3.195635827174868,-1.1971438927074507,-0.06199443501846491,-2.7512476670909654,0.0884,0.444,-1.2047272710858483,-0.055271814024039204,-3.03650204156973,0.0954
1787414382.3164587,-1.1085476768754952,-0.05152527763475161,-3.4076827150341367,-1.1996743688656222,-0.057061946541843954,-3.0022438952583905,0.0913,0.405,-1.2100071341620808,-0.06607059079795034,-2.827488621328249,0.1025
1787414382.4332435,-1.106632964405668,-0.053210470999780976,-3.2870398320176344,-1.2049824338007316,-0.06398270783826321,-2.857535271960324,0.0989,0.430,-1.187859686767214,-0.05985598421535718,-3.2009094116346826,0.0815
1787414382.5587366,-1.1049611886435653,-0.054768578633363325,-3.0458377533983443,-1.1920435109197038,-0.06101385754323204,-3.1796287228626876,0.0873,0.134,-1.187859686767214,-0.05985598421535718,-3.2009094116346826,0.0831
1787414382.624094,-1.1040785826402733,-0.05510972597857719,-3.0079660148019225,-1.197312566100905,-0.0671679148416505,-2.771839851376246,0.0940,0.236,-1.1987183338778276,-0.07106098537007552,-2.644503619457446,0.0960
1787414382.7485697,-1.1021470701641716,-0.0550483333193439,-3.0244494162373363,-1.1971504242483413,-0.07014007427080267,-2.659586644025738,0.0962,0.365,-1.1987183338778276,-0.07106098537007552,-2.644503619457446,0.0979
1787414382.816394,-1.1012540092087948,-0.05483438084550385,-3.2016890827032904,-1.2056520486150064,-0.0680119399957491,-2.8201133400850247,0.1052,0.382,-1.2068700217208959,-0.06713985014680182,-2.835333484557062,0.1063
1787414382.9473643,-1.099492543884721,-0.0551290200657005,-3.4734406060785767,-1.1921049502246073,-0.06305557187099664,-3.0518309806815673,0.0930,0.422,-1.2018775069258854,-0.0633202242656649,-3.386813391274691,0.1027
1787414383.0155804,-1.0985592057882485,-0.055787853251886226,-3.5082091458100644,-1.1972466677343145,-0.06348911523393012,-3.3757827639212787,0.0990,0.132,-1.206900141011033,-0.06246717991104408,-3.3894907255005,0.1085
1787414383.1393008,-1.0967985939045146,-0.05758327506552598,-3.2994684103630325,-1.2027398618288017,-0.06255681638570273,-3.384147529078304,0.1061,0.085,-1.1993996882038018,-0.06623935986693122,-3.3284601636674225,0.1030
1787414383.2075753,-1.0960037056303853,-0.05820260783607729,-3.275899668826414,-1.2032889778961595,-0.07341148975059456,-2.8467017647160637,0.1084,0.429,-1.206470238414184,-0.07648534645143566,-2.7969711236476895,0.1120
1787414383.340966,-1.0941642910591618,-0.058623506270429886,-3.214883477764838,-1.213950576014407,-0.07317642554226035,-2.971960330148505,0.1207,0.243,-1.2272756476506261,-0.07374076878201678,-2.96100748446724,0.1340
1787414383.401226,-1.093206016970666,-0.058508174637760556,-3.2712714522414883,-1.2062856379083073,-0.07345442842695186,-2.807888428904616,0.1141,0.463,-1.201963994274094,-0.07286533404490982,-2.8223920050984606,0.1097
1787414383.53645,-1.0914895021517232,-0.058331693563991524,-3.7187919931507873,-1.1980735660909527,-0.06844577240122078,-2.939399233557835,0.1071,0.779,-1.2053130227925237,-0.06667498639639227,-3.3195486173254087,0.1141
1787414383.662266,-1.0896576139286758,-0.05942918098402766,-3.754077572505308,-1.2022426189183557,-0.06730225525289292,-3.3040428628909493,0.1129,0.450,-1.2053130227925237,-0.06667498639639227,-3.3195486173254087,0.1159
1787414383.7265198,-1.088752257242578,-0.06034168983075368,-3.7208268071964,-1.2136200783062572,-0.06356820532915554,-3.690890952661093,0.1249,0.030,-1.192468626468219,-0.05764472148206996,-3.817347541018954,0.1038
1787414383.857084,-1.0871513455062198,-0.06201139843056165,-3.5294564653134364,-1.2015368547122538,-0.05922036559326565,-3.79235560029376,0.1144,0.263,-1.1971189578023822,-0.06871606006720013,-3.3398949469065062,0.1102
1787414383.920623,-1.0862818697018126,-0.06242074671440711,-3.4877408580182268,-1.193658584454887,-0.06946158496849225,-3.3477168763635454,0.1076,0.140,-1.1911328007421085,-0.07014330625390298,-3.339774123304522,0.1051
1787414384.0499694,-1.084386583046342,-0.06253934356731111,-3.514152426590266,-1.1955875200296475,-0.0693645431695514,-3.344449704138274,0.1114,0.170,-1.2005472536273682,-0.07165233883381444,-3.2805873524434737,0.1165
1787414384.1150827,-1.0835201589555012,-0.062430291385102116,-3.705082068860953,-1.1926438699897364,-0.06708613873759092,-3.3948803420015348,0.1092,0.310,-1.1884126792607548,-0.0653104036955962,-3.4284491076222516,0.1049
1787414384.2445712,-1.0817257103933775,-0.06294646152527031,-3.950759002878959,-1.1973862980934806,-0.06630456755497499,-3.6584728159158764,0.1157,0.292,-1.2015829190350205,-0.06619847691422305,-3.6600160118236635,0.1199
1787414384.3081145,-1.0807986412663477,-0.06370396091840123,-3.9894835681257472,-1.2320874500597654,-0.052711223843460484,-4.768177108865503,0.1517,0.779,-1.2538961047080293,-0.04821006448297026,-4.826192969675936,0.1738
1787414384.4352791,-1.0794375227312978,-0.06511495909079988,-4.003514487724743,-1.2443688216053288,-0.04900623466520057,-4.795244563822709,0.1657,0.792,-1.190001648805592,-0.06511067289808319,-4.1133080213862465,0.1106
1787414384.5591626,-1.078432227242145,-0.0654658107196292,-3.834311050582818,-1.2110613067773635,-0.06266087976466443,-4.156195535399755,0.1327,0.322,-1.2364055227871493,-0.09196373015237448,-3.19694971411634,0.1602
1787414384.6227903,-1.0778255308678972,-0.06526883375538507,-3.7453615903692947,-1.2273774486725249,-0.09426103224159854,-2.8769808349734807,0.1523,0.868,-1.232109984739793,-0.0987062748932731,-2.7796363216143267,0.1579
1787414384.7524438,-1.0767234344083778,-0.06417171401169591,-3.8706688731741776,-1.2254888504173318,-0.08159489340383926,-3.6047377538406007,0.1498,0.266,-1.1860056836877118,-0.07217136930947472,-3.613272052388753,0.1096
1787414384.818418,-1.0761008168259316,-0.06387395116319704,-3.890595182733305,-1.1836528754424482,-0.06980920057108228,-3.899711052142638,0.1077,0.009,-1.1695320932079307,-0.06670573756881827,-3.9550015451147793,0.0935
1787414384.9461474,-1.0747236186905185,-0.06408647131078475,-3.968664203060882,-1.1842432396011422,-0.060314497224922964,-4.177041877997131,0.1096,0.208,-1.1827664587168116,-0.06354244405475011,-4.038904600510044,0.1080
1787414385.0131676,-1.0740085596460727,-0.06450323053703691,-3.952401437914108,-1.179808939339675,-0.06417635936471541,-4.067180132802581,0.1058,0.115,-1.1795150822205773,-0.06490005241848487,-4.056386617788159,0.1055
1787414385.1507597,-1.0728017586824685,-0.065434423222611,-3.534939429316106,-1.1693237799129819,-0.06383947269382033,-4.006657563928851,0.0965,0.472,-1.1741287386476953,-0.07135309248397274,-3.7193934619955966,0.1015
1787414385.2114637,-1.0719823977426155,-0.06546653772795888,-3.531196736315086,-1.1699687629544329,-0.06912629474834579,-3.7624822949164622,0.0981,0.231,-1.1782495548800482,-0.07685130695863915,-3.2645995097733933,0.1069
1787414385.338895,-1.070167803730374,-0.06477999437007242,-3.6147825763576162,-1.1887445881006171,-0.07362517711780545,-3.5861723299423804,0.1189,0.029,-1.2081827582026712,-0.07343942498875565,-3.6089250717470027,0.1383
1787414385.4051228,-1.0693305048425383,-0.06425058855255644,-3.825478566867977,-1.1740256005475789,-0.07389486270195991,-3.495943850674437,0.1051,0.330,-1.1661883522315029,-0.07335710369946535,-3.503802523119801,0.0973
1787414385.5397174,-1.0676192819692287,-0.06381754076306861,-3.8826025802242374,-1.1678274490260931,-0.06979424303486557,-3.7676217045311073,0.1004,0.115,-1.1721186703749127,-0.06282159142594251,-3.9643068269459265,0.1045
1787414385.6071143,-1.066697628802051,-0.06400697306182157,-3.9096499788358647,-1.1669457836249406,-0.0619059754237178,-4.0784818259641735,0.1003,0.169,-1.165764349343013,-0.06089519259621034,-4.0959120107234925,0.0991
1787414385.7398293,-1.064964757845964,-0.06485882897350036,-3.6857375550104443,-1.1601793057880656,-0.06294314019874687,-4.06174153333031,0.0952,0.376,-1.158288979429343,-0.06689224600534394,-3.9280076553695413,0.0933
1787414385.805414,-1.0641720544611388,-0.06514467480606215,-3.4099508993716032,-1.1576947200332073,-0.06587995262981552,-3.9446771216007774,0.0935,0.535,-1.158288979429343,-0.06689224600534394,-3.9280076553695413,0.0941
1787414385.9307075,-1.062208035498585,-0.06449967469760834,-3.423916205342087,-1.162980492981972,-0.06824397346798168,-3.3586090382633107,0.1008,0.065,-1.169100503905437,-0.06994320952550542,-3.3186156987472506,0.1070
1787414386.060711,-1.060272690768031,-0.06302771584913872,-3.7520775474514654,-1.168040196582895,-0.0699526483256657,-3.326896222760007,0.1080,0.425,-1.172356789827112,-0.07067949900836616,-3.3108712805555967,0.1123
1787414386.130112,-1.0598341327118708,-0.06242349236753085,-3.935616946387684,-1.16356087091321,-0.06789251222400523,-3.4422661958655985,0.1039,0.493,-1.1612132751891353,-0.06702226631532114,-3.46022291690397,0.1015
1787414386.1986089,-1.0593450317015929,-0.06213524952307438,-4.137301713726312,-1.167215812426863,-0.06479576126011365,-4.052733002578051,0.1079,0.085,-1.1696645881620724,-0.06412996230831496,-4.0672455451079434,0.1103
1787414386.335678,-1.0583488985071017,-0.06244867266253608,-4.564614413016801,-1.158012657616109,-0.061165905509280735,-4.312303181156821,0.0997,0.252,-1.1517975070440274,-0.06259725564831362,-4.472061973718706,0.0934
1787414386.4034405,-1.0579670679499351,-0.06271968575575824,-4.592387960315702,-1.1533438373311773,-0.06239516769322397,-4.472856678009856,0.0954,0.120,-1.1517975070440274,-0.06259725564831362,-4.472061973718706,0.0938
1787414386.530754,-1.0566711979766799,-0.0625049179522707,-4.570354370035995,-1.1518906104475035,-0.06759106381886673,-4.480773439648714,0.0954,0.090,-1.152942942584392,-0.06859031094210104,-4.465574043998512,0.0965
1787414386.660898,-1.0551530420000241,-0.061354439817931684,-4.6967269941765375,-1.1631884035299374,-0.07178571157186839,-4.55134640593188,0.1085,0.145,-1.1719356922545625,-0.07296815688925028,-4.5373910434842095,0.1174
1787414386.7262623,-1.0544989275571375,-0.060702512781573556,-4.946106715577087,-1.143672810827337,-0.06874010575315095,-4.47167535398231,0.0895,0.474,-1.1344754893265938,-0.06733058892462343,-4.498292346006529,0.0803
1787414386.8577135,-1.0529682949384576,-0.06022479115056864,-4.986734927210103,-1.1264597274402524,-0.06649468239869782,-4.8664177395183845,0.0738,0.120,-1.1214468214253095,-0.06552986574687739,-4.885697392739552,0.0687
1787414386.9143264,-1.0521458244228514,-0.060380340157227,-4.9827147176625015,-1.1209695261610622,-0.06642051845030537,-4.941828403433082,0.0691,0.041,-1.1586224994271508,-0.07551912689710084,-4.487675531416032,0.1075
1787414387.0410295,-1.0506647513186562,-0.06100912470160209,-4.682402577257051,-1.1474193367983136,-0.07306041598402102,-4.541038343785245,0.0975,0.141,-1.1099091630745024,-0.06596162759241897,-4.787674503815148,0.0595
1787414387.107799,-1.0493064646279167,-0.06111979795594479,-4.330130835427284,-1.1189306316892356,-0.07082291403322068,-4.463058908068368,0.0703,0.133,-1.1513226917870831,-0.07692670090703471,-3.985692145734468,0.1032
1787414387.2333403,-1.0463550298460618,-0.060589276769198876,-3.689655037537889,-1.1326686963697237,-0.07389217338708862,-4.047832102200055,0.0873,0.358,-1.1451657971791127,-0.07975774406198505,-3.5034258824884597,0.1007
1787414387.3572197,-1.0435150927961425,-0.05936177197717382,-3.3767351988235395,-1.1476671896726103,-0.07745214499864382,-3.2668531648864163,0.1057,0.110,-1.155826462970774,-0.07840910560417608,-3.234181040685607,0.1139
1787414387.4212506,-1.042366629263327,-0.0590670059647007,-3.394626440433462,-1.1478530776432379,-0.07893636706699642,-3.195856186753398,0.1073,0.199,-1.1804239420671205,-0.0716379828899181,-3.2313419101380467,0.1386
1787414387.5453615,-1.0399219062103118,-0.059232535722639014,-3.438969586957313,-1.1679960648996641,-0.07178591231840765,-3.232838448198705,0.1287,0.206,-1.210988318791642,-0.10034977437946711,-1.994436983027811,0.1759
1787414387.6101966,-1.0386874774853974,-0.05961412872197511,-3.393498890329457,-1.1945265197613544,-0.08889450986741998,-2.608217426128567,0.1586,0.785,-1.194844429898236,-0.08715992288982051,-2.649735377473957,0.1586
1787414387.7417784,-1.0364414007371658,-0.06040299282122225,-2.9162917577005185,-1.2005550659482453,-0.08927981412419553,-2.455679506018884,0.1666,0.461,-1.2019100093450643,-0.08927405040360831,-2.4505869284670743,0.1680
1787414387.8041956,-1.0353226225982788,-0.060307006918450465,-2.916453987561678,-1.2077661747440214,-0.09873869173842173,-1.808816401487132,0.1767,1.108,-1.2204225836158078,-0.10189390910693003,-1.685016390930021,0.1897
1787414387.9298599,-1.0329862937886976,-0.059199972718031776,-2.8732412503770415,-1.2197469442750164,-0.10077332243061252,-1.5579772354016768,0.1913,1.315,-1.2189336677442,-0.09995502661393066,-1.5727552705751842,0.1904
1787414388.0624356,-1.0316682940973594,-0.05877430346363939,-2.8074336134911317,-1.2208486371436162,-0.09813125327286887,-1.6609486071331128,0.1932,1.146,-1.2166469700174416,-0.0953352845279809,-1.733435955909887,0.1886
1787414388.1224754,-1.0309913541182278,-0.05888163310289618,-2.8170078555562785,-1.2312628507968801,-0.10590400781186193,-1.0074529635787746,0.2057,1.810,-1.2382855212858817,-0.11104296540421005,-0.8384085273509615,0.2138
1787414388.2508419,-1.0295499073521048,-0.05980259227529784,-2.7567094346422203,-1.2245733310350726,-0.07327431366668126,-2.8084496956300837,0.1955,0.052,-1.2264560167089744,-0.063780286249829,-3.05200037650254,0.1969
1787414388.316097,-1.0289053692616,-0.060469754364836294,-2.5718238064317416,-1.233115812978458,-0.08156436927193711,-2.233736394929605,0.2053,0.338,-1.2365335517684743,-0.08662657101181935,-2.0813810323697792,0.2093
1787414388.4487562,-1.0286873067085303,-0.06074037537536503,-2.5302032043249114,-1.2216287685128773,-0.09418112921523447,-1.4629216721812086,0.1958,1.067,-1.2142712867420309,-0.09752716703930397,-1.3825596019771051,0.1892
1787414388.5131125,-1.0284614729824153,-0.06044827906741545,-2.5068470355971213,-1.208106206110459,-0.0984934888254722,-1.2737093230056902,0.1836,1.233,-1.1985553002866474,-0.09719667527218522,-1.3172497032171757,0.1740
1787414388.6405005,-1.028049056217753,-0.059403771395569606,-2.706873595058327,-1.2095611573161846,-0.10053610038705704,-1.1473952141571124,0.1861,1.559,-1.1733517707571461,-0.07001280958773708,-2.554233397892216,0.1457
1787414388.7138357,-1.0284248867534194,-0.05908424560620976,-2.7232243014949193,-1.1827980264670686,-0.07428552367543263,-2.493601247494137,0.1551,0.230,-1.1733517707571461,-0.07001280958773708,-2.554233397892216,0.1453
1787414388.8477786,-1.0290226252357204,-0.059309878040316094,-2.79403039517258,-1.1385787302461516,-0.06158306242208432,-2.7673860951511022,0.1096,0.027,-1.127123974938695,-0.05961023575565691,-2.788581994829522,0.0981
1787414388.9185622,-1.0293050058615147,-0.059746204206665036,-2.750433149125004,-1.109973490393178,-0.062276376053577435,-2.6956004871609465,0.0807,0.055,-1.1113683035209758,-0.06371398175494448,-2.6755498212632602,0.0822
1787414389.051888,-1.029232174130317,-0.06040600556539519,-2.535410425815481,-1.1042037779746827,-0.07044354286545204,-2.4489347814289877,0.0756,0.086,-1.09264679926666,-0.07387222664279805,-2.117974487755944,0.0648
1787414389.1145484,-1.0286998206653142,-0.06027701594478085,-2.4998905486763303,-1.0861041232873583,-0.07416536436427852,-2.1010267787423333,0.0591,0.399,-1.0864552396575602,-0.0745657565302546,-2.0958436237375353,0.0595
1787414389.237906,-1.0274891284838303,-0.05933085691926259,-2.5455959725443846,-1.07496158380612,-0.07375190916843631,-2.054597785889524,0.0496,0.491,-1.0852836082731614,-0.07578511761149119,-2.0074375186387226,0.0601
1787414389.3605235,-1.0257875543535364,-0.05845087085894528,-2.7706251691252466,-1.0824228059844059,-0.07531756516148687,-2.01468458508606,0.0591,0.756,-1.0814425194680224,-0.07148988230490388,-2.4253012352264145,0.0572
1787414389.4234102,-1.0245511563233738,-0.05842722158336192,-2.8142086989129886,-1.079177159252631,-0.07220087888707481,-2.410907587018415,0.0563,0.403,-1.0755712395281662,-0.05374254104979907,-2.9273238909609525,0.0512
1787414389.5476515,-1.0219018578462573,-0.05916284247291149,-2.7756592073214326,-1.08145880485686,-0.0596693790993313,-2.6286942454088167,0.0596,0.147,-1.0874815765850625,-0.07106370648554008,-2.4351021997146627,0.0667
1787414389.6103642,-1.0206486112475979,-0.059737921854564224,-2.6026098392236814,-1.0905474464076825,-0.07164753599615035,-2.374265084681708,0.0709,0.228,-1.0980260292207265,-0.073192800789763,-2.356839959338265,0.0785
1787414389.7403324,-1.0183269190323176,-0.060126236711969754,-2.323444184312086,-1.0919495750268224,-0.07450647996004608,-2.162761234932785,0.0750,0.161,-1.1065283603293092,-0.0795287798142852,-1.8385428931830154,0.0903
1787414389.8524008,-1.015910478068551,-0.05927307101272604,-2.3839593262831764,-1.1000867770160938,-0.0778627286547077,-1.8668926298326096,0.0862,0.517,-1.1065283603293092,-0.0795287798142852,-1.8385428931830154,0.0929
1787414389.9616702,-1.0138437097721764,-0.05813160994376563,-2.568560152796015,-1.1141842351090179,-0.07254890902607566,-2.2275620185108713,0.1014,0.341,-1.0978855977240671,-0.07928733136083214,-1.9808537999091833,0.0867
1787414390.0229712,-1.0129496021800721,-0.05784391193665507,-2.6553027204880184,-1.1032785609008948,-0.07773120932243079,-2.00485566503293,0.0925,0.650,-1.1173129900811816,-0.06707110984217253,-2.4855949021229002,0.1048
1787414390.1500254,-1.0110321818937733,-0.05795838041787454,-2.8183090387580374,-1.11711462825037,-0.0674731128071293,-2.4623486793427625,0.1065,0.356,-1.1180690563675912,-0.07609322826080263,-2.277134726502017,0.1086
1787414390.2140214,-1.0100700423636984,-0.058326104355348574,-2.809601755525431,-1.1292329831494612,-0.0686779681082872,-2.6805043609897696,0.1196,0.129,-1.1445443073801436,-0.06548804931264099,-2.77510248611209,0.1347
1787414390.346672,-1.0083468379939315,-0.05895568353677726,-2.4391006420044503,-1.126828148240886,-0.07146870178025391,-2.468814086202336,0.1191,0.030,-1.1636985042418255,-0.09066165497917758,-1.6054088794419268,0.1586
1787414390.409819,-1.007375562414269,-0.058685990531458884,-2.4433656864616293,-1.1439245866878154,-0.08293100223947962,-1.789702146605971,0.1387,0.654,-1.1785637991728706,-0.09666250236346029,-1.2472513603742554,0.1754
1787414390.538583,-1.0053047890632385,-0.05726505078850549,-2.4802831761305435,-1.1658855905133099,-0.09263858045021885,-1.345779095709449,0.1644,1.135,-1.1777948525567161,-0.09743115905160313,-1.1346476661114404,0.1771
1787414390.602956,-1.0047904293681817,-0.056918351157804005,-2.451218603919459,-1.175046301097121,-0.09651589336787741,-1.1573605323492562,0.1748,1.294,-1.1777948525567161,-0.09743115905160313,-1.1346476661114404,0.1777
1787414390.7303076,-1.003720394228278,-0.05680635457554652,-2.4887146355483987,-1.1882223534850862,-0.07666055873155574,-2.1082381808071555,0.1856,0.380,-1.1913181828705561,-0.06842694421751014,-2.3679333994362164,0.1880
1787414390.857926,-1.0026884406595642,-0.058149642899081165,-2.3727846945914655,-1.1400964026556404,-0.06724296693926725,-2.2823783819180536,0.1377,0.090,-1.1211629104384526,-0.06495430465721885,-2.311140491524759,0.1187
1787414390.9220042,-1.002261796817285,-0.05896930924690211,-2.154391794606689,-1.1428933907709566,-0.06430706882947652,-2.5122581976624603,0.1407,0.358,-1.1449421354180678,-0.06361666803706985,-2.531373556339316,0.1428
1787414391.0432048,-1.0023602687811837,-0.0597935164029852,-1.7222098659079514,-1.1045135607041527,-0.07353499589953108,-1.7588630612383747,0.1031,0.037,-1.0918978032298323,-0.07455397945659364,-1.745564529592316,0.0907
1787414391.1076584,-1.0023069596010283,-0.059826329340081294,-1.5088661069911364,-1.0820408565621213,-0.07585529928698051,-1.252848912995664,0.0813,0.256,-1.0771467868486198,-0.07603653254155217,-1.25106488189185,0.0766
1787414391.2387955,-1.0022701750396574,-0.05941163994958037,-1.3616703978943718,-1.0768027925295696,-0.07726031472888112,-1.0109189706175103,0.0766,0.351,-1.0767626141433937,-0.07776639737584444,-1.0016141290660905,0.0767
1787414391.3034384,-1.0019911453944452,-0.05935144523850202,-1.3755198890094014,-1.06942786943915,-0.07186384076817673,-1.0835518881924686,0.0686,0.292,-1.0567759249602589,-0.06785123375866685,-1.2102138678428924,0.0554
1787414391.434022,-1.0012734333953968,-0.059974098873601625,-1.4254872835675338,-1.0592747588376583,-0.06877635146337,-1.1952424414149785,0.0587,0.230,-1.0566724061290196,-0.07161962903194304,-1.0507466914612795,0.0566
1787414391.4992769,-1.0008591590770728,-0.060647674714626766,-1.3691888763345874,-1.0540735561987566,-0.07089698953605739,-1.1752741760574594,0.0542,0.194,-1.0446824862277477,-0.07127957262826545,-1.1254009123104007,0.0451
1787414391.63784,-1.0002856650777594,-0.06196733870797303,-0.9025242619915399,-1.046309838754887,-0.07120948871170917,-1.1264152072040063,0.0469,0.224,-1.0550165198136279,-0.06936137484198947,-1.118214815787654,0.0552
1787414391.7606816,-0.9987149769023235,-0.06179527294497555,-0.9666805525185584,-1.0411463513936385,-0.07121765472155502,-0.6358550197748905,0.0435,0.331,-1.0396437466111568,-0.07205227720857085,-0.6204182946574318,0.0422
1787414391.8268435,-0.9978503571077911,-0.06133283724096967,-1.1074440946330577,-1.0425409836912052,-0.07411626154066318,-0.5906767966891171,0.0465,0.517,-1.0457197973533572,-0.07498192517850741,-0.5783195392181221,0.0498
1787414391.9555054,-0.9958194957555151,-0.060642430075703864,-1.639338957724656,-1.0264966212901845,-0.0672491976572647,-1.0128310784202006,0.0314,0.627,-1.0170997697786668,-0.056876971985611376,-1.4480963648703782,0.0216
1787414392.0183105,-0.9945080100336079,-0.060745066400387335,-1.892784776303881,-1.0242015680855507,-0.05804352687192391,-1.7328078592240224,0.0298,0.160,-1.029499800265787,-0.057886691872442594,-1.7433065327010402,0.0351
1787414392.1464417,-0.9915784807700223,-0.06185774202657203,-2.1660652899563844,-1.0396300555401505,-0.06088011768373704,-1.8573627450947674,0.0481,0.309,-1.0660413963224558,-0.0594877820056591,-2.235426177268324,0.0745
1787414392.2100487,-0.9901862956919864,-0.06259107675548717,-2.156824626486545,-1.0543621056404096,-0.05989157373372762,-2.2000268056132457,0.0642,0.043,-1.0660413963224558,-0.0594877820056591,-2.235426177268324,0.0759
1787414392.3391643,-0.9860702176588624,-0.06305310818264873,-2.0976802529089404,-1.0418778209643642,-0.06967565116810169,-1.8755666281749783,0.0562,0.222,-1.0388107863149327,-0.07093927162215077,-1.8611419488659122,0.0533
1787414392.4027245,-0.9839559182931799,-0.06277068255519391,-2.0048389105867397,-1.0688775031359083,-0.07367940712040516,-1.7520042945892376,0.0856,0.253,-1.0794772314813965,-0.07513895257794921,-1.7245011303064648,0.0963
1787414392.5273385,-0.9797899034619544,-0.06172156231199135,-2.09567009187063,-1.0836186577151943,-0.075465300686464,-1.7330934693394273,0.1047,0.363,-1.0905421487655402,-0.07625864583271917,-1.718523441964317,0.1117
1787414392.6597126,-0.9768306305404219,-0.06160574062779714,-2.140609458026736,-1.0968788799229623,-0.07875699264763729,-1.6220595790609706,0.1213,0.519,-1.1596568789973467,-0.06450261513824591,-2.3242457209175207,0.1828
1787414392.723207,-0.9752793251878923,-0.06193295288371595,-2.164911529685975,-1.1493446061099564,-0.06587243357989662,-2.3269497620977755,0.1741,0.162,-1.165848381075747,-0.06272760533043836,-2.463393314566398,0.1906
1787414392.8513107,-0.9722376578789287,-0.06311225773961554,-1.9662050431512925,-1.1592337342294559,-0.05882746294396143,-2.7008018848764146,0.1870,0.735,-1.171997040408884,-0.060610067317345445,-2.7008018848764146,0.1998
1787414392.9174898,-0.9708131645661392,-0.06362483388836201,-1.700631206946939,-1.1824278222594988,-0.0593088311951279,-2.7920617220418262,0.2117,1.091,-1.2025196915533956,-0.05528217179244254,-2.7920617220418267,0.2319
1787414393.0345945,-0.9684755735413535,-0.0633191743527858,-1.65672336296719,-1.2017538740483305,-0.056514917800846276,-2.866783886577176,0.2334,1.210,-1.2012128974434952,-0.05523164170232586,-2.7920617220418267,0.2329
1787414393.1605165,-0.9660878158653196,-0.06213185406437432,-1.772445582034354,-1.2064926695172036,-0.054929160716598556,-2.906314163079025,0.2405,1.134,-1.1987148974444388,-0.052740763843647016,-2.9063141630790255,0.2328
1787414393.225548,-0.9654794595292383,-0.06177573341774817,-1.77965394252932,-1.210270374149388,-0.051858566631973996,-2.9908316132012183,0.2450,1.211,-1.2051683348887647,-0.05139129675485383,-2.9063141630790255,0.2399
1787414393.3490288,-0.9641345298483496,-0.06181065362062441,-1.8699188386438526,-1.2061094380142203,-0.05006661391603128,-3.0413458609057877,0.2423,1.171,-1.1897522519781158,-0.050654464359126024,-2.9908316132012183,0.2259
1787414393.4092612,-0.9634001867441204,-0.0621753517566461,-1.879476539651688,-1.2012825752374314,-0.04807616665368478,-3.129308890392385,0.2383,1.250,-1.1924984967780223,-0.04891155678534784,-3.129308890392385,0.2295
1787414393.5336938,-0.9621299085158103,-0.06317813456275238,-1.5629515074434754,-1.1985948681896996,-0.04621922128673438,-3.2172795650859007,0.2371,1.654,-1.1924411742768533,-0.04786301788913692,-3.129308890392385,0.2308
1787414393.6534941,-0.9615622262028145,-0.06302961339103712,-1.563044293581387,-1.203193946489799,-0.044258891330301496,-3.2586664884233993,0.2424,1.696,-1.189916445423273,-0.04404598072258042,-3.2586664884233993,0.2291
1787414393.7132072,-0.9612382646656608,-0.062394266418777176,-1.486433103125757,-1.1940262115229832,-0.04178173231621774,-3.357252923563101,0.2337,1.871,-1.1745692959411187,-0.037954600863738676,-3.357252923563101,0.2147
1787414393.8303423,-0.9607253391618022,-0.06073029195043682,-1.6410397916780515,-1.1735208437998539,-0.037349871273415686,-3.4670723560457053,0.2141,1.826,-1.1582255548621445,-0.032956746244779,-3.357252923563101,0.1994
1787414393.9493172,-0.9611525666646823,-0.060054581386038045,-1.6839719205071766,-1.1655245838340267,-0.03524354800508338,-3.5168160991004,0.2059,1.833,-1.1366827837693776,0.10411576327038244,-10.316547302460636,0.2403
1787414394.0118368,-0.9612943820288168,-0.0601211354984339,-1.759376008615619,-1.1830596757691028,0.22298523434296222,-16.99466923817785,0.3596,15.235,-1.2319606142162869,0.2782980905929534,-17.9006959297759,0.4333
1787414394.1240795,-0.961589638084549,-0.06080846403804683,-1.700495213631393,-1.144651552804861,0.21789730954512015,-15.795939422084244,0.3334,14.095,-1.1033936573080616,0.19776230260933997,-15.345261414234953,0.2949
1787414394.2513785,-0.9632241494864519,-0.060802664846138894,-1.6219901472938072,-0.39245707114659767,-0.7352852314359616,62.34777820903074,0.8836,63.970,-0.3799386309621245,-0.7312145860649637,63.75801746423289,0.8886
1787414394.3159409,-0.9639541021626578,-0.06039831623759934,-1.554615229425375,-0.8029655351947916,-0.3509353291036722,13.429692669909985,0.3322,14.984,-1.271572473170145,-0.7976904715876724,8.153360740436723,0.7989
1787414394.445841,-0.9648261014246731,-0.05870645905354803,-1.7204954130759398,-0.9516124490531873,-0.07916020665709675,-1.0347770068233026,0.0244,0.686,-1.0213701614602047,-0.07088360573051355,-1.2484545549487975,0.0578
1787414394.5127382,-0.9653734655303303,-0.057832075966112784,-1.991335483046757,-0.9717657552475891,-0.05935713662716521,-1.4614534370852648,0.0066,0.530,-1.0016613478048417,-0.06971039710223782,-1.304099210733261,0.0382
1787414394.6449637,-0.9649819442748239,-0.057441082649192954,-2.03523287590103,-0.9663951276982274,-0.05984693879529151,-1.763572808304202,0.0028,0.272,-0.9941994289127156,-0.06640798857547714,-1.6993697146501177,0.0306
1787414394.7104406,-0.9646420045093462,-0.057789635406189054,-1.9713704562029406,-0.9689639035484069,-0.057964304710813624,-1.8176520628969872,0.0043,0.154,-0.9851252299464789,-0.06103965799880428,-1.8365480066773476,0.0207
1787414394.8421624,-0.9636828827525428,-0.05862239159659626,-1.5326672839314817,-0.9603049948912058,-0.05472733762955427,-1.8840914162347668,0.0052,0.351,-0.9700956491633345,-0.06783737642776153,-1.5485648414294289,0.0112
1787414394.910636,-0.9629820766759152,-0.05868831122630071,-1.2102319631801675,-0.9520603049466573,-0.059958155861813446,-1.66298109618952,0.0110,0.453,-0.9752785944832313,-0.06662562528606268,-1.370784109580012,0.0146
1787414395.0444133,-0.9614108508819946,-0.05801618162626753,-0.6187482284944635,-0.9568304747656051,-0.060332491340743165,-1.467014557168383,0.0051,0.848,-0.9777352819051227,-0.06292554950667106,-0.9036417831360971,0.0170
1787414395.103029,-0.9606653312532318,-0.057426240467042276,-0.46703653590204824,-0.9583667498133512,-0.05741818349410265,-0.9758649012190971,0.0023,0.509,-0.9777352819051227,-0.06292554950667106,-0.9036417831360971,0.0179
1787414395.239448,-0.9584731792191372,-0.056965128745680695,-0.4422513291060182,-0.9490043656565397,-0.05719126473647506,-0.3692592579725243,0.0095,0.073,-0.9672270277152566,-0.059446208528555686,-0.3093473969367316,0.0091
1787414395.311787,-0.9568341548176595,-0.057347948808957626,-0.4046483425522229,-0.96769642912811,-0.05228610032678524,-0.4877578981890045,0.0120,0.083,-0.9838269893086852,-0.05444533650791296,-0.47388258389549087,0.0271
1787414395.4416518,-0.9535341825188897,-0.05879633594707936,-0.06825708919946441,-0.9734884254731996,-0.05347642002594397,-0.3970568666578578,0.0207,0.329,-0.9891737913333261,-0.06256151559675949,-0.0909664421984312,0.0358
1787414395.5643227,-0.949145531926913,-0.0594607094357831,0.12098952601658373,-0.9758629557966529,-0.05974533738822343,0.07214537410750682,0.0267,0.049,-0.9836106432212609,-0.06269854236434708,0.1034471061958795,0.0346
1787414395.6290445,-0.9468722962773753,-0.059411234626737426,0.22533228513836268,-0.9496807935737064,-0.04269572084272296,0.008420298456265473,0.0169,0.217,-1.017408747278594,-0.07262192281220747,0.4808930676203594,0.0718
1787414395.762172,-0.942429681411423,-0.058509254640193395,0.36739217856974155,-0.9448044960933429,-0.06196361630451203,0.36667850853135303,0.0042,0.001,-0.9176371114461244,-0.06026827176156908,0.3375314475756332,0.0249
1787414395.8342392,-0.9408293949406459,-0.058388024182319406,0.3607711046315264,-0.9932154271487674,-0.06164048495261168,0.4645076139825261,0.0525,0.104,-1.100190112098895,-0.048212162221816485,-0.469552051177576,0.1597
1787414395.9057717,-0.9391653696887511,-0.058537285963414065,0.3246947958496076,-1.0671919894088313,-0.04980232267319046,-0.32356007509517154,0.1283,0.648,-1.0951291082506704,-0.04772791149374138,-0.4812598623114346,0.1563
1787414396.0341704,-0.9357050608213093,-0.059625518861780344,0.34119837829664756,-1.0978455555628488,-0.03713086036597069,-1.1930637648652622,0.1637,1.534,-1.1323948045051997,-0.027496868596402456,-1.6544680546535984,0.1993
1787414396.1018305,-0.9340550449891477,-0.0603658519858314,0.5196080850020288,-1.1242636714452265,-0.03485648606764928,-1.3601254194337937,0.1919,1.880,-1.1373273770773178,-0.036804616728330526,-1.1930637648652624,0.2046
1787414396.2268958,-0.9315257568006319,-0.06096340546984797,0.5558192276880171,-1.1466792674591169,-0.02884517901167044,-1.4968986412162173,0.2175,2.053,-1.1566096014605856,-0.03192447594754582,-1.3601254194337937,0.2269
1787414396.3431747,-0.9288096596701253,-0.06058136457650425,0.5246928091787927,-1.1569887248393476,-0.025816591599618882,-1.5749929524091075,0.2308,2.100,-1.1591014141736526,-0.02818979435725417,-1.4968986412162173,0.2326
1787414396.4044738,-0.9275166169569466,-0.060202225086389,0.3716920367961231,-1.1646683177450037,-0.02179942492869337,-1.7151143869970575,0.2402,2.087,-1.1666877970290828,-0.02699034897801564,-1.7151143869970575,0.2415
1787414396.5256176,-0.9253625710385398,-0.06013360043105449,0.10766646979338867,-1.1762306000541252,-0.021481156109634605,-1.8509505538684872,0.2538,1.959,-1.17697992426482,-0.03705265416590565,-1.7151143869970575,0.2527
1787414396.645072,-0.9234462499541329,-0.06139144625452364,0.028596696072571263,-1.1797136850804792,-0.02028896212072371,-1.9981356509666277,0.2595,2.027,-1.1732124943241333,-0.03158034589564881,-1.850950553868488,0.2515
1787414396.7042325,-0.9225305829906214,-0.06232241062407968,0.07282282795436676,-1.1797513961205273,-0.019954948786258905,-2.07126916440084,0.2607,2.144,-1.1734376655540537,-0.030176828330198028,-2.07126916440084,0.2530
1787414396.826157,-0.9217874632137075,-0.06339379797364869,0.1678565885962557,-1.176460641336006,-0.01965614134877198,-2.2324348458577745,0.2584,2.400,-1.1672244501477722,-0.03056252385886693,-2.07126916440084,0.2476
1787414396.9442937,-0.9208612966271982,-0.06351063788563435,0.3324306209200668,-1.176958009018482,-0.01947500447713568,-2.3088971621651337,0.2599,2.641,-1.1686077417874232,-0.028849842655806434,-2.232434845857775,0.2502
1787414397.0050771,-0.9203834487838193,-0.06315248104613132,0.40346292757813074,-1.1714346347307916,-0.0175792418408785,-2.469719231444061,0.2552,2.873,-1.1608607761265402,-0.01363861517905704,-2.469719231444061,0.2455
1787414397.129464,-0.9199635199888756,-0.06257514903972566,0.2526883799340599,-1.169497491157089,-0.012441132640511866,-2.632627150969501,0.2545,2.885,-1.1680942783946442,-0.009566565130810209,-2.469719231444061,0.2537
1787414397.2501326,-0.9197188807065999,-0.06301088034293048,0.05160370157307904,-1.1631893673551237,-0.010652356137671123,-2.7196956682451985,0.2490,2.771,-1.140537549241382,0.12876370363816514,-9.860575330937074,0.2925
1787414397.312509,-0.9195456901377314,-0.06355485402450552,0.005886267877407818,-1.1405288114455603,0.13055030795607314,-9.834547929042989,0.2941,9.840,-1.131794840963811,0.12716475141911393,-9.750101214922502,0.2853
1787414397.443852,-0.9201302419566193,-0.06369857880044116,-0.2385391793462238,-1.1238735570997127,0.12055746567385162,-9.904515356334853,0.2747,9.666,-1.114894722478814,0.11375795667766439,-9.756352477917696,0.2635
1787414397.5066078,-0.9203574690836072,-0.06347885212204381,-0.23119724163445823,-1.1167062080925514,0.11742549124952731,-9.841869404455425,0.2670,9.611,-1.1029115407682943,0.11064623322862638,-9.613489775273191,0.2523
1787414397.6317918,-0.9208782749017203,-0.06165057351065497,-0.22469666731325658,-1.0981913226715303,0.11140375422262966,-9.672564259823703,0.2478,9.448,-1.088943032304032,0.1069202172129799,-9.564366508307392,0.2380
1787414397.7618678,-0.9216248158371121,-0.05923093275702346,-0.6441140028509994,-1.0856566214603713,0.11367097050994066,-9.764733637183692,0.2383,9.121,-1.0765429464961682,0.11123960772799014,-9.699438573610738,0.2303
1787414397.8259678,-0.9212996226357506,-0.05876536904827366,-0.6619257800631001,-1.0418204818159271,-0.2217721892917664,9.990068526057971,0.2027,10.652,-1.1007898661370235,-0.27138540035666037,9.676221680032237,0.2783
1787414397.95127,-0.9205022241390723,-0.05862067874351532,-0.6548952613242283,-1.0716436042152941,-0.256475757073598,9.557860808439546,0.2490,10.213,-1.0967199811547725,-0.259664411054377,9.530050983387959,0.2673
1787414398.0233927,-0.9201302643311116,-0.058790802713331765,-0.5315983683837379,-1.0733473381038738,-0.253942154792165,9.149131276177195,0.2481,9.681,-1.095307979058277,-0.2571661051873853,9.322321292009736,0.2647
1787414398.1542902,-0.9192716976184527,-0.05877598001630816,-0.25709427481363045,-1.084281953269787,-0.2589168592047848,9.371025987990699,0.2594,9.628,-1.0844464760091088,-0.2630321022079135,9.894536465593928,0.2627
1787414398.2185225,-0.9185997566131666,-0.05832879021117451,-0.2984397933351812,-1.0590543828488737,-0.14370671701735127,-10.89819757479608,0.1644,10.600,-1.278191544555486,0.33970193887839456,-5.634935484559407,0.5364
1787414398.3438246,-0.9172296227017929,-0.05684352873833243,-0.6122251977333502,-1.0496865899249954,-0.15419251674428647,-11.592998402353539,0.1644,10.981,-0.9907530240507555,-0.05951359687735309,-0.6547541875133346,0.0736
1787414398.411167,-0.916016371227898,-0.05633720316410063,-0.6408413383636474,-0.9844731132156203,-0.064775669728484,-0.596650750674082,0.0690,0.044,-0.9834226016252751,-0.06355928950714011,-0.5788315650863125,0.0678
1787414398.5482929,-0.9134471273528592,-0.05610252174431835,-0.7785253100785128,-0.9794564304206149,-0.05665664624785933,-0.787831005943312,0.0660,0.009,-0.9828056866658736,-0.05509068108592607,-0.8170551267676188,0.0694
1787414398.6218202,-0.9121018671597255,-0.0563639341535193,-0.7936124009306894,-0.9567673240670782,-0.05131455680516481,-0.7197379118468438,0.0449,0.074,-0.9916891145606215,-0.054528191006206234,-0.9920029307780246,0.0796
1787414398.7621913,-0.9101184550163683,-0.05681795276124247,-0.6630612464656461,-0.9188697236727807,-0.051578960202502556,-0.9195176738318999,0.0102,0.256,-0.8880105192237936,-0.05037538366834905,-0.9095761803490275,0.0230
1787414398.8274884,-0.9093290341972771,-0.056572198996562656,-0.6283282634316047,-0.9717549046891978,-0.06076657857877692,-0.4705336356491369,0.0626,0.158,-0.9903209839433317,-0.06548191952168622,-0.447475018190161,0.0815
1787414398.9562747,-0.9076209803372361,-0.055342899651156775,-0.6698634335149066,-0.9851175985756407,-0.06344684411840416,-0.41589758448092545,0.0779,0.254,-0.9913354936605013,-0.06404280954316588,-0.40447785884348564,0.0842
1787414399.0244231,-0.9068609434109519,-0.05458140010525745,-0.8678456332297134,-0.9765727763802677,-0.06232848675894349,-0.345241885757116,0.0701,0.523,-0.9878365102201043,-0.06292186574781752,-0.42084663001225264,0.0814
1787414399.0966713,-0.9065615628149712,-0.054152351144951504,-0.8851645605715253,-0.9846568339512052,-0.08262254959528156,0.41860335273211147,0.0831,1.304,-0.9907726921103986,-0.08956755008522393,0.5443787526067767,0.0914
1787414399.23451,-0.9057750646028295,-0.054157514054154074,-0.9164976393745451,-0.9781241808187778,-0.08511041005633782,0.5471517707554167,0.0787,1.464,-0.9907726921103986,-0.08956755008522393,0.5443787526067767,0.0921
1787414399.2992344,-0.9053882482646023,-0.05447817314722802,-0.8188537889024143,-0.9472217057247883,-0.08250860839974579,0.2782188409780559,0.0504,1.097,-0.9468668837347027,-0.08204570306556985,0.2708240633783382,0.0498
1787414399.4312565,-0.9047830126586316,-0.054858864451775576,-0.2917632509497926,-0.9654529953376458,-0.07374823415826236,-0.3685827268991761,0.0635,0.077,-0.9785485714771651,-0.0684150802699304,-0.4600003302451686,0.0750
1787414399.5618372,-0.9032282531993907,-0.05358476031122482,-0.388842273116355,-0.9742871957677969,-0.06617229021573007,-0.14026226011691598,0.0722,0.249,-0.9768876309853896,-0.06600095853037179,-0.14168201272133799,0.0747
1787414399.6253006,-0.9024438632205349,-0.05259513928166773,-0.59264673395556,-0.9622823047381136,-0.06797837765053123,0.06259865254520779,0.0618,0.655,-0.9559759945480245,-0.06814982729574759,0.06341009443959829,0.0557
1787414399.7586112,-0.9005893054467349,-0.051468148394462496,-0.7165179609424125,-0.9704412837667362,-0.06298358568046866,-0.4651014480038121,0.0708,0.251,-0.9693873678278789,-0.061709502877762924,-0.3253822352704967,0.0696
1787414399.8237941,-0.8995966010398366,-0.051307273700322426,-0.8134109557614603,-0.9690732682876547,-0.06171242764405815,-0.3268303048980117,0.0703,0.487,-0.9825943776157637,-0.061225474119967975,-0.3726377537332049,0.0836
1787414399.9527957,-0.8975551447860975,-0.05162082487353177,-0.840199066842771,-0.987175767987946,-0.06422520920333116,-0.7124280934328284,0.0905,0.128,-0.9818963428926112,-0.07191046660737149,-0.344987526365926,0.0867
1787414400.0183868,-0.8966434092565201,-0.051835579123012114,-0.6774966401077054,-0.9834602438374717,-0.07023974234163756,-0.3744482466942102,0.0887,0.303,-0.9779807421031194,-0.06557614534135653,-0.45955275889261626,0.0825
1787414400.1526337,-0.8946246933709695,-0.05125354091341844,-0.6605079681107047,-1.0086370752339577,-0.0745325220384187,0.1511597505305192,0.1164,0.812,-1.0437061517671993,-0.08707009601722883,0.5684956811330808,0.1533
1787414400.2195334,-0.8935251734802638,-0.05054538443366171,-0.691755912004151,-1.0368779789954592,-0.08722061730365564,0.5499307142011558,0.1480,1.242,-1.0415095334113849,-0.08889615586423381,0.5903211123986793,0.1529
1787414400.3521962,-0.8919027508826833,-0.04936897709998057,-0.8547765291154881,-1.0411680510160355,-0.08944296151094573,0.5799452910779788,0.1546,1.435,-1.034482280371278,-0.08525801278366847,0.37224266034193443,0.1470
1787414400.4180782,-0.8912559280653604,-0.049242902779269716,-0.8872789852232088,-1.0096755156747126,-0.07555976084556323,-0.059327256884731956,0.1213,0.828,-0.9924054062932505,-0.07088963955685287,-0.15716776830386947,0.1034
1787414400.547064,-0.8899986249575661,-0.050235214908673304,-1.0019972442185203,-1.000836995521812,-0.0718099154513943,-0.20090711769959269,0.1129,0.801,-1.0099122150228454,-0.0652827284948698,-0.5885359515684297,0.1209
1787414400.6101778,-0.8894478675393338,-0.05108129920598773,-0.9382907088859903,-1.0051164174267786,-0.06743858331254904,-0.5257634619759819,0.1168,0.413,-1.0013520475714295,-0.07605745110054662,-0.3134145726797387,0.1147
1787414400.742916,-0.8888376167973842,-0.05225993897502007,-0.5978359695619002,-1.0023620111342335,-0.07477077189838244,-0.33471382400606103,0.1157,0.263,-1.0356533054366384,-0.09411098298954652,0.8707339970631707,0.1527
1787414400.8068898,-0.8886555727605593,-0.0523274605105153,-0.39482864829551073,-1.023295334969034,-0.09263258973763228,0.5625493398601485,0.1405,0.957,-1.0239959797315403,-0.09316995535966373,0.5692790991321588,0.1414
1787414400.9368837,-0.888448496048864,-0.0519992112710611,-0.2358461030486524,-0.9975851759708099,-0.0790006130337575,0.3936953398666496,0.1124,0.630,-0.9829190732337538,-0.07455793036990489,0.2945173089783336,0.0971
1787414401.0049903,-0.8883968996141918,-0.05224534351175873,-0.24610062163720325,-0.9968337030544674,-0.08019595772664545,0.4580568650478927,0.1120,0.704,-0.9658412602765551,-0.06527635096890105,0.08875980809905726,0.0785
1787414401.1342683,-0.8878721974204282,-0.05358363278428591,-0.2796286459794922,-0.932582145310183,-0.04913478992591664,-0.8096829349211888,0.0449,0.530,-0.909632624458939,-0.04222977900072458,-0.9291576170101659,0.0245
1787414401.2605953,-0.8868727793468647,-0.05608469080813158,0.03498711556553923,-0.9419787260489014,-0.0508371039159472,-0.35653640744810805,0.0554,0.392,-0.935313795489089,-0.05046220507752593,-0.29586471727938807,0.0488
1787414401.3261187,-0.8857714524905267,-0.056975164696839116,0.07134868779656951,-0.9330137293109769,-0.062050743951269,0.29582765510734094,0.0475,0.224,-0.934358009224087,-0.06574852430810957,0.3558878214449973,0.0494
1787414401.4558215,-0.8834246551740249,-0.05800513305508698,0.22302201620490733,-0.9368992363552373,-0.06562960692294781,0.3393938429967271,0.0540,0.116,-0.9411941262399115,-0.06681443505414042,0.3571803964988851,0.0584
1787414401.518682,-0.882180468001903,-0.058152247902589896,0.25613308502929594,-0.9443612992550654,-0.06869160457395537,0.4412529928019376,0.0631,0.185,-0.9390767454465482,-0.06541898345009622,0.4899257977733535,0.0574
1787414401.6506524,-0.8798918946507451,-0.058244738348677515,-0.030611944245473022,-0.9504679478956036,-0.061069680225405806,0.19392396908043655,0.0706,0.225,-0.9527127375986407,-0.05479848238429152,-0.08257577974349778,0.0729
1787414401.7157733,-0.8787690441206052,-0.05865539135125024,-0.029451908920853913,-0.9600489370698391,-0.05827729504167167,-0.039840862057618186,0.0813,0.010,-0.9681209079450998,-0.059679613137089485,-0.01721789113591197,0.0894
1787414401.8425884,-0.876370936612885,-0.06026159338504391,0.018636973580715532,-0.9641242777480723,-0.05166060605771904,-0.41698056334240674,0.0882,0.436,-1.0251220142871806,-0.044398353582507925,-0.8879560175066414,0.1496
1787414401.9066436,-0.8756379629939502,-0.060891271449477535,-0.13749421302900508,-1.010720286741385,-0.04315881150237166,-0.969793374187792,0.1362,0.832,-1.0238239474937185,-0.04179864288289942,-1.043368406496098,0.1494
1787414402.0480683,-0.8742137912689724,-0.061635005751413945,-0.04737298097428691,-0.9860453956853367,-0.05163140291695518,-0.6231328437785416,0.1123,0.576,-0.9732087646655629,-0.053447482146752136,-0.5661531674062588,0.0993
1787414402.11521,-0.8734714786592025,-0.061386545188048404,0.05764622895070442,-0.9798983941711669,-0.06346829582193624,-0.03770814419140653,0.1064,0.095,-0.976841008420814,-0.06558417828087697,0.014971568526678353,0.1035
1787414402.242504,-0.8721103608591279,-0.060062862447647934,0.06045687885061384,-0.9663323617343758,-0.0619127860191378,-0.004214698782922688,0.0942,0.065,-0.9596417951547821,-0.06119503573341444,-0.010504465949474621,0.0875
1787414402.306996,-0.8715325439399365,-0.059484559908744426,-0.11824176920305118,-0.9977987534954686,-0.048506923789471086,-0.7562415935698471,0.1267,0.638,-1.020845233720052,-0.044132262803934376,-0.9240493342016767,0.1501
1787414402.427813,-0.8700382339013647,-0.05936430220046338,-0.1400335680203669,-1.0197829325017902,-0.040495407503647815,-1.2819989854435812,0.1509,1.142,-1.0297667829143489,-0.038621549076284345,-1.364914804032561,0.1611
1787414402.5556698,-0.868847950407051,-0.05975169381580148,-0.26211924367215583,-1.0271277096963076,-0.038914815213686234,-1.341512497855931,0.1596,1.079,-1.029227805029334,-0.03878740167398763,-1.3531489410922801,0.1617
1787414402.6203046,-0.8685435876396521,-0.059661372852278696,-0.23885797428333372,-1.0224559127649004,-0.04168233325048169,-1.045848822417072,0.1550,0.807,-1.0156785345854844,-0.04316611890594955,-0.9916389087309607,0.1481
1787414402.754226,-0.8678283782586935,-0.058708338029797566,-0.11324890154101455,-0.9775909154461592,-0.05973360806350257,-0.31685250140164767,0.1098,0.204,-0.9467033148974052,-0.06505279311715713,-0.043618044225825124,0.0791
1787414402.8191972,-0.8674164926457018,-0.05779281524676837,-0.08134731422788626,-0.9569789301692638,-0.06448711549627002,-0.062275188685703774,0.0898,0.019,-0.9514777384079395,-0.06607478229750025,0.13495495992967507,0.0845
1787414402.9449294,-0.8673921460925574,-0.05588348864079553,-0.2501238722976365,-0.9519725136172658,-0.06600978707712002,0.1321612667377399,0.0852,0.382,-0.9435837546619721,-0.06618104216992216,0.14853299291862546,0.0769
1787414403.0136876,-0.867671241211238,-0.05525363539296406,-0.36995886592795824,-0.9422702960299071,-0.06261002289922547,-0.2903343973779725,0.0750,0.080,-0.9426743909846724,-0.06116857037976624,-0.3176305807972121,0.0752
1787414403.1408842,-0.8679045530588042,-0.05491635838386187,-0.47640835922876157,-0.9459025689788869,-0.05589409521367492,-0.4695430288902462,0.0780,0.007,-0.9345479470712743,-0.05128522144870006,-0.6325333144347516,0.0667
1787414403.2043848,-0.8679669301294765,-0.055075906857740685,-0.3488846323499005,-0.924632059519496,-0.06074731873732378,-0.3567445951962591,0.0569,0.008,-0.9212279367835992,-0.062188581357658215,-0.33085311416602353,0.0537
1787414403.3325417,-0.8678593671034792,-0.05485486499705406,-0.08977236054730356,-0.9184561787421419,-0.061638675041690835,-0.3589565960089224,0.0510,0.269,-0.9052522090684958,-0.06964218722283692,0.3137768502438643,0.0402
1787414403.4566145,-0.8670917180231019,-0.053283948871912436,-0.27315098315882375,-0.907406990643248,-0.0687832052706143,0.29927043138175674,0.0432,0.572,-0.8950675519357364,-0.0735402924900838,0.34834787591437677,0.0345
1787414403.5199356,-0.8666142300306883,-0.052572358132820275,-0.24160957212231904,-0.8906323491658175,-0.06787584117497403,0.11025032721871185,0.0285,0.352,-0.8899105443435771,-0.0661656958263272,0.08461920035536938,0.0270
1787414403.6473987,-0.865144553920906,-0.051948056156216046,-0.6732690044036804,-0.8927769628383612,-0.06476702091898866,0.17842762714510835,0.0305,0.852,-0.8957605353979613,-0.06422423090911963,0.17277188809052577,0.0330
1787414403.7094984,-0.8642133652466664,-0.05211549782842524,-0.8466962686890007,-0.8990698361629289,-0.06538539524934749,-0.3379145535866109,0.0373,0.509,-0.9026088517316149,-0.06535641119869351,-0.34019970546315303,0.0406
1787414403.8319623,-0.8619717259712302,-0.05354922648277954,-0.9469726402598057,-0.9112077565239723,-0.0697645712925299,-0.5329083176210705,0.0518,0.414,-0.9164002052388776,-0.07035714624405763,-0.5246272982489498,0.0570
1787414403.899007,-0.8609536730696272,-0.054348334874482956,-0.8277743969744611,-0.9067951212912275,-0.07267318507425594,-0.4624863938023166,0.0494,0.365,-0.90579777238964,-0.07298909674706294,-0.45764369348451706,0.0486
1787414404.031997,-0.8575532757340807,-0.05486877537031635,-0.4690647906926523,-0.9155230103471795,-0.07144342357804087,-0.4330009782595169,0.0603,0.036,-0.9208915911813997,-0.07141882972974727,-0.4346987325299867,0.0655
1787414404.1618154,-0.8539879602599398,-0.054388709190134006,-0.25647876788287755,-0.9229469680338049,-0.07598594715262061,0.07662696902355122,0.0723,0.333,-0.9260761219329433,-0.0768816818056451,0.09249759319663868,0.0755
1787414404.2298434,-0.8526539696716418,-0.05485990215735675,-0.259274935629312,-0.9231477961531859,-0.07819577580296985,0.103457192400581,0.0743,0.363,-0.9262120688862573,-0.06736851596848975,0.10622777689925933,0.0746
1787414404.3638344,-0.849855181392664,-0.05646821364620158,-0.2987631601622924,-0.8678761686740728,-0.06665348211121218,0.06112235636583983,0.0207,0.360,-0.9438492861775868,-0.06747055538143604,-0.09874001062175232,0.0946
1787414404.4293113,-0.8483753079627065,-0.05764979003889069,-0.28391864485695156,-0.908404709226139,-0.06533336891080671,-0.13626439072272284,0.0605,0.148,-0.9345838740026919,-0.06718722155064671,-0.23405992254587674,0.0867
1787414404.5555537,-0.8462317447611022,-0.059921866773544066,-0.13187674471341362,-0.926530330342516,-0.06672114708457146,-0.22971280159058283,0.0806,0.098,-0.9528756732599961,-0.06865272313487679,0.00010826852827541896,0.1070
1787414404.6218023,-0.8454870651763681,-0.06062430159546663,-0.05419087525429873,-0.970563185411054,-0.06722255746913315,-0.3300177496614669,0.1253,0.276,-0.9901221557072782,-0.06549373208011805,-0.46154623941196343,0.1447
1787414404.7438583,-0.8438290940748897,-0.06124581068113796,0.06833654722891214,-0.9587016216858495,-0.07331210586971819,0.08507215342527556,0.1155,0.017,-0.9543087452086363,-0.07165503907653135,0.17345757013880364,0.1110
1787414404.807311,-0.8430130300680825,-0.061294236461297925,0.02031637518311054,-0.9519500743501227,-0.07218825181985394,0.1216052571401903,0.1095,0.101,-0.9898165540352585,-0.05549157157794026,-0.605807300894009,0.1469
1787414404.9401922,-0.841554021693343,-0.06164642119907441,-0.4060031507050989,-0.9866618623994108,-0.060542613081626506,-0.6448028569908577,0.1451,0.239,-0.9961894676673682,-0.059711993593249524,-0.7134149766503608,0.1546
1787414405.004185,-0.8411818938488216,-0.06156297029998785,-1.359747626041699,-0.9939132835685667,-0.06206185748104987,-0.8293936584431029,0.1527,0.530,-1.0146079381570394,-0.05479069123566064,-2.138628363791285,0.1736
1787414405.1298947,-0.8404648885173144,-0.061773931569875346,-3.1220779812865587,-1.0077182469715855,-0.05692940150067936,-2.6812965162805575,0.1673,0.441,-1.002952030735502,-0.0555353475123617,-2.7284795710705017,0.1626
1787414405.2555351,-0.8400569474642978,-0.06130674463704384,-4.278252267601278,-1.01745436178463,-0.05542928064047068,-2.867303602326878,0.1775,1.411,-0.9351662172267139,-0.06448248508221768,-3.840270895688338,0.0952
1787414405.3198197,-0.8399564980502383,-0.06067588314359584,-4.8177548260388345,-0.9563671012466339,-0.06566611882505259,-3.8136801533350897,0.1165,1.004,-1.024421534346535,-0.13248855112560248,-1.3920345389487678,0.1980
1787414405.4475965,-0.8396290506116743,-0.05831720412297196,-5.491815369674694,-0.9656626684118346,-0.09353667055624931,-3.9471883775640118,0.1309,1.545,-0.9202291689143548,-0.06538316581683828,-5.166577992673396,0.0809
1787414405.511184,-0.839549750506633,-0.057032613183302924,-6.002130865145017,-0.9393306441379381,-0.07209899202191117,-5.063841058110299,0.1009,0.938,-0.9202291689143548,-0.06538316581683828,-5.166577992673396,0.0811
1787414405.6366258,-0.8386182174305098,-0.055989959868200836,-6.0638667352478555,-0.9136468222106714,-0.06886956532082336,-5.727556385478627,0.0761,0.336,-0.9062530807976615,-0.06746669223881926,-5.760647837115244,0.0686
1787414405.7006986,-0.8380826671607965,-0.0558806853357138,-6.057518528253879,-0.8783885573119221,-0.05174769100593519,-6.283665708168188,0.0405,0.226,-0.8604096830590253,-0.05239093956992968,-6.2532593299645045,0.0226
1787414405.8304362,-0.8371607395449561,-0.05607965301756913,-5.742244559367487,-0.85610186081007,-0.05281170036767156,-6.132635133763863,0.0192,0.390,-0.8559694624205354,-0.053472664126069595,-6.1208686457027435,0.0190
1787414405.9586523,-0.835097873480725,-0.05558916452501532,-5.18329880678095,-0.854547475009266,-0.05940533051963827,-5.746020350323683,0.0198,0.563,-0.8581277597867961,-0.061837254023017964,-5.703588624146636,0.0239
1787414406.0184622,-0.8339333435087214,-0.05495658808938163,-4.912141258453281,-0.8675704109391665,-0.06728609798429877,-5.161536400699487,0.0358,0.249,-0.8787689940985164,-0.07051841296167938,-5.091101181415014,0.0475
1787414406.1457756,-0.8316821753841652,-0.05324876546175588,-4.67023751413878,-0.8841112387224493,-0.06821208596362123,-4.489484713455889,0.0545,0.181,-0.893142819274787,-0.06980643482801845,-4.446259018692582,0.0637
1787414406.212152,-0.829862938985705,-0.05288659098040711,-4.6974556196625645,-0.8907695919023524,-0.0599376667804446,-4.475232021312874,0.0613,0.222,-0.8948623155495847,-0.059385672309413766,-4.481523961356433,0.0653
1787414406.353748,-0.8260529982441953,-0.05301875436728048,-4.75357162437234,-0.8977775401064918,-0.0619425032005866,-4.451431024499495,0.0723,0.302,-0.8859851490462394,-0.052281014659651605,-4.874938380531914,0.0599
1787414406.4208043,-0.8241340623588376,-0.05347374979318975,-4.666789532078113,-0.8904819672853105,-0.0545424749194106,-4.753958323550435,0.0664,0.087,-0.891831447504173,-0.05507871773890685,-4.7426215305196004,0.0677
1787414406.553949,-0.820803134591275,-0.05400511882389164,-4.43562924868605,-0.8959267010784455,-0.06081187981925931,-4.550657261643699,0.0754,0.115,-0.8999139827280503,-0.06266195770375341,-4.5164664381249615,0.0796
1787414406.6203454,-0.8192104400944911,-0.053787397667444344,-4.420785212530948,-0.9340300339399412,-0.07731148726335774,-3.490795171362002,0.1172,0.930,-0.9559358955734194,-0.08403650312765165,-3.3073780749302,0.1400
1787414406.7481925,-0.8158834466771886,-0.052671364898614965,-4.542902942631303,-0.9385926283403581,-0.07962977734294818,-3.513709450530756,0.1256,1.029,-0.9637574122792548,-0.08270437979906337,-3.3644234832267785,0.1509
1787414406.8127425,-0.8147490968034387,-0.05249837969807528,-4.530943759255547,-0.9662852862151974,-0.07415462895625557,-4.008778287832242,0.1531,0.522,-0.9701853759833136,-0.06974306093225552,-4.187598988908713,0.1564
1787414406.9406853,-0.8123680603122536,-0.05277540679325893,-4.680873187129946,-0.9744843007559282,-0.07541617175565554,-4.068084112553579,0.1637,0.613,-0.9556983225414231,-0.07368077246477824,-3.8070193989449828,0.1448
1787414407.0047,-0.8112296424730705,-0.05354600121737389,-4.667747111263112,-0.9707058208115595,-0.07199899610052778,-4.158612667048145,0.1605,0.509,-0.9764119122423096,-0.06927897169279965,-4.2864881993006305,0.1659
1787414407.1496248,-0.8091333476508035,-0.05545813147245006,-4.320528206533966,-0.9686709931975116,-0.0756799187035135,-3.797135585021979,0.1608,0.523,-0.964715545152954,-0.07611727208115449,-3.781403214457635,0.1569
1787414407.2172604,-0.8084656831155935,-0.05608275772873436,-4.108533434711239,-0.9768136667283482,-0.08977648248673561,-2.8563533023219074,0.1717,1.252,-0.9811970430987236,-0.09486950444456492,-2.6617484676420675,0.1770
1787414407.3439682,-0.8068990220239896,-0.056500532108629105,-3.726427956488489,-0.9783169357832443,-0.09604688629918323,-2.460720850657361,0.1759,1.266,-0.9665796400405743,-0.09943198297589491,-2.017607100510398,0.1654
1787414407.4061172,-0.8061293756331107,-0.056463838881313205,-3.6549415573108117,-0.966338843302392,-0.09023458121182307,-2.599916936812423,0.1637,1.055,-0.9674727821502653,-0.07366443743013397,-3.4397656722873453,0.1623
1787414407.539082,-0.8057758048273979,-0.05678213431510557,-3.7015804761164657,-0.9674107149686275,-0.0803850766781578,-3.174379251615277,0.1633,0.527,-0.9614508203774544,-0.06703037866402874,-3.5824485799936565,0.1560
1787414407.608312,-0.8055512434101427,-0.05733144485362994,-3.7508014365162876,-0.9630352165337706,-0.07056004028696981,-3.504705775058368,0.1580,0.246,-0.959849300910916,-0.07023979361356944,-3.513178723399492,0.1548
1787414407.7314436,-0.8050866892048985,-0.05906774648059507,-3.6747373781763235,-0.9584936802537061,-0.06882728004463319,-3.5755409094318304,0.1537,0.099,-0.9540588085981898,-0.06815833731101985,-3.59144622196083,0.1492
1787414407.8638842,-0.805210037751544,-0.06030191627286526,-3.4373532175710757,-0.9463026430635056,-0.07834663017436275,-2.995304287203882,0.1422,0.442,-0.9420307108440853,-0.07956022801454146,-2.961373667783529,0.1382
1787414407.9294596,-0.8053762147235002,-0.06037878594856672,-3.42484993631565,-0.9457895252605005,-0.07905822956933507,-2.9746091920598037,0.1417,0.450,-0.9390886437324867,-0.08690520426231467,-2.4959365234278597,0.1363
1787414408.0609672,-0.8056639481897616,-0.05973351530424257,-3.562045315898493,-0.9184228447560633,-0.08075012459160315,-3.008150885422154,0.1147,0.554,-0.9036611098135289,-0.0772115700055592,-3.1004111758029724,0.0995
1787414408.1280258,-0.8059208527869914,-0.05940449037266195,-3.8211524298873583,-0.9022878116248619,-0.07314663909342771,-3.208912602251567,0.0973,0.612,-0.8799283636360109,-0.06609068080804999,-3.4593683604165153,0.0743
1787414408.2606313,-0.80533340417947,-0.05985054994548777,-3.811263684556881,-0.8856557115750112,-0.06759674270398486,-3.430897818255909,0.0807,0.380,-0.8692028925807957,-0.05658523836513885,-4.049481971760111,0.0640
1787414408.3246243,-0.8049760298371373,-0.06052691971438535,-3.6971003332488035,-0.8637924024669289,-0.056001360242417315,-3.9944147116931585,0.0590,0.297,-0.8630491905344311,-0.05592855112826827,-3.9944545782296617,0.0583
1787414408.4534924,-0.8039859336824233,-0.06187607319690917,-3.442157857756736,-0.853977889077328,-0.05702956731880003,-3.852378994242848,0.0502,0.410,-0.860974730107424,-0.061748188711764844,-3.5302508222327447,0.0570
1787414408.5193074,-0.8032328668814497,-0.0621770965004905,-3.376019495084822,-0.8582249447465092,-0.06726810843904797,-3.298591292989516,0.0552,0.077,-0.862813316129738,-0.06935440894822546,-3.262983769503507,0.0600
1787414408.649857,-0.8015261703913926,-0.062007385177508464,-3.2901841349453846,-0.8536193882053926,-0.07083059285828308,-3.0946629117703206,0.0528,0.196,-0.8775630471151661,-0.0750745645804467,-2.920256046375376,0.0772
1787414408.7077773,-0.8007009094757425,-0.06165023228294432,-3.3976342026922146,-0.8673474645310142,-0.07333333816917983,-2.9634926525213365,0.0677,0.434,-0.8775630471151661,-0.0750745645804467,-2.920256046375376,0.0780
1787414408.840453,-0.7991253010175493,-0.06151053605147809,-3.621193228225273,-0.864181246349628,-0.06319259436502578,-3.526263766496418,0.0651,0.095,-0.8612554461431584,-0.06150079345227847,-3.7360200710759384,0.0621
1787414408.90539,-0.7982712879002279,-0.06184877349851733,-3.622729551293393,-0.8608793425742982,-0.05614705195814451,-3.8300388253791438,0.0629,0.207,-0.8531229228538941,-0.05838241268337057,-3.810439470666914,0.0550
1787414409.0326583,-0.7965547039087045,-0.06320114381937106,-3.428788219015314,-0.8548837066846204,-0.05789876421386782,-3.818484287009262,0.0586,0.390,-0.8508421789334839,-0.057451636725792246,-3.8356988042834845,0.0546
1787414409.0976255,-0.7958691833221788,-0.06383539323789011,-3.4015070475688187,-0.8524186579940228,-0.0594569630766012,-3.6433229813966426,0.0567,0.242,-0.8587962713034627,-0.061784193814741345,-3.61624904827661,0.0630
1787414409.2324688,-0.794329833420504,-0.064350500819983,-3.2484630269709256,-0.8556129715573281,-0.06115139648487884,-3.625051919859494,0.0614,0.377,-0.85379529408849,-0.0672849043004957,-3.298525439917587,0.0595
1787414409.3576093,-0.7926410134156286,-0.06396185596030464,-3.2935614792134165,-0.8531636757407212,-0.06624933243689164,-3.31706218963707,0.0606,0.024,-0.85379529408849,-0.0672849043004957,-3.298525439917587,0.0612
1787414409.419397,-0.791911674538915,-0.06377491030508294,-3.5004307417269427,-0.8527292389635479,-0.06676830037016739,-3.217280938941024,0.0609,0.283,-0.8538894291646605,-0.06692616931186404,-3.213637831757833,0.0621
1787414409.5492728,-0.7901935099727284,-0.0642319745066147,-3.739239310148724,-0.8578528329748896,-0.05861176673799987,-3.7740164773038267,0.0679,0.035,-0.8624584032947945,-0.06006263567878277,-3.8904157917263205,0.0724
1787414409.6148312,-0.7892278252838905,-0.06492090914558192,-3.7274142925049882,-0.8632574547377702,-0.06032610192882459,-3.87577737642046,0.0742,0.148,-0.8654300590147939,-0.060738141297842795,-3.8681728979725807,0.0763
1787414409.747657,-0.7882207454501053,-0.06555576345854659,-3.783196439331488,-0.8613741972366655,-0.059545987771737696,-3.873295674039829,0.0734,0.090,-0.8853214385246468,-0.06634003880209212,-4.000028736769578,0.0971
1787414409.8114238,-0.7876888984610818,-0.06555503948726574,-3.6951797457592566,-0.8757312446815184,-0.06486753420502978,-4.014960226202347,0.0880,0.320,-0.8853214385246468,-0.06634003880209212,-4.000028736769578,0.0976
1787414409.9407036,-0.7864213717837891,-0.06478153224140287,-3.5654243919632784,-0.8754116881878231,-0.07110453750555608,-3.605181945252539,0.0892,0.040,-0.8751394279332894,-0.07199402750589434,-3.5883314612303696,0.0890
1787414409.9990726,-0.7858062363883382,-0.0641333610980423,-3.6351717725479054,-0.8675603474815393,-0.07337846111093643,-3.4514078178345287,0.0823,0.184,-0.8639235162838441,-0.07331184866025171,-3.453559831495879,0.0787
1787414410.1315794,-0.7845464263060069,-0.06332325851880252,-3.737514170150825,-0.8584272069901129,-0.06998800814540032,-3.516973443035263,0.0742,0.221,-0.8552343600879005,-0.06910388584376169,-3.5327540198328333,0.0709
1787414410.257968,-0.7831567835151854,-0.06353797669204155,-3.8592770629346975,-0.8538697116104049,-0.06673969518074374,-3.721085577256617,0.0708,0.138,-0.852807535126461,-0.06613440939342385,-3.7321100302118038,0.0697
1787414410.3232958,-0.7825010651506007,-0.06392057888462303,-3.7963768435148415,-0.852086145327823,-0.06698275085642315,-3.7370531646494003,0.0697,0.059,-0.8549073783023147,-0.06774430098498069,-3.8047676045237813,0.0725
1787414410.458279,-0.781312822019831,-0.06435657138962166,-3.3674301887244735,-0.854187849838429,-0.0676485118215459,-3.806180217760291,0.0729,0.439,-0.8591950266334583,-0.07618476610343204,-3.363096586043466,0.0788
1787414410.515471,-0.7804828829059779,-0.06389636702433041,-3.3795740174810134,-0.8572576485954467,-0.07494630512768367,-3.386873959994906,0.0776,0.007,-0.8591950266334583,-0.07618476610343204,-3.363096586043466,0.0797
1787414410.6362154,-0.7787379628500006,-0.062429646811854665,-3.565004059618192,-0.875363665896613,-0.0726265382995635,-3.222810470653897,0.0972,0.342,-0.8476001037477021,-0.07035276496003884,-3.1918055607052747,0.0693
1787414410.7018003,-0.7779734597039921,-0.06163581427826944,-3.8400114082156076,-0.8515384749210376,-0.06919545837186941,-3.4342394353402117,0.0740,0.406,-0.8489150400996406,-0.06810946437853287,-3.4572038242634218,0.0712
1787414410.8352153,-0.7763071040922068,-0.06107314230053387,-3.8820682770959003,-0.8512290521983499,-0.067372516120013,-3.7212309734609224,0.0752,0.161,-0.8486006633862252,-0.06577274861988379,-3.8374188017333246,0.0724
1787414410.955186,-0.7745550482277248,-0.06140676690788112,-3.7888205275415134,-0.849190064275022,-0.066108708396264,-3.8308127577876827,0.0748,0.042,-0.842608058558578,-0.06243835274243467,-3.8637263200404726,0.0681
1787414411.022968,-0.7737915231664098,-0.06165954745417684,-3.562928927121729,-0.8442738161740879,-0.06740585033644214,-3.6212584754153103,0.0707,0.058,-0.845445978190973,-0.06866521571432667,-3.5982439983421566,0.0720
1787414411.1580057,-0.7720274224086496,-0.06153115350303155,-3.5330760577596925,-0.8469981377229392,-0.0720760019595506,-3.3659197370735634,0.0757,0.167,-0.8510276715887753,-0.07556659162466245,-3.232906715826298,0.0802
1787414411.2219477,-0.7710249154388491,-0.06106959333145649,-3.540314108445728,-0.8477186301627345,-0.07835459604284994,-3.200884515951986,0.0786,0.339,-0.8474157800287739,-0.07888841624472877,-3.192805175322307,0.0784
1787414411.3393228,-0.7691555590574091,-0.05980319747085124,-3.8770599412973876,-0.846855324482064,-0.07992653380684156,-3.1781039096720844,0.0803,0.699,-0.8641528500548115,-0.07538132045225505,-3.5433006903113893,0.0963
1787414411.406254,-0.7683171118227813,-0.0593877040886694,-3.89801833938375,-0.8580168361766439,-0.07330140381941008,-3.6503933927505443,0.0908,0.248,-0.8571119490577439,-0.07254435229477839,-3.6637657124880465,0.0898
1787414411.5327034,-0.7665015970287213,-0.05936856708711376,-3.94719207066039,-0.8460192566466798,-0.07006215861750913,-3.7253489484310496,0.0802,0.222,-0.8407052079112455,-0.06641830611012738,-3.7513408219193956,0.0745
1787414411.6622958,-0.7647840769660287,-0.06001672721469446,-3.6800619181085694,-0.839579394778664,-0.06732293372951517,-3.7982911476556507,0.0752,0.118,-0.8453905886085715,-0.0708678819596547,-3.6890389181459184,0.0813
1787414411.727976,-0.7639813212520432,-0.06016593343575021,-3.3948753349178133,-0.851485448443734,-0.07055386550675039,-3.4618337010866247,0.0881,0.067,-0.8600648274852867,-0.07182103391608756,-3.4308614669925968,0.0968
1787414411.8539827,-0.7620778699887084,-0.05933978042863951,-3.352862941609554,-0.8524838276959977,-0.07644368127255227,-3.0527046801967765,0.0920,0.300,-0.8458199548709777,-0.07675212053375735,-2.8843892101130804,0.0855
1787414411.9174736,-0.7610961144641573,-0.058557079981873206,-3.390543845458854,-0.8477723044454212,-0.07768516598037083,-2.8201731137233277,0.0888,0.570,-0.8475937574412047,-0.07773029800714833,-2.819195917118788,0.0886
1787414412.049097,-0.7601766912501865,-0.05807161602360748,-3.439469501498622,-0.8448935957648757,-0.07542487710999916,-2.949998736601591,0.0865,0.489,-0.8432427347514396,-0.0725602140905372,-3.055090035992361,0.0843
1787414412.1134443,-0.7596679786213519,-0.058233002559478775,-3.5548828348170125,-0.8419601270904905,-0.07072661364607598,-3.2763377575252974,0.0832,0.279,-0.8410874470182341,-0.06997496010047392,-3.2917416706227844,0.0823
1787414412.2392104,-0.7587984344162098,-0.059640454163285755,-3.5644703453288513,-0.8397153374312838,-0.06733611221530852,-3.417719588408829,0.0813,0.147,-0.8244886025702777,-0.06826434606018779,-3.413733648718932,0.0663
1787414412.305417,-0.7584605351514319,-0.06050390699932089,-3.40143214344798,-0.8227032351660017,-0.07095020447498487,-3.3038588374464966,0.0651,0.098,-0.8195493442164996,-0.07136128296769204,-3.298992251598211,0.0620
1787414412.4320219,-0.7573710980516284,-0.06137837490311684,-3.336332940874899,-0.8190187309646656,-0.07480518110027734,-3.145105757884086,0.0631,0.191,-0.8188898192849297,-0.07544392355978083,-3.134363744073366,0.0631
1787414412.5600302,-0.7560401350142689,-0.061300612066181585,-3.350095218267488,-0.8270923943438233,-0.07713904128779511,-3.00985361329124,0.0728,0.340,-0.8256336770246846,-0.08113099231559251,-2.7174618858036914,0.0724
1787414412.6248972,-0.7554451263615779,-0.061078654751407294,-3.5264551863635134,-0.8326417771570997,-0.07944418199750682,-2.7682426659992965,0.0794,0.758,-0.8371055120173317,-0.07965280190220608,-2.757999391851694,0.0837
1787414412.7514908,-0.7541379406189145,-0.06135706488157931,-3.7980190687720827,-0.8172571466853328,-0.0705535321464756,-3.3758349688853078,0.0638,0.422,-0.8106554866546063,-0.06812430228130921,-3.423139291379353,0.0569
1787414412.8132725,-0.7533067742238991,-0.06196908103653386,-3.73182998267388,-0.8085877696645181,-0.06955270673523341,-3.7202414387541434,0.0558,0.012,-0.8065053603162428,-0.06908411009942404,-3.7313774738801335,0.0537
1787414412.9460945,-0.751709434923207,-0.06371777695803461,-3.351945569387973,-0.8092990109436409,-0.06777527159190899,-3.572689042811389,0.0577,0.221,-0.8056659962666927,-0.06877448174507643,-3.4978508582644396,0.0542
1787414413.0148027,-0.7503146740621806,-0.06431802362142826,-3.3248972931939456,-0.8141085889017011,-0.07302700278852885,-2.926185122785441,0.0644,0.399,-0.8204488139689261,-0.07518556184965895,-2.877060195530112,0.0710
1787414413.1417837,-0.74728183929638,-0.06470250074562024,-3.23243595606732,-0.8140345148124903,-0.07724880002688542,-2.930280624256916,0.0679,0.302,-0.8098462267102643,-0.08032112188961725,-2.913778727561891,0.0645
1787414413.205767,-0.7457111644650027,-0.06455822149405,-3.2634677498668148,-0.818651474963791,-0.08047070583703254,-2.919467141887446,0.0747,0.344,-0.8238508661871609,-0.08095630990946069,-2.907270613107153,0.0798
1787414413.3352427,-0.7433062741691506,-0.06440414457364703,-3.437471206466972,-0.819925814166173,-0.07892188045977679,-3.039624025664052,0.0780,0.398,-0.8205961655925132,-0.07851178197681452,-3.046939261583532,0.0786
1787414413.4007678,-0.7423452050882328,-0.06473003255994864,-3.4621409480734693,-0.8246685414447691,-0.07188878082379144,-3.4260095558640766,0.0826,0.036,-0.8257257167312629,-0.06887353385502573,-3.4585430353728532,0.0835
1787414413.5344825,-0.7403493494940245,-0.06611273365814904,-3.4202844066753477,-0.825459602235834,-0.0694001029131895,-3.4496938836472446,0.0852,0.029,-0.8274763619827756,-0.0694479333016406,-3.5090386909964577,0.0872
1787414413.6041768,-0.73944181144808,-0.06699512923264316,-3.2296683180068078,-0.8241655895572884,-0.07295115651571998,-3.4325534941075753,0.0849,0.203,-0.8228271550021481,-0.07352603386923187,-3.421799286983172,0.0836
1787414413.735555,-0.7385234906943505,-0.06773341537540621,-3.1786988179871,-0.8244004912259375,-0.07295841662869464,-3.442535647535477,0.0860,0.264,-0.8337275478911823,-0.07754273676765823,-3.0868532758870972,0.0957
1787414413.8036551,-0.7379418071610906,-0.06769674410628168,-3.1596870047672514,-0.8191433599974393,-0.09468178509814862,-1.8780205807340113,0.0856,1.282,-0.8138333918278758,-0.09936138649028702,-1.7848636672675593,0.0822
1787414413.9469395,-0.7368848805801995,-0.06717037097266175,-3.452033615489834,-0.8274388872719952,-0.08691446119510035,-2.667568170892489,0.0927,0.784,-0.8209755705394993,-0.08063753968110442,-2.8091576428300713,0.0852
1787414414.0221667,-0.7364116769557498,-0.06713340272953444,-3.7437679452688357,-0.8149044779488838,-0.07054603188431313,-3.476167948617656,0.0786,0.268,-0.8099184003938152,-0.06744632000721253,-3.536372691448726,0.0735
1787414414.1532402,-0.7347798220448924,-0.06856662634795811,-3.686986661320365,-0.8148135451876899,-0.07198898687834912,-3.7050668454207005,0.0801,0.018,-0.8085433954319207,-0.06968362268072677,-3.765769029625921,0.0738
1787414414.2177804,-0.7340123546911885,-0.06957228353079674,-3.5190104955549635,-0.8078396545668501,-0.07462605740075408,-3.6427717712928986,0.0740,0.124,-0.8072131144372711,-0.07561429409194886,-3.6258593196474846,0.0734
1787414414.3483257,-0.7331944796799252,-0.07070084048677705,-3.4297552286476742,-0.8084581066309868,-0.075828796341008,-3.53458292084041,0.0754,0.105,-0.8158222337496008,-0.08012404234650859,-3.420718620641463,0.0832
1787414414.4126127,-0.7326846275774106,-0.0708768782125657,-3.36787065612916,-0.8129313502250017,-0.08179728913963917,-3.23411457261303,0.0810,0.134,-0.813698801930765,-0.08242578477104856,-3.2199063683817086,0.0818
1787414414.5364997,-0.7315980780660645,-0.07062692085873565,-3.443517904121955,-0.8122380097611702,-0.08275533373359359,-3.2300695631456233,0.0815,0.213,-0.813698801930765,-0.08242578477104856,-3.2199063683817086,0.0829
1787414414.6074448,-0.7311628114662158,-0.07048990746722611,-3.653589205985086,-0.7721684285507299,-0.08669049217125775,-2.672054433820144,0.0441,0.982,-0.7651437652101404,-0.08343617459792077,-2.7295195842262743,0.0364
1787414414.7408786,-0.7297770242692885,-0.07114151357807881,-3.6627439359112093,-0.8017648550271504,-0.08329871179517118,-3.295484401489946,0.0730,0.367,-0.8190593056336009,-0.08336593828097799,-3.2387747780694682,0.0901
1787414414.804681,-0.7290366864725973,-0.07183950922089373,-3.6251357975171294,-0.7999833192270921,-0.07153385821417789,-3.918634655875391,0.0709,0.293,-0.7941947237936752,-0.06908486754681846,-3.957985308388825,0.0652
1787414414.9314337,-0.7277348924623466,-0.07280166069736373,-3.4585341098790856,-0.7986698355508374,-0.07035732179695105,-3.967714023027268,0.0710,0.509,-0.7947031300548336,-0.07189717651322647,-3.70825251079713,0.0670
1787414415.0644193,-0.7262600817335303,-0.07232978502607926,-3.2944418019385835,-0.7903615750630966,-0.07818269192606388,-3.42562698168049,0.0644,0.131,-0.7892008953093281,-0.0793189111785194,-3.40554676154826,0.0633
1787414415.1298754,-0.7253910505157082,-0.07149544792355382,-3.249287702224195,-0.789854543229563,-0.0788824354131887,-3.3947001044425993,0.0649,0.145,-0.7887595708887238,-0.07949126146638366,-3.24235464667979,0.0639
1787414415.261506,-0.7238542201547086,-0.06962167831512808,-3.5381566552810337,-0.7954755998524701,-0.07723677466293993,-3.213074963880196,0.0720,0.325,-0.7997780550884118,-0.07729933547396722,-3.2096208399457793,0.0763
1787414415.3296509,-0.7229629575475914,-0.06913121215515479,-3.5561453451058322,-0.7952078219787567,-0.07428819368398215,-3.3592730023175763,0.0724,0.197,-0.7970322499422431,-0.07083328606367571,-3.6199449775810346,0.0741
1787414415.451712,-0.721082440052509,-0.06890912295528184,-3.5435928897587576,-0.7963600204625677,-0.07135712451576737,-3.6092315288161627,0.0753,0.066,-0.7970322499422431,-0.07083328606367571,-3.6199449775810346,0.0760
1787414415.5206487,-0.7201955849793298,-0.06903415665950507,-3.4026741808692513,-0.7926502379044049,-0.06906933219921213,-3.6720294755292424,0.0725,0.269,-0.7917334723778625,-0.06886349912722513,-3.6757534190610532,0.0715
1787414415.6572456,-0.718500716710695,-0.06891338950878918,-3.349376396500888,-0.791283638677863,-0.07603202865058589,-3.360588643387566,0.0731,0.011,-0.7954631022509926,-0.07933435259259283,-3.2916601941378065,0.0777
1787414415.7239754,-0.7175408265947221,-0.06844433212319807,-3.312215545279282,-0.7937224674103576,-0.078616809553139,-3.304515361448884,0.0769,0.008,-0.7883218013640809,-0.08171518854596435,-3.120763708444075,0.0720
1787414415.8474252,-0.7155914907361303,-0.06691665229886042,-3.471209175113037,-0.7896878843431012,-0.08140427777870016,-3.126433487395936,0.0755,0.345,-0.7883218013640809,-0.08171518854596435,-3.120763708444075,0.0742
1787414415.9140947,-0.714727422723152,-0.0662170382019442,-3.726597820475151,-0.7916346531485611,-0.07883628839434938,-3.1928012008980686,0.0779,0.534,-0.7924589401635784,-0.07857075432456269,-3.196863373717309,0.0787
1787414416.0452287,-0.7128704939749445,-0.06597764908461591,-3.747181283527495,-0.7913498257861318,-0.07586585967560407,-3.567434799911551,0.0791,0.180,-0.799847838580192,-0.07493053875360069,-3.65946395774299,0.0874
1787414416.1092682,-0.7119059416976079,-0.06622090343841422,-3.703288074674144,-0.7917484601380733,-0.07817857763211043,-3.530369090903349,0.0807,0.173,-0.7895195247588787,-0.07856821632232129,-3.523832267705505,0.0786
1787414416.2420056,-0.7101902973163434,-0.06682663276368701,-3.256327485225117,-0.7934527776925336,-0.07832069394358807,-3.532170874762116,0.0841,0.276,-0.7902483217080334,-0.07928943809304649,-3.3771068291689743,0.0810
1787414416.3092191,-0.7092602022415689,-0.06679301920972792,-3.2524117574760627,-0.7971444941837817,-0.08126702808027304,-2.91645142973638,0.0891,0.336,-0.8007683849162898,-0.08240530953403623,-2.8849159859677966,0.0928
1787414416.444788,-0.7072207960453323,-0.0657214354400314,-3.208961415748811,-0.7999221072474514,-0.08528410298300948,-2.820959807487953,0.0947,0.388,-0.803118513492422,-0.08600084363670955,-2.7638838475221483,0.0980
1787414416.5089226,-0.7062686055891783,-0.06498541400136727,-3.3571762638920917,-0.7899846573906615,-0.07909859374994642,-2.932890409536667,0.0849,0.424,-0.7832180439286061,-0.0769512677001869,-2.9750552977599076,0.0779
1787414416.6308715,-0.7044488625466888,-0.06421430168764916,-3.417810507986773,-0.7891672935170077,-0.07920128319705765,-2.9035449353117357,0.0860,0.514,-0.7903620039441436,-0.06939214962351425,-3.3271837694739337,0.0861
1787414416.7620928,-0.702497901016958,-0.06438196689125676,-3.4283559181315035,-0.7145569682859932,-0.061588275895001925,-3.632941335067673,0.0124,0.205,-0.6809753510042462,-0.05754723331497985,-3.718941968947051,0.0226
1787414416.8344243,-0.7015992772063101,-0.06470488244456163,-3.272663623806715,-0.7616656906766556,-0.06806628956680386,-3.4252562608143493,0.0602,0.153,-0.798615216669054,-0.07304738249743602,-3.1342140984291795,0.0974
1787414416.9087584,-0.7007530143076673,-0.06487454590568213,-3.004602412367486,-0.789638209207444,-0.07602221082637989,-2.9236067360279403,0.0896,0.081,-0.7940882966903038,-0.07795473159627642,-2.8790401814663427,0.0942
1787414417.0459852,-0.6987106102051572,-0.06398662388708329,-2.961579162294936,-0.8119868234370021,-0.0894591698188158,-2.1311712344378653,0.1161,0.830,-0.8248864772884577,-0.09476482436288634,-1.9292382925365157,0.1299
1787414417.1108606,-0.6976771976362262,-0.06316113677200744,-3.007387692582909,-0.8206630483174684,-0.09338505777685269,-1.888816436799095,0.1266,1.119,-0.8185812065488147,-0.09273452104245349,-1.9048449178968554,0.1245
1787414417.2275858,-0.696613492442317,-0.06263127503395344,-3.0144731181916407,-0.8227758280727376,-0.09354587840573231,-1.9917664238268382,0.1299,1.023,-0.7882577108642592,-0.0748017294710875,-2.7120438073120043,0.0924
1787414417.3592327,-0.6954894545666201,-0.06304224607443751,-3.12813834286196,-0.7938145722910213,-0.07392188121579896,-2.9469643022065353,0.0989,0.181,-0.7858607227639998,-0.06425074029827478,-3.0651690795188316,0.0904
1787414417.4242995,-0.6949434571279841,-0.06364409928419656,-3.1452644527876807,-0.7848590873950696,-0.06685440135232547,-3.165626582921695,0.0900,0.020,-0.782868258985284,-0.06692613613619688,-3.167307450948427,0.0880
1787414417.5579712,-0.6945522375441411,-0.064559797353869,-3.0149870141637254,-0.7821618221574362,-0.07422376873355768,-2.9809180465070213,0.0881,0.034,-0.7820565558272562,-0.07541800965689519,-2.9603010772711293,0.0882
1787414417.6254225,-0.694535884266487,-0.0645213702961732,-2.9843960391129927,-0.7761808939176125,-0.07520239762894723,-2.717156431542936,0.0823,0.267,-0.7747663455742251,-0.07533474525083443,-2.7142051487784533,0.0810
1787414417.749078,-0.694343952373742,-0.06366630440116697,-3.0507599491406316,-0.7748994256753365,-0.08051869695383075,-2.6469222889605484,0.0823,0.404,-0.7753870983900321,-0.08131848827277749,-2.6337950069606886,0.0829
1787414417.8125913,-0.6943346691531888,-0.06311802617327798,-3.2514691181460362,-0.761661531117479,-0.07621981179572265,-2.7632136477894127,0.0686,0.488,-0.7580405076963607,-0.07523550580394543,-2.782383358929963,0.0648
1787414417.9432678,-0.6936115537364781,-0.0628232159786008,-3.298921070224939,-0.7579433404172043,-0.07617409215175609,-2.7458241966238073,0.0657,0.553,-0.7745914214113989,-0.06990533197752598,-3.0430935023176584,0.0813
1787414418.006804,-0.6931781870870338,-0.06305156924941015,-3.314408951790539,-0.7654548778348649,-0.06882937394972184,-3.0188451444400597,0.0725,0.296,-0.7638110122633444,-0.06857345764474192,-3.0234350923733273,0.0708
1787414418.1340435,-0.6924133284075958,-0.06398578179135705,-3.06777103459208,-0.7591627135039458,-0.06799651618561098,-3.1413319906337835,0.0669,0.074,-0.765451538042517,-0.07506659331926514,-2.8206935648534204,0.0739
1787414418.2002237,-0.6921062169097989,-0.06431273594651386,-2.783045110521557,-0.7646647372348848,-0.0767457108882492,-2.6806074510361837,0.0736,0.102,-0.7721376784413048,-0.08079238532151131,-2.2860655311084375,0.0817
1787414418.3313997,-0.6905235763108891,-0.06385383157834816,-2.866472980344643,-0.7653141057537052,-0.08069151399530651,-2.2553664225773846,0.0767,0.611,-0.7635001476177241,-0.08058169295160694,-2.258901314061817,0.0749
1787414418.4504032,-0.6888320816000459,-0.06254595470218395,-3.3276140326228965,-0.7638020360283445,-0.08158394138303729,-2.204751116801975,0.0773,1.123,-0.7536733597758882,-0.07959893602552716,-2.5248258485089607,0.0670
1787414418.5167856,-0.6875531366672568,-0.062231783418271215,-3.484055612320155,-0.7519490757565709,-0.0771194675222892,-2.9256756005741593,0.0661,0.558,-0.7501404411107209,-0.07584409607256809,-2.952385199163863,0.0641
1787414418.6391802,-0.6847844337136559,-0.06244078903120098,-3.707436055495769,-0.7430202801294803,-0.0641379764133636,-3.4360608270258,0.0583,0.271,-0.7601620435079374,-0.06234059757188602,-3.507791162001646,0.0754
1787414418.7032058,-0.6832962534307263,-0.06301105163098361,-3.673494850043388,-0.7442376405886503,-0.06496105383651057,-3.7364554586408434,0.0610,0.063,-0.7701464803911776,-0.0809739050368678,-3.1339902163413584,0.0887
1787414418.8306937,-0.6805301708165433,-0.0642723969655366,-3.249792868503269,-0.7622964455172663,-0.0813146486299722,-2.9742248898435566,0.0835,0.276,-0.7646351843619847,-0.08264856293288102,-2.9473441572384003,0.0861
1787414418.9603152,-0.6779613559263189,-0.06401701463771137,-3.2293260978069815,-0.7713367867973688,-0.0876981162518988,-2.6096062509418814,0.0963,0.620,-0.76459769030147,-0.08838933386867448,-2.6149986623929315,0.0900
1787414419.024538,-0.676602442053396,-0.06351738252292036,-3.2760201127706634,-0.7670158164843874,-0.08881950239406797,-2.6039501520840607,0.0939,0.672,-0.7736001223773153,-0.0814344716033454,-2.9720396982645085,0.0986
1787414419.157324,-0.6748626249611507,-0.06328433453556961,-3.475222389155464,-0.7605836893359338,-0.0816032334364877,-2.887130800795349,0.0877,0.588,-0.7584100300943915,-0.07456163255012498,-3.095560806384069,0.0843
1787414419.2244513,-0.6739259563610941,-0.06349903740497312,-3.6922356400130543,-0.7593040523521611,-0.07595004508351781,-3.070769070801615,0.0863,0.621,-0.755899235536408,-0.07484260624487521,-3.3009328785719227,0.0828
1787414419.3508859,-0.6720641137995583,-0.06482922648072681,-4.161233929665996,-0.7597559236793132,-0.07588311566984761,-3.5304041967183033,0.0884,0.631,-0.7613892484855451,-0.07602794290857408,-3.5299813815043803,0.0900
1787414419.4146075,-0.6712010327552977,-0.06571206988886306,-4.257563226793274,-0.7624153569450964,-0.07182397395946125,-4.1015748163203645,0.0914,0.156,-0.7632320470148475,-0.07120846047906014,-4.11539609943762,0.0922
1787414419.548989,-0.670641579437769,-0.06634066906623862,-4.19510206917392,-0.7635000950252626,-0.0754051669793395,-4.14828848451796,0.0933,0.047,-0.7638033128336784,-0.07499420409951922,-4.061565048936759,0.0936
1787414419.6156926,-0.6702384982999072,-0.06623208488436384,-4.154722459440947,-0.7724631109815708,-0.0761114910607075,-4.051865950940964,0.1027,0.103,-0.777609804510608,-0.07681678143466654,-4.042335490033149,0.1079
1787414419.7395542,-0.6694305506622596,-0.06548841463651207,-4.322877721351764,-0.7738837641287056,-0.07612716072645735,-4.113258684226119,0.1050,0.210,-0.754456424079872,-0.07061932068217601,-4.023630109141457,0.0852
1787414419.8059707,-0.6691318045738095,-0.0652061248451212,-4.582307715698516,-0.7521790716188483,-0.06833356072221111,-4.177157288060242,0.0831,0.405,-0.7488064831662306,-0.06738535243485376,-4.196238909808303,0.0797
1787414419.9380624,-0.6678415411024158,-0.0656837887163866,-4.585100584521728,-0.750704903963966,-0.06710353969847087,-4.553880855205222,0.0829,0.031,-0.7558703114464002,-0.06647333787914309,-4.596542717532799,0.0880
1787414420.0626926,-0.666579456084706,-0.06698168878111238,-4.3433422078960495,-0.7487681155150042,-0.06046086986869078,-4.823192440450038,0.0824,0.480,-0.7465168998360325,-0.05932632937885622,-4.841581009576135,0.0803
1787414420.128586,-0.665981370014578,-0.06754214882932566,-4.318569714029843,-0.7407681111690504,-0.06488024618458546,-4.26264960276588,0.0748,0.056,-0.7393488665056107,-0.06568507071009527,-4.2470822330915405,0.0734
1787414420.259262,-0.6645522912394344,-0.0678867163690368,-4.216042405328335,-0.7372334840069928,-0.07020699257622359,-4.188993418505355,0.0727,0.027,-0.7473614688569759,-0.07057175571759541,-4.13637886863851,0.0829
1787414420.323862,-0.6637598038040489,-0.06769808107170416,-4.229506904732755,-0.7429846800828018,-0.07109420690919675,-4.0220866604310945,0.0793,0.207,-0.7434338014868346,-0.07144229293870488,-4.014593063950549,0.0798
1787414420.454628,-0.6623774404551387,-0.06724508223440434,-4.616513385048008,-0.7467845975377689,-0.06744321848486302,-4.091583288784468,0.0844,0.525,-0.743990596780967,-0.06465373071848664,-4.578327686572351,0.0817
1787414420.5205193,-0.661552296392905,-0.06733165160021364,-4.621920018756168,-0.743066807906779,-0.06167369761944301,-4.826632697637159,0.0817,0.205,-0.7424713149250457,-0.06096001436285708,-4.83959154657261,0.0812
1787414420.648434,-0.6598310495433953,-0.06822599769499825,-4.569468632514471,-0.7427286524074984,-0.060977019131445744,-4.820139627417763,0.0832,0.251,-0.7387431079187321,-0.06011091600129718,-4.815436426791928,0.0793
1787414420.712189,-0.6590369451976751,-0.06890382361876549,-4.398574439430986,-0.7462479198413068,-0.058322241016493144,-4.8940849165592635,0.0879,0.496,-0.7497494441195226,-0.058367570473008876,-4.894668207416512,0.0913
1787414420.8444445,-0.6567726437942534,-0.06926169888819267,-4.331113916473478,-0.7440496354689375,-0.062221777202874785,-4.6761018784520205,0.0876,0.345,-0.7424244423686894,-0.07017166628501413,-4.306665399915007,0.0857
1787414420.9093947,-0.6555152211121694,-0.06901825832484686,-4.288438902750582,-0.7442005673541775,-0.07559478246453391,-4.198376244665934,0.0889,0.090,-0.7458714742572196,-0.07707727805407477,-4.172438869897367,0.0907
1787414421.038639,-0.6529970158604897,-0.0680029075612213,-4.450936058065223,-0.7519015337712851,-0.07357480629066154,-4.166433014324111,0.0991,0.285,-0.7523749103578018,-0.07415956744795374,-4.163014366217724,0.0996
1787414421.106487,-0.6518445241132568,-0.06758446419247308,-4.707926574201814,-0.7485360193257574,-0.06802850639878678,-4.408000868077171,0.0967,0.300,-0.7459678117029652,-0.06647874417382904,-4.437229944456031,0.0941
1787414421.244169,-0.6496964245435868,-0.06795791929098045,-4.744267498786757,-0.7562665468075769,-0.06532820262028392,-4.74457330818972,0.1066,0.000,-0.7571326395095018,-0.06781285493780911,-4.681419981357001,0.1074
1787414421.3072436,-0.6486179811485926,-0.06854235269340639,-4.700858584452261,-0.7571013064939424,-0.06741881379076152,-4.688839572430052,0.1085,0.012,-0.7571326395095018,-0.06781285493780911,-4.681419981357001,0.1085
1787414421.4396427,-0.6471025961819703,-0.06951886466326168,-4.511768767539167,-0.7564319382487318,-0.07088007617945358,-4.516976483444032,0.1093,0.005,-0.6562928771706337,-0.007654809107067623,-5.275265204619174,0.0625
1787414421.5085974,-0.6464923096898512,-0.06959572335773972,-4.484232041177241,-0.7535020667684884,-0.07953856735996201,-4.1744784308111615,0.1075,0.310,-0.661582508802956,0.011801124140156818,-5.423740285683984,0.0828
1787414421.6366353,-0.6450603425933699,-0.06876652712367962,-4.3838793430141125,-0.7633030432471589,-0.08492393522932233,-4.148362267312473,0.1193,0.236,-0.7808391693962442,-0.08789583096559389,-4.096770853268534,0.1371
1787414421.7021682,-0.644430593454177,-0.06819942661893307,-4.511214263141511,-0.7518287140824168,-0.08064658343260919,-4.105871690982917,0.1081,0.405,-0.7470885898954696,-0.07941791036299214,-4.12820529914396,0.1033
1787414421.8423972,-0.6441624533247914,-0.06803536834830792,-4.5493346418291205,-0.7543415147198133,-0.07256501864462486,-4.409349896403996,0.1103,0.140,-0.6454651655224501,0.027565313419773304,-5.743179858464259,0.0956
1787414421.9077413,-0.6439623097787773,-0.06836868597441904,-4.555409299544141,-0.6847512193335485,-0.05359947973607887,-4.803775098251199,0.0434,0.248,-0.6576820481876784,0.019567949277983356,-5.7176825342177,0.0890
1787414422.0416486,-0.6437332014606226,-0.06940243558963662,-4.245954576339358,-0.6681276084551006,-0.03478649831789612,-5.061648588173686,0.0423,0.816,-0.6418229063446271,0.025795084468203094,-5.660769013931644,0.0952
1787414422.1036518,-0.6432808189507265,-0.06965567531999012,-4.231020317682891,-0.648701873385128,-0.010352894160485264,-5.049193794230947,0.0596,0.818,-0.6530555782404166,-0.0077942614380356505,-5.074205228842647,0.0626
1787414422.2334425,-0.6421077354378454,-0.06938352209993796,-4.27126032153327,-0.6425016036951361,-0.013767525546037501,-4.87334606470574,0.0556,0.602,-0.6463493266843345,-0.036681791409840424,-4.596970522921391,0.0330
1787414422.3606496,-0.6409120566766277,-0.06837000851413444,-4.721789526097955,-0.6529881039972241,-0.03595284082378245,-4.586608430528727,0.0346,0.135,-0.6232800796986614,-0.0007228664749302437,-5.288946530676761,0.0699
1787414422.420491,-0.6397760131141544,-0.06826391923599365,-4.803198360147557,-0.6295589146477217,-0.018753728148740125,-5.419275172705368,0.0506,0.616,-0.6316864581757626,-0.011931157870904572,-5.502016780706913,0.0569
1787414422.5380886,-0.6372957459438684,-0.06889891290140736,-4.89603198618698,-0.618661313950205,-0.014122120942817522,-5.4980493540889235,0.0579,0.602,-0.6469094485068237,-0.013704697371916269,-5.663893528691058,0.0560
1787414422.6593816,-0.6347816787787546,-0.07033459474090603,-4.649258648950243,-0.6372161767283594,-0.01649783124290426,-5.624671977530991,0.0539,0.975,-0.6469094485068237,-0.013704697371916269,-5.663893528691058,0.0579
1787414422.7167294,-0.6337488002325425,-0.0707377986722324,-4.629877469925369,-0.6350346601722632,-0.00370636798205117,-5.674846295658744,0.0670,1.045,-0.6382504858633427,0.0071049555421929915,-5.798412049642379,0.0780
1787414422.8498766,-0.6314629537506562,-0.07085283303264203,-4.559041149937902,-0.632150832253238,-0.0102974031309101,-5.366670029260681,0.0606,0.808,-0.6407796743385087,-0.02391460685101009,-5.126797071204771,0.0479
1787414422.9177577,-0.6302331019813702,-0.07053215743248387,-4.58866363782479,-0.6345539311195538,-0.012039078002470074,-5.2805907100600225,0.0587,0.692,-0.6430134554023401,-0.0075673298601429935,-5.3577255842126315,0.0642
1787414423.0444365,-0.6279773790946334,-0.06981562009920182,-5.0083838560044525,-0.63739126147623,-0.008802114747271546,-5.35205083585365,0.0617,0.344,-0.6475864384542827,0.0112718227173413,-5.717425342319161,0.0834
1787414423.115604,-0.6272500710526587,-0.06991726632825618,-5.011809548255695,-0.6419990343191017,0.0004633661029958009,-5.59527351412307,0.0719,0.583,-0.6298522417213077,0.008967848171319874,-6.058353882935499,0.0789
1787414423.2610605,-0.6257678492252041,-0.07093759606759077,-4.934156834884502,-0.6352137936823893,0.01573081792853872,-6.1569594230055635,0.0872,1.223,-0.6374997344643335,0.03676040006042731,-6.4067432145086105,0.1083
1787414423.329145,-0.6251238030562899,-0.07163627006553377,-4.716533172209795,-0.6307793777983635,0.018007441959305974,-6.1161451621480865,0.0898,1.400,-0.6292152614590109,0.0036374090253873653,-5.942313088718338,0.0754
1787414423.4632945,-0.62361421832173,-0.07229118721670696,-4.6650851374510856,-0.6310990836403194,0.014668779454348234,-5.776034933305084,0.0873,1.111,-0.6349716143403136,-0.00633685938949894,-5.5125484069097475,0.0669
1787414423.5310357,-0.622726942839028,-0.07221919037758198,-4.652450207927855,-0.6425182194873774,0.008266436296681327,-5.720581940541247,0.0829,1.068,-0.6164204761613621,-0.012050653766984746,-5.441759227519299,0.0605
1787414423.6586401,-0.6210804030683342,-0.07167746913409433,-4.975909967358176,-0.6278007821002634,-0.007267180135186838,-5.438140912295182,0.0648,0.462,-0.6361361698850809,-0.003184135719699452,-5.647660694298605,0.0701
1787414423.7145517,-0.6203086605161684,-0.07163320534456674,-5.267041554023156,-0.6311134147321229,-0.0061530162782432694,-5.617004292907629,0.0664,0.350,-0.6361361698850809,-0.003184135719699452,-5.647660694298605,0.0703
1787414423.850681,-0.6185587964125918,-0.07277289268117428,-5.242456046670113,-0.6255132693595056,0.0014183336715829498,-6.224878358274544,0.0745,0.982,-0.6227184758622505,0.019203904213991187,-6.446657067826322,0.0921
1787414423.913222,-0.6177326366945776,-0.07373460334724391,-5.125954025641832,-0.6235322799147188,0.010957729394534817,-6.404562771510211,0.0849,1.279,-0.6223311164118676,0.029832551072214816,-6.634290720809658,0.1037
1787414424.038808,-0.6162210107702614,-0.07535255490697822,-4.850616592009439,-0.6200733979627259,0.01722934971923802,-6.2939505026450515,0.0927,1.443,-0.6197369943848576,0.02110682201381962,-6.339221713878487,0.0965
1787414424.1054862,-0.6153696901066749,-0.07578172660148867,-4.822978129728898,-0.6243746167991753,0.002105169378529996,-5.830376638652408,0.0784,1.007,-0.6325851277257576,-0.034385524552706305,-5.380851046526248,0.0448
1787414424.2340186,-0.6134906131467623,-0.07570323207967772,-4.7438701756217405,-0.6224780482064761,0.003130214841504458,-5.8663433060926735,0.0793,1.122,-0.6422068915729895,-0.02881831915278887,-5.304300380377348,0.0550
1787414424.361693,-0.6117746131582333,-0.07562681116095325,-4.899584028121718,-0.4546528110296236,0.003270296108695968,-5.979085982288212,0.1758,1.080,-0.3010025617162434,-0.003178534216053068,-6.128540742291182,0.3191
1787414424.4278092,-0.610868879839128,-0.07598285645197454,-4.9168337673984555,-0.5308998931888919,0.012378707471936527,-6.2092589938756415,0.1192,1.292,-0.6124012993959118,0.04039261638089678,-6.469896053936076,0.1164
1787414424.547051,-0.60899843031499,-0.07734621746545456,-4.852281706118965,-0.5683620222653728,0.02378983879874215,-6.325652606063673,0.1090,1.473,-0.6050451678052734,0.03912862000376019,-6.567349706399098,0.1165
1787414424.6113975,-0.6081639036021644,-0.07818199346521318,-4.651951687249385,-0.5985637551233408,0.04080753003593875,-6.486234445850941,0.1194,1.834,-0.6086882045180675,0.053425192428145966,-6.623098805458148,0.1316
1787414424.7456362,-0.6070573466343411,-0.07874878135375471,-4.604571896252562,-0.601976915277381,0.04129015143329852,-6.255717953983131,0.1201,1.651,-0.6056118171114293,0.030900693406637324,-6.122636577322899,0.1097
1787414424.810945,-0.606378842480335,-0.07864191285484556,-4.584526438733284,-0.6060614073557952,0.03732334401693691,-6.102927931734536,0.1160,1.518,-0.609587841012431,0.019139503111318783,-5.877485079148982,0.0978
1787414424.9364758,-0.6050628125032221,-0.07791679893846745,-4.834394844633067,-0.6080140422063427,0.03236551973997094,-6.0670600682967715,0.1103,1.233,-0.6056207458237787,0.016754316959583473,-5.920186155992011,0.0947
1787414424.9992716,-0.6044970115013253,-0.07769543144338704,-5.115120987357688,-0.6109798533262292,0.026503435653566144,-6.196660693807363,0.1044,1.082,-0.6138521634345988,0.022040712142144224,-6.1445513104231315,0.1002
1787414425.1315079,-0.6030353374402397,-0.07831871777723248,-5.079563445891752,-0.608620922515323,0.025649267461800098,-6.47264132769554,0.1041,1.393,-0.6273500318389156,-0.00017263749367661633,-6.199809079722317,0.0818
1787414425.2576053,-0.6016331726148383,-0.07977250789866949,-4.724563179707386,-0.6188383994899078,0.02925403947511937,-6.659542690810282,0.1104,1.935,-0.618933907845732,0.053038749499280384,-6.92854102240079,0.1339
1787414425.3253436,-0.6009627616949045,-0.08035428853439935,-4.700364172822473,-0.6271818073650062,0.015735199602266305,-6.254529007683749,0.0996,1.554,-0.6298824195959453,-0.015194528015934131,-5.8994536903541555,0.0713
1787414425.4560745,-0.5993614931895886,-0.08071483206782552,-4.616670705671515,-0.6161071356356064,0.007325880057110972,-5.872619156899349,0.0896,1.256,-0.6085501159269101,-0.007293450085238464,-5.702803552955599,0.0740
1787414425.518365,-0.5985023518629146,-0.08053515801993957,-4.66573402262872,-0.6093230133278627,-0.004682171969212238,-5.672883634512851,0.0766,1.007,-0.6048091464253597,-0.02354230841070016,-5.451767624700264,0.0573
1787414425.6381648,-0.5969860352503037,-0.08022357062246165,-5.096838295932421,-0.6016602028320026,0.015364326175393555,-5.883072795247598,0.0957,0.786,-0.5958656572136438,0.05526494358781333,-6.356543791053918,0.1355
1787414425.7034938,-0.5961111738581075,-0.0803844075580311,-5.100865999016937,-0.6116474818005186,0.002318608221506995,-6.246571141962223,0.0841,1.146,-0.6166402721279381,-0.009034379376999972,-6.124709625063652,0.0742
1787414425.8400714,-0.5943240067310647,-0.08151037948445228,-5.081154557400456,-0.6184300776342085,0.003111303781789039,-6.307444394753612,0.0880,1.226,-0.6232999264993245,0.007810079705681223,-6.365308508142211,0.0939
1787414425.9078944,-0.593910888435716,-0.08174893630318282,-5.179225059931803,-0.6145433099547453,-0.013427577573258218,-6.046356041361483,0.0714,0.867,-0.6069190497337946,-0.022254694084205395,-5.937464010349921,0.0609
1787414426.0395243,-0.5929558903492979,-0.08168576394666965,-5.03047711780269,-0.6090074661874461,-0.007189440535046365,-6.1810643467352735,0.0762,1.151,-0.593898175441888,0.035473976744544194,-6.678797291587075,0.1172
1787414426.1069274,-0.5924330723619126,-0.08105515959606903,-4.916480124614974,-0.5896360431685628,-0.001749450985156299,-6.100676482564014,0.0794,1.184,-0.5785244117848327,-0.007763095544298533,-6.041232986882173,0.0746
1787414426.2371714,-0.5914395688566032,-0.07928475586795762,-4.995221528146591,-0.5872943871020927,-0.014044431419764008,-5.841157964137151,0.0654,0.846,-0.6044392554147024,-0.014735565419364466,-5.716237219261275,0.0658
1787414426.3017654,-0.5908277050407884,-0.07877888560131852,-5.018275769331632,-0.5905360561679907,-0.012597831906695205,-5.908060036605336,0.0662,0.890,-0.6044111447757881,-0.011698970177256258,-5.9623045712300335,0.0684
1787414426.435855,-0.5894917631753478,-0.07852657300336165,-5.076235041930262,-0.5993988862974183,-0.01293521015515063,-5.985877341811276,0.0663,0.910,-0.6017502317457679,-0.006174614169254681,-6.065541719048382,0.0734
1787414426.5602686,-0.5882552663165446,-0.07900601405881867,-4.817430248404709,-0.597977755174665,-0.014160501636884497,-6.04849790592934,0.0656,1.231,-0.5974925984583365,-0.013159342556894719,-6.060098586321504,0.0665
1787414426.6243992,-0.5872621381009177,-0.07866850915419041,-4.579345986207589,-0.5960820322940301,-0.052792660607036024,-5.101137488009559,0.0273,0.522,-0.599151824245035,-0.12512914390925636,-4.238117444926433,0.0480
1787414426.761575,-0.5845278440677364,-0.07706812352746815,-4.145557040243901,-0.5794393803977659,-0.0544127869744203,-4.890097467932393,0.0232,0.745,-0.5665684532073628,-0.044094047819237814,-5.033275070760656,0.0375
1787414426.8201149,-0.5830423592066252,-0.07585638900692235,-4.062980468185171,-0.604707778263961,-0.08123947101451402,-4.020027742017336,0.0223,0.043,-0.5728845541579746,-0.02916427596393933,-4.718769346768926,0.0478
1787414426.933986,-0.5805406262636352,-0.07389796027912064,-4.129111064264669,-0.5887270428266994,-0.0708757915550241,-4.186266649966412,0.0087,0.057,-0.5846973650412491,-0.008892677708476121,-5.0005630410926685,0.0651
1787414426.9999335,-0.5794000843517649,-0.07340371682395118,-4.1700716152794906,-0.5866132259367822,-0.04060439792632502,-4.6141927845046045,0.0336,0.444,-0.5880780630703332,0.012996163087365691,-5.325715724279034,0.0868
1787414427.132825,-0.5770481287493066,-0.07315748202992098,-4.178347245510915,-0.5879521197079396,-0.027000770248633843,-4.839102541625883,0.0474,0.661,-0.5898874629973635,-0.004847143433517025,-5.085429284931808,0.0695
1787414427.2549372,-0.5748996132015176,-0.07320338438412553,-3.766509639477248,-0.5890715994332151,-0.02074412610629743,-4.893453171812283,0.0543,1.127,-0.5869916040330937,-0.03386065890054943,-4.465608628142808,0.0412
1787414427.322266,-0.5741440871072955,-0.07282834633304863,-3.772438994663136,-0.5867800996238205,-0.020588525606108958,-4.326548357557881,0.0537,0.554,-0.5874289467878895,-0.014723750437145824,-4.388265311072584,0.0596
1787414427.4624104,-0.5724711050567172,-0.07112086911162652,-3.7362775100611127,-0.6213946685725297,-0.04728611170251151,-3.6594704542758185,0.0544,0.077,-0.7413461019089078,-0.2692831440803974,-0.4747436447565391,0.2604
1787414427.5345352,-0.5721839559938513,-0.07058810143552278,-3.661491754947641,-0.6012472010725305,-0.05218560612753651,-3.7815232895833573,0.0344,0.120,-0.5838353846154803,-0.04958192471486511,-3.8682550009196017,0.0240
1787414427.6641872,-0.5715518601134573,-0.07014656910221466,-3.798551258411618,-0.59686744168023,-0.053586343832060936,-3.8553254817582636,0.0303,0.057,-0.5930592493987599,-0.049854819878640697,-3.9093067386872624,0.0296
1787414427.732641,-0.5712823845131078,-0.07058064279443782,-3.785556003820521,-0.5908355456953904,-0.046384678775104174,-4.00158423104283,0.0311,0.216,-0.5912783967900918,-0.013325181850410983,-4.477325181683073,0.0606
1787414427.8574872,-0.5708691973000042,-0.07194556223866298,-3.4523802557875958,-0.5827188640367544,-0.03347327885243581,-4.218039176488113,0.0403,0.766,-0.5754367892466475,-0.021096598397973915,-4.381424120719948,0.0511
1787414427.9220679,-0.5704613220539538,-0.07234734653004357,-3.4323765356428444,-0.6079814709373513,-0.05253577787608417,-3.4984956187585063,0.0424,0.066,-0.6340989827885554,-0.09327208887695834,-2.952484974522169,0.0670
1787414428.0571148,-0.5694126433445796,-0.07238498733934015,-3.3824283976152887,-0.6106401220793983,-0.09358809786784589,-2.871352099644083,0.0464,0.511,-0.6150776212404425,-0.1472773874403522,-2.201039229029803,0.0877
1787414428.121585,-0.568847411870275,-0.0720798090861939,-3.446893563209945,-0.6132909513766137,-0.11448821010300886,-2.6753579132942398,0.0614,0.772,-0.6116911907543533,-0.10238322713699492,-2.819641883595384,0.0525
1787414428.247192,-0.56747848821299,-0.07170684160396595,-3.6801047127261772,-0.6098169860677333,-0.13152438622428098,-2.453681726277296,0.0733,1.226,-0.5567171440590306,-0.14489661025788875,-2.7296278464470727,0.0740
1787414428.3120863,-0.5665325233590597,-0.07193894280066701,-3.7075164218078442,-0.5963198701595512,-0.12445070198147415,-2.9022707756456527,0.0604,0.805,-0.6129730540425689,-0.10806797592958545,-3.0486945415934166,0.0588
1787414428.442277,-0.5645724299774959,-0.07311930766106133,-3.6530771370598023,-0.5908430958076877,-0.11163752156105175,-3.135606347627897,0.0466,0.517,-0.5812501926347683,-0.08483932585205523,-3.4829691440492927,0.0204
1787414428.5057836,-0.5636920032393895,-0.07386724240873396,-3.448843824134458,-0.5791905926609463,-0.10468163933520708,-3.1313025081263235,0.0345,0.318,-0.5519306328483613,-0.05602468418224447,-3.636763388839229,0.0214
1787414428.6366117,-0.560465955995123,-0.07464054754504519,-2.739835534024608,-0.5653283145470666,-0.0926915342695917,-3.175310227481983,0.0187,0.435,-0.5658769597959689,-0.08281887200418087,-2.9430785077793113,0.0098
1787414428.7640092,-0.5571485553736194,-0.07444362503111514,-2.1885062442944303,-0.5675951456973526,-0.07227315294331849,-2.6633940246617396,0.0107,0.475,-0.5738243283905723,-0.021770485974061782,-3.243692116782712,0.0552
1787414428.8285818,-0.555586222875011,-0.07419474431311601,-2.0889424039507287,-0.564838264415268,-0.07143278638801039,-2.4295938678495297,0.0097,0.341,-0.5507408670284523,-0.03058901926779557,-2.7430900304312216,0.0439
1787414428.9514635,-0.5534210588450774,-0.07456917647610849,-2.1026081048223197,-0.5573753959946421,-0.060030222195525056,-2.3746312247306114,0.0151,0.272,-0.5507408670284523,-0.03058901926779557,-2.7430900304312216,0.0441
1787414429.019921,-0.5522737076944653,-0.07519666337354153,-2.1693729006188307,-0.5621357400155883,-0.02115607536889679,-2.837606414162341,0.0549,0.668,-0.5609338233744583,0.0028707174169734758,-3.136237384508079,0.0785
1787414429.1630952,-0.5500614840938747,-0.07699768386170407,-2.0229930065227895,-0.5546367802586548,-0.011024940730893482,-3.052383522347657,0.0661,1.029,-0.5580198547155751,0.022912978863993773,-3.4345640624271265,0.1002
1787414429.2289615,-0.5494627762752915,-0.07747419011968441,-2.0075242048817645,-0.5587781629485832,0.011295565121808616,-3.100537070550679,0.0893,1.093,-0.5631995831944184,0.02244258415258116,-3.230068988290437,0.1009
1787414429.295441,-0.5487968244701252,-0.07769589356712898,-1.9869283834736242,-0.5565979586725037,0.01970104636330118,-3.05324071901642,0.0977,1.066,-0.5201258553740108,-0.26726014099073403,1.0718389662515175,0.1917
1787414429.433011,-0.5473388089648358,-0.07740631901204462,-2.0916800688302093,-0.5369921942211655,-0.07505886015286771,-1.2087613345036048,0.0106,0.883,-0.5706515071455716,-0.002253775491715249,-2.8516319287051877,0.0787
1787414429.553255,-0.5465281794672289,-0.0772383810678013,-2.338098841381711,-0.5582139974605257,-0.05477758103222659,-2.2218232311324826,0.0253,0.116,-0.5668973364890311,0.025158848989612362,-3.6173443276145516,0.1044
1787414429.6194847,-0.5463002769145165,-0.07753273259451673,-2.345697325901071,-0.5604076172386695,-0.009492917529296766,-3.26776202859332,0.0695,0.922,-0.55461735549653,0.028451870481861555,-3.7418795325341097,0.1063
1787414429.7490022,-0.5458769514675484,-0.07910043963375696,-2.413158985987117,-0.5573539381156333,0.011982496424811475,-3.5711316130324,0.0918,1.158,-0.5474966774263457,0.021985833335093248,-3.8284161112415154,0.1011
1787414429.8098114,-0.546165113776372,-0.07937246309254696,-2.428507013588231,-0.5414738551460497,0.014805580357782521,-3.5808499101545292,0.0943,1.152,-0.5344930040419985,-0.0026881145144408407,-3.3738226537525575,0.0776
1787414429.942736,-0.5462103242605553,-0.07904533801957436,-2.1731360350715754,-0.5470303890517736,0.0016463176576113556,-3.489825649875875,0.0807,1.317,-0.5558656476522367,-0.040138939607804215,-2.967145640716447,0.0401
1787414430.0089076,-0.5458958274918557,-0.07838001793093377,-2.1296493150212186,-0.5361367752281773,-0.013631162939574682,-2.936131165282704,0.0655,0.806,-0.5334657485987397,-0.046023402967440924,-2.5504540577226886,0.0347
1787414430.1365743,-0.5453966148814077,-0.07664311355760164,-2.377221156705226,-0.5472097633577028,-0.0354555968023746,-2.6031039678202927,0.0412,0.226,-0.5297956527528352,-0.004092966660816453,-3.075360063953426,0.0742
1787414430.2021654,-0.5445341293557657,-0.076284181719863,-2.40066445674215,-0.5361495486384029,-0.03672749285318603,-2.9631010715675608,0.0404,0.562,-0.5372851048931021,-0.03969740342403944,-2.931655123940709,0.0373
1787414430.3434289,-0.5425944385305236,-0.07649135094826198,-2.3607784641565663,-0.5333989524819607,-0.03760067396826889,-2.9400137301453544,0.0400,0.579,-0.5434560912675167,-0.008661090695386313,-3.2817682349837947,0.0678
1787414430.4024704,-0.5416054486324225,-0.07696676155470532,-2.1891517274043175,-0.5388155538542774,-0.023094044433251484,-3.115070130211991,0.0539,0.926,-0.5434560912675167,-0.008661090695386313,-3.2817682349837947,0.0683
1787414430.5351605,-0.5391418243751886,-0.07750821406041909,-1.7345170642887973,-0.5232393341917447,-0.02190847796817762,-2.895880605081716,0.0578,1.161,-0.5175172811296103,-0.012010864592702904,-3.0122809332755915,0.0690
1787414430.6004543,-0.5374829556630074,-0.07732184266889855,-1.5868265062813467,-0.5407253816670891,-0.061939670237717376,-1.8056375227515802,0.0157,0.219,-0.5545665800899421,-0.11815911489346227,-1.1108842487073647,0.0443
1787414430.72669,-0.5342069441694937,-0.07602996106648553,-1.490914007325953,-0.5515837402492427,-0.07933670969700299,-1.4459578898136864,0.0177,0.045,-0.5604036383304443,-0.1047343292645421,-1.1283716559466623,0.0389
1787414430.8529546,-0.5314020900280868,-0.07506159596057427,-1.6344993073623217,-0.5515184851861311,-0.06448772032383189,-1.6513756585691033,0.0227,0.017,-0.5483357535122338,-0.023433422412272666,-2.1587354484723504,0.0543
1787414430.9142995,-0.5300803790090658,-0.07506181720941675,-1.6517157651403078,-0.5454494352860839,-0.05427234087376186,-1.9917703115988452,0.0259,0.340,-0.5389976991387343,-0.0250042718270269,-2.3621318021881517,0.0508
1787414431.0422244,-0.5274213993097125,-0.07595383423959161,-1.7385057266381976,-0.544642842747328,-0.03678273209685705,-2.2277918452965593,0.0428,0.489,-0.5526394557762361,0.004430062336837901,-2.760029522614686,0.0842
1787414431.1065361,-0.5262028718204387,-0.07650496489283437,-1.5996810567275597,-0.5398816450720093,-0.022251504614771513,-2.4455671176677027,0.0560,0.846,-0.5303692507221128,-0.01988707505525399,-2.4898576995291473,0.0568
1787414431.2375555,-0.5245321926157638,-0.07656510570387846,-1.5768131875250722,-0.5405484715267707,-0.026342956035412035,-2.1594126841259476,0.0527,0.583,-0.566727469923804,-0.013950423859399333,-2.2321881127635006,0.0755
1787414431.3047578,-0.5236167436691994,-0.07607941287543195,-1.4922946174541556,-0.5502945282900834,-0.03214416884209684,-2.0374355733915284,0.0514,0.545,-0.5519436143919872,-0.06514715307210264,-1.6297998882068054,0.0304
1787414431.432067,-0.5219308183109961,-0.07470611545163867,-1.657673076583792,-0.5503461177469156,-0.036820012291754925,-1.9373301431863414,0.0474,0.280,-0.5630005477294248,-0.02431276582856357,-2.122242730188434,0.0650
1787414431.564168,-0.5201915345513859,-0.07426850981939677,-1.7023237169334198,-0.5528444359523769,-0.028396683084516643,-2.265100672060873,0.0563,0.563,-0.5476074746294222,-0.02818925573654952,-2.238230191699142,0.0536
1787414431.6311188,-0.519237718850594,-0.07444841556966209,-1.7252201426139206,-0.5500625721606355,-0.029858663474979882,-2.335290067634912,0.0542,0.610,-0.5493242375316948,-0.034550610742664856,-2.281363467038382,0.0500
1787414431.7511306,-0.5174872286026571,-0.07518336249632972,-1.4498997636242468,-0.5500735594267236,-0.024139698024698474,-2.3486886730214867,0.0606,0.899,-0.5412354662401392,-0.02944404598818303,-2.2398425211976805,0.0515
1787414431.8139944,-0.5171124837213017,-0.07525595134258778,-1.4427448509973098,-0.5560188538845909,-0.023724838839210328,-2.0201477883194316,0.0646,0.577,-0.5679687408982723,-0.026359337177141715,-1.9614048688195065,0.0705
1787414431.9454494,-0.5161573352242482,-0.07463030316916092,-1.4217859447373091,-0.5487720550697242,-0.02873366330509019,-2.0051020154491486,0.0563,0.583,-0.5516827841722948,-0.06300525264449129,-1.5240776689588664,0.0374
1787414432.0091822,-0.5156577824846813,-0.07396973779408741,-1.5143965965833077,-0.5496107915897591,-0.03788227255230502,-1.837170971173256,0.0495,0.323,-0.5474738481708162,-0.050041738038545655,-1.6581784037680873,0.0398
1787414432.1333928,-0.5146231723487679,-0.07286028281654607,-1.7524856770094124,-0.5482497987689737,-0.04192764019770976,-1.756170313249358,0.0457,0.004,-0.5389552706321414,-0.05876312220532196,-1.8507635800023214,0.0281
1787414432.201321,-0.5139524276661158,-0.07269095600170558,-1.7836902762005737,-0.5409413786910919,-0.045506355469835634,-2.0894923846475035,0.0383,0.306,-0.5396975457273915,-0.03336493651329685,-2.241335985109599,0.0470
1787414432.3384442,-0.5125200611616546,-0.0730643643579493,-1.7370622035215437,-0.5428603768729926,-0.04025110070593015,-2.0954869086402343,0.0447,0.358,-0.5243338044688285,-0.034774775590335975,-2.3060923488775433,0.0401
1787414432.4026332,-0.5119103079393571,-0.07340230662952489,-1.5205534068260467,-0.5257388497048592,-0.04457964588133994,-2.160247814264264,0.0320,0.640,-0.5200473271830193,-0.05624939390290019,-2.02564794718738,0.0190
1787414432.533139,-0.5105164435257453,-0.07328775280940955,-1.234722499705153,-0.527316719245892,-0.050104499565048026,-1.7666665892219668,0.0286,0.532,-0.5415050311108675,-0.06759613140779641,-1.2623900422067695,0.0315
1787414432.658276,-0.5088637261745357,-0.07199135905612412,-1.3005081581423519,-0.5298950805847851,-0.0648964383513819,-1.2968438198308998,0.0222,0.004,-0.528326589381954,-0.08405746308859997,-1.063886127342506,0.0229
1787414432.7204938,-0.5085762718017102,-0.07176351515456426,-1.303107717785528,-0.5281567791987198,-0.06823380068061029,-1.2234246805442548,0.0199,0.080,-0.5257460535945022,-0.0518820218166068,-1.5124789876993243,0.0263
1787414432.8445983,-0.5077066100805228,-0.07188502726833339,-1.3839154919544956,-0.5270047177137918,-0.06245611930998334,-1.3824893124536315,0.0215,0.001,-0.5257460535945022,-0.0518820218166068,-1.5124789876993243,0.0269
1787414432.9082282,-0.5069805252417431,-0.07245173057467237,-1.3673350596141425,-0.532972949637024,-0.05100750147368071,-1.6696892372367238,0.0337,0.302,-0.5358480126818143,-0.026350952437029434,-1.968964295875737,0.0544
1787414433.0262666,-0.5055976488040131,-0.07406439856652233,-1.0784373437858614,-0.5231802552772088,-0.03053641740927719,-1.914474419937122,0.0469,0.836,-0.5508431605256339,-0.08909674620238477,-0.9163295528345072,0.0477
1787414433.1475854,-0.5028424895591246,-0.07474477653933118,-1.0090761613325723,-0.5273603569237805,-0.0566765505520111,-1.3173725346198024,0.0305,0.308,-0.5201031225873172,-0.07001837744666588,-1.1694541164717793,0.0179
1787414433.2127924,-0.5013745619982676,-0.0747009130048838,-0.9685578398084487,-0.5393315677373031,-0.08857007191218993,-0.7600996033094313,0.0404,0.208,-0.5309779167594776,-0.08123154402581881,-0.8657687049512,0.0303
1787414433.3404956,-0.49844233205541555,-0.0740408638120335,-1.125601127853065,-0.5290767339818947,-0.09032946430978582,-0.6663040746308508,0.0347,0.459,-0.5498272800831607,-0.05907789187369012,-1.1611676556368096,0.0535
1787414433.4034567,-0.4976398454672322,-0.07395461627174352,-1.1367846149918137,-0.539012416648427,-0.07412255495713455,-1.1609185716716215,0.0414,0.024,-0.5340318043782143,-0.03572988506505391,-1.6440656035033576,0.0528
1787414433.540143,-0.4958948696320935,-0.07451222736592039,-1.2118440436099736,-0.5386745369265528,-0.060813045600816795,-1.361580364423737,0.0449,0.150,-0.5127827610404148,0.23800470811055185,-4.867767426066382,0.3130
1787414433.605345,-0.4949698903394515,-0.07519597782908577,-1.184500152133515,-0.5362847349247667,-0.02789579340377591,-1.8284770465533426,0.0628,0.644,-0.5287948084693018,0.0014858549817236403,-2.20299380366217,0.0838
1787414433.732604,-0.49332197260396154,-0.0766359184724104,-0.7935639168617354,-0.5414292420312531,-0.01419235186442585,-1.9059629462741465,0.0788,1.112,-0.5404093529196828,-0.020728021139904632,-1.8323476717489695,0.0731
1787414433.7978785,-0.4924196428220633,-0.07688826168257668,-0.7828770163983252,-0.5455808197547429,-0.014583679277659984,-1.5807156715690636,0.0819,0.798,-0.5506968272761914,-0.027708210925366846,-1.4063278877291499,0.0763
1787414433.9325917,-0.4904625907310042,-0.07661705390458892,-0.8229077644220093,-0.5476449204570143,-0.01653633494377224,-1.553351333836107,0.0829,0.730,-0.5289821695176136,-0.035453967138178805,-1.357749402514581,0.0564
1787414434.0632834,-0.4891356519594561,-0.07595547444688307,-1.1153917702305591,-0.542411027308215,-0.01834131203515638,-1.5403577778792175,0.0785,0.425,-0.5458129474083725,-0.0187706277687309,-1.5299321845211025,0.0805
1787414434.130915,-0.48867071089059994,-0.07592031590126481,-1.247425973765624,-0.5405781916979372,-0.010318184285330385,-1.8112991788875863,0.0837,0.564,-0.5166823286661142,0.015335128376533575,-2.408760696542841,0.0955
1787414434.2643228,-0.48763473558543424,-0.07659016676733185,-1.438365227890188,-0.5273942982870449,0.0035250142431974426,-2.3282702691643498,0.0894,0.890,-0.525418224634462,0.014519768164242273,-2.4685134389986585,0.0986
1787414434.3295853,-0.4871842453122443,-0.07714969160917218,-1.3787335840914468,-0.5238809320761734,0.01321232106701602,-2.582219037428323,0.0975,1.203,-0.5266052248040606,0.0298375583338982,-2.7848689674694898,0.1140
1787414434.4596348,-0.4866219239816978,-0.07716174235045645,-1.3397295691251965,-0.5201678143840193,0.017818417080093706,-2.6768145112113007,0.1007,1.337,-0.517149496674016,-0.009159398395002138,-2.2507389386757994,0.0745
1787414434.5274196,-0.48624831289750003,-0.07680034779569327,-1.3216376752895347,-0.5225363225321168,0.008989257827680577,-2.4060629466634036,0.0931,1.084,-0.530187766375708,-0.009477971023599013,-2.1653634051592086,0.0804
1787414434.6554227,-0.4855453503179661,-0.07552506779890461,-1.5658758333211773,-0.5241103689418023,-0.0011441765589521192,-2.2595706260324877,0.0838,0.694,-0.5172065304411783,-0.017502456180497707,-2.141648316162117,0.0661
1787414434.7208507,-0.4852803760353477,-0.07502047316098719,-1.850669134991399,-0.519667251488613,-0.0054531179152405105,-2.284745916177498,0.0776,0.434,-0.5072057987324341,-0.004398713370741846,-2.403001725864047,0.0739
1787414434.8483944,-0.48388648233923554,-0.07535363803331813,-1.7976385755359188,-0.5118590725382098,-0.004257516573606679,-2.4001453668896957,0.0764,0.603,-0.5080747539538423,-0.019476713911677823,-2.662830780815993,0.0609
1787414434.9628587,-0.48246348663429595,-0.07652996336698692,-1.4345677697880672,-0.5089646999223648,-0.010966953795974413,-2.7601765273078906,0.0707,1.326,-0.4929742758887745,0.016523135533581108,-2.948792083714478,0.0936
1787414435.0246916,-0.4818020800495868,-0.07696997387453337,-1.4117698831484942,-0.5169215653188928,-0.02228479881581956,-1.955405789012112,0.0650,0.544,-0.5341099266717906,-0.07173133631879985,-1.3330287934201777,0.0526
1787414435.1565044,-0.4803143685553074,-0.07715441217268881,-1.3136997748341974,-0.5181703692541124,-0.05603179580124437,-1.4705351484057385,0.0434,0.157,-0.5445747862566772,-0.12785149835202297,-0.5196189993601501,0.0819
1787414435.221451,-0.4794925025963154,-0.0768552425561811,-1.3175341329305719,-0.5282587055003869,-0.08054234932183868,-1.1213056430065838,0.0489,0.196,-0.5476320462185518,-0.1421938824108966,-0.27080721682617404,0.0944
1787414435.3459911,-0.47805150665740553,-0.07612175010524534,-1.6845838559622155,-0.5364994406011181,-0.10469634501578073,-0.7429024052571724,0.0651,0.942,-0.5476320462185518,-0.1421938824108966,-0.27080721682617404,0.0960
1787414435.4252129,-0.4772469767038166,-0.07611989594294562,-1.6918969913364668,-0.5247913999755514,-0.09841823153683793,-1.27749728368685,0.0525,0.414,-0.5180088402865024,-0.0682869655129241,-1.6525347094106904,0.0415
1787414435.559108,-0.47552215835785405,-0.07692419920634404,-1.6356530101084534,-0.5023917085423962,-0.0735407037264578,-1.8119446316486605,0.0271,0.176,-0.4875716763695266,-0.015217671010590959,-2.5252163493436908,0.0629
1787414435.6245596,-0.4747234798456336,-0.07755216589891292,-1.4527975790527352,-0.49602296009197133,-0.061846072231442895,-1.9282394297966654,0.0265,0.475,-0.48259080100760543,-0.021400215895534286,-2.3302767758601255,0.0567
1787414435.753723,-0.4718643641515904,-0.07809887650412652,-1.3798159616307266,-0.4868749094118825,-0.048804409376657025,-1.9974739556223204,0.0329,0.618,-0.4872162406932561,-0.028422390375193594,-2.0749951792905468,0.0520
1787414435.819809,-0.47033944972473407,-0.0779921294558373,-1.3403346719785079,-0.48565594777876936,-0.04137614260459389,-1.9192020830495828,0.0397,0.579,-0.5024123570235446,-0.03967269244800901,-1.8436819702984801,0.0500
1787414435.947475,-0.4673346601355394,-0.07722733068647598,-1.5406174313014849,-0.5047605972147509,-0.041194700929639776,-1.7887020456070146,0.0520,0.248,-0.5098977596182742,-0.026762254184464977,-2.028994399949366,0.0660
1787414436.0128078,-0.46644509164006354,-0.07717075127963383,-1.548768973524422,-0.5064264333055973,-0.03358304135955776,-2.0728869994017396,0.0591,0.524,-0.504984046464747,-0.02413203218863534,-2.194570694833744,0.0656
1787414436.154677,-0.46450949638426725,-0.07780506310670626,-1.5845877984598398,-0.5026363923833045,-0.027601247377469423,-2.271183137352719,0.0630,0.687,-0.5056850785744652,-0.028010678251521696,-2.3619620511173323,0.0646
1787414436.2195287,-0.46351927961961525,-0.07850329710103669,-1.5118611073874704,-0.49940903526109826,-0.017942285752573547,-2.483577945588036,0.0704,0.972,-0.4936839640940203,0.005630972568364711,-2.7789926576387574,0.0894
1787414436.3559554,-0.4621679332775799,-0.07965916133153636,-1.2888463875035285,-0.5023506871519591,-0.007956169138228154,-2.4069582041018527,0.0822,1.118,-0.5047722239734944,0.005643051923080678,-2.569417892566427,0.0953
1787414436.4231756,-0.46164261184635985,-0.07978778777139915,-1.2633705503085886,-0.4948172436694739,0.00040901912510411787,-2.3529509263173067,0.0868,1.090,-0.48928076810206617,0.005752072512270268,-2.430250384279352,0.0899
1787414436.559009,-0.4604764328826554,-0.07931210192483724,-1.3578605593393056,-0.5039304641542782,0.0015713332074962858,-2.354730326499085,0.0918,0.997,-0.5035099580441652,0.00378835314980952,-2.325960385754986,0.0936
1787414436.6256783,-0.46000278771569525,-0.0789871434635602,-1.5941002166177478,-0.5031043514049369,0.0021421552561581344,-2.410870413604097,0.0919,0.817,-0.5032172979232268,-0.008330248204722602,-2.2834043716452026,0.0828
1787414436.7460203,-0.45976001317253895,-0.07890272722260211,-1.8124597561942475,-0.5028461810351045,0.0059347272985278265,-2.4371056793167654,0.0952,0.625,-0.4035731737109077,-0.2850058580846131,1.4527777946426024,0.2136
1787414436.812527,-0.45957291889216667,-0.07917990720197707,-1.9068485716366914,-0.39736247121909496,-0.15308995412236442,-0.40529904235019176,0.0966,1.502,-0.3679664334146756,-0.22984586497708642,0.5202582550186869,0.1763
1787414436.9390407,-0.45922958704625494,-0.07950797530552398,-1.827523101866498,-0.44260756345295243,-0.10259728680025446,-1.7336899692571195,0.0285,0.094,-0.4786703758989713,0.006648741185264497,-2.9374125946822183,0.0883
1787414437.0038228,-0.4588546984677519,-0.07913323922065793,-1.7724511746364766,-0.46088303268145747,-0.06848247454620474,-2.0418239712476707,0.0108,0.269,-0.4786703758989713,0.006648741185264497,-2.9374125946822183,0.0880
1787414437.1390905,-0.45773635056023065,-0.07746838177883852,-1.7675895304670135,-0.46837979398800045,-0.06155080499358712,-1.9843663109262577,0.0191,0.217,-0.5158130962910645,-0.16398516763091328,-0.4362254524272587,0.1042
1787414437.2024698,-0.45708515577055553,-0.07623052455213986,-1.930220321907969,-0.493629277510217,-0.11385638284312652,-1.067681141154544,0.0525,0.863,-0.5048048653871859,-0.1508389841564047,-0.5972795067375515,0.0886
1787414437.3291554,-0.4558305772612133,-0.0742701103744818,-2.254965321912837,-0.47331960655480687,-0.09237977750500909,-2.092063236060221,0.0252,0.163,-0.46343175730323755,-0.04490502912605955,-2.6814540432590306,0.0303
1787414437.4616702,-0.454300808690878,-0.0735227992944731,-2.2984464445603305,-0.47980514578951367,-0.09163262691674398,-1.9007817613004871,0.0313,0.398,-0.45579250938363713,-0.010552170214736114,-3.198102994997313,0.0630
1787414437.523773,-0.45353825199902226,-0.07346455830990384,-2.2154504457128215,-0.4662883959473765,-0.06612174498651666,-2.5137782051594906,0.0147,0.298,-0.4939723229115409,-0.10177027336090425,-1.7905600141122449,0.0494
1787414437.6507962,-0.45159425377497747,-0.07312192984172494,-1.6420609558251085,-0.4773485014558304,-0.10566360458853004,-1.600586693632213,0.0415,0.041,-0.4835374873593041,-0.1753215773573272,-0.5746252223382455,0.1071
1787414437.715945,-0.45025152876705854,-0.07256851028561957,-1.2799311338148351,-0.49743707679064386,-0.14042763349149462,-0.5783988174504302,0.0827,0.702,-0.5180054943102141,-0.17340634373183123,-0.1272675315334552,0.1215
1787414437.8434355,-0.44745388773703354,-0.07077583702462163,-0.6803188859208732,-0.5035785937079361,-0.15643314701305447,-0.031189517308076616,0.1024,0.649,-0.5332875434267427,-0.179772120071225,0.7171249587279993,0.1387
1787414437.906244,-0.44640644314890343,-0.0706450137971485,-0.696449530069283,-0.5333741202484765,-0.18261115740643236,0.9278540015883752,0.1418,1.624,-0.5482587532884017,-0.21137886728103966,1.3094269218149879,0.1737
1787414438.0380101,-0.4442148485882501,-0.07102688918145308,-0.9194005355431527,-0.5150206211379048,-0.15696731872737776,0.3925902187549259,0.1114,1.312,-0.5043211744738835,-0.052839194460923986,-1.0144009715133306,0.0628
1787414438.1078334,-0.44307286746596447,-0.07179148432458049,-0.9842656231371016,-0.5120271748523675,-0.11345415424314449,-0.47158413373273195,0.0806,0.513,-0.5062572889667043,-0.04952942780481031,-1.2741246716700922,0.0670
1787414438.2444172,-0.44093276947353893,-0.07373517115427537,-0.7824454946679241,-0.5073018632479195,-0.09114277746203324,-0.7779514199450892,0.0686,0.004,-0.4969926235735871,-0.06145048390106201,-1.1090314228718354,0.0574
1787414438.3081048,-0.4403108146417532,-0.07445217405660344,-0.6494763414801196,-0.5083323334992751,-0.07633792011268964,-0.7259738068250315,0.0680,0.076,-0.5125263325851508,-0.0680007431115355,-0.8188967795773919,0.0725
1787414438.4406834,-0.4389281200750217,-0.07497060912100438,-0.30753739302243077,-0.5152585009720685,-0.07271262391887164,-0.6512219913037607,0.0764,0.344,-0.516155295269919,-0.07976480246074495,-0.4303352703936044,0.0774
1787414438.5051284,-0.4382640765432888,-0.07486095584486034,-0.20226288613179744,-0.5194786335854531,-0.06966214606972727,-0.4008017565911491,0.0814,0.199,-0.5209580670167634,-0.06745452695771607,-0.423982907337659,0.0830
1787414438.6330507,-0.43696039363156713,-0.07496102823922234,-0.23937361516829386,-0.4926785111492749,-0.05855077646324283,-0.518523654812883,0.0581,0.279,-0.4411722111148641,-0.059259642098968425,-0.4983670559539858,0.0163
1787414438.755167,-0.435343803718112,-0.07625979600409877,-0.28982271307482144,-0.47798971955821834,-0.04621406021004926,-0.6695820428741164,0.0522,0.380,-0.4382072157206729,-0.022927638024323852,-1.0086443825912075,0.0534
1787414438.8179324,-0.4345462766266701,-0.07725218897950756,-0.23920018716594915,-0.47103666011629686,-0.042387947347369025,-0.8255480465653853,0.0505,0.586,-0.4676182656821386,-0.04457406278953979,-0.7992153133117531,0.0465
1787414438.953008,-0.4330757993774275,-0.07890767231897632,-0.02792992997146758,-0.5036272190479892,-0.014188429059903786,-1.194102591853455,0.0957,1.166,-0.4548866013231511,-0.10110815345630676,0.23996162711966235,0.0311
1787414439.02006,-0.4322436469342029,-0.07926578034315426,0.0028228425087129102,-0.4703934629215771,-0.04421648556220984,-0.4908970711631348,0.0518,0.494,-0.4379486650293634,-0.08359601907127347,0.016830862188672316,0.0072
1787414439.1482027,-0.4305159506884592,-0.07920143342181771,-0.06245087768051476,-0.4942192484080069,-0.033764030066952215,-0.7133130520036236,0.0782,0.651,-0.5101131579443968,-0.02185490788857486,-0.8375720611934306,0.0981
1787414439.2118845,-0.42976408194497484,-0.0790993323653416,-0.28071987725347525,-0.49780990231034955,-0.016394411521331774,-1.0457078458626223,0.0925,0.765,-0.4983535045802448,0.0041516723326688555,-1.300511212592375,0.1079
1787414439.3439403,-0.42894008511406556,-0.07949791216024973,-0.4928157101593749,-0.48281503796285086,-0.012017390243098492,-1.260595171550987,0.0863,0.768,-0.5216721166805725,0.019491948133904445,-1.9034473997680847,0.1356
1787414439.4125695,-0.4284446658531548,-0.08005961214953734,-0.5822801206404342,-0.5129753483410625,0.016548058332654075,-2.023325484399032,0.1284,1.441,-0.5194834444542161,0.03996823450608116,-2.304431658988244,0.1506
1787414439.5421531,-0.42751277762584194,-0.08082333146554825,-0.5509217111678372,-0.5070362981478095,0.029064761127499124,-2.197940578447773,0.1356,1.647,-0.5008076294153742,0.005002805949618978,-1.9215798871077492,0.1129
1787414439.605885,-0.42701697225381535,-0.0806234314648205,-0.49030896423236076,-0.506433908236607,0.017000956813451783,-1.978744711034779,0.1258,1.488,-0.505171825322431,-0.009302868844814087,-1.6691396027647336,0.1058
1787414439.7365642,-0.4256932527210965,-0.07917414987392875,-0.3921229405066287,-0.48713171035749203,0.00986946601744048,-1.725002083125784,0.1082,1.333,-0.477163360153041,-0.016182206220772336,-1.3160724753882056,0.0813
1787414439.8007417,-0.42495842501752257,-0.07800923322529664,-0.4572070640979222,-0.4645702360979325,-0.017470435347940124,-1.2199462952225109,0.0723,0.763,-0.44183206706795397,-0.07378579538757858,-0.5308960827738465,0.0174
1787414439.9281175,-0.4234659708409517,-0.07616635218412676,-0.6806162672657631,-0.4467067729191103,-0.024596934983999025,-1.1830871412778428,0.0566,0.502,-0.42969244444148263,-0.04587024812609662,-0.9075192745765611,0.0309
1787414440.0641007,-0.4216182050743998,-0.0754724172719243,-0.709392429599379,-0.4381340894808077,-0.024126140154017796,-1.1785921467094795,0.0539,0.469,-0.5035396902311007,0.009002134389818792,-1.928156572983979,0.1177
1787414440.1264684,-0.4206998931161121,-0.07544126751854895,-0.6076129518300148,-0.40897341278578614,-0.08445743802160045,-0.12358268268930316,0.0148,0.484,-0.34356315247709807,-0.20262459662925617,1.345683279991915,0.1487
1787414440.252698,-0.41898301653887016,-0.07517782921854729,-0.36403023308623517,-0.4561447643849124,-0.053257504143806284,-1.060273956492098,0.0431,0.696,-0.48341545851023754,0.0029840278777353017,-1.7185051297919958,0.1013
1787414440.3179057,-0.41803405010881384,-0.07470420775134058,-0.35549490713359655,-0.48550741971006117,-0.07181607167753465,-0.3690469268781064,0.0675,0.014,-0.4905239154432846,-0.07578255729294602,-0.31172650269845276,0.0725
1787414440.4499605,-0.41604145268979476,-0.07306738321003209,-0.49007734094518773,-0.45995214054788475,-0.09081313297786694,-0.06417240281883234,0.0474,0.426,-0.48247362882189204,-0.07793532393806979,-0.2938131809577539,0.0666
1787414440.514921,-0.41516426594071754,-0.07219693272466791,-0.7575392745130399,-0.481850172146643,-0.0904357127579092,-0.24553442665081024,0.0691,0.512,-0.48873368402783096,-0.08146183753290955,-0.34322338716083955,0.0742
1787414440.645584,-0.4133487979425936,-0.07143808412680744,-0.7967269301353997,-0.4793870677349007,-0.08555805799850408,-0.5313559969603928,0.0675,0.265,-0.46135499749067616,-0.008233953960357102,-1.624447636018476,0.0794
1787414440.7089908,-0.41234633705805346,-0.07157388981518951,-0.7837904107664082,-0.47211635584256534,-0.06673259933436107,-0.878531350176795,0.0600,0.095,-0.45845327156429055,-0.050550107180799275,-1.0827028698318593,0.0507
1787414440.838072,-0.41050882638032116,-0.07217323665585818,-0.42267857882196413,-0.472321238419203,-0.06845682425893378,-0.7756740448825843,0.0619,0.353,-0.47901258084332293,-0.08769947662213634,-0.43343059735618256,0.0702
1787414440.9028113,-0.409595625278645,-0.07220932725276326,-0.4121749624677303,-0.46838235449594295,-0.10767671312382181,0.3409196770541653,0.0687,0.753,-0.47543963803258127,-0.1589645264384649,0.9474046498039661,0.1089
1787414441.0384252,-0.4075898783245694,-0.07150310179744686,-0.4086464948139278,-0.4625129700450658,-0.13543863794274968,0.6801296141741007,0.0843,1.089,-0.4676525168538788,-0.17298769276699466,1.1196043585800317,0.1179
1787414441.1599333,-0.40578952079952785,-0.07081430861971587,-0.5492546367655223,-0.4743322611975075,-0.14919457950811002,0.8260197357497334,0.1041,1.375,-0.49066871589473166,-0.16224296555423,1.0115034928361195,0.1248
1787414441.2220643,-0.4049613655278051,-0.07099704322775834,-0.6101024637331955,-0.474401929224203,-0.16109226544410984,0.9555079749957666,0.1138,1.566,-0.408910643044665,-0.11127425465077477,0.04096049562314192,0.0405
1787414441.3478315,-0.40314595495779815,-0.07208381329622211,-0.721177783135311,-0.43709076647314865,-0.13907610796358394,0.3971146381231472,0.0751,1.118,-0.48960807224434316,-0.04530666305032152,-1.0477668332168177,0.0905
1787414441.4061463,-0.4022681998057305,-0.07308577221392962,-0.7246154328092166,-0.4753303843063462,-0.1115014345307962,-0.24778222481068135,0.0825,0.477,-0.48960807224434316,-0.04530666305032152,-1.0477668332168177,0.0917
1787414441.5319042,-0.40066562137529765,-0.07462480672801004,-0.5876460111961919,-0.4807908349187891,-0.09495351944975364,-0.4920035606500644,0.0827,0.096,-0.4267680659447283,-0.11132984329658151,-0.045601974206122595,0.0450
1787414441.6558201,-0.39885904421605173,-0.07490058083111137,-0.5382260171853337,-0.46312428135722905,-0.09714360811538533,-0.23774764263077575,0.0680,0.300,-0.41222911549091235,-0.11678775658809235,0.16415888696734932,0.0440
1787414441.7190902,-0.39792144285741043,-0.07471774758946757,-0.5918576460308954,-0.4338222788658904,-0.11342102669298763,0.033614380640986416,0.0528,0.625,-0.42700713731104845,-0.1348821215258506,0.307624038927753,0.0668
1787414441.8469734,-0.39667537682277176,-0.07437452803536691,-0.7873640033008487,-0.46018587186968873,-0.09972701527587866,-0.31693132278323044,0.0684,0.470,-0.48782488155749826,-0.0464534064378268,-1.1523288280756532,0.0953
1787414441.9160676,-0.3962234623866873,-0.07454195996070109,-0.810778936674224,-0.47608373066402465,-0.08382399132268115,-0.7048783789350077,0.0804,0.106,-0.4727640481221523,-0.021274215409093813,-1.567806576290351,0.0933
1787414442.0477943,-0.3952123542273135,-0.0756046488817292,-0.7665891234116795,-0.4764066965724954,-0.06451235444783945,-1.0226190510844788,0.0819,0.256,-0.4727640481221523,-0.021274215409093813,-1.567806576290351,0.0947
1787414442.1133697,-0.39478708654245315,-0.07633236483525606,-0.5752311423677035,-0.46261658170082565,-0.03953450370270411,-1.327606115055032,0.0772,0.752,-0.4565138652699847,-0.039104133044946456,-1.3417848213266337,0.0721
1787414442.2454464,-0.3949192957043675,-0.07675910979165379,-0.5310886929623455,-0.4426171398567282,-0.04684193694799756,-0.9658721015274819,0.0563,0.435,-0.4080724406128297,-0.10493078269671731,-0.1437669159195295,0.0311
1787414442.3122637,-0.3948864127056369,-0.07657419477446427,-0.5174273942135059,-0.4085831641981868,-0.0790856973905215,-0.433409229191526,0.0139,0.084,-0.39357607804937095,-0.10961344996184633,-0.059839243619238876,0.0331
1787414442.4402924,-0.3949382894236772,-0.07577983031676824,-0.8086321624546268,-0.407206019244677,-0.10053222874414927,-0.07572417547482313,0.0276,0.733,-0.47044403360698983,-0.13982968146450586,0.2713321542436125,0.0990
1787414442.5048537,-0.3946620435978396,-0.07560854032828035,-0.8242873672890649,-0.4421415406232424,-0.09785616903198628,-0.5766761532849763,0.0524,0.248,-0.4386136573469345,-0.053674018604616965,-1.123445411822503,0.0491
1787414442.636176,-0.3939346290619754,-0.07604483242746031,-0.8654112734787548,-0.4406400817091981,-0.09962115823978329,-0.577763821610604,0.0523,0.288,-0.4386136573469345,-0.053674018604616965,-1.123445411822503,0.0500
1787414442.7501345,-0.3932469503627115,-0.07719035300284145,-0.6087933837883667,-0.4242965001005938,-0.06132552924646602,-1.1753762058896087,0.0349,0.567,-0.42176981748845715,-0.021797462716225235,-1.5792046729832703,0.0623
1787414442.8095372,-0.39230678035634975,-0.0775293186392632,-0.5795709610421232,-0.38198402038798046,-0.05519254037907663,-0.8484785046461538,0.0246,0.269,-0.3372856458509893,-0.07552273634858506,-0.5934119271440246,0.0551
1787414442.9395187,-0.3902504128791059,-0.07747593006889622,-0.4826966727027664,-0.3565330103507128,-0.06595572270729766,-0.6852114822162387,0.0356,0.203,-0.33696268818041064,-0.10757325062054897,-0.13897856199921071,0.0612
1787414443.0024014,-0.38916564182961244,-0.07708184045593461,-0.5000120726551431,-0.3338722497338158,-0.08024070158501528,-0.45632952365106233,0.0554,0.044,-0.4067480574734877,-0.07620540255107149,-0.55019214388904,0.0176
1787414443.1259906,-0.3872017877959015,-0.0762094672612649,-0.8848825165498218,-0.3658482869462661,-0.07824871540628664,-0.5536481113019728,0.0215,0.331,-0.3588146988462164,-0.07395893991392835,-0.6040399906463034,0.0285
1787414443.195074,-0.3862710592708641,-0.07623773583860176,-0.891427950099207,-0.41131447121481685,-0.0788017551550062,-0.8448250067732772,0.0252,0.047,-0.4406552217657782,-0.08318218388610474,-0.752150661322634,0.0548
1787414443.3351095,-0.3842904692036677,-0.07706961063568935,-0.8334493437650116,-0.41828971169969686,-0.056225134736922096,-1.2864920656309167,0.0399,0.453,-0.4300672180384651,-0.015045093174610558,-1.7917686832143391,0.0771
1787414443.4622567,-0.3818860603069001,-0.07818557230083348,-0.6182980223931279,-0.3976221758608774,-0.04487832418299248,-1.1868609170227198,0.0368,0.569,-0.4111464791771196,-0.057158945903231985,-0.9870629669192692,0.0360
1787414443.5281532,-0.3803533645520628,-0.07839769310330173,-0.56458402028043,-0.43194932383057677,-0.06351167041117356,-0.7171956757687726,0.0537,0.153,-0.45585580692009375,-0.11005664781703292,-0.11337751245171249,0.0819
1787414443.6600704,-0.3771500515635547,-0.07803160103696445,-0.5447432655853093,-0.4135909223354382,-0.06628781398112162,-0.6869513112242601,0.0383,0.142,-0.3832963276011164,-0.08672518351639427,-0.3678561233210157,0.0106
1787414443.7215886,-0.375624021012699,-0.07764997203698358,-0.7034928270760302,-0.39927671232456907,-0.07705998530552009,-0.5306166669298605,0.0237,0.173,-0.39787419201166857,-0.08784769085003112,-0.3929771981164191,0.0245
1787414443.8522983,-0.3736900698408586,-0.07789205172092964,-0.7346530507580299,-0.42930241001938735,-0.05356701116497381,-1.1485536141741501,0.0607,0.414,-0.4554211633329481,0.008085552579909432,-1.9353351586279948,0.1186
1787414443.9180763,-0.3726449531669759,-0.07838363531616209,-0.7487977225662085,-0.4462022285702132,-0.016302210791886085,-1.6909244248940518,0.0963,0.942,-0.4422879909272444,0.02696068991129035,-2.238061992331271,0.1263
1787414444.0466404,-0.3705999138650785,-0.0798906101726091,-0.530026353933594,-0.449887579926798,-0.0007155955952897006,-1.9366820641718292,0.1121,1.407,-0.4083786496489917,-0.05274191798130306,-1.161021424031658,0.0465
1787414444.1115556,-0.37016487989954566,-0.08038120004750346,-0.5110870926629696,-0.4321941076950526,-0.019024658188476432,-1.4388731736498468,0.0872,0.928,-0.41517963246114975,-0.06189299891743253,-0.8814994664039243,0.0487
1787414444.2499995,-0.36909777023648066,-0.0805684956670793,-0.4417214263911706,-0.42135875589589655,-0.031418464012122074,-1.237610959641324,0.0717,0.796,-0.4049542813960017,-0.07588523618597018,-0.569971649115505,0.0362
1787414444.3161302,-0.3685302385698051,-0.08028250486953842,-0.49723585434295,-0.4091267159573481,-0.05198279251487538,-0.9041420584837712,0.0495,0.407,-0.4022929114114618,-0.07760129099835233,-0.5739591951310692,0.0339
1787414444.4456816,-0.36759929364209637,-0.07980317246992194,-0.9633530474709097,-0.39699361374179587,-0.05054698233331469,-0.9937858122908613,0.0415,0.030,-0.4195444486751271,0.03489057084540027,-2.3660404716939705,0.1259
1787414444.5122178,-0.3668610321234578,-0.07994101375834668,-0.9645185230849029,-0.41340067790671875,-0.02301253351538559,-1.6450327971625451,0.0735,0.681,-0.43188952543666703,0.03663011529774701,-2.592837073559558,0.1335
1787414444.650952,-0.3653277487746237,-0.08108089256397838,-0.9713418563388678,-0.4262574233699344,0.013937126713641775,-2.375693965773721,0.1129,1.404,-0.44394320775497575,0.044425952693677474,-2.869925952659322,0.1481
1787414444.7230787,-0.36466637053668144,-0.08180040519196649,-0.7802837617607379,-0.4327189040867894,0.02729347183720225,-2.503427448066326,0.1286,1.723,-0.4295944647694522,0.01514444794897443,-2.3553440733071778,0.1167
1787414444.8474748,-0.3630650259351201,-0.08241585329508218,-0.7398128633959447,-0.41176782134815937,0.010354616815954377,-2.056035390209349,0.1048,1.316,-0.3730345383032502,-0.05013950774725759,-1.265094300955821,0.0338
1787414444.9125252,-0.3622165342221768,-0.08222941926576724,-0.7061817765617424,-0.4226376141589852,0.005316153575685434,-1.931168698724221,0.1064,1.225,-0.4313868243852243,-0.021081285387815566,-1.5860706848191308,0.0923
1787414445.0372922,-0.3606563706707918,-0.08146821106194962,-0.9597938613242434,-0.40255086037433535,-0.019233187602871554,-1.6110652127893514,0.0750,0.651,-0.3725891621816382,-0.04153273972837487,-1.3547855566611888,0.0417
1787414445.159629,-0.35900156432900904,-0.08143349403256449,-0.995088781693644,-0.38878689443430703,-0.025462283374308586,-1.5686187130932192,0.0634,0.574,-0.4324043817102104,0.04025034959507794,-2.7556170869645245,0.1421
1787414445.225226,-0.3580990025611551,-0.08175239868516122,-1.0041229893506922,-0.43268670249919605,0.016815331748125988,-2.5505318637588648,0.1236,1.546,-0.4446426388225488,0.042620856735610925,-2.8654190277124436,0.1515
1787414445.3353794,-0.3563855541879002,-0.0828861204351523,-0.7329722056105247,-0.4348612483238424,0.021407642135094374,-2.6276125958709016,0.1305,1.895,-0.4446426388225488,0.042620856735610925,-2.8654190277124436,0.1534
1787414445.4476602,-0.35480650645067147,-0.08354213855413298,-0.662058822518958,-0.4242058646667555,0.02127162665927437,-2.2328259570033206,0.1257,1.571,-0.3574108025314281,-0.055960054781756495,-1.0913409048433094,0.0277
1787414445.5196455,-0.3539423004755186,-0.08352478438484946,-0.6154694664033296,-0.38395112340415694,-0.0163164686010627,-1.5794503695850766,0.0736,0.964,-0.3564074830426033,-0.0613165141214749,-0.9886998135267463,0.0223
1787414445.657915,-0.35216858279747526,-0.08280405587464776,-0.7369598911062617,-0.37954848192949664,-0.02936679300148816,-1.4176893767717749,0.0600,0.681,-0.3765962376017218,-0.03560232557979282,-1.2906106827068693,0.0531
1787414445.719205,-0.35139390945420096,-0.08250929196944572,-0.9921988085912876,-0.3768278370715947,-0.03172978932255781,-1.3419024705924862,0.0568,0.350,-0.4364089734924397,0.011674967770849039,-2.1364819215779822,0.1269
1787414445.8438714,-0.3501804294972577,-0.08189821215854381,-2.2021949182210525,-0.4161070579140197,-0.016520009161185664,-1.8032207040168724,0.0928,0.399,-0.3837401260636843,0.04200326701300301,-3.0292210682379697,0.1284
1787414445.9063692,-0.3497669829370471,-0.08159447657610704,-3.097446455927957,-0.3990796396531787,-0.0001800587439662188,-2.4726907298506355,0.0952,0.625,-0.3837401260636843,0.04200326701300301,-3.0292210682379697,0.1282
1787414446.0321226,-0.3490818121727083,-0.08126054077435912,-3.8713729621683055,-0.3969695971074457,-0.027127931396287074,-3.659874221822328,0.0723,0.211,-0.649248635644804,-0.49141152706316815,2.050752475778662,0.5083
1787414446.096585,-0.34868287199967296,-0.08087622221287379,-3.8891174399385187,-0.4299153502073631,-0.3743819174145429,-0.045576037328959124,0.3045,3.844,-0.35126911025786495,-0.0037283654461721153,-4.910307090757042,0.0772
1787414446.2356186,-0.34785283719816423,-0.07957122877661538,-3.9417219768392435,-0.4300469728080237,-0.4133693920949562,0.023407746848038685,0.3438,3.965,-0.3476215698317524,-0.035655058180325036,-4.495649556616046,0.0439
1787414446.302933,-0.3474390201305648,-0.07892626238278826,-3.9704320880493804,-0.3922498747989716,-0.31278208809762775,-0.8925593981716936,0.2381,3.078,-0.29903307410796093,-0.3078796737927442,-0.2342747144125749,0.2340
1787414446.4379978,-0.34709502028607697,-0.07738551563064983,-4.000453671290075,-0.3550279830233594,-0.2526694942482309,-1.7412590251488085,0.1755,2.259,-0.3551402804788448,-0.0662546912800518,-4.0393322112428836,0.0137
1787414446.5088856,-0.3470605799165074,-0.07655692601149203,-4.020895608862141,-0.3554430698439672,-0.16657550891185444,-2.8218691852008884,0.0904,1.199,-0.35070245288598056,-0.061614104193364015,-4.162140791919487,0.0154
1787414446.6441615,-0.347279187319099,-0.07476889576848479,-4.07411066425703,-0.35898953862394256,-0.14125384947557695,-3.152959675973696,0.0675,0.921,-0.35671179947496845,-0.065034189198057,-4.033248369125871,0.0136
1787414446.7085464,-0.3476292506112643,-0.07413660291101173,-4.024959593007691,-0.35714854951818586,-0.10772165946800838,-3.5380133898666313,0.0349,0.487,-0.3588891898212807,-0.09403032641531385,-3.7078555831443674,0.0229
1787414446.840686,-0.348427050969629,-0.07340804555641428,-3.973439822623023,-0.37441596074678896,-0.12011103754170124,-3.0790051424095615,0.0534,0.894,-0.4094768041965152,-0.16516392294829824,-2.4401302623244905,0.1102
1787414446.9099057,-0.3487426536829184,-0.07331516592913238,-3.976450184319352,-0.3895070054813765,-0.14015412815894035,-2.8069073156285387,0.0783,1.170,-0.3915955649666019,-0.1590501470429909,-2.5717370511277897,0.0958
1787414447.037552,-0.34925524174016653,-0.07363776879130299,-3.972033240382357,-0.3962591407117784,-0.14441785578573424,-2.828663232619264,0.0850,1.143,-0.38346582145853947,-0.17852588132135044,-2.3110754687892014,0.1103
1787414447.0998561,-0.3494574704079832,-0.07405448073901984,-3.964580452787207,-0.39357858335015494,-0.14911676253062264,-2.684392983588417,0.0871,1.280,-0.386196379798621,-0.108079553021412,-3.349101052515068,0.0501
1787414447.2338696,-0.3497762561028768,-0.07539944161488557,-3.9391334428358484,-0.3922302023615195,-0.1350972296711234,-3.006458090591948,0.0733,0.933,-0.3926869045660955,-0.13043363496211074,-3.048240923562985,0.0698
1787414447.3599904,-0.34987848333992055,-0.07683013996178366,-3.9107153011161646,-0.3752631549603987,-0.11595865809442882,-3.3762088697560984,0.0466,0.535,-0.3612573685185386,-0.0829189380821901,-3.8149820954034204,0.0129
1787414447.425263,-0.3498846995667349,-0.07749742459706119,-3.8974976257302276,-0.3796750746967964,-0.11928407991927777,-3.158404604030571,0.0513,0.739,-0.3567139933426707,-0.056337638432111,-4.220695485694346,0.0222
1787414447.5605607,-0.34981881886623756,-0.07852903670100014,-3.8773535411814173,-0.37070569925464647,-0.09150085853199932,-3.5578369362719173,0.0246,0.320,-0.37414051402370757,-0.08415249854342884,-3.639722893616613,0.0250
1787414447.6321018,-0.34977328320627027,-0.0787947888804349,-3.872314709445747,-0.34560540532747225,-0.06628674786002575,-4.061497225901255,0.0132,0.189,-0.3482136869137243,-0.037496116872179706,-4.429430116084048,0.0413
1787414447.6978953,-0.3497299993007518,-0.07893564351321064,-3.869774510679564,-0.34651126944499155,-0.05544632153505267,-4.210060775417629,0.0237,0.340,-0.36978102037349464,-0.08771812391809908,-3.6184782020712807,0.0219
1787414447.8324327,-0.3496501219340694,-0.07890489794184213,-3.870928856722278,-0.35302787897621885,-0.05071497306682801,-4.230526118599229,0.0284,0.360,-0.37138438360566844,-0.10263271667573036,-3.4325784446593506,0.0322
1787414447.964248,-0.349579090558437,-0.07857202492487224,-3.878095137807898,-0.3482444204153774,-0.054259989517715386,-4.21783407120827,0.0243,0.340,-0.3388050872355893,-0.04331434598029474,-4.364184515624281,0.0369
1787414448.0268695,-0.34955581154535925,-0.0784995136376136,-3.8743430627920006,-0.35580386801291297,-0.06165574383460201,-3.974959590561829,0.0180,0.101,-0.33831605195598957,-0.03999819925467024,-4.38761863491205,0.0401
1787414448.1544545,-0.3495747387528874,-0.0784498261765137,-3.865709741210515,-0.34557036644327704,-0.05256734603150719,-4.216355982712958,0.0262,0.351,-0.3341413091466998,-0.03982706839538193,-4.419758304481928,0.0416
1787414448.2216947,-0.3496013244695661,-0.07844941447703269,-3.8610695447976875,-0.3391677343923032,-0.038939740643597044,-4.40417219331853,0.0409,0.543,-0.34255333557080553,-0.038327757912870984,-4.404952959802156,0.0407
1787414448.3483405,-0.3496582446790971,-0.07846880465490084,-3.851971543083883,-0.35433786680729334,-0.053220410180827835,-4.097511770673594,0.0257,0.246,-0.3685593616416098,-0.09047366482456218,-3.6130348192541337,0.0224
1787414448.4066436,-0.3496836791185182,-0.07848264246282151,-3.847636167779204,-0.34774304542936574,-0.05198699252215397,-4.21146428655867,0.0266,0.364,-0.34376857925466386,-0.054666422741635336,-4.186417991044314,0.0245
1787414448.5312603,-0.3497249091174339,-0.07851119176854682,-3.8395523555597117,-0.34834855517853613,-0.04769289673187073,-4.244287198188347,0.0308,0.405,-0.3499871313416404,-0.05025709616835952,-4.209147108265147,0.0283
1787414448.6583557,-0.34975042256569333,-0.07853750100517017,-3.8324610475318894,-0.3676440298892727,-0.06373885484796452,-3.855885753334531,0.0232,0.023,-0.37996289009094936,-0.09531199143099063,-3.4449481952774725,0.0346
1787414448.723263,-0.34975605085989486,-0.0785495857912398,-3.829281734101704,-0.3738449868544925,-0.07711552327813331,-3.6818498679302016,0.0241,0.147,-0.3813720612533097,-0.09321112517087551,-3.4468269457465697,0.0349
1787414448.8590786,-0.3497613042860636,-0.07857087673718645,-3.8235068121723566,-0.38199290114432677,-0.08370557982130897,-3.5853725148612465,0.0326,0.238,-0.38379349082041264,-0.08614750038179654,-3.5523145055068532,0.0349
1787414448.9247384,-0.34976251211930104,-0.07858007976520637,-3.820899395713346,-0.38133536529871204,-0.08798349958306755,-3.5227807133704867,0.0329,0.298,-0.38238618510227457,-0.09764871864358814,-3.3547598003308603,0.0378
1787414449.0553296,-0.34976394641179925,-0.07859591393785631,-3.8162062211344705,-0.3806740646814557,-0.09507557279791692,-3.4174372947877347,0.0350,0.399,-0.3794675343108858,-0.09957217786602283,-3.371785884569741,0.0364
1787414449.1228778,-0.3497644895145178,-0.07860269741589566,-3.814102345613487,-0.3804774233083736,-0.09722537088729509,-3.3992997339799307,0.0359,0.415,-0.3724142586124997,-0.10474158924095908,-3.360710071293907,0.0346
1787414449.2508924,-0.349765514897403,-0.07861438347157004,-3.810335090571058,-0.3796337906080549,-0.10490995169442313,-3.3008812600597794,0.0398,0.509,-0.38153388427650525,-0.11054017955469238,-3.2276095584207085,0.0450
1787414449.3133078,-0.3497660338733677,-0.07861941028035843,-3.808653338403088,-0.34971640785407887,-0.08306175137969375,-3.769890421139095,0.0044,0.039,-0.32934956467175674,-0.04610647112691921,-4.262288142017708,0.0384
1787414449.4429646,-0.34976706452796597,-0.07862811715105093,-3.805650979554023,-0.3420693349770293,-0.07174610706766461,-3.93960125839906,0.0103,0.134,-0.3785454434405918,-0.09850670714467549,-3.429264625526619,0.0350
1787414449.5079825,-0.34976756726586855,-0.07863188312655146,-3.8043186727956932,-0.3543998692293178,-0.07118057107114245,-3.877005169408609,0.0088,0.073,-0.34678217735141004,-0.054160190551563826,-4.103653914177138,0.0247
1787414449.6363409,-0.34976852388312174,-0.07863842182334631,-3.801935128654753,-0.3687120050985151,-0.08206369658801389,-3.6250353920970655,0.0193,0.177,-0.3868319271565995,-0.1083322584929255,-3.292456637104637,0.0475
1787414449.7031593,-0.3497689726195682,-0.07864125158598255,-3.8008746208428685,-0.37575098796306666,-0.09291063893832249,-3.5177432320230073,0.0296,0.283,-0.37245321730964115,-0.09632799747073592,-3.480879778881272,0.0288
1787414449.8528054,-0.34976979130162944,-0.07864616786922249,-3.79898528133322,-0.3789770077070347,-0.09755806913131852,-3.440246923698111,0.0348,0.359,-0.3407035355823814,-0.05009666471212053,-4.217085471065314,0.0300
1787414449.918177,-0.34977016441521097,-0.0786482917201861,-3.798144728901105,-0.36114154401680665,-0.08218903811289746,-3.7835897958083557,0.0119,0.015,-0.3830486004589021,-0.11506817303112174,-3.179698360041592,0.0493
1787414450.0403378,-0.34977082724672015,-0.07865200935435215,-3.7966599324165493,-0.373597590058375,-0.0921497365129512,-3.479250193749034,0.0274,0.317,-0.3830486004589021,-0.11506817303112174,-3.179698360041592,0.0493
1787414450.1070402,-0.3497711241343991,-0.07865364952645572,-3.79601702898313,-0.38067450302474537,-0.0992486143795662,-3.4061937259045356,0.0371,0.390,-0.3838916733500108,-0.1086432202157408,-3.2851253429011202,0.0454
1787414450.2376223,-0.3497716564087455,-0.07865656347432469,-3.7948770435916184,-0.3777413822371956,-0.09932320139472596,-3.4105248544221256,0.0348,0.384,-0.3340822016200663,-0.0470206153871604,-4.273468553711212,0.0353
1787414450.3015258,-0.34977188686443667,-0.07865786792341017,-3.794383378195311,-0.361682756153367,-0.08372703056385011,-3.6444447534503697,0.0129,0.150,-0.3673755184322778,-0.09503068394088368,-3.4939216690646115,0.0240
1787414450.4371026,-0.3497723058877244,-0.07866018730562446,-3.7935289013892195,-0.36160088920690775,-0.08634029189678619,-3.6035861471005637,0.0141,0.190,-0.36920849044135473,-0.10487301269287948,-3.3683523990870476,0.0326
1787414450.5040205,-0.3497724893379701,-0.07866122357191277,-3.793150179576957,-0.3674610053243795,-0.09469723149252585,-3.479709587300268,0.0239,0.313,-0.3695483908533093,-0.09957536556620271,-3.415770679451013,0.0288
1787414450.6301033,-0.34977281877354655,-0.07866306720907086,-3.792467235551763,-0.3700493908891597,-0.09681204364096696,-3.4550492327732236,0.0272,0.337,-0.3699566334274281,-0.10168370154577139,-3.3961745896563706,0.0306
1787414450.764467,-0.34977311506984443,-0.0786646323193833,-3.7918720966198056,-0.371841929387894,-0.10106717694447863,-3.3863147657691464,0.0314,0.406,-0.37322218138003976,-0.10456034669787607,-3.340591122480131,0.0349
1787414450.8295255,-0.3497732513855911,-0.07866532409718688,-3.791588825866127,-0.37560075926450553,-0.10299067230367276,-3.369580859906684,0.0355,0.422,-0.37794964724081515,-0.10473439250684224,-3.3443077297160695,0.0384
1787414450.9544992,-0.34977349464550095,-0.07866655429552664,-3.791068854316991,-0.3779789652272725,-0.10481335496805139,-3.339315017160705,0.0385,0.452,-0.37851688607063577,-0.10494312602918886,-3.3367075692463652,0.0389
1787414451.0186772,-0.34977360218209713,-0.07866710099227134,-3.7908323141535414,-0.3789682372866376,-0.10556341506078322,-3.3104611372709476,0.0397,0.480,-0.3774794762058217,-0.10038343016128205,-3.3771852804078666,0.0352
1787414451.1426244,-0.34977379276876214,-0.0786680714633443,-3.7903777803557475,-0.3786025252813269,-0.10451993628295835,-3.324406567857647,0.0387,0.466,-0.3751613323602579,-0.10102470031342917,-3.3851938638786807,0.0338
1787414451.2045565,-0.3497738782594864,-0.07866850061858412,-3.790166122540966,-0.376919866045558,-0.10420988980756077,-3.3429925654737374,0.0373,0.447,-0.38000092807751373,-0.10355371543188344,-3.3358005868894938,0.0392
1787414451.3318858,-0.3497740248938644,-0.07866927708030573,-3.7897762902185343,-0.3796811454001176,-0.10522195631192063,-3.3215850210792204,0.0400,0.468,-0.37859557360037804,-0.10359962033447026,-3.3321392312849776,0.0381
1787414451.4001868,-0.3497740872656943,-0.07866962949231038,-3.7895977716332583,-0.37961991567060116,-0.1028935766826629,-3.3319024842048313,0.0384,0.458,-0.3790451675106011,-0.09667974835974909,-3.409338235416588,0.0344
1787414451.5326974,-0.3497742040077833,-0.0786702476762941,-3.789265408347652,-0.37952911502220943,-0.10528480964017226,-3.3143140168692877,0.0399,0.475,-0.37927461177567634,-0.10522040690259474,-3.3132897176730993,0.0397
1787414451.654154,-0.34977429782137304,-0.07867079404318604,-3.7889662089232483,-0.3796624204908997,-0.10575378985910971,-3.3061546512619597,0.0403,0.483,-0.37927461177567634,-0.10522040690259474,-3.3132897176730993,0.0397
1787414451.7240322,-0.3497743373001165,-0.0786710454421319,-3.7888270189282616,-0.3794127931697122,-0.10696772718858208,-3.3007312205581987,0.0410,0.488,-0.3788215376556071,-0.10693987706290681,-3.3020138964163563,0.0405
1787414451.8512988,-0.34977440961164014,-0.07867149234870387,-3.788574314877747,-0.38079168633739074,-0.10892017693755345,-3.2737135701299227,0.0433,0.515,-0.3811946344308331,-0.11034538960428715,-3.2554353120144737,0.0446
1787414451.9163764,-0.3497744407004972,-0.07867169443339926,-3.788444086242682,-0.38344513874813463,-0.10941122827098906,-3.24887208017707,0.0456,0.540,-0.38698856977426516,-0.09946441201511506,-3.3655423908234314,0.0426
1787414452.0497324,-0.34977449499831903,-0.07867205982291521,-3.7882075035903164,-0.3872790238193711,-0.10499964387574717,-3.2903286801100924,0.0458,0.498,-0.38734658593586085,-0.10171292817298612,-3.330638057572294,0.0441
1787414452.1087587,-0.34977452006310095,-0.07867222057869139,-3.7880967697275207,-0.3888808575527767,-0.10542255658754487,-3.283108103179254,0.0474,0.505,-0.38734658593586085,-0.10171292817298612,-3.330638057572294,0.0441
1787414452.2277317,-0.3497745621162414,-0.07867251178748355,-3.7878781978074425,-0.38642340738690084,-0.10648315739558821,-3.2834091504304843,0.0460,0.504,-0.3854146863485233,-0.10803540866024999,-3.271034402326665,0.0462
1787414452.3481023,-0.34977459648014037,-0.07867276223096577,-3.787669266542451,-0.3860964189080792,-0.10739670209683792,-3.277817890393401,0.0463,0.510,-0.3882909748095474,-0.10716877114822844,-3.2636310849823453,0.0479
1787414452.41396,-0.34977461131348087,-0.0786728742647723,-3.787574777134338,-0.38726102961713177,-0.10854192925166968,-3.251884937722245,0.0479,0.536,-0.38640976896246865,-0.1095484448491373,-3.240807055942792,0.0479
1787414452.5439057,-0.34977463681100435,-0.07867307161538292,-3.7873798258692317,-0.38595400191083584,-0.10955540195008114,-3.233550237425729,0.0476,0.554,-0.38456205327870036,-0.11069154495409136,-3.22156875495178,0.0473
1787414452.604824,-0.3497746491027284,-0.07867315630652547,-3.7872888352443392,-0.3869810319494929,-0.10803442327060309,-3.2575924629422994,0.0474,0.530,-0.3844710997512764,-0.10351170911213442,-3.3113826713663923,0.0427
1787414452.725386,-0.3497746681071854,-0.07867330962851417,-3.787107410248195,-0.3815855727542551,-0.10387507966134803,-3.3248482021447896,0.0406,0.462,-0.3771725230666661,-0.09659540970067776,-3.422187019039989,0.0327
1787414452.851183,-0.34977468371637604,-0.07867343763079135,-3.7869347475896435,-0.38133436699622947,-0.1055057184689105,-3.2889528541334587,0.0414,0.498,-0.38142916784446806,-0.10838600156104561,-3.253142569600408,0.0434
1787414452.9159074,-0.34977469005895645,-0.07867349294768859,-3.7868455935305954,-0.3790833334068348,-0.10490946703231468,-3.304052946973099,0.0393,0.483,-0.3779569325830245,-0.10368231195817712,-3.321003051497639,0.0377
1787414453.0411956,-0.3497747004793668,-0.07867358997460776,-3.7866857540456182,-0.38023636914773734,-0.10548051276474775,-3.2837350342834126,0.0406,0.503,-0.3811946298857683,-0.10655090469390781,-3.2689679697836898,0.0420
1787414453.104789,-0.34977470477305683,-0.07867363503350337,-3.7866144576060154,-0.38254097074980253,-0.10624425083835495,-3.258712372344735,0.0428,0.528,-0.38388085874042915,-0.10746510910858771,-3.2414840576824564,0.0446
1787414453.2250319,-0.349774711354318,-0.07867371111595234,-3.7864660123925344,-0.3816713490520635,-0.1064154044134148,-3.2435803982578975,0.0423,0.543,-0.38098096629016254,-0.10656990027477789,-3.242609002233506,0.0419
1787414453.3513157,-0.3497747160396963,-0.07867377061151551,-3.786325418801202,-0.3839446537646421,-0.10883662489968036,-3.2229960505482933,0.0456,0.563,-0.385086370083704,-0.11190167212163912,-3.1834331527396835,0.0485
1787414453.4175272,-0.34977471829316614,-0.07867379354159658,-3.7862607065695006,-0.3844237071032068,-0.10863458779243523,-3.2156845168333783,0.0458,0.571,-0.38446735836142376,-0.10778238307704736,-3.2260740316233916,0.0453
1787414453.5480638,-0.34977472425787376,-0.0786738317217234,-3.786131208044979,-0.384006819805698,-0.10761256140216516,-3.2380088408937366,0.0448,0.548,-0.38174725474742216,-0.10628908602316763,-3.2568111192403033,0.0422
1787414453.6116745,-0.3497747281732755,-0.07867384963758096,-3.786063325497307,-0.38260724485241027,-0.10686880508898222,-3.2507117870490325,0.0433,0.535,-0.38229633434116994,-0.10580551798505763,-3.2643785071372458,0.0424
1787414453.7393105,-0.34977474180042306,-0.07867388371045866,-3.7859436907954533,-0.3826672557953995,-0.10696014316576703,-3.2469906625905383,0.0434,0.539,-0.3842595595716322,-0.10967968244876379,-3.210840421302642,0.0464
1787414453.8048718,-0.3497747452547229,-0.0786738949393264,-3.7858922486229605,-0.3840724823111016,-0.10919475987901962,-3.2190958860275622,0.0459,0.567,-0.3843577310014107,-0.11118832726341453,-3.194078160251895,0.0475
1787414453.9305198,-0.34977475539975766,-0.07867391329961063,-3.7857826745735843,-0.38372376271408243,-0.10983022707521821,-3.2091569345678774,0.0461,0.577,-0.384664539093663,-0.10913961688528513,-3.217267162363569,0.0463
1787414454.0546093,-0.3497747622990742,-0.07867392143354408,-3.785679917880043,-0.3843189583722827,-0.10976418464021938,-3.2100758978012967,0.0465,0.576,-0.384664539093663,-0.10913961688528513,-3.217267162363569,0.0463
1787414454.1205072,-0.3497747656359315,-0.07867392171992416,-3.785625527548334,-0.38348391102954493,-0.11019083864736501,-3.2057395739284975,0.0461,0.580,-0.38495436201707095,-0.10937796777848047,-3.218551348790326,0.0467
1787414454.2564387,-0.3497747730800612,-0.07867392032869533,-3.7855317980462764,-0.38419596533366596,-0.11040736725262422,-3.221155292909687,0.0468,0.564,-0.38395642254534107,-0.11040448282393432,-3.221682481620112,0.0466
1787414454.327278,-0.3497747745089038,-0.07867391494898088,-3.7854921679792817,-0.3839042207714204,-0.10968264919879853,-3.219519416541964,0.0461,0.566,-0.38467383324158705,-0.1136641774001118,-3.1670510381712056,0.0494
1787414454.4604445,-0.34977477752968533,-0.0786739017083834,-3.7854050477509213,-0.38448994177623635,-0.11182799369256523,-3.196257918765012,0.0480,0.589,-0.3845864822166965,-0.11294050838288343,-3.182435979019125,0.0488
1787414454.5254445,-0.34977477993057754,-0.07867389357779421,-3.7853578510163097,-0.3847513863394358,-0.11221613692283065,-3.1898409015309555,0.0485,0.596,-0.38609351523416185,-0.11385655999746028,-3.1715014404204283,0.0506
1787414454.6595452,-0.34977477898897746,-0.07867387351003376,-3.785275626744117,-0.38425550768274347,-0.11238907970593875,-3.1946453095259084,0.0482,0.591,-0.383007699954055,-0.11047288749031385,-3.2202579921010677,0.0460
1787414454.7295136,-0.34977477907730353,-0.07867386569455305,-3.7852401099930697,-0.38316385834398514,-0.11151877127043365,-3.1919440899246436,0.0468,0.593,-0.3838752043945191,-0.11003716009161911,-3.2137129119748966,0.0463
1787414454.8544302,-0.3497747783837404,-0.07867384745686087,-3.785161525871054,-0.38408277885637954,-0.11056278233965194,-3.2072003642457996,0.0468,0.578,-0.38443073287254237,-0.10909555676412355,-3.224785779352282,0.0461
1787414454.9169018,-0.34977477829624626,-0.07867383936499879,-3.78511775528383,-0.3827865682460696,-0.11135529937084114,-3.216237815353191,0.0465,0.569,-0.38211184527783726,-0.11216431060418132,-3.207415922712528,0.0466
1787414455.0507674,-0.34977477823445746,-0.0786738238642514,-3.7850419752543174,-0.38338315151112823,-0.11222808486659794,-3.185899845458657,0.0475,0.599,-0.38392706933787973,-0.11380707725355016,-3.165313097128997,0.0490
1787414455.1187615,-0.34977477644569693,-0.07867381141631809,-3.7850009068285844,-0.38458558645778557,-0.11304527856020018,-3.167542823287706,0.0489,0.617,-0.3827857740354973,-0.10770195617178464,-3.2458274197491104,0.0440
