t,gt_x,gt_y,gt_yaw,ekf_x,ekf_y,ekf_yaw,ekf_err,ekf_yaw_err,fix_x,fix_y,fix_yaw,fix_err
1787413410.9691129,-2.4755529075300404,1.558520600360348e-06,-2.8880348625482935e-05,,,,,,,,,
1787413411.0646393,-2.47334695798169,1.6000268146101415e-06,-3.382919174083006e-05,,,,,,,,,
1787413411.1272213,-2.4723782298746095,1.5803123069956621e-06,-3.510602098643169e-05,,,,,,,,,
1787413411.253093,-2.4707000041710736,1.5097157588538676e-06,-3.628415419486007e-05,,,,,,,,,
1787413411.3176768,-2.469987129528562,1.4708006788862816e-06,-3.6490687075318716e-05,,,,,,,,,
1787413411.4542537,-2.4688067245121297,1.4019849812023637e-06,-3.6652233205287804e-05,,,,,,,,,
1787413411.5267918,-2.468336845406768,1.3747923132613634e-06,-3.671994103651411e-05,,,,,,,,,
1787413411.6713607,-2.467633069657944,1.335962622299458e-06,-3.6931561103891746e-05,,,,,,,,,
1787413411.7349389,-2.467397776257308,1.323496176341808e-06,-3.7078722454247616e-05,,,,,,,,,
1787413411.8417952,-2.4671580337441115,1.309140117715374e-06,-3.73825276335219e-05,-2.616343575156315,-0.012876715980313164,0.10771771860101267,0.1497,0.108,,,,
1787413411.9713073,-2.4672247119198487,1.304233729165213e-06,-3.7589911631114926e-05,-2.6311903167220905,-0.013141061961479582,0.10833487708438543,0.1645,0.108,,,,
1787413412.0378819,-2.4673730027055867,1.3038086521102233e-06,-3.7612956173421383e-05,-2.6460622385277657,-0.013405528883871956,0.10895199672865637,0.1792,0.109,,,,
1787413412.1706183,-2.4679008708112513,1.3047407258313254e-06,-3.743339261445711e-05,-2.6460622385277657,-0.013405528883871956,0.10895199672865637,0.1787,0.109,,,,
1787413412.2351744,-2.4682814443765544,1.3054610262669148e-06,-3.7208761390487964e-05,-2.675862558599466,-0.013934329611135166,0.1101853325704887,0.2080,0.110,,,,
1787413412.3633876,-2.469279469314465,1.306373289305246e-06,-3.64690001317873e-05,-2.69081094664025,-0.014199179893864374,0.11080237646127512,0.2220,0.111,,,,
1787413412.429095,-2.4698988046605987,1.3062773260774305e-06,-3.5935548035142346e-05,-2.7057825808845357,-0.014464119374555691,0.11141930255785262,0.2363,0.111,,,,
1787413412.5673175,-2.471383944792565,1.3047084571371525e-06,-3.4539854602149426e-05,-2.720929553971126,-0.014731834517595405,0.1120423622565539,0.2500,0.112,,,,
1787413412.6375663,-2.472252526676793,1.3032672918117014e-06,-3.315304984101064e-05,-2.720929553971126,-0.014731834517595405,0.1120423622565539,0.2491,0.112,,,,
1787413412.773229,-2.4742497794509553,1.2976741957959636e-06,-3.160206876817734e-05,-2.7443009356569616,-0.015144204671634024,0.11300158667840125,0.2705,0.113,-3.0364986524821975,-0.01163728174206809,0.16679705898821712,0.5624
1787413412.8430116,-2.4753821241527683,1.2952996665909194e-06,-3.0429586839624386e-05,-2.7659222955832443,-0.015525027273505673,0.11388668831156368,0.2910,0.114,-3.0364986524821975,-0.01163728174206809,0.16679705898821712,0.5612
1787413412.973387,-2.47792440175976,1.2865788198097915e-06,-2.768748799501815e-05,-2.7814825972483592,-0.01579872592602408,0.11452231514547535,0.3040,0.115,-3.0364986524821975,-0.01163728174206809,0.16679705898821712,0.5587
1787413413.0374088,-2.478879331262707,1.4869534981622136e-06,-2.9872613936150634e-05,-2.7814825972483592,-0.01579872592602408,0.11452231514547535,0.3030,0.115,-3.0364986524821975,-0.01163728174206809,0.16679705898821712,0.5577
1787413413.1648102,-2.480519355535015,1.9320141246012632e-06,-3.4443678647014855e-05,-2.8113078629697057,-0.0163222548632725,0.11573750525289787,0.3312,0.116,-2.5156656667622643,-0.0035634888530727865,-0.02395300195857431,0.0353
1787413413.2332249,-2.481082617418712,2.736074494847718e-06,-2.3202082190881795e-05,-2.509834479090833,-0.007865290111195106,0.031013887156731507,0.0298,0.031,-2.4979593140146443,-0.010061035395638927,0.06292731715202685,0.0196
1787413413.36749,-2.481795826522577,4.673109495664693e-06,-5.1702990747661104e-05,-2.503247565567923,-0.006187710131473274,0.030581869704363062,0.0223,0.031,-2.4705723959082624,-0.00715043675807291,0.07364931805997361,0.0133
1787413413.4357843,-2.48194623227685,5.9385344818985554e-06,-9.13452562938369e-05,-2.4776194352490255,-0.009552069022770105,0.07732016558401089,0.0105,0.077,-2.4651334568651455,-0.01214559117408755,0.12458539216516118,0.0207
1787413413.5682538,-2.4818473794964286,9.055459863034914e-06,-0.00016433137358314728,-2.461169561390118,-0.007275574929592757,0.027110124438993972,0.0219,0.027,-2.434321649557073,-0.005642265908651849,0.004547852081901736,0.0479
1787413413.638888,-2.4815992414466903,1.0907128306254099e-05,-0.00019439684008312004,-2.454591398792119,-0.007275613620492765,0.02495588676391014,0.0280,0.025,-2.4864597055423383,-0.009772373339479395,0.14576268497206465,0.0109
1787413413.775457,-2.4807214085259335,1.5175537784237636e-05,-0.00024088736443685126,-2.4714895517699023,-0.006337282501845572,0.0385041191469988,0.0112,0.039,-2.503026045266289,-0.009273260968997514,0.06117420136616655,0.0242
1787413413.846812,-2.4800912304067917,1.7594063414105653e-05,-0.000261618806363177,-2.4823481971985615,-0.00911480977381207,0.07979788683104054,0.0094,0.080,-2.50423531564322,-0.009108901624678744,0.044426715430617034,0.0258
1787413413.920351,-2.479337453976694,2.019299225802619e-05,-0.00027794008264565465,-2.5098680381876877,-0.016716816001330913,0.35387210313459594,0.0348,0.354,-2.586661473841217,-0.036065147848819076,0.7087810868186107,0.1132
1787413414.0501018,-2.4783116184832084,2.6605263061372402e-05,-0.0002636212037761432,-2.5135729889137584,-0.018526785765685994,0.38304409253467875,0.0398,0.383,-2.586661473841217,-0.036065147848819076,0.7087810868186107,0.1142
1787413414.11534,-2.4779280408716087,3.0103333910826553e-05,-0.00025808686191380317,-2.5163309295681637,-0.019904728153066938,0.40501198887973444,0.0433,0.405,-2.586661473841217,-0.036065147848819076,0.7087810868186107,0.1146
1787413414.2597995,-2.477439008697684,3.773487554852671e-05,-0.00025171789823491043,-2.5163309295681637,-0.019904728153066938,0.40501198887973444,0.0437,0.405,-2.586661473841217,-0.036065147848819076,0.7087810868186107,0.1150
1787413414.3262117,-2.4773307427104863,4.186332738957143e-05,-0.0002497878580361547,-2.5217579222697046,-0.022693918352032834,0.44889088298789104,0.0499,0.449,-2.586661473841217,-0.036065147848819076,0.7087810868186107,0.1151
1787413414.4520319,-2.4773856260818437,5.0789630696382006e-05,-0.0002468370659190294,-2.524431651319809,-0.02410881096213754,0.470843881781149,0.0529,0.471,-2.586661473841217,-0.036065147848819076,0.7087810868186107,0.1151
1787413414.5824556,-2.4778011500488746,6.059591354955901e-05,-0.0002455282926424475,-2.524431651319809,-0.02410881096213754,0.470843881781149,0.0525,0.471,-2.586661473841217,-0.036065147848819076,0.7087810868186107,0.1147
1787413414.6492863,-2.478143607926506,6.582855552521983e-05,-0.00024532275544641226,-2.5296957188852573,-0.026974504394706583,0.5147371455638576,0.0582,0.515,-2.586661473841217,-0.036065147848819076,0.7087810868186107,0.1144
1787413414.7152095,-2.478574658825748,7.126805398937841e-05,-0.00024550737872421557,-2.531481275066318,-0.027972566921879508,0.5298395620972836,0.0599,0.530,-2.8457348535788234,-0.011746082718033112,0.06523916600827084,0.3674
1787413414.8544307,-2.4797059574734375,8.280973280402887e-05,-0.00024610435333496445,-2.534850107404255,-0.029891688118907075,0.5586366258682187,0.0628,0.559,-2.8457348535788234,-0.011746082718033112,0.06523916600827084,0.3662
1787413414.9229414,-2.4804058296856764,8.889704596298456e-05,-0.0002468048882105513,-2.534850107404255,-0.029891688118907075,0.5586366258682187,0.0622,0.559,-2.8457348535788234,-0.011746082718033112,0.06523916600827084,0.3655
1787413415.0521083,-2.4820757392255315,0.00010171399326309091,-0.0002483353756166276,-2.5398947587078897,-0.03285787204364568,0.6025339739584404,0.0666,0.603,-2.8457348535788234,-0.011746082718033112,0.06523916600827084,0.3639
1787413415.1663463,-2.4841213960564557,0.0001154462909755396,-0.00025001003623854515,-2.5423797544873414,-0.034362729484833536,0.6245202615068822,0.0677,0.625,-2.6033513087128277,0.001954344924189478,-0.060683147459475964,0.1192
1787413415.2315588,-2.4852895761155267,0.00012265487051952033,-0.0002512088080323107,-2.5873748729942982,0.00023111604530683658,-0.024903505403671894,0.1021,0.025,-2.5748738478932514,-0.000686181656990555,-0.012302814175065367,0.0896
1787413415.3662589,-2.487916356586828,0.00013772830923654237,-0.00025373184750178613,-2.5463039150681728,0.006289334591017474,-0.17615406175909226,0.0587,0.176,-2.5182550522641662,-0.0045059841098629705,0.062067469736823234,0.0307
1787413415.432457,-2.489378306869583,0.0001455939170409342,-0.0002549887483701324,-2.5339016375465784,0.00028424945611500545,-0.013512124884472742,0.0445,0.013,-2.462257289976797,-0.005806560725292775,0.0590915939996224,0.0278
1787413415.566354,-2.492613828758965,0.0001619889201021993,-0.0002576558838245899,-2.489436977216477,-0.004514954430788871,0.043612464118604824,0.0057,0.044,-2.4576690175738682,-0.008521637388309479,0.11610985421841119,0.0360
1787413415.6356857,-2.494389848856266,0.00017050617197352,-0.0002590369326378328,-2.419799575087798,-0.02879067747895037,0.7112607045270354,0.0800,0.712,-2.2589389719705255,-0.08947217580840415,2.259402118678671,0.2519
1787413415.7693465,-2.4977334706711027,0.0001889109920631478,-0.000743185357936823,-2.4044966078712924,-0.03247994332843247,0.761367990290472,0.0988,0.762,-2.081317389456571,1.4722256076824058,-121.63124981978399,1.5298
1787413415.8391762,-2.499092452756387,0.00019833497885948526,-0.0008643245192725158,-2.8430392920896876,0.9302957569822984,-112.13485820955809,0.9917,112.134,-1.2879912956780917,0.6028188080287619,-161.01912122926402,1.3527
1787413415.974974,-2.5013234217937383,0.0002180959473286363,-0.001218151290321692,-2.1023037895301386,0.9265131217398993,-126.81106398631388,1.0086,126.810,-2.0744808617211787,1.7597156207286204,-117.66557621126677,1.8105
1787413416.043108,-2.502189904486572,0.00022846166671768064,-0.0014060879496221204,-2.0766269140730715,1.0826029997389721,-125.05622790542718,1.1630,125.055,-2.0744808617211787,1.7597156207286204,-117.66557621126677,1.8107
1787413416.1788929,-2.5034305632459626,0.0002502297996230883,-0.0017767232473084728,-1.9330423798841645,1.0928974241296474,-135.86332433527718,1.2326,135.862,-2.084672866486339,1.0507356291470666,-125.05622790542718,1.1309
1787413416.244346,-2.5038062261234315,0.0002616597495855971,-0.0019579863381219737,-1.804380962748161,1.0230976518241148,-143.48258437233986,1.2391,143.481,-1.4717978108095142,0.5606088976493604,-159.96976444056128,1.1743
1787413416.3785846,-2.5040705278826656,0.00028568193318589735,-0.002164174593192928,-1.6960942188529269,0.6746864765228493,-155.42742037172957,1.0524,155.425,-1.7789976014813944,0.6706729269362509,-154.76750103305244,0.9875
1787413416.4443955,-2.503961975635061,0.0002982903375676265,-0.002160564861462816,-1.5924683000914628,0.44142158586483904,-160.30455616032046,1.0126,160.302,-1.7835871559911636,0.43528067336796333,-158.34182928159166,0.8415
1787413416.577453,-2.5032662641142043,0.00032471232239899065,-0.00215315445802756,-1.6027284650045548,0.28209459224150774,-162.88250622991225,0.9436,162.880,-1.731872968039677,0.16613215527464464,-162.88250622991225,0.7890
1787413416.640329,-2.5026806461854876,0.00033852653242612914,-0.0021493942436059325,-1.5858658833235064,0.1759724135033337,-169.20710700766793,0.9335,169.205,-1.8181850838596443,0.7887972252892788,-152.83660717471784,1.0441
1787413416.7805908,-2.501036331620672,0.0003673503713929096,-0.0021417500303316907,-1.4675527073378825,-0.0401564668340095,-170.80229429498547,1.0343,170.800,-1.3143123489306285,-0.142854689969369,-170.80229429498547,1.1953
1787413416.8450756,-2.500597879462635,0.00038259739575125906,-0.0021387705815492943,-1.4335793529418877,-0.12972514747705555,-174.08509180641224,1.0749,174.083,-1.2253394336034082,-0.10808146442833877,-170.80229429498547,1.2799
1787413416.9740546,-2.5001485136201738,0.00041364398041434893,-0.0021318563685146378,-1.2937012201697011,-0.25457679186785864,-172.39598590261295,1.2331,172.394,-1.760528555379818,0.1759660791955419,-162.24481889644846,0.7602
1787413417.0416927,-2.500191521571422,0.0004295639636298272,-0.002128756479084015,-1.2300897675745326,-0.4742618802398307,179.51037738443975,1.3559,179.513,-1.0784196441633496,-0.16200553608738022,-172.39598590261295,1.4310
1787413417.1751826,-2.5008628306692158,0.0004585623770753032,-0.0021201748727174407,-1.1530326849797408,-0.3656313675853678,-174.9969491094077,1.3967,174.995,-0.9482083218533415,-0.29412676337826205,-174.9969491094077,1.5804
1787413417.2401643,-2.501507355046768,0.00046445136690443473,-0.0021030301515371865,-1.1244784503458296,-0.40839122625652996,-177.9320713996514,1.4364,177.930,-0.9482083218533415,-0.29412676337826205,-174.9969491094077,1.5810
1787413417.3744853,-2.5027894220205504,0.0004674022264892554,-0.00206697827981159,-1.0844093015848855,-0.5947575891725837,174.24278626758237,1.5382,174.245,-1.140249769593546,-0.5363980539944484,-177.9320713996514,1.4645
1787413417.4394789,-2.5030338134081456,0.00046607968927216505,-0.0020518224716102908,-1.0635792645850852,-0.7640625590702542,167.98057276164286,1.6299,167.983,-1.140249769593546,-0.5363980539944484,-177.9320713996514,1.4647
1787413417.5720272,-2.502858978875565,0.0004575480443407673,-0.002044421815586417,-1.0635792645850852,-0.7640625590702542,167.98057276164286,1.6297,167.983,-1.140249769593546,-0.5363980539944484,-177.9320713996514,1.4646
1787413417.6404524,-2.5024264545367267,0.0004504738868344226,-0.002049771445389128,-1.0597100909953097,-1.0604324617105634,157.25314220685888,1.7908,157.255,-1.140249769593546,-0.5363980539944484,-177.9320713996514,1.4641
1787413417.7155945,-2.5017642392510835,0.0004416067944547445,-0.0020598116554178827,-1.0597100909953097,-1.0604324617105634,157.25314220685888,1.7902,157.255,-1.140249769593546,-0.5363980539944484,-177.9320713996514,1.4635
1787413417.8557708,-2.50024195281907,0.0004182469835590201,-0.0020257392114637024,-1.1119970096750746,-1.3574470900174405,146.52903674671668,1.9419,146.531,-1.140249769593546,-0.5363980539944484,-177.9320713996514,1.4621
1787413417.9184682,-2.4996626534524724,0.00040274936479798353,-0.0012284489487045453,-1.1660361689762433,-1.5003697247144814,141.16602178138527,2.0077,141.167,-1.140249769593546,-0.5363980539944484,-177.9320713996514,1.4616
1787413418.051224,-2.498364708996017,0.00036672418230088166,-0.0012443734781055016,-1.2344657775210608,-1.6401946670168606,135.74916293567523,2.0710,135.750,-1.140249769593546,-0.5363980539944484,-177.9320713996514,1.4603
1787413418.1176448,-2.497610355132727,0.000346980624670009,-0.0012515669203712893,-2.0180001897235593,-1.8640650246448158,117.49057174616328,1.9251,117.492,-2.044795349502239,-1.89787609360378,116.69680391418352,1.9515
1787413418.2537951,-2.4959025309529954,0.0003049522629821056,-0.0012579555186949417,-2.0965144813918153,-1.939805657410566,115.36129672145961,1.9808,115.363,-2.038923124955326,-1.9325634895633037,116.44550829091035,1.9862
1787413418.3199034,-2.4949685517776605,0.00028288936901557497,-0.0012580129096109792,-2.1461515460032348,-2.016184667256983,113.86597730363451,2.0464,113.867,-2.0269595148452626,-1.9969827009960197,116.0741044718691,2.0514
1787413418.4595726,-2.4930149977158558,0.00023712936653858682,-0.0012538031837950202,-2.151459015645048,-2.0739541560282837,113.18394107850632,2.1021,113.185,-2.0036087678992667,-2.087957256236056,115.57301156338767,2.1448
1787413418.524433,-2.4920245274542805,0.0002135460363436699,-0.0012501725396088968,-2.139649623584034,-2.116340398676338,113.00499156228962,2.1457,113.006,-2.0036087678992667,-2.087957256236056,115.57301156338767,2.1445
1787413418.6598406,-2.4900933164868415,0.00016528829257042853,-0.0006349428456901159,-2.328126573175978,-2.2345835659438396,105.1140175288782,2.2406,105.115,-2.0036087678992667,-2.087957256236056,115.57301156338767,2.1440
1787413418.7280893,-2.489181709780351,0.00014063714605028907,-0.0004779367791834322,-2.304012470632567,-2.392747745763417,106.86550510775733,2.4000,106.866,-2.2366897171554103,-2.446879227888691,107.54782829721229,2.4600
1787413418.8600326,-2.4874348730976967,-0.0002043149590401673,0.007786488778960111,-2.3099992456167304,-2.4053116912475785,104.08065428322531,2.4116,104.073,-2.2977501973566925,-2.3270529048685398,106.86550510775733,2.3346
1787413418.9818652,-2.4856694427134145,-0.0002581347443396716,0.16494461250871262,-2.331628282278246,-2.5089454676513916,105.83904058627832,2.5134,105.674,-2.2122245524860538,-2.5208512658803217,107.45103084185025,2.5354
1787413419.050679,-2.48471559953691,7.259188873207778e-05,0.24107746377013495,-1.6309612413599603,-2.656813325161132,75.40001958996001,2.7907,75.159,-0.8775539692962234,-2.0979866820414297,67.23123192217085,2.6429
1787413419.1214778,-2.4837896081528905,0.0006154395012554499,0.2330259786115657,-1.6727776094708442,-2.765451595674915,66.73911318997789,2.8825,66.506,-0.8775539692962234,-2.0979866820414297,67.23123192217085,2.6427
1787413419.262179,-2.482137959246264,0.001525721668303121,-0.089809770743274,-1.6727776094708442,-2.765451595674915,66.73911318997789,2.8829,66.829,-0.8775539692962234,-2.0979866820414297,67.23123192217085,2.6425
1787413419.330083,-2.481057231344948,0.001244245691620922,-0.08228740412157737,-1.80231081317751,-2.9112853927601443,55.39995029405966,2.9906,55.482,-2.2037668753436797,-2.9297166078136394,66.73911318997789,2.9440
1787413419.4538534,-2.478851689086899,3.4055216584425834e-05,0.09138754025852029,-1.8693746123191601,-2.9822760028950976,48.6402771694176,3.0440,48.549,-2.2037668753436797,-2.9297166078136394,66.73911318997789,2.9426
1787413419.5203288,-2.4778601571106504,-0.0006203355839490568,0.3393560829686189,-1.8693746123191601,-2.9822760028950976,48.6402771694176,3.0431,48.301,-2.2037668753436797,-2.9297166078136394,66.73911318997789,2.9419
1787413419.6466825,-2.4757524001682265,-0.0009896520016610135,0.369315235397879,-2.0034981625587296,-3.0971845993828917,36.59462719054134,3.1320,36.225,-2.2037668753436797,-2.9297166078136394,66.73911318997789,2.9413
1787413419.7149122,-2.4746004177462213,-0.0007828862850367466,0.3593239147617355,-2.0034981625587296,-3.0971845993828917,36.59462719054134,3.1320,36.235,-2.2037668753436797,-2.9297166078136394,66.73911318997789,2.9414
1787413419.854328,-2.472490889300921,-3.975427049613268e-05,-0.004389382604907597,-2.160238974739293,-3.1856189397788164,24.54926859273726,3.2008,24.554,-2.2037668753436797,-2.9297166078136394,66.73911318997789,2.9420
1787413419.9187508,-2.471446883964325,5.277078264575056e-05,-0.29756591610974237,-2.160238974739293,-3.1856189397788164,24.54926859273726,3.2008,24.847,-2.2037668753436797,-2.9297166078136394,66.73911318997789,2.9420
1787413420.0541866,-2.4690399069605466,-0.0011864937139764037,-0.23462665369797497,-2.3343790627462058,-3.2430202807943913,12.504475110394123,3.2446,12.739,-2.5271222713654597,-3.138127724860933,2.8620643722360937,3.1375
1787413420.124338,-2.467869072549827,-0.0020817193779416676,-0.07328450337263444,-2.4828855651002866,-3.1481408320515833,3.1068250360054313,3.1461,3.180,-2.5635189517116466,-3.144932672129036,2.9662928756938114,3.1443
1787413420.2686453,-2.465862695900579,-0.0032185622137163184,0.005594650469874999,-2.5712431174147974,-3.1346736752044864,2.7448885882710914,3.1332,2.739,-2.7512007760893145,-3.1365617818745157,2.744888588271092,3.1463
1787413420.3373373,-2.4647626664338054,-0.0033315333842052117,0.05486194175777451,-2.765787371790197,-3.123952244140417,-8.540450743700426,3.1351,8.595,-2.7548316139622036,-2.58154165447659,-8.540450743700426,2.5945
1787413420.4648798,-2.4626628418447343,-0.003055651631373493,-0.14382385014450477,-2.8081843183793795,-3.0606903842004325,-12.810452052264958,3.0771,12.667,-2.7548316139622036,-2.58154165447659,-8.540450743700426,2.5950
1787413420.575446,-2.4609661740486737,-0.003286862356552552,-0.5219746794881323,-2.944929872791993,-2.9969450964750557,-21.7659634048001,3.0325,21.244,-2.7548316139622036,-2.58154165447659,-8.540450743700426,2.5949
1787413420.6385484,-2.460256183291296,-0.0037754589030995814,-0.6932176989297533,-3.0314042048118286,-2.939613569061529,-27.86067019658566,2.9909,27.167,-2.7548316139622036,-2.58154165447659,-8.540450743700426,2.5945
1787413420.76536,-2.4593063836706883,-0.0049208848459685196,-1.0750979241128633,-3.0314042048118286,-2.939613569061529,-27.86067019658566,2.9899,26.786,-2.7548316139622036,-2.58154165447659,-8.540450743700426,2.5935
1787413420.830855,-2.4591333104899653,-0.005094035555908728,-1.10034570435928,-3.1942789404317353,-2.8069730428752626,-40.0453807715526,2.8967,38.945,-2.7548316139622036,-2.58154165447659,-8.540450743700426,2.5934
1787413420.9510229,-2.4583298268037033,-0.004453127430276534,-1.048787043927852,-3.2614206285750806,-2.72442969974907,-46.140963088764266,2.8361,45.092,-2.7548316139622036,-2.58154165447659,-8.540450743700426,2.5941
1787413421.07877,-2.4569634857279445,-0.0023620311328565132,-1.2153545146900926,-3.3203862265780644,-2.63478486241035,-52.237255772422166,2.7704,51.022,-2.7548316139622036,-2.58154165447659,-8.540450743700426,2.5963
1787413421.1456544,-2.456393892304325,-0.0012850617967371998,-1.483125847170503,-3.3203862265780644,-2.63478486241035,-52.237255772422166,2.7716,50.754,-2.7548316139622036,-2.58154165447659,-8.540450743700426,2.5975
1787413421.2761803,-2.4547366251024756,-0.0003506713206289137,-1.5274335786215762,-3.4212894697247886,-2.4425015443935707,-64.42350506839415,2.6265,62.896,-2.7548316139622036,-2.58154165447659,-8.540450743700426,2.5986
1787413421.3398793,-2.45383738884266,-0.0002606689257898465,-1.5174947619625903,-3.4212894697247886,-2.4425015443935707,-64.42350506839415,2.6269,62.906,-2.7548316139622036,-2.58154165447659,-8.540450743700426,2.5988
1787413421.4718077,-2.4522276893329646,-0.00033864824396595094,-1.15158540152594,-3.4824563124863155,-2.230374349960825,-76.612412753555,2.4565,75.461,-2.7548316139622036,-2.58154165447659,-8.540450743700426,2.5989
1787413421.5414307,-2.451365208437528,-0.00017882604856584664,-1.1464612731417676,-3.4908742018007417,-2.118954245756032,-82.70718158661049,2.3600,81.561,-2.7548316139622036,-2.58154165447659,-8.540450743700426,2.5991
1787413421.6666346,-2.449451967753741,0.000980866638307732,-1.1766656859626075,-3.4908742018007417,-2.118954245756032,-82.70718158661049,2.3619,81.531,-2.7548316139622036,-2.58154165447659,-8.540450743700426,2.6005
1787413421.724225,-2.4485230557483573,0.0018198757256390047,-1.325665758997514,-3.4855060281431967,-1.8928011544416148,-94.89861327883818,2.1598,93.573,-2.7548316139622036,-2.58154165447659,-8.540450743700426,2.6015
1787413421.858224,-2.445929643625472,0.0020336832409224423,-1.7132117375957956,-3.4855060281431967,-1.8928011544416148,-94.89861327883818,2.1613,93.185,-2.7548316139622036,-2.58154165447659,-8.540450743700426,2.6020
1787413421.9243922,-2.444546447146507,0.0017562579601493873,-1.9003454693122739,-3.433764719387521,-1.6689321630357699,-107.08618079943547,1.9416,105.186,-2.7548316139622036,-2.58154165447659,-8.540450743700426,2.6019
1787413422.0559397,-2.4418778581956997,0.0003927406079357867,-2.2098193310814254,-3.384964100295678,-1.563363745945925,-113.18263443691839,1.8261,110.973,-2.7548316139622036,-2.58154165447659,-8.540450743700426,2.6008
1787413422.121803,-2.4406646473941476,-0.0003120421471661818,-2.1783301364733862,-3.384964100295678,-1.563363745945925,-113.18263443691839,1.8262,111.004,-2.7548316139622036,-2.58154165447659,-8.540450743700426,2.6003
1787413422.2531257,-2.4383201153805207,-0.0005037746689941385,-2.155300365886842,-3.265373595114781,-1.3605242086906149,-125.38172993242182,1.5918,123.226,-2.7548316139622036,-2.58154165447659,-8.540450743700426,2.6004
1787413422.3181674,-2.43705744645936,-0.00021879284952013999,-2.186080536142363,-3.265373595114781,-1.3605242086906149,-125.38172993242182,1.5927,123.196,-2.680416306124923,-0.2237536016822133,2.1582648358174663,0.3304
1787413422.453362,-2.4352111310955484,0.0004986246744550927,-2.3449069234976196,-2.680416306124923,-0.2237536016822133,2.1582648358174548,0.3323,4.503,-2.8592571603403254,-0.4845627563272026,-125.38172993242182,0.6443
1787413422.5754976,-2.43382745855807,0.000329583046495033,-2.4508332091724085,-2.8380314186128954,-0.4615389889806556,2.1566546063652887,0.6138,4.607,-2.8592571603403254,-0.4845627563272026,-125.38172993242182,0.6451
1787413422.6427724,-2.4330773703365445,-0.00010261004604422599,-2.4681710089851454,-2.838031586311717,-0.46153924196335,2.1566546045465205,0.6139,4.625,-2.8592571603403254,-0.4845627563272026,-125.38172993242182,0.6452
1787413422.7701287,-2.431787720153583,-0.0012370727066753065,-2.141527583442482,-2.838031671399881,-0.46153937032342357,2.156654603623905,0.6139,4.298,-2.8592571603403254,-0.4845627563272026,-125.38172993242182,0.6452
1787413422.8385766,-2.4310072095573343,-0.0014272113488324717,-2.1306065865517594,-2.8380317565157007,-0.46153949872521627,2.156654602701137,0.6143,4.287,-2.8592571603403254,-0.4845627563272026,-125.38172993242182,0.6456
1787413422.9721334,-2.42924383794435,-0.000944305046948925,-2.159059982535131,-2.8380317565157007,-0.46153949872521627,2.156654602701137,0.6158,4.316,-2.8592571603403254,-0.4845627563272026,-125.38172993242182,0.6471
1787413423.036783,-2.428398630890576,-0.00044865355777975465,-2.3184984913035405,-2.8380319267386795,-0.461539755515738,2.15665460085611,0.6168,4.475,-2.8592571603403254,-0.4845627563272026,-125.38172993242182,0.6481
1787413423.172785,-2.4275410061388905,-0.0007275658171907711,-2.3694714105568693,-2.8380320118866673,-0.46153988396605816,2.1566545999333924,0.6171,4.526,-2.8592571603403254,-0.4845627563272026,-125.38172993242182,0.6484
1787413423.2422378,-2.4270747677225915,-0.0013435995971424763,-2.45724010321055,-2.8380320118866673,-0.46153988396605816,2.1566545999333924,0.6170,4.614,-2.8592571603403254,-0.4845627563272026,-125.38172993242182,0.6483
1787413423.374164,-2.4261881496534086,-0.003169981628284108,-2.383502398524735,-2.838032182169976,-0.4615401408475903,2.1566545980885437,0.6162,4.540,-2.8592571603403254,-0.4845627563272026,-125.38172993242182,0.6475
1787413423.4404576,-2.425614103792027,-0.00379951537259194,-2.358030424341475,-2.838032267349076,-0.4615402693448449,2.1566545971659288,0.6161,4.515,-2.8592571603403254,-0.4845627563272026,-125.38172993242182,0.6474
1787413423.5756288,-2.4242411933180743,-0.004268368309417264,-2.27239938295664,-2.8380323533987557,-0.4615403991554168,2.1566545962340262,0.6167,4.429,-2.8592571603403254,-0.4845627563272026,-125.38172993242182,0.6480
1787413423.6469452,-2.4234977170811693,-0.004198276840774898,-2.2838301313612486,-2.8380323533987557,-0.4615403991554168,2.1566545962340262,0.6173,4.440,-2.8592571603403254,-0.4845627563272026,-125.38172993242182,0.6486
1787413423.778492,-2.422243032716057,-0.003985672630220199,-2.7393585763472794,-2.838032525009619,-0.46154065803963573,2.1566545943759206,0.6183,4.896,-2.8592571603403254,-0.4845627563272026,-125.38172993242182,0.6496
1787413423.843389,-2.4215806493213607,-0.0042319939497770164,-3.020919888419691,-2.838032525009619,-0.46154065803963573,2.1566545943759206,0.6185,5.178,-2.8592571603403254,-0.4845627563272026,-125.38172993242182,0.6498
1787413423.9616342,-2.4196747452751035,-0.00652884777173031,-2.8977704073167976,-2.8380326934018902,-0.46154091206843595,2.156654592553209,0.6181,5.054,-2.8592571603403254,-0.4845627563272026,-125.38172993242182,0.6494
1787413424.0276275,-2.419164503917524,-0.007388932931479574,-2.8805427947262117,-2.8380327787167423,-0.46154104077047947,2.156654591629957,0.6178,5.037,-2.8592571603403254,-0.4845627563272026,-125.38172993242182,0.6491
1787413424.1680093,-2.41810714397559,-0.008599944508339709,-2.7175731532936056,-2.8380327787167423,-0.46154104077047947,2.156654591629957,0.6177,4.874,-2.8592571603403254,-0.4845627563272026,-125.38172993242182,0.6490
1787413424.2363312,-2.417455671576828,-0.008781976845980366,-2.6407817697375573,-2.8380329491739826,-0.46154129791439685,2.156654589785718,0.6180,4.797,-2.8592571603403254,-0.4845627563272026,-125.38172993242182,0.6493
1787413424.3696287,-2.4162642132723007,-0.008694690902067686,-2.8174279695245343,-2.838033034476295,-0.4615414265975237,2.1566545888630015,0.6188,4.974,-2.8592571603403254,-0.4845627563272026,-125.38172993242182,0.6501
1787413424.4394486,-2.416204117642623,-0.00880785245551403,-2.8660186457033667,-2.83803311981842,-0.46154155534071073,2.1566545879400048,0.6188,5.023,-2.8592571603403254,-0.4845627563272026,-125.38172993242182,0.6501
1787413424.5782835,-2.415937960257278,-0.00988381606274204,-2.9553922000792854,-2.6196667071009334,0.04844307730789177,-4.319721783498504,0.2119,1.364,-2.5787197144545297,0.03674137740649115,-4.178015862003065,0.1693
1787413424.648135,-2.4158254282605593,-0.01072007560046351,-2.8879704898940526,-2.592997124004161,0.04610991926121222,-4.3332678212485325,0.1861,1.445,-2.565743033608415,0.034090762457386264,-4.05718744427454,0.1565
1787413424.7225628,-2.4152287569294084,-0.011280510273913604,-2.8579718712502484,-2.5514225753266238,0.04209433522651869,-4.135796174644018,0.1463,1.278,-2.5594364549208093,0.028784731518378216,-3.8953536657870123,0.1497
1787413424.8586698,-2.4138325226963246,-0.011530429512912527,-2.694673953665953,-2.548492976120142,0.03634328817888377,-3.9889837782369026,0.1429,1.294,-2.5594364549208093,0.028784731518378216,-3.8953536657870123,0.1511
1787413424.9241834,-2.413064684354664,-0.011291052718576772,-2.678875610993966,-2.5463427669621397,0.033850709485421,-3.717257023119163,0.1407,1.038,-2.565044522337466,0.03099149704379122,-3.7024099403172746,0.1578
1787413425.0492435,-2.4117317616534004,-0.010713681668677963,-2.9959274536412517,-2.5309898373023136,0.042847637287175847,-3.7388117523153026,0.1307,0.743,-2.5587284755416984,0.04301840326019561,-4.066286022387502,0.1565
1787413425.1183295,-2.4109122203698683,-0.010814390633538814,-3.000367040780259,-2.5591894905346524,0.042247587320869945,-4.205241907566524,0.1575,1.205,-2.581529380231565,0.028605545226595412,-4.1369900414570715,0.1751
1787413425.261444,-2.4091878092539574,-0.011757127372599999,-2.9374077941602605,-2.565724377528685,0.03411309226640441,-4.1889692046822695,0.1631,1.252,-2.577604757591849,0.016772379398594564,-4.0079873479930965,0.1708
1787413425.3285336,-2.4080982313245443,-0.012062121202048196,-2.8842562817162345,-2.567174038173104,0.03562476471482257,-4.0913884973254655,0.1661,1.207,-2.5735589028351358,0.042257781901471336,-4.193911282755806,0.1741
1787413425.4623291,-2.405882704504133,-0.011894595591060287,-2.520513626281471,-2.5895832828332623,0.038154867456976244,-3.992496848720562,0.1904,1.472,-2.63326143603734,0.04483637351124404,-4.148446632602141,0.2343
1787413425.5305235,-2.4047553134915693,-0.011106021103284769,-2.303031526665257,-2.587909769799819,0.04317665528288414,-4.024880692301707,0.1910,1.722,-2.63326143603734,0.04483637351124404,-4.148446632602141,0.2353
1787413425.6620889,-2.402619994065732,-0.009070902086150476,-2.1977849007065733,-2.586607815350626,0.0471443829194175,-4.050622295557414,0.1924,1.853,-2.63326143603734,0.04483637351124404,-4.148446632602141,0.2369
1787413425.7269766,-2.401991284035167,-0.008291127575114526,-2.1855238028760815,-2.586607815350626,0.0471443829194175,-4.050622295557414,0.1928,1.865,-2.63326143603734,0.04483637351124404,-4.148446632602141,0.2373
1787413425.8631697,-2.4006369084461348,-0.007604341463002639,-2.2398882817738914,-2.5840820960837134,0.05501516599560702,-4.102094644681956,0.1938,1.862,-2.63326143603734,0.04483637351124404,-4.148446632602141,0.2385
1787413425.9299603,-2.3999867713650516,-0.0076506961903703204,-2.2026857159192916,-2.5840820960837134,0.05501516599560702,-4.102094644681956,0.1945,1.899,-2.63326143603734,0.04483637351124404,-4.148446632602141,0.2391
1787413426.0598598,-2.399275180256117,-0.007454611872987335,-1.8775555570362479,-2.5816590503548538,0.06279675464142863,-4.153536504814925,0.1954,2.276,-2.63326143603734,0.04483637351124404,-4.148446632602141,0.2398
1787413426.1297107,-2.399046543240924,-0.0069533279508569076,-1.738162956425171,-2.5804583911183747,0.06674270262807075,-4.179839205917068,0.1958,2.442,-2.63326143603734,0.04483637351124404,-4.148446632602141,0.2399
1787413426.2581036,-2.398574840291249,-0.004966332100758636,-1.4310714155455349,-2.5804583911183747,0.06674270262807075,-4.179839205917068,0.1955,2.749,-2.63326143603734,0.04483637351124404,-4.148446632602141,0.2399
1787413426.3813188,-2.3978150415272625,-0.003472067556952487,-1.542097708748674,-2.5590981478392614,-0.06522237027087278,-0.41114127746434653,0.1727,1.131,-2.5637851240319227,-0.07290505985676804,-0.2774787993785087,0.1799
1787413426.4499404,-2.397377805999948,-0.0030856149642217606,-1.6247648659799994,-2.555335371427145,-0.07453720569430879,-0.1915957211756955,0.1734,1.433,-2.5637851240319227,-0.07290505985676804,-0.2774787993785087,0.1805
1787413426.5197225,-2.3968874677560255,-0.0029302266261310274,-1.687168504892078,-2.555335371427145,-0.07453720569430879,-0.1915957211756955,0.1739,1.496,-2.5637851240319227,-0.07290505985676804,-0.2774787993785087,0.1810
1787413426.6472127,-2.3960839731721895,-0.0029886765823925266,-1.4508753750528236,-2.549260306864209,-0.08981712116223854,0.16251096560570588,0.1761,1.613,-2.5637851240319227,-0.07290505985676804,-0.2774787993785087,0.1817
1787413426.7810073,-2.3949836213876377,-0.002244971119350347,-1.223017538501579,-2.544494169390831,-0.078625566121376,-0.09738143217468025,0.1679,1.126,-2.5614373362168203,-0.08586197064764618,0.26617282274980814,0.1863
1787413426.8514745,-2.3941921940228394,-0.0014088573409273282,-1.2652142238186888,-2.5511004190657234,-0.0839587483176797,0.2294386171378616,0.1773,1.495,-2.543075892003696,-0.08075173824334847,0.202572575776125,0.1687
1787413426.9182303,-2.393703509645909,-0.0007945970626522009,-1.2931839260621039,-2.531166383545878,-0.08828528269249475,0.2284056673120906,0.1629,1.522,-2.531585817770317,-0.07378843411295394,0.03302755901432963,0.1560
1787413427.0530684,-2.392771563862343,-9.01223202002077e-05,-1.7645304983677907,-2.531314047156458,-0.08137407314451674,0.144853871927713,0.1606,1.909,-2.531585817770317,-0.07378843411295394,0.03302755901432963,0.1572
1787413427.1219542,-2.392188547050596,-0.00031165469847213036,-2.0030177422125974,-2.525401270170586,-0.08859729412070755,0.3734395729284417,0.1598,2.376,-2.531585817770317,-0.07378843411295394,0.03302755901432963,0.1576
1787413427.2559395,-2.390939599296392,-0.001819363786352307,-2.1685842181777972,-2.5217410748617297,-0.09312879757574069,0.514795673751424,0.1595,2.683,-2.531585817770317,-0.07378843411295394,0.03302755901432963,0.1580
1787413427.3200843,-2.390425773114426,-0.0025275613216155777,-2.066289580684889,-2.518080086564252,-0.09771214831483076,0.6561591957078883,0.1592,2.722,-2.531585817770317,-0.07378843411295394,0.03302755901432963,0.1581
1787413427.4548094,-2.3888266523560757,-0.0028998092151182125,-2.0437089300042666,-2.518080086564252,-0.09771214831483076,0.6561591957078883,0.1603,2.700,-2.531585817770317,-0.07378843411295394,0.03302755901432963,0.1594
1787413427.5251548,-2.387963452406332,-0.0027227914365920806,-2.096113932788048,-2.552165979568022,-0.07323970418416881,-0.6825799042723844,0.1787,1.414,-2.5685032373427528,-0.07091985554469454,-0.7223293851756627,0.1930
1787413427.6507642,-2.386820624422979,-0.003169736089243816,-2.2199173443490356,-2.552660063098252,-0.0746516567990178,-0.6312717475881304,0.1806,1.589,-2.5685032373427528,-0.07091985554469454,-0.7223293851756627,0.1939
1787413427.7174633,-2.3861401019712956,-0.0036911026768028064,-2.391258636459653,-2.5531573047398086,-0.07597639589674007,-0.5843295348752878,0.1820,1.807,-2.5685032373427528,-0.07091985554469454,-0.7223293851756627,0.1944
1787413427.8457415,-2.384842239885758,-0.005661060120401029,-2.786303545353497,-2.5531573047398086,-0.07597639589674007,-0.5843295348752878,0.1824,2.202,-2.5685032373427528,-0.07091985554469454,-0.7223293851756627,0.1949
1787413427.9787598,-2.383635358911458,-0.007630922312616903,-2.8021696053989675,-2.5542821553026855,-0.07871940191746642,-0.49046669693856665,0.1849,2.312,-2.5685032373427528,-0.07091985554469454,-0.7223293851756627,0.1954
1787413428.0485013,-2.382919642531896,-0.00813470614372654,-2.75155920755772,-2.5549087394519896,-0.08013882308592571,-0.4435276940710751,0.1865,2.308,-2.5685032373427528,-0.07091985554469454,-0.7223293851756627,0.1959
1787413428.1177487,-2.3821190098283243,-0.008335948386015807,-2.7130831576717522,-2.5549087394519896,-0.08013882308592571,-0.4435276940710751,0.1871,2.270,-2.5685032373427528,-0.07091985554469454,-0.7223293851756627,0.1966
1787413428.2548354,-2.3806191940629424,-0.008308773376129099,-2.953989187234314,-2.556291769176131,-0.08307158614832766,-0.34967404730287543,0.1909,2.604,-2.5685032373427528,-0.07091985554469454,-0.7223293851756627,0.1980
1787413428.3207617,-2.379934000923004,-0.008482956133542458,-3.224051576635345,-2.5570477280456783,-0.08458734426636377,-0.3027065730742705,0.1928,2.921,-2.5685032373427528,-0.07091985554469454,-0.7223293851756627,0.1986
1787413428.4587831,-2.3782305978522666,-0.010177803356050086,-3.471997129784524,-2.5570477280456783,-0.08458734426636377,-0.3027065730742705,0.1937,3.169,-2.5685032373427528,-0.07091985554469454,-0.7223293851756627,0.1997
1787413428.53152,-2.377297078991412,-0.011588205983410926,-3.3493490459364246,-2.558687781764039,-0.08771074907931758,-0.20887357792257016,0.1967,3.140,-2.5685032373427528,-0.07091985554469454,-0.7223293851756627,0.2002
1787413428.6642451,-2.3762048318269766,-0.013260022926386375,-3.0656731261467947,-2.5595717977868646,-0.08932178607079587,-0.1619301965425426,0.1985,2.904,-2.5685032373427528,-0.07091985554469454,-0.7223293851756627,0.2008
1787413428.7292306,-2.3755253560132066,-0.01357745846618658,-2.885744155867148,-2.560498375663119,-0.09096471047818548,-0.11499482733826975,0.2005,2.771,-2.5685032373427528,-0.07091985554469454,-0.7223293851756627,0.2013
1787413428.8658373,-2.374321314407045,-0.013205045878735342,-2.751783772610021,-2.561467799094878,-0.09264018701506063,-0.06805053355300417,0.2033,2.684,-2.5685032373427528,-0.07091985554469454,-0.7223293851756627,0.2026
1787413428.9327283,-2.3738389652996457,-0.01304845498416102,-2.8808674302869157,-2.5538579271241004,0.028572293181897412,-3.847600955674105,0.1848,0.967,-2.560138007825219,0.03407233605675868,-3.954358637053772,0.1922
1787413429.063236,-2.3724047080926405,-0.013685788512255732,-2.8840301611988015,-2.5571663470450825,0.017248499663552467,-3.673963071819924,0.1873,0.790,-2.5829176946331343,0.04289429232249939,-4.212371254931544,0.2180
1787413429.1343927,-2.371629069086409,-0.014442549810333893,-2.7953920786004387,-2.570556328448274,0.03512012262378421,-4.079445700574388,0.2050,1.284,-2.5829176946331343,0.04289429232249939,-4.212371254931544,0.2189
1787413429.2747912,-2.3705795584065497,-0.015085608210542835,-2.5715271147589362,-2.5642308283554667,0.03953401313261745,-4.181896590651252,0.2012,1.610,-2.55428869549923,0.036279241160608884,-4.119065426951278,0.1908
1787413429.341119,-2.369959217110952,-0.015066650090945361,-2.32907179008817,-2.56530441057289,0.047801631132375726,-4.35044259767279,0.2052,2.021,-2.55428869549923,0.036279241160608884,-4.119065426951278,0.1913
1787413429.4697585,-2.3686204388349146,-0.013808591626326487,-2.0237526187111263,-2.566141230055085,0.05405955255560239,-4.4770219505652555,0.2089,2.453,-2.55428869549923,0.036279241160608884,-4.119065426951278,0.1923
1787413429.5371566,-2.368028547836317,-0.012992889524287387,-2.0397297591370602,-2.567006084341421,0.06035983503814511,-4.6036117267606596,0.2121,2.564,-2.55428869549923,0.036279241160608884,-4.119065426951278,0.1927
1787413429.6675854,-2.3666074201827247,-0.012199856812818294,-2.096105734639018,-2.5553600639526293,0.04267781124001431,-3.3646773346260965,0.1966,1.269,-2.5468306396688947,0.03786932278539558,-3.278212190970204,0.1870
1787413429.7359269,-2.3658222621862257,-0.012174659707463314,-2.119054228106853,-2.555117661105569,0.047153557317333915,-3.4158574648220577,0.1984,1.297,-2.5551717744982216,0.035391471491605396,-3.2599527775055948,0.1952
1787413429.8778887,-2.3643573447323645,-0.012594637474354667,-1.8703662301195403,-2.548539484415669,0.028907531624286727,-3.0723657639592097,0.1888,1.202,-2.5304531580671323,0.012315265324769807,-3.047805809169935,0.1680
1787413429.9460716,-2.3635979564381664,-0.012146295523356396,-1.86909175886312,-2.5412711084797572,0.01926948610760959,-3.164888966285943,0.1804,1.296,-2.5304531580671323,0.012315265324769807,-3.047805809169935,0.1686
1787413430.080732,-2.3618582074318133,-0.010413524245136778,-1.8791190027755154,-2.5387925811365357,0.01892845797969784,-3.207387354199574,0.1794,1.328,-2.5304531580671323,0.012315265324769807,-3.047805809169935,0.1701
1787413430.1501923,-2.3609818795043727,-0.009245244309240114,-1.997229732308414,-2.537329846284729,0.018680686586095667,-3.2328167734049913,0.1785,1.236,-2.5304531580671323,0.012315265324769807,-3.047805809169935,0.1708
1787413430.2182977,-2.3602722456427916,-0.008381797311037761,-2.030507051639024,-2.535882770226571,0.018400456523523682,-3.2582385468994106,0.1776,1.228,-2.5304531580671323,0.012315265324769807,-3.047805809169935,0.1714
1787413430.3537743,-2.358758446587197,-0.007419695633319557,-2.200630964170494,-2.535882770226571,0.018400456523523682,-3.2582385468994106,0.1790,1.058,-2.5304531580671323,0.012315265324769807,-3.047805809169935,0.1728
1787413430.419049,-2.357938892819857,-0.007328540106382596,-2.242517395901246,-2.533033932564276,0.017743018322198316,-3.309087449902514,0.1769,1.067,-2.5304531580671323,0.012315265324769807,-3.047805809169935,0.1736
1787413430.5583692,-2.356505510488329,-0.007342341073130997,-1.9729668328877599,-2.5316047921341416,0.017357392691403316,-3.335017998231043,0.1768,1.362,-2.5304531580671323,0.012315265324769807,-3.047805809169935,0.1751
1787413430.6258264,-2.355766298662127,-0.00703865661383043,-1.7336693276635855,-2.5316047921341416,0.017357392691403316,-3.335017998231043,0.1775,1.601,-2.5304531580671323,0.012315265324769807,-3.047805809169935,0.1758
1787413430.7521713,-2.3546645902230767,-0.005484205014889264,-1.443416620072623,-2.528876461080131,0.016513136061715266,-3.3853443152604776,0.1756,1.942,-2.5304531580671323,0.012315265324769807,-3.047805809169935,0.1767
1787413430.8209178,-2.3546298393395966,-0.005056546400791955,-1.2299403541138691,-2.527521185616747,0.016037988725223416,-3.4107679274777047,0.1742,2.181,-2.5304531580671323,0.012315265324769807,-3.047805809169935,0.1767
1787413430.9464927,-2.3542344509831628,-0.004876426210868309,-1.3074684484053234,-2.5261812699121373,0.015530379959254291,-3.4361926656044446,0.1732,2.129,-2.5304531580671323,0.012315265324769807,-3.047805809169935,0.1771
1787413431.07703,-2.3532021303638015,-0.0063109185138161715,-1.1833544762805221,-2.5174138424730828,-0.06861217116481631,-0.25956987876365595,0.1756,0.924,-2.483288611258946,-0.0697104194666981,-0.24683997602953403,0.1447
1787413431.1501005,-2.352699248442762,-0.007333595434608961,-0.9541753224108752,-2.49863564019422,-0.0715798406255167,-0.21218031456462497,0.1595,0.742,-2.467637492484967,-0.06323944763934287,-0.2786525663441269,0.1278
1787413431.2190385,-2.3516362808622118,-0.008018306342578913,-0.668492607134623,-2.482564971729982,-0.06963650379469564,-0.16239696346229915,0.1447,0.506,-2.4147626098804027,-0.026182247705976904,-0.4098793586341086,0.0657
1787413431.3487973,-2.3493003317882453,-0.008505847685683052,-0.03698486382609072,-2.4448216959168025,-0.03852505402505201,-0.23045182125376013,0.1001,0.193,-2.5027150087159895,-0.05684534384708298,0.7336511060523164,0.1609
1787413431.421509,-2.3480979556041794,-0.008410080827287652,0.20256214659358973,-2.459576066587063,-0.04541061700821083,0.5183563641169799,0.1175,0.316,-2.5027150087159895,-0.05684534384708298,0.7336511060523164,0.1620
1787413431.5609093,-2.3463417298106366,-0.008459347840669505,0.3071589332099496,-2.4498102446689782,-0.048254888175576896,0.7948511408714208,0.1109,0.488,-2.5027150087159895,-0.05684534384708298,0.7336511060523164,0.1637
1787413431.6823905,-2.3448729443648544,-0.00969013443328513,0.30460325699819457,-2.4498102446689782,-0.048254888175576896,0.7948511408714208,0.1118,0.490,-2.5027150087159895,-0.05684534384708298,0.7336511060523164,0.1647
1787413431.7483082,-2.3441211645459368,-0.01059826518382115,0.394212040681291,-2.438505271629286,-0.05159094900614787,1.1110653991174204,0.1029,0.717,-2.5027150087159895,-0.05684534384708298,0.7336511060523164,0.1652
1787413431.8783798,-2.3427309038457924,-0.012177328943661712,0.6436587414769593,-2.438505271629286,-0.05159094900614787,1.1110653991174204,0.1036,0.467,-2.5027150087159895,-0.05684534384708298,0.7336511060523164,0.1661
1787413431.9454901,-2.3419451163391223,-0.012547395560151943,0.6775601744562006,-2.42705299098395,-0.05501002363666611,1.4272655738499624,0.0951,0.750,-2.5027150087159895,-0.05684534384708298,0.7336511060523164,0.1668
1787413432.0752351,-2.3402413830740127,-0.012480510305090193,0.6202831676092833,-2.42705299098395,-0.05501002363666611,1.4272655738499624,0.0967,0.807,-2.5027150087159895,-0.05684534384708298,0.7336511060523164,0.1684
1787413432.1430812,-2.339495654977125,-0.012338244441992373,0.409680475328356,-2.4154503161846903,-0.058511132805918645,1.7435017550682814,0.0889,1.334,-2.5027150087159895,-0.05684534384708298,0.7336511060523164,0.1692
1787413432.2719467,-2.337834985298091,-0.012747239860953594,0.13048805505218625,-2.4894296775195683,0.03990656261638142,-0.8524209741970794,0.1605,0.983,-2.52710314771648,0.055211830880258904,-1.3322077225739473,0.2011
1787413432.3369455,-2.3368497406617683,-0.013419342672275342,0.15012928047811916,-2.515767093382735,0.04732494779351936,-1.1447727775158216,0.1889,1.295,-2.52301773241278,0.04363744265870478,-1.0922252408063216,0.1947
1787413432.4694219,-2.335141615816716,-0.01458702978098208,0.28685966771208604,-2.5196642050469023,0.04623184877313122,-1.1215340553356372,0.1943,1.408,-2.5184213591953504,0.05320292296013449,-1.2535733731969865,0.1954
1787413432.5380018,-2.3343557226143505,-0.014749114385637516,0.3890111220381203,-2.520660203416994,0.05248374276386201,-1.2422279572439356,0.1981,1.631,-2.5184213591953504,0.05320292296013449,-1.2535733731969865,0.1962
1787413432.673908,-2.3326655698339587,-0.013849540107184833,0.6016687592661593,-2.5255768217174785,0.062035102852206626,-1.2598443780400341,0.2073,1.862,-2.5184213591953504,0.05320292296013449,-1.2535733731969865,0.1975
1787413432.7403512,-2.3318946843099653,-0.012957767461692242,0.5474686845516301,-2.5255768217174785,0.062035102852206626,-1.2598443780400341,0.2077,1.807,-2.5184213591953504,0.05320292296013449,-1.2535733731969865,0.1979
1787413432.869212,-2.3303957774669772,-0.011615346832161456,0.3408256467761736,-2.532301268186384,0.0748158990354672,-1.2830184188191263,0.2196,1.624,-2.5184213591953504,0.05320292296013449,-1.2535733731969865,0.1989
1787413432.9356618,-2.3295204174487396,-0.011374694754105477,0.3197253912691762,-2.5357768473389695,0.08130813612523936,-1.2946217518779597,0.2261,1.614,-2.5184213591953504,0.05320292296013449,-1.2535733731969865,0.1996
1787413433.0649536,-2.3276924017256504,-0.011509655141848379,0.42905081675919343,-2.5357768473389695,0.08130813612523936,-1.2946217518779597,0.2278,1.724,-2.5184213591953504,0.05320292296013449,-1.2535733731969865,0.2014
1787413433.127085,-2.326889199986616,-0.011645259201556134,0.6702906948573388,-2.542943914349765,0.0944698328332957,-1.317815560658796,0.2407,1.988,-2.5184213591953504,0.05320292296013449,-1.2535733731969865,0.2022
1787413433.265572,-2.3250587253668735,-0.011281438093744975,0.6920718689992339,-2.542943914349765,0.0944698328332957,-1.317815560658796,0.2422,2.010,-2.5184213591953504,0.05320292296013449,-1.2535733731969865,0.2038
1787413433.3321457,-2.324062020541511,-0.010681351283099189,0.6614457031219139,-2.5504011850630577,0.1078770380861987,-1.3410068332753544,0.2555,2.002,-2.5184213591953504,0.05320292296013449,-1.2535733731969865,0.2046
1787413433.4567764,-2.322263590892989,-0.00926283799738567,0.25720051146421236,-2.5542407636274906,0.11467825709336976,-1.352610197183838,0.2630,1.610,-2.5184213591953504,0.05320292296013449,-1.2535733731969865,0.2059
1787413433.5243123,-2.3213970281785246,-0.00890688865883589,0.24202172984454062,-2.5542407636274906,0.11467825709336976,-1.352610197183838,0.2636,1.595,-2.5184213591953504,0.05320292296013449,-1.2535733731969865,0.2066
1787413433.654929,-2.319495451200162,-0.008980904498553252,0.2426521394724647,-2.562134586329817,0.12845703149458235,-1.3758025375919132,0.2789,1.618,-2.5184213591953504,0.05320292296013449,-1.2535733731969865,0.2084
1787413433.714507,-2.3185639442447417,-0.009295505499457835,0.36685426188300924,-2.562134586329817,0.12845703149458235,-1.3758025375919132,0.2798,1.743,-2.5184213591953504,0.05320292296013449,-1.2535733731969865,0.2094
1787413433.8463895,-2.3168155302104148,-0.009599121638342556,0.6335802757863155,-2.5703196629048324,0.14248463477501988,-1.398996972875357,0.2956,2.033,-2.5184213591953504,0.05320292296013449,-1.2535733731969865,0.2112
1787413433.9748666,-2.314850512441728,-0.008882906588974525,0.6244029767615028,-2.574608268201302,0.1497398168123756,-1.4108346835573353,0.3044,2.035,-2.5184213591953504,0.05320292296013449,-1.2535733731969865,0.2128
1787413434.0402868,-2.3138954698218575,-0.008242790796471807,0.4983188241047928,-2.574608268201302,0.1497398168123756,-1.4108346835573353,0.3048,1.909,-2.5184213591953504,0.05320292296013449,-1.2535733731969865,0.2136
1787413434.1763096,-2.312911966751451,-0.008335123330615864,0.4797513847778965,-2.583141595632588,0.1639924363684646,-1.433790524212495,0.3205,1.914,-2.5184213591953504,0.05320292296013449,-1.2535733731969865,0.2145
1787413434.242219,-2.3123453088019645,-0.008840313404497127,0.40710832103157557,-2.583141595632588,0.1639924363684646,-1.433790524212495,0.3213,1.841,-2.5184213591953504,0.05320292296013449,-1.2535733731969865,0.2152
1787413434.3749323,-2.311259556238219,-0.010611404417515093,0.3553208985435404,-2.5920633132522863,0.17865819401488858,-1.457013392996213,0.3386,1.812,-2.5184213591953504,0.05320292296013449,-1.2535733731969865,0.2168
1787413434.442702,-2.310702409040852,-0.011273810335890401,0.38330690611492324,-2.5920633132522863,0.17865819401488858,-1.457013392996213,0.3395,1.840,-2.5184213591953504,0.05320292296013449,-1.2535733731969865,0.2175
1787413434.5627823,-2.3094481516085352,-0.011849215490181605,0.5145204803174149,-2.601253800806642,0.1935379708633724,-1.480182183423547,0.3568,1.995,-2.5184213591953504,0.05320292296013449,-1.2535733731969865,0.2189
1787413434.6266477,-2.308752437439252,-0.01176869551535116,0.5365512192084285,-2.601253800806642,0.1935379708633724,-1.480182183423547,0.3574,2.017,-2.5184213591953504,0.05320292296013449,-1.2535733731969865,0.2195
1787413434.7537172,-2.3075560920049405,-0.011387935829950999,0.23793989380377065,-2.610743192184295,0.20868152484417996,-1.503374770280718,0.3746,1.741,-2.5184213591953504,0.05320292296013449,-1.2535733731969865,0.2205
1787413434.8184855,-2.30696433748137,-0.011461723547798943,-0.018681437185592703,-2.6155984196559094,0.2163514636194584,-1.5149776317809478,0.3836,1.496,-2.5184213591953504,0.05320292296013449,-1.2535733731969865,0.2211
1787413434.9504175,-2.305168677512319,-0.013015159281951334,0.04346718612370978,-2.6155984196559094,0.2163514636194584,-1.5149776317809478,0.3860,1.558,-2.5184213591953504,0.05320292296013449,-1.2535733731969865,0.2233
1787413435.0165799,-2.304290168742057,-0.014068779741778304,0.19840611499618538,-2.497006468191124,0.06973956320867519,-1.755073232648162,0.2102,1.953,-2.493458600508049,0.06777324408217231,-1.7155897861448943,0.2061
1787413435.161137,-2.3027522565362726,-0.014535293360685654,0.2795976422329642,-2.495761641730017,0.06968991487098153,-1.7816450762571387,0.2106,2.061,-2.493458600508049,0.06777324408217231,-1.7155897861448943,0.2077
1787413435.2271671,-2.301895926785731,-0.014198990830947375,0.3956289330268228,-2.495761641730017,0.06968991487098153,-1.7816450762571387,0.2112,2.177,-2.493458600508049,0.06777324408217231,-1.7155897861448943,0.2084
1787413435.3591895,-2.3002244777767813,-0.012996311226079128,0.3792359916289102,-2.4938286690587135,0.0695301887865323,-1.823530772509688,0.2105,2.203,-2.493458600508049,0.06777324408217231,-1.7155897861448943,0.2094
1787413435.4269876,-2.299961399065175,-0.012557868685315625,0.30665667323361095,-2.4938286690587135,0.0695301887865323,-1.823530772509688,0.2105,2.130,-2.493458600508049,0.06777324408217231,-1.7155897861448943,0.2095
1787413435.5584874,-2.2992534416880877,-0.012448706740125073,0.12488276243478737,-2.491946418186554,0.06927292487104278,-1.865087516012478,0.2093,1.990,-2.489821953659048,0.05607688583096242,-1.40410917619319,0.2025
1787413435.6266952,-2.2988523226348905,-0.012742671615260897,0.09874382637751256,-2.494892001451091,0.031767892145915785,-0.9948994592721689,0.2010,1.094,-2.462271251568666,0.026632369992860973,-0.9390695903415389,0.1681
1787413435.7655325,-2.298042158780347,-0.013375715445668054,0.2366591461055663,-2.480579964591491,0.02881010259186171,-0.9998590801737851,0.1873,1.237,-2.444961299494511,0.014649009698155727,-0.669863580885241,0.1496
1787413435.8382087,-2.297478045783157,-0.013330631785552004,0.27122626612869494,-2.4660849636587137,0.020924278397918758,-0.8018441370865274,0.1721,1.073,-2.444961299494511,0.014649009698155727,-0.669863580885241,0.1501
1787413435.978056,-2.296240304129624,-0.012432880635865812,0.19718679353743296,-2.4310221031578747,-0.036826231360846756,0.7813329526242192,0.1370,0.584,-2.355851770245919,-0.025643710288054726,0.33497549646916147,0.0611
1787413436.046306,-2.295738474117819,-0.011916324305810345,-0.042412722425059744,-2.38699622294957,-0.02936232811330008,0.35647610037719885,0.0929,0.399,-2.3348553317012324,-0.022241257251425728,0.20520160604539758,0.0405
1787413436.1198792,-2.2952062123702124,-0.01163154877933798,-0.3318991413290949,-2.359376409067904,-0.02413595721669675,0.07580387852992873,0.0654,0.408,-2.403222516998652,0.009081548512727603,-0.8699258399124014,0.1100
1787413436.2571073,-2.2933011374762318,-0.012320087362228763,-0.2806907716531134,-2.3667384376370193,-0.009451987991505942,-0.548239302312613,0.0735,0.268,-2.4159141783495506,0.026094278225659167,-1.1746232836118005,0.1285
1787413436.32399,-2.292387995433834,-0.012956644222056085,-0.1042494166999337,-2.3756713550333357,0.006559549478514896,-0.8107672506530822,0.0855,0.707,-2.339910434454386,-0.011413959156263353,-0.39125027226728293,0.0475
1787413436.4567788,-2.289526733136755,-0.01347066667111648,0.2136079260176071,-2.3535713953388444,-0.006352934513012643,-0.47782106886631687,0.0644,0.691,-2.3841587532566666,-0.02664162812942425,0.15795395942293683,0.0955
1787413436.5210514,-2.2880127611028236,-0.01332869811462977,0.3832708187317026,-2.35676153630541,-0.021775558763434368,0.08850561852637362,0.0693,0.295,-2.3841587532566666,-0.02664162812942425,0.15795395942293683,0.0971
1787413436.661628,-2.285008297766323,-0.01244639309187175,0.47526456578538007,-2.3416717727017895,-0.030040401579649528,0.20058396006007678,0.0593,0.275,-2.3841587532566666,-0.02664162812942425,0.15795395942293683,0.1002
1787413436.7329772,-2.2841009326068327,-0.012376888702557909,0.4677966060555206,-2.3324221220572254,-0.03512420527953837,0.268352057427211,0.0534,0.199,-2.3841587532566666,-0.02664162812942425,0.15795395942293683,0.1011
1787413436.8721957,-2.2820817185405597,-0.013072421264283268,0.4343965625829706,-2.3324221220572254,-0.03512420527953837,0.268352057427211,0.0550,0.166,-2.3841587532566666,-0.02664162812942425,0.15795395942293683,0.1030
1787413436.9366617,-2.2810488183957673,-0.013747532684655926,0.5073205697548878,-2.3138641881532993,-0.045385566301587986,0.40234563082967434,0.0456,0.105,-2.3841587532566666,-0.02664162812942425,0.15795395942293683,0.1039
1787413437.0649257,-2.279633853787463,-0.014869773066261936,0.7410475522060226,-2.3138641881532993,-0.045385566301587986,0.40234563082967434,0.0459,0.339,-2.3841587532566666,-0.02664162812942425,0.15795395942293683,0.1052
1787413437.1323984,-2.2790938762195543,-0.014992070459773507,0.766710936567734,-2.294870346715427,-0.05594852447421572,0.5368267120019086,0.0439,0.230,-2.3841587532566666,-0.02664162812942425,0.15795395942293683,0.1057
1787413437.266305,-2.2779849918093413,-0.014291897488255692,0.7371595035928086,-2.294870346715427,-0.05594852447421572,0.5368267120019086,0.0449,0.200,-2.3841587532566666,-0.02664162812942425,0.15795395942293683,0.1069
1787413437.327009,-2.277543553757794,-0.013858259659897242,0.53367029279348,-2.27550137741542,-0.06677710316903139,0.6713400401941095,0.0530,0.138,-2.3841587532566666,-0.02664162812942425,0.15795395942293683,0.1074
1787413437.458435,-2.2764141758882954,-0.01383493410291933,0.2761818773834853,-2.27550137741542,-0.06677710316903139,0.6713400401941095,0.0530,0.395,-2.3841587532566666,-0.02664162812942425,0.15795395942293683,0.1085
1787413437.5256531,-2.275681743428568,-0.014379028276668563,0.29344346631644685,-2.2557637369516153,-0.07786525588722729,0.805831160856532,0.0665,0.512,-2.3841587532566666,-0.02664162812942425,0.15795395942293683,0.1092
1787413437.6612158,-2.274735976775945,-0.015419560228641323,0.47831309810366684,-2.245545937201684,-0.08361703669637449,0.8744528543075902,0.0742,0.396,-2.3841587532566666,-0.02664162812942425,0.15795395942293683,0.1100
1787413437.7276444,-2.274479739110255,-0.015523956900008903,0.5729470148336075,-2.245545937201684,-0.08361703669637449,0.8744528543075902,0.0740,0.302,-2.3841587532566666,-0.02664162812942425,0.15795395942293683,0.1102
1787413437.8629694,-2.2737996653027364,-0.014924834920461875,0.7364590701174524,-2.225448128886534,-0.0949808378515914,1.0076044784569524,0.0935,0.271,-2.3841587532566666,-0.02664162812942425,0.15795395942293683,0.1110
1787413437.9298875,-2.273478458905037,-0.014322483979706022,0.6946009571569233,-2.4278121694234773,-0.06402087150624206,1.7261879500297301,0.1621,1.032,-2.4110686917772544,0.022678133070646114,-0.3267724488179721,0.1425
1787413438.005088,-2.2724368001992357,-0.013998382978443297,0.67066677246243,-2.386131026677354,-0.007995797517833456,0.20589696980190275,0.1139,0.465,-2.4393238760395466,0.027730068165300246,-0.42445499425830285,0.1720
1787413438.158139,-2.2701737771549655,-0.01419395863989585,0.5426064265950218,-2.4054570903046084,0.011305284059412389,-0.11841873183982751,0.1377,0.661,-2.4584630807364105,0.02397064962152314,-0.5364998108400107,0.1921
1787413438.230725,-2.2689918739908737,-0.014681562503079294,0.5543112090953956,-2.425321253253428,0.018200940897854317,-0.4165974237948699,0.1598,0.971,-2.4584630807364105,0.02397064962152314,-0.5364998108400107,0.1934
1787413438.366709,-2.2672306303370506,-0.015467223899906544,0.7281101304904782,-2.4345870394934703,0.028600268085704803,-0.4891836258753222,0.1731,1.217,-2.4584630807364105,0.02397064962152314,-0.5364998108400107,0.1953
1787413438.4325132,-2.2665013739956485,-0.015432610454664278,0.746746864142342,-2.4394999443001155,0.03406400875191785,-0.5265720077372972,0.1799,1.273,-2.4584630807364105,0.02397064962152314,-0.5364998108400107,0.1960
1787413438.568011,-2.2649518584470543,-0.014625804306549275,0.6393032329224518,-2.4394999443001155,0.03406400875191785,-0.5265720077372972,0.1812,1.166,-2.4584630807364105,0.02397064962152314,-0.5364998108400107,0.1973
1787413438.6371107,-2.264288484688534,-0.014139476158931548,0.39664871537243457,-2.4496197198858525,0.0452058898223038,-0.6013589507757693,0.1946,0.998,-2.4584630807364105,0.02397064962152314,-0.5364998108400107,0.1979
1787413438.7599812,-2.262668364624374,-0.01397732055692929,0.3710791292442515,-2.4496197198858525,0.0452058898223038,-0.6013589507757693,0.1961,0.972,-2.4584630807364105,0.02397064962152314,-0.5364998108400107,0.1994
1787413438.827138,-2.261777497243285,-0.014222774252663219,0.37834565749658317,-2.460118232434616,0.056630298854614125,-0.6761036067980986,0.2106,1.054,-2.4584630807364105,0.02397064962152314,-0.5364998108400107,0.2004
1787413438.954093,-2.260144832839599,-0.015081910519213041,0.7290463483656496,-2.460118232434616,0.056630298854614125,-0.6761036067980986,0.2124,1.405,-2.4584630807364105,0.02397064962152314,-0.5364998108400107,0.2021
1787413439.082457,-2.2584343884523896,-0.015235747770682826,0.7600189462241288,-2.4710042339395324,0.06834861262874274,-0.7508743759828338,0.2284,1.511,-2.4584630807364105,0.02397064962152314,-0.5364998108400107,0.2038
1787413439.1443768,-2.257492789272523,-0.014922287045792964,0.7508891869244468,-2.4710042339395324,0.06834861262874274,-0.7508743759828338,0.2292,1.502,-2.4584630807364105,0.02397064962152314,-0.5364998108400107,0.2047
1787413439.2775838,-2.2557729797193784,-0.013989034512316693,0.4092923122225721,-2.4822707003351376,0.08035507376046612,-0.8256276647397811,0.2454,1.235,-2.4584630807364105,0.02397064962152314,-0.5364998108400107,0.2062
1787413439.3456244,-2.254920213515207,-0.013759185993165805,0.395768795789163,-2.4880486644162474,0.08647313438623233,-0.8630258423554797,0.2538,1.259,-2.4584630807364105,0.02397064962152314,-0.5364998108400107,0.2070
1787413439.414087,-2.2540021297306994,-0.013822466391139534,0.3781881062779618,-2.4939203838729513,0.09266251916333867,-0.9004126907219717,0.2625,1.279,-2.4584630807364105,0.02397064962152314,-0.5364998108400107,0.2079
1787413439.5472367,-2.2520872689107843,-0.014566262168183014,0.495828574239172,-2.4939203838729513,0.09266251916333867,-0.9004126907219717,0.2645,1.396,-2.4584630807364105,0.02397064962152314,-0.5364998108400107,0.2099
1787413439.6805482,-2.250365628569526,-0.015171186977672944,0.7671863280207573,-2.505951447125685,0.10525461882008134,-0.9751704210829478,0.2825,1.742,-2.4584630807364105,0.02397064962152314,-0.5364998108400107,0.2117
1787413439.7462916,-2.2494299601701857,-0.015076830137402807,0.779987689231892,-2.512188294620632,0.11174650962987616,-1.0130345615032914,0.2918,1.793,-2.4584630807364105,0.02397064962152314,-0.5364998108400107,0.2126
1787413439.8149161,-2.248444431353922,-0.014715492827303334,0.7499725988296686,-2.512188294620632,0.11174650962987616,-1.0130345615032914,0.2925,1.763,-2.4584630807364105,0.02397064962152314,-0.5364998108400107,0.2136
1787413439.9531178,-2.2466761597945353,-0.013815878857822612,0.32386909292808697,-2.524713867198528,0.12470067026663854,-1.0873318275119481,0.3106,1.411,-2.4584630807364105,0.02397064962152314,-0.5364998108400107,0.2151
1787413440.018827,-2.2457711153660878,-0.013717552579266108,0.31606132687642413,-2.5311579333446987,0.1313331183407094,-1.1247266958877995,0.3201,1.441,-2.4584630807364105,0.02397064962152314,-0.5364998108400107,0.2160
1787413440.1532438,-2.243814031276017,-0.014299318830379331,0.3606380805094784,-2.5311579333446987,0.1313331183407094,-1.1247266958877995,0.3221,1.485,-2.4584630807364105,0.02397064962152314,-0.5364998108400107,0.2180
1787413440.2210472,-2.2428828152026745,-0.01482650771304013,0.5277079527339248,-2.544331716484822,0.14481269244124947,-1.1994978983541558,0.3411,1.727,-2.4584630807364105,0.02397064962152314,-0.5364998108400107,0.2190
1787413440.353199,-2.2411040530415423,-0.015338875122886193,0.5908713442376844,-2.544331716484822,0.14481269244124947,-1.1994978983541558,0.3429,1.790,-2.4584630807364105,0.02397064962152314,-0.5364998108400107,0.2209
1787413440.4216876,-2.2401206470709103,-0.015161967652670772,0.6247240058433854,-2.557881526873714,0.15858667720931452,-1.2742547266369766,0.3622,1.899,-2.4584630807364105,0.02397064962152314,-0.5364998108400107,0.2218
1787413440.5573003,-2.2382369769027592,-0.014325496684971665,0.41416074241783196,-2.557881526873714,0.15858667720931452,-1.2742547266369766,0.3634,1.688,-2.4584630807364105,0.02397064962152314,-0.5364998108400107,0.2235
1787413440.628825,-2.237372130510873,-0.01406865973654274,0.13890008890862243,-2.571810033995337,0.17265957460243644,-1.3490164496190309,0.3830,1.488,-2.4584630807364105,0.02397064962152314,-0.5364998108400107,0.2243
1787413440.7637336,-2.235472755290222,-0.014838651890752893,0.09049270746773079,-2.578914397350365,0.1798114414275443,-1.3864025731079772,0.3948,1.477,-2.4584630807364105,0.02397064962152314,-0.5364998108400107,0.2263
1787413440.8276482,-2.2345365888623308,-0.015600896997013705,0.13211120727396222,-2.5861132622020375,0.18703857173404065,-1.4237903859840628,0.4058,1.556,-2.4584630807364105,0.02397064962152314,-0.5364998108400107,0.2274
1787413440.9652503,-2.2328310593764615,-0.016843792445976086,0.3303150755904973,-2.5934176445036865,0.19435219208301088,-1.4612363995367372,0.4179,1.792,-2.4584630807364105,0.02397064962152314,-0.5364998108400107,0.2293
1787413441.0342724,-2.231904329886962,-0.017017762806251138,0.35746042023450003,-2.5934176445036865,0.19435219208301088,-1.4612363995367372,0.4188,1.819,-2.4584630807364105,0.02397064962152314,-0.5364998108400107,0.2302
1787413441.1066566,-2.2309145494918123,-0.016905065617214766,0.3512208807132635,-2.608277260349884,0.209164413123498,-1.535945902923142,0.4399,1.887,-2.4584630807364105,0.02397064962152314,-0.5364998108400107,0.2312
1787413441.2574136,-2.2291413830166684,-0.01644507028530326,-0.04687996417619955,-2.608277260349884,0.209164413123498,-1.535945902923142,0.4412,1.489,-2.4584630807364105,0.02397064962152314,-0.5364998108400107,0.2329
1787413441.324074,-2.228576059091751,-0.016665337462080522,-0.044691054663029535,-2.6235226774743707,0.22428878824480564,-1.6107094199677743,0.4626,1.566,-2.4584630807364105,0.02397064962152314,-0.5364998108400107,0.2335
1787413441.4561927,-2.2273934533552278,-0.01797419919845736,-0.07045112936377561,-2.6312842006996546,0.23196778591026157,-1.648095362143883,0.4750,1.578,-2.4584630807364105,0.02397064962152314,-0.5364998108400107,0.2348
1787413441.524599,-2.226866842078062,-0.01883886875917424,0.07163055815880559,-2.6312842006996546,0.23196778591026157,-1.648095362143883,0.4759,1.720,-2.4584630807364105,0.02397064962152314,-0.5364998108400107,0.2355
1787413441.6630206,-2.225511751106842,-0.019715065755669503,0.1362672917162182,-2.6470909783845955,0.2475463909449626,-1.7228588305892072,0.4992,1.859,-2.4584630807364105,0.02397064962152314,-0.5364998108400107,0.2370
1787413441.7301133,-2.224734607826112,-0.01974181538072907,0.16268328076303137,-2.6470909783845955,0.2475463909449626,-1.7228588305892072,0.4998,1.886,-2.4584630807364105,0.02397064962152314,-0.5364998108400107,0.2378
1787413441.8658574,-2.2233116767013166,-0.01935055505242947,-0.11466711406815275,-2.663274125567841,0.2634320898024561,-1.7976364186323992,0.5230,1.683,-2.4584630807364105,0.02397064962152314,-0.5364998108400107,0.2391
1787413441.93757,-2.222650836518293,-0.019358053200026457,-0.39496434805633457,-2.6715024569625325,0.27149163734323245,-1.8350234393395617,0.5348,1.440,-2.4584630807364105,0.02397064962152314,-0.5364998108400107,0.2398
1787413442.0732749,-2.2208321160009383,-0.020745749670840075,-0.3946252279463546,-2.6715024569625325,0.27149163734323245,-1.8350234393395617,0.5371,1.440,-2.4584630807364105,0.02397064962152314,-0.5364998108400107,0.2418
1787413442.1374738,-2.2199601207634743,-0.0217769745373109,-0.29038373605431983,-2.6882392339335235,0.28783056543617896,-1.9097787430990925,0.5614,1.619,-2.4584630807364105,0.02397064962152314,-0.5364998108400107,0.2429
1787413442.2705758,-2.219093946988575,-0.022968484571458673,-0.1873888232328459,-2.6967466657449317,0.29612010943806333,-1.9471672415994368,0.5744,1.760,-2.4584630807364105,0.02397064962152314,-0.5364998108400107,0.2439
1787413442.337244,-2.218587870609808,-0.02317725159927083,-0.11082146260138717,-2.6967466657449317,0.29612010943806333,-1.9471672415994368,0.5750,1.836,-2.4584630807364105,0.02397064962152314,-0.5364998108400107,0.2445
1787413442.4715273,-2.2175246951118255,-0.022919183666803584,-0.15721157894225626,-2.7140430018059782,0.3129219975829174,-2.021934874632655,0.5994,1.865,-2.4584630807364105,0.02397064962152314,-0.5364998108400107,0.2455
1787413442.5400367,-2.217107521289113,-0.022804372886700362,-0.3650930143101812,-2.722829287297527,0.3214432540087483,-2.0593272453772844,0.6118,1.694,-2.4584630807364105,0.02397064962152314,-0.5364998108400107,0.2458
1787413442.674588,-2.215660581339594,-0.023449676599062955,-0.3689203669003116,-2.722829287297527,0.3214432540087483,-2.0593272453772844,0.6133,1.690,-1.8216703599017865,-1.418014281668133,25.58015108226632,1.4492
1787413442.7421188,-2.2148749405538974,-0.02415189175927499,-0.3178211765123732,-1.8218941915432196,-1.417911250633653,25.57822015326083,1.4481,25.896,-1.8216703599017865,-1.418014281668133,25.58015108226632,1.4483
1787413442.8804069,-2.214307294391574,-0.024825629062922374,-0.4036203138895562,-1.753927272853153,-1.4692420699007902,26.606648084944496,1.5160,27.010,-2.0083610473607734,-1.0654864251664737,26.606648084944492,1.0608
1787413442.9459894,-2.213953104178749,-0.02485262091466899,-0.32479387437580703,-1.8590979692402705,-1.2886965529524246,27.15269540859081,1.3127,27.477,-2.0061957069005647,-1.0698093134103286,26.606648084944492,1.0654
1787413443.077986,-2.2132903789574256,-0.023455703220443824,-0.21926892759592384,-1.8438539938323275,-1.2769376998973476,27.792087145467004,1.3068,28.011,-1.746264866758687,-1.5835242467208648,41.161437459169825,1.6285
1787413443.1440132,-2.213023044016898,-0.02253429369530247,-0.355376834729767,-1.792324099283902,-1.5285980185608938,39.712883741698676,1.5637,40.068,-1.7365771813112305,-1.575032119761224,41.08721339467221,1.6240
1787413443.220669,-2.2120448055303825,-0.021983888134121755,-0.5818087534416757,-1.7260485938547527,-1.5637685982048806,41.0017336424437,1.6166,41.584,-1.7339468413495431,-1.5560860293230467,40.54782008067721,1.6069
1787413443.3583705,-2.2098888534145527,-0.021750179667799175,-1.0614541331451113,-1.71236976188032,-1.5664947638081086,41.014012053144256,1.6229,42.075,-1.755970824638121,-1.5660051733221834,40.19687038323284,1.6096
1787413443.4304688,-2.2088478942202117,-0.021957003793358715,-1.1815273165615359,-1.7215756379548166,-1.5739442030997948,40.543968970915294,1.6267,41.725,-1.7840107608904334,-1.5702818749666583,39.585724862534285,1.6056
1787413443.5752604,-2.206841309736161,-0.02208224971162863,-1.1620297649751112,-1.6899662990304207,-1.597559472239918,41.952713199059716,1.6581,43.115,-1.7840107608904334,-1.5702818749666583,39.585724862534285,1.6049
1787413443.6505916,-2.2057452602734737,-0.02168373501801365,-1.1554927136775934,-1.6899662990304207,-1.597559472239918,41.952713199059716,1.6581,43.108,-1.7840107608904334,-1.5702818749666583,39.585724862534285,1.6050
1787413443.7773468,-2.203535557511564,-0.020218419043849755,-1.3929663940377206,-1.6351221307750188,-1.636702156814246,44.33171618048934,1.7135,45.725,-1.7840107608904334,-1.5702818749666583,39.585724862534285,1.6058
1787413443.84344,-2.2026434421216554,-0.019614382073507422,-1.419762341286751,-1.6351221307750188,-1.636702156814246,44.33171618048934,1.7138,45.751,-1.7840107608904334,-1.5702818749666583,39.585724862534285,1.6062
1787413443.9814084,-2.2007067714828503,-0.01914406449170243,-1.511037394941905,-1.5780328850261536,-1.6742515278644678,46.71111419258164,1.7684,48.222,-1.7840107608904334,-1.5702818749666583,39.585724862534285,1.6061
1787413444.0420103,-2.1996959173389223,-0.019278336754396757,-1.4912100503031152,-1.5780328850261536,-1.6742515278644678,46.71111419258164,1.7679,48.202,-1.7840107608904334,-1.5702818749666583,39.585724862534285,1.6057
1787413444.1733732,-2.197886306379442,-0.01960204308826136,-1.0922932203959244,-1.5187701781375083,-1.7100671588846048,49.089577707549026,1.8218,50.182,-1.7840107608904334,-1.5702818749666583,39.585724862534285,1.6050
1787413444.2417088,-2.19732507220695,-0.019280737040062397,-1.0965319604231087,-1.5187701781375083,-1.7100671588846048,49.089577707549026,1.8219,50.186,-1.7840107608904334,-1.5702818749666583,39.585724862534285,1.6051
1787413444.3566675,-2.1960971470504194,-0.01770011966147734,-1.0567034971119202,-1.4573320143783222,-1.7440602051613012,51.46903397925973,1.8778,52.526,-1.7840107608904334,-1.5702818749666583,39.585724862534285,1.6063
1787413444.4197886,-2.1955331256861976,-0.016706286614936318,-1.175118668537119,-1.4573320143783222,-1.7440602051613012,51.46903397925973,1.8785,52.644,-1.7840107608904334,-1.5702818749666583,39.585724862534285,1.6072
1787413444.55349,-2.1942600807432044,-0.015527143879828594,-1.2621687055357298,-1.393815064494086,-1.776086191467914,53.84770652945239,1.9340,55.110,-1.7840107608904334,-1.5702818749666583,39.585724862534285,1.6080
1787413444.681051,-2.192814667490861,-0.015309101861028884,-1.3278316782968111,-1.393815064494086,-1.776086191467914,53.84770652945239,1.9336,55.176,-1.7840107608904334,-1.5702818749666583,39.585724862534285,1.6078
1787413444.744743,-2.1921440558265357,-0.015469644279575073,-1.2100657199500249,-1.3282646314024857,-1.8060370286765826,56.22611821976536,1.9881,57.436,-1.7840107608904334,-1.5702818749666583,39.585724862534285,1.6075
1787413444.8723333,-2.191222453565498,-0.015352620725672785,-0.8749927642909916,-1.3282646314024857,-1.8060370286765826,56.22611821976536,1.9878,57.101,-1.7840107608904334,-1.5702818749666583,39.585724862534285,1.6074
1787413444.9411864,-2.1908520917841865,-0.014930302757063727,-0.7710744869720073,-0.8385518760428043,-2.216759133346904,67.66668330378323,2.5839,68.438,-0.8333311502793382,-2.2524931743055587,68.03897753412456,2.6172
1787413445.0790274,-2.190134107180084,-0.01406515633868433,-0.7382490092558694,-0.8247581211028755,-2.225620406900624,68.03594269942425,2.5991,68.774,-0.8434039892906315,-2.1672142113115327,67.15981872283801,2.5396
1787413445.1450982,-2.189823502696758,-0.013958315975110882,-0.8959106186999883,-0.8189715558862173,-2.209761126904776,67.91836062876317,2.5886,68.814,-0.8434039892906315,-2.1672142113115327,67.15981872283801,2.5396
1787413445.2150655,-2.1894497348516415,-0.014124694691566103,-1.0768481275720903,-0.7259771362033299,-2.245350539226277,70.16895173487343,2.6684,71.246,-0.8434039892906315,-2.1672142113115327,67.15981872283801,2.5392
1787413445.355102,-2.1887127265591673,-0.015616068709845212,-1.481560402297284,-0.7259771362033299,-2.245350539226277,70.16895173487343,2.6667,71.651,-0.8434039892906315,-2.1672142113115327,67.15981872283801,2.5376
1787413445.4230464,-2.188441614323132,-0.016554631069217722,-1.4986741925207017,-0.6014889960262951,-2.2878314814494645,73.09577821422373,2.7708,74.594,-0.8434039892906315,-2.1672142113115327,67.15981872283801,2.5366
1787413445.558495,-2.1873546157869717,-0.01759059362873618,-1.4361847983814795,-0.6014889960262951,-2.2878314814494645,73.09577821422373,2.7693,74.532,-0.8326412722580602,-2.1864365310308287,66.84535143714866,2.5572
1787413445.6295834,-2.186701600761893,-0.01770142411366544,-1.4174702223096514,-0.8058042516704047,-2.2329572096347943,67.68567676706579,2.6104,69.103,-0.8326412722580602,-2.1864365310308287,66.84535143714866,2.5567
1787413445.7601736,-2.1855512125462786,-0.017552983763654564,-1.7438428614401915,-0.7474230560004738,-2.2616601682861215,69.66039986633372,2.6654,71.404,-0.8326412722580602,-2.1864365310308287,66.84535143714866,2.5563
1787413445.8266146,-2.185010209225176,-0.017697338741839125,-2.0287086388061786,-0.7161178381470042,-2.275931702206012,70.69853040298663,2.6939,72.727,-0.8326412722580602,-2.1864365310308287,66.84535143714866,2.5558
1787413445.9674156,-2.1832826818184343,-0.019276845543499215,-1.937167112726761,-0.6843218542601063,-2.289872867413104,71.74180918051343,2.7208,73.679,-0.8326412722580602,-2.1864365310308287,66.84535143714866,2.5536
1787413446.0364778,-2.1824180952646652,-0.02042684006075036,-1.7429090713246191,-0.6843218542601063,-2.289872867413104,71.74180918051343,2.7193,73.485,-0.8326412722580602,-2.1864365310308287,66.84535143714866,2.5522
1787413446.170517,-2.180815635821706,-0.02213423957555914,-1.3831424073357714,-0.620474503468233,-2.316891903506692,73.81238238348598,2.7750,75.196,-0.8289732959064696,-2.1392835299905886,66.52446441599909,2.5119
1787413446.2385356,-2.179913361937092,-0.02245799321565591,-1.364624247996807,-0.3559440892748324,-2.2645660325573673,80.83441291771864,2.8903,82.199,0.050509244869212044,-2.273558419447501,89.10080175655301,3.1689
1787413446.3731673,-2.178104840070523,-0.02253173659607656,-1.5672944513247138,-0.28833923994690697,-2.2587563926945333,82.35499114017027,2.9278,83.922,0.050509244869212044,-2.273558419447501,89.10080175655301,3.1676
1787413446.4395444,-2.1773097117568603,-0.022626724277421965,-1.5791589544450109,-0.220802223483088,-2.251150683860546,83.86551453946029,2.9655,85.445,0.033779787220191225,-2.2396745204470947,88.45246707997177,3.1312
1787413446.5733705,-2.17557263148621,-0.023557996454227927,-1.640434533568965,-0.011043909835316945,-2.266625739587617,87.63185137098576,3.1171,89.272,0.013071315980258083,-2.2473406357417036,87.96405605266287,3.1202
1787413446.646045,-2.1746620180204514,-0.0243934949406365,-1.6058922221329397,0.055661908212349835,-2.2281767598486897,88.80341043752725,3.1354,90.409,0.02290841536719513,-2.2530190678627253,88.12860242760685,3.1299
1787413446.7820575,-2.172576170935413,-0.025572022672327995,-1.1654182425000994,0.06453245702030819,-2.222730632433428,88.97596374760927,3.1356,90.141,-0.0014330982104863886,-2.270339150950742,87.71132578933516,3.1230
1787413446.8484871,-2.1712507030695902,-0.025570765425313186,-0.9373568882764101,0.05485326126713651,-2.2235933271302963,88.87516130927825,3.1284,89.813,-0.0014330982104863886,-2.270339150950742,87.71132578933516,3.1220
1787413446.9189973,-2.1699685591127595,-0.025011741058418177,-0.6934746548539547,0.16402956156831258,-2.1953475241650713,91.26651892626789,3.1871,91.960,-0.0014330982104863886,-2.270339150950742,87.71132578933516,3.1215
1787413447.0544357,-2.1675469218092527,-0.023452713605091047,-0.5493929919066556,0.16402956156831258,-2.1953475241650713,91.26651892626789,3.1864,91.816,-0.0014330982104863886,-2.270339150950742,87.71132578933516,3.1210
1787413447.1733022,-2.165900961044903,-0.02308127176538298,-0.5748474136841877,0.29793566348970085,-2.154642908740816,94.19424920281372,3.2579,94.769,-0.0014330982104863886,-2.270339150950742,87.71132578933516,3.1201
1787413447.234396,-2.1650326989959505,-0.023346939493748633,-0.6580062129553931,0.29793566348970085,-2.154642908740816,94.19424920281372,3.2571,94.852,-0.0014330982104863886,-2.270339150950742,87.71132578933516,3.1193
1787413447.370635,-2.1634245907494454,-0.02427845289517678,-0.5179497504276005,0.4315568398418606,-2.1064094744901807,97.1224360879529,3.3270,97.640,-0.0014330982104863886,-2.270339150950742,87.71132578933516,3.1175
1787413447.4373946,-2.163108267157164,-0.02440263161036394,-0.5095620024446288,0.4977870025665992,-2.0785889007070963,98.58703929153015,3.3616,99.097,-0.0014330982104863886,-2.270339150950742,87.71132578933516,3.1172
1787413447.566484,-2.1623224735401485,-0.023682085296247386,-0.43179219150718684,0.4977870025665992,-2.0785889007070963,98.58703929153015,3.3614,99.019,-0.0014330982104863886,-2.270339150950742,87.71132578933516,3.1172
1787413447.635418,-2.1619375092272968,-0.022910210461411326,-0.4607566219024343,0.630150125720543,-2.018939643868157,101.51519963340331,3.4322,101.976,-0.0014330982104863886,-2.270339150950742,87.71132578933516,3.1175
1787413447.767373,-2.1610863682071897,-0.021728441127562673,-0.6594145899591265,0.630150125720543,-2.018939643868157,101.51519963340331,3.4322,102.175,-0.011224359888316913,-2.3312736632408972,88.20896565389067,3.1553
1787413447.8346136,-2.160463960998521,-0.021585176445795017,-0.6821114339666945,0.011299226435938774,-2.2907218847261266,88.66198763501055,3.1409,89.344,-0.014578401879239557,-2.322417522897431,88.10485629698366,3.1462
1787413447.9714048,-2.159137073896853,-0.02198923349587784,-0.5765845394779454,0.013322430586398452,-2.2938987590425945,88.83078518532726,3.1434,89.407,0.007072068771525716,-2.306339139505227,88.6814095520042,3.1481
1787413448.0406733,-2.1585929383796016,-0.02224129761946684,-0.3237649363754878,0.020995398440834347,-2.286688576417322,89.65565412069364,3.1430,89.979,-0.022041081447062565,-2.2625071851621836,88.52093583652902,3.0957
1787413448.1789296,-2.157089713186752,-0.022098280861344653,-0.30143510115436617,-0.008827573172831105,-2.269321471604552,88.77154674817831,3.1089,89.073,-0.022041081447062565,-2.2625071851621836,88.52093583652902,3.0948
1787413448.2544885,-2.1562612533923673,-0.0216168493398147,-0.34250570442020756,-0.006386155802142544,-2.253879710217918,89.90543024666641,3.0992,90.248,0.08526133372733084,-2.2589044019044278,90.9128792413913,3.1670
1787413448.325874,-2.1555071064034728,-0.02100257981805056,-0.5186148855352152,0.06378139441930376,-2.228238328995399,90.31669120913766,3.1300,90.835,0.06100891527535749,-2.2281819409436454,90.25049373427377,3.1280
1787413448.459788,-2.152927266661372,-0.020504734058652604,-1.2292786726746052,0.0737885989092791,-2.21625004191589,91.0202875291139,3.1272,92.250,-0.006907809053239587,-2.2365110398671826,88.57942705306324,3.0848
1787413448.525831,-2.1515514661554165,-0.020640585775087896,-1.5830731488302372,0.018134429716714057,-2.207206538455693,89.06264449035184,3.0804,90.646,-0.006907809053239587,-2.2365110398671826,88.57942705306324,3.0838
1787413448.6684957,-2.149175012450317,-0.021733658207722294,-1.8937273882244834,0.018602909913648727,-2.188384064869565,89.87262672189513,3.0649,91.766,-0.006907809053239587,-2.2365110398671826,88.57942705306324,3.0813
1787413448.7370763,-2.1483836248378156,-0.02184911816406799,-1.8864873866992569,0.018602909913648727,-2.188384064869565,89.87262672189513,3.0643,91.759,-0.006907809053239587,-2.2365110398671826,88.57942705306324,3.0807
1787413448.8698585,-2.1465812639338138,-0.02120683833339382,-1.853539654937803,0.017270746561613277,-2.167410287372552,90.77014799782071,3.0477,92.624,-0.006907809053239587,-2.2365110398671826,88.57942705306324,3.0799
1787413448.9375126,-2.1456757062350755,-0.02056639268377617,-1.9347584119789631,0.01582543875724093,-2.1568951753097942,91.21914251041342,3.0391,93.154,-0.006907809053239587,-2.2365110398671826,88.57942705306324,3.0797
1787413449.0717013,-2.144911611220756,-0.02062337093420651,-1.9561709764540591,0.01582543875724093,-2.1568951753097942,91.21914251041342,3.0385,93.175,-0.006907809053239587,-2.2365110398671826,88.57942705306324,3.0792
1787413449.1431842,-2.144452554986625,-0.02105073514038417,-2.008397606772415,0.011541906814882857,-2.135836917960124,92.11679015373863,3.0200,94.125,-0.006907809053239587,-2.2365110398671826,88.57942705306324,3.0785
1787413449.2790835,-2.143670684882136,-0.023006928626590643,-1.8341728700219464,0.008619841251879826,-2.125320539935514,92.56570238903858,3.0087,94.400,-0.006907809053239587,-2.2365110398671826,88.57942705306324,3.0766
1787413449.3499823,-2.1433926754894697,-0.023980833692901472,-1.5574278583139403,0.005205017514258979,-2.1148166497296264,93.0146398071424,2.9980,94.572,-0.006907809053239587,-2.2365110398671826,88.57942705306324,3.0757
1787413449.4788275,-2.1420120305640316,-0.024467680971508515,-1.532750516774403,0.005205017514258979,-2.1148166497296264,93.0146398071424,2.9967,94.547,-0.006907809053239587,-2.2365110398671826,88.57942705306324,3.0744
1787413449.5430179,-2.1412577143713847,-0.02437106288296259,-1.5741738985506621,-0.0030188131249056964,-2.0938452637450746,93.91238571726979,2.9757,95.487,-0.006907809053239587,-2.2365110398671826,88.57942705306324,3.0739
1787413449.6744568,-2.139898518984339,-0.024016680638995282,-1.7516887804940167,-0.007911247106306779,-2.0834219249529,94.36137134181409,2.9642,96.113,-0.006907809053239587,-2.2365110398671826,88.57942705306324,3.0732
1787413449.7277048,-2.1391803988450744,-0.024157223431611023,-1.7998326800390771,-0.007911247106306779,-2.0834219249529,94.36137134181409,2.9636,96.161,-0.006907809053239587,-2.2365110398671826,88.57942705306324,3.0726
1787413449.8479304,-2.1376476015512607,-0.025012582992299835,-1.8580492340267076,-0.019087640039966797,-2.0626659761780304,95.25911554166547,2.9394,97.117,0.003535250642917552,-2.289203917587858,87.44282261861346,3.1163
1787413449.9185252,-2.136900218436524,-0.025716652115069596,-1.7739802182412494,0.009458407166640783,-2.273886520846108,87.58953520606882,3.1082,89.364,0.003535250642917552,-2.289203917587858,87.44282261861346,3.1153
1787413450.0599563,-2.1354531189042216,-0.02666886156997291,-1.527150668430263,0.00016103513966968176,-2.2820976477003616,87.78274551435186,3.1061,89.310,0.003535250642917552,-2.289203917587858,87.44282261861346,3.1136
1787413450.1272182,-2.134580389714766,-0.026645282871394442,-1.5165575646090415,0.00016103513966968176,-2.2820976477003616,87.78274551435186,3.1055,89.299,0.003535250642917552,-2.289203917587858,87.44282261861346,3.1130
1787413450.2622762,-2.132828767252457,-0.026022832010745234,-1.7362112788428854,-0.010817808204080665,-2.291024239595938,87.97835773427421,3.1037,89.715,0.003535250642917552,-2.289203917587858,87.44282261861346,3.1122
1787413450.3358371,-2.1320549882695716,-0.025791981781199996,-2.0275957224918844,-0.016897446198033968,-2.295731443609065,88.07623873960604,3.1027,90.104,0.003535250642917552,-2.289203917587858,87.44282261861346,3.1119
1787413450.4712021,-2.130235112083579,-0.026408668057589284,-2.0150209353660915,-0.016897446198033968,-2.295731443609065,88.07623873960604,3.1010,90.091,0.00899730837956237,-2.2800656282676224,87.24014287843607,3.1073
1787413450.5391293,-2.1292915837537474,-0.027105654466546798,-1.9276669469091632,0.005015154466828671,-2.2806666267567777,87.11256133609801,3.1038,89.040,0.005921665975110047,-2.2754433801633436,87.13670631088186,3.1007
1787413450.6816409,-2.127605749832038,-0.02835392152889556,-1.6700366529255102,0.008517384759916763,-2.285038530261428,87.27189472026589,3.1074,88.942,0.013010541689214896,-2.285165752091998,87.3587061199816,3.1105
1787413450.7496908,-2.126684555365732,-0.028517635990936648,-1.6364947496947115,0.004605889104745854,-2.2891196167286845,87.31592014564683,3.1069,88.952,0.013010541689214896,-2.285165752091998,87.3587061199816,3.1098
1787413450.8823256,-2.124730963780748,-0.028157565054932488,-1.7222410760322477,0.004605889104745854,-2.2891196167286845,87.31592014564683,3.1058,89.038,0.013010541689214896,-2.285165752091998,87.3587061199816,3.1087
1787413450.9504273,-2.123871628055164,-0.027921738097356222,-1.9652457408482822,-0.0031215418864588285,-2.2964350547345322,87.39062675689914,3.1054,89.356,0.013010541689214896,-2.285165752091998,87.3587061199816,3.1083
1787413451.0204089,-2.1229538817183644,-0.027860063025746614,-1.9760636331973236,-0.0031215418864588285,-2.2964350547345322,87.39062675689914,3.1049,89.367,0.013010541689214896,-2.285165752091998,87.3587061199816,3.1077
1787413451.153439,-2.120979613830555,-0.028529256861918092,-1.9664425711346083,-0.012216529868345555,-2.304246499663501,87.46532833097412,3.1025,89.432,0.007501824664100572,-2.2909899908185847,87.22524126412627,3.1063
1787413451.2215934,-2.120032287503471,-0.02915438961441814,-1.8221089981145848,0.005112941412570106,-2.2949694396191243,87.17311955385868,3.1065,88.995,-0.0017132416302660998,-2.293687851803178,86.99728576171712,3.1009
1787413451.356986,-2.1182591992144055,-0.029917744852690352,-1.537114275872746,-0.00032466154078602703,-2.2952531793837854,87.02345872471285,3.1012,88.561,-0.0017132416302660998,-2.293687851803178,86.99728576171712,3.0991
1787413451.4238045,-2.1172791835654037,-0.029837885931719814,-1.5280296256174983,-0.00827244516937453,-2.3011865319101004,87.03960906669417,3.0995,88.568,-0.0017132416302660998,-2.293687851803178,86.99728576171712,3.0985
1787413451.5569701,-2.115315220524147,-0.02910317787577115,-1.7498191054463885,-0.01273216217706384,-2.3043092133785317,87.04768544406102,3.0980,88.798,-0.0017132416302660998,-2.293687851803178,86.99728576171712,3.0977
1787413451.6265903,-2.1144360937715283,-0.0288164274491442,-2.041662977914551,-0.01273216217706384,-2.3043092133785317,87.04768544406102,3.0976,89.089,-0.0017132416302660998,-2.293687851803178,86.99728576171712,3.0973
1787413451.7612255,-2.1125625066977074,-0.029270846976546024,-2.1060064876893776,-0.0226026134444457,-2.310851865105918,87.06380709441275,3.0941,89.170,-0.0017132416302660998,-2.293687851803178,86.99728576171712,3.0957
1787413451.827086,-2.1116108979175983,-0.02991631181900671,-2.092011970041289,-0.0226026134444457,-2.310851865105918,87.06380709441275,3.0930,89.156,-0.0017132416302660998,-2.293687851803178,86.99728576171712,3.0946
1787413451.966189,-2.1099043393426884,-0.031125144062604988,-1.9234591000185972,-0.03376797625055101,-2.3178115395427743,87.07993639669378,3.0886,89.003,-0.0017132416302660998,-2.293687851803178,86.99728576171712,3.0925
1787413452.0356362,-2.1089856909242455,-0.03133536463622175,-1.8849664414397822,-0.03983676412682341,-2.3214487718991323,87.0880042708326,3.0864,88.973,-0.0017132416302660998,-2.293687851803178,86.99728576171712,3.0917
1787413452.172707,-2.1069919309951253,-0.030931229938598405,-1.9136672759700923,-0.03983676412682341,-2.3214487718991323,87.0880042708326,3.0854,89.002,-0.0017132416302660998,-2.293687851803178,86.99728576171712,3.0907
1787413452.238132,-2.106103558092548,-0.03064150118116533,-2.1173339417979946,-0.052933658020834266,-2.3290286000236344,87.10412877503119,3.0819,89.221,-0.0017132416302660998,-2.293687851803178,86.99728576171712,3.0903
1787413452.373972,-2.1050660778602284,-0.030867658283402308,-2.1363100367270422,-0.05997141341666439,-2.332978227250877,87.11219789930075,3.0793,89.249,-0.0017132416302660998,-2.293687851803178,86.99728576171712,3.0894
1787413452.4412098,-2.1044717125051995,-0.0313734496348858,-2.1225355447172083,-0.05997141341666439,-2.332978227250877,87.11219789930075,3.0785,89.235,-0.0017132416302660998,-2.293687851803178,86.99728576171712,3.0886
1787413452.5760765,-2.1038838599484078,-0.032125227776679796,-2.0003333420051264,-0.00034765101591011094,-2.284970020087131,86.83820309032474,3.0822,88.839,0.002304194423166026,-2.28000496271816,86.89799565423415,3.0804
1787413452.6456797,-2.103803886298237,-0.03201058829809112,-1.9799533988793154,-0.003907396256804762,-2.285472588521173,86.8282955498289,3.0802,88.808,0.002304194423166026,-2.28000496271816,86.89799565423415,3.0804
1787413452.7788513,-2.1032977092381158,-0.030656828757907695,-2.0953709794415003,-0.003907396256804762,-2.285472588521173,86.8282955498289,3.0808,88.924,0.002304194423166026,-2.28000496271816,86.89799565423415,3.0811
1787413452.8437617,-2.103002737570384,-0.029594044746690307,-2.3514717926441255,-0.009921364632240281,-2.286379412288064,86.81395831284931,3.0780,89.165,0.07223475083553998,-2.169872481968703,88.57068669004168,3.0516
1787413452.9134734,-2.102089826808598,-0.02897079183171113,-2.384103656725277,0.04769279306503006,-2.138800015152987,87.77124022463067,3.0121,90.155,0.014271103082060473,-2.130195069858527,87.30085489570588,2.9823
1787413453.0530252,-2.1001238052726015,-0.028524577989519635,-2.5076167394160116,0.029205244242274997,-2.126503923963044,87.60042331138084,2.9892,90.108,0.014271103082060473,-2.130195069858527,87.30085489570588,2.9812
1787413453.1206818,-2.099105345773015,-0.028668968482623475,-2.505539629615788,0.03959830270987798,-2.130583417557652,87.4989047502555,2.9987,90.004,0.03904486048982557,-2.152458705044073,87.43380824303648,3.0137
1787413453.2507565,-2.097274788228204,-0.028984952884584463,-2.13474868840593,0.03653074909717697,-2.138139105737324,87.36660503764305,3.0003,89.501,0.030086790622652584,-2.1598419965861404,87.18884198003649,3.0110
1787413453.3235393,-2.096298266858952,-0.028687952386704154,-2.13754054589154,0.035460704604038266,-2.126840937025037,87.36656383124894,2.9911,89.504,0.030086790622652584,-2.1598419965861404,87.18884198003649,3.0105
1787413453.4648435,-2.0941604448703686,-0.02710960364372029,-2.2749439154515327,0.03442477324965117,-2.118437901319218,87.36653341944,2.9840,89.641,0.10413603658253436,-2.238553910271502,89.32080512760353,3.1182
1787413453.5405276,-2.093182316552711,-0.026177485506209207,-2.5299525692331466,0.07026041985729373,-2.176764992644288,88.58451389367448,3.0505,91.114,0.10413603658253436,-2.238553910271502,89.32080512760353,3.1181
1787413453.6132503,-2.0922511808663247,-0.025622304052234483,-2.551334597342138,0.07573506250730187,-2.175301914918846,88.71389605642753,3.0531,91.265,0.10413603658253436,-2.238553910271502,89.32080512760353,3.1179
1787413453.757579,-2.0902625486073756,-0.025353202333429494,-2.532350517784059,0.07892394388370792,-2.174459531860148,88.79373093991154,3.0535,91.326,0.10413603658253436,-2.238553910271502,89.32080512760353,3.1167
1787413453.8245192,-2.08932145327642,-0.025515155009687172,-2.3621740547569385,0.07892394388370792,-2.174459531860148,88.79373093991154,3.0527,91.156,0.10413603658253436,-2.238553910271502,89.32080512760353,3.1159
1787413453.9571583,-2.087476896295253,-0.02531758385205721,-2.0691741626170383,0.08486968455513638,-2.1729225711390048,88.95336339732009,3.0547,91.023,0.10413603658253436,-2.238553910271502,89.32080512760353,3.1147
1787413454.0257668,-2.0864548032746577,-0.024716829872763257,-2.02663545317652,0.08486968455513638,-2.1729225711390048,88.95336339732009,3.0544,90.980,0.10831917017358471,-2.287516729790164,89.57452957321743,3.1523
1787413454.1591108,-2.0846723266527927,-0.023554686588765215,-2.0689875892946343,0.09912053824227864,-2.263719387278161,89.37233548382076,3.1285,91.441,0.06516073878191589,-2.2143547188365647,88.7401331613346,3.0694
1787413454.227933,-2.0839202709088767,-0.023331713811724497,-2.215358995874884,0.07982107558988798,-2.2406117835086388,89.06603125658354,3.0981,91.281,0.06516073878191589,-2.2143547188365647,88.7401331613346,3.0691
1787413454.3619177,-2.082291199230414,-0.02392096887122935,-2.5480307686849084,0.08138449817797058,-2.2502768348578788,89.20043679793764,3.1045,91.748,0.06516073878191589,-2.2143547188365647,88.7401331613346,3.0675
1787413454.4308698,-2.0815021678377303,-0.024632975388147016,-2.6249345960036465,0.08138449817797058,-2.2502768348578788,89.20043679793764,3.1035,91.825,0.06516073878191589,-2.2143547188365647,88.7401331613346,3.0664
1787413454.5679586,-2.0805762186049983,-0.02592440275128291,-2.5105171452890116,0.0825065729447589,-2.2614117124137727,89.3484422956673,3.1107,91.859,0.06516073878191589,-2.2143547188365647,88.7401331613346,3.0649
1787413454.6403506,-2.080269854660738,-0.026178199963279674,-2.4618287118689364,0.0825065729447589,-2.2614117124137727,89.3484422956673,3.1103,91.810,0.06516073878191589,-2.2143547188365647,88.7401331613346,3.0645
1787413454.7145052,-2.0798787856581082,-0.026111955838198454,-2.4445878033258155,0.0886975624256509,-2.220773837610197,88.76781476667992,3.0853,91.212,0.08973145378013303,-2.174807630349338,88.91778095435092,3.0535
1787413454.8535511,-2.0787306801707626,-0.025880576716514003,-2.568663399585589,0.09166273524304047,-2.1956450624482455,88.9772045857629,3.0690,91.546,0.021405437554218504,-2.1785061997052715,86.84521681100857,3.0074
1787413454.9201708,-2.0778810968100636,-0.02613181710119201,-2.6164937707915943,0.039186386593192235,-2.154769812831522,87.27606082588059,3.0022,89.893,0.0317327149422501,-2.1589120318257016,87.11553616446218,2.9999
1787413455.0554924,-2.0760809916486505,-0.027388217049999566,-2.652258196707454,0.03282079509522452,-2.1482394835637817,87.19986836428319,2.9909,89.852,0.02517291984760248,-2.185382159990012,87.00163424276792,3.0120
1787413455.1244073,-2.075236487176322,-0.02826857084426514,-2.5254592822767217,0.015842273521363498,-2.1706799319309633,86.72677344973694,2.9937,89.252,0.003775207361580058,-2.1870921758214847,86.44879719959036,2.9971
1787413455.2658463,-2.073548054895238,-0.029235520140114792,-2.2585309571829777,0.02136063647869657,-2.1844044470361688,87.01433919131449,3.0056,89.273,0.025859614899187137,-2.2012448527408517,87.07307970212389,3.0208
1787413455.334529,-2.0725610309418605,-0.029036515004313673,-2.2500845990685243,0.013682451923162926,-2.184290573759311,86.92903070410242,2.9996,89.179,0.025859614899187137,-2.2012448527408517,87.07307970212389,3.0202
1787413455.4678931,-2.0706880378779537,-0.028207500340236783,-2.543666000262202,0.007523010055639402,-2.184242903074315,86.86352531926273,2.9946,89.407,0.025859614899187137,-2.2012448527408517,87.07307970212389,3.0195
1787413455.5321457,-2.069807031660345,-0.027977817500311364,-2.56037624194387,0.007523010055639402,-2.184242903074315,86.86352531926273,2.9941,89.424,0.025859614899187137,-2.2012448527408517,87.07307970212389,3.0191
1787413455.6630065,-2.0679019340837588,-0.02827709904903262,-2.5937091477031413,0.010572363589646711,-2.203955417708274,86.69923169232764,3.0089,89.293,-0.007972208017069153,-2.213310529704592,86.23300444365535,3.0029
1787413455.733274,-2.0669447838272816,-0.028737408097994147,-2.5204100097773705,-0.0012279379096315733,-2.208159201526858,86.37821627620679,3.0028,88.899,0.012346691845118817,-2.2106371017790805,86.75863839139127,3.0140
1787413455.8663228,-2.0652103140317752,-0.02951542438189245,-2.2800777759630106,0.004561426901738563,-2.212167827811825,86.59873908036995,3.0080,88.879,0.012346691845118817,-2.2106371017790805,86.75863839139127,3.0122
1787413455.935266,-2.06425409065499,-0.029511453400102774,-2.2580335399489164,-0.005045951359966739,-2.2177459137096522,86.47167533099534,3.0048,88.730,0.012346691845118817,-2.2106371017790805,86.75863839139127,3.0116
1787413456.069784,-2.062231680789378,-0.028799565031589845,-2.382126651584092,-0.010426882360238412,-2.2208000078177905,86.40442801432312,3.0025,88.787,0.012346691845118817,-2.2106371017790805,86.75863839139127,3.0107
1787413456.1382344,-2.061333059567483,-0.02839668994452433,-2.6351122410088705,-0.01601362199913865,-2.223926789222055,86.33716223225976,3.0006,88.972,0.012346691845118817,-2.2106371017790805,86.75863839139127,3.0104
1787413456.2768774,-2.060241739499934,-0.028517919241178937,-2.6497684968955793,-0.01601362199913865,-2.223926789222055,86.33716223225976,2.9998,88.987,0.012346691845118817,-2.2106371017790805,86.75863839139127,3.0095
1787413456.3444417,-2.059638593975805,-0.028970147371811413,-2.614468406826638,-0.027789967229663794,-2.2303972101348553,86.20270876528619,2.9958,88.817,0.012346691845118817,-2.2106371017790805,86.75863839139127,3.0088
1787413456.4134088,-2.0590980362067195,-0.029561788669184023,-2.4656240122909043,0.006483392584274862,-2.1899344825737774,86.45970555980495,2.9890,88.925,-0.005923451594601442,-2.211024232450691,86.42539711011626,2.9957
1787413456.549946,-2.0578458646490456,-0.030278554076710568,-2.387584982287843,-0.0014543626315189333,-2.200515757584811,86.52758974984418,2.9898,88.915,-0.005923451594601442,-2.211024232450691,86.42539711011626,2.9943
1787413456.682365,-2.0563571722875995,-0.02994117504141269,-2.3681371205380413,-0.00710274828382098,-2.2014830909451786,86.45758662910302,2.9858,88.826,-0.005923451594601442,-2.211024232450691,86.42539711011626,2.9936
1787413456.749537,-2.0556809635067177,-0.029570691215742358,-2.5277759875371477,-0.01077293038228239,-2.2021240049904276,86.4147166650352,2.9836,88.942,-0.005923451594601442,-2.211024232450691,86.42539711011626,2.9934
1787413456.81974,-2.055054202427348,-0.029373573209596084,-2.7846511735535406,0.0076640940770760085,-2.185988113450465,86.73941879064468,2.9843,89.524,0.008118361375407172,-2.2068464617223276,86.52770830565466,2.9997
1787413456.9569242,-2.053343666151423,-0.029815902272927446,-2.778443700897736,0.009136425252560108,-2.1960906003575014,86.57240597293541,2.9911,89.351,0.02260225533040565,-2.155965182594203,86.85830329054461,2.9715
1787413457.025498,-2.0524784836084153,-0.030382663071233572,-2.684717325926516,0.014429704225716659,-2.1793294150047506,86.64575473480808,2.9816,89.330,0.023693636638924556,-2.146350690410335,86.87688299340599,2.9644
1787413457.1596806,-2.050911338511578,-0.0313836582401401,-2.4361957997279373,0.017706386168393894,-2.1643782635027002,86.71747738953447,2.9713,89.154,0.023693636638924556,-2.146350690410335,86.87688299340599,2.9626
1787413457.2292323,-2.0500399636776736,-0.03149271699465578,-2.406025901929662,0.017177655172577824,-2.1578963032087812,86.67551253430334,2.9656,89.082,0.023693636638924556,-2.146350690410335,86.87688299340599,2.9619
1787413457.3642032,-2.0481685981181337,-0.030936724010235162,-2.5117220213951152,0.016755030231781057,-2.154576231560372,86.65415422346632,2.9621,89.166,0.023693636638924556,-2.146350690410335,86.87688299340599,2.9610
1787413457.4326224,-2.047345127206252,-0.03061134631787602,-2.7552669128037577,0.016755030231781057,-2.154576231560372,86.65415422346632,2.9617,89.409,0.023693636638924556,-2.146350690410335,86.87688299340599,2.9607
1787413457.5781775,-2.0455236034575734,-0.03108126643073688,-3.0366024940855523,0.010847326032683258,-2.153542871393364,86.47868345561717,2.9553,89.515,-0.0005614239189504963,-2.1872106690231035,85.74293869003743,2.9717
1787413457.642241,-2.0445176487602668,-0.03190284696034779,-2.9721184341989497,0.005994695130264328,-2.1693218136949097,85.91567131489457,2.9620,88.888,-0.0005614239189504963,-2.1872106690231035,85.74293869003743,2.9704
1787413457.7801607,-2.0427744079939605,-0.033591889453186,-2.7604068017630956,0.008823130870830156,-2.1727894059875488,86.26423361302467,2.9640,89.025,0.011625402587235578,-2.175343436787547,86.32100251843406,2.9678
1787413457.8458643,-2.041891688391129,-0.03407225893932865,-2.7010413113776095,0.007241021918529249,-2.172357266419656,86.21445803322356,2.9616,88.915,0.011625402587235578,-2.175343436787547,86.32100251843406,2.9668
1787413457.9789653,-2.039956224859495,-0.03427320411599771,-2.6591389390248663,0.0059574860057992314,-2.1720718495856195,86.17809811504416,2.9590,88.837,0.011625402587235578,-2.175343436787547,86.32100251843406,2.9653
1787413458.0460725,-2.039058825646521,-0.034156873086380185,-2.8140126806603964,0.004566025281944886,-2.1718119491170693,86.14174002404565,2.9574,88.956,0.011625402587235578,-2.175343436787547,86.32100251843406,2.9648
1787413458.1139011,-2.0382116690584566,-0.0342140207632414,-3.065690758903224,0.004566025281944886,-2.1718119491170693,86.14174002404565,2.9567,89.207,0.011625402587235578,-2.175343436787547,86.32100251843406,2.9642
1787413458.2486477,-2.0370797189250553,-0.035119987417547786,-3.3580476301743096,0.001459556781102897,-2.171369203232451,86.06903864308632,2.9528,89.427,0.0071350841304456715,-2.2102086335754088,85.76260390277334,2.9849
1787413458.3713882,-2.0364604761875116,-0.036291482088762594,-3.5876156968216777,0.008936530291976517,-2.2022541762934367,85.81442535723366,2.9791,89.402,0.0071350841304456715,-2.2102086335754088,85.76260390277334,2.9837
1787413458.4404504,-2.0362875155957956,-0.03642958051376882,-3.572552262648003,0.007165889779761718,-2.208044429466351,85.7148120536036,2.9819,89.287,0.0071350841304456715,-2.2102086335754088,85.76260390277334,2.9834
1787413458.5764365,-2.0354681096335123,-0.03565670925355312,-3.5552153519009786,0.007165889779761718,-2.208044429466351,85.7148120536036,2.9819,89.270,0.0071350841304456715,-2.2102086335754088,85.76260390277334,2.9834
1787413458.6419585,-2.0348973048059724,-0.03478460279186127,-3.672330056394488,0.0049710479904077455,-2.214201704661233,85.61342472476099,2.9851,89.286,0.0071350841304456715,-2.2102086335754088,85.76260390277334,2.9837
1787413458.7803545,-2.0339561480774764,-0.03320472837663808,-4.251270392678377,0.05018122053203308,-2.112202837097924,86.18302359024226,2.9438,90.434,0.0409819519900915,-2.0685655517683306,85.91588103488395,2.9066
1787413458.8510296,-2.033195519978974,-0.03328108238328051,-4.252119709726713,0.04323491456187448,-2.085548940197925,85.92072459405267,2.9195,90.173,0.03312216232183867,-2.0635121194463615,85.38735170131709,2.8968
1787413458.9812143,-2.031559321450021,-0.03432294011666295,-3.944263365607815,0.03688703922277896,-2.069391334842568,85.45356963926184,2.9017,89.398,0.04714581508217626,-2.051220369217067,85.9510598836317,2.8964
1787413459.0505922,-2.030417742327213,-0.0347644897000318,-3.69904954983968,0.043244940825074976,-2.0551497862449817,85.85666895116844,2.8952,89.556,0.05709893074406437,-2.053161052987668,86.36639187328923,2.9037
1787413459.1210353,-2.0292362816877665,-0.034960482410717836,-3.3889614680844504,0.04733700639108086,-2.057634006450553,86.13295600363374,2.8989,89.522,0.03204493621406041,-2.0985464276396346,85.72658311680223,2.9167
1787413459.2557797,-2.026658742783252,-0.03455205562046312,-2.8086483462426757,0.04886135643963616,-2.0484213629421157,86.11706855006685,2.8920,88.926,0.03204493621406041,-2.0985464276396346,85.72658311680223,2.9152
1787413459.3224642,-2.025389106220001,-0.03406800173672395,-2.65136515632159,0.05017274057203157,-2.0400609419221802,86.10279739627917,2.8865,88.754,0.03204493621406041,-2.0985464276396346,85.72658311680223,2.9146
1787413459.4535758,-2.023927255193832,-0.03382147024177445,-2.579102527804508,0.051429696406121175,-2.0316170710361767,86.08852129614978,2.8807,88.668,0.03204493621406041,-2.0985464276396346,85.72658311680223,2.9138
1787413459.5259519,-2.023136725210572,-0.0340852845871343,-2.555436952262605,0.021541210240069924,-2.15612275365122,86.95372913460749,2.9468,89.509,-0.0005873188743468452,-2.221022548790097,86.4013866524329,2.9788
1787413459.6630647,-2.021577862914045,-0.03525434924251417,-2.268834991001879,0.018689867847887894,-2.1639597342140893,87.00318250929392,2.9486,89.272,-0.0005873188743468452,-2.221022548790097,86.4013866524329,2.9769
1787413459.7292929,-2.0213610531518804,-0.035583669502805705,-2.253650436771812,0.018689867847887894,-2.1639597342140893,87.00318250929392,2.9482,89.257,-0.0005873188743468452,-2.221022548790097,86.4013866524329,2.9765
1787413459.866816,-2.0207014401192365,-0.03542560537316777,-2.189135009095903,0.013639711610842363,-2.177355858394568,87.08520083152928,2.9540,89.274,-0.0005873188743468452,-2.221022548790097,86.4013866524329,2.9762
1787413459.9343128,-2.0203293405979585,-0.03498405384127913,-2.2479239855850834,0.013639711610842363,-2.177355858394568,87.08520083152928,2.9541,89.333,-0.0005873188743468452,-2.221022548790097,86.4013866524329,2.9763
1787413460.0554523,-2.019785610768396,-0.03421335313629855,-2.7251342980728905,0.008194923956066056,-2.1912512837001756,87.1672154579082,2.9607,89.892,0.03162218302307589,-2.113607201089076,87.2570697701517,2.9210
1787413460.124272,-2.0191528709340347,-0.03437964546408256,-2.726781208771047,0.01881428142045509,-2.1224711814671786,86.64151431757588,2.9178,89.368,0.012822377433766545,-2.1193491850848174,86.51300509107277,2.9114
1787413460.2530499,-2.017738214175693,-0.035585217059660154,-2.5360241458173713,0.016788291964874608,-2.122702250980503,86.64273409522538,2.9147,89.179,0.040980921118631435,-2.1021003542819843,87.28642137966075,2.9170
1787413460.3218887,-2.0168395138258552,-0.035940293371541816,-2.4844435869569477,0.03404793355200946,-2.1030977164201237,87.23488965451966,2.9119,89.719,0.03829574147123736,-2.0899095375586647,87.35437716620076,2.9056
1787413460.45515,-2.0149686612398243,-0.035969836725702926,-2.1194017702891785,0.034101240956767476,-2.1012436671197046,87.27331693045937,2.9093,89.393,0.03829574147123736,-2.0899095375586647,87.35437716620076,2.9042
1787413460.5280821,-2.0139880352293944,-0.035445079212046766,-1.8679395521136055,0.034101240956767476,-2.1012436671197046,87.27331693045937,2.9090,89.141,0.03829574147123736,-2.0899095375586647,87.35437716620076,2.9039
1787413460.666437,-2.0121602470415256,-0.033957279633038205,-1.7098173914900696,0.034019743852563324,-2.0976214190429756,87.34847318879427,2.9061,89.058,0.03829574147123736,-2.0899095375586647,87.35437716620076,2.9037
1787413460.7334592,-2.0112828423526725,-0.033592168384021605,-1.7259494461548324,0.034019743852563324,-2.0976214190429756,87.34847318879427,2.9058,89.074,0.03829574147123736,-2.0899095375586647,87.35437716620076,2.9033
1787413460.858716,-2.0093907337650805,-0.033590757792185316,-1.7395827967974522,0.03369083661333694,-2.094004373670249,87.42363968828224,2.9016,89.163,0.006560483990236503,-2.155638784746346,87.21893936422546,2.9270
1787413460.9270525,-2.008460215945147,-0.033889221980248845,-1.6298832582890468,0.012395521585542121,-2.140746523082802,87.36561035035727,2.9194,88.995,0.006560483990236503,-2.155638784746346,87.21893936422546,2.9261
1787413461.057514,-2.006705007103503,-0.03422247296048952,-1.3754422731658453,0.007645432306374552,-2.1464660153361548,87.4322293735076,2.9188,88.808,0.006560483990236503,-2.155638784746346,87.21893936422546,2.9247
1787413461.12513,-2.0057249794747043,-0.0340042347608197,-1.3661866750309273,0.007645432306374552,-2.1464660153361548,87.4322293735076,2.9182,88.798,0.006560483990236503,-2.155638784746346,87.21893936422546,2.9241
1787413461.2605743,-2.003707767756277,-0.03289804270727708,-1.5251417963011504,0.00229514882654845,-2.152757013540427,87.50240569422763,2.9185,89.028,0.006560483990236503,-2.155638784746346,87.21893936422546,2.9236
1787413461.3278706,-2.003230060615331,-0.03283980250784626,-1.5348706263734608,-0.0005131430326000762,-2.156007358376404,87.53750732327904,2.9187,89.072,0.006560483990236503,-2.155638784746346,87.21893936422546,2.9233
1787413461.4594297,-2.002155501707519,-0.03345637253576048,-1.628520410373821,-0.0005131430326000762,-2.156007358376404,87.53750732327904,2.9175,89.166,-0.005624229095459195,-2.142332091133209,87.12575495507232,2.9040
1787413461.533345,-2.0016268507946604,-0.034246452448063826,-1.7180079545739833,-0.005842889280895117,-2.1446492134831963,87.11798164843185,2.9046,88.836,-0.005624229095459195,-2.142332091133209,87.12575495507232,2.9031
1787413461.6707528,-2.0006053250146327,-0.03590446014791076,-1.640821075395248,0.015649574410863277,-2.119875676795366,87.51482521709724,2.8997,89.156,0.02748575912094549,-2.100099922669325,87.80198607311488,2.8938
1787413461.737602,-1.9999691769962837,-0.036347343203912384,-1.5923607718330717,0.015066689351464577,-2.118982830183048,87.55602463619776,2.8979,89.148,0.02748575912094549,-2.100099922669325,87.80198607311488,2.8930
1787413461.87576,-1.9985353369351029,-0.03641501243995624,-1.5850163181195847,0.014590709448992104,-2.1183686564581943,87.58506798293634,2.8961,89.170,0.048895644942237367,-2.0964626047090853,88.46042043651576,2.9044
1787413461.9433966,-1.9979062788387467,-0.036269110245131436,-1.766757479291865,0.03727652979175261,-2.084293416619122,88.17750342271697,2.8873,89.944,0.036331634033334,-2.073468526129486,88.1806295283406,2.8789
1787413462.078433,-1.9964894801215003,-0.03666073553151551,-2.030380998273083,0.01925644062109529,-2.0707201806766498,87.56159214734119,2.8637,89.592,0.04019417498411653,-2.0802405800186223,87.83470787175473,2.8852
1787413462.1454582,-1.9955778951793726,-0.037333430698467195,-2.0112440175719333,0.03252235142152339,-2.0741206177358142,87.69512963221834,2.8743,89.706,0.021522654916058325,-2.070189729693917,87.37000799785694,2.8638
1787413462.2145774,-1.9946836010988442,-0.03819668071239348,-1.9092243811756202,0.02569925432690284,-2.0668764191902627,87.50541330138032,2.8631,89.415,0.04594908043161538,-2.0625830480022564,87.99551267673748,2.8744
1787413462.3511877,-1.993064578881256,-0.0396420416692011,-1.6347911262771218,0.037420273072937896,-2.0647117360976326,87.81084410681937,2.8677,89.446,0.049833002045558995,-2.0701445887682577,88.3845617622042,2.8803
1787413462.4192579,-1.9921755083474575,-0.039928541129952935,-1.6110781977275612,0.04175039767815387,-2.068935815023039,88.0377555974059,2.8729,89.649,0.035713792813105855,-2.079325540126606,87.88349239789775,2.8760
1787413462.5638683,-1.9902920559050647,-0.03977046231223032,-1.73849534585355,0.04391905231900976,-2.064898089642971,88.08777030812324,2.8704,89.826,0.035713792813105855,-2.079325540126606,87.88349239789775,2.8748
1787413462.6320007,-1.9894726702612546,-0.03970120137626355,-2.0120044045917957,0.04049190522691954,-2.0616147508797793,87.99847633474397,2.8651,90.010,0.038959405819269606,-2.0624347374418464,87.96428385541549,2.8646
1787413462.7670994,-1.9875923998572482,-0.04024260113706804,-2.0186188341529667,0.030729939375456514,-2.0614046284501732,87.41961082609446,2.8563,89.438,0.023003090998133167,-2.0679549776442405,87.23824165384595,2.8555
1787413462.8374848,-1.9866051289042472,-0.04087570916987076,-1.9687254744911866,0.030400007448829276,-2.0574973710823463,87.41047018423582,2.8522,89.379,0.023003090998133167,-2.0679549776442405,87.23824165384595,2.8544
1787413462.9540842,-1.9849088496408143,-0.04221992241525828,-1.7578101572161993,0.030400007448829276,-2.0574973710823463,87.41047018423582,2.8501,89.168,0.04905362588176707,-2.0681802381578223,88.20251409070198,2.8708
1787413463.0243757,-1.9840574274084146,-0.04256658009251493,-1.7036580122271465,0.050225220732946795,-2.0671663893315007,88.19538266975516,2.8701,89.899,0.04467557650674109,-2.075342662135039,88.01456737975481,2.8719
1787413463.1653135,-1.9821904277074873,-0.04246306095978834,-1.6681120849395854,0.048304468241593915,-2.069586008350413,88.10547035468957,2.8692,89.774,0.04467557650674109,-2.075342662135039,88.01456737975481,2.8707
1787413463.2390475,-1.9813250280955363,-0.04217796455824698,-1.8263755020552344,0.021645291232921717,-2.0666281705098037,87.48078518585339,2.8479,89.307,0.007544480678393609,-2.0738991114694403,87.17012280610398,2.8431
1787413463.3774078,-1.9799293402483351,-0.042274472032558956,-2.22836351386233,0.02722318585037313,-2.0737221424986756,87.54387881967958,2.8558,89.772,0.028240957545156486,-2.0886946901208674,87.28107330694269,2.8672
1787413463.445912,-1.9793048036432372,-0.042695599220956115,-2.354318765334907,0.029164701579255204,-2.0801074011968756,87.3251850323387,2.8609,89.680,0.0257423844321478,-2.0796257839841337,87.11867196232744,2.8582
1787413463.5140736,-1.9787083053424674,-0.043327502923548956,-2.3840490835729247,0.0270562329212978,-2.0797630371625537,87.148200919905,2.8583,89.532,0.027179204274342356,-2.0644082186193695,86.97592428118449,2.8475
1787413463.6541932,-1.9775484047441556,-0.043034874045133634,-2.3216817675974495,0.02588619174824378,-2.072328669369231,86.93355196039312,2.8516,89.255,0.03477784745743802,-2.067651475759404,87.18113287164438,2.8546
1787413463.7230759,-1.9768433485457397,-0.04250690172431717,-2.267965948801162,0.030418973658285938,-2.071597858221747,87.08803932628382,2.8542,89.356,0.03043108113849146,-2.073022736104669,87.08577545148707,2.8552
1787413463.8625464,-1.9754092134814736,-0.040650454602100004,-2.361511319528649,0.029968009483095456,-2.0711623297038475,87.05864888666417,2.8539,89.420,0.03043108113849146,-2.073022736104669,87.08577545148707,2.8555
1787413463.935045,-1.9748108178305215,-0.039754750408182445,-2.604177245744501,0.022392869768396325,-2.0632911235831304,86.88742383571588,2.8432,89.492,0.02119882624429724,-2.059272666561237,86.87059123348175,2.8395
1787413464.0655828,-1.9731613861020338,-0.039427482246410406,-2.622713183568559,0.020680726061372365,-2.0617317112110896,86.84316408640126,2.8399,89.466,0.042322881383385136,-2.055378016154861,87.08247972018556,2.8507
1787413464.13502,-1.972295600673923,-0.039611089033719495,-2.5770175682878587,0.034336703885052555,-2.056542386807766,86.8516866213302,2.8451,89.429,0.032728719970298546,-2.0548586634603567,86.8210231064399,2.8428
1787413464.2768342,-1.9707414411453867,-0.04010094611448874,-2.380320018866169,0.040350876834984,-2.0523952011005093,87.12940443133249,2.8450,89.510,0.08005168091941198,-2.0460241465258107,88.34242676049828,2.8687
1787413464.3459208,-1.9698940514986438,-0.04000121337079822,-2.348069498942247,0.07190446606594164,-2.0379988597101155,88.15089948012547,2.8567,90.499,0.08142987379990937,-2.051624317118553,88.37025200623802,2.8731
1787413464.4815807,-1.9680467788980445,-0.03902173327403573,-2.4115747688893907,0.0821549244258849,-2.0398261356496366,88.47022127361708,2.8647,90.882,0.09038923889155033,-2.050131636044108,88.66002519753442,2.8778
1787413464.5517786,-1.9672335223018234,-0.038432733952939405,-2.6414212987031656,0.08973434195126855,-2.036049127525976,88.56301819499102,2.8673,91.204,0.09038923889155033,-2.050131636044108,88.66002519753442,2.8776
1787413464.6202507,-1.9664107577873975,-0.03808590389853913,-2.659237298131369,0.08973434195126855,-2.036049127525976,88.56301819499102,2.8670,91.222,0.09038923889155033,-2.050131636044108,88.66002519753442,2.8773
1787413464.7605982,-1.9646212986460039,-0.03823741735370832,-2.669070785957384,0.04819144061833507,-2.035688775320697,87.18364138238857,2.8357,89.853,0.038670265032967596,-2.045700124730643,87.07361545750216,2.8360
1787413464.822087,-1.963757242627202,-0.038596872611427524,-2.5499783933526006,0.042484226112211095,-2.039277282586944,87.16691540600219,2.8333,89.717,0.038670265032967596,-2.045700124730643,87.07361545750216,2.8352
1787413464.9623873,-1.9620814487305644,-0.03899620283027526,-2.2888412531542928,0.04083624113536685,-2.0366172457305245,87.13223559850721,2.8288,89.421,0.038670265032967596,-2.045700124730643,87.07361545750216,2.8337
1787413465.034683,-1.9611052890488196,-0.03878514638251278,-2.281468887659627,0.067026103738556,-2.043396179772303,88.16238730272786,2.8516,90.444,0.07460116816648762,-2.0548461325902427,88.31721083833713,2.8651
1787413465.172757,-1.9591594502368224,-0.03776699000988023,-2.5383851211534827,0.069628006286985,-2.042729845730407,88.2145680717925,2.8523,90.753,0.07460116816648762,-2.0548461325902427,88.31721083833713,2.8644
1787413465.2447078,-1.958333123306443,-0.03790215218595437,-2.5483646235213087,0.069628006286985,-2.042729845730407,88.2145680717925,2.8517,90.763,0.07460116816648762,-2.0548461325902427,88.31721083833713,2.8637
1787413465.3140213,-1.9574559350020455,-0.038289260308009616,-2.573591815448024,0.07410718138636926,-2.04163404544718,88.30469991516978,2.8532,90.878,0.04095681561106855,-2.0394566033973054,87.17547172176697,2.8281
1787413465.4516,-1.9556082150254597,-0.03987542771221908,-2.5171680329592476,0.04485920658730448,-2.036961646686323,87.25519040005489,2.8267,89.772,0.04095681561106855,-2.0394566033973054,87.17547172176697,2.8257
1787413465.580684,-1.9539713470819813,-0.0413211671844118,-2.2761883056708765,0.04278402752863337,-2.035433184184817,87.2226993123189,2.8220,89.499,0.04095681561106855,-2.0394566033973054,87.17547172176697,2.8235
1787413465.649701,-1.9530773517182307,-0.041587603629642964,-2.2499137141102503,0.04144460351955024,-2.0345139289687832,87.20282613109991,2.8196,89.453,0.04095681561106855,-2.0394566033973054,87.17547172176697,2.8227
1787413465.779359,-1.9511552948088549,-0.04136445954542646,-2.347781075133913,0.04144460351955024,-2.0345139289687832,87.20282613109991,2.8184,89.551,0.04095681561106855,-2.0394566033973054,87.17547172176697,2.8215
1787413465.8457966,-1.9503033856433702,-0.041179761753096025,-2.5827817944268925,0.03860683119055591,-2.0327124914899275,87.16309832209122,2.8146,89.746,0.04095681561106855,-2.0394566033973054,87.17547172176697,2.8210
1787413465.913607,-1.949408925631263,-0.041156383769624556,-2.593797456724807,0.03710765274974223,-2.0318290086050346,87.14322776823172,2.8123,89.737,0.03593918582908815,-2.0679841034135764,86.87235912000752,2.8372
1787413466.0492203,-1.9474810072877267,-0.04189594699465441,-2.598038532818586,0.037559582579516665,-2.0619371879610253,86.92057210441818,2.8321,89.519,0.028131161698738305,-2.067810669889233,86.64841648598264,2.8297
1787413466.1173744,-1.9465456900869882,-0.042581519904885,-2.472492455671221,0.03067377604261481,-2.0658385030091075,86.74793285058048,2.8290,89.220,0.0314536746353563,-2.0644806220221623,86.76838255390591,2.8285
1787413466.2779622,-1.9447930701571627,-0.04351946533668906,-2.1993898040807616,0.028061791702469637,-2.0686095969616667,86.6981035095326,2.8272,88.897,0.0314536746353563,-2.0644806220221623,86.76838255390591,2.8266
1787413466.3517268,-1.9437893063281393,-0.043458653677067194,-2.1906727945659594,0.025923154733526643,-2.0708624344695585,86.65862146501767,2.8267,88.849,0.0314536746353563,-2.0644806220221623,86.76838255390591,2.8260
1787413466.4199219,-1.942778523323519,-0.04317232253443782,-2.267797157872852,0.02372379874065873,-2.073165663498903,86.61914341416858,2.8263,88.887,0.07949846454342609,-2.071315034489141,88.3357216705873,2.8641
1787413466.556269,-1.9413405726591384,-0.04261861887817751,-2.6009200145679108,0.07034066595256584,-2.0694759795184496,88.13318072963688,2.8557,90.734,0.029828174752297182,-2.0735112113329737,86.7696703703769,2.8302
1787413466.6255705,-1.9407639646387034,-0.042688985736460544,-2.714384353942592,0.04095314119769376,-2.06377673785974,87.00932337683831,2.8305,89.724,0.035866299082645645,-2.067769911738136,86.89215418799944,2.8298
1787413466.76509,-1.9395586332080559,-0.04349607122465643,-2.7972079363375633,0.04011023346115905,-2.0651173602072532,86.98364979320866,2.8295,89.781,0.03942285535582058,-2.0426503305860018,86.66218649316728,2.8130
1787413466.8319423,-1.9394506920594174,-0.04340703717427917,-2.8544673903443054,0.051946893840352344,-2.052691827222889,87.16373602553175,2.8289,90.018,0.0615748280713898,-2.048484043492362,87.38224826447475,2.8327
1787413466.971842,-1.9389130468760793,-0.042349709195847504,-2.8412830839172893,0.032827013611804665,-2.043577437972594,86.35194401821273,2.8094,89.193,0.017595707872190492,-2.039642185157001,86.02815622808227,2.7959
1787413467.0455089,-1.938375431000424,-0.041220017845611835,-2.927608774978695,0.03017765308657468,-2.041277712563971,86.26241974921287,2.8063,89.190,0.06744183322397813,-1.994749799333233,87.58090576878901,2.7999
1787413467.114956,-1.937905676949866,-0.039925366553137505,-3.159533624782428,0.04648747964209259,-2.000815592057762,86.92738638248743,2.7898,90.087,0.05359245536339929,-1.9686992074192382,86.884726488835,2.7724
1787413467.25844,-1.9357203256945095,-0.03862740007636132,-3.2551695567724215,0.04913505117171151,-1.9865154555190299,86.75012418574487,2.7810,90.005,0.05672752780898743,-1.973532683897412,86.94838985234635,2.7774
1787413467.3243802,-1.9345507898749141,-0.03841068088189895,-3.3035071442426305,0.05359163925352963,-1.9775953841316118,86.86997826247229,2.7773,90.173,0.05672752780898743,-1.973532683897412,86.94838985234635,2.7767
1787413467.467165,-1.932357253854827,-0.038395575915168706,-3.0846023067298165,0.051967415509994945,-1.9939434360873496,86.65747160585079,2.7860,89.742,0.044681796788256255,-2.0215721029473697,86.43407588622327,2.8003
1787413467.5354314,-1.9312951421184499,-0.03816944940064163,-2.82285994648091,0.05261747073553218,-1.9874045470089534,86.60758536108852,2.7813,89.430,0.044681796788256255,-2.0215721029473697,86.43407588622327,2.7997
1787413467.663958,-1.9290344069742658,-0.0365113850068319,-2.845694834502011,0.05261747073553218,-1.9874045470089534,86.60758536108852,2.7808,89.453,0.044681796788256255,-2.0215721029473697,86.43407588622327,2.7993
1787413467.7300727,-1.9279164163330023,-0.035333937091356744,-2.9520796993552483,0.05347653549041989,-1.9780746175963815,86.53745875028082,2.7749,89.490,0.044681796788256255,-2.0215721029473697,86.43407588622327,2.7993
1787413467.8572779,-1.9267160668359788,-0.033761744554577054,-3.0610914876407533,0.05388447421530165,-1.9733479070471673,86.5023850470857,2.7721,89.563,0.044681796788256255,-2.0215721029473697,86.43407588622327,2.7996
1787413467.9223504,-1.9260626640801324,-0.033372799731793586,-3.142735018776347,0.05427707653061674,-1.9685803715526367,86.46730796083858,2.7689,89.610,0.044681796788256255,-2.0215721029473697,86.43407588622327,2.7994
1787413468.0559013,-1.9248378098079584,-0.033639203182877074,-3.2904138693915406,0.05427707653061674,-1.9685803715526367,86.46730796083858,2.7678,89.758,0.044681796788256255,-2.0215721029473697,86.43407588622327,2.7984
1787413468.1236458,-1.9243432927976147,-0.033837048046660136,-3.1790883829359786,0.10383271421845686,-2.035084541035472,88.26866864303811,2.8493,91.448,0.08783908016762465,-2.0941995507106133,88.24931602892588,2.8799
1787413468.262584,-1.9232157827479297,-0.033695947839275736,-2.8251377930657853,0.0913936705080912,-2.0683044599534997,88.2847563910877,2.8633,91.110,0.09021955357083096,-2.0716751676255596,88.00012195056719,2.8648
1787413468.3375456,-1.9226778441151977,-0.03336973913517263,-2.550690988895086,0.09229672033188718,-2.072495634534359,88.0507746083705,2.8667,90.601,0.09623765540035627,-2.0645259224569505,88.43610598549753,2.8638
1787413468.4154947,-1.9224030191274921,-0.03320303037218999,-2.3777851844674696,0.09619007797824834,-2.070971164899847,88.43667993442902,2.8683,90.814,0.09451157566284814,-2.0468354188528166,88.9194491522127,2.8500
1787413468.5539556,-1.92178194388352,-0.03359591528798769,-2.4063259171616234,0.09791087890494654,-2.061083204005557,89.00019716005401,2.8618,91.407,0.10026017590703194,-2.039939245406832,89.1415652504149,2.8485
1787413468.6219168,-1.921233556508982,-0.03456376094941334,-2.3813608343838357,0.10541074830355963,-2.0630814699702973,89.4036740965412,2.8674,91.785,0.11029107074332377,-2.0769400498191626,89.5221537519383,2.8807
1787413468.7615347,-1.9202732612327642,-0.036925002809297544,-2.0148518486753257,0.10943216836669456,-2.066366206493363,89.54501550870894,2.8703,91.560,0.11029107074332377,-2.0769400498191626,89.5221537519383,2.8783
1787413468.8273776,-1.9196327878171118,-0.037641303747975974,-1.990926135139401,0.0796982425466092,-2.030459072045262,88.8767804955464,2.8229,90.868,0.06322789183075671,-2.0001083644244906,88.4767834482268,2.7898
1787413468.9492946,-1.91816096490129,-0.038358030722440255,-1.9515304758378764,0.07904791395753132,-2.0286734911602102,88.95212220033501,2.8196,90.904,0.06322789183075671,-2.0001083644244906,88.4767834482268,2.7883
1787413469.076498,-1.9167283022954835,-0.03841989094285952,-2.2426930337380035,0.07550120738462712,-1.9933763212494489,88.93695660644586,2.7912,91.180,0.06935070077622221,-1.9726095406788386,88.77389238432234,2.7723
1787413469.1413658,-1.9159845392082275,-0.03861160666511336,-2.2503851976268714,0.05210966458440725,-1.9693204132935986,88.06681741264488,2.7570,90.317,0.040745627687221266,-1.9734218057853596,87.79865661845571,2.7518
1787413469.2772303,-1.9143445023349783,-0.0397812560681055,-2.259627203635633,0.04643757371417439,-1.946912792351101,87.92929100285603,2.7353,90.189,0.04554300241264925,-1.94026314095411,87.91503576839058,2.7300
1787413469.3466864,-1.9135268498815212,-0.04068114706222599,-2.1627472007874453,0.04120023211488568,-1.93371411498677,87.92633592508994,2.7211,90.089,0.04554300241264925,-1.94026314095411,87.91503576839058,2.7288
1787413469.4183323,-1.9128016970611064,-0.04159385980045598,-1.9289527732438374,0.037160979865182166,-1.923621313728914,87.92410632147325,2.7101,89.853,0.04554300241264925,-1.94026314095411,87.91503576839058,2.7276
1787413469.5546138,-1.9111524425556143,-0.04243919401052649,-1.8881730816764823,0.037160979865182166,-1.923621313728914,87.92410632147325,2.7083,89.812,0.04554300241264925,-1.94026314095411,87.91503576839058,2.7259
1787413469.6201503,-1.9102323394357303,-0.042461339882083095,-1.9110611584646702,0.059857393818834065,-1.935802478272345,88.4038336223077,2.7324,90.315,0.06718468009936647,-1.949189971672676,88.55136217645277,2.7470
1787413469.7606082,-1.9085778040429637,-0.04229461724121074,-2.3111084754746036,0.06344168055352997,-1.9402589881099535,88.45771004991796,2.7370,90.769,0.06718468009936647,-1.949189971672676,88.55136217645277,2.7459
1787413469.8299744,-1.907215653579757,-0.04259896835897549,-2.6757630343352696,0.06291062147196809,-1.9310367062460976,88.50172378554042,2.7290,91.177,0.06718468009936647,-1.949189971672676,88.55136217645277,2.7447
1787413469.9666762,-1.9044578164118184,-0.043896675955273,-3.1648078453001567,0.05329123041049243,-1.9376627268046756,87.44699754971182,2.7238,90.612,0.035823570634636905,-1.9563413382676207,86.68267708847885,2.7244
1787413470.0385563,-1.9031537227123863,-0.04476745616480818,-3.254274469765761,0.049023424614897344,-1.9516377485669885,86.68157260795061,2.7289,89.936,0.05053054538298555,-1.9629711869044855,86.68087185041352,2.7380
1787413470.1688514,-1.9009454626829085,-0.045626108546852784,-3.195186158170446,0.04732415537231697,-1.949165489537542,86.58945664665745,2.7238,89.785,0.048945861775037784,-2.009952680223647,86.53358544841969,2.7678
1787413470.2383833,-1.8997248458354807,-0.045661113706794536,-3.1696515410996713,0.053079639110790035,-1.9799623871156533,86.69592501638525,2.7486,89.866,0.0412270203269098,-2.0358982957263017,86.30387294005543,2.7800
1787413470.3208501,-1.8984890606049096,-0.0454935651855853,-3.2170629570669496,0.04910045542935476,-2.005894085957848,86.54146105245896,2.7634,89.759,0.028424388124110165,-2.036100044388353,85.88878239751752,2.7705
1787413470.4665084,-1.8962447200691543,-0.045304653815755457,-3.7457322192245326,0.03597911186942442,-2.0232443158770628,86.0796458957333,2.7651,89.825,0.04979162870956102,-2.0588151875484564,86.09034521931189,2.8002
1787413470.5352342,-1.8954379250205056,-0.04506841229439034,-4.476553344535979,0.042325660303594484,-2.048674775392121,85.48658258309689,2.7874,89.963,0.03790865458485075,-2.051633393738905,85.37399331420752,2.7864
1787413470.660854,-1.8939847448769993,-0.04489901930304112,-5.793851036745132,0.040606857820451335,-2.058005462332228,85.33496951613942,2.7920,91.129,0.03790865458485075,-2.051633393738905,85.37399331420752,2.7855
1787413470.7300258,-1.8934194708593,-0.044546008196823285,-6.24176511244993,0.040606857820451335,-2.058005462332228,85.33496951613942,2.7919,91.577,0.03790865458485075,-2.051633393738905,85.37399331420752,2.7854
1787413470.8527339,-1.8923920476467242,-0.04303841056861546,-7.10458266388775,0.03733850481825014,-2.075333632425226,85.06038868229861,2.8025,92.165,0.03790865458485075,-2.051633393738905,85.37399331420752,2.7858
1787413470.9179437,-1.8917862111430932,-0.04177902730348384,-7.445398155646708,0.03733850481825014,-2.075333632425226,85.06038868229861,2.8030,92.506,0.10504813366733444,-1.9696480909066083,83.60360966474386,2.7756
1787413471.055431,-1.890738426909689,-0.03906013370957374,-8.492846176535728,0.10582914062911493,-1.9876057729912777,83.63560616541542,2.7898,92.128,0.10335549309739751,-1.9318544803139273,82.90834464797918,2.7494
1787413471.1255121,-1.88999367116839,-0.038532015050864454,-8.512972064415873,0.11094110200876063,-1.98726770392345,82.60352277894286,2.7931,91.116,0.1432032669304421,-1.9035336032558778,83.28747431865457,2.7590
1787413471.2622244,-1.888483084864179,-0.038294810110898386,-8.482375834215143,0.1276660499294543,-1.9498399621620008,82.780398668147,2.7783,91.263,0.1432032669304421,-1.9035336032558778,83.28747431865457,2.7581
1787413471.3308337,-1.8878168002762685,-0.03839409238944296,-8.311799450911867,0.1397893254562639,-1.9419961160157135,82.42043020938938,2.7812,90.732,0.13460645808534594,-1.891941097209662,83.22140908455883,2.7433
1787413471.4697149,-1.88635273498924,-0.03809325311720299,-8.276162343617356,0.13260213313343155,-1.9098160089308756,83.106073875573,2.7531,91.382,0.09278060864552769,-1.9153735886356855,82.48403082816928,2.7278
1787413471.5351317,-1.8854186361002987,-0.037493621521338366,-8.289891006542627,0.10586681129847313,-1.9205366471836833,82.76448966144665,2.7406,91.054,0.09278060864552769,-1.9153735886356855,82.48403082816928,2.7276
1787413471.6664941,-1.8836083748870833,-0.035861267485133616,-8.634789892624717,0.10922949279765674,-1.9101252767874637,82.46587512400536,2.7357,91.101,0.09278060864552769,-1.9153735886356855,82.48403082816928,2.7274
1787413471.727504,-1.8825130877494165,-0.03556153676767052,-8.65726811018763,0.1114603844265931,-1.9032924908384077,82.27224448035419,2.7321,90.930,0.09278060864552769,-1.9153735886356855,82.48403082816928,2.7268
1787413471.807701,-1.8813971914581313,-0.035458798877926176,-8.683035277447846,0.10388677939955725,-1.8953117842624412,82.17168555220006,2.7204,90.855,0.11634727979359849,-1.9026688499099083,82.3080055548039,2.7345
1787413471.9647515,-1.8790716410023869,-0.03647843992896936,-8.485972917284233,0.11186171419265176,-1.8964269437557977,82.21089229707098,2.7246,90.697,0.10715921010274905,-1.9036637660856095,82.18617455448182,2.7261
1787413472.0346248,-1.8780216399295258,-0.036979599903674096,-8.180816786030656,0.10620596415722056,-1.9071158408169584,82.45618871876633,2.7266,90.637,0.11081149878966715,-1.9229961486171128,82.58510272705041,2.7409
1787413472.1746185,-1.875769943341011,-0.03749714998380507,-7.628880489807709,0.1071339537856622,-1.9024854767579964,82.29489403651542,2.7221,89.924,0.11081149878966715,-1.9229961486171128,82.58510272705041,2.7389
1787413472.2418616,-1.874625286909009,-0.03754603671421416,-7.483733390578621,0.10159612844273756,-1.935987299574893,83.4288358518792,2.7404,90.913,0.1099618724607077,-1.9606548178823346,83.64765582947975,2.7635
1787413472.3728542,-1.8732348450425178,-0.03830478687985938,-7.366854085028707,0.09829464154703432,-1.9441200179116238,83.3576038079602,2.7421,90.724,0.0960338836295542,-1.9534688216401686,83.29729671075215,2.7470
1787413472.4426131,-1.872569145127633,-0.03901749893650716,-7.3386165215903985,0.09754894510611749,-1.9458287328053125,83.28414320976707,2.7418,90.623,0.09368377825953472,-1.9349762870212632,83.08073392716429,2.7314
1787413472.580227,-1.871225637782008,-0.04118043749435605,-7.161379666451402,0.09025317679929565,-1.9325567350414594,82.94087050377235,2.7248,90.102,0.08942964729906966,-1.9247952320520907,82.94505660266717,2.7189
1787413472.6477826,-1.870667865702737,-0.042387109421713066,-6.886894168727236,0.08815712554342107,-1.9322803394877832,82.8307609446316,2.7219,89.718,0.08942964729906966,-1.9247952320520907,82.94505660266717,2.7176
1787413472.776392,-1.8691932527262636,-0.043704553921448744,-6.830232009559903,0.08815712554342107,-1.9322803394877832,82.8307609446316,2.7199,89.661,0.08990045747746907,-1.9308044730444138,83.26225239549704,2.7201
1787413472.848054,-1.8683051587061887,-0.043968280314894144,-6.8005577393437715,0.08860421613787459,-1.9319233728766545,83.2274809701861,2.7192,90.028,0.10308212301089273,-1.9204525533935461,83.70578381396136,2.7217
1787413472.9179,-1.867424883459872,-0.04402569754444823,-6.877311840730144,0.09549954268075567,-1.9225512182667137,83.47920834030776,2.7170,90.357,0.10548232401767751,-1.9135215647514185,83.8385554592013,2.7180
1787413473.0518107,-1.865867150399209,-0.04444534784746365,-7.380539331728829,0.1007937362128388,-1.916986719796528,83.72074217077437,2.7155,91.101,0.12127335911878953,-1.9346842326891311,83.52772877364139,2.7426
1787413473.1146529,-1.8651161395722198,-0.04457148673271898,-7.409862644880382,0.11433522257803812,-1.9234054594987864,83.46573257739583,2.7291,90.876,0.13882031166203887,-1.8794635774246113,83.76403455356824,2.7171
1787413473.2511132,-1.8636152899064669,-0.045547375017736653,-7.220160863557417,0.13042586667609876,-1.903986128690565,83.53743730605014,2.7258,90.758,0.133509329809644,-1.8821002192443428,83.6038006308441,2.7132
1787413473.3205962,-1.8633253173555497,-0.04587260469443882,-7.20211445421249,0.13598669132622065,-1.889235295382586,83.78016881932196,2.7194,90.982,0.13745224957194294,-1.8872190903377635,83.82520594558994,2.7191
1787413473.4567232,-1.8624979727319189,-0.04576637363644943,-7.092065390265417,0.14023889377722307,-1.8846100099233811,83.77562619240065,2.7189,90.868,0.1411097823784616,-1.899734206467229,83.92941162760692,2.7298
1787413473.5232337,-1.8619738916713042,-0.04534828524059281,-7.090435343045705,0.12754244099599876,-1.8927365721200429,84.04660944749575,2.7150,91.137,0.1317083683151983,-1.8812449922948336,83.73791625609628,2.7102
1787413473.6545227,-1.8603819128744057,-0.044585837165591814,-7.506754703237785,0.13251505823531257,-1.8863673545497444,83.77011660013623,2.7136,91.277,0.13042919932896613,-1.8716526988302713,83.76898913491894,2.7021
1787413473.72034,-1.8592234483622891,-0.04463580221795606,-7.812989789988205,0.13437480710212363,-1.8722477734657597,83.58030805174532,2.7046,91.393,0.12748543527107056,-1.888155540657214,83.25960008448558,2.7103
1787413473.8567622,-1.8568774968903665,-0.04550928122378894,-8.374471689021984,0.13110288213053456,-1.8768276469594376,83.36313795997727,2.7029,91.738,0.12748543527107056,-1.888155540657214,83.25960008448558,2.7080
1787413473.9744067,-1.8548087419069297,-0.046486471494900254,-8.474471282066347,0.14238508604226696,-1.8948961060510228,83.11587509299221,2.7213,91.590,0.14071183392337833,-1.9169531544391918,82.99744450758672,2.7351
1787413474.040777,-1.853718009435969,-0.04659364975440834,-8.440441708531013,0.14537595635038927,-1.8940915779598666,83.06904145020316,2.7221,91.509,0.14071183392337833,-1.9169531544391918,82.99744450758672,2.7342
1787413474.1803727,-1.8512822618805937,-0.046035368970856874,-8.44306002439317,0.14835494375212843,-1.8933167846860377,83.02276270431614,2.7223,91.466,0.14071183392337833,-1.9169531544391918,82.99744450758672,2.7328
1787413474.2474153,-1.8501072395702904,-0.04551906757430675,-8.621119997179035,0.14835494375212843,-1.8933167846860377,83.02276270431614,2.7218,91.644,0.14071183392337833,-1.9169531544391918,82.99744450758672,2.7323
1787413474.3823822,-1.8482548568388715,-0.04528194703139855,-8.899027524552679,0.15413881547023275,-1.8918836001525947,82.93391922347985,2.7239,91.833,0.14071183392337833,-1.9169531544391918,82.99744450758672,2.7311
1787413474.4461117,-1.8475724358128804,-0.045810679294810634,-8.887438312167832,0.15413881547023275,-1.8918836001525947,82.93391922347985,2.7230,91.821,0.14071183392337833,-1.9169531544391918,82.99744450758672,2.7303
1787413474.5167737,-1.8469186192679825,-0.04653991894308868,-8.802576173077197,0.16005811755626878,-1.8905136519621888,82.84433251691893,2.7255,91.647,0.14071183392337833,-1.9169531544391918,82.99744450758672,2.7293
1787413474.663661,-1.846177764108576,-0.04767604262076472,-8.528653708501594,0.16306223826012173,-1.8898557987888909,82.79936757495597,2.7259,91.328,0.14071183392337833,-1.9169531544391918,82.99744450758672,2.7280
1787413474.7326233,-1.845877991035809,-0.04774505876413584,-8.480796061400888,0.16306223826012173,-1.8898557987888909,82.79936757495597,2.7257,91.280,0.14071183392337833,-1.9169531544391918,82.99744450758672,2.7277
1787413474.874987,-1.8450915206986103,-0.04717241690482519,-8.558213976767648,0.16913152384876648,-1.88859603273268,82.70949991511202,2.7291,91.268,0.14071183392337833,-1.9169531544391918,82.99744450758672,2.7275
1787413474.9425645,-1.844735239871,-0.04747541607565849,-8.56752615513053,0.16913152384876648,-1.88859603273268,82.70949991511202,2.7286,91.277,0.14071183392337833,-1.9169531544391918,82.99744450758672,2.7271
1787413475.0752926,-1.8439570909054663,-0.04884518672975986,-8.628585698016808,0.17528929569749815,-1.8874127961366998,82.61961658520629,2.7309,91.248,0.14071183392337833,-1.9169531544391918,82.99744450758672,2.7256
1787413475.1434224,-1.8435971394273973,-0.05002867222482586,-8.709139033050567,0.1784014342050384,-1.886851214608235,82.57467034511852,2.7317,91.284,0.14071183392337833,-1.9169531544391918,82.99744450758672,2.7245
1787413475.2824533,-1.8428589748594222,-0.052193506412381636,-8.641822192940877,0.1784014342050384,-1.886851214608235,82.57467034511852,2.7297,91.216,0.17293264195449742,-1.8628645171478053,82.77368450017589,2.7096
1787413475.3536856,-1.8422890959610547,-0.052797019117581445,-8.589643521549954,0.17335958399898005,-1.863791817077712,82.78349924444254,2.7097,91.373,0.17293264195449742,-1.8628645171478053,82.77368450017589,2.7088
1787413475.4273357,-1.8416167314493488,-0.05313686280027003,-8.547678005108573,0.17944407914700014,-1.866626961172105,83.049696883456,2.7154,91.597,0.1808397868199868,-1.8692399644134463,83.08086422216596,2.7182
1787413475.5700793,-1.8403036224614933,-0.05329535086269731,-8.798366678878095,0.18286057002544492,-1.8645521485858652,83.03332214840717,2.7155,91.832,0.1650354798481718,-1.83455461956288,82.62030158825061,2.6822
1787413475.6388152,-1.8397213132103893,-0.05362370798000518,-9.072948217408591,0.1728600644296769,-1.8478521698845567,82.80768656564669,2.6962,91.881,0.1650354798481718,-1.83455461956288,82.62030158825061,2.6816
1787413475.7723265,-1.8381917052373102,-0.05515089203512089,-9.020299154985736,0.17517788215571586,-1.8417020945334173,82.76211292631274,2.6917,91.782,0.20604855535716698,-1.7979026334671853,83.46416416543623,2.6863
1787413475.842655,-1.8374882012666378,-0.05619160468250412,-8.87023613697795,0.1755291207948202,-1.8407637940159491,82.75520243025821,2.6902,91.625,0.20604855535716698,-1.7979026334671853,83.46416416543623,2.6851
1787413475.9804213,-1.8362468159198981,-0.057621494038711155,-8.755804573885227,0.17783810901753555,-1.8345412521834554,82.70966401407271,2.6859,91.465,0.20604855535716698,-1.7979026334671853,83.46416416543623,2.6832
1787413476.0473378,-1.8354835719278055,-0.05793357760818573,-8.676540516487604,0.17920596832830094,-1.8308174803872475,82.68264264638466,2.6837,91.359,0.20604855535716698,-1.7979026334671853,83.46416416543623,2.6824
1787413476.1154935,-1.8346547555688895,-0.0580325299679055,-8.649837099357878,0.18620058561506456,-1.8237101090834054,82.92400152859695,2.6836,91.574,0.2444527879516326,-1.7573357299966628,82.92400152859695,2.6852
1787413476.2543252,-1.833193321562848,-0.058080689706872135,-8.978092593259444,0.22911221850570804,-1.7921818481345162,83.46032146575867,2.6945,92.438,0.2444527879516326,-1.7573357299966628,82.92400152859695,2.6840
1787413476.3220468,-1.832482449589879,-0.058459416760674704,-9.223047226463088,0.24098865976955525,-1.7798219235842896,83.49309120331723,2.6949,92.716,0.2444527879516326,-1.7573357299966628,82.92400152859695,2.6833
1787413476.4530828,-1.8310451092692086,-0.059132932615250176,-9.222516115426705,0.24098865976955525,-1.7798219235842896,83.49309120331723,2.6933,92.716,0.19375555803481215,-1.8401416539182107,82.53235515772064,2.6966
1787413476.5219715,-1.830435864335168,-0.05963192948680687,-9.054232273717863,0.2018138855032145,-1.822705623864241,82.7646913317465,2.6904,91.819,0.26077999004705205,-1.7831170475923317,83.28762856737808,2.7099
1787413476.6594207,-1.8290107543984264,-0.0600093359189507,-9.004512623864409,0.24446265870034614,-1.7989830159741835,82.91159312425363,2.7062,91.916,0.2431650900923728,-1.767587492551076,82.91159312425363,2.6851
1787413476.7272089,-1.8281244436542081,-0.059780065211358056,-8.989828218189446,0.24984557885585262,-1.777820454812425,82.86058861867734,2.6962,91.850,0.24899624083352878,-1.7735124393495802,82.91159312425363,2.6928
1787413476.8603308,-1.8264439109211168,-0.05893158860904563,-9.296053621747328,0.2574090802688883,-1.770601595121496,82.83850455424185,2.6967,92.135,0.24899624083352878,-1.7735124393495802,82.91159312425363,2.6921
1787413476.9325597,-1.825675918482251,-0.05872072940142589,-9.5860395354933,0.20382800253698374,-1.8121465374390944,82.63799740973386,2.6820,92.224,0.1893845485089336,-1.833081558343208,82.25132390556466,2.6849
1787413477.0684545,-1.8239221986140175,-0.05993339756516166,-9.538533441788129,0.20225483670118874,-1.8115057375305457,82.60178351422415,2.6783,92.140,0.1893845485089336,-1.833081558343208,82.25132390556466,2.6828
1787413477.136941,-1.823110001376855,-0.06081675220655157,-9.390713457454467,0.20085213275800684,-1.8109814375194762,82.57067715767441,2.6757,91.961,0.1893845485089336,-1.833081558343208,82.25132390556466,2.6816
1787413477.2735317,-1.8222673017031314,-0.06177089902566085,-9.306158276920481,0.20085213275800684,-1.8109814375194762,82.57067715767441,2.6745,91.877,0.1893845485089336,-1.833081558343208,82.25132390556466,2.6804
1787413477.3403583,-1.8216916498847615,-0.06184065264666426,-9.247096253731206,0.19790431892434343,-1.8100062002283759,82.50847611697509,2.6711,91.756,0.1893845485089336,-1.833081558343208,82.25132390556466,2.6799
1787413477.4517343,-1.8204405351629511,-0.06143170000374081,-9.336585501709488,0.196358401282292,-1.809554034641333,82.47736065192842,2.6690,91.814,0.21559852733532617,-1.8307575323616336,82.69999631742873,2.6974
1787413477.5177665,-1.819921850461695,-0.06121865827073112,-9.548733910335187,0.2138692397811041,-1.8273034574845046,82.66733136848595,2.6936,92.216,0.2891047305055757,-1.7780873714067393,82.66733136848595,2.7195
1787413477.6492333,-1.8185703575981544,-0.061770992309435224,-9.56602336755851,0.2725551249230123,-1.8018987555362465,83.22760349857172,2.7205,92.794,0.2891047305055757,-1.7780873714067393,82.66733136848595,2.7181
1787413477.7784684,-1.8172159048204226,-0.06340373119164144,-9.317475164370808,0.28460208568102713,-1.7990626661011426,83.24604453947661,2.7258,92.564,0.2891047305055757,-1.7780873714067393,82.66733136848595,2.7160
1787413477.8460777,-1.8169821251093061,-0.06366221729131516,-9.22379040154031,0.2923745582433215,-1.7972609070462824,83.25778536417843,2.7303,92.482,0.2891047305055757,-1.7780873714067393,82.66733136848595,2.7157
1787413477.9168155,-1.816681818777017,-0.06369755575781053,-9.081883530801857,0.21842453182788885,-1.805453307398655,82.64074682784539,2.6787,91.723,0.2072221096677412,-1.805771832146314,82.37581174173339,2.6704
1787413478.0605862,-1.8154643302224405,-0.06264359943525764,-8.969775055297298,0.2160561997167534,-1.8046369218962581,82.60688875170237,2.6761,91.577,0.2072221096677412,-1.805771832146314,82.37581174173339,2.6702
1787413478.1347523,-1.8147027838097296,-0.06171130938909826,-9.11861207100643,0.18184662531394813,-1.8118489945043725,82.25104386256257,2.6550,91.370,0.17448449918361306,-1.8080962205254285,82.07847477686556,2.6470
1787413478.2712379,-1.8131615297157881,-0.06074374019442206,-9.190312398302659,0.18226018781893558,-1.8193716218563165,82.29209399631326,2.6598,91.482,0.18905007635814014,-1.7924458107750638,82.09233798421597,2.6472
1787413478.3344188,-1.812363022711606,-0.06067114892470602,-9.224697783044752,0.18696593248810428,-1.8036620755137962,82.02313006192794,2.6524,91.248,0.21835232417750144,-1.7234426674096754,82.02313006192794,2.6246
1787413478.4655752,-1.8109278501718429,-0.060982820757848416,-8.99879413908179,0.24229993408801698,-1.7830250835343466,82.40572682305988,2.6798,91.405,0.17483181014234167,-1.7832460274010051,81.68532867094116,2.6286
1787413478.5352921,-1.8102551519335979,-0.060972577646877475,-8.725949400258193,0.20439754036433966,-1.7956643703053168,82.38081386961083,2.6586,91.107,0.2685425975431614,-1.737223357173488,82.38081386961083,2.6704
1787413478.6634557,-1.808249260986618,-0.059979597627153484,-8.771569367978133,0.25337520280868725,-1.7760925792788393,82.74027388851724,2.6824,91.512,0.17474883354106668,-1.8101900019456227,82.44568864808055,2.6449
1787413478.7303,-1.8071371042737296,-0.05912192167608062,-8.890322648982512,0.19265549541688623,-1.8023847544897527,82.82930304060473,2.6529,91.720,0.19041998722170853,-1.795568732925965,82.78790290501304,2.6468
1787413478.8603437,-1.8052108234282553,-0.05762887959973462,-9.186303356138009,0.18843202894223643,-1.8025057497885295,82.8306470030384,2.6494,92.017,0.1869900199734855,-1.794504610277472,81.98885804145,2.6430
1787413478.931693,-1.8042856160132794,-0.057340282761923315,-9.224320442394388,0.18991495924761004,-1.7991052848042677,82.07011804776995,2.6478,91.294,0.1852699596484862,-1.7829550792726934,81.939502499904,2.6336
1787413479.0628762,-1.8024416958558178,-0.05748599731660285,-9.169946702317121,0.18728222074596143,-1.7903069609253985,81.98836669106016,2.6385,91.158,0.26305869711418,-1.7499471540856866,81.98836669106016,2.6703
1787413479.1297429,-1.801640130585344,-0.0576499566267923,-8.960641855862454,0.2575146772356301,-1.7711806911077874,82.40595441251585,2.6789,91.367,0.17782139073885697,-1.8168817509829556,82.36705831201932,2.6482
1787413479.2664118,-1.799762104449245,-0.05734460871708051,-8.94359531122538,0.20685865719612895,-1.811825380386146,83.01789822552786,2.6655,91.961,0.17782139073885697,-1.8168817509829556,82.36705831201932,2.6470
1787413479.3334131,-1.7986671985851044,-0.05679377966727304,-8.966040637260669,0.21426347413617727,-1.8314408837911682,83.14307079377393,2.6835,92.109,0.15372127394548465,-2.0622131615325814,83.25936818216601,2.7988
1787413479.4519408,-1.7966183535331124,-0.05540729599480095,-9.360049060246803,0.14017684633717173,-1.9463435301395369,82.78192194633361,2.7068,92.142,0.11580250361867539,-1.9617137692032223,82.2767641592549,2.7003
1787413479.5174322,-1.79570062816122,-0.055011846678673634,-9.380936939801627,0.12161334350728517,-1.9623465281242984,82.3746169253114,2.7044,91.756,0.11580250361867539,-1.9617137692032223,82.2767641592549,2.6999
1787413479.6520638,-1.793837009902935,-0.055174828140998645,-9.388804708981143,0.10165892204428172,-1.9929355431105942,82.33009509576273,2.7107,91.719,0.19711016878014245,-1.8201879155313172,82.14862503626652,2.6607
1787413479.718572,-1.7929674804916278,-0.05563462677196299,-9.272837660885406,0.2060917316420888,-1.8442105218299238,82.44426578418953,2.6824,91.717,0.21101831264384016,-1.8277788215199366,82.56250796642729,2.6752
1787413479.8592405,-1.7913440627993875,-0.05624650915328221,-8.709417604980874,0.2077637784859619,-1.8581410164291357,82.65247728241864,2.6913,91.362,0.2812992079018617,-1.7876795642026473,82.65247728241864,2.7007
1787413479.9301996,-1.790515205965556,-0.056277880765095184,-8.468347912034652,0.2426744492604655,-1.8149449515382265,82.97988754943214,2.6883,91.448,0.2264564050786793,-1.7623724591922645,82.65247728241864,2.6418
1787413480.061971,-1.7891000962984709,-0.05605867896884392,-8.087292629328795,0.2496312389352035,-1.8102500294955393,83.00228184221253,2.6895,91.090,0.19567867537639616,-1.999544400399489,84.36803850919763,2.7779
1787413480.127541,-1.788680707271453,-0.05623641050920738,-8.06200382529294,0.19003882328618493,-1.934683230943953,84.21393937678486,2.7283,92.276,0.19567867537639616,-1.999544400399489,84.36803850919763,2.7774
1787413480.2707388,-1.7878347598066264,-0.057428259771493975,-8.15377647912075,0.14934416196065095,-2.0001881189425643,84.07775977363703,2.7435,92.232,0.062041118832667115,-2.0688450089892854,81.86725871748331,2.7327
1787413480.3374677,-1.7874698801261495,-0.058543607227877235,-8.098548794206508,0.11814947470625894,-2.018008714330661,83.49409550296737,2.7333,91.593,0.14531529525873846,-2.038305544900378,84.04806412600992,2.7668
1787413480.4710948,-1.7867615539267288,-0.06068378125036119,-7.867555917909369,0.1212663465795816,-2.0287726820092398,83.61062035622051,2.7412,91.478,0.1263940772030588,-2.015845239823693,83.61062035622051,2.7355
1787413480.5378551,-1.786219411887234,-0.06137639493837774,-7.821176335648247,0.21428445437339205,-1.8881593389745637,83.83904942164563,2.7091,91.660,0.22561026699219766,-1.8168819837481829,84.07006248426757,2.6701
1787413480.6788006,-1.7849086879440037,-0.06200835286133111,-7.8335176787596525,0.1911963644609807,-1.8728216867567054,83.8190840356179,2.6803,91.653,0.07921536006995004,-2.0213951516106308,82.43190723210876,2.7045
1787413480.744924,-1.7843319864775247,-0.062158780964459655,-8.03377354148844,0.13185375525651777,-1.9033673638123512,83.48781235314198,2.6574,91.522,0.07921536006995004,-2.0213951516106308,82.43190723210876,2.7040
1787413480.8820055,-1.783023462405496,-0.06327475692236134,-8.300724659609104,0.1221681350052204,-1.9042079668093308,83.53057094088228,2.6493,91.831,0.07921536006995004,-2.0213951516106308,82.43190723210876,2.7023
1787413480.9523187,-1.7821837283827004,-0.06432604283685445,-8.232388113062916,0.11529512943786717,-1.9048139399294326,83.56033223125159,2.6434,91.793,0.07921536006995004,-2.0213951516106308,82.43190723210876,2.7009
1787413481.0205643,-1.781402658730805,-0.06557188494106206,-8.05790277975062,0.11529512943786717,-1.9048139399294326,83.56033223125159,2.6420,91.618,0.07921536006995004,-2.0213951516106308,82.43190723210876,2.6995
1787413481.1576684,-1.779961093988806,-0.06754825086307766,-7.7106660873786605,0.10169226875006374,-1.9060302242687857,83.61790648073602,2.6307,91.329,0.07921536006995004,-2.0213951516106308,82.43190723210876,2.6970
1787413481.2276316,-1.7791013287030157,-0.0680305524642151,-7.687379922991162,0.09465994588658692,-1.9066709620254323,83.64702051466541,2.6252,91.334,0.1867117532844301,-1.8005345333050362,83.6381986387253,2.6203
1787413481.368768,-1.777285281407258,-0.0683560021643842,-7.881606328965335,0.18543141372785965,-1.8080226907148595,83.61261789729684,2.6227,91.494,0.17189589271168795,-1.7804856650984564,83.1926869812522,2.5944
1787413481.4399328,-1.7764880871410857,-0.06858759398822813,-8.158969504965576,0.17851255628906904,-1.7902079821910881,83.35573267624879,2.6050,91.515,0.17189589271168795,-1.7804856650984564,83.1926869812522,2.5936
1787413481.5097568,-1.7756219021509012,-0.06910566420588615,-8.15581120702193,0.1339939825919636,-1.8360344960239556,83.25136321818094,2.6017,91.407,0.12476729961851228,-1.9514181165676083,83.35573267624879,2.6748
1787413481.6575696,-1.7737850128476034,-0.07114922931109223,-8.029860321390048,0.12840526753507614,-1.8329419088998156,83.25190456772923,2.5927,91.282,0.12476729961851228,-1.9514181165676083,83.35573267624879,2.6721
1787413481.7258992,-1.7730583874342563,-0.07170159169910306,-8.005780978282328,0.12344932528457234,-1.8302178082144311,83.25237673703786,2.5863,91.258,0.12476729961851228,-1.9514181165676083,83.35573267624879,2.6712
1787413481.8608825,-1.771370758065548,-0.07204569607743691,-7.774976170036489,0.11841711310942069,-1.8274685861641433,83.25284894428462,2.5793,91.028,0.12476729961851228,-1.9514181165676083,83.35573267624879,2.6697
1787413481.931562,-1.7703159358307834,-0.07156650774674068,-7.727061854292419,0.11841711310942069,-1.8274685861641433,83.25284894428462,2.5789,90.980,0.12476729961851228,-1.9514181165676083,83.35573267624879,2.6693
1787413482.0686238,-1.7683732494879858,-0.07033963063883353,-8.014419711960839,0.10812711112732883,-1.8218964843154775,83.25379317563629,2.5669,91.268,0.12476729961851228,-1.9514181165676083,83.35573267624879,2.6688
1787413482.133162,-1.7673844527357654,-0.07013605329308677,-8.028186582175774,0.10812711112732883,-1.8218964843154775,83.25379317563629,2.5664,91.282,0.12476729961851228,-1.9514181165676083,83.35573267624879,2.6682
1787413482.268374,-1.7653745042364766,-0.07046357251792396,-8.0090651880892,0.09753419784487341,-1.8162250736175385,83.25473736528201,2.5531,91.264,0.12476729961851228,-1.9514181165676083,83.35573267624879,2.6666
1787413482.3420994,-1.7644522028548706,-0.07088596865779836,-7.849491728057177,0.09206694270597804,-1.8133218599589975,83.2552144011843,2.5461,91.105,0.12476729961851228,-1.9514181165676083,83.35573267624879,2.6656
1787413482.4766953,-1.7626135229259796,-0.07125194027043025,-7.792474816119934,0.09206694270597804,-1.8133218599589975,83.2552144011843,2.5445,91.048,0.12476729961851228,-1.9514181165676083,83.35573267624879,2.6641
1787413482.5428085,-1.7615431700925828,-0.0710372460629164,-7.7636194818194495,0.08107289973885988,-1.8075297104406503,83.25615391198656,2.5319,91.020,0.12476729961851228,-1.9514181165676083,83.35573267624879,2.6635
1787413482.6801994,-1.7594121957260813,-0.07011473177395432,-7.983993670122548,0.07543398405795443,-1.8045814518924594,83.25662609995028,2.5249,91.241,0.26645918185876505,-1.775960333306024,85.21353083440735,2.6484
1787413482.7422826,-1.7584464588135968,-0.06980145684002899,-8.263912461629317,0.26339197970569034,-1.778948171206516,85.12765501528581,2.6475,93.392,0.26645918185876505,-1.775960333306024,85.21353083440735,2.6479
1787413482.8683434,-1.7566343513848968,-0.07039584514937611,-8.312465537995346,0.2792127341456663,-1.7699420707280953,85.27660420902284,2.6520,93.589,0.26645918185876505,-1.775960333306024,85.21353083440735,2.6461
1787413482.9274688,-1.7557678108126622,-0.07105489734006395,-8.285993740973366,0.288698786674082,-1.764527348255637,85.36452497326619,2.6547,93.651,0.26645918185876505,-1.775960333306024,85.21353083440735,2.6450
1787413483.0626912,-1.754169349519402,-0.07227527762722787,-8.128489468064068,0.288698786674082,-1.764527348255637,85.36452497326619,2.6527,93.493,0.26645918185876505,-1.775960333306024,85.21353083440735,2.6430
1787413483.132445,-1.753259434766305,-0.07253294566800428,-8.093983420341116,0.30800593715235036,-1.753506745634398,85.54030035465814,2.6598,93.634,0.26645918185876505,-1.775960333306024,85.21353083440735,2.6421
1787413483.2689898,-1.7511979876146424,-0.07226897915399598,-8.133180883272175,0.3178240877015079,-1.747881872886594,85.62820936537585,2.6624,93.761,0.26645918185876505,-1.775960333306024,85.21353083440735,2.6407
1787413483.3358474,-1.750254099543989,-0.07198594866537628,-8.345660511004734,0.3277537690910923,-1.7421855447793126,85.71612524484307,2.6660,94.062,0.26645918185876505,-1.775960333306024,85.21353083440735,2.6402
1787413483.461592,-1.7491653309931674,-0.07185442696297745,-8.567284892218916,0.33779400387912106,-1.7364178554237353,85.80404095729435,2.6695,94.371,0.26645918185876505,-1.775960333306024,85.21353083440735,2.6395
1787413483.5268083,-1.74858633757972,-0.07216400204379642,-8.666916467282006,0.33779400387912106,-1.7364178554237353,85.80404095729435,2.6688,94.471,0.26645918185876505,-1.775960333306024,85.21353083440735,2.6388
1787413483.6651742,-1.7476196221350806,-0.07318283694766164,-8.548721618867212,0.3582117251489852,-1.7246842727878497,85.97984907116958,2.6762,94.529,0.24861970903889613,-2.018425971374079,85.97984907116958,2.7873
1787413483.7312598,-1.7469350379427957,-0.07346639272223199,-8.535519932348308,0.3344021701937881,-1.96932858698461,85.46444870406108,2.8154,94.000,0.24861970903889613,-2.018425971374079,85.97984907116958,2.7866
1787413483.866883,-1.7452747272915146,-0.07328807111797617,-8.529868981028145,0.1798507462159205,-1.9189832006033458,82.86534378810524,2.6670,91.395,0.17077676366873076,-1.8910050085746388,82.70337501277588,2.6411
1787413483.936553,-1.7444104586664437,-0.07288162772773908,-8.655416680274437,0.14649626591614096,-1.9673634784989111,82.52141092220232,2.6767,91.177,0.1396417083503957,-2.0325130790766512,82.86534378810524,2.7184
1787413484.0749588,-1.742810733823542,-0.07242076109819422,-8.926226134737313,0.13662937632593747,-1.9796830877170413,82.44063377472195,2.6777,91.367,0.1396417083503957,-2.0325130790766512,82.86534378810524,2.7176
1787413484.1429229,-1.7419657925128456,-0.07261038838298176,-8.936647612186261,0.12721407520151423,-1.9913948734284688,82.36486274528956,2.6787,91.302,0.1396417083503957,-2.0325130790766512,82.86534378810524,2.7169
1787413484.2752771,-1.740350361295354,-0.07360013833319724,-8.743209431390856,0.12721407520151423,-1.9913948734284688,82.36486274528956,2.6769,91.108,0.1396417083503957,-2.0325130790766512,82.86534378810524,2.7151
1787413484.3440242,-1.7401246964509733,-0.07387646562617828,-8.726859860092778,0.10793635615846757,-2.015281033863192,82.2133329532523,2.6804,90.940,0.1396417083503957,-2.0325130790766512,82.86534378810524,2.7147
1787413484.4740674,-1.7393823555019559,-0.07367121573869705,-8.642233871108349,0.23176285319997467,-1.7951859953868494,83.3297221902008,2.6171,91.972,0.34156932178910115,-1.7904942859517925,84.48889276026215,2.6977
1787413484.5461683,-1.7389063466445183,-0.0732394974315635,-8.653661984943469,0.3027406863064056,-1.7815070114870357,83.82905880150264,2.6620,92.483,0.34156932178910115,-1.7904942859517925,84.48889276026215,2.6977
1787413484.6178892,-1.7385015722413057,-0.07266207294345682,-8.822408815635773,0.31838810401121054,-1.7436657379904634,83.89828950951679,2.6501,92.721,0.29053770615695446,-1.6875502508238056,82.83109908546274,2.5932
1787413484.7534783,-1.7375161455374568,-0.07244076747336863,-9.09013720388158,0.3118919017852785,-1.7153213395418756,83.30486843965008,2.6266,92.395,0.3160734714193743,-1.702269352964008,83.41019764936082,2.6217
1787413484.8196185,-1.7368037586116245,-0.07298390841555967,-9.003886791514857,0.30866829756202474,-1.6621589635818534,83.73272600807614,2.5903,92.737,0.2972453488959444,-1.625958381048145,83.61973028046383,2.5591
1787413484.954211,-1.7355427366718725,-0.07455071666208668,-8.525369126764131,0.3181738918570491,-1.6399923389104214,83.74953029348933,2.5823,92.275,0.19877562521913517,-1.667948484469678,82.63593544656214,2.5061
1787413485.0283036,-1.7348961159935061,-0.0751356047973828,-8.503491497285518,0.22502301364578126,-1.6547373011046025,83.31256351948605,2.5172,91.816,0.19877562521913517,-1.667948484469678,82.63593544656214,2.5052
1787413485.1672244,-1.7332612012728503,-0.07542486757728412,-8.466725721317268,0.21863239892999597,-1.6216874142754807,83.29353518385022,2.4901,91.760,0.19485622303106112,-1.702787347638285,82.53892483936191,2.5231
1787413485.23903,-1.732412210575547,-0.07526978547128377,-8.572083039117745,0.1406964442610859,-1.7521634200436198,82.85612746115281,2.5141,91.428,0.1468323499391388,-1.910127913646311,83.37266565560903,2.6265
1787413485.3782816,-1.7308519633557407,-0.07532443745562722,-8.83036116010358,0.1304292411598352,-1.7965506717360942,82.99431323833852,2.5352,91.825,0.13256879910340358,-1.9057233887499962,82.85612746115281,2.6120
1787413485.4470034,-1.7300218637748321,-0.07576195829474437,-8.832953498970584,0.11015738969993641,-1.8030845418109058,82.96254679779877,2.5239,91.796,0.13256879910340358,-1.9057233887499962,82.85612746115281,2.6111
1787413485.577791,-1.7284588620258559,-0.07720308358254568,-8.599085382604503,0.09504910246850419,-1.8079751718673474,82.93927861030883,2.5141,91.538,0.13256879910340358,-1.9057233887499962,82.85612746115281,2.6090
1787413485.646995,-1.7271062578342762,-0.07783933445799288,-8.571682283499724,0.09504910246850419,-1.8079751718673474,82.93927861030883,2.5127,91.511,0.13256879910340358,-1.9057233887499962,82.85612746115281,2.6076
1787413485.719913,-1.7256521756041605,-0.07821804621996112,-8.512084293853388,0.22247998134737865,-1.6368628430706975,82.18507795840806,2.4949,90.697,0.22598948979485775,-1.619629545781321,82.26998523953655,2.4869
1787413485.8544812,-1.7224856015341168,-0.07818561102993768,-8.481776172644457,0.22521708275864316,-1.6219353813408135,82.11894183535487,2.4853,90.601,0.11327494342088201,-1.983800799711562,82.11894183535487,2.6460
1787413485.9177642,-1.7209704762194258,-0.07798100719655082,-8.651340432014642,0.20954556736113897,-1.7400236225493015,82.37597328661882,2.5474,91.027,0.13037741709550643,-2.0278620831447465,82.37597328661882,2.6888
1787413486.0532408,-1.7190454331461424,-0.0784490236846754,-8.675737936519191,0.18881998779499157,-1.8457284468917103,82.48770340163959,2.6006,91.163,0.1317951522939212,-2.0272693598605973,82.48770340163959,2.6877
1787413486.1211605,-1.7180479304742169,-0.07909300601798053,-8.679304547597336,0.16555631297521783,-1.9594651755047887,82.53937280227605,2.6615,91.219,0.13680552952475528,-2.02415741844279,82.53937280227605,2.6877
1787413486.2516067,-1.7162504520727853,-0.0807977997003387,-8.356482958616327,0.15806829353713112,-1.9908861604587642,82.52622698128805,2.6761,90.883,0.1351170706783331,-2.023936310599867,82.53937280227605,2.6839
1787413486.3187275,-1.7157758284389244,-0.08125945092262224,-8.342385283849564,0.14282240185717565,-2.037102259104234,82.46765037816161,2.6981,90.810,0.1284490857911161,-2.04071599544585,82.46765037816162,2.6908
1787413486.451862,-1.7145408946346994,-0.08128364560921235,-8.289027872679329,0.13622524171810066,-2.051183791062042,82.42835481327157,2.7029,90.717,0.1284490857911161,-2.04071599544585,82.46765037816162,2.6900
1787413486.581813,-1.7133309905158718,-0.08054719769271174,-8.55813921679084,0.12437867859801598,-2.0594559676469317,82.31893475478815,2.7006,90.877,0.09898619361480533,-2.010452012462282,81.76706774656374,2.6475
1787413486.6511889,-1.7131829497373943,-0.08033717579266576,-8.672661778838451,0.10430110923683214,-2.051883045569726,81.83870031067953,2.6815,90.511,0.1043973986007632,-1.984449645118111,81.83870031067953,2.6323
1787413486.7693756,-1.712835079404713,-0.08071403141413235,-8.885018101172303,0.10352636457573648,-2.0383017982958282,81.88138364154871,2.6705,90.766,0.10787092325336287,-1.9210602924292575,81.88138364154871,2.5888
1787413486.8330972,-1.712693056437925,-0.08115860009448779,-8.906261368663708,0.0996484204966118,-1.9698345053565467,81.8079381496771,2.6176,90.714,0.1095438334180733,-1.9060056408740969,81.88138364154871,2.5789
1787413486.9692805,-1.7119738944942384,-0.08054995381434109,-8.776547256168053,0.09069911865640398,-1.9785380203011727,81.74122817656956,2.6176,90.518,0.08395076390195653,-1.9102456366335157,81.03620212142145,2.5638
1787413487.039843,-1.711442322846649,-0.07991366121251517,-8.653220238498564,0.08333178821925001,-1.9334907287656096,81.03140768100081,2.5801,89.685,0.10633136322462282,-1.9034465294221357,81.74122817656956,2.5748
1787413487.1771688,-1.7098095433127236,-0.07767696655517078,-8.741262501161918,0.12215544908697104,-1.9086622638732704,82.51421354601061,2.5901,91.255,0.12450337003549083,-1.8948291197825609,82.51421354601061,2.5820
1787413487.239701,-1.7091078624268843,-0.07651910796196111,-8.988402241419132,0.12341134270776483,-1.9040719519826288,82.53261316839284,2.5881,91.521,0.12601289429553997,-1.8829670390626794,82.53261316839284,2.5751
1787413487.3188224,-1.708319023362323,-0.07591747018835723,-9.012165950329,0.12320850394943417,-1.8954800001284136,82.52497864159209,2.5817,91.537,0.13424967137777583,-1.8811347403138097,82.52497864159209,2.5795
1787413487.4597871,-1.7067089729639002,-0.0756030993033333,-9.010767657661779,0.12532719898117795,-1.8871671494178566,82.53183416753406,2.5765,91.543,0.13424967137777583,-1.8811347403138097,82.52497864159209,2.5786
1787413487.5265074,-1.705997492349386,-0.0756950395871332,-8.848671609098666,0.12384822836713433,-1.8820587537254567,82.53976555719875,2.5712,91.388,0.13424967137777583,-1.8811347403138097,82.52497864159209,2.5780
1787413487.6656387,-1.7044437713624914,-0.07536938822999188,-8.576756952682933,0.12283977495977497,-1.8784786779556937,82.54520446593068,2.5671,91.122,0.13424967137777583,-1.8811347403138097,82.52497864159209,2.5771
1787413487.7401726,-1.7033705281671288,-0.07477061981519843,-8.647817490462673,0.12283977495977497,-1.8784786779556937,82.54520446593068,2.5668,91.193,0.13424967137777583,-1.8811347403138097,82.52497864159209,2.5768
1787413487.8756244,-1.7010554145775372,-0.07357537784436974,-8.914866422052674,0.1208376705609337,-1.8711315104103963,82.55608064833991,2.5594,91.471,0.13424967137777583,-1.8811347403138097,82.52497864159209,2.5760
1787413487.943826,-1.6998801003841146,-0.07345692344816893,-9.091310970578462,0.11984336062180231,-1.867363474061189,82.56151946113847,2.5553,91.653,0.10335092597575636,-1.8389614703166048,81.74084144880979,2.5236
1787413488.0150263,-1.6986895306730063,-0.07360353443119784,-9.271446139301583,0.09683159962831707,-1.8702681498553637,81.17304785173101,2.5401,90.444,0.12011367214267216,-1.8851269647763653,81.8229856900157,2.5670
1787413488.1631806,-1.696548397224364,-0.075339812069355,-9.106362359210825,0.10843418499217676,-1.8727764908015314,81.606214152029,2.5473,90.713,0.11309982743735361,-1.9622845726824696,81.40701219850905,2.6145
1787413488.2338438,-1.6955909785210268,-0.076183258195081,-8.819695179232465,0.11185543617398575,-1.922849651702809,81.41156268652607,2.5840,90.231,0.10364074684254246,-1.9872932772949565,81.41156268652607,2.6248
1787413488.3677406,-1.6934647909739307,-0.07665399906095928,-8.776069482116103,0.10876934399522209,-1.9449580115520313,81.36710621742903,2.5959,90.143,0.10279292325332383,-2.0040336588015597,81.36710621742903,2.6346
1787413488.4282303,-1.692298924874964,-0.07653114053579539,-8.804402282594658,0.10366722781087663,-1.9791824468578794,81.29111865604705,2.6164,90.096,0.199612045134662,-1.982520253384067,84.14312527136511,2.6855
1787413488.5595524,-1.690202815495604,-0.07620324715875466,-8.97426754436282,0.16005295088128618,-1.9615384645463039,83.36126232795128,2.6416,92.336,0.17119269768207093,-1.9826166780746586,83.36126232795128,2.6644
1787413488.6281621,-1.689192511613744,-0.07636141706853632,-9.013008029780151,0.172872011100566,-1.9757473888314152,83.53313804396471,2.6599,92.546,0.17687714598361493,-1.9788013075229745,83.53313804396471,2.6649
1787413488.7597013,-1.6871601138554115,-0.07745574097816488,-9.014087790071267,0.17638286312835505,-1.9791659254747782,83.57546169203157,2.6626,92.590,0.18303937687076005,-1.9759465473144109,83.57546169203157,2.6649
1787413488.8198879,-1.6862415178459138,-0.07820089875615646,-8.860306520528335,0.18506743667072484,-1.9879185708378797,83.68442590707878,2.6737,92.545,0.18190420032472557,-1.9921858313752552,83.57546169203157,2.6746
1787413488.9490294,-1.6843875351929618,-0.07898725594480975,-8.587944609874619,0.19322294380280414,-1.9962305606308275,83.78194846802319,2.6835,92.370,0.18190420032472557,-1.9921858313752552,83.57546169203157,2.6727
1787413489.017453,-1.6833158205804564,-0.07884837041995615,-8.536632096790735,0.20024948837301748,-2.003334759234941,83.86442111725091,2.6929,92.401,0.18190420032472557,-1.9921858313752552,83.57546169203157,2.6721
1787413489.149884,-1.6811494906683258,-0.07804064385265712,-8.704226368269623,0.20024948837301748,-2.003334759234941,83.86442111725091,2.6919,92.569,0.18190420032472557,-1.9921858313752552,83.57546169203157,2.6711
1787413489.2806275,-1.6800814590107238,-0.07784566109322257,-8.743797600413854,0.21462062197234083,-2.0177346051358005,84.02907065375584,2.7117,92.773,0.18909343176683918,-2.016498910487934,84.02907065375584,2.6930
1787413489.3486145,-1.67952867187635,-0.07820446964749762,-8.82504520873467,0.21089412593801143,-2.016673467273616,84.05443243591756,2.7076,92.879,0.19190532668257457,-1.9998400354908328,84.05443243591756,2.6823
1787413489.47749,-1.6785674641799986,-0.07945627487191954,-8.70620647582458,0.2092582836301785,-2.000681924414682,84.18037296426724,2.6935,92.887,0.1983890201235042,-1.9765922876366755,84.18037296426724,2.6687
1787413489.5432749,-1.6785948674237123,-0.07967818105397988,-8.692952742590707,0.21058324583127438,-1.988983164321684,84.308704884591,2.6860,93.002,0.1975594042304343,-1.9765078990936262,84.18037296426724,2.6679
1787413489.675584,-1.6783206697631292,-0.07933986110012015,-8.60348668084445,0.21155277942733952,-1.9812167761158155,84.37948823691906,2.6812,92.983,0.1458862137812085,-1.894325578772525,82.79729347282057,2.5733
1787413489.7453344,-1.6780879801428061,-0.07879474626276022,-8.627871364279352,0.16481898983694881,-1.9475634467227214,83.17336058832615,2.6246,91.801,0.13122977949060027,-1.8657897295310748,82.60092981161655,2.5430
1787413489.882367,-1.677496253474161,-0.07795228499311181,-8.8054883061412,0.13475383499959231,-1.8813169669063758,82.60928348870682,2.5566,91.415,0.13683099030403517,-1.8779579766632266,82.60928348870682,2.5557
1787413489.9490614,-1.6770356748221718,-0.07801289400735101,-8.831084760711436,0.1356732707051264,-1.8759019776985648,82.62618649974715,2.5531,91.457,0.1512972809557296,-1.8690271652367985,83.14827158717421,2.5594
1787413490.019551,-1.676551958764508,-0.07831109302315774,-8.836529801118884,0.13809523303800605,-1.8494596102949705,82.91991206484137,2.5357,91.756,0.1348204411186764,-1.8371563003708422,82.62618649974715,2.5248
1787413490.1492865,-1.6757955231189483,-0.07926685425762836,-8.49876428849194,0.13580886400953374,-1.8341111621828117,82.93440025639828,2.5222,91.433,0.1348204411186764,-1.8371563003708422,82.62618649974715,2.5236
1787413490.2180474,-1.674782484426315,-0.07954632751910445,-8.479767680411591,0.1349516988909876,-1.8206164241809963,82.9350561838655,2.5113,91.415,0.13529711409648032,-1.8324125452386641,82.9350561838655,2.5197
1787413490.3543866,-1.6723894018331744,-0.07922749558389011,-8.520820052335912,0.134380032890984,-1.8195797966886365,82.9584890830912,2.5086,91.479,0.13529711409648032,-1.8324125452386641,82.9350561838655,2.5182
1787413490.4250324,-1.6711404648029642,-0.07875732895598135,-8.69300084246278,0.13182789555943353,-1.8014984522425725,82.97616014702453,2.4937,91.669,0.13529711409648032,-1.8324125452386641,82.9350561838655,2.5176
1787413490.5675516,-1.6689698352433107,-0.07834233543099972,-9.021592199321205,0.13182789555943353,-1.8014984522425725,82.97616014702453,2.4924,91.998,0.10735469708683412,-1.793694067582581,81.66460149287349,2.4694
1787413490.6400764,-1.6679314824553875,-0.07862560188274274,-9.027177939252734,0.10924656679048722,-1.7927122719763162,81.69595065536406,2.4691,90.723,0.10735469708683412,-1.793694067582581,81.66460149287349,2.4684
1787413490.713307,-1.6669024629508877,-0.07915671838998135,-8.969676793808967,0.11849659160043903,-1.811061325838524,82.12155244252136,2.4874,91.091,0.13880403257346974,-1.8542609254642615,82.60376557933972,2.5321
1787413490.8573446,-1.6650772057252932,-0.08022344558970863,-8.74977805323378,0.12531225568838686,-1.8244813856436466,82.28323308694955,2.4996,91.033,0.12686118603442464,-1.864159192436327,82.28323308694955,2.5285
1787413490.9282956,-1.6640822437945975,-0.08042237291170558,-8.725900560932505,0.15438136174627728,-1.768833474884404,82.26982978198836,2.4814,90.996,0.1610582839965458,-1.7392796722581867,82.40451773056576,2.4664
1787413491.0620687,-1.6618791261475152,-0.08006486921470751,-8.842412513715953,0.1324158602714532,-1.7910939026745076,82.15608558511585,2.4793,90.998,0.12570252469599924,-1.878735565077441,82.26982978198836,2.5359
1787413491.129862,-1.6608833445404598,-0.07982790696020249,-9.092152509289638,0.16453209757551918,-1.748852223201625,82.46250779983889,2.4734,91.555,0.17408966754044858,-1.741582662328798,82.68587511313112,2.4756
1787413491.265633,-1.6589556791637121,-0.08013705898747932,-9.11043797781377,0.15113454436698687,-1.790442553920376,82.78196543731568,2.4903,91.892,0.15844088917036558,-1.8894656616877745,82.94592361100798,2.5645
1787413491.3306088,-1.657977401039739,-0.08068695577421008,-9.075918277620778,0.1483927227674365,-1.8460969126836286,82.68592573586153,2.5258,91.762,0.14857237113195138,-1.876014033670682,82.68592573586155,2.5469
1787413491.4693332,-1.6562453792975351,-0.08195462159340094,-8.651962812412885,0.14848330651497488,-1.855932902174245,82.71596154479597,2.5306,91.368,0.166943951243981,-1.728496571070951,82.2627528324062,2.4566
1787413491.5342546,-1.655330979955392,-0.08219696031106559,-8.643711754082767,0.17860928721783814,-1.7549177243013279,82.87797879867472,2.4822,91.522,0.18185879981151645,-1.7445809441161584,82.97081179949494,2.4777
1787413491.6716828,-1.65324408523585,-0.08193322551292281,-8.688129945358435,0.17387950320005055,-1.747780250458989,82.68767726130866,2.4725,91.376,0.16492524573007755,-1.758240033450411,82.31821862997991,2.4730
1787413491.7491505,-1.652223425458082,-0.08155307175913559,-8.87174996580562,0.16982487821572745,-1.7492989562642276,82.4644430554273,2.4701,91.336,0.16492524573007755,-1.758240033450411,82.31821862997991,2.4725
1787413491.8232822,-1.6512820333237137,-0.08133153495608039,-8.891257222468315,0.175212794967386,-1.7338660951530402,82.4566556462342,2.4631,91.348,0.16492524573007755,-1.758240033450411,82.31821862997991,2.4720
1787413491.9511461,-1.6493333059722137,-0.0817178043493271,-8.937571971512547,0.175212794967386,-1.7338660951530402,82.4566556462342,2.4614,91.394,0.0988961292253272,-1.9045006929953345,81.27589968956059,2.5256
1787413492.0208228,-1.648387694110221,-0.08222191610605038,-8.869894345051096,0.10912944654195879,-1.8521566325357397,81.54825916875436,2.4943,90.418,0.09136903145859829,-1.9071997504472948,81.04693020637644,2.5214
1787413492.1671655,-1.6466585298265823,-0.08305837628633535,-8.638606948443009,0.0986572327637475,-1.87421153274232,81.22737159224711,2.5009,89.866,0.10887446226443007,-1.9224795188728971,81.69205502783956,2.5427
1787413492.2344286,-1.645659294535626,-0.0830745690554138,-8.62210167222804,0.13124998671837676,-1.8685097921021745,82.6176430895139,2.5190,91.240,0.14733977797388295,-1.851019531640537,82.88120557869874,2.5180
1787413492.367594,-1.6435095350998823,-0.08244692456831786,-8.787879398960285,0.1522093246716807,-1.880643346563699,83.16547447740984,2.5413,91.953,0.1823324181565819,-1.916548226924801,83.80897179067064,2.5880
1787413492.4388692,-1.6425491659067553,-0.08213155154899301,-9.057020205135833,0.1614431235131913,-1.8927604574573893,83.29187119707296,2.5559,92.349,0.1637331071140735,-1.8984165007614142,83.16547447740984,2.5616
1787413492.566261,-1.6406500096750936,-0.08240818768111274,-9.071294820294904,0.177091298222554,-1.8139179551699294,82.01428199916647,2.5104,91.086,0.1797363159207026,-1.7556520268550588,82.19689105130242,2.4726
1787413492.6325724,-1.639755567275492,-0.08295651383193509,-9.048111186394893,0.1436425652575397,-1.8444975419010385,81.6868296003836,2.5067,90.735,0.13428497479789103,-1.9025469813147693,82.01428199916647,2.5413
1787413492.765877,-1.6382032379841813,-0.08425785816997308,-8.616940054662528,0.16187336398888968,-1.7884583668272658,81.7242966700189,2.4788,90.341,0.18020026720055513,-1.7632206883485102,82.3848602015812,2.4750
1787413492.8338838,-1.6373298729955208,-0.08451109492447927,-8.608757440546794,0.17337212591777634,-1.7734225755769772,82.1813571351903,2.4761,90.790,0.18020026720055513,-1.7632206883485102,82.3848602015812,2.4742
1787413492.9706707,-1.6352890536597835,-0.0841896797751691,-8.63758398624722,0.18050586633201302,-1.7612783128095282,82.17316752666362,2.4718,90.811,0.20336979980845013,-1.7583501225327183,83.35660613857412,2.4867
1787413493.0383399,-1.6343162236532682,-0.0838089266738282,-8.82904497631973,0.2047903384182713,-1.7487200011221924,83.42215945602393,2.4808,92.251,0.2076301836538056,-1.748969273030547,83.49511462699961,2.4830
1787413493.1821551,-1.6324724405712192,-0.08364485219167972,-8.885889993501078,0.21188556636560438,-1.7399945232988638,83.50092025349079,2.4789,92.387,0.2076301836538056,-1.748969273030547,83.49511462699961,2.4818
1787413493.2514856,-1.6315151053593258,-0.0839859587500857,-8.909019791655036,0.21874150433642903,-1.7315564130248862,83.57609925171532,2.4775,92.485,0.2076301836538056,-1.748969273030547,83.49511462699961,2.4809
1787413493.3183398,-1.6306095780523313,-0.08453595022813337,-8.835655876941527,0.21874150433642903,-1.7315564130248862,83.57609925171532,2.4764,92.412,0.2076301836538056,-1.748969273030547,83.49511462699961,2.4798
1787413493.451101,-1.6293125477620125,-0.08542531568387514,-8.518604741324687,0.23235876483535556,-1.7147983155392696,83.72273796681732,2.4740,92.241,0.2076301836538056,-1.748969273030547,83.49511462699961,2.4783
1787413493.5174813,-1.6287324340465565,-0.0855127536828924,-8.408300791380242,0.23235876483535556,-1.7147983155392696,83.72273796681732,2.4735,92.131,0.2076301836538056,-1.748969273030547,83.49511462699961,2.4778
1787413493.6494045,-1.6273848074902546,-0.08501837478329469,-8.339254878423407,0.24628082870549692,-1.6976359143950168,83.86934311657674,2.4721,92.209,0.2076301836538056,-1.748969273030547,83.49511462699961,2.4771
1787413493.7825375,-1.627246820940124,-0.08555524941833628,-8.202130845413896,0.24628082870549692,-1.6976359143950168,83.86934311657674,2.4716,92.071,0.2076301836538056,-1.748969273030547,83.49511462699961,2.4766
1787413493.8524854,-1.627183428802139,-0.0862482755646296,-8.187940880247808,0.2605848510435981,-1.6799699449613044,84.01672252542426,2.4706,92.205,0.2076301836538056,-1.748969273030547,83.49511462699961,2.4761
1787413493.922134,-1.6269435355183017,-0.08731205024229861,-8.08842726686845,0.2605848510435981,-1.6799699449613044,84.01672252542426,2.4697,92.105,0.12959726030082508,-1.612390374184777,82.03198738637627,2.3262
1787413494.0599205,-1.6261440756943928,-0.08905716367122508,-7.691754455304787,0.13403609640923558,-1.6175842117979762,82.15146890908376,2.3312,89.843,0.12959726030082508,-1.612390374184777,82.03198738637627,2.3245
1787413494.135908,-1.6254171757804625,-0.08931862284683906,-7.475730972015931,0.1274675895073494,-1.5962860234057146,82.11141125687726,2.3116,89.587,0.14878526777462636,-1.6316173171128363,82.84733469429032,2.3508
1787413494.2147145,-1.6245981230361104,-0.08931164710280047,-7.263819570391432,0.1507603155017518,-1.620042336907971,83.24908093432931,2.3441,90.513,0.18729276272481035,-1.7068266050544318,84.42542577047767,2.4288
1787413494.3526924,-1.6229768667765208,-0.08833775016477606,-7.038793859435972,0.163080386784276,-1.6552707814977803,83.82637232155055,2.3760,90.865,0.18729276272481035,-1.7068266050544318,84.42542577047767,2.4283
1787413494.421108,-1.6221650464241166,-0.0882416297319541,-7.053434447091647,0.1634908136304412,-1.6480454113253675,83.95815205457363,2.3710,91.012,0.18729276272481035,-1.7068266050544318,84.42542577047767,2.4277
1787413494.5604527,-1.6204546048699846,-0.0889076165914201,-7.074340969065875,0.16373355439015952,-1.6434639242255003,84.04107668184533,2.3664,91.115,0.1424872279284814,-1.6336143501269405,83.55084743085901,2.3439
1787413494.6282094,-1.6196414531638956,-0.08953725172869673,-6.972247941762926,0.1456292113306295,-1.6357797206257039,83.63158780219494,2.3467,90.604,0.1424872279284814,-1.6336143501269405,83.55084743085901,2.3429
1787413494.7647247,-1.6187592947350828,-0.08957765111114081,-6.89698534736498,0.14424316225875203,-1.629222202820702,83.52854312064267,2.3407,90.426,0.15683904925243314,-1.6362532809838242,83.8223271740959,2.3548
1787413494.8360763,-1.6181881999883414,-0.08918936701779026,-6.834520005794867,0.15835533941109015,-1.6363166470816808,84.02530790596208,2.3558,90.860,0.16411286739277584,-1.6456691228563414,84.16054983721155,2.3663
1787413494.9757392,-1.6171540654791658,-0.08714725813032807,-7.018653388492112,0.1594052745447951,-1.6371225172689392,84.123227355378,2.3577,91.142,0.145585223389018,-1.6332299067230107,83.68109233385921,2.3447
1787413495.0469851,-1.6171688165394542,-0.08627692650123785,-7.243256404624492,0.1508182631871297,-1.63407142839923,83.8236548149827,2.3498,91.067,0.145585223389018,-1.6332299067230107,83.68109233385921,2.3453
1787413495.1188471,-1.6171537397213236,-0.08568954771673445,-7.49156770203357,0.1494987686360763,-1.6292623169250964,83.90115163059252,2.3460,91.393,0.145585223389018,-1.6332299067230107,83.68109233385921,2.3457
1787413495.2554257,-1.6170996480070141,-0.08527911946450514,-7.89757577441604,0.14860138444666124,-1.626084460852864,83.95227216260466,2.3435,91.850,0.145585223389018,-1.6332299067230107,83.68109233385921,2.3459
1787413495.3240168,-1.6171921213268667,-0.08523460511065692,-7.914272313783321,0.14860138444666124,-1.626084460852864,83.95227216260466,2.3436,91.867,0.145585223389018,-1.6332299067230107,83.68109233385921,2.3460
1787413495.463238,-1.6165591511108441,-0.08459551591495988,-7.8919646877572545,0.1467480237308689,-1.6197184612131545,84.05444771966397,2.3379,91.946,0.48123536346754175,-1.9841176186643308,90.74852568451558,2.8300
1787413495.5309675,-1.6160288086284642,-0.08380887601386523,-7.96632372558357,0.45588657538492766,-1.9472228221700525,90.41618061427847,2.7866,98.383,0.48123536346754175,-1.9841176186643308,90.74852568451558,2.8301
1787413495.6703663,-1.6148601386378194,-0.08247094660593361,-8.328072652295551,0.5118121739141667,-1.9903480536632483,91.06393074912175,2.8570,99.392,0.48123536346754175,-1.9841176186643308,90.74852568451558,2.8302
1787413495.740859,-1.6141996492575275,-0.08235250520160846,-8.540539842224945,0.5491393834664412,-2.0185099267153896,91.48524197199282,2.9032,100.026,0.48123536346754175,-1.9841176186643308,90.74852568451558,2.8298
1787413495.8130503,-1.6135246207165803,-0.08251579833808506,-8.751899975908715,0.5491393834664412,-2.0185099267153896,91.48524197199282,2.9026,100.237,0.48123536346754175,-1.9841176186643308,90.74852568451558,2.8292
1787413495.9601834,-1.6119084805856774,-0.08421673625233861,-8.857411333854477,0.6257128999548135,-2.075507610070865,92.32776932587427,2.9954,101.185,0.48123536346754175,-1.9841176186643308,90.74852568451558,2.8268
1787413496.0294366,-1.6105098410950573,-0.08484789391722095,-8.755690829615142,0.6651847168205631,-2.1040470342688224,92.74907001293954,3.0424,101.505,0.48123536346754175,-1.9841176186643308,90.74852568451558,2.8254
1787413496.1603296,-1.6073873101021616,-0.08531272630857618,-8.529265717230842,0.6651847168205631,-2.1040470342688224,92.74907001293954,3.0397,101.278,1.8185666448614757,0.11977183430648175,171.93338982977954,3.4321
1787413496.225114,-1.6057551818364428,-0.08522423364310219,-8.5047887100283,1.8185666448614757,0.11977183430648175,171.93338982977951,3.4305,179.562,1.8185666448614757,0.11977183430648175,171.93338982977954,3.4305
1787413496.3648512,-1.6029399027150175,-0.0852429591827449,-8.626468749246154,1.5996241469020356,0.1460916050592909,171.82906319743014,3.2109,179.544,1.6439751398271496,0.1693306064278295,172.50067046516156,3.2569
1787413496.4359884,-1.6016538867152994,-0.08570776175901797,-8.643120289501564,1.6226266609126747,0.158516795015528,172.25998485304467,3.2335,179.097,1.6439751398271496,0.1693306064278295,172.50067046516156,3.2556
1787413496.5811024,-1.5991070635257674,-0.08734900779754425,-8.508786722061709,1.632654820802709,0.17013565374532585,172.5431551711871,3.2420,178.948,1.6417661550354907,0.1767256596599397,172.69760009177466,3.2516
1787413496.6431007,-1.5979558627479051,-0.08817373815795665,-8.237997056720443,1.633134104264283,0.17077504641502247,172.548503833738,3.2414,179.213,1.6417661550354907,0.1767256596599397,172.69760009177466,3.2505
1787413496.7757697,-1.5960997772184364,-0.08873691274529741,-8.219198352914553,1.6334918114804062,0.1712523550904975,172.5524953886231,3.2400,179.228,1.6417661550354907,0.1767256596599397,172.69760009177466,3.2487
1787413496.84228,-1.5950485103182945,-0.08866293230659202,-8.253488771579201,1.6338495007660925,0.17172972034447542,172.55648638855922,3.2394,179.190,1.6417661550354907,0.1767256596599397,172.69760009177466,3.2477
1787413496.9776313,-1.5936373265665067,-0.08832653876430865,-8.427586941281241,1.634210733390557,0.1722118958300668,172.56051656236355,3.2383,179.012,1.6417661550354907,0.1767256596599397,172.69760009177466,3.2462
1787413497.0493684,-1.5932096123693054,-0.08850344223266858,-8.468261072431488,1.6345756001916756,0.17269900523572068,172.56458691290317,3.2383,178.967,1.6417661550354907,0.1767256596599397,172.69760009177466,3.2458
1787413497.182456,-1.5923405697451911,-0.08960502690450593,-8.474992870677779,1.6345756001916756,0.17269900523572068,172.56458691290317,3.2376,178.960,1.6417661550354907,0.1767256596599397,172.69760009177466,3.2451
1787413497.2510884,-1.5919989053560224,-0.09037139720179554,-8.323240588992288,1.6352804945317425,0.17364023514667534,172.57244912360582,3.2381,179.104,1.6417661550354907,0.1767256596599397,172.69760009177466,3.2448
1787413497.32028,-1.592108887059023,-0.09073657532633875,-8.306694931294915,1.6352804945317425,0.17364023514667534,172.57244912360582,3.2382,179.121,1.6417661550354907,0.1767256596599397,172.69760009177466,3.2449
1787413497.4569807,-1.5920124873801125,-0.09066995797074136,-8.254823390670223,1.618008930752595,0.17431335398066347,172.81423311381008,3.2209,178.931,1.595179049645166,0.16656587564905573,172.61850343842488,3.1976
1787413497.5207052,-1.5918959000706667,-0.09031453436735405,-8.319526230885302,1.6043248842006637,0.17000299675611905,172.69741469954192,3.2068,178.983,1.595179049645166,0.16656587564905573,172.61850343842488,3.1974
1787413497.667645,-1.5911671972175732,-0.08988634364984832,-8.878391842718019,1.5631980181151799,0.1430224246433927,171.80936595701792,3.1630,179.312,1.5423672209319874,0.1394641759644278,171.82202202332059,3.1419
1787413497.7379653,-1.590437057157699,-0.0901985456480484,-9.231069350270342,1.5486452858712751,0.1402213895336927,171.8330563061373,3.1475,178.936,1.5383431263804057,0.12888190632470695,171.1842628672955,3.1364
1787413497.8744369,-1.5890233086550685,-0.09148468535340881,-9.762565910357296,1.5336990867874112,0.12899799489188693,170.9273458591721,3.1305,179.310,1.649008433845209,0.07832000599475529,170.09627476984343,3.2425
1787413497.9374058,-1.5884418606184258,-0.09211422529474167,-9.828455819729486,1.5834270325622517,0.09257829906106638,170.27333054343785,3.1772,179.898,1.649008433845209,0.07832000599475529,170.09627476984343,3.2419
1787413498.0773404,-1.5868544379331244,-0.09239764901734662,-9.804483846850088,1.5646860493951265,0.1322183513856854,170.32976231161342,3.1595,179.866,1.5583293735614074,0.13856168085195775,170.438275943274,3.1537
1787413498.1472106,-1.585917825172048,-0.09214825528250571,-9.844298853378739,1.5724789036770803,0.14504817075154483,170.68586104381228,3.1673,179.470,1.5339123804267056,0.13577943230593903,170.3901922689988,3.1281
1787413498.217504,-1.585033190198489,-0.09175646055824406,-10.019354758417583,1.550201022231912,0.13963929052113125,170.47073691649936,3.1438,179.510,1.644900924986381,0.08682296188799275,169.6968369386187,3.2349
1787413498.363165,-1.5828594303974448,-0.09195624250099727,-10.083292013380918,1.5759768475716485,0.10559841520383242,169.87396155653096,3.1650,179.957,1.636338202037375,0.07864130375035627,169.50719334680048,3.2237
1787413498.432107,-1.5817475472081142,-0.09249403590083129,-10.113863683947509,1.6257545878040498,0.07927077374814816,169.39402792269863,3.2121,179.508,1.6515931288148458,0.08202171103162503,169.45795623059993,3.2380
1787413498.5717921,-1.5797181004018683,-0.09396797545222692,-9.858171657119243,1.637156661027232,0.08475602223711812,169.51093262914915,3.2218,179.369,1.6657729668528267,0.09431159122907518,169.79240477667233,3.2509
1787413498.6453364,-1.5791211410095949,-0.09425384164366171,-9.846327557261471,1.6519464012115475,0.0886717428097029,169.70181691935096,3.2362,179.548,1.6881592258744387,0.10007756098039046,170.09849493597594,3.2731
1787413498.721644,-1.5784259542232943,-0.09429255259303115,-9.83179916360511,1.718330569643535,0.10818659165266568,170.48313933949933,3.3030,179.685,1.7511633565631084,0.14726045222453943,171.46546115391357,3.3383
1787413498.8538237,-1.5768403305361802,-0.09358852269252238,-10.024982190493652,1.732505586201607,0.1280812056281465,171.10152212788915,3.3168,178.873,1.7390428931949429,0.0969832193401617,169.7905859499333,3.3214
1787413498.920549,-1.5761633619767503,-0.09327455735560819,-10.303354349845074,1.7378040429315027,0.10872911480316973,169.9980398246751,3.3201,179.699,1.6723929684383363,0.10138495189953924,170.01765589171316,3.2544
1787413499.0576468,-1.5745681406945722,-0.09359590693240306,-10.31753508804934,1.7089520277857422,0.10562198694581373,170.1054271341285,3.2896,179.577,1.6556914338972586,0.08168359710652728,169.22768515630892,3.2350
1787413499.1155236,-1.5737840062169537,-0.0941458969901358,-10.259822339235633,1.6852631497271964,0.08902361618468922,169.3674435420753,3.2642,179.627,1.6556914338972586,0.08168359710652728,169.22768515630892,3.2343
1787413499.2418199,-1.5723932084372976,-0.09528795558200141,-10.073626424645195,1.671072494273804,0.09090647601831238,169.5252000802923,3.2488,179.599,1.6574059211157193,0.09148560143885649,169.5237811684488,3.2352
1787413499.377145,-1.5707306859700103,-0.09558068952059501,-9.976341307597956,1.7050461240100836,0.0952021655232287,169.6287055255513,3.2813,179.605,1.7468045819352036,0.0999297322905077,169.6763840730476,3.3233
1787413499.446602,-1.5697776062993019,-0.09535894064954453,-9.992511265080346,1.712559383685741,0.093199255633715,169.5452305763703,3.2877,179.538,1.7374749529315836,0.14146586528964136,170.9953359821694,3.3157
1787413499.5158875,-1.5688786844008937,-0.09502223008120925,-10.132170094952643,1.6070696460485097,0.13715385444747302,170.07156336975476,3.1844,179.796,1.5361359460100468,0.13505614721850165,170.11002373808395,3.1135
1787413499.6486738,-1.5672117125814164,-0.09504397071449919,-10.396919054423673,1.6239813779781214,0.10905375089146656,169.8177331576993,3.1977,179.785,1.645461388704569,0.09621156642809434,169.66315814478997,3.2184
1787413499.7245202,-1.56634690475583,-0.09549339989237855,-10.391466724593473,1.6641009898748615,0.08753679444921147,169.00852707001533,3.2356,179.400,1.7321565121573403,0.08171034492396259,168.87319598681657,3.3033
1787413499.8620346,-1.5647999457984796,-0.09692708204146873,-10.056532318187834,1.671546342062515,0.08863056609557175,169.33768484814823,3.2417,179.394,1.6659076648476139,0.09689340491466439,169.53979764342037,3.2365
1787413499.9322343,-1.5640267326106787,-0.09741833485582672,-10.039079079980409,1.669178622577251,0.09355581006676242,169.49353951940122,3.2388,179.533,1.6585578497688864,0.10172456021829603,169.9345598671618,3.2287
1787413500.0703206,-1.5621449277918351,-0.09760926305615078,-10.014630834913708,1.6640443256193556,0.09901292573918093,169.8968529916536,3.2322,179.911,1.8267822018012772,0.13005140723966707,170.35150345503868,3.3966
1787413500.137068,-1.5611626012075959,-0.09738976486237545,-10.13023775611916,1.7573412572888443,0.1264529627256947,170.5137942550683,3.3260,179.356,1.8110993267650772,0.14181280714226124,170.80338285418455,3.3807
1787413500.267345,-1.5598059149978496,-0.0972932744944121,-10.39880822051247,1.6957151871751115,0.1109974049288929,169.91159065221976,3.2622,179.690,1.6317338976412321,0.09691067476406039,169.61765131547267,3.1974
1787413500.337516,-1.5593229648525944,-0.0976102293374238,-10.403448983557695,1.7000482311443248,0.11191903642756358,169.87373193419316,3.2661,179.723,1.7181930424534555,0.08196968370478833,168.82824665535745,3.2824
1787413500.481358,-1.558437179604014,-0.09890316171375525,-10.206896789849182,1.6706159036321633,0.091005429918516,169.26336441595404,3.2346,179.470,1.6271862563190085,0.08956406112898596,169.2511287715918,3.1912
1787413500.5505707,-1.5579254165593932,-0.09948236585363164,-10.183173372049447,1.6500220082978538,0.09095233259778325,169.29312785285344,3.2136,179.476,1.6287480256222457,0.09359637817393622,169.5664587061386,3.1925
1787413500.6188788,-1.5573100431984146,-0.09982986264450537,-10.137938573516246,1.6413497870056342,0.0967530108848165,169.6560011242941,3.2047,179.794,1.6307540676597942,0.10115486854330172,169.71483812156856,3.1944
1787413500.7627578,-1.5557988439645563,-0.09974001347637745,-10.136073913782784,1.6349754027169383,0.09989532448872988,169.70166293096437,3.1970,179.838,1.6177972536830945,0.09871326911406096,169.72113083720888,3.1798
1787413500.830555,-1.5551164929148826,-0.09951184653430262,-10.33636185888604,1.6209098785783929,0.09847625310489587,169.66418810448423,3.1822,179.999,1.6198905285379046,0.09781893339554605,169.65289555607797,3.1811
1787413500.9593554,-1.5536633713906913,-0.0997926390309415,-10.60880810573303,1.605249153345401,0.10050201219591151,169.558681277913,3.1653,179.833,1.5979045406545422,0.10050714622936383,169.55300223584857,3.1579
1787413501.0287044,-1.5528340206764892,-0.1003035215156439,-10.591302473120656,1.6049325646239319,0.09159280195104566,168.97534593487114,3.1636,179.567,1.6097708104138195,0.08847328738187676,168.92978023208957,3.1682
1787413501.165236,-1.55138088368883,-0.10173975302230957,-10.227128532164489,1.5987071191129605,0.09053891733101135,169.0733592368928,3.1560,179.300,1.6017454581479855,0.10048879823889342,169.35482973950667,3.1596
1787413501.2328305,-1.5506069092808703,-0.10216296013142839,-10.211651412937703,1.6127146672108117,0.09787462648360405,169.55038040940747,3.1696,179.762,1.6359419028215696,0.10173389319818882,169.62602062615034,3.1931
1787413501.3791387,-1.548742561183352,-0.10224622515057526,-10.207670708965237,1.6396307791804916,0.10293380731194245,169.45980592502616,3.1950,179.667,1.666411485718221,0.11107163446598926,169.80619668756586,3.2222
1787413501.4504395,-1.5477861058498166,-0.10196075923639326,-10.360978805358908,1.6500342538527004,0.10705980518281,169.73867568499918,3.2046,179.900,1.6238761895949343,0.10925392018995733,169.8814544823271,3.1787
1787413501.5183964,-1.5469310318819742,-0.10180349191651095,-10.646424550537532,1.6254418263843986,0.10491682370954358,169.5916027298943,3.1791,179.762,1.611584841494704,0.09827113321479436,169.0301782121556,3.1648
1787413501.6552951,-1.5451717137556336,-0.10237515040108165,-10.61755142564463,1.6190361717005932,0.10176333673084065,169.09693542506957,3.1708,179.714,1.5981067542655538,0.09346256041907426,168.94062589887986,3.1494
1787413501.7247484,-1.544304921855077,-0.10303905140174381,-10.519982432316544,1.6367673924033628,0.09700744301131928,168.99743279011665,3.1874,179.517,1.685273804057716,0.09817396193365709,168.96147570779297,3.2358
1787413501.8677306,-1.542761292605381,-0.10430612173414308,-10.258176201791354,1.6191586124432074,0.0984072068608381,169.22123125107774,3.1684,179.479,1.6029936947619847,0.09760132276188059,169.196135271858,3.1522
1787413501.9388251,-1.541864067679457,-0.10455160844697171,-10.227489395551467,1.6214705185790015,0.11028212434526101,169.79030137041272,3.1706,179.982,1.6380146868657226,0.11434680152020928,169.86261310110837,3.1874
1787413502.0787249,-1.5398314900458114,-0.10431258899559787,-10.316155038970784,1.6272146813368389,0.11554550916028988,169.8097831687828,3.1747,179.874,1.6271985574145367,0.11235079781883545,169.79662887961243,3.1744
1787413502.1522474,-1.5389234858508314,-0.10412128791239125,-10.560882512964634,1.627277613852385,0.11376872420206019,169.81603987782623,3.1737,179.623,1.6365079010909964,0.10514721266010378,169.55162875627695,3.1823
1787413502.2283394,-1.5380128358631018,-0.10417813186926261,-10.571004199152409,1.6207874265620204,0.10445558830456461,169.2360668863493,3.1657,179.807,1.6041831595179228,0.10007204720369774,169.14728298338332,3.1488
1787413502.3611412,-1.5361958528770847,-0.10517329066749471,-10.524334689336586,1.603261146942049,0.0995476524997592,169.1497082090916,3.1461,179.674,1.5870817003014732,0.09610101657423009,169.0831267193308,3.1298
1787413502.435686,-1.5353854183394495,-0.10588471118679879,-10.346179252868792,1.5992028291117097,0.09894747871067917,169.10654448562138,3.1413,179.453,1.5923498795950253,0.09713923847249778,169.18106849812935,3.1343
1787413502.5089257,-1.534608259902475,-0.10643845990522632,-10.05478513820735,1.5952460095255958,0.09766754194557176,169.19069376809517,3.1365,179.245,1.6982469586451219,0.10899661962758563,169.59729087048748,3.2400
1787413502.666125,-1.5325191363364665,-0.10626069712599405,-10.077538914804748,1.640125953388321,0.10324931355582144,169.54115918248326,3.1796,179.619,1.627930728619809,0.11235715812681263,169.94621411777203,3.1680
1787413502.7390378,-1.5314079275084314,-0.10577314388468222,-10.232247349352116,1.6602250173479491,0.11119472938822708,169.67477931641173,3.1990,179.907,1.704233701210875,0.11324311179558641,169.67332733686393,3.2430
1787413502.8769412,-1.529426716750363,-0.10530732435364043,-10.52675829021423,1.6266091055581795,0.10982595933658441,169.69489737523378,3.1634,179.778,1.6741880712431445,0.09722618858640103,168.84243298162352,3.2100
1787413502.945942,-1.528469050141219,-0.10552921120826567,-10.546044320555486,1.6435538631317326,0.10151376211170153,168.94253395365803,3.1788,179.489,1.6754896869798521,0.0913433046831853,168.68644404214047,3.2100
1787413503.0138772,-1.5275280604376753,-0.10599844680845913,-10.502529505621268,1.660521393910727,0.09446821820330135,168.73434632149767,3.1943,179.237,1.6626548003055992,0.09522928350212415,168.74515534247294,3.1965
1787413503.1651204,-1.5258370246234965,-0.10694492759357657,-10.318494186081274,1.6744972397973916,0.09837356559007596,168.96353733608763,3.2069,179.282,1.6153659431745833,0.10547077131244763,169.42909097077847,3.1484
1787413503.2328942,-1.5248699753264474,-0.10703836844347994,-10.283667318720678,1.6448549361285665,0.1045398337282107,169.43570303703373,3.1768,179.719,1.7123433944521105,0.14706226429364025,170.5581612215248,3.2472
1787413503.3668401,-1.5227055924024628,-0.10652096652323001,-10.35937552522578,1.6906524636442197,0.1474759872031149,170.7520363605651,3.2234,178.889,1.701938205086444,0.15700909554224363,170.79798544743664,3.2354
1787413503.4384444,-1.5217175161773717,-0.10616084878524934,-10.587112834780307,1.6982569937284626,0.15520107708139552,170.7672278414805,3.2306,178.646,1.6248013779248924,0.1147256667934148,169.64942650191247,3.1543
1787413503.5114882,-1.521157499394072,-0.10606566698967632,-10.598282141997444,1.6779553078032015,0.14065091425476842,170.24880763615687,3.2086,179.153,1.610251732667274,0.10479921488494283,169.17652941197917,3.1385
1787413503.652227,-1.5200271019498488,-0.10670645399389236,-10.579025318148126,1.6471500340101233,0.11972298434528872,169.42282843452773,3.1753,179.998,1.612385608689211,0.10244165291518155,169.0590967462132,3.1394
1787413503.7198818,-1.5195542630421892,-0.10730184473377412,-10.418551135123371,1.6128739470693876,0.10812065243996653,169.2809022681863,3.1398,179.699,1.5954032615416434,0.10620382469183622,169.24344313704,3.1223
1787413503.854287,-1.5184074171636557,-0.1079422739493224,-10.129159388571434,1.6071308776734512,0.10716111474215587,169.25353230571596,3.1329,179.383,1.6225097667819055,0.11603656134207674,169.80836606220595,3.1489
1787413503.9241571,-1.5175147871357024,-0.10777198301720765,-10.16951696260313,1.6136479342686383,0.11829166902314503,169.9156495173832,3.1393,179.915,1.6161238988626572,0.12080044558072767,169.95381684674285,3.1420
1787413504.0547054,-1.5156849032279966,-0.10688189120536998,-10.531175236904097,1.6095162393055837,0.1190130845724918,169.93864401618117,3.1334,179.530,1.61148793009161,0.11271622120551904,169.63275385994055,3.1349
1787413504.1289606,-1.514850022452011,-0.10657334505283983,-10.553414241521834,1.5932113881995535,0.10647781120990243,169.29308410195299,3.1154,179.846,1.5784800791442626,0.10154717526729018,169.20903776929458,3.1003
1787413504.27277,-1.513137842304012,-0.10684035901674235,-10.615064801899317,1.5893103519570537,0.10365771128051288,169.23880719790094,3.1096,179.854,1.5842394769424466,0.09542220010060594,168.88026970537376,3.1040
1787413504.3418808,-1.5123310682374833,-0.10730299282408023,-10.544997621733575,1.5866202899510475,0.09900804988861624,168.94224107288423,3.1058,179.487,1.5884125638941833,0.10429986148023583,169.16845111026228,3.1080
1787413504.4129732,-1.5116256865301785,-0.1077513297453502,-10.323542255712123,1.5830126862089517,0.10081363253890903,169.1172681193082,3.1017,179.441,1.5781757338111648,0.10686905973580574,169.4806893248764,3.0972
1787413504.5599456,-1.5097824449461243,-0.10758977535594694,-10.050769453509202,1.579061338567126,0.10405232074454346,169.4330440430115,3.0961,179.484,1.468976578424045,0.11898905253592545,169.8048266571949,2.9874
1787413504.6293385,-1.5086253465796005,-0.10697502476560151,-10.116456305795372,1.5477720258189105,0.11129551019497651,169.8074906805739,3.0642,179.924,1.6140622303977632,0.11437673859018761,169.90617660346993,3.1305
1787413504.773169,-1.5065593936594686,-0.10566973697924062,-10.344558148877704,1.5718023390834015,0.11108070199480546,169.8069663261982,3.0860,179.848,1.6615314871111135,0.10777704597311336,169.30576306625684,3.1753
1787413504.8440433,-1.5055847093882666,-0.10540992812231906,-10.388989372898358,1.5993747610522715,0.10781825594594897,169.35308138795912,3.1123,179.742,1.5785261619828874,0.10071990803602929,169.3358464956401,3.0910
1787413504.9787946,-1.5036511358528157,-0.10560865451838984,-10.369417313401348,1.589061596108577,0.10327345402064925,169.38188269997582,3.0998,179.751,1.584447888087805,0.100201614315402,169.25359828814965,3.0949
1787413505.0474243,-1.5028117459739396,-0.1058414867580263,-10.166333357422594,1.5861012669062404,0.10085027709236004,169.2658030845479,3.0958,179.432,1.5777342478817682,0.10725490288885768,169.52867566001225,3.0879
1787413505.114234,-1.5023365100113222,-0.1058546549618661,-10.068259852774613,1.6147363989721888,0.1245114157010698,170.38280024119277,3.1256,179.549,1.6888833928245008,0.1701720626036758,171.495439346403,3.2031
1787413505.2504232,-1.5010523272283367,-0.10508871284492657,-9.882482591931446,1.6398639180780488,0.14596308966742727,171.00443600867277,3.1509,179.113,1.7463377565176865,0.1587617597327102,170.95470294061332,3.2581
1787413505.3172503,-1.500370629987769,-0.10439174181873118,-9.917072215229895,1.7032609901809106,0.15135312982952098,170.92528152188297,3.2138,179.158,1.6218135051500786,0.12036225556767012,170.2145207433992,3.1303
1787413505.4501145,-1.4993319745380238,-0.10467608018644113,-9.998127093042871,1.6718811820535928,0.13377017123151824,170.4255381772807,3.1802,179.576,1.5708723890479077,0.10946155229794725,170.05294442413114,3.0777
1787413505.5215912,-1.4988097234162783,-0.10521304681439449,-10.064158860002285,1.622083345145982,0.12115583647983576,170.26429535526492,3.1291,179.672,1.5794599002847365,0.10701002593160784,169.87732390713802,3.0856
1787413505.660457,-1.4978292463734213,-0.10693874328940088,-10.005879865124568,1.6011798752545021,0.1129324561951064,169.99060117868996,3.1068,179.996,1.5818031098310075,0.10902999503364297,169.8433678363461,3.0872
1787413505.7298453,-1.4974506292409515,-0.10775927712270114,-9.77643500950562,1.5861812506451651,0.11364929802567167,170.0371225349456,3.0916,179.814,1.5860506597136779,0.11556480512997307,170.06597106341835,3.0916
1787413505.8661678,-1.4958747280198987,-0.10806145704142744,-9.76602715745735,1.5936014355393102,0.1160278324354896,170.2600825973918,3.0976,179.974,1.7294104426500334,0.15164295715827042,170.92246957497704,3.2357
1787413505.9413695,-1.4949802652855797,-0.107874682875985,-9.826463444449555,1.6053201469861764,0.12500420951531432,170.49111503901466,3.1090,179.682,1.57613917821915,0.11914111429626956,170.3819133513292,3.0795
1787413506.081383,-1.493340445007395,-0.10741941601799096,-10.06622107536955,1.5913177719601836,0.11890191651653137,170.2607211542354,3.0929,179.673,1.641292193082121,0.10563031695869474,169.4638154399034,3.1419
1787413506.146203,-1.492500596285901,-0.10756341652850802,-10.090950477469233,1.6077869401648044,0.10971783527342677,169.5664570797554,3.1079,179.657,1.646389244475271,0.10029573270565602,169.45913909235176,3.1458
1787413506.2165475,-1.4916843554958972,-0.10806189348334423,-10.071965141451251,1.5917404738490495,0.10785858279392078,169.80875408012625,3.0910,179.881,1.5746463358725247,0.10899329274438394,169.6741141451918,3.0740
1787413506.3601658,-1.4902628645346039,-0.10939826394185437,-9.69837100003525,1.5829586024073041,0.1091868618061652,169.68908902238064,3.0810,179.387,1.5738397965039517,0.11410080719737317,169.95015263902428,3.0722
1787413506.4304614,-1.4894729708632364,-0.10977696937449297,-9.684649538118702,1.576431830437791,0.11258167485356065,169.92803113129233,3.0740,179.613,1.5738397965039517,0.11410080719737317,169.95015263902428,3.0715
1787413506.56204,-1.4875778311255856,-0.10970439553991848,-9.707556974245321,1.5734589299434698,0.11912617952460264,170.38938483721964,3.0696,179.903,1.576187108193457,0.12163248929039541,170.432627286922,3.0725
1787413506.63391,-1.4866208122398525,-0.10942374699795149,-9.848079123387693,1.5688694631289202,0.11985658080067577,170.43182877442277,3.0641,179.720,1.4066802342553357,0.11684074120071467,169.97622763497566,2.9021
1787413506.7608168,-1.485119634103944,-0.1102737058783469,-9.885308376912919,1.4431437902883306,0.12176660986247426,170.09163760416828,2.9374,179.977,1.4031104185407874,0.11341688015382273,169.80870492576213,2.8969
1787413506.8282056,-1.484357163256198,-0.11106006721275136,-9.909674507784525,1.4083659468218952,0.11524509516396225,169.8444089012339,2.9016,179.754,1.403395217065062,0.10937318580710985,169.6891394327711,2.8962
1787413506.9730108,-1.4828909424882053,-0.11360596845635758,-9.7230746677581,1.399668734613753,0.11577390229412063,169.8414426271728,2.8917,179.565,1.4082933001635718,0.11799391419010873,169.87650252890498,2.9004
1787413507.0347838,-1.4822099597363954,-0.1145011476313671,-9.694740495251738,1.3940697345608124,0.11321488990084431,169.7438264384453,2.8853,179.439,1.4009077452731702,0.1134795022257157,169.74841321213464,2.8921
1787413507.1670332,-1.4805312143364804,-0.11555761188211994,-9.619504716163537,1.3429587764015332,0.12060525319627667,169.90036137577917,2.8333,179.520,1.3137419673876747,0.1193300641906785,169.90024226275173,2.8041
1787413507.2400417,-1.479599997629653,-0.11575594976454302,-9.660092775847936,1.3198003917809975,0.1203018062329114,169.91866200150434,2.8093,179.579,1.3038415280679514,0.11628739371331634,169.89939461714582,2.7931
1787413507.3158453,-1.4787498426473462,-0.11586296632488277,-9.849296035385237,1.2893413945463537,0.11441877187265537,169.62398923932602,2.7777,179.473,1.2898816145676961,0.11302499069519396,169.59408008776117,2.7781
1787413507.4545255,-1.4771209029305676,-0.11693822129479607,-10.122053571312373,1.2630273134969139,0.11109633778305637,169.5143437761337,2.7496,179.636,1.2667040600193311,0.10541138086375353,169.30430755001703,2.7528
1787413507.5187016,-1.4763283368595164,-0.11801236744545371,-10.116351257999494,1.2559823456563841,0.10620083577492648,169.33146315786706,2.7415,179.448,1.2667040600193311,0.10541138086375353,169.30430755001703,2.7521
1787413507.6649506,-1.4752843485358202,-0.1200751931271777,-9.982440421863894,1.262628894064801,0.1157598039230445,169.721059093881,2.7481,179.703,1.2573958484407346,0.10464497731812016,169.24273632013777,2.7419
1787413507.7354958,-1.4748717868607528,-0.12062852028927055,-9.90129376161947,1.2718754690729233,0.1012780243789045,169.03076496085828,2.7557,178.932,1.2942220268607219,0.10149745605525509,169.04895192864828,2.7780
1787413507.8736615,-1.4737693468680073,-0.12096794342567506,-9.812440069319893,1.2863348080934731,0.1057723575434358,169.32016911091168,2.7694,179.133,1.3032904388663944,0.10940447806727219,169.43334843886953,2.7866
1787413507.9444823,-1.4732518087061586,-0.1208966475713862,-9.944668360707617,1.2809742874882923,0.10441161649868333,169.11800649904507,2.7634,179.063,1.2758048684723802,0.10240249349008201,169.06902737269274,2.7581
1787413508.0823472,-1.4721336528659599,-0.12147629061575216,-10.170112018755162,1.2613084735795619,0.09251426411862311,168.11589773822257,2.7418,178.286,1.7101735203226966,-0.6615073106159355,160.5014780870528,3.2278
1787413508.1471195,-1.471464411782321,-0.12233862077375185,-10.15112940604785,1.2463872275295012,0.08963803829872982,167.98061102835186,2.7261,178.132,1.7273498126607865,-0.7418539431233233,159.39696558321,3.2583
1787413508.213552,-1.4708399869783195,-0.12338555645368411,-10.049140778943672,1.2298442684651831,0.062240429148946196,167.41537562035606,2.7071,177.465,1.7273498126607865,-0.7418539431233233,159.39696558321,3.2574
1787413508.361534,-1.4696900631845065,-0.12408858089729498,-9.883859053773744,1.2025051945800596,0.05120831638248142,167.13683426032523,2.6779,177.021,1.618742725634077,0.1107048941300922,169.0978389705852,3.0973
1787413508.4269366,-1.4689496038530683,-0.12405618212886897,-9.708813810155288,1.4941048830648025,0.09650841481347869,168.96681581528526,2.9713,178.676,1.3813893839562386,0.11723076700358039,169.8096739376702,2.8605
1787413508.5624247,-1.4673767918981862,-0.12278095124067986,-9.46556545001136,1.4122802164761894,0.11465840577883729,169.67168078798167,2.8894,179.137,1.379769982455866,0.11742071818578362,169.96851351781433,2.8573
1787413508.6348057,-1.4667112647689549,-0.12211379747512914,-9.542790765383993,1.3947458218807325,0.11734444791961235,169.92890138804378,2.8715,179.472,1.6598683227206599,0.09995005982366417,169.3800187958983,3.1345
1787413508.7796378,-1.465054368514477,-0.12184816994956793,-9.574994502735308,1.5597865033553429,0.10568682579454844,169.60540189392268,3.0334,179.180,1.6588469053420452,0.09725468501876709,169.26438262375896,3.1316
1787413508.8430219,-1.4642329505123295,-0.12211989175560652,-9.528161149468682,1.61498638653603,0.09936473706335787,169.36364002477595,3.0872,178.892,1.6588469053420452,0.09725468501876709,169.26438262375896,3.1308
1787413508.9779804,-1.463128023218915,-0.12257941198023911,-9.34674536656499,1.662831535104652,0.10282631206125718,169.4554665099356,3.1341,178.802,1.6631039599887036,0.10423958701797903,169.52178080805857,3.1344
1787413509.0490687,-1.4626557473368758,-0.12244837533665,-9.315780080506338,1.6752589701116127,0.10389940657385752,169.49807197823142,3.1461,178.814,1.6391834052262326,0.12380762062658623,170.19385046183453,3.1116
1787413509.1171978,-1.4620537618026164,-0.1219934476579513,-9.294963155037491,1.6175460548445937,0.1337024071177544,170.65928508727794,3.0902,179.954,1.5590573156743512,0.13202838398112499,170.6055971959008,3.0318
1787413509.255452,-1.4609030409996422,-0.12064423244588449,-9.57088123247118,1.5889035106332279,0.1327045487271061,170.69738652990316,3.0603,179.732,1.5332488147170957,0.11909475233627288,170.37251780015418,3.0037
1787413509.330677,-1.4608325539351472,-0.12003323509725214,-9.684556957760401,1.564302395604113,0.12460231721483608,170.17903545210763,3.0350,179.864,1.556645709324365,0.12182094930987952,170.1380309249843,3.0272
1787413509.4685862,-1.4606494508510268,-0.11969669237490077,-9.89386037305048,1.545751242197239,0.11697351256312918,170.0919367195306,3.0157,179.986,1.5234095997804997,0.11170199049180894,170.02607630034032,2.9930
1787413509.537295,-1.4606234543164696,-0.11982253274173205,-9.87411922923363,1.5188087201043605,0.11444159547327806,170.04059255159308,2.9886,179.915,1.4973565531291502,0.11140307524945503,169.992186122302,2.9670
1787413509.669758,-1.4591947944654264,-0.11975647804527852,-9.789721440257843,1.5152574697607484,0.11438466300762466,169.7881681493384,2.9837,179.578,1.511598799625977,0.11371026206883762,169.77949707577326,2.9800
1787413509.7389588,-1.45833698600553,-0.11934753767666648,-9.729514177340373,1.528014036168867,0.12552203445357007,170.11764088520815,2.9964,179.847,1.5381523855299075,0.1293333439803053,170.16420932424498,3.0068
1787413509.8694165,-1.4564940439893586,-0.11790459331849334,-9.83233862185934,1.5369471571468492,0.12582684891167464,170.19496672737992,3.0033,179.973,1.5430932777106634,0.12592902885316712,170.19402868879104,3.0095
1787413509.9377115,-1.4552641610905688,-0.11793356528474144,-10.035207245023521,1.520715841327087,0.12572885904806752,170.21837834666016,2.9859,179.746,1.5081424908449375,0.12341392293831836,170.17197929857664,2.9732
1787413510.0087364,-1.4540192450579488,-0.11824038634927227,-10.269930255637329,1.5302101451194845,0.1269257009537536,169.95562956372214,2.9943,179.774,1.5947497987880086,0.11332402479043198,169.12338292226175,3.0576
1787413510.154948,-1.4515790887984075,-0.11962421178013274,-10.632036708730043,1.5509961619157833,0.11838265988556886,169.26089500311238,3.0120,179.893,1.534360358084199,0.10848009895598805,169.01543209320934,2.9946
1787413510.2238894,-1.4504834497171801,-0.12050774887207436,-10.627197313830635,1.5375171840997313,0.1168833589788668,169.1222949711857,2.9974,179.749,1.559406563717336,0.12747045737534451,169.26841380428553,3.0201
1787413510.365284,-1.4490823261558377,-0.12099459638136228,-10.589559934977908,1.548354390741554,0.12332662154466154,169.20132050098212,3.0074,179.791,1.6481688806027628,0.17091310462137738,170.4552542576988,3.1110
1787413510.4400675,-1.4482006721834486,-0.12082581629470622,-10.589598857636677,1.6078208918701729,0.1661356712927235,170.54187047707026,3.0695,178.869,1.6377176982905977,0.18534290724205849,170.92317573222633,3.1011
1787413510.5798059,-1.4465667850019668,-0.12015657946711442,-10.966399291427328,1.6252997886206024,0.1711345565931763,170.55229963564398,3.0856,178.481,1.6334095234785606,0.17226331493474717,170.57951329061203,3.0938
1787413510.6421523,-1.4457223544448519,-0.12015423866541927,-10.97658402065031,1.5891384694413617,0.1444042871194282,169.4762792102645,3.0464,179.547,1.5485051027480181,0.12668599667652045,169.1620939735233,3.0044
1787413510.7632146,-1.444104851709573,-0.12095286701308672,-10.958897693892768,1.6083029975784802,0.12356458703896984,168.5355937305099,3.0622,179.494,1.621998761635814,0.11695865687918326,168.40586748973456,3.0753
1787413510.8289561,-1.4434066183315055,-0.12165143867760289,-10.827895724983371,1.56044128488818,0.12673172287687426,168.8701060068706,3.0141,179.698,1.6257244629309486,0.16928853625816492,170.1618659411467,3.0829
1787413510.9651878,-1.4419958926392338,-0.12259159717791042,-10.55396899596507,1.5852326597420903,0.14809051486032698,169.7688771737639,3.0393,179.677,1.6270728381240853,0.17563157357734144,170.55055310749083,3.0835
1787413511.0364487,-1.4410999906329394,-0.12263884723074946,-10.545177457221719,1.6034114827411972,0.1635325120008942,170.32564080997665,3.0579,179.129,1.6954824565780804,0.17293512400727115,170.25839860017314,3.1505
1787413511.1725442,-1.439186080789093,-0.12212696878594984,-10.758901667445112,1.6402262842680098,0.1692148410868954,170.2824930120029,3.0932,178.959,1.6093278370383697,0.16990366389232708,170.4100546159553,3.0625
1787413511.239781,-1.4387132227139612,-0.12196671260840168,-10.77501707627671,1.6277996399963484,0.17414734766471598,170.4978376671268,3.0808,178.727,1.6246249026666904,0.16668236148779356,170.16562287704159,3.0769
1787413511.3109038,-1.43822745088225,-0.1220586858863297,-10.812296345422098,1.5852978103415025,0.14593645221125137,169.4447892208395,3.0354,179.743,1.5354947551267228,0.12779890365160385,169.13736944866218,2.9842
1787413511.4609568,-1.4372777079227332,-0.12304683070855482,-10.799421211981196,1.5542347316183525,0.13192627106586755,169.1349548406104,3.0024,179.934,1.589127086513244,0.12566375817600353,168.8115414748892,3.0366
1787413511.532318,-1.436935164269858,-0.1237039672350703,-10.591604276705983,1.540993611789399,0.12859400771142998,169.0693323781675,2.9886,179.661,1.5185155298833102,0.12786868929677195,169.04779462575496,2.9661
1787413511.658142,-1.4356939899070948,-0.12441237708442719,-10.551903471105978,1.5284631773372312,0.1311518681555255,169.33359398199096,2.9752,179.885,1.5207690056017333,0.13218461038661602,169.34618220585406,2.9676
1787413511.7277138,-1.4349124015487287,-0.1243994385049546,-10.555804992045315,1.5344737746323427,0.12944614653317543,169.36040550282402,2.9802,179.916,1.5480383652723941,0.13103316040846602,169.38632511664966,2.9939
1787413511.8785443,-1.4334615394188495,-0.12404019534833072,-10.91446813754992,1.515968383601809,0.12722133302400682,169.34066754307943,2.9601,179.745,1.4865004410432232,0.12572747921900415,169.29019480691198,2.9306
1787413511.948996,-1.4326739861209845,-0.124159709688037,-10.922183504373702,1.4987140475055611,0.12700265041215578,169.326777575724,2.9421,179.751,1.5066761572205885,0.12908107045777178,169.04014615938493,2.9502
1787413512.0197296,-1.4318844037765484,-0.12456394723873983,-10.925567725383496,1.5003480453107425,0.1281402442278921,169.02799277889272,2.9431,179.954,1.5060341488923312,0.12530198921614186,168.94533524641665,2.9485
1787413512.1568816,-1.4304300094618936,-0.1259571901405441,-10.68266696384109,1.5010428913452394,0.12538762266701253,168.9446225559615,2.9422,179.627,1.4847816595873748,0.1273981070665303,169.0526112434339,2.9262
1787413512.2252915,-1.429189503023519,-0.12656540686258955,-10.334637241917266,1.4856743927117044,0.1283526068230432,169.19119370051715,2.9260,179.526,1.4941869540418773,0.13034149612939203,169.54117836475217,2.9346
1787413512.3564825,-1.4263567939685176,-0.12699846056750855,-9.614843313726594,1.4868113942916905,0.128487385926972,169.50350082489348,2.9243,179.118,1.5260253913469106,0.1416217236575991,170.13601720691912,2.9646
1787413512.426283,-1.4248657230166482,-0.12689364322946245,-9.343289444331809,1.502083308357126,0.13460605846803203,170.00991737833255,2.9386,179.353,1.5243151131055084,0.13722793457675364,170.46246789035746,2.9610
1787413512.5623307,-1.4222598627589267,-0.12695435822589896,-9.214962340960364,1.5115194246890424,0.13490876480604047,170.41509710865418,2.9454,179.630,1.660863731501638,0.11651000645487135,169.77137126248962,3.0927
1787413512.622452,-1.4210419105414474,-0.1274823944775798,-9.229878979945692,1.5749906801899782,0.12033630279674362,169.977704788571,3.0063,179.208,1.6753060041128716,0.08605737168869437,168.6855196745931,3.1037
1787413512.7606876,-1.4186564325786934,-0.12928374107013432,-9.226252667920619,1.622556861030707,0.09766305137599918,169.03836512671583,3.0497,178.265,1.6878394931110627,0.08784954298270022,168.6369879474493,3.1141
1787413512.8267872,-1.4178758117158579,-0.129719600107009,-9.252375172714904,1.665174371831727,0.0963613970130777,168.80391202775004,3.0913,178.056,1.6692516056404265,0.10006133400927841,169.03836512671583,3.0957
1787413512.9634306,-1.4160640570618594,-0.12988684356507246,-9.087165386778203,1.6871555154136728,0.09444922401325104,168.76133391233375,3.1113,177.848,1.7133475646285556,0.09517088745964185,168.76133391233375,3.1375
1787413513.0263212,-1.4150108393111918,-0.1292959664765379,-9.105419021218603,1.7185074286265527,0.09124645636972148,168.70167956844904,3.1413,177.807,1.7182540831893443,0.09288199030291643,168.70167956844904,3.1411
1787413513.1625335,-1.4130492238249717,-0.1278194560719306,-9.490285984290628,1.724785308799431,0.08972935758981194,168.67631664129752,3.1454,178.167,1.7009502851497498,0.09073728186356053,168.67631664129752,3.1217
1787413513.2272923,-1.4125856506324743,-0.12761457076726382,-9.500947926383699,1.721215152391352,0.08735650051851487,168.60877277604968,3.1412,178.110,1.6833217356688213,0.09560425028375508,168.60877277604968,3.1039
1787413513.3543887,-1.4117093617408543,-0.1280816390585704,-9.586699843752669,1.7128074809217604,0.08631790754230857,168.56923351012315,3.1319,178.156,1.676679525034702,0.09621136063610583,168.56923351012315,3.0965
1787413513.4195485,-1.41137494609736,-0.1286513199908548,-9.554820025869333,1.6922733529642693,0.08546594561699448,168.48712345420168,3.1110,178.042,1.6627326767937258,0.09629005845263923,168.56923351012315,3.0823
1787413513.551099,-1.4116953369012901,-0.12895669158485062,-9.276467153948975,1.6862547388622011,0.08411977502410459,168.436987446189,3.1053,177.713,1.6828183321070151,0.16243380044232722,170.75245472137297,3.1082
1787413513.6823668,-1.4116520412726103,-0.12826601187636583,-8.989972286732112,1.6434111450306488,0.17813912922194422,171.80396495668276,3.0704,179.206,1.6074547808033108,0.1795064257509132,171.82350678946614,3.0348
1787413513.7514737,-1.4116188064742776,-0.12764235441516572,-8.981688370213558,1.6431189886056923,0.18754592371698073,171.98116974523828,3.0710,179.037,1.5087851123061955,0.135857458093245,171.0065650511742,2.9323
1787413513.8222792,-1.411685248033559,-0.12709158199684512,-9.102326008865678,1.5297558670670635,0.14149601900141587,171.083621063418,2.9537,179.814,1.5109555485085735,0.12948752982617132,170.66954787446883,2.9339
1787413513.9580371,-1.4108004704468995,-0.12737097678956646,-9.116082805883321,1.515110580884206,0.13371283038521875,170.73171101564287,2.9375,179.848,1.5055435837205655,0.12616035558535849,170.66757759084666,2.9273
1787413514.024854,-1.410355458963253,-0.12787620452907178,-9.069348042143663,1.4957806150888295,0.12810616647245476,170.6268597079176,2.9174,179.696,1.4956363726251547,0.12805435162281278,170.62469637236583,2.9172
1787413514.1692379,-1.4095554911370634,-0.12901780337272506,-8.880908147233134,1.471880765022928,0.12765218697313804,170.79131176471438,2.8928,179.672,1.469031883174588,0.1305975569101605,170.94985413744647,2.8903
1787413514.2390552,-1.409002555604602,-0.12924757697512249,-8.833125092723423,1.4648859592991093,0.12913200036997816,170.92262470009902,2.8855,179.756,1.4740957396503385,0.13907673319824346,171.19619249038755,2.8956
1787413514.3757834,-1.4076776573342975,-0.12900152635317608,-8.86065400888137,1.451505458469726,0.13545151284850782,171.22010016030424,2.8714,179.919,1.4499706926634035,0.1332377984206565,171.1624561607543,2.8697
1787413514.4465258,-1.407088320303696,-0.12872483309328936,-9.060362618847112,1.445768737124372,0.13366615483061212,171.16692324893856,2.8649,179.773,1.444073092794763,0.13225997181399815,171.0986945016916,2.8631
1787413514.581002,-1.4057971449643507,-0.1292333565782769,-9.329117633505735,1.440398098896645,0.1324971750787609,171.1005307483515,2.8582,179.570,1.4507423889906657,0.12330594697525482,170.42768421080302,2.8677
1787413514.6526463,-1.4049806714021758,-0.1300779140995131,-9.23710966697515,1.4413476354561199,0.12455408542845506,170.44386503062057,2.8577,179.681,1.4305348100224216,0.12323620735309614,170.45092247892632,2.8468
1787413514.7213318,-1.4042365742222485,-0.13113200742477668,-9.023868345450248,1.4371781295728643,0.12409618194132609,170.52783854125946,2.8529,179.552,1.4449032009994387,0.13057335229583508,170.8277248907507,2.8611
1787413514.8678153,-1.4020279875751005,-0.1320263884610592,-8.57238656212333,1.4381895800366928,0.12771942942879358,170.7857086154852,2.8521,179.358,1.4707123033678844,0.13769041325770282,171.14322425405084,2.8854
1787413514.9393003,-1.4007021129731687,-0.13204571752623168,-8.31468543154291,1.451618920302815,0.132903844854254,171.06598812611057,2.8646,179.381,1.4965871559233959,0.13877859729412262,171.3494260782761,2.9099
1787413515.0717947,-1.3979182611710257,-0.13126229911441298,-8.155668097529414,1.4674528494702153,0.13578892212701515,171.69994755401393,2.8778,179.856,1.4704975458201928,0.1369406880058973,171.72293800994515,2.8809
1787413515.1411905,-1.3967986780585517,-0.13123622794358317,-8.171008441707965,1.4769339710708282,0.13077511361309674,171.52563777311386,2.8857,179.697,1.4871801680726597,0.1300277653872521,171.5192440664268,2.8958
1787413515.2809432,-1.3944822883811874,-0.13203831479698666,-8.222420738279581,1.5136511969767537,0.12624679196079408,171.30189898019918,2.9196,179.524,1.591705600770841,0.10950321076126382,170.62598578994908,2.9959
1787413515.3481133,-1.3933600705819356,-0.1327862918935001,-8.145399052172497,1.5427593372559425,0.11620726044282369,170.8345194415139,2.9467,178.980,1.6016566013005122,0.11512531805765465,170.66704463646425,3.0053
1787413515.4151082,-1.3923332465091087,-0.1335370832583915,-7.9310531149919585,1.5905493952496987,0.11430986516936416,170.70976493854783,2.9932,178.641,1.64311700147701,0.16936444558195698,172.62876736810188,3.0505
1787413515.5585263,-1.390868801466283,-0.13409218555000568,-7.8979765780880555,1.6134073210782143,0.13906184289118448,171.948600249251,3.0167,179.847,1.6366314512981859,0.1504331973714915,171.948600249251,3.0408
1787413515.625972,-1.3899809969190877,-0.1339566579740391,-7.912354774556394,1.6382508844391133,0.15151385386509092,172.14563330443337,3.0417,179.942,1.6391912566495603,0.16371820208882773,172.42169210499338,3.0438
1787413515.7602978,-1.3883688225144535,-0.1333991125668441,-8.315051680528967,1.6438391724747483,0.15900921799187873,172.30488313206087,3.0463,179.380,1.6136646430215897,0.1262659426833667,171.0493016864583,3.0132
1787413515.8310528,-1.3880275895305632,-0.13346957777905155,-8.320162139571902,1.637918543626186,0.11469113035434225,170.08200583991749,3.0361,178.402,1.6122550317130502,0.09371141417108028,169.67525328445646,3.0089
1787413515.9728942,-1.3873170257673448,-0.1344335329503139,-8.276660549560596,1.6313901905639157,0.10132294491396923,169.7940197820663,3.0279,178.071,1.5777691258587367,0.11264746516632197,170.55298733658486,2.9754
1787413516.0411508,-1.3870551874352273,-0.13516218219773227,-8.093353972909858,1.6117708046367694,0.10854050620848908,170.41647508838452,3.0087,178.510,1.535531201953141,0.12079854143033877,170.83668354888795,2.9338
1787413516.1111922,-1.3865913940216217,-0.13576020805508338,-8.069139210673324,1.5644514947875774,0.1265922638681951,171.25956690894827,2.9627,179.329,1.5479564833563464,0.12979861367180653,171.3335208392676,2.9465
1787413516.2537541,-1.3853416021682154,-0.13613909740627647,-7.987310420420734,1.505944820993153,0.13450979492852808,171.69346683711336,2.9039,179.681,1.458839083556688,0.13171646982916627,171.62366510022852,2.8568
1787413516.3244045,-1.38464792603755,-0.13596599787667776,-8.049645253865389,1.4726838551591006,0.13384968505857958,171.74583585722183,2.8700,179.795,1.4589253686234283,0.13155326412887183,171.70021386245358,2.8561
1787413516.4523096,-1.3834810980608947,-0.13580431942239712,-8.537049449888581,1.4612633101145682,0.13457739446053302,171.80489867257046,2.8576,179.658,1.4606473068497137,0.12698659343302376,171.3581229468563,2.8562
1787413516.5301814,-1.382712082059259,-0.13614352346031428,-8.533932864896297,1.4598218575350894,0.1285276436202572,171.38192114181228,2.8548,179.916,1.5335028174376233,0.1257815222055876,170.76291014390713,2.9280
1787413516.680412,-1.3812221436399277,-0.13752730068065275,-8.33668334391534,1.5045958953697627,0.12572548999765532,170.80664540990963,2.8978,179.143,1.4640789771149028,0.12847955530619823,171.09173549321446,2.8577
1787413516.7505836,-1.3804978585708823,-0.13761995576369754,-8.323094415916662,1.4782880262019917,0.12851893620296323,171.08381451104967,2.8711,179.407,1.4693329098219365,0.1333517826969357,171.35122362759915,2.8627
1787413516.8209896,-1.3796740467079247,-0.13745288088671292,-8.278642547963146,1.4593912946425007,0.1368685556479275,171.4338025857334,2.8523,179.712,1.4539712192859986,0.1379409361258557,171.44723906204044,2.8470
1787413516.962066,-1.3777866959146834,-0.1359980654588346,-8.169403598335245,1.4602131203418827,0.13640794722905997,171.44094527722942,2.8510,179.610,1.4666324346299269,0.1367238841572141,171.4487127384018,2.8575
1787413517.029756,-1.376922548583244,-0.13510239780580463,-8.308290699237483,1.4520622720293435,0.13124297354381304,171.44089336765026,2.8415,179.749,1.4518505839553226,0.1297384949870719,171.42041965611605,2.8411
1787413517.159327,-1.3752589022502937,-0.13436222435320183,-8.360582857360729,1.4465830907660875,0.12941657574756116,171.32395728667623,2.8341,179.685,1.4461636852211612,0.12814439555766743,171.29552505075975,2.8336
1787413517.2306316,-1.3743917352872228,-0.13436662452450474,-8.375969718363345,1.4422985171027534,0.12569550828353526,171.2580286653658,2.8287,179.634,1.4446066756277016,0.12483205041168678,171.24497181809937,2.8309
1787413517.3743973,-1.3728576363785276,-0.13477976890994975,-8.062387991309727,1.4529611946520404,0.12726795113995082,171.2806802706431,2.8379,179.343,1.4342149833627253,0.13445152640874086,171.50197051747776,2.8200
1787413517.4460025,-1.3724659020298633,-0.13468278260658212,-8.057306317994703,1.4424281382748687,0.13227562702713733,171.46694532699834,2.8275,179.524,1.4680267696354923,0.14003921539091735,171.86521226340992,2.8537
1787413517.5215156,-1.371968410161516,-0.13428944568559698,-8.051668326269333,1.4565723236804593,0.14298287410127047,172.04843405626946,2.8421,179.900,1.4902579517839867,0.15065280347697388,172.0622508510749,2.8764
1787413517.6651573,-1.3708735069499656,-0.13284222483682068,-8.290211974404269,1.4691776490237105,0.14711411337787625,172.01423108818727,2.8538,179.696,1.4669174429925096,0.14349197181345452,171.8407723258231,2.8512
1787413517.7383528,-1.3702447228902563,-0.13232087067353007,-8.315716356293603,1.4676474405483924,0.14494817456661716,171.86140051145654,2.8514,179.823,1.4286585745482168,0.13876442739037428,171.6101182432608,2.8120
1787413517.8111086,-1.3695908955776732,-0.13211868286822737,-8.360497387229506,1.4270357319182452,0.1370734636336077,171.63507929197473,2.8096,179.996,1.4165442138943112,0.13401880825582707,171.58919109530828,2.7988
1787413517.9570863,-1.3682894254978624,-0.13245639068640355,-8.305481511325697,1.4256791846820072,0.13444246422978431,171.56137689295153,2.8067,179.867,1.4163844624189477,0.13325068934792092,171.559843221497,2.7973
1787413518.0299883,-1.3677640171408834,-0.13267557182375048,-8.075707132519643,1.4211547091364107,0.13590763607720863,171.6428875660877,2.8018,179.719,1.428582710451027,0.1374224700464422,171.65928110431128,2.8094
1787413518.1673033,-1.365851729945278,-0.1322736902640002,-7.506241149421589,1.426195795938739,0.14052768840056845,172.01432743674437,2.8053,179.521,1.4363893358834765,0.15010306307590246,172.44325929073764,2.8164
1787413518.2363544,-1.364478488556958,-0.13168923802752747,-7.269113671661663,1.4297052614399204,0.14683184867500673,172.3884984497639,2.8080,179.658,1.4375137116982744,0.1449581776738164,172.58818001804244,2.8156
1787413518.3749344,-1.3621134939965855,-0.13060807906540764,-7.188994802695036,1.4410924915616128,0.14210070625088075,172.71210727959507,2.8164,179.901,1.4516746507150344,0.14183242546901653,172.7036624970951,2.8269
1787413518.444331,-1.3610312403427338,-0.1305333019008788,-7.2342001811780134,1.4397448061005074,0.1427386260014369,172.80946207669467,2.8141,179.956,1.4236161067252722,0.1342433079534559,172.77025835009493,2.7972
1787413518.514322,-1.3599220448788771,-0.13074030610127332,-7.269594159325439,1.4304594829086081,0.13664612936728143,172.8123984558572,2.8032,179.918,1.4493113887656788,0.13365492638035623,172.63736606732235,2.8216
1787413518.6622546,-1.3578610972028207,-0.13160795747065718,-7.0310907018805935,1.4434155588036781,0.13329688891729746,172.63422696787086,2.8138,179.665,1.4443749146477562,0.13225663310666236,172.6714403115365,2.8146
1787413518.7392647,-1.3568550945299636,-0.1318312903916447,-6.752309641054687,1.4438315966970774,0.13233731153832085,172.6723575280363,2.8131,179.425,1.4807677653539677,0.14709799106787474,173.13317225472102,2.8513
1787413518.8126383,-1.3557587198419758,-0.13148753017782167,-6.7634350881299765,1.4904530330999368,0.1602840601236204,173.93208641133302,2.8611,179.304,1.5329661886420205,0.179863904653414,174.30927968675275,2.9055
1787413518.9494212,-1.3534809795830989,-0.13015813618012387,-7.027298546818026,1.527892144412692,0.17010490381481397,173.96870683484966,2.8970,179.004,1.579033742303132,0.1800877278578917,174.10540410439063,2.9489
1787413519.0192559,-1.3525310541806468,-0.12961883620887057,-7.053571120864326,1.491863953200136,0.1525839061711582,173.26883391575092,2.8584,179.678,1.4735844619067895,0.1275325406491589,172.60766012500048,2.8378
1787413519.15874,-1.350545891795299,-0.12935052784991496,-7.145502296001588,1.4847015424522298,0.13699482199575294,172.77528967992947,2.8477,179.921,1.4539978801960638,0.13061103627892817,172.73075191695284,2.8166
1787413519.2236102,-1.349558335531065,-0.12957609722255845,-7.1134463549236155,1.4697658424425484,0.13344489395357487,172.78167619748038,2.8316,179.895,1.4539978801960638,0.13061103627892817,172.73075191695284,2.8156
1787413519.3618798,-1.347782484135285,-0.12996163017222417,-6.682546174719885,1.4697615199346257,0.1367288693226579,172.82786651933293,2.8301,179.510,1.6152436549279712,0.16298578537500394,173.25019229584666,2.9775
1787413519.4363205,-1.3467604172747816,-0.12969639525807017,-6.688029282984351,1.5447298810781704,0.17475136614863931,174.3290587693638,2.9075,178.983,1.58018616176454,0.20213991035370116,174.89796110774716,2.9457
1787413519.5727026,-1.3445253075467198,-0.12823946179922732,-6.793411060923468,1.5669197590984338,0.2040892256973686,175.3533610468334,2.9304,177.853,1.556799192812369,0.19823053552326458,174.81790396373225,2.9196
1787413519.6397374,-1.344025004054145,-0.12757026183578163,-6.818760248373208,1.586333236911946,0.21600072712866847,175.49065600477,2.9504,177.691,1.6092194386392442,0.22969704434784882,175.82511757369363,2.9748
1787413519.7735255,-1.3429973618477806,-0.12696145409343657,-6.969736662914744,1.5965871270883634,0.22587648384171974,175.81441468981663,2.9607,177.216,1.5980699429049476,0.22822814945302228,175.8725725865085,2.9624
1787413519.8420982,-1.3424463793740564,-0.1270457167020186,-7.011975859528323,1.6114716087335685,0.23710802300692715,176.05554976239455,2.9763,176.932,1.5909110492358949,0.22180973134729412,175.5597341111039,2.9540
1787413519.9117844,-1.3419751698122717,-0.12729633755637826,-6.931519451380548,1.6060912374628173,0.22905412987984144,175.6609305315611,2.9695,177.408,1.6044276212203061,0.23443822566070308,175.84566342544147,2.9685
1787413520.0562801,-1.3414258472399734,-0.1272993360102213,-6.615410514791489,1.6092021428933072,0.23504151295800335,175.85971130743232,2.9728,177.525,1.6165252463277275,0.2479308283075972,176.44707954497696,2.9817
1787413520.1320884,-1.341191580737483,-0.12674942883023013,-6.445539903792637,1.598769603978086,0.2312922408316228,175.88138355570382,2.9617,177.673,1.5688671053933398,0.21645730856745635,175.57452774320086,2.9302
1787413520.2705188,-1.3415305680002438,-0.12577484731285388,-5.993543640457119,1.5966040983282788,0.2044762496313356,174.9503315186786,2.9566,179.056,1.5564040094035398,0.19033073094935785,175.32284727516785,2.9151
1787413520.3381982,-1.3416628649667042,-0.1256799595284523,-6.0568447583851315,1.5527035272403724,0.18971588686139376,175.47673743398752,2.9115,178.466,1.5187134867739351,0.17961691093297127,175.2763720322834,2.8766
1787413520.4814014,-1.3415198373726738,-0.1268535239440281,-6.095542635919516,1.4920520886575122,0.15960142119519585,174.5169477706843,2.8480,179.388,1.443745787828904,0.14322282774494027,174.2261917977723,2.7983
1787413520.5444345,-1.341406270777907,-0.12792897162714684,-5.956455339895899,1.4544892550272304,0.14616396249183278,174.22554240698955,2.8093,179.818,1.4312396433941454,0.13986972733976277,174.1099906071663,2.7855
1787413520.6128242,-1.3413770396418616,-0.12894311982733977,-5.685547679254428,1.42485834217915,0.1508916419051969,174.58306084986694,2.7804,179.731,1.3938173968769576,0.14351414909304475,174.53798832244345,2.7487
1787413520.7550573,-1.339844012231223,-0.12999740788499334,-5.081553079326111,1.4050294431967483,0.14602423241616017,174.58560029219058,2.7587,179.667,1.4175730986383062,0.1458193726507287,174.77394612898215,2.7712
1787413520.8305151,-1.3389225350784784,-0.130067487869002,-4.886844639271196,1.4045628070448188,0.14388431047098485,174.75266087106493,2.7571,179.640,1.388375132044441,0.14600771999277412,175.18126779825366,2.7412
1787413520.9705367,-1.3366861993491743,-0.1302307241529151,-4.899731294652783,1.4007857702590842,0.14956972123608395,175.491238257858,2.7517,179.609,1.363055323776843,0.13582299938996995,175.2093778354783,2.7128
1787413521.0384254,-1.335264460624655,-0.13077579087072821,-4.979044086046814,1.3783540681842767,0.14080834683600402,175.2835886810839,2.7272,179.737,1.3987476478596426,0.1274625269401585,174.87790053714406,2.7462
1787413521.1767018,-1.3323693927919118,-0.13258442305208007,-5.028835677367652,1.3798039979765426,0.12677244539559557,174.90617546911474,2.7245,179.935,1.3834488068684643,0.12747881984600318,174.91550451400073,2.7282
1787413521.2466154,-1.3314586279178287,-0.13289049789788024,-5.072087789711648,1.3668614252353781,0.12116784765376377,174.9581800515696,2.7103,179.970,1.4250957820421322,0.13334904478251886,174.8207400272404,2.7694
1787413521.3160472,-1.3305087298949287,-0.1330124448309809,-5.027801952164693,1.4084763800176043,0.13621827898398023,174.9310425722569,2.7522,179.959,1.420126239513164,0.14171405735748432,175.01917344457956,2.7643
1787413521.4627,-1.3283789040394622,-0.13232722407308806,-4.881783191416706,1.417669382173053,0.1424862453297042,175.10504496410468,2.7598,179.987,1.4310642853169746,0.14724299326833673,175.1843102591378,2.7736
1787413521.5354123,-1.3273402502023377,-0.13160171476554117,-4.923678441301928,1.4598007853057389,0.15897430164401005,175.8089831479365,2.8022,179.267,1.5030895131472635,0.17435332400234785,176.11476400229338,2.8469
1787413521.672053,-1.3254534515846605,-0.1308499024412356,-5.1149479967506375,1.4448477123758747,0.14230210423300046,175.12937007408635,2.7837,179.756,1.4316338324966167,0.13459267091888577,174.99054488671422,2.7698
1787413521.7406075,-1.3244800878198486,-0.13097302128915417,-5.118310314603507,1.4452078361603293,0.14065900539221948,175.17949622624954,2.7830,179.702,1.524329280944808,0.12100818664442735,174.02316542963112,2.8599
1787413521.881567,-1.3226177248957953,-0.13181190352246286,-4.854160673218965,1.501122898924707,0.12420300030046966,174.0839348808684,2.8353,178.938,1.5202593029915539,0.12611377172168806,174.20001189494107,2.8546
1787413521.950776,-1.3217299164101652,-0.13213329673642762,-4.837541500917931,1.5124140838848945,0.12434917078210567,174.1793236095013,2.8457,179.017,1.4257014925763454,0.1435007641494573,175.31173054578667,2.7612
1787413522.0149467,-1.32075939504303,-0.13220919850583163,-4.81095014600566,1.4618245125628813,0.14189766622085492,175.30082403761816,2.7961,179.888,1.4257014925763454,0.1435007641494573,175.31173054578667,2.7603
1787413522.14973,-1.3186178612053636,-0.13146159127656729,-4.808251040730295,1.481841745917057,0.16336893898710786,175.82331988750937,2.8159,179.368,1.5027343291030657,0.17568693013857672,176.07801169261205,2.8380
1787413522.2201636,-1.3176402405596748,-0.1309549268363662,-4.991608955961806,1.4875772345732936,0.17056377267550743,176.14188646138277,2.8214,178.867,1.5406776785593275,0.12656680726846745,174.22508357006137,2.8699
1787413522.3551044,-1.3165549254548699,-0.13087592177137464,-5.017612734471941,1.50475946847865,0.1417645259163426,174.6033136512352,2.8345,179.621,1.535831508680888,0.10178880151958382,173.37247004772493,2.8619
1787413522.4231434,-1.315956162309902,-0.13123307062807038,-5.006787910887509,1.519905763695133,0.11748330343109767,174.00253498968578,2.8467,179.009,1.418027026997603,0.13333652821880146,174.85094183182068,2.7468
1787413522.5646448,-1.3149586898778685,-0.13223750407777982,-4.634314012389151,1.4624543114871813,0.13236994719145934,174.85452010232137,2.7900,179.489,1.4138137343589738,0.13790237603575153,175.09436622925574,2.7421
1787413522.625661,-1.3142350270544405,-0.13242709461588442,-4.623993462161216,1.4346502956278513,0.13817409340413772,175.11129935081053,2.7622,179.735,1.4138137343589738,0.13790237603575153,175.09436622925574,2.7414
1787413522.7669234,-1.3125694211188537,-0.13203593976260214,-4.649916292703561,1.419711163804785,0.1418118962314947,175.44001207816513,2.7460,179.910,1.4104873117126768,0.14279347464385847,175.46763831848529,2.7369
1787413522.8396025,-1.3117590388855889,-0.13156731178838693,-4.813707013177125,1.4130915234642385,0.14274518096211075,175.46945493076134,2.7386,179.717,1.4531791467444382,0.14366456067291367,175.18542413356576,2.7786
1787413522.9797084,-1.311156168528708,-0.13099733082692266,-5.062425962653104,1.4085067467037296,0.14031758941388286,175.23778222272853,2.7332,179.700,1.3878337287850038,0.1290646358211855,174.82864920487035,2.7115
1787413523.0494854,-1.3107970920273122,-0.13113447156479655,-5.18906080988221,1.395532644016415,0.13292131537261617,174.88496780414283,2.7192,179.926,1.3832308919882932,0.13579552847190132,174.94335228662118,2.7072
1787413523.118587,-1.310460570516457,-0.13149471999465132,-5.230251631476098,1.3865288989379807,0.13510294816989313,174.93650079314446,2.7101,179.833,1.365291108847867,0.1325290464160608,174.72501709613672,2.6887
1787413523.266881,-1.3097200057563894,-0.1321043928455977,-5.121168551995541,1.371371869940824,0.13484245587816482,174.74933831277997,2.6943,179.871,1.3877918194396899,0.13831527912136657,174.78449865947908,2.7110
1787413523.3390539,-1.3091178242873682,-0.13198822699554624,-5.098297282148068,1.3755551437139077,0.1365108875016601,174.76933074909886,2.6981,179.868,1.3872195759583283,0.14045743060607174,174.8888840654139,2.7101
1787413523.4768429,-1.3078009099562828,-0.13108677060437318,-5.251608417385638,1.3882873763937151,0.1436430607385998,174.93531540131937,2.7100,179.813,1.3759986228900158,0.14073968047366311,174.95298050615665,2.6975
1787413523.5484836,-1.3072606812441854,-0.1306622701494063,-5.52439177191462,1.3795459292091579,0.14182669090771127,174.96838227726982,2.7006,179.507,1.3527904549070962,0.1334295957385665,174.70372367387847,2.6731
1787413523.61925,-1.3064910314365754,-0.13055404650519434,-5.5345538220663935,1.3500335938742245,0.13543503891447378,174.50948814775163,2.6698,179.956,1.3741869064837222,0.13178959674314494,174.3023725667708,2.6935
1787413523.755254,-1.304863763343212,-0.13119468485834276,-5.421093565337638,1.3590202331591044,0.1318212713893498,174.3144844228309,2.6768,179.736,1.3461975445003316,0.12914890216336122,174.39254122464845,2.6638
1787413523.825353,-1.3041453974752155,-0.13171834485542314,-5.187924668446759,1.3447862616058117,0.13243448404915706,174.48909732707455,2.6621,179.677,1.344807716786619,0.13392675018612155,174.50935194644723,2.6622
1787413523.9669755,-1.30143240221366,-0.13197290577747914,-4.902953920282913,1.338772392243577,0.13566464837821518,174.76330090156333,2.6537,179.666,1.3632157474693207,0.14680974302414912,175.14590701925897,2.6792
1787413524.0320594,-1.2998379692415076,-0.1315769672918766,-4.852441183761193,1.3504323010591894,0.1425609977514989,175.08121404033602,2.6644,179.934,1.3944853279550495,0.15036770378562878,175.1763344344609,2.7090
1787413524.1652858,-1.2967662105751456,-0.13040531855466267,-5.085498691795353,1.37048074799114,0.14685900278419822,175.14279697018623,2.6816,179.772,1.4006986768143632,0.15544850197257745,175.56835208048514,2.7126
1787413524.2386968,-1.295529552417046,-0.1302451221773899,-5.099955502566306,1.3896934784892494,0.15252532572333746,175.51641516483627,2.7001,179.384,1.4006986768143632,0.15544850197257745,175.56835208048514,2.7113
1787413524.3792245,-1.292949409256537,-0.13077613662253007,-5.1021045515488295,1.3848980213827708,0.13675571053649493,174.8656817425695,2.6912,179.968,1.3925530028365516,0.13482409804385656,174.77715807883155,2.6986
1787413524.447067,-1.2917136794532307,-0.1313358675679028,-4.963900874711856,1.389188587125805,0.13497768064884721,174.7789795201485,2.6941,179.743,1.3868874273845797,0.14133953830363127,175.0118834058639,2.6924
1787413524.5131278,-1.2905552179219797,-0.13180133997796484,-4.696396396784573,1.394847090678367,0.14468532769843953,175.143038747557,2.6996,179.839,1.401971379465448,0.1479318823816402,175.19727312748893,2.7070
1787413524.6489801,-1.2882380871243264,-0.13181886817814448,-4.687086994994329,1.4304417017143083,0.1618172115290701,176.02839885374425,2.7345,179.285,1.4752940520242868,0.1821672933651519,176.46763669151915,2.7813
1787413524.716448,-1.2869919855830745,-0.13144799034485039,-4.748065990049959,1.4622326987141336,0.17472147546656486,176.21624533008145,2.7662,179.036,1.4724878175331984,0.18437642378353453,176.50602203366182,2.7775
1787413524.8516176,-1.285207083995859,-0.13071396454038395,-4.9471129610318165,1.4702233150523825,0.1817963055759127,176.4509955794216,2.7731,178.602,1.5156001341134835,0.20018457845457785,176.9328398796391,2.8203
1787413524.9817898,-1.2838928094561421,-0.13098518498783424,-5.013907949215512,1.4907384424656775,0.1889400274735555,176.64500554722693,2.7930,178.341,1.5087900402838108,0.1100005225087131,173.4255002756799,2.8031
1787413525.050093,-1.2832170566921142,-0.1314756947638247,-4.98061176212816,1.4982541807171603,0.1307953923329526,173.95019306445244,2.7938,178.931,1.5031576195389371,0.12289776618505804,174.0822273184786,2.7980
1787413525.1178622,-1.2826402041223777,-0.1320633927241219,-4.8016991139113605,1.5096672823923123,0.11529189556854841,173.63660513213665,2.8032,178.438,1.5178512978267094,0.15327962166635842,175.22297948045326,2.8150
1787413525.2553928,-1.2823402959702772,-0.1322754962079561,-4.758768296922823,1.514677967610966,0.13356120774410318,174.7190677967279,2.8096,179.478,1.4656795202551591,0.18087701547339724,176.33087179056997,2.7658
1787413525.3283408,-1.2820575413465023,-0.13197813410951992,-4.742772539820551,1.4373412318790435,0.16049665260670296,175.67932937258476,2.7351,179.578,1.390502165198863,0.14950801455075396,175.43735736561305,2.6873
1787413525.4696605,-1.2816043540168869,-0.13095800389318452,-5.069708223904712,1.4131634224134726,0.15522398282395636,175.5391323243611,2.7099,179.391,1.3680325882429358,0.1513842293344751,175.50692026671786,2.6646
1787413525.54066,-1.2810879311169596,-0.1307643064695607,-5.084040989686352,1.384794094193476,0.15449741786703108,175.5684096057717,2.6811,179.348,1.3496018473481373,0.13913451607879587,174.99671529591336,2.6445
1787413525.6824398,-1.2799617125100284,-0.13120458770742144,-5.073993107259784,1.350927060265653,0.13661615763428495,174.8944158096731,2.6445,179.968,1.3471029970212438,0.1336819883973943,174.8526515565654,2.6404
1787413525.7504683,-1.2794628324357735,-0.13170741730291105,-4.918313495440479,1.3453190908435513,0.13578098445919606,174.8461919013922,2.6384,179.765,1.3440571672565464,0.1331209151039902,174.94652134151482,2.6369
1787413525.8179262,-1.2790281549789313,-0.13208445412639622,-4.640796564295756,1.335415379096306,0.1370295875308245,175.08496483840977,2.6283,179.726,1.341121270295505,0.14438740612696166,175.50351010609256,2.6347
1787413525.95548,-1.2774725600430068,-0.13193571659842473,-4.669948991128575,1.3350957829260264,0.1413904206652908,175.45582547394105,2.6268,179.874,1.3574070559206468,0.14414580765689086,175.4383873748196,2.6493
1787413526.0257697,-1.2766048076457444,-0.13146877633965023,-4.779682723554902,1.3500788359953437,0.14255612165538675,175.3488000626444,2.6409,179.872,1.3626953715925718,0.14378170912223856,175.3564745055179,2.6536
1787413526.168793,-1.274486922022754,-0.13074502100236457,-5.10612707768237,1.336818421845657,0.1387934518786295,175.26240470923096,2.6252,179.631,1.3353702198255626,0.13610627503038494,174.92148975547732,2.6235
1787413526.2420464,-1.273108795593465,-0.13086104427953316,-5.187057166899976,1.3334153900660644,0.13677818469747935,174.93511967778142,2.6202,179.878,1.322204021983751,0.12969126095039038,174.79623341841267,2.6084
1787413526.3159132,-1.2716876447479026,-0.1312776187555273,-5.243394685866698,1.3248763888410633,0.13149843789930646,174.8215593428558,2.6098,179.935,1.3379064474471214,0.13133054926323046,174.71605444954037,2.6228
1787413526.4628763,-1.2690495795350085,-0.13238226379371743,-4.994472197548811,1.3446709034193567,0.13309713116154143,174.5627350334072,2.6272,179.557,1.3717104408100318,0.14445764625579846,174.78744594735764,2.6552
1787413526.5237272,-1.2678632444429545,-0.13249348787130819,-4.987981022146391,1.3563179885820518,0.14011312906670445,174.7371509694646,2.6383,179.725,1.3717104408100318,0.14445764625579846,174.78744594735764,2.6541
1787413526.6634617,-1.2652805958566953,-0.13195077274833225,-5.03761362769796,1.363370132737719,0.14915768001654597,175.22906780023453,2.6436,179.733,1.3719824442388489,0.1542639549178477,175.35528909451415,2.6527
1787413526.7311277,-1.2640279465965756,-0.13143195863078685,-5.223649309579928,1.367910003669927,0.15277925121550467,175.3295692235044,2.6472,179.447,1.3719824442388489,0.1542639549178477,175.35528909451415,2.6514
1787413526.8694293,-1.2618607676697344,-0.1310160142059236,-5.279917380817963,1.3611053953641472,0.14493537259372893,174.92267221112266,2.6374,179.797,1.365131726999783,0.1347823815338288,174.5944886906466,2.6404
1787413526.929177,-1.2607206926350514,-0.13121587749538927,-5.305680548654253,1.3635477560635547,0.13774642050045252,174.64843438213697,2.6380,179.954,1.365131726999783,0.1347823815338288,174.5944886906466,2.6393
1787413527.0535288,-1.2585468181161217,-0.1320894859288732,-5.101466960281823,1.36338505216769,0.13655620724651385,174.60344851428584,2.6357,179.705,1.3648516595851512,0.1390449184323212,174.65288653799013,2.6374
1787413527.1170387,-1.2579946977719423,-0.13225758825224015,-5.091954960164908,1.4040450543885366,0.161642157439394,175.5957707385762,2.6782,179.312,1.4962569372653773,0.22469673896288778,177.43621815506273,2.7773
1787413527.254457,-1.2566425404375625,-0.13184574290019385,-5.0386980350832244,1.4359733233995389,0.1854714328203967,176.46011800190408,2.7112,178.501,1.4526238602336259,0.18836717847509568,176.24603275825976,2.7281
1787413527.3276157,-1.2558922746800052,-0.13127143664621982,-5.089330854157114,1.4537650035194707,0.18838910309300747,176.25633230354347,2.7284,178.654,1.4847037848904707,0.186091270071726,175.96867139000918,2.7589
1787413527.4621174,-1.254998614616451,-0.13063374327480917,-5.355066285779537,1.4708575736566032,0.18705552483085405,176.0073392414863,2.7443,178.638,1.4869499878939694,0.16240946284814198,175.00174307128444,2.7576
1787413527.530318,-1.2547309622535296,-0.13091518875580374,-5.427066324187049,1.426411865624321,0.15295293423107534,174.89289635592158,2.6961,179.680,1.375059492280182,0.13827537003821194,174.62728131321776,2.6435
1787413527.665726,-1.254194585614639,-0.1322408934003988,-5.426353592867523,1.4239173201173116,0.14387047742938835,174.46051181519147,2.6923,179.887,1.3606809814663698,0.1417830360058391,174.58418927091148,2.6292
1787413527.7386765,-1.2538516877136705,-0.13284227236018484,-5.39936809040099,1.3902136192054058,0.1447368590785895,174.64030372541504,2.6586,179.960,1.3592826093471173,0.14480944979731783,174.65771410144345,2.6278
1787413527.8148994,-1.253471523294776,-0.13318203458700045,-5.292003671888969,1.3614844741319925,0.14863325259297874,174.84788809138325,2.6301,179.860,1.4135931828799866,0.17767120038939851,175.7492836575505,2.6851
1787413527.9551063,-1.2524598012708257,-0.13301286951349328,-5.128226414349019,1.3801484385375484,0.1620755971092512,175.43714914440827,2.6491,179.435,1.3555589814156934,0.15019506351795517,175.0767064476569,2.6234
1787413528.02649,-1.251987002292908,-0.132663801691573,-5.207886577341028,1.358250051054672,0.150240517013633,175.08839726989973,2.6255,179.704,1.3519966492624496,0.14759073526130786,175.04431435014126,2.6190
1787413528.16194,-1.2511542124969177,-0.13253506089923983,-5.619506084741205,1.3526236408696766,0.14949070995689573,175.0848048806155,2.6190,179.296,1.3620095439169877,0.13984438490280152,174.60779403244715,2.6273
1787413528.2306511,-1.2510195160656914,-0.1333070180522112,-5.602571843724987,1.3601940432798953,0.13819502053226074,174.21492988971232,2.6253,179.818,1.3472006306487199,0.1365540144867526,174.26426612362513,2.6122
1787413528.3771493,-1.2508871380843032,-0.1353193318632163,-5.272106355784551,1.3525105401713011,0.13704331250306276,174.27324280016978,2.6176,179.545,1.3412166228560338,0.14064834246497912,174.48504985757742,2.6068
1787413528.4494543,-1.2505029370676624,-0.13602466215297146,-5.247352216514954,1.343766433516384,0.13958066791341728,174.46928519497044,2.6089,179.717,1.3390655882205373,0.14511206934628026,174.80278492240973,2.6048
1787413528.519651,-1.250016341587961,-0.13640359671222943,-5.21091482389903,1.3265019431248335,0.14280891536541118,174.8536412888439,2.5916,179.935,1.3200446054244195,0.14219989226045862,174.84377682257454,2.5851
1787413528.6616724,-1.248923496617211,-0.13652084639669618,-5.338490226903122,1.3228327148823895,0.1423689449166726,174.83737035096337,2.5868,179.824,1.3114616798040835,0.14050663824246765,174.8146265110039,2.5753
1787413528.7382467,-1.2484942513926285,-0.13659058573485328,-5.603248111204658,1.3145254312484949,0.1369926917567304,174.4597477260024,2.5776,179.937,1.3190902129829585,0.13508174700769088,174.4217833271417,2.5819
1787413528.8804212,-1.2464106182406243,-0.13791302080886098,-6.235531431821053,1.3078943499938793,0.13557630236164506,174.2028907405215,2.5689,179.562,1.3075652434274752,0.13530234628260018,174.19782986955087,2.5685
1787413528.9500117,-1.24533144483678,-0.13898537561504876,-6.443910049956315,1.3087510519137915,0.13330123041362058,173.77592226424557,2.5686,179.780,1.302003369373677,0.1341437996415278,173.51443198190495,2.5619
1787413529.0183814,-1.2443582985983643,-0.14012090527376295,-6.502930853967188,1.3053645509840126,0.13987414626462816,173.39972800774717,2.5651,179.903,1.3126391489275748,0.1424836272390053,173.42871302130223,2.5726
1787413529.1589196,-1.2424676896952196,-0.14119177187712598,-6.447204720384549,1.307514110929687,0.14355671043789422,173.47145372963936,2.5658,179.919,1.3210147462472035,0.14950099297353656,173.63108371309016,2.5799
1787413529.2293813,-1.2413705895430378,-0.1413050302194474,-6.439273119131134,1.315883353798031,0.15019026988739423,173.66923647109476,2.5738,179.891,1.3212847515873547,0.1522688863731615,173.70593888175966,2.5794
1787413529.3685262,-1.2393263805602124,-0.14120538254835502,-6.798461291035028,1.325798542437556,0.15199040533923233,173.67464766163184,2.5818,179.527,1.3058826686149672,0.1469447542504217,173.39538949117622,2.5615
1787413529.4400396,-1.2383395325290292,-0.14142839823472853,-7.090103123069886,1.3145052803147013,0.14937203209832264,173.4326750107861,2.5694,179.477,1.3296584142628707,0.1422480405246962,172.9735306714112,2.5836
1787413529.5799506,-1.2363507914595542,-0.14326916774567394,-7.0069559316191885,1.3256089789162862,0.1445594767646271,172.68118036467322,2.5781,179.688,1.329573307052598,0.14471487225827176,172.67640888700691,2.5820
1787413529.642844,-1.2356681126906295,-0.14394761073939205,-6.9797800882651115,1.3368509841709852,0.14338348096666137,172.67517837714047,2.5885,179.655,1.3445989655156398,0.14406026911999983,172.68207894868206,2.5963
1787413529.781033,-1.234268143100983,-0.14483128439749937,-6.741401906501924,1.3381939803507183,0.15132547199492988,172.95637655344404,2.5895,179.698,1.3387626106025323,0.1530597800399161,173.03806304032844,2.5902
1787413529.8509617,-1.2334192250740503,-0.14485695317533923,-6.61970590918661,1.3387775225871825,0.1525979741616116,173.02741173056538,2.5893,179.647,1.3547084946391137,0.1588468271011423,173.27190196203432,2.6059
1787413529.9188251,-1.232547613774173,-0.1446582564238216,-6.583489668177923,1.3439243743514364,0.15496022519558655,173.27670286423177,2.5938,179.860,1.3446214553569442,0.1598770415407336,173.46350340302098,2.5951
1787413530.0553024,-1.2314445108993193,-0.1442822058468981,-6.6990332481973764,1.3444903374701112,0.15854166736827086,173.43800469805365,2.5937,179.863,1.340243576034583,0.15059723532314476,173.05224484863575,2.5885
1787413530.120757,-1.2311009683281484,-0.14442752786660348,-6.7223663867903705,1.3431740285940923,0.15338780326935972,173.1035266755049,2.5914,179.826,1.340243576034583,0.15059723532314476,173.05224484863575,2.5882
1787413530.2680554,-1.2303931593447823,-0.14541377605129904,-6.644196183494191,1.3366618846118679,0.14641735225419403,172.99645047593015,2.5836,179.641,1.3230314649892603,0.14523574978301096,172.96665034844827,2.5699
1787413530.3370013,-1.2299700816785428,-0.14535308113371542,-6.631264751082164,1.3292154191996484,0.14590769447809643,172.9729431402319,2.5757,179.604,1.312442420007802,0.14823811474718787,173.24831815134223,2.5593
1787413530.4648142,-1.2289107844997198,-0.1444803191246764,-6.506073005031609,1.3186610675068526,0.1479538932393501,173.23872561832022,2.5643,179.745,1.312442420007802,0.14823811474718787,173.24831815134223,2.5582
1787413530.5304675,-1.2282638547916889,-0.14369714986759247,-6.477233210856356,1.3186007276417422,0.15688629360684317,173.55239910872132,2.5645,179.970,1.3215005152104335,0.15913803396170753,173.59262357532725,2.5677
1787413530.6662533,-1.2270390970628424,-0.14211846828677618,-6.5990396655685375,1.3174524632976006,0.15969438283117432,173.76334286419987,2.5623,179.638,1.3105286794785342,0.15468561997552305,173.52182966471645,2.5549
1787413530.7351482,-1.2264036334160129,-0.14177258071662593,-6.6683904246748495,1.3129539270984099,0.1564812178114611,173.5490707386865,2.5568,179.783,1.306215503759185,0.1506478763778806,173.4251568571864,2.5494
1787413530.8727965,-1.2250801158497069,-0.14181141579667536,-6.757596429655591,1.308396093198864,0.152288545224842,173.4485692466896,2.5505,179.794,1.3014540221951856,0.147525112322686,173.0810905823376,2.5430
1787413530.9415748,-1.2244946071475376,-0.14209306917059109,-6.651559562173413,1.3032979159856233,0.14886574757410184,173.10306573721277,2.5445,179.755,1.297075676555917,0.15248849976309956,173.32395124605904,2.5387
1787413531.068572,-1.2233425134056475,-0.14208599774315245,-6.153914998664281,1.3058271825237922,0.15619095510991643,173.51491801999944,2.5467,179.669,1.3157099702681563,0.15973868825262794,173.5786587621738,2.5569
1787413531.1422043,-1.2224818813392158,-0.1414379561956035,-6.17241583221449,1.303544404266342,0.15702646028404357,173.50390035801215,2.5436,179.676,1.288137277282185,0.1865992532162135,175.10404803315092,2.5320
1787413531.2154717,-1.2215813919498268,-0.1405562781269284,-6.264945592639439,1.314206847243638,0.16605291018529597,174.18775566110236,2.5543,179.547,1.3130266891186888,0.1602296409089957,174.0165147241387,2.5524
1787413531.3536825,-1.2199512878002752,-0.13891908433694658,-6.533139409910986,1.313942598096908,0.16226426449723372,174.04833791995352,2.5517,179.419,1.3442722501159503,0.15355790674510972,173.55162828394282,2.5808
1787413531.4187675,-1.2191040403824502,-0.13854261627930314,-6.567189049265177,1.3156401254946433,0.15321085493228634,173.59959215256566,2.5515,179.833,1.3073184494617682,0.15174061836986585,173.57672046227893,2.5430
1787413531.5645602,-1.217387623276922,-0.1384410165883394,-6.5020555292472695,1.3022546560430037,0.1518899258126574,173.6238810110646,2.5363,179.874,1.296029325441505,0.15591286175730096,173.71087893299304,2.5306
1787413531.6322248,-1.2166592550840645,-0.1384563186340247,-6.25903421593226,1.2984063342567622,0.1547849041191343,173.6964925364022,2.5321,179.956,1.3320589923466464,0.1600023970107821,173.65894554198104,2.5661
1787413531.7725604,-1.2148332768015706,-0.13779775490340057,-6.2500352262192385,1.3120940068971312,0.16012851433455935,174.08707915963095,2.5444,179.663,1.3172451516793002,0.1676666533986427,174.26322488975828,2.5504
1787413531.8432634,-1.2138020597335073,-0.13706845164225556,-6.296657973058914,1.314378890427622,0.165435916774387,174.22711048965496,2.5462,179.476,1.3170730426192245,0.16576389956650872,174.28632617960125,2.5489
1787413531.913385,-1.2128210782141065,-0.13620996965093557,-6.462333663289876,1.3112653986742362,0.16821367169743154,174.224728425381,2.5424,179.313,1.306822998440388,0.16797143924373506,174.2124530393838,2.5379
1787413532.0553656,-1.2111109111642508,-0.13607480733386906,-6.512744353148579,1.32967120386445,0.16376670542061064,173.9581798164433,2.5584,179.529,1.3056590862167663,0.15910396045786174,173.96978945405385,2.5340
1787413532.1164613,-1.2101949744307725,-0.13666233389238142,-6.533605796417243,1.316439142027316,0.1615771119677738,174.01733873885513,2.5442,179.449,1.3056590862167663,0.15910396045786174,173.96978945405385,2.5332
1787413532.2539747,-1.2084921197254126,-0.1383160962367253,-6.297710777807744,1.3264392647794618,0.15965575619722092,173.6795443906215,2.5524,179.977,1.3335057445510858,0.15983268231349068,173.6781793529817,2.5594
1787413532.324095,-1.2077002620736161,-0.13897425774382707,-6.011987201311527,1.3241414055148033,0.16623911617823858,174.19283148818712,2.5502,179.795,1.3232082786219734,0.16776415081136964,174.21666333267237,2.5494
1787413532.4636593,-1.2056153944730343,-0.13910838019087735,-6.018895961661641,1.3503665808335126,0.1807685008376675,174.9236780552789,2.5759,179.057,1.3886392644927605,0.19631727802273288,175.21681730883788,2.6158
1787413532.5377648,-1.2045446357232479,-0.13880862397606805,-6.13171837533256,1.371602875598153,0.1901125403234094,175.0948284165689,2.5971,178.773,1.3942128142164856,0.1998442867665578,175.28380376253978,2.6207
1787413532.6137257,-1.2037642139661644,-0.1390629218586809,-6.142510937747448,1.3456800441748558,0.17552331783607014,174.49928082950672,2.5688,179.358,1.3113039898861976,0.15576514049296403,174.04596515967663,2.5323
1787413532.7541304,-1.2021097764539252,-0.1404445090029515,-6.270994567195163,1.3301741545264942,0.16438223503902968,174.1937858317862,2.5506,179.535,1.3059609887455303,0.15065406654726857,173.87751452689707,2.5249
1787413532.8207004,-1.2012806853580533,-0.14154002777742933,-6.310035630895652,1.3170795806288522,0.1549431332208947,173.95126106367132,2.5358,179.739,1.3059609887455303,0.15065406654726857,173.87751452689707,2.5242
1787413532.9678528,-1.199830263675792,-0.14358383940894398,-6.186961816773638,1.2878512273325224,0.15219865751638895,173.7720155304607,2.5052,179.959,1.3098460708006068,0.1561441786086465,173.90489684603708,2.5275
1787413533.0400844,-1.1990206598471902,-0.14413629411102452,-6.1433080732523315,1.2989213246168008,0.1598869552086809,174.03864632948674,2.5164,179.818,1.3044462857584933,0.16445708371655643,174.11662850214867,2.5224
1787413533.1109984,-1.1981066914999476,-0.14439662898485017,-6.117602530545498,1.299842184987096,0.16262259362974088,174.14106648843207,2.5167,179.741,1.2942390837588063,0.1632249396032242,174.1675644449165,2.5113
1787413533.2622046,-1.196404397235926,-0.14453166965844527,-6.429034755191703,1.2960481579550913,0.1632387196895704,174.1692577389489,2.5114,179.402,1.2914707716410054,0.1531346497502067,173.78446811948504,2.5056
1787413533.3404105,-1.1955899887528072,-0.14490304374406657,-6.71442774038016,1.2944790704822096,0.15700493027578385,173.60405396798936,2.5083,179.682,1.297438392429037,0.1574601737654626,173.60798323467188,2.5113
1787413533.4788942,-1.193891087813189,-0.14694288939993302,-6.600555341363375,1.2945957529314271,0.15074147766244866,173.1396655850185,2.5062,179.740,1.2955440848505084,0.1485987682728453,173.1004922175999,2.5069
1787413533.552879,-1.19313960471428,-0.14814981775358413,-6.373634834908334,1.2877277203672857,0.14775268703185815,173.0996297936398,2.4985,179.473,1.2897766954643373,0.1559204118338083,173.3296372543613,2.5015
1787413533.6226332,-1.192399872112608,-0.14903393876546878,-6.34667080614511,1.2877260702778288,0.15292606778086532,173.2839522349486,2.4984,179.631,1.2954526065384266,0.16034850004830734,173.69998463398565,2.5070
1787413533.7528396,-1.1906857067404064,-0.14986774439051156,-6.250481317654177,1.2901325218349518,0.15739917106788015,173.6471298650216,2.4998,179.898,1.294878732368323,0.16402084217387308,173.8066372021292,2.5053
1787413533.8222277,-1.1898032811968253,-0.14987972224566073,-6.28012151054684,1.2937444589054758,0.16218857500274897,173.73600410149783,2.5031,179.984,1.296332040701822,0.16235228083075967,173.7386314105536,2.5057
1787413533.9663134,-1.1882474522947173,-0.15012343131752587,-6.704234802157372,1.2875315752199854,0.15809738163223427,173.61146853875567,2.4949,179.684,1.343158081144425,0.15050374632033892,172.956213759168,2.5492
1787413534.042072,-1.1874927065497158,-0.1502859233593002,-6.743471393818314,1.3347830431859375,0.14323109541776238,172.46167780382933,2.5393,179.205,1.3633452201631588,0.1397977951203546,172.32218840469608,2.5673
1787413534.112,-1.1867217197302524,-0.15074404393257074,-6.734075670766947,1.3379539718138018,0.1494372107818134,172.647899955702,2.5425,179.382,1.3376319629445124,0.15180062297036276,172.68618702353737,2.5424
1787413534.2576792,-1.1859638115129918,-0.15099342510076835,-6.786733266677848,1.2996041758659789,0.1515104393033,172.93783287389405,2.5039,179.725,1.2837322310580372,0.15731900722286962,173.06359065515693,2.4889
1787413534.332283,-1.1854883430356726,-0.15071419910531877,-6.690990947933733,1.2917465226164178,0.15918046938071762,173.15859629011626,2.4965,179.850,1.2961504282730538,0.16167926155701895,173.2022883005052,2.5012
1787413534.4712493,-1.1844343844990795,-0.14897059384020025,-6.607253466356818,1.2859274983632787,0.1627453117047223,173.40515240882627,2.4900,179.988,1.2665157334118928,0.16122367903684584,173.461295610184,2.4705
1787413534.5413556,-1.1840086027753522,-0.14800192921109662,-6.754395734018412,1.2743820466820819,0.16256867769504502,173.48410929550823,2.4779,179.761,1.2633117124301685,0.15686799786340438,173.3415856247137,2.4662
1787413534.6776838,-1.1826551775123837,-0.1473806828220041,-6.795351968571797,1.2665166367307057,0.15860813535512078,173.36732941587996,2.4682,179.837,1.2524210517260117,0.1508930989638749,173.13945196905576,2.4533
1787413534.7497022,-1.181941311686067,-0.1474537613885534,-6.782813723580946,1.2564936002877867,0.1530016787509549,173.17083125773172,2.4569,179.954,1.242814087634484,0.14797100947814035,172.98519714749915,2.4427
1787413534.8222082,-1.181302579458232,-0.1476907386371368,-6.647123148698493,1.2416007831324627,0.14823520574580235,173.08254226582523,2.4409,179.730,1.2448792887613875,0.15230364105275307,173.19514710212374,2.4447
1787413534.960259,-1.179952640979189,-0.14774299423614817,-6.368575377842993,1.2414195325661945,0.15074450572112386,173.1719318546563,2.4397,179.541,1.2465657041655502,0.15712378473736383,173.70793547051792,2.4456
1787413535.0218031,-1.179031992939638,-0.14733439917384306,-6.4299219638411005,1.2423154175922144,0.15469244237732768,173.6685626722402,2.4401,179.902,1.2465657041655502,0.15712378473736383,173.70793547051792,2.4446
1787413535.1585784,-1.177161368838382,-0.1459896341685278,-6.800797608865936,1.2583427261573257,0.16781229188207453,173.93173496846816,2.4556,179.267,1.2489760451018792,0.16318748584161571,173.78468519158298,2.4458
1787413535.2269347,-1.176343268316766,-0.14551455450478476,-6.825100988367851,1.2419145126031128,0.15595742557682965,173.17006871336446,2.4370,179.995,1.2349206284234684,0.15121027096828127,173.09528815800192,2.4295
1787413535.3660927,-1.17461452150913,-0.14538337265651982,-6.895942342415511,1.2355024750063672,0.1497699550329818,173.0098001202647,2.4281,179.906,1.2222722256549121,0.14761481033926824,173.01131809440935,2.4147
1787413535.4390683,-1.1737636052873732,-0.14566407871261355,-6.840096185365778,1.2316535804979725,0.15078812787015544,173.08921570616548,2.4236,179.929,1.2380867979249042,0.152671952902886,173.1164508972133,2.4302
1787413535.5751975,-1.1722387130465888,-0.14604688821443007,-6.349435320892347,1.2285399091517293,0.14925677696328887,173.01017876792892,2.4189,179.360,1.2545407342108517,0.16997551657622384,173.84890743959318,2.4473
1787413535.6436317,-1.1712714593029772,-0.14569392370971648,-6.3576166841942445,1.2400104368078475,0.16198346048595186,173.71438046348555,2.4308,179.928,1.2354092304789803,0.15982174920426145,173.76600578605192,2.4260
1787413535.7152996,-1.1702064600984403,-0.1450458213263632,-6.412900916549111,1.2582846086570871,0.16182612595922868,173.75411208549139,2.4478,179.833,1.272615019752085,0.17207748932729633,174.0245364557338,2.4633
1787413535.8517683,-1.1680556472448669,-0.14379349799695565,-6.606057576907698,1.2659984840593175,0.16853051306686428,173.96601832625316,2.4540,179.428,1.2558509834123197,0.166737484400818,173.90165223470981,2.4437
1787413535.9196157,-1.1669227365354742,-0.14362067689922883,-6.674464580308249,1.2632167408910993,0.15798454420408375,173.41711045725947,2.4488,179.908,1.2427839479023877,0.1502454700304038,173.29183513741336,2.4276
1787413536.059232,-1.1646082297968188,-0.14403249319132638,-6.7510591055258775,1.251817121695691,0.15304516973394705,173.33525201664636,2.4346,179.914,1.2451256151030436,0.1509223179803236,173.30960190203297,2.4277
1787413536.1303115,-1.1635242551573066,-0.14448665683429557,-6.645141649909426,1.2664552252091335,0.15610689181671886,173.2372500494086,2.4485,179.882,1.2922876792346962,0.16138248009268816,173.30789702755771,2.4748
1787413536.2660558,-1.1614017455561096,-0.14461804710225817,-6.402955610704111,1.2609706733509887,0.16309801958210657,173.6503199932512,2.4418,179.947,1.3361726595886039,0.1992870137453054,174.8373347377788,2.5211
1787413536.333134,-1.1602315240034249,-0.14406779742334017,-6.348106572380102,1.2939135227474083,0.18072391970361176,174.46331749234747,2.4755,179.189,1.375769861474458,0.19794982965907376,174.54361336682155,2.5590
1787413536.4677951,-1.1583961176974606,-0.14298669232230204,-6.34532427894002,1.3317294130259918,0.18908125207843718,174.4294935633541,2.5122,179.225,1.3309899518503694,0.1971245642909589,174.95087278786545,2.5125
1787413536.534859,-1.157758781132942,-0.14281257155957092,-6.357796081674158,1.335151185860293,0.19941681926862367,175.0175662603543,2.5163,178.625,1.3294059971686116,0.19778970996377412,174.98221544785574,2.5104
1787413536.6675475,-1.1564810828409924,-0.14350270022221476,-6.383765765772893,1.3332925629179904,0.20087323378413544,175.0766608284245,2.5135,178.540,1.3234750868390954,0.19121654170256616,174.73780399057142,2.5024
1787413536.736087,-1.1559166148321907,-0.14428586023158094,-6.297728472520935,1.3317435016771606,0.19670504001156883,174.860866755275,2.5109,178.841,1.3421651020511467,0.22084658812814578,175.85566786164975,2.5246
1787413536.8726082,-1.1553599703424922,-0.14535791380251628,-6.050056796800856,1.3361354821168203,0.21186378162029385,175.61278482732007,2.5170,178.337,1.2658944213777157,0.1719411325505582,174.37299975142378,2.4420
1787413536.9423573,-1.1551920610707198,-0.14538577575051587,-6.021456457408443,1.2923158085981672,0.1824898110742628,174.56080415055825,2.4694,179.418,1.2683665066353227,0.17389763796948396,174.4993595926933,2.4445
1787413537.0750124,-1.1547063089051806,-0.1447081989137826,-6.153257048980898,1.2645430681379441,0.17244751133566877,174.45582515491174,2.4399,179.391,1.2535564506316006,0.16893734455141532,174.38710063094697,2.4286
1787413537.1459422,-1.1540025327137797,-0.14458595566536875,-6.174735254950113,1.2606897075560362,0.1716924954946699,174.4881408930761,2.4353,179.337,1.2444366322531624,0.17287998191202525,174.40229848565872,2.4194
1787413537.2799215,-1.152532249491117,-0.14510172554552384,-6.295565785057907,1.249182868242147,0.17348518998699028,174.4157601731803,2.4228,179.289,1.2444366322531624,0.17287998191202525,174.40229848565872,2.4180
1787413537.3508625,-1.1517659653147394,-0.14573388403683185,-6.312651749047422,1.24871580193481,0.158091096619543,173.69991411839297,2.4196,179.987,1.2473595643408721,0.1669446072949968,174.0997163341214,2.4194
1787413537.4214954,-1.151083114418518,-0.14651288092158213,-6.200570643290886,1.2511184023945652,0.15915899621465088,173.65662566617272,2.4216,179.857,1.258905128715621,0.15844337533254224,173.63454018557758,2.4292
1787413537.5688488,-1.1495935563192525,-0.14722587089696376,-5.954334931835776,1.2533193972317218,0.1690562985280641,174.21847442925068,2.4236,179.827,1.2354829357941712,0.1674691239129045,174.39643566171512,2.4057
1787413537.637877,-1.1486323195398966,-0.14704511563478537,-5.965287756566501,1.2425280430880858,0.16851222976287325,174.41635815868713,2.4119,179.618,1.2383758392396127,0.1713202570249009,174.4714581279516,2.4081
1787413537.7773716,-1.146788422203254,-0.146229017207169,-6.317490772699769,1.238372678071113,0.1706874373357538,174.46227454435436,2.4061,179.220,1.2383758392396127,0.1713202570249009,174.4714581279516,2.4062
1787413537.8573608,-1.14592987366832,-0.14600362788719226,-6.334368018296321,1.235178454166043,0.16603364844138888,174.2194871672713,2.4015,179.446,1.2481071795081904,0.1560392370545278,173.5774959741836,2.4130
1787413537.928055,-1.1450292396114408,-0.14615038128492835,-6.359820147341834,1.2350716368127996,0.1550398532353937,173.61668972464884,2.3991,179.977,1.232863084415926,0.1541262550848095,173.60380223282039,2.3968
1787413538.0635526,-1.1432742150033643,-0.14705664206031077,-6.196178045738948,1.2284706841352577,0.150596011969028,173.43065172477773,2.3903,179.627,1.2251511224166851,0.1490844698021227,173.40686001280667,2.3869
1787413538.1404438,-1.1425004552934894,-0.14745505667435255,-5.927672252381956,1.2381698013865627,0.16498493945413897,173.98150066055285,2.4011,179.909,1.226371840637555,0.16190168634561528,173.940915105893,2.3890
1787413538.2140238,-1.141614823971656,-0.14755672352437935,-5.922088121007399,1.2447337860447838,0.16525854392813236,174.19952439324928,2.4068,179.878,1.2415712244915975,0.17020227809575858,174.46994665749546,2.4043
1787413538.3540113,-1.1396183719905548,-0.14688375844773804,-6.028028321536984,1.2421270370896569,0.1689743162200704,174.4500622767169,2.4026,179.522,1.2414245373051795,0.16731652122897994,174.34744205192735,2.4017
1787413538.4166338,-1.13871891525308,-0.14642580684308612,-6.281205593155986,1.241528226026201,0.1678712644774623,174.35693485057143,2.4009,179.362,1.2563642864432492,0.1631782805673138,173.7743086906429,2.4150
1787413538.5576448,-1.136923648955585,-0.14620200630825242,-6.318121365677028,1.2503439921947133,0.16373343787264746,173.79193665855206,2.4073,179.890,1.2169558999950052,0.15349155251843516,173.70271891871158,2.3729
1787413538.6245909,-1.1359781945393714,-0.146486970943998,-6.312734156367063,1.2386429008652202,0.1644704654555815,173.98316238003628,2.3949,179.704,1.248001282503649,0.1689393732069113,174.05704120144247,2.4048
1787413538.7664113,-1.1342935813282353,-0.14734549381621906,-5.95239368021122,1.2426208893921937,0.15868072756534607,173.65045067424975,2.3965,179.603,1.24685426017614,0.157025002008457,173.61866609780753,2.4005
1787413538.8417904,-1.1333968329544262,-0.1474920043938284,-5.943983930391861,1.2295405586960666,0.16107583286390464,174.0212014796037,2.3830,179.965,1.2349666597703857,0.17017382498853229,174.453384097691,2.3896
1787413538.9182265,-1.1324042930726472,-0.1473365587615631,-5.937829336272919,1.2308950694479361,0.16876286456795306,174.4548905310306,2.3843,179.607,1.2347496837407488,0.1662405312036648,174.3591739774124,2.3878
1787413539.065211,-1.1304136313118824,-0.14641788983407225,-6.240634425561775,1.2326670219514995,0.16681798582115398,174.36835380783623,2.3838,179.391,1.2237542186097392,0.16712457177251056,174.28442295122554,2.3750
1787413539.1377897,-1.1295117419551888,-0.14609095143861148,-6.260331711155955,1.2269684421002744,0.16766062496874926,174.29674759781832,2.3773,179.443,1.2577782084745361,0.1693325088574176,173.95449494202558,2.4080
1787413539.216832,-1.1285736973836291,-0.1460926280750605,-6.2885349345934625,1.235335813163897,0.16403464391811393,173.9416128876482,2.3842,179.770,1.221048189393486,0.1602923674841148,173.84807555343386,2.3695
1787413539.363809,-1.1267273746721447,-0.14678372441062054,-6.139119024885289,1.2277098864911966,0.16202112902399143,173.87896076090377,2.3746,179.982,1.2721046739653414,0.16089255019997056,173.59874522680298,2.4185
1787413539.4373732,-1.1259076135972128,-0.14706658313776785,-5.864290945169524,1.2490123135057956,0.15921672395326142,173.60350332416806,2.3946,179.468,1.2267312158842874,0.17220597696164133,174.28768915421622,2.3742
1787413539.5714607,-1.1246922284511225,-0.1468240701293094,-5.562141480889814,1.234191336045239,0.16996871545740105,174.2555976663045,2.3801,179.818,1.2275321335653464,0.17393356209737873,174.80506903634802,2.3740
1787413539.6420822,-1.1240378473061792,-0.1463186167831261,-5.458444614713336,1.235586504658797,0.17467101537620433,174.84610301982596,2.3814,179.695,1.2436173918380131,0.1761168178876674,174.8675275750288,2.3895
1787413539.7799509,-1.1228037692029236,-0.14543549049432838,-5.538415606047094,1.2428931955591411,0.17006862338638565,174.85726679955496,2.3866,179.604,1.2493669048798308,0.16932051258410782,174.84420714716973,2.3930
1787413539.8486435,-1.1220853939586035,-0.14542767094987602,-5.564440235244251,1.213320189460306,0.16454614454262684,174.73219717945966,2.3559,179.703,1.189819388318618,0.1544761653208641,174.4339414974661,2.3313
1787413539.9150836,-1.1213107196112242,-0.14569548910218447,-5.541659555872856,1.197602594137921,0.15736518911030192,174.47775003003704,2.3386,179.981,1.1947296561447562,0.15849400223003615,174.546221555897,2.3359
1787413540.0568402,-1.1199509575111133,-0.1465682416735663,-5.146953337160662,1.1937927769235472,0.15794493338587073,174.53813069132056,2.3337,179.685,1.1921393400100155,0.15763145535311648,174.59188214807378,2.3320
1787413540.1255722,-1.1191759410267497,-0.14678980304864822,-5.13452023807848,1.1979643921813297,0.16308102131938174,175.10082188267896,2.3378,179.765,1.2080009310692734,0.16764060709088424,175.1844366992274,2.3483
1787413540.2638474,-1.11737747371949,-0.14638047702947693,-5.164279146793975,1.1992830935998198,0.16637431288085372,175.24423214527667,2.3377,179.591,1.2015805510069029,0.16936150433355346,175.27134952663428,2.3404
1787413540.3326337,-1.1164977999540195,-0.14592011031110044,-5.324185804001506,1.199568788400279,0.16842742777135403,175.25558587962877,2.3373,179.420,1.189255872066139,0.16276519941283105,175.03626687646883,2.3263
1787413540.4768043,-1.1142866718210707,-0.14591582807266906,-5.387344132583056,1.189352724547898,0.16396720721130897,174.84358287383523,2.3244,179.769,1.1878612418006398,0.156335330638524,174.7514252317287,2.3219
1787413540.5459723,-1.1131251073177237,-0.14633528017041003,-5.420617893341792,1.1877486060994062,0.15797244080541273,174.77483100469397,2.3209,179.805,1.178082270811793,0.15857608350494073,174.68079250751194,2.3114
1787413540.6192465,-1.111986524719678,-0.14697906980218303,-5.368705179058588,1.187359905373006,0.15718398424882818,174.59238544532155,2.3194,179.961,1.2334562175317554,0.16962348105525324,174.86757542809866,2.3667
1787413540.7614214,-1.1102999789475205,-0.1481099823587069,-5.071563169774737,1.2063370072838444,0.1629784020328752,174.7709323286049,2.3374,179.842,1.2248896483811722,0.17031355622129243,175.10639287722432,2.3568
1787413540.8309252,-1.109566119190681,-0.14825824525684292,-4.9579520537807955,1.250159884912083,0.18439060201439003,175.69704663753078,2.3831,179.345,1.2914495570687299,0.19935893990347575,175.9617665655947,2.4260
1787413540.9657965,-1.1079927581133566,-0.14790937927278927,-4.921449178872117,1.259520757216749,0.1955811225670429,176.18595317422725,2.3923,178.893,1.265267582227434,0.1998265916494484,176.2663491854635,2.3986
1787413541.0383391,-1.1073208752785482,-0.14772609204041948,-5.0943181624028,1.2676265149325459,0.20090200055413143,176.32000912776573,2.4004,178.586,1.208615337451194,0.1679469546761117,175.4360218660288,2.3374
1787413541.1780274,-1.1056693227063374,-0.14826643830249686,-5.100126957939098,1.21787824178438,0.17198419048019375,175.2459915085269,2.3455,179.654,1.2399788487872418,0.16273474345617744,174.84167174102993,2.3662
1787413541.2447202,-1.1048212790601692,-0.1489255033993678,-5.037835945036832,1.2280232505319044,0.1647343056504575,174.89943550376702,2.3538,179.937,1.1940640435754835,0.16136071772853128,174.9247787412925,2.3197
1787413541.3166466,-1.1040545712907062,-0.14968258860864642,-4.852199948388181,1.2063819842619716,0.1631833890319404,174.94708591045776,2.3315,179.799,1.190091443373449,0.1655182797903165,175.08888881289298,2.3157
1787413541.4620018,-1.1025028034413242,-0.15053937080862034,-4.780203002656226,1.1954580445773337,0.16568985388748456,175.3927509122061,2.3196,179.827,1.2060695410132636,0.17259541030363584,175.54279727793022,2.3311
1787413541.5309706,-1.101581996166181,-0.1505227488081378,-4.749625400260877,1.1997906616038372,0.16993898892367756,175.49609836248138,2.3236,179.754,1.1969342357864186,0.1757310140276245,175.62010493919365,2.3216
1787413541.668071,-1.0998665529399383,-0.15009187786520733,-5.037596164958247,1.1971951176983413,0.17450034222401659,175.60045782655138,2.3199,179.362,1.1969342357864186,0.1757310140276245,175.62010493919365,2.3198
1787413541.7417176,-1.0990610459167205,-0.1501030517551242,-5.31163855493318,1.1839224856016772,0.16735928987564092,175.41597161335883,2.3050,179.272,1.1921096767889212,0.164965484098912,175.06202038780503,2.3127
1787413541.873924,-1.0972022908205108,-0.15150953766268144,-5.247564336992617,1.1958528054342261,0.16458975158734893,174.7505464219878,2.3147,179.998,1.2035658406494585,0.16521519671333595,174.7569633051818,2.3225
1787413541.9434066,-1.0963277629670627,-0.15248561478862233,-5.080877208781109,1.1944758899756287,0.16398827377681216,174.73523481033556,2.3126,179.816,1.198784775743944,0.16667326626203613,174.89108894799878,2.3172
1787413542.01923,-1.0960146039291012,-0.1531371165664999,-5.055680135765994,1.198632847769598,0.17069168176756283,175.09329360025026,2.3174,179.851,1.2011155118079107,0.17322051747223305,175.13847656501423,2.3202
1787413542.1628234,-1.0951345593186717,-0.15358716752742396,-4.931816483849699,1.1970429510247538,0.17610961231270936,175.32035532308947,2.3158,179.748,1.1921916040690008,0.17667858568597902,175.39369203871092,2.3110
1787413542.2366745,-1.0946255746035802,-0.15342170216677975,-4.9587544791939,1.1920820611466636,0.17754926416043706,175.4632248073183,2.3105,179.578,1.1910091631256499,0.17749537338850194,175.46261620114595,2.3095
1787413542.3782735,-1.093819708723652,-0.153228542192499,-5.393083236925877,1.1981661458206543,0.1687490952817705,175.1103228196467,2.3145,179.497,1.1724731433247164,0.16272723087529792,174.9098123317518,2.2882
1787413542.4501588,-1.093128339871252,-0.15376168460151687,-5.384599311814525,1.1817185450943049,0.1650143070816562,174.9443210730316,2.2971,179.671,1.175391960720703,0.16177320323411673,174.65376564983714,2.2904
1787413542.519798,-1.0923992251904502,-0.15458806135498776,-5.343777766821019,1.170822894600077,0.15852052704373973,174.5340317406957,2.2848,179.878,1.1673151561785613,0.1568932232336191,174.50998498135235,2.2811
1787413542.655593,-1.0911388336436159,-0.15641677624597142,-5.164603799802072,1.1718056709128217,0.16102329248065514,174.6524720195722,2.2851,179.817,1.1596553210231961,0.1625675988770511,174.84783458826047,2.2733
1787413542.728629,-1.0904811352397952,-0.15703627441319085,-5.095227104450009,1.1658208882608836,0.1665142057387877,174.90069134645148,2.2794,179.996,1.1697809165659896,0.16852645444710848,174.93014336217635,2.2836
1787413542.8726544,-1.08893430735205,-0.1574046327334435,-5.0362305002916505,1.1715943664336288,0.16733167517134,174.98208437989035,2.2837,179.982,1.1837446290352887,0.17314702742485155,175.1529944667904,2.2966
1787413542.9423537,-1.0882134456734631,-0.15736715623685094,-5.176202076514542,1.1772066376581949,0.17077758045246183,175.11057943152016,2.2891,179.713,1.173833800116752,0.1692627204221646,175.12834554213816,2.2855
1787413543.015702,-1.0875483280249514,-0.1575271994972235,-5.41955152911552,1.1683698437585357,0.1636923506008425,174.68160290669803,2.2787,179.899,1.1690147100605162,0.15818169628546175,174.33897659400347,2.2785
1787413543.1600685,-1.0867532809941811,-0.15872648156457322,-5.729052980917036,1.168239317004681,0.1593950738471619,174.36085662062237,2.2773,179.910,1.2073235793003776,0.15468472896886548,173.93398471887107,2.3154
1787413543.2327375,-1.0864246700704,-0.15970370329820346,-5.797645457364844,1.1720030910308765,0.1587608977042928,174.0105043984175,2.2808,179.808,1.1615483921878362,0.1592263690889121,174.02553447717113,2.2705
1787413543.3644142,-1.0855689029742417,-0.15997335326214784,-5.711024752765634,1.1705878723032341,0.15774234421404384,173.94566108449155,2.2784,179.657,1.1670687917046183,0.16637278704584124,174.19727047427926,2.2762
1787413543.4375124,-1.084942242317652,-0.15965355648821736,-5.60272357946575,1.1674590026375467,0.16511065598713692,174.1776152240443,2.2757,179.780,1.1608072828304712,0.17172440382927134,174.37087104389258,2.2701
1787413543.5145047,-1.0841792766485083,-0.15899028958588435,-5.572494908869128,1.1531461691989577,0.16876533067860974,174.36617047769118,2.2612,179.939,1.1473873037747646,0.16728384933998555,174.34585171896546,2.2553
1787413543.6570978,-1.0828695681665268,-0.15757372045650203,-5.927913829689151,1.1436631170740332,0.16611446850544284,174.37679218607332,2.2499,179.695,1.1577658880389567,0.16531598415583967,174.23547703994305,2.2638
1787413543.7276864,-1.0820173829960207,-0.1575764016517752,-5.932695720991408,1.1510328782071217,0.16492951985697163,174.23209638975453,2.2562,179.835,1.1542453110496693,0.16284965828410866,173.9927850677581,2.2591
1787413543.8711176,-1.0802139872292076,-0.15842260139128278,-5.720282371669574,1.1564838866845728,0.1644000450821396,174.01063739855843,2.2599,179.731,1.1773646871656978,0.16393876582250175,173.98313458471495,2.2805
1787413543.9411728,-1.0795074094046713,-0.15847266921885592,-5.70593500739746,1.167032742493019,0.16303412072502663,173.98118481937425,2.2694,179.687,1.1485162721478295,0.1664594215446533,174.28111590361243,2.2516
1787413544.0752819,-1.0776405638451871,-0.15784533147561874,-5.511204356412884,1.1543740839799428,0.16630246764869722,174.2765256471107,2.2554,179.788,1.1485162721478295,0.1664594215446533,174.28111590361243,2.2497
1787413544.1466305,-1.0765224075859687,-0.15705144533529053,-5.538829282465211,1.1721326130650849,0.18667471667162033,175.02463468735013,2.2748,179.437,1.1639340214187226,0.17876769104854004,174.71332120604163,2.2655
1787413544.2157426,-1.0754426675134194,-0.15608008602910833,-5.6889824638519455,1.1678301464974792,0.18176347000885523,174.7600426283438,2.2686,179.551,1.14877881661591,0.17489725970714365,174.6513080688731,2.2487
1787413544.3551106,-1.0734854509961873,-0.1549388690053208,-5.99200472619345,1.1454586880426094,0.17256456490898692,174.48718989261064,2.2430,179.521,1.1584153991730264,0.1644551015826446,174.03143684326926,2.2546
1787413544.425787,-1.0724943266916593,-0.1549807068233256,-6.007038219235267,1.1532228468692445,0.1656788397812199,174.05183826642437,2.2487,179.941,1.1461933125189718,0.1645907480483393,174.04000899616594,2.2416
1787413544.5619054,-1.0706228879306363,-0.15560701432625199,-5.756600681324883,1.1486687758538885,0.16499234873549742,174.04564805971773,2.2423,179.802,1.1590776379267183,0.16969340949777212,174.14641725750297,2.2533
1787413544.6314394,-1.0697448587296952,-0.15577464019823628,-5.743262800443372,1.1548356037908691,0.1682172860604236,174.12405367056436,2.2481,179.867,1.1697114376985105,0.18782562053702145,174.93319724727803,2.2657
1787413544.7734225,-1.0676942214240708,-0.15528978819373185,-5.679161812440041,1.1778915766151987,0.18286215953280502,174.62965457473655,2.2709,179.691,1.165223929673444,0.18337281172641748,174.73105538629224,2.2585
1787413544.8451147,-1.0666201371887558,-0.15467940306893657,-5.744969178448204,1.1713996449787225,0.18440335400355862,174.75116002557735,2.2636,179.504,1.1622044860440846,0.18128187757984426,174.74059343770253,2.2540
1787413544.9207852,-1.0656515579375407,-0.15409317910984727,-5.961325216068088,1.1666949178520543,0.1799902573912459,174.66464897175734,2.2572,179.374,1.1658855694177097,0.1784639792937321,174.63972769907517,2.2562
1787413545.0608904,-1.0637085838048463,-0.15389346126034845,-5.984383793894882,1.1578025695705652,0.17776367071868787,174.46736941051714,2.2461,179.548,1.1654826136988465,0.17545663273065737,174.35563734510976,2.2534
1787413545.1307523,-1.0627110581740393,-0.1541789484462187,-5.9408331356650095,1.1621610482745992,0.17570494133459832,174.35759399387553,2.2492,179.702,1.1592302602187692,0.1715621216337014,174.25936459815816,2.2457
1787413545.2716894,-1.0609512633062614,-0.15484543962284358,-5.745689275750765,1.160637974494214,0.17261634701285558,174.27701933155598,2.2456,179.977,1.1636714081461499,0.1792331692519307,174.6534792239197,2.2496
1787413545.3443344,-1.0600069476107725,-0.15483267841009796,-5.705429244312183,1.1619980853323981,0.17772291943397067,174.62512344779162,2.2468,179.669,1.1641506051407104,0.18862739857664867,174.92696733584955,2.2505
1787413545.414903,-1.0589624574303889,-0.1545216505420939,-5.67655657326178,1.1897244567787266,0.20330606520682576,175.4463894869155,2.2770,178.877,1.1724612933990641,0.19064040764976564,174.98342054050445,2.2580
1787413545.5488563,-1.0569720013050754,-0.1534613067196557,-5.964131343979224,1.1815922754629518,0.19566494460318648,175.07283932024518,2.2656,178.963,1.1724612933990641,0.19064040764976564,174.98342054050445,2.2558
1787413545.6205878,-1.0563827188736439,-0.15351451417595807,-6.038741431912104,1.202848189913913,0.20521161501669005,175.15144240785745,2.2875,178.810,1.210031410735407,0.21079690105364923,175.48703176568588,2.2955
1787413545.7619176,-1.0552703167208353,-0.1548169292578121,-6.244043999627762,1.2078133624844933,0.20920834136009792,175.44569240235242,2.2922,178.310,1.1620908486447883,0.1750295580016589,174.10807513954924,2.2418
1787413545.8322854,-1.0548397088446229,-0.15589025970554496,-6.2324598386800565,1.1975693656710484,0.19513255741259514,174.70406723074913,2.2796,179.063,1.2107360171383588,0.20141140358771506,174.829842986726,2.2936
1787413545.976049,-1.0537992231240851,-0.157302947163161,-6.079355842346808,1.188556440037426,0.18914288410114805,174.2570858191658,2.2690,179.664,1.215339941023286,0.21179283581320352,175.16859393559915,2.2990
1787413546.0448866,-1.0530154947609545,-0.1574355297652855,-6.070484780316607,1.218351337157314,0.21289194136953485,175.16026186296656,2.3014,178.769,1.2359405261400447,0.21962115132198254,175.27444354656296,2.3198
1787413546.1148973,-1.052193348032601,-0.15733666635280927,-6.135737366928646,1.217810049210506,0.21549773125922628,175.38224271723416,2.3004,178.482,1.214769667403934,0.21505003702562395,175.37311593687406,2.2973
1787413546.2603762,-1.0506939584294535,-0.15710322813541697,-6.365469221946135,1.1968092829909087,0.19573777125076217,174.3918322820088,2.2750,179.243,1.1476978770080046,0.1789822931313464,173.9820506065358,2.2239
1787413546.335497,-1.0498953243575795,-0.1573424747074465,-6.392270791567438,1.1665664617151288,0.18518113382041407,174.09530641419892,2.2428,179.512,1.1312385603552209,0.16887352143628273,173.74061142480383,2.2054
1787413546.47458,-1.048290074770485,-0.1586064515726123,-6.28122697110627,1.1411581074579673,0.16753091087169897,173.5862904632744,2.2136,179.868,1.132769014148156,0.17111712282596014,173.74364252622254,2.2058
1787413546.5449061,-1.0476086035932393,-0.15924777772574508,-6.022394892884717,1.1339974555689156,0.16991488089516193,173.72465093620394,2.2063,179.747,1.132943120313046,0.171664545987148,173.89303668600172,2.2055
1787413546.6215765,-1.0472235971324906,-0.15950378729871498,-6.011041972952022,1.134368925063867,0.17509551194106085,174.27488726335122,2.2071,179.714,1.1648664649473324,0.18360153749436509,174.2858023288938,2.2385
1787413546.7653105,-1.0462005994299,-0.1591176405927343,-6.068497886087291,1.1474575583380588,0.17930271437291473,174.22685034522465,2.2196,179.705,1.1374397863332872,0.17704982767672967,174.2619620941046,2.2094
1787413546.8351774,-1.0457564591786728,-0.15872419375830552,-6.283486308411514,1.1404887587887806,0.1777860515313543,174.27515770159175,2.2120,179.441,1.1230060452425372,0.17419192339851225,174.11481853740716,2.1942
1787413546.9790654,-1.0445261384946003,-0.15864243125703378,-6.324910168403522,1.1195122937836086,0.17362216076194897,173.8050801499567,2.1894,179.870,1.1061530295967368,0.1667541953540843,173.6553725313394,2.1752
1787413547.0493832,-1.0438611283208226,-0.15898577824551222,-6.329891389213149,1.1100039350849131,0.16849530956090872,173.68097659255707,2.1786,179.989,1.0956597150825111,0.16159002300715442,173.55513332634158,2.1634
1787413547.1794925,-1.0427339666271227,-0.16002213711871932,-5.977492041458023,1.0988820647182849,0.16294284478760596,173.57485615123585,2.1658,179.552,1.0988861647324097,0.16636448602227707,173.75761117580558,2.1663
1787413547.2493765,-1.0415125699370908,-0.16029245886362764,-5.961642581472299,1.0962325420098136,0.1649926782771585,173.73725111458376,2.1624,179.699,1.101610513555693,0.17015952291891204,174.06532053998262,2.1684
1787413547.322494,-1.040205196662405,-0.1602960480150251,-5.944326161613876,1.097934678854982,0.1733673332461261,174.2003453127835,2.1640,179.855,1.101533638107152,0.1756853652782136,174.2356255392895,2.1679
1787413547.4628086,-1.0374900841692207,-0.1596172444136286,-6.140656187507458,1.0999010051555578,0.17565195538873166,174.22945290352106,2.1635,179.630,1.1050341862248174,0.17728425372768455,174.293034235297,2.1689
1787413547.5346537,-1.0364093703457455,-0.15940347873751257,-6.160498432348311,1.10172309482923,0.17647243769585297,174.2801204255229,2.1644,179.559,1.1204119031998367,0.17164643587522307,173.99090416996216,2.1821
1787413547.612143,-1.0352942425422438,-0.15947200805145004,-6.2036605844681345,1.1136288441580158,0.17185902915293816,173.86256824340057,2.1743,179.934,1.1149686924513134,0.172010431491064,173.8626271085918,2.1757
1787413547.7597318,-1.0330311671193824,-0.16044619611393293,-6.170255546469808,1.1174903163902024,0.17006409570371414,173.81732522984947,2.1758,179.988,1.1200705057799847,0.17050522621419975,173.6731944711923,2.1784
1787413547.8294215,-1.0320231260069426,-0.16103197680918185,-5.953704054728619,1.1187023049531273,0.17032897652216591,173.6742822118153,2.1761,179.628,1.1173361360229745,0.17439044094809392,173.98150412618025,2.1754
1787413547.9712946,-1.0301092030799424,-0.16107865565358184,-5.680831776373595,1.1253832823496972,0.17582052153968544,174.2219724289196,2.1817,179.903,1.192109343203795,0.21564811693804417,175.76254620572232,2.2539
1787413548.0453765,-1.0291868135602038,-0.16053285257753758,-5.743275392452048,1.1558832297187107,0.19681577205538336,175.31843185076235,2.2141,178.938,1.141234127508654,0.17853403466081033,174.364522731142,2.1967
1787413548.1204014,-1.0283277414891723,-0.15984739538377754,-5.940973491808026,1.1429385070320492,0.18118415570073865,174.4831955647749,2.1979,179.576,1.1301988814293142,0.17425933807026783,174.223763785416,2.1842
1787413548.2581248,-1.0275992567243228,-0.15900622596265418,-6.319720450770229,1.1371038877795523,0.1772370905334212,174.27848535350032,2.1907,179.402,1.115403994933688,0.16838785045626073,173.76340653260294,2.1679
1787413548.3280737,-1.02718111276336,-0.1590075530935131,-6.504336936893414,1.1244736520100147,0.1714990115512009,173.81046796850987,2.1769,179.685,1.114557986840932,0.1634048705382841,173.45457683012,2.1659
1787413548.474752,-1.0265209897398333,-0.15941717200438477,-6.555494547792484,1.1351537737075763,0.16635836281788305,173.16748562034135,2.1861,179.723,1.1011440142414983,0.1689229625169642,173.41917876654708,2.1529
1787413548.5401375,-1.025930186003627,-0.1594389060745862,-6.547536948256018,1.113188922622284,0.16954523723480283,173.4260423033083,2.1643,179.974,1.1316097668346263,0.1738041316745701,173.3818753160681,2.1831
1787413548.6802652,-1.0244968863902688,-0.15871109504244116,-6.575849002871068,1.113807237357797,0.17459323848775984,173.54626277175907,2.1641,179.878,1.1123980843162282,0.17737129648517536,173.6480667650417,2.1632
1787413548.75119,-1.0237724969627249,-0.1580572363508877,-6.722827104248362,1.112302667949141,0.17668017157927762,173.63690500609266,2.1621,179.640,1.099306229070528,0.17269877312318258,173.56751365452715,2.1487
1787413548.8221529,-1.0231476876493608,-0.15750145916646158,-7.009495536277803,1.10407937335746,0.17420454517280584,173.59006900649285,2.1529,179.400,1.079708311012358,0.16892243591493453,173.35304250542984,2.1280
1787413548.9630592,-1.0215144617115022,-0.15758543144850887,-7.008437458479004,1.0888698495734128,0.17104100038098655,173.09301380321668,2.1358,179.899,1.0842802902392843,0.16289349189151234,172.88667858310808,2.1300
1787413549.029515,-1.0206865600015236,-0.15804897795431533,-6.922795391316438,1.0856043986173263,0.16509193310288148,172.92081968811192,2.1309,179.844,1.083855891738714,0.16437504060851163,172.92901011012873,2.1291
1787413549.1662295,-1.0192085805322957,-0.15891271877202265,-6.687333614229797,1.078621206541716,0.16704966645657565,173.21222735006995,2.1230,179.900,1.0888769040021267,0.1763446826170408,173.4961216599926,2.1346
1787413549.2346792,-1.0183696323393219,-0.15897181875009414,-6.652440514683092,1.0822701638869436,0.17302832132752663,173.43466329052296,2.1267,179.913,1.0814714416987685,0.17576152119049243,173.54666941749724,2.1264
1787413549.3699079,-1.0164906384207508,-0.1583510657498282,-6.70563335493174,1.0804315521632963,0.1751359470154014,173.5364705476557,2.1233,179.758,1.0814714416987685,0.17576152119049243,173.54666941749724,2.1244
1787413549.4497106,-1.0156378616345205,-0.1579073598818295,-6.9174538919936985,1.0881252578388019,0.17808467489777255,173.64060482493815,2.1304,179.442,1.107415081614616,0.17613185773829634,173.38748286467077,2.1492
1787413549.5231688,-1.0148168411860274,-0.1582059451995061,-6.922304674530514,1.0974009193686307,0.17610325525364606,173.40170953031523,2.1385,179.676,1.0852158459099646,0.17310122285086801,173.25683692216535,2.1260
1787413549.6670878,-1.0131092835597217,-0.15969284510755666,-6.879967405212027,1.0856717854832558,0.16994264878054166,173.17192817375096,2.1245,179.948,1.1061242963892473,0.16826349050079945,172.95599974673144,2.1445
1787413549.7354915,-1.0123400177862625,-0.16068936340519585,-6.697443220591221,1.095963468148062,0.16767923730557802,172.96073546090605,2.1337,179.658,1.0849042589818125,0.16684281051308922,173.15846000879242,2.1227
1787413549.879782,-1.010871409214113,-0.16179321648109138,-6.623395523006923,1.093968356706529,0.17013479012715274,173.25143895744614,2.1309,179.875,1.0818588089705325,0.17707695823509267,173.5565111918274,2.1200
1787413549.9499874,-1.009983756834417,-0.1619156080981797,-6.586211168195936,1.0858995283674795,0.17592777374138693,173.5403129741601,2.1229,179.873,1.0777061348033656,0.17629504255877812,173.52176879653368,2.1149
1787413550.023944,-1.009089140019776,-0.16182428279890193,-6.645460763288956,1.079621845262724,0.17662134314831335,173.52708308072303,2.1160,179.827,1.0918416953922556,0.17603876898610735,173.52518217635975,2.1279
1787413550.1694438,-1.007510942974936,-0.16186060582362122,-7.131087395838478,1.0832497594841033,0.1716701475009147,173.47134294974742,2.1172,179.398,1.0815454143232959,0.1730798130208918,173.18369866361328,2.1157
1787413550.2368,-1.0067022875427878,-0.1622831024204824,-7.4074408814170525,1.0818172771101744,0.17305508630524036,173.18666875061814,2.1153,179.406,1.0815454143232959,0.1730798130208918,173.18369866361328,2.1150
1787413550.3771296,-1.0049619457286325,-0.16503967138215947,-7.209033531750089,1.0878227632720059,0.17297911307767413,172.62207702495647,2.1199,179.831,1.0937619346977587,0.174193721779431,172.58109645275138,2.1260
1787413550.4478066,-1.0042776326383014,-0.16616755294205726,-7.174094273227818,1.0914181529993252,0.1736711222904598,172.5739059857374,2.1231,179.748,1.0886419537195016,0.17840726529108322,172.86859309615357,2.1211
1787413550.5200233,-1.0034989276218258,-0.16703450164065348,-7.10739342150512,1.1011566317763488,0.18189717045822337,172.88400239223134,2.1334,179.991,1.116105176728785,0.1859686407117879,172.94007192036185,2.1488
1787413550.6637287,-1.0017059525904486,-0.16794873053380854,-7.07483471001576,1.1000569324169331,0.1854984158648471,173.101839512889,2.1313,179.823,1.0905401747505077,0.1818120477510758,173.03719426050566,2.1213
1787413550.7324128,-1.0008921789219962,-0.16824002095594912,-7.251646499220326,1.0948296858800863,0.18338438503392485,173.06331132452237,2.1250,179.685,1.0905401747505077,0.1818120477510758,173.03719426050566,2.1205
1787413550.874648,-0.9992292428124504,-0.16972277929561602,-7.488342459986634,1.097756126119845,0.17758745665052295,172.6084403944606,2.1256,179.903,1.0967666516256676,0.17184972572824217,172.22316264387317,2.1236
1787413550.9457326,-0.9986395355629488,-0.17075851663647876,-7.799562837506346,1.1247652440796114,0.16982532242324044,171.8082895238557,2.1505,179.608,1.1545488702486186,0.1704070997353029,171.71582468390278,2.1800
1787413551.0170534,-0.9981807233433524,-0.17165609033513587,-7.916350280580174,1.1469988802215407,0.16901523088678785,171.32810206442562,2.1721,179.244,1.1613622545192763,0.16979399292351413,171.2900312975569,2.1864
1787413551.154071,-0.9972442751695768,-0.1728224857167539,-7.7441296963491,1.1544021675908054,0.16783444983316403,171.19420146739134,2.1784,178.938,1.1027992544563343,0.1821215635879041,171.98557280883608,2.1298
1787413551.2194715,-0.9966627400550557,-0.17275570546615543,-7.59863359565847,1.117097818188035,0.18199026255382045,171.96565436391893,2.1433,179.564,1.1027992544563343,0.1821215635879041,171.98557280883608,2.1292
1787413551.3624353,-0.9954860762666653,-0.17208648423548617,-7.578936188936253,1.1109569544278146,0.18308005952214151,172.2188524120572,2.1362,179.798,1.097440168289047,0.17669529296738964,172.2294770081794,2.1218
1787413551.43303,-0.9950000550062823,-0.17188821983206384,-7.744559406558797,1.1294952706662293,0.17228172957046495,171.70503540893648,2.1522,179.450,1.1577338794214889,0.17172668704578542,171.59415997975879,2.1800
1787413551.5766046,-0.9938063296658981,-0.17222318551669769,-7.788390152967089,1.1491803508787042,0.1710404777029759,171.4323710027409,2.1703,179.221,1.154726687711651,0.1726545196550583,171.48126289422197,2.1760
1787413551.6503782,-0.9935253871307627,-0.17254152622522698,-7.997749469950646,1.1532973039113383,0.1718998766786665,171.47055451156243,2.1743,179.468,1.0907946419170667,0.17341596431466155,171.8781919909889,2.1128
1787413551.7251494,-0.9933403888226161,-0.1726514757520497,-7.981518777581838,1.1062048141475986,0.17448996233873093,171.62880112810055,2.1281,179.610,1.10097892976424,0.1730611674879077,171.60650567675705,2.1227
1787413551.8596585,-0.9927089743739042,-0.17212891953419335,-7.894637894680687,1.0951252157134124,0.1842930678300319,171.94317048215282,2.1180,179.838,1.0910684516007498,0.18568184999328197,171.97036713507717,2.1143
1787413551.9313273,-0.992278017693546,-0.17150344239246715,-7.904367306108217,1.0922289584689404,0.18567569052573832,171.89137329114988,2.1149,179.796,0.9905865674368657,0.1374840726726169,170.6202639172642,2.0068
1787413552.0715005,-0.9913122236564461,-0.17032631388214883,-8.055311709816495,1.0196065732743531,0.1467700795990576,170.75613914503197,2.0358,178.811,1.0548702722712675,0.1768730358243252,171.88865731471935,2.0754
1787413552.1412706,-0.9907028859269285,-0.17016553245034002,-8.09386705350051,1.039956701549636,0.16967288387643845,171.7787421010212,2.0589,179.873,1.0554139038895867,0.17431806165290398,171.81646847595243,2.0749
1787413552.2118816,-0.9900711068601407,-0.1702872290465765,-8.122877314093769,1.0497866466057637,0.17393434192370072,171.80921550604094,2.0687,179.932,1.044192931650772,0.17062418713835406,171.60769706947278,2.0626
1787413552.3543942,-0.9889684349309033,-0.1710104444315185,-7.874261081150721,1.0451823251849468,0.17157934296672875,171.62195895242795,2.0628,179.496,1.049132831368423,0.17572147523370776,171.7934989477435,2.0674
1787413552.423933,-0.9884386847755009,-0.17114412931585213,-7.5878858165482805,1.0519542005096296,0.17792155568635307,172.09085614123416,2.0700,179.679,1.0579753894849426,0.18007465930209324,172.12559053394176,2.0763
1787413552.564153,-0.986622891008619,-0.17035532553323066,-7.639771147624984,1.060943653303458,0.18206650051738602,172.4663365424592,2.0777,179.894,1.0615684350003327,0.18567715059367731,172.5661554481602,2.0789
1787413552.6341994,-0.9856886121617832,-0.1696350176892182,-7.808237786805552,1.0490057003383018,0.18136924717655614,172.5172908440616,2.0647,179.674,1.041448062020605,0.17878431795470018,172.47879509802172,2.0569
1787413552.7737617,-0.9839592346306606,-0.16882789092203537,-8.117066103333697,1.0477245239078912,0.1766832174912558,172.18137305735348,2.0609,179.702,1.038562610561078,0.1750115395007172,171.81784185477412,2.0515
1787413552.8414624,-0.9830570371116812,-0.16893168914501172,-8.109805966239922,1.0415418064885904,0.1760916980509114,171.83746588330519,2.0538,179.947,1.0426631353540747,0.17402895817673233,171.75041317743995,2.0545
1787413552.9706278,-0.9813495835893296,-0.16971868850621896,-7.828010953104791,1.0413158224316894,0.17426318717038067,171.75514714133075,2.0517,179.583,1.0374995762194361,0.17551030438219717,171.8611149770057,2.0482
1787413553.044455,-0.9805963171950121,-0.17001471395953893,-7.810118763071599,1.0374409681414456,0.17522454704535143,171.85613218786108,2.0474,179.666,1.0408740118185562,0.18196002542572148,172.25149187111825,2.0519
1787413553.1203384,-0.9797373687504014,-0.17002071602999394,-7.759471692213289,1.0480121555224622,0.18368513618290125,172.33228130689147,2.0584,179.908,1.0554748746108775,0.18590365951797114,172.36701805885883,2.0661
1787413553.2616067,-0.9777854482521433,-0.16923061683260376,-7.778974279018125,1.0630025409690702,0.1861693445016471,172.35078680671427,2.0715,179.870,1.0759704118357771,0.18864770488983587,172.37397943160605,2.0847
1787413553.3373747,-0.9769051485770514,-0.1687116509341906,-7.989262369234999,1.055339925694353,0.1891450861949409,172.52522608831043,2.0635,179.486,1.0717101161249762,0.1896552281181008,172.38201790497837,2.0797
1787413553.480621,-0.9751105949042335,-0.16886172599223964,-8.257578459754368,1.0577849912061554,0.18576391448834195,172.1742713107157,2.0636,179.568,1.0530003547103448,0.1835278834582136,172.1387298608205,2.0585
1787413553.5532472,-0.9741722546715449,-0.1695168858868969,-8.207122477330865,1.0497857680656804,0.18377840258911443,171.9139479897986,2.0546,179.879,1.0425918561760277,0.18335042808929924,171.87016579359172,2.0474
1787413553.6175416,-0.9733211123071603,-0.17031691720343195,-8.027346967623208,1.0450245825668851,0.18386421243630505,171.87810251976063,2.0492,179.905,1.045366825194819,0.19048100304695814,172.26334119800563,2.0507
1787413553.759659,-0.9716305791949101,-0.17123945947127522,-7.70926968395092,1.0441003145119698,0.18913286539834817,172.23877672299847,2.0477,179.948,1.0585832934344832,0.19525371124043372,172.80234359872858,2.0630
1787413553.8324747,-0.9705975192543744,-0.1711120817630562,-7.7198079645774556,1.0524029192961504,0.1928336258663591,172.75359233024778,2.0555,179.527,1.0728229543253207,0.19839786569714596,172.7449696690466,2.0766
1787413553.970953,-0.9685673491840034,-0.1703614079071425,-8.063713223481951,1.0651969414294291,0.19869018653873394,172.75389654374317,2.0670,179.182,1.0721958896063348,0.19522312243473022,172.4147654675347,2.0733
1787413554.042701,-0.9676195653464986,-0.17022259066958842,-8.079600718096408,1.069636649060436,0.19625476568966743,172.43855612092952,2.0700,179.482,1.0363012581196516,0.18479585315310823,172.01545144794719,2.0351
1787413554.1155088,-0.9666530045543141,-0.17034963454704227,-8.09876201112225,1.0486686691203342,0.18909438690537098,172.08200210660274,2.0471,179.819,1.0424833147467025,0.187439712924202,172.07833570440283,2.0407
1787413554.2538123,-0.9647679657319779,-0.17137078420863897,-7.943647466943387,1.0385574728703135,0.1817501305370965,171.83720534138254,2.0342,179.781,1.0344546906776255,0.17895581398839117,171.79403274329024,2.0297
1787413554.3246803,-0.9639372285437064,-0.1718655436584491,-7.676095252226118,1.0354486223807562,0.1807011041903297,171.79531678569003,2.0302,179.471,1.052726088717865,0.1913393872715582,172.25416405050984,2.0491
1787413554.4669142,-0.9619986745731074,-0.17195011424795092,-7.6426208908718865,1.0354486223807562,0.1807011041903297,171.79531678569003,2.0283,179.438,1.0459594638971208,0.21895410219262745,173.76933796233544,2.0457
1787413554.5399716,-0.9609189312281442,-0.1715806656534278,-7.691209674189419,1.043676323056041,0.21459359271141443,173.69536647098278,2.0415,178.613,1.0564246132338582,0.19609315316363637,172.74091440438835,2.0506
1787413554.6793485,-0.9589946737818899,-0.17085895463188336,-7.908916283400414,1.053293293855283,0.20023385219262146,172.8129733132342,2.0462,179.278,1.0564246132338582,0.19609315316363637,172.74091440438835,2.0486
1787413554.7544575,-0.9580390006991742,-0.1708844351202807,-7.940739892125652,1.0458611163431133,0.189485082793568,172.2571607237687,2.0360,179.802,1.041505425275512,0.1833229861977176,172.1956105734836,2.0307
1787413554.8323486,-0.9570540108621376,-0.17118370766111718,-7.953520250858668,1.0434176404158926,0.18497304748382856,172.21982369835297,2.0319,179.827,1.0412292086460617,0.18151114969588875,172.071926192518,2.0292
1787413554.978639,-0.955312901157571,-0.17209940749060512,-7.580279938030904,1.038601279044408,0.1808049729438054,172.0910693334944,2.0249,179.671,1.0366797883415773,0.18036583068138778,172.08506359895264,2.0229
1787413555.05002,-0.9547107148588458,-0.17211531596510773,-7.5769591512903105,1.0416830058590398,0.18749326079007447,172.37416301317148,2.0285,179.951,1.0535012591629702,0.19289840491222632,172.74198019668177,2.0411
1787413555.1245034,-0.9540102827775091,-0.1717373055504883,-7.513277178723635,1.049531394894724,0.19593123175640434,172.8553623386628,2.0370,179.631,1.0513719875161969,0.1978385384427115,172.888295822201,2.0392
1787413555.270148,-0.952650040515678,-0.17048205172107747,-7.709150749495648,1.0469518033755543,0.19743261092276743,172.88554582223762,2.0332,179.405,1.0451255642987352,0.19728951817360005,172.88177927870186,2.0313
1787413555.3432276,-0.9519042485241258,-0.17015725354822772,-7.727463153090357,1.0415675269653888,0.18827426916421944,172.67683984902203,2.0254,179.596,1.0274219361225052,0.17782905796754908,172.31126512259593,2.0097
1787413555.4180443,-0.9511349626549304,-0.17013172002133123,-7.750209046976022,1.0335610287359984,0.18128751352361766,172.3668818131076,2.0156,179.883,1.0275575403213202,0.17898129623972603,172.30567159905883,2.0093
1787413555.5619981,-0.9496306603978885,-0.1707569811253966,-7.605497620607216,1.0291677489646716,0.17945242225102243,172.31297811073495,2.0095,179.918,1.0247488770906275,0.1833352044899113,172.35734664394388,2.0059
1787413555.6315024,-0.9489876465418464,-0.17100858468976055,-7.323131767000975,1.0353712425505832,0.18365577252649568,172.43945426650427,2.0158,179.763,1.0458340786921863,0.18568658830883927,172.4585702947741,2.0265
1787413555.770523,-0.9471756284374201,-0.1706762328616427,-7.369952720226508,1.0310684864035864,0.1831993918789664,172.82332423973338,2.0096,179.807,1.0292423434859668,0.18328451713621632,172.8288843350061,2.0079
1787413555.8373573,-0.9461650466867104,-0.17010140222700848,-7.5061408054982826,1.0282045944309506,0.18680490114156303,172.9486195383467,2.0064,179.545,1.0279712376802248,0.18751809091661514,172.95952627356976,2.0063
1787413555.9107623,-0.945234693331817,-0.16946611303658543,-7.777840685265297,1.0392975467699825,0.18586892234488023,172.53538856884668,2.0161,179.687,1.0231544038303741,0.18087083544155677,172.28896506735177,1.9993
1787413556.0524006,-0.9434332709499652,-0.1690228524852252,-7.826803829812115,1.028675372044881,0.18267553106397585,172.31756038520098,2.0032,179.856,1.0106863014112468,0.17791407213742072,172.24327316648322,1.9847
1787413556.1214957,-0.9424817440387002,-0.16931119644943074,-7.810737288232488,1.0080648338526819,0.17830421300678942,172.2183059138172,1.9813,179.971,1.0040315663058998,0.1774145135193726,172.2047962075464,1.9772
1787413556.2636137,-0.940800282116839,-0.17018668363536968,-7.415634837194257,1.006761736716787,0.17672337180801914,172.18479438577182,1.9782,179.600,1.0122506533567766,0.1844285560209913,172.45773219929583,1.9850
1787413556.332228,-0.9398827828381006,-0.1703594079878919,-7.406277068917166,1.0082655617363856,0.1818144632871172,172.41135110904568,1.9797,179.818,1.0220255289027873,0.19053299340532928,172.84352474985215,1.9948
1787413556.4737206,-0.937780774941941,-0.16986644764947967,-7.453925180000334,1.0210303482854424,0.19213267745508258,172.9783047376865,1.9920,179.568,1.0266479256029335,0.19483688607180316,173.02814538998425,1.9980
1787413556.5541413,-0.9367578512111103,-0.16938826667644755,-7.632952259297582,1.0244390116714492,0.19457773218716562,173.01748797890897,1.9947,179.350,1.0183699697417588,0.19274711041097956,172.90160194943746,1.9884
1787413556.6317298,-0.9358248228569559,-0.16906899946048498,-7.653944223787378,1.0226000447175774,0.19371911450171592,172.63358751827388,1.9917,179.712,1.0241208253433804,0.19341012865114504,172.6241017801559,1.9932
1787413556.764356,-0.933870772252321,-0.1693445635057354,-7.693936292994174,1.0206191400791076,0.187349518604443,172.5968403562969,1.9868,179.709,1.01877408856902,0.18557431930236193,172.56802663412614,1.9846
1787413556.8354683,-0.9329377273451632,-0.16978152834266064,-7.600593932006601,1.019935846408171,0.18733682034590318,172.60151289736956,1.9853,179.798,1.0084545909855112,0.18444748400300812,172.51125458608948,1.9734
1787413556.9818194,-0.9311894575686716,-0.17031129427321817,-7.063306350671642,1.0032048713097304,0.2047771236455872,173.65108392919876,1.9704,179.286,1.0027056375314114,0.21078600943928597,173.7539440502714,1.9711
1787413557.0533943,-0.9301656897850962,-0.16985719651355427,-7.077999124275325,1.0201619468602177,0.19597721349219346,173.06368067080567,1.9843,179.858,1.0243392289266868,0.1950506805419034,173.4783092913515,1.9883
1787413557.1229498,-0.9290831136931521,-0.16916205830146416,-7.156010665481322,1.0266782009211717,0.19245482365506358,173.3117632439375,1.9889,179.532,1.0289818132132182,0.1918737761308779,173.3017209572169,1.9911
1787413557.2582743,-0.9279512276965125,-0.1684330026041817,-7.237791088367204,1.024612998160326,0.19504287207839047,173.2727133332589,1.9861,179.489,1.0232279255697387,0.19513646144316063,173.2717852699655,1.9848
1787413557.3347545,-0.9273645975880254,-0.16842223493651945,-7.363651419176217,1.0214654264699765,0.18855694540881263,172.9830161574344,1.9813,179.653,1.0193926104139521,0.1868777718411815,172.95563224212532,1.9789
1787413557.4775207,-0.9263371448812736,-0.16943071340154536,-7.630689204788665,1.0154769466316538,0.1838466709357015,172.800536618606,1.9737,179.569,1.0119412923355078,0.1821472458994945,172.7736182111046,1.9699
1787413557.5407186,-0.9259519635099839,-0.17003069292480133,-7.564310880694986,1.0094781610168098,0.18311134396438825,172.57228504416875,1.9674,179.863,1.0068538926438282,0.18245428363817534,172.56029288658863,1.9647
1787413557.6122346,-0.9253404298128232,-0.17035861340475308,-7.549369593904977,1.0118077511136339,0.19049272661398292,172.71082634962667,1.9705,179.740,1.0160885587531814,0.1967711499124642,172.88225387085944,1.9758
1787413557.7529333,-0.9238193803184898,-0.17017147955083833,-7.552582064110888,1.013760253553395,0.19509274359166065,172.85278689342022,1.9717,179.595,1.0072254135293655,0.19873462666902705,172.927104644254,1.9660
1787413557.8226328,-0.9230513815991683,-0.16980117167758715,-7.688861662131778,1.0092418482048828,0.1984866166607964,172.92468907454267,1.9671,179.386,0.9971040092028841,0.19095044052177002,172.7149229772669,1.9537
1787413557.9683242,-0.921580312629945,-0.16956732889626513,-7.972783271599001,1.006266256974682,0.18968485844838842,172.45532181112094,1.9610,179.572,0.9899515279433699,0.18398397025194618,172.10007189257618,1.9440
1787413558.042056,-0.9207409176930835,-0.16994569961329886,-7.952039697973702,0.9952741458326614,0.18595178971306242,172.13296837245167,1.9488,179.915,0.9882714775345811,0.18034913813724296,172.05939033980016,1.9409
1787413558.1817439,-0.9192089502028923,-0.17125665649138108,-7.602232362602839,0.982824004925696,0.1826866895794183,172.10097910288542,1.9347,179.703,0.9823062379195042,0.18488728769715945,172.29000504412934,1.9346
1787413558.2505066,-0.9184339223369108,-0.17171821201862988,-7.58359174995926,0.9813103265020716,0.18401358496991804,172.27485541249536,1.9328,179.858,1.0216498793520499,0.19291924580850406,172.515483224263,1.9741
1787413558.3212721,-0.91755688611879,-0.17190105007455914,-7.5568770284306135,0.9945527606861385,0.19008478941495902,172.66023915315384,1.9461,179.783,0.9898490110885502,0.1898899058933436,172.65831533470663,1.9414
1787413558.4644141,-0.9156373807466482,-0.1715621357172657,-7.684812306238414,0.9994205602061471,0.19520927206670596,172.84341243245802,1.9499,179.472,0.9993720542609144,0.1927260994755991,172.71655439505426,1.9494
1787413558.5246272,-0.9147879084059127,-0.1713647293134246,-7.943883169155296,0.9994050882075316,0.19338867773730517,172.72746619649985,1.9486,179.329,0.9993720542609144,0.1927260994755991,172.71655439505426,1.9485
1787413558.6629145,-0.9130154609402846,-0.17165302620123352,-7.962274844463324,0.9936013062580451,0.19247376825551146,172.3376794420214,1.9411,179.700,0.9884396291965505,0.18997337358021837,172.25120067253673,1.9355
1787413558.7352605,-0.91210693823666,-0.1721919847173372,-7.927797493502479,0.9901722914038088,0.19081607161745878,172.2646319876123,1.9366,179.808,0.9854570157339533,0.1866355131839919,172.0794586332532,1.9312
1787413558.8744786,-0.910519064748116,-0.1734063250359084,-7.4700162829594685,0.9828639023674547,0.19345272695231308,172.26727249828633,1.9286,179.737,0.9886488916381033,0.196615979453641,172.57894203458608,1.9349
1787413558.945471,-0.9095932748280781,-0.17352362186701342,-7.465828938765274,0.9854624311314102,0.19522129080947723,172.5507048405606,1.9306,179.983,1.0006413661058517,0.1945057513406792,172.78366690602957,1.9454
1787413559.0143096,-0.9085342158188371,-0.17329800360363548,-7.488260587788866,0.9954385654420691,0.19369111912157472,172.76879869424747,1.9390,179.743,1.0006413661058517,0.1945057513406792,172.78366690602957,1.9443
1787413559.1559708,-0.906452779729676,-0.17234865235223712,-7.855280604841472,0.9860641293767268,0.1960829055758719,172.86657563884572,1.9280,179.278,0.9826109333902875,0.19382579037503522,172.66234361002432,1.9242
1787413559.2259617,-0.9055008148618201,-0.17211814113712062,-7.872553495480962,0.9839774302720908,0.19234781196936118,172.31234070048146,1.9243,179.815,0.9841093198484451,0.1912633012221052,172.29011002644063,1.9242
1787413559.3671415,-0.903583386920727,-0.17258261680544956,-7.896213332651414,0.9784245590940565,0.1844777539121268,172.08349691113307,1.9156,179.980,0.9714510950936303,0.18765616714580563,172.22388013950763,1.9093
1787413559.4402983,-0.9027103755474449,-0.1731596774422053,-7.783565596778905,0.973301672843666,0.18704084351178335,172.21286536446482,1.9103,179.996,0.9752086628775695,0.1836381837947249,171.9891111617541,1.9115
1787413559.5146348,-0.9019231606195699,-0.17365270066181934,-7.525475701171688,0.9775533484564303,0.19064723640548284,172.27850654592447,1.9145,179.804,0.9920637064736239,0.19524654508970246,172.71440934935902,1.9296
1787413559.6550188,-0.8999658165748339,-0.17362010699276675,-7.492099828286104,0.9855131709212265,0.19284192534805622,172.66620309403558,1.9208,179.842,0.996435724006459,0.2025741526398134,172.89757059155656,1.9334
1787413559.7268548,-0.8989002339593354,-0.1732367968551717,-7.537648859595606,0.988281554341199,0.2038937169965843,172.97257709420046,1.9245,179.490,0.9864630405307488,0.20441175732212802,172.98046159493813,1.9228
1787413559.8762374,-0.8969947086161675,-0.17252499611932912,-7.750778521427156,0.990940413150477,0.20187810248622984,172.74841078746735,1.9247,179.501,0.9783073819077761,0.1926636198030673,172.4639087509778,1.9105
1787413559.9507418,-0.8960420575492459,-0.1726120411947589,-7.77693421481302,0.9836146840727868,0.19558126873196083,172.51552355799478,1.9154,179.708,0.9646096383269464,0.17967304597272232,172.17950762639256,1.8937
1787413560.021036,-0.895066905142973,-0.17295530178802257,-7.769146364996268,0.9720207072504936,0.1840153322871101,172.24742311149583,1.9009,179.983,0.9751995226171418,0.18326417059134553,172.11804633575747,1.9039
1787413560.1591601,-0.8933475956864781,-0.17387273929189279,-7.379671280309608,0.9735856438391182,0.18300174905104674,172.11583197929687,1.9007,179.496,0.9739407585184955,0.19540752970699812,172.62589236421894,1.9035
1787413560.229225,-0.8924248141184803,-0.17401007990933226,-7.373369411252936,0.9812413784868504,0.19724411107605444,172.97885267034374,1.9101,179.648,0.9886612941278925,0.2003561044998377,173.0394927934913,1.9180
1787413560.36357,-0.8903273779095349,-0.17345308225548808,-7.444535875636739,0.9849057875392271,0.20183575961311206,173.0226003246219,1.9124,179.533,0.9872221693256207,0.20637925108367755,173.09796877532824,1.9156
1787413560.4355283,-0.889329496457119,-0.1729704027922667,-7.650059901983932,0.9861466519017595,0.2054590779844447,173.08239937254683,1.9133,179.268,0.9789847354205753,0.20401591195750426,173.08428439793664,1.9060
1787413560.5155706,-0.8884209259182427,-0.17265445887486294,-7.671349872931646,0.9817393626237478,0.20504953653190877,173.1027119806148,1.9079,179.226,0.9795415437851847,0.20008940568003505,172.7506289460731,1.9048
1787413560.6577795,-0.8865122766823231,-0.1729915754849382,-7.725979828992709,0.980817493278768,0.20166327617203633,172.78048064160487,1.9045,179.494,0.9693824067744912,0.1907877434317032,172.3896971782909,1.8912
1787413560.7331016,-0.8856030174493515,-0.17345833481872788,-7.640053233935616,0.9726704658135334,0.1928259920614434,172.4221340088087,1.8940,179.938,0.9687607312573391,0.19254544795607217,172.42819684923282,1.8901
1787413560.807282,-0.8847928871342315,-0.1738586619455013,-7.392387442503688,0.9761034175420393,0.1988417156842512,172.78609431366286,1.8979,179.822,1.030076697792781,0.22735665610362904,173.796807497574,1.9565
1787413560.9581366,-0.8828512130243078,-0.17347633305946025,-7.121230227195717,1.0028492782175649,0.21413422803639273,173.52458106119354,1.9251,179.354,1.0241877733476223,0.2301273783398198,174.16961891269162,1.9493
1787413561.0268989,-0.8817828744099335,-0.1727278705937685,-7.2250088308257014,1.0197957311349173,0.22775802595818756,174.06182701933054,1.9433,178.713,1.0206807392827426,0.2279220135315871,174.0643967140092,1.9442
1787413561.1678588,-0.8806278464958026,-0.17198085969362112,-7.334033603288407,1.0034257493947287,0.20952773266418023,173.36451470334174,1.9223,179.301,0.9861224345781647,0.19455778375697386,172.92385544173447,1.9024
1787413561.2407863,-0.8800288685596769,-0.17198446063165582,-7.412746244864547,0.9949843198738029,0.19979830694902512,173.02069528309485,1.9115,179.567,0.9811105694822155,0.19457051151511032,172.78771463019805,1.8969
1787413561.378511,-0.8788432917296594,-0.17270297590499425,-7.403696951307517,0.9767866627780522,0.1905504277563981,172.7168413697599,1.8909,179.879,0.9640470675005046,0.19024875803524235,172.67057070961613,1.8783
1787413561.435757,-0.8783733713592433,-0.1730686342170256,-7.195850123250602,0.968051857237517,0.1907644306745707,172.67827294609566,1.8819,179.874,0.9640470675005046,0.19024875803524235,172.67057070961613,1.8779
1787413561.5795457,-0.8768412740084041,-0.1730195490224838,-7.1779156213967,0.9691886460713762,0.1956135905618247,173.13017821035885,1.8825,179.692,1.0232913321959614,0.22845246917708095,174.0948067643557,1.9421
1787413561.6520581,-0.8759441891062502,-0.17260473001480012,-7.2107784987229255,0.9982432567825587,0.21566658154497834,173.83863873529242,1.9140,178.951,0.9786494164005126,0.20498363078541768,173.31089220909624,1.8926
1787413561.728398,-0.8751059304892936,-0.17202197483447568,-7.389713738235232,0.986283911470352,0.2086806406320934,173.3805461466142,1.8999,179.230,0.9786494164005126,0.20498363078541768,173.31089220909624,1.8917
1787413561.8682592,-0.8740275957214592,-0.1715941607206162,-7.437920571152962,0.9690122942154246,0.1998450802037524,172.98483894410433,1.8801,179.577,0.9502417615493572,0.18919845447338537,172.70611124304534,1.8596
1787413561.9443371,-0.8734488989777207,-0.17175845484069563,-7.455355919769768,0.9513999355859091,0.18889871684574752,172.70032083870146,1.8601,179.844,0.9491853963670903,0.1877827810543712,172.68070966411014,1.8578
1787413562.0778983,-0.8724738062135192,-0.17256730498865142,-7.141243827348088,0.9420125798739688,0.1874571352846973,172.68146242661476,1.8499,179.823,0.9389949305430132,0.1868472693180118,172.67235929863767,1.8468
1787413562.1475794,-0.8718257485657193,-0.17277444337699255,-7.129050119351396,0.9359382455954186,0.18541394253968527,172.66297600196975,1.8429,179.792,0.9433146211398258,0.19287302487017022,173.11603324606546,1.8516
1787413562.2190094,-0.8710748762363018,-0.17268822140914844,-7.111998023438148,0.8806449839705844,0.16278486226667435,171.97569930724399,1.7836,179.088,0.9588371974107845,0.19696724247091196,173.05189674148087,1.8669
1787413562.3598058,-0.8694493452811404,-0.17184094300357716,-7.2917668281425305,0.9202620950950862,0.1832175056288102,172.87529300879393,1.8246,179.833,0.9285417863059932,0.19244420806404833,173.12541889081612,1.8345
1787413562.4303362,-0.8687504804601066,-0.17144715125406926,-7.569196532995362,0.9286400021007786,0.19157658355367535,173.00065799612952,1.8337,179.430,0.9338153820170123,0.19311431147739083,173.02730674318443,1.8391
1787413562.5758877,-0.8670719524316243,-0.1716803188790783,-7.562779889102591,0.9339066321028141,0.19226845318595592,172.63619299928138,1.8374,179.801,0.938331948046844,0.1930219226930279,172.64625721904068,1.8419
1787413562.6493366,-0.8662354550543843,-0.1721903369734525,-7.473314405614977,0.9311446761176881,0.1907518179558706,172.5977157327626,1.8337,179.929,0.9262105706518418,0.18892754668585382,172.58553550970933,1.8285
1787413562.719658,-0.8655120416134192,-0.1727535544646302,-7.219856351537216,0.9249636770093177,0.1914672583506182,172.70345427096063,1.8271,179.923,0.9249570779206849,0.19203442896729148,172.71292632980575,1.8273
1787413562.8623748,-0.8627840137771143,-0.17326789649145624,-6.56247565662381,0.9256800792704802,0.19366681336508973,172.9624558335339,1.8257,179.525,0.9275752156835928,0.19482973464137227,172.9829808999871,1.8278
1787413562.9379892,-0.8613132899133855,-0.1730548415439359,-6.239091778593283,0.9366789097559075,0.19672020341807445,173.84947429063433,1.8356,179.911,0.943613236698196,0.19906844950419203,173.9011645248155,1.8429
1787413563.0798786,-0.8590396694329926,-0.17249688410270675,-6.052146083990343,0.9447668484181652,0.1982603894546546,174.21779244040502,1.8415,179.730,0.9477538187990672,0.19461353925445166,174.25636354059696,1.8437
1787413563.147685,-0.8581611647105287,-0.17258027350710228,-6.086818264149831,0.9471225385958546,0.19523809691952543,174.26571944689113,1.8424,179.647,0.9389995094613652,0.1875040197784082,174.04525159226793,1.8329
1787413563.282184,-0.8563521611047397,-0.17352679290437656,-6.080007949888771,0.9423728282435483,0.1895436700927092,174.0789466450504,1.8350,179.841,0.9339462207272183,0.18939011849834558,174.04343137938778,1.8267
1787413563.3531892,-0.855549680970709,-0.17420331027381492,-5.900507885265929,0.9367297201769325,0.1898767511170794,174.05154979244278,1.8289,179.952,0.9390685340158097,0.19190755580471744,174.07683010010422,1.8316
1787413563.4229796,-0.8551818698191311,-0.17467284443605785,-5.785583740203553,0.9381222339693085,0.19146170599030932,174.07065372690943,1.8303,179.856,0.9501413258315429,0.19743988549604136,174.39368790383807,1.8433
1787413563.5611901,-0.8541724270539086,-0.1748286423949028,-5.553421455231469,0.9382931065096342,0.2002538574306677,174.70995225194562,1.8313,179.737,0.9346161330164178,0.2007588992512566,174.71978669027774,1.8278
1787413563.6325622,-0.8536314127654722,-0.17455641612995307,-5.552519858784792,0.9363208152178617,0.2012638655064279,174.87722448472817,1.8290,179.570,0.9357001033058182,0.20111385670295057,174.87484479627162,1.8283
1787413563.711183,-0.8531871619745454,-0.17429264816011825,-5.688300455465365,0.9293556376802238,0.1969043355167347,174.80466667890084,1.8208,179.507,0.92637188070003,0.19534922099367363,174.7798773525026,1.8175
1787413563.8578188,-0.8517671309965319,-0.17469453031455245,-5.70329259876333,0.9302194893034046,0.1942900488519984,174.5889683770479,1.8198,179.708,0.9209670482945554,0.18706180799440153,174.3325820680408,1.8093
1787413563.9281583,-0.8510299106909331,-0.17527675476192497,-5.657683704796152,0.9238727479686848,0.1898987165931577,174.44606380916701,1.8121,179.896,0.9244136377088864,0.1903600684265696,174.45340590305435,1.8127
1787413564.0065734,-0.8503808641422074,-0.1759834337848326,-5.476882598731213,0.9210034025070554,0.18951024228754051,174.4150733220196,1.8087,179.892,0.9171705729576822,0.1925334324014332,174.72487029636068,1.8056
1787413564.1593149,-0.8488364598795916,-0.17636681619043898,-5.173386365816973,0.9177754587593062,0.19178624335898378,174.71050732598346,1.8046,179.884,0.9233265477326166,0.1960369229157529,175.0167443841627,1.8109
1787413564.221579,-0.8478063837181249,-0.1759707611218333,-5.2314975625601665,0.9205144576053315,0.19460922692844237,174.99199044238165,1.8067,179.777,0.9233265477326166,0.1960369229157529,175.0167443841627,1.8098
1787413564.3620853,-0.8459079182711429,-0.17491577756328172,-5.708159268002358,0.9189200039171309,0.19399436258021438,175.03077273757725,1.8030,179.261,0.9057529399314322,0.18659591346987514,174.58909593086946,1.7886
1787413564.4334514,-0.8450104800802005,-0.174732868102791,-5.721109918489982,0.9101784673474898,0.18889670428559616,174.62759768829963,1.7925,179.651,0.9112043142019706,0.1856862655458247,174.34404198139993,1.7928
1787413564.5749576,-0.8431221248022057,-0.17528267826140667,-5.6936047603751145,0.9112807310463774,0.18276038731709116,174.21375784658667,1.7906,179.907,0.9096841999178101,0.18425962726041725,174.18357212917226,1.7893
1787413564.6442492,-0.8422611726415067,-0.17579213314018233,-5.518469157576021,0.9096010392894242,0.1838653912906743,174.17843385409566,1.7884,179.697,0.9093413266980622,0.1857553268812302,174.32058073426148,1.7885
1787413564.7177706,-0.8414291592056081,-0.17613127876842627,-5.500265781503314,0.9094194047444516,0.18819392496945095,174.62367223290022,1.7884,179.876,0.9185366803749275,0.1961575815688856,174.74371244106777,1.7989
1787413564.8589497,-0.8394779376871203,-0.17596838049843502,-5.449094882413159,0.9143448121179655,0.19389859609312265,174.70978443463332,1.7924,179.841,0.9239838153840574,0.19919827226537273,174.87581813702224,1.8029
1787413564.9273224,-0.8384640765038386,-0.17553588201758166,-5.538889300236875,0.9199391588685829,0.1975209717502233,174.84535561176452,1.7975,179.616,0.9183483118624505,0.19865418588695943,174.8907797029347,1.7962
1787413565.0668263,-0.8366334357734697,-0.1749392570239534,-5.778803341384945,0.9187992202746715,0.19433247853985613,174.66691865500238,1.7939,179.554,0.9089367379963389,0.18791846370629264,174.2855912099383,1.7829
1787413565.1389797,-0.8356948899881446,-0.17503462136429734,-5.793266084816008,0.912741769889547,0.18996026563917962,174.31973335923095,1.7861,179.887,0.9097277097689879,0.18596411269916643,174.26640439136943,1.7824
1787413565.279984,-0.8338321096250684,-0.17592543921237802,-5.624098220481288,0.9123872776658715,0.18827557896211633,174.26832106600762,1.7838,179.892,0.9138398356976865,0.18893605590189275,174.2776207948977,1.7854
1787413565.3529572,-0.8330120106450676,-0.1763223977615835,-5.343395672481148,0.907930115306,0.189800651435292,174.3408804685193,1.7790,179.684,0.9102191271984086,0.19386714999467658,174.60925975930235,1.7821
1787413565.417881,-0.8320839359900883,-0.1763980093084923,-5.3383460020849665,0.9085191692316317,0.19232536816641124,174.5786316456304,1.7792,179.917,0.9102191271984086,0.19386714999467658,174.60925975930235,1.7812
1787413565.5323093,-0.8300250508666426,-0.17577003637906388,-5.417004222543323,0.9065360284156226,0.19267782841276787,174.62406499297953,1.7752,179.959,0.9104671827407176,0.19727966774914737,174.97308987510505,1.7800
1787413565.6531258,-0.8281780749550629,-0.17489938417202067,-5.610275416194042,0.8238176706822088,0.17364866388231665,174.3291415464321,1.6884,179.939,0.9011108803377793,0.18893812902802298,174.5469145397651,1.7671
1787413565.725416,-0.8273137216102953,-0.17474450645210524,-5.6688635701219,0.8868828080222336,0.1862982756309552,174.5175198128176,1.7518,179.814,0.9043575430275558,0.19217265842847794,174.62200931871655,1.7701
1787413565.8683527,-0.8255006107046875,-0.17531114311222087,-5.736581884585847,0.9003234362793682,0.18746885378301742,174.34055014226314,1.7635,179.923,0.9011400827302923,0.1889803071004302,174.33994403454196,1.7647
1787413565.9361405,-0.8246774950613144,-0.17584668468160256,-5.609312172082717,0.9007883224464329,0.18865266396225247,174.3352122387338,1.7635,179.945,0.8975718248008893,0.18949565887504358,174.3281708750374,1.7606
1787413566.068513,-0.8233600334116258,-0.1763731994239049,-5.249473697955502,0.8986057926410421,0.18955506606631695,174.32897438943044,1.7604,179.578,0.9175790369501529,0.20410460149491522,175.15351373336404,1.7820
1787413566.140422,-0.82272346116583,-0.1762174223581847,-5.1383211327666825,0.9327066317323283,0.2168647813081923,175.752879497512,1.7989,179.109,0.9526607655493071,0.22782913891556353,175.97993705436335,1.8208
1787413566.2777312,-0.8214914215142728,-0.1753969737054447,-5.2061611992034,0.9442048575300915,0.22279294895594548,175.96883719596508,1.8100,178.825,0.9079643429747615,0.2012445853219194,175.34881142562793,1.7700
1787413566.3466043,-0.8207725086857768,-0.17520442765781882,-5.221560252656415,0.9236338501821283,0.2087689409739183,175.48732032325785,1.7862,179.291,0.9140851252699188,0.19882711077814624,175.0977226465092,1.7747
1787413566.4190452,-0.8200142559006255,-0.17530458060694992,-5.244341577302077,0.9106597806371614,0.19702763257641928,175.1036798258167,1.7703,179.652,0.9054013596257677,0.19479393043870685,175.0698599527142,1.7647
1787413566.5643382,-0.8185061263545059,-0.17622331065835797,-5.126879292128701,0.9075377592470709,0.19861915836132854,175.03320701575763,1.7663,179.840,0.9030607341908095,0.19516644323835172,174.8958731647195,1.7612
1787413566.6274605,-0.8178731209495436,-0.176708878371479,-4.861668135546942,0.9047906427169459,0.19621030372443568,174.91301576342153,1.7626,179.775,0.9030607341908095,0.19516644323835172,174.8958731647195,1.7607
1787413566.7675495,-0.8171245965635856,-0.1767157030175635,-4.844536762162562,0.9032442853402693,0.19800127157718286,175.3194112865958,1.7607,179.836,0.9059686041594612,0.2081818296034444,175.63995155942095,1.7656
1787413566.841768,-0.8166487050664635,-0.17633072054668847,-4.889092533284812,0.9040074005980943,0.20604426203297915,175.60204145304226,1.7626,179.509,0.915877431968344,0.2074114293275599,175.51072072096636,1.7745
1787413566.9742734,-0.8157016060877791,-0.175464074898657,-5.112095544063238,0.8899285122990315,0.19964795731546076,175.4452044705964,1.7464,179.443,0.8807932821070792,0.1962796296166317,175.39358666524353,1.7367
1787413567.043713,-0.8151096771764843,-0.17537450324600626,-5.148710316059389,0.8873509454992293,0.19978984373266656,175.49095671876026,1.7433,179.360,0.8918842072488257,0.18916602005832253,174.9560514246303,1.7455
1787413567.1169355,-0.8144811048802715,-0.17556563612938933,-5.175589774940193,0.8818052486857367,0.18940228370806253,175.06406436361047,1.7351,179.760,0.8791040135769058,0.18888412547427716,175.057221068079,1.7324
1787413567.2605104,-0.8133639632852432,-0.1764075331420304,-4.919338275630639,0.8725178183845951,0.18613307433297693,174.94744165446863,1.7244,179.867,0.900374587171823,0.20011362516013673,175.37370991671236,1.7546
1787413567.3307838,-0.8128380670439908,-0.17661877927120279,-4.631990951317259,0.8754081247356124,0.1941128953819243,175.39167302016682,1.7285,179.976,0.8690049501756768,0.19277119278695584,175.37248831428667,1.7219
1787413567.4719827,-0.8110100868653468,-0.17568728950526155,-4.682971508083887,0.8700560983416877,0.19430810355450798,175.58067594933945,1.7213,179.736,0.8846538141737316,0.1965957030956487,175.54264769584037,1.7361
1787413567.5433364,-0.8100991486226652,-0.17492738405425018,-4.848016138493845,0.8778554390800059,0.1950910554069246,175.52685379575928,1.7280,179.625,0.8770067281089328,0.20234704799361528,175.8563122089822,1.7288
1787413567.616634,-0.8090527179387534,-0.1745013476048068,-4.873162760005497,0.8760195877713299,0.2009962047380056,175.83378912046516,1.7264,179.293,0.8821141915529696,0.2001468765003844,175.71524814577387,1.7322
1787413567.766011,-0.8068453049110815,-0.1745136675766893,-4.97979616312895,0.8712049602230854,0.1927736526089171,175.44180592316317,1.7178,179.578,0.8801984807033284,0.18800573264953457,175.03576458995124,1.7256
1787413567.8433766,-0.8057418442724423,-0.17490113545071223,-4.944055092622256,0.876412816133713,0.18832532650445577,175.0506987551393,1.7209,179.995,0.873116077655229,0.1878061014942029,175.136099154969,1.7176
1787413567.9195611,-0.8047421276275657,-0.1753213399974675,-4.7576988566130645,0.8754702629244706,0.19042141470798374,175.2690144009359,1.7196,179.973,0.8776287700836407,0.1918603910580534,175.29239928146413,1.7220
1787413568.0595524,-0.8033548240843581,-0.1753473771034834,-4.543419555038874,0.8795560013513954,0.19559895993467494,175.51002169384222,1.7233,179.947,0.8773754082353769,0.19994532872210327,175.74241601206546,1.7221
1787413568.1221929,-0.8025550916552329,-0.1749564707051347,-4.4881210424044395,0.8776409284467622,0.19908884354415185,175.72718531871584,1.7213,179.785,0.8937524055583603,0.20319610122876838,175.79110902711417,1.7379
1787413568.266063,-0.8011134665836749,-0.1740273288190718,-4.574875685960446,0.8886186242513509,0.20188444204086808,175.7776681907657,1.7310,179.647,0.8711234109073361,0.1964645985262941,175.78340004342854,1.7128
1787413568.337092,-0.8003743678538503,-0.17392158946237038,-4.631185020270057,0.8773281775830382,0.19866320774898885,175.82259431572388,1.7186,179.546,0.8658561516527301,0.18973281220278504,175.53826898480904,1.7055
1787413568.480694,-0.7988428498114089,-0.17446500203003373,-4.638590106982716,0.8691448828877775,0.19163589206822482,175.56869462928123,1.7077,179.793,0.8630840462624781,0.1910033767404389,175.5660285733265,1.7016
1787413568.553258,-0.7981870730924369,-0.17489953589083657,-4.448577701768674,0.8645582029972084,0.19130278600157558,175.57066807536674,1.7026,179.981,0.8654836396621115,0.19373099084744758,175.61764711839524,1.7040
1787413568.6262624,-0.797519513440064,-0.17512112206986608,-4.185353526443614,0.8651142757347915,0.1966669390143959,175.97837621706816,1.7037,179.836,0.8668038315876292,0.19826327593654197,176.00907670567045,1.7057
1787413568.7700033,-0.796511321440584,-0.17461486531652182,-3.9089501669869353,0.8749534739273958,0.20681789813068235,176.36837141771744,1.7144,179.723,0.8687960914773133,0.2002963813692593,176.338572989117,1.7070
1787413568.8404193,-0.7960296590419128,-0.17407357646393246,-3.922052781929681,0.8711878558069898,0.2020247774844474,176.3660159028795,1.7091,179.712,0.8625547139371517,0.20158616253613268,176.50434196561633,1.7006
1787413568.9135466,-0.7954887599247041,-0.17368033158274598,-3.9443949002888297,0.8680195329719629,0.19863889377140098,176.40693724889752,1.7047,179.649,0.8698796907880397,0.19813605506575888,176.3942963367753,1.7064
1787413569.0525982,-0.7942843158644495,-0.17371899721864423,-4.045107292839665,0.8670684474411952,0.19883742676371607,176.476776497138,1.7026,179.478,0.8634143617220891,0.19458671204069547,176.1302974001901,1.6981
1787413569.1135747,-0.7936651413760419,-0.17411480441325497,-4.01778478071649,0.8644997731348871,0.19533924772061903,176.14254193953803,1.6988,179.840,0.8528269906620125,0.19881293558771831,176.34656200110354,1.6882
1787413569.255908,-0.7926336711903021,-0.17487715632636067,-3.6027163852084994,0.8548620243083309,0.198746666930197,176.34474072583947,1.6893,179.947,0.8690183018364237,0.20790867374316654,176.82254255374056,1.7052
1787413569.3313785,-0.7918684490813036,-0.1748987172376098,-3.599455114150965,0.8631585810806814,0.20496794314141029,176.77026272211702,1.6981,179.630,0.8552207638231689,0.20181626366019723,176.87277925650153,1.6896
1787413569.4723766,-0.7901776995071952,-0.17410242816133092,-3.7537229681543067,0.8593653767061574,0.20715213082882172,177.10656420383927,1.6930,179.140,0.8639526573929319,0.2065288117602513,177.04051472189406,1.6974
1787413569.5430434,-0.7894423544135604,-0.173656724400651,-4.022845643833611,0.8622560807066983,0.2065233719738769,177.04015577058883,1.6949,178.937,0.867133503883555,0.20668522373788065,176.8860485963807,1.6997
1787413569.6125233,-0.7886316654464366,-0.1734897228736514,-4.036024990384219,0.865700864950593,0.20660919954999962,176.8854767055561,1.6974,179.078,0.867133503883555,0.20668522373788065,176.8860485963807,1.6988
1787413569.756417,-0.7869148137809169,-0.17397478278841588,-4.006220849860672,0.8601351805603679,0.20178704245527065,176.5079109653877,1.6894,179.486,0.8464337321910259,0.19665340729897504,176.34658721085535,1.6749
1787413569.827396,-0.7861280050597759,-0.1744743489218383,-3.830165869388775,0.8494177673000277,0.20139768304486577,176.57954044057087,1.6782,179.590,0.8501740501798082,0.20265663869093234,176.60120048659456,1.6792
1787413569.9709141,-0.7834394776419114,-0.17482597737442032,-3.114390144476058,0.8500828864862128,0.20502682851218226,176.8438305810379,1.6771,179.958,0.8665584536597726,0.2120260847488679,177.27282896237944,1.6947
1787413570.0439494,-0.7819673992738094,-0.1745764415968215,-2.7594135417837737,0.8594903405509828,0.20894980609808902,177.21601907493888,1.6857,179.975,0.8530280222922682,0.199488647177256,177.17840646566887,1.6772
1787413570.1153271,-0.7805124418201393,-0.17409268878809347,-2.513771607075652,0.8568909417807626,0.20111722029667478,177.7110007058257,1.6798,179.775,0.858112386554425,0.20176990943399772,177.72656827218918,1.6812
1787413570.257171,-0.7779522104053942,-0.1736480464256464,-2.42653162679665,0.8565942194422431,0.19434885110367686,177.87644654094038,1.6755,179.697,0.8741172469529593,0.19525143444509416,177.87365976529443,1.6928
1787413570.3288999,-0.7767018040142478,-0.1739047850088465,-2.4314843106908306,0.8652555205571182,0.19439605025316717,177.94572937927927,1.6828,179.623,0.8629701543899534,0.1941519311707667,177.94111524222612,1.6805
1787413570.462844,-0.7741909004363905,-0.17510730101470304,-2.227125725292983,0.8659964192416261,0.19343876227371887,178.054006171892,1.6811,179.719,0.8567792736725515,0.19044846304615004,177.69270530898535,1.6714
1787413570.532376,-0.7735115730046398,-0.17553328736796733,-2.21042345126922,0.8621326906125157,0.19633956242847675,178.13839793920314,1.6774,179.651,0.8652266261904183,0.1988683838721175,178.19098517264217,1.6810
1787413570.67334,-0.771929435658354,-0.17554206971676145,-2.124263473240939,0.8829600447066029,0.2117744822731747,178.74992155470125,1.6996,179.126,0.904259272000203,0.22470412493823907,179.0565337975856,1.7233
1787413570.7441695,-0.7710888959325595,-0.17519205375225827,-2.158070244883436,0.8999725811565424,0.2249668956404944,179.0838669080265,1.7183,178.758,0.9008341056653185,0.22571955948834876,179.09794801583695,1.7193
1787413570.8802028,-0.7700107392680822,-0.17463616959270548,-2.35003762328317,0.9005200006285282,0.22445340302631372,179.0357428175167,1.7175,178.614,0.8980737012851964,0.22290073181369796,179.00105205033069,1.7148
1787413570.9517872,-0.7696317119495127,-0.17476811548437282,-2.365373124067124,0.8855826742515597,0.2036459431152613,178.04527382578357,1.6979,179.589,0.8627477105390001,0.19456880100435572,177.8433093317918,1.6736
1787413571.0229678,-0.7691970304229382,-0.1751699341707481,-2.362168176772384,0.8585789026429188,0.19250058880816515,177.7003399987256,1.6688,179.937,0.850426419257569,0.18965709594301797,177.65924222419994,1.6602
1787413571.1640537,-0.7685107562916217,-0.17633448173932156,-1.99257381177343,0.8441454024823377,0.1914493273702021,177.67491713552926,1.6541,179.667,0.8399130728608705,0.1954082970024415,177.98190529543723,1.6508
1787413571.234053,-0.7678626678894684,-0.17657703763544438,-1.9805578654932097,0.8397505526462179,0.1944735945525178,177.9649922565984,1.6499,179.946,0.8444417957046833,0.20122161296593236,178.30670389353065,1.6560
1787413571.3761296,-0.7663756207476881,-0.17622612143223176,-2.0128614392978976,0.8456930328682872,0.20202438598950992,178.3883963709036,1.6558,179.599,0.8315939757315606,0.1964997093416649,178.30482027051744,1.6409
1787413571.447362,-0.7656834949539751,-0.17580515334530075,-2.1905144510941335,0.8356913229424059,0.19819501841603235,178.33136322545874,1.6445,179.478,0.8295607926253481,0.19416038710741054,178.28058550120494,1.6376
1787413571.5180922,-0.765057331781305,-0.17555646501933012,-2.489191841176977,0.8308613057165373,0.1950312824119301,178.29451719805613,1.6384,179.216,0.8293662475501428,0.19527672219299064,178.0709724014887,1.6370
1787413571.6601245,-0.7633318470943173,-0.17625939258242473,-2.4735069762337436,0.8228704520762075,0.1900941295939948,177.61354591455577,1.6280,179.913,0.8266034806286525,0.19099305121775131,177.62160097714525,1.6318
1787413571.7327466,-0.7624571617742514,-0.1770107520626185,-2.36068089708071,0.8242302673800949,0.1902785288388598,177.6119636530635,1.6286,179.973,0.8223598994860878,0.19112422552431457,177.73031651898276,1.6270
1787413571.8783598,-0.7608424369533471,-0.1781951283431989,-2.078881081379955,0.8202860785552133,0.1918009238042575,177.74003282488695,1.6238,179.819,0.8481184309625809,0.21330417678271818,178.6811927322888,1.6559
1787413571.9490108,-0.7599249962214887,-0.17832309247998637,-2.060787505380216,0.8361025081587589,0.20648930470099747,178.55803355966916,1.6418,179.381,0.8231462985841945,0.2008168873820665,178.25606189394207,1.6278
1787413572.0129523,-0.7589560620476649,-0.17819623583562524,-2.095463320011336,0.8269421511743384,0.2026810796779381,178.28709682850405,1.6310,179.617,0.8305790100860202,0.19781756682399831,178.03208762879746,1.6334
1787413572.1605816,-0.7572124314289022,-0.17780156263589272,-2.2657468733335904,0.8290476341031727,0.1983581886052968,178.04674420111994,1.6303,179.688,0.8234170298282606,0.19475288024896903,177.89053666903817,1.6239
1787413572.2325435,-0.7563240096195344,-0.17794097643481926,-2.3061665796373174,0.8245850870310427,0.19548135026668864,177.90259994509134,1.6244,179.791,0.8223060703471484,0.19221268490900575,177.87582998143853,1.6214
1787413572.3758779,-0.754456808606156,-0.17900141358485389,-2.2825688426961626,0.8190533975527788,0.1914496986955544,177.75292444117963,1.6165,179.965,0.8171482843618333,0.188979167470436,177.6415850600527,1.6141
1787413572.4546587,-0.7536310697174292,-0.17967949834475935,-2.0765199098570037,0.8173339251221142,0.1893814972803755,177.64895288992696,1.6137,179.725,0.8205068323205165,0.191814177217344,177.74431917124204,1.6174
1787413572.529452,-0.7527827187659317,-0.1800942499982563,-1.7894567594179256,0.8226070144851835,0.19828417469721177,178.14485222234455,1.6202,179.934,0.8262941865801224,0.20092485585717676,178.18868912973954,1.6244
1787413572.667355,-0.7506213752773593,-0.17920817608172843,-1.8628170234319648,0.8252794143157711,0.20157928391583024,178.4660206646295,1.6213,179.671,0.8274974621406606,0.20289113764581512,178.48904561205515,1.6237
1787413572.729852,-0.7495919207535248,-0.17851765521054067,-2.0609364263853944,0.8268309705061534,0.19842526300169708,178.3752555039942,1.6209,179.564,0.8273361203407616,0.19787271037980259,178.3652172026866,1.6212
1787413572.8752081,-0.748452084279886,-0.17768417922971197,-2.4538401113818353,0.8210759330310106,0.19682165344646554,178.13016142819998,1.6136,179.416,0.8160626161607397,0.19105909147532513,177.7000808663499,1.6074
1787413572.947063,-0.7478023859472597,-0.1777029926929522,-2.654467754874271,0.8181725151873948,0.1930739293940079,177.73952314836677,1.6093,179.606,0.8157063538812896,0.18828006996582228,177.5670094875559,1.6058
1787413573.0170448,-0.7471674734909017,-0.17794442686905623,-2.7699915589176403,0.816422734145145,0.18915269960047776,177.58175763700868,1.6061,179.648,0.8209826854276615,0.191114453478928,177.373113134797,1.6110
1787413573.1623228,-0.7459193779153465,-0.1783603253335987,-2.7365873787268247,0.8165099451000732,0.19321743562368732,177.34055760222475,1.6060,179.923,0.818167882258857,0.1992419955907788,177.39951099881395,1.6090
1787413573.2376733,-0.7451319568882004,-0.17820520657757322,-2.717003562425057,0.816881542258401,0.19794000369189912,177.3794470099136,1.6067,179.904,0.8155895674574057,0.20076845405292834,177.51337180295178,1.6061
1787413573.3116713,-0.7442652959199243,-0.17773953525068306,-2.74002938169496,0.8168399240600276,0.20004729368265117,177.56873859830677,1.6062,179.691,0.8179020191646628,0.20019975814852115,177.57202211396623,1.6072
1787413573.458483,-0.7427333662523403,-0.17663093329653773,-3.176032723902222,0.813818687559079,0.20003514874613149,177.57515690319445,1.6015,179.249,0.8096419010051392,0.19878507611728585,177.35945494952875,1.5971
1787413573.5328646,-0.7422631259170758,-0.17635228016540638,-3.316632062832109,0.8137756335543245,0.19542937216810682,177.01708918686302,1.5998,179.666,0.8150354950658503,0.19451332582576647,176.99794094690554,1.6008
1787413573.6762898,-0.7412558564881646,-0.17655925551425708,-3.4728436875907316,0.8122667569859164,0.19179070400668713,176.7714310524201,1.5966,179.756,0.8047094721963743,0.1915987184544223,176.63981499947906,1.5892
1787413573.7458055,-0.7408715299742309,-0.1767665569730417,-3.3506589627786356,0.8067157546731997,0.19198431227306273,176.6458117566665,1.5909,179.996,0.8087187569707589,0.19439963535903707,176.61205115858448,1.5934
1787413573.8154333,-0.7402251049778912,-0.17673873197165094,-3.342823618237624,0.8030886434152134,0.19654036191033097,176.8751454461502,1.5878,179.782,0.8023672757723886,0.19712681810559565,176.88721565257393,1.5873
1787413573.964311,-0.7387187261655049,-0.1758787308963451,-3.3674461337626274,0.8004042905349533,0.19969292475411568,177.061851438594,1.5843,179.571,0.8174880488764109,0.21163095563077647,177.39108524213037,1.6037
1787413574.034136,-0.7379991925455371,-0.17515347579005558,-3.546932537954358,0.8105335587102641,0.209520403886728,177.32198326445308,1.5956,179.131,0.8107341943956984,0.2096732060516614,177.3243536326383,1.5958
1787413574.1662533,-0.736536542854914,-0.17420960691572226,-3.615827595907,0.804959371270856,0.20179550566874732,176.9133029117714,1.5867,179.471,0.8018448794519928,0.1996326810639011,176.88207484859402,1.5832
1787413574.2359724,-0.7357450067090638,-0.1741121282743198,-3.6491970429194573,0.7911278240691413,0.19194635626186937,176.64008796130452,1.5701,179.711,0.7862246595353941,0.1894038278829731,176.60099458989853,1.5648
1787413574.3761292,-0.7342614358369374,-0.17446037207505888,-3.4195573236234424,0.7902487417384935,0.1879550110705689,176.49369516616952,1.5670,179.913,0.8087547742184094,0.1981710548290223,176.9976352487156,1.5874
1787413574.4455626,-0.7335808173218843,-0.1744731342799893,-3.145692945710529,0.801172470252919,0.1944648877028927,176.93145358369281,1.5785,179.923,0.8074523926187044,0.20277037264413825,177.1575053499336,1.5865
1787413574.5163233,-0.7326838917687686,-0.17406673662305466,-3.152875543392368,0.7977015758008995,0.20789285090924847,177.57890336760792,1.5773,179.268,0.8057249563166866,0.21037254701422783,177.63135122767355,1.5857
1787413574.6634717,-0.7306632336487799,-0.17232596928444732,-3.45362978163813,0.8024867809236891,0.20934490119181157,177.61180286536018,1.5799,178.935,0.8065567760585616,0.20637598493335257,177.3952105920483,1.5832
1787413574.735543,-0.7298854950972995,-0.1720042941725844,-3.47556805477613,0.8105274790310221,0.20570429148454505,177.2308226916487,1.5860,179.294,0.8127715562325515,0.20569866510994292,177.2304650623897,1.5882
1787413574.8750906,-0.7282247419638017,-0.17218077710477878,-3.597739920955981,0.8083587895934906,0.2003845300418659,177.0885791599348,1.5811,179.314,0.7832315105113283,0.1878609611261072,176.60592614316775,1.5537
1787413574.949632,-0.7272992666586182,-0.1727397757094095,-3.5995861270926532,0.7915668583268204,0.1914871111867574,176.66357227355118,1.5619,179.737,0.8025647215884808,0.19124697691904488,176.59275615443173,1.5726
1787413575.0277524,-0.7264683368736528,-0.17340074436468933,-3.456835828122145,0.7915548506809896,0.18733306977210773,176.5721423138866,1.5603,179.971,0.7883813025503003,0.18621909035316642,176.55569342979877,1.5570
1787413575.1680772,-0.7246210111235332,-0.1738702169657697,-3.4136509448799512,0.7906116875577014,0.19428986147593982,176.82063081938762,1.5593,179.766,0.7912521061726077,0.19897088570087426,176.9558274646736,1.5611
1787413575.2374055,-0.7235779291627467,-0.17370617045027378,-3.4137854355562314,0.7902951244713668,0.19798752021632784,176.93934986271424,1.5588,179.647,0.7986633076656343,0.20323544265640486,177.08916035983933,1.5682
1787413575.3823404,-0.7216593149621622,-0.17306612261693943,-3.791141748597397,0.7903984753102831,0.1974073907919471,176.9383163450803,1.5568,179.271,0.7881727407500871,0.19602995701681136,176.9158919361904,1.5543
1787413575.459868,-0.7207233278124009,-0.17303343435085247,-3.800066646647943,0.7837456555329105,0.19121819186278327,176.79426192470177,1.5479,179.406,0.7915424385162539,0.19616099747675805,176.54466896774832,1.5567
1787413575.5320108,-0.7197429944134057,-0.17331568015598858,-3.80346270793597,0.7882267266149201,0.19479835524533898,176.52807142096682,1.5523,179.668,0.791334377349197,0.19402335769703485,176.48165353935065,1.5551
1787413575.6773663,-0.7178840014531901,-0.17442343612300543,-3.513336857254514,0.7887670350631195,0.19611386147619428,176.52347190631556,1.5515,179.963,0.7885730473852433,0.1967440765012771,176.53406034403557,1.5515
1787413575.7516506,-0.7170120953953733,-0.17479950997203927,-3.4965597091718448,0.7873081734256531,0.19581654367200535,176.58199769382395,1.5493,179.921,0.7874943648249301,0.19800568342812766,176.7935283970019,1.5500
1787413575.8235595,-0.716083308663016,-0.17488839514462054,-3.4398066922273958,0.7870077559070454,0.1973347323556852,176.77998757061434,1.5485,179.780,0.7974231909914068,0.20589126453583326,177.11430785525337,1.5607
1787413575.9560256,-0.7141089855808954,-0.17432608917973355,-3.5145700104612043,0.7971957211173153,0.20695660018853151,177.12354349187268,1.5587,179.362,0.8006766811782305,0.20872105072171795,177.15577318885656,1.5625
1787413576.025274,-0.7132366037034685,-0.1740393698187478,-3.74350721506518,0.7979866027004917,0.2090354544775794,177.13410124582964,1.5590,179.122,0.7859224687021927,0.19947939006300536,176.93776323734397,1.5450
1787413576.1571274,-0.7120552981323799,-0.1743092573529581,-3.751438275255959,0.7894246811626079,0.2146790494221538,177.73281617780546,1.5510,178.516,0.7923993625655559,0.21839345959671824,177.80248337803394,1.5549
1787413576.2249138,-0.7114176969173612,-0.174816553552422,-3.7116285271942497,0.788767858080966,0.21743235850607975,177.79128991575473,1.5506,178.497,0.8045589143147504,0.20665488752564562,176.89507885622766,1.5632
1787413576.3549082,-0.7103526009781659,-0.17602008138243555,-3.2775436676832284,0.8017135071514302,0.2075480595239848,176.91770981169034,1.5600,179.805,0.780941851927824,0.20127318078576678,176.77871772312616,1.5383
1787413576.4230964,-0.7096027630998661,-0.17619474973927235,-3.2678422542943864,0.7856882654802216,0.20302135388591994,176.80578338664867,1.5426,179.926,0.7843617512879727,0.20443152784791663,177.1870502621143,1.5417
1787413576.562355,-0.70789717069214,-0.17568890564142106,-3.3147465659678654,0.7856703407067542,0.20623241956931931,177.34888266432355,1.5416,179.336,0.7853570502237134,0.20964194506138706,177.25659732107295,1.5422
1787413576.633708,-0.7071056226343179,-0.17520462355900893,-3.515339113398914,0.7850921813608945,0.20921288459564422,177.25162344392885,1.5409,179.233,0.78254788013528,0.20318406654662302,177.09201143924182,1.5370
1787413576.7787056,-0.7054508392613184,-0.17474466085133353,-3.5664184219293134,0.7767297417426082,0.20222582747053847,176.88341600005705,1.5294,179.550,0.7816856664721991,0.197764018448905,176.81965807953065,1.5331
1787413576.8468714,-0.7045472386505788,-0.17494856422562713,-3.579457320361206,0.7798838808725531,0.1980916494814253,176.82429552833847,1.5306,179.596,0.7858388456542891,0.19686691717948357,176.64918012775783,1.5361
1787413576.9152522,-0.7036794661498834,-0.17533350711993648,-3.500270277217061,0.7808474822682507,0.19886633183413824,176.76343394983678,1.5310,179.736,0.7798281317417345,0.19932346931951575,176.77228562021617,1.5301
1787413577.0597749,-0.7025063788156597,-0.1759326429666997,-3.165332183332182,0.7926035752999521,0.20194436088767834,176.65839753987876,1.5421,179.824,0.7920878292994723,0.20870905472304913,177.2517322611951,1.5433
1787413577.131742,-0.7020071389698925,-0.17581591949493589,-3.0563816138189366,0.7913073924128116,0.20638146534286111,177.19986518628943,1.5414,179.744,0.7769247351658023,0.2047937428766056,177.28557642355003,1.5271
1787413577.2710257,-0.7009696139177349,-0.1749412838533974,-3.0785523391359835,0.7805867201474275,0.20903344873827825,177.46837818182067,1.5305,179.453,0.780985671264576,0.20980312736865994,177.48207375971705,1.5311
1787413577.3357334,-0.700063945130762,-0.17481455872857818,-3.0975380107338277,0.7793803824510223,0.2077577126022777,177.4835034147214,1.5281,179.419,0.7790254444468931,0.2073590938751156,177.47738232092462,1.5277
1787413577.4079337,-0.6991102928645856,-0.17493565200550693,-3.1388604611890734,0.7845977544345227,0.19764464023183947,177.09151926375512,1.5298,179.770,0.7681653221031816,0.18898761978179904,177.02968574643552,1.5117
1787413577.5528307,-0.6971237360390272,-0.17599950313708906,-3.1209860121459507,0.773605896454745,0.1913052778566572,177.06416112430622,1.5159,179.815,0.7774313750287266,0.19772557567418222,177.13031481717206,1.5212
1787413577.6175392,-0.6962257831608882,-0.1767062507009755,-2.933957028278755,0.7754736702530293,0.196248926731149,177.10803274678617,1.5182,179.958,0.7774313750287266,0.19772557567418222,177.13031481717206,1.5205
1787413577.75889,-0.6943297381436752,-0.17712912740832898,-2.656985252842377,0.7745362828788991,0.20305745042188755,177.46681641022346,1.5173,179.876,0.7816569532634139,0.20864194204457004,177.81072963399512,1.5256
1787413577.8318322,-0.6932664133807843,-0.17669587127800002,-2.6577246409454,0.7943712394028277,0.20965409209053854,177.73933425379695,1.5370,179.603,0.8067506599090434,0.21310540898769698,177.7822670699573,1.5498
1787413577.9709754,-0.691313648001551,-0.17551671303771826,-3.035761279648965,0.7880636564932887,0.2042802988895831,177.71869507837548,1.5274,179.246,0.7842897677679784,0.202357491927977,177.68893648560717,1.5232
1787413578.043215,-0.6903621585051963,-0.17530636712700445,-3.047565295105506,0.7841040172204392,0.20191594182875336,177.57952443451128,1.5220,179.373,0.7791361112289413,0.1993848579101888,177.26332996661105,1.5165
1787413578.1107748,-0.6893809174637066,-0.1754334185191641,-3.09705479438288,0.7810258681085074,0.20039169474678453,177.2829634405739,1.5177,179.620,0.7791361112289413,0.1993848579101888,177.26332996661105,1.5156
1787413578.2625098,-0.6874784298343716,-0.1762611362521668,-2.9347953148088384,0.7862959306634443,0.20057620475587903,177.03324769853526,1.5212,179.968,0.7777211034059383,0.20216788750704692,177.34505435934696,1.5133
1787413578.3324246,-0.6865767702075992,-0.17652568447334507,-2.9183839989495133,0.7803841598882465,0.20207134015916833,177.33827953053913,1.5150,179.743,0.7714421483336477,0.2022831339935772,177.4908883292828,1.5064
1787413578.47475,-0.684526709509506,-0.1761994433790356,-2.887044388034449,0.7820172472208194,0.20784034383190533,177.66871332830715,1.5160,179.444,0.8171207602022114,0.2287937492889533,178.28685859714327,1.5553
1787413578.5499945,-0.683480634591294,-0.1757384243233386,-2.9697356754015143,0.8030799649769135,0.22148601418024796,178.13545374493805,1.5387,178.895,0.790147054182037,0.2146738675984179,177.83277824464326,1.5245
1787413578.6203818,-0.6825521548837121,-0.17530315275932185,-3.2309330418517925,0.7959892357601717,0.21764542375659737,177.89006849604425,1.5299,178.879,0.7726700545870806,0.20613708451625068,177.46900798897627,1.5044
1787413578.7580442,-0.6805977028471764,-0.17530167003621702,-3.24726318598542,0.7795091273372781,0.20932553553634276,177.521434327343,1.5099,179.231,0.7765230467331087,0.20144446488456613,177.12137576396532,1.5050
1787413578.8310225,-0.6795805896007024,-0.1756650083455189,-3.200658137400919,0.7863424243345112,0.2043573705872761,177.11950697412777,1.5144,179.680,0.7931987527891008,0.20635887028900568,177.14478810571626,1.5215
1787413578.971692,-0.6782044589515968,-0.17636386785197813,-3.007364827990979,0.7774304222153344,0.2055937547225736,177.1676199183496,1.5049,179.825,0.7795252808298502,0.21053125159724392,177.62254338210164,1.5082
1787413579.0372922,-0.6776802850534789,-0.17629257145891894,-2.979231906756991,0.7973970947969248,0.22395213152000215,178.04691004055783,1.5284,178.974,0.8165203676290161,0.23391391069205772,178.2320422145671,1.5495
1787413579.1629732,-0.6764609518884898,-0.17523040234822043,-2.883466278658385,0.8022536641502224,0.2310677679200839,178.33271248231844,1.5335,178.784,0.8057278983964061,0.23362253788909287,178.3864615692495,1.5375
1787413579.2336056,-0.6759408944448446,-0.1745500855273868,-3.0134282514948727,0.8058186934792326,0.23584441923537905,178.4263300603898,1.5375,178.560,0.7645918376754439,0.20580391103364676,177.64577603374,1.4899
1787413579.376886,-0.6745339959746183,-0.17404991114463333,-3.058192078845231,0.7742948906368015,0.21087885649711588,177.72909961585472,1.4991,179.213,0.8177860008723806,0.26337942135611425,-179.8829283680755,1.5551
1787413579.4416108,-0.6737548502240861,-0.17419870782081642,-3.064242417067956,0.7937350299323844,0.21258018453379188,177.40520945123885,1.5176,179.531,0.7825179681603537,0.1986241497351975,177.1520198457174,1.5032
1787413579.5137997,-0.673018527430536,-0.17454838200511094,-2.9636751438331275,0.7950778086736595,0.21202877674961568,177.38732715221957,1.5181,179.649,0.759975466458507,0.20181229376073415,177.43212493964046,1.4816
1787413579.6588993,-0.6720520810745576,-0.17499410007642854,-2.6159657174623594,0.7617433506412534,0.2016823208997584,177.42813173610017,1.4824,179.956,0.7583088602422855,0.2021774192355049,177.7414981077008,1.4793
1787413579.7285666,-0.671652578743838,-0.17480490358238165,-2.506041219068756,0.7576852576965888,0.20806733060569121,178.01767784424177,1.4797,179.476,0.7595550477500195,0.21008094777807784,178.05175026914222,1.4821
1787413579.8713858,-0.6708422994223135,-0.1738539608502327,-2.5256495570855635,0.7656512762020851,0.2123663134985677,178.3194638133151,1.4875,179.155,0.7640940248215647,0.21374546849671539,178.37357192944452,1.4864
1787413579.9477222,-0.6703019760446014,-0.17349394692056483,-2.546540055284269,0.7639679682296815,0.21356698401679552,178.37079362617416,1.4856,179.083,0.782644385980531,0.21861072441015109,178.49896005367808,1.5049
1787413580.02002,-0.6697038053047931,-0.17344868144464595,-2.5856948514591607,0.7680292620271946,0.21053996304708017,178.25093511376926,1.4881,179.163,0.7636623146529833,0.20805831155740923,178.20812634794697,1.4833
1787413580.1578255,-0.668428966188411,-0.1740789259688672,-2.532017339699082,0.7653487176634381,0.20802441954941572,178.1768976495503,1.4838,179.291,0.761465137336919,0.20565760632233152,178.0906213606338,1.4795
1787413580.2320364,-0.6679084981179707,-0.17448598058678977,-2.308378196460502,0.7600850810869215,0.20714489122989924,178.15483963444598,1.4781,179.537,0.7594814598995847,0.20728522102297942,178.1567523951339,1.4776
1787413580.3701024,-0.6663902037339524,-0.17427115207892852,-2.030446948092643,0.7568040383195827,0.21192294503303968,178.47865353972531,1.4747,179.491,0.782596216570131,0.2212359757234716,178.9903493858464,1.5020
1787413580.4395914,-0.6653723801729207,-0.17364410175464814,-2.0920409065623504,0.7631291405317319,0.21301610244057628,178.82737906476441,1.4799,179.081,0.7589536398119521,0.21107308801402522,178.7937606484845,1.4754
1787413580.5822122,-0.6633035090423438,-0.17250849895775144,-2.2963574815362726,0.7623571130891721,0.2154110754472108,178.799399336915,1.4775,178.904,0.7738952167749733,0.21845584537031065,178.84679108158835,1.4894
1787413580.653589,-0.662140595940347,-0.17240401229330488,-2.3436533631008714,0.7689571610163176,0.2167413112259866,178.8121358348539,1.4831,178.844,0.7626177623199024,0.21482799494877616,178.60387528721867,1.4764
1787413580.7762315,-0.6597106532438953,-0.17293101117723159,-2.3566036214051436,0.7645083164918144,0.215743828235971,178.6207427009126,1.4763,179.023,0.6529912270752207,0.15275335132341683,177.38870890433282,1.3525
1787413580.8432903,-0.658571031701448,-0.17338691914255155,-2.20973742388528,0.7202080313740832,0.20691995501622953,178.0442123843781,1.4303,179.746,0.7427006995023809,0.2008531909284247,178.0665986063349,1.4504
1787413580.9172087,-0.6575239957828913,-0.1736319914606708,-2.193179992360394,0.7374381162914367,0.19984454559072004,178.0510720302838,1.4441,179.756,0.7457206396106614,0.2024686797075183,178.27075300288308,1.4528
1787413581.0648868,-0.6551917692086344,-0.17326622364404137,-2.145100656738874,0.7451675856307717,0.2069773752678129,178.3902834794818,1.4511,179.465,0.7484493448950693,0.2094271762234757,178.4297900809712,1.4549
1787413581.1505396,-0.6540085802334313,-0.1727330441349106,-2.236222777858957,0.7479991524243109,0.20870349359657864,178.4676240781571,1.4530,179.296,0.7474451275046342,0.20877268969807414,178.44563536087153,1.4525
1787413581.2246494,-0.6529388125378572,-0.17227135560795112,-2.502102718673341,0.7473300602231685,0.2087582842668356,178.4459491207293,1.4512,179.052,0.7505394757590953,0.2081566768726533,178.3846434946924,1.4541
1787413581.3680806,-0.6513166306512467,-0.17302408355482532,-2.708423850163159,0.7526353293693349,0.20366817627408465,177.95785065227622,1.4536,179.334,0.762638840367292,0.20760771042330825,178.0810126315341,1.4643
1787413581.4393563,-0.6505217909158874,-0.1738782055608409,-2.752678439361911,0.7587941833145685,0.2059218556814729,178.0494511048477,1.4596,179.198,0.6607765314944312,0.13169101012241538,176.82331285603772,1.3464
1787413581.580368,-0.6490732074241949,-0.17534138390110213,-2.6287813685874344,0.7452439287168219,0.20720658875306203,177.88970702418433,1.4458,179.482,0.770262606833483,0.21571824124891864,178.06995962279873,1.4722
1787413581.6503465,-0.6482406217806937,-0.17559181522893963,-2.601369564687185,0.7613491941312033,0.21221742930988133,178.00531027892376,1.4620,179.393,0.7667204818910829,0.22123445756024007,178.2607374128967,1.4696
1787413581.7200081,-0.647330527060063,-0.17555889882199285,-2.606936386647729,0.7647299297723074,0.21945393158990867,178.2275523119626,1.4663,179.166,0.7668267771357768,0.22083621368228565,178.2622859122665,1.4687
1787413581.8631022,-0.6456910877003742,-0.17524300507445253,-2.979862699138618,0.7656480309988417,0.22121039496964798,178.26900536054038,1.4660,178.751,0.680039218765498,0.12390711277561915,176.70813868625783,1.3591
1787413581.93775,-0.6452379201534042,-0.17539575744287714,-2.981345407122395,0.730638026529824,0.21326456018950846,177.86342946481244,1.4297,179.155,0.6591011447395798,0.12533344182799672,176.34846726049452,1.3386
1787413582.08161,-0.6442451051297481,-0.17655826162044516,-2.916449576545254,0.6819998113425879,0.18220005615083879,177.04089362015537,1.3739,179.957,0.6623080157031406,0.10574330064520393,176.1078144803355,1.3367
1787413582.1496859,-0.6438424308318754,-0.1773458532031289,-2.6978893469379908,0.6692416266869051,0.1626674374695614,176.80197827308348,1.3564,179.500,0.6661575585768271,0.14182197340690972,176.5904288889563,1.3483
1787413582.28167,-0.6425910117394573,-0.1781243637795489,-2.6444687909024536,0.6630473306379672,0.15417649143493345,176.74069243934767,1.3473,179.385,0.6549801399070085,0.1435512885495611,176.90109174839156,1.3368
1787413582.3549328,-0.6418503947686023,-0.1781197444099433,-2.6256269589265786,0.6532383505748655,0.14419338990940958,176.9042371203056,1.3346,179.530,0.6658316363933354,0.16796812342923953,177.36254902055592,1.3527
1787413582.4269025,-0.6411250863256697,-0.17788139080903212,-2.7175366196291306,0.655525973551497,0.14050734508339355,176.9891837436676,1.3352,179.707,0.6591028131557066,0.1338394423007041,176.9135372890779,1.3371
1787413582.5673416,-0.6398549033790704,-0.1777245180031345,-3.253186526877235,0.6458750096548261,0.13165736163065178,176.68922962078264,1.3224,179.942,0.63778549856092,0.10228998320245779,175.98562463854813,1.3080
1787413582.6389205,-0.6389869421439739,-0.17828243688997095,-3.242395067683349,0.6389408154911745,0.1205525523280205,176.21181373047108,1.3124,179.454,0.6438008293224106,0.08245437429806993,175.55759497843707,1.3090
1787413582.7811377,-0.6372474353609402,-0.1800903721340594,-3.0065973634387695,0.6450407102792883,0.10043285605701138,175.73082775511054,1.3126,178.737,0.6487813898617041,0.11530322616127069,175.96962918595415,1.3195
1787413582.849752,-0.6365008335457252,-0.18085381041698037,-2.978673173110747,0.6447099598177513,0.10027119564676729,175.78286603462558,1.3117,178.762,0.6316006774994962,0.12348491457574434,176.19185479871578,1.3041
1787413582.9117372,-0.6356746431698189,-0.18134486030552105,-2.9270994668354806,0.6345615587355468,0.10220071402434006,175.9367223462759,1.3015,178.864,0.6316006774994962,0.12348491457574434,176.19185479871578,1.3034
1787413583.0474248,-0.6338665836241582,-0.18160857973979,-2.915331878375655,0.6419457917001271,0.11665834549200652,176.23357891770894,1.3102,179.149,0.6517824477919322,0.16215021805014676,176.7965833727853,1.3308
1787413583.1175227,-0.6330292167770559,-0.1815388946292249,-3.078640851651058,0.6456622194499395,0.1129538804923829,176.200433044152,1.3122,179.279,0.6512051901292326,0.11694804392772282,176.25539203035052,1.3185
1787413583.2569761,-0.6313364860730836,-0.18220334027624477,-3.3369365783667244,0.6446007002014449,0.10257527635577708,175.9040746818958,1.3073,179.241,0.6448992332014657,0.03834808148582,174.85387312441776,1.2952
1787413583.3271415,-0.6304018587971951,-0.18310727771976265,-3.3126019469200396,0.634821717667273,0.0833607775206682,175.3007483165785,1.2930,178.613,0.6284554555395641,0.0992956356544223,175.48719677264302,1.2901
1787413583.467505,-0.6290865761393659,-0.18470230270733262,-3.125850624607988,0.637905175336957,0.07984229692444987,175.24858837860208,1.2943,178.374,0.6484421953547514,0.07383708419843164,175.408641580444,1.3034
1787413583.5385664,-0.6285956147014177,-0.18501772141795944,-3.028260479733523,0.6423356003425943,0.07398616557623454,175.40068275445014,1.2971,178.429,0.6204784433028145,0.10925491777066815,175.88026916824302,1.2833
1787413583.6794388,-0.6274134881410616,-0.18473661295265992,-2.816928220424111,0.6373152747861442,0.08672904174133311,175.76667641074997,1.2935,178.584,0.6211253305626832,0.10317401712236453,176.0005806319991,1.2813
1787413583.752756,-0.6268636685209568,-0.18428481175000544,-2.834049170141028,0.627565022351915,0.08940283435529271,175.84120590197128,1.2839,178.675,0.6279052707993432,0.10368758865754399,176.1434452058179,1.2874
1787413583.821511,-0.6262551827024186,-0.18405898760573514,-2.8527347950531974,0.6264367818126618,0.09150726218002292,175.99249793166737,1.2826,178.845,0.6282426117892305,0.058307101063642994,175.61173466963842,1.2777
1787413583.9577377,-0.6248872305695611,-0.18444792055632978,-2.9280685380015212,0.6283299782297117,0.06993136722352915,175.68772868400535,1.2788,178.616,0.6319302022642403,0.060173782172717655,175.57363402625958,1.2804
1787413584.02976,-0.62418557630574,-0.1849831615091753,-2.888410052259106,0.6254637860265284,0.06417439639330609,175.62169123506632,1.2742,178.510,0.6590438872968335,0.10677740357474519,176.075983952167,1.3160
1787413584.1766489,-0.6229851950625922,-0.18597164663437207,-2.419120335660628,0.6395518845329775,0.08821256379693204,175.88822677119515,1.2920,178.307,0.633028321705038,0.09502994544132778,175.96615796619406,1.2871
1787413584.24857,-0.6221262501598548,-0.1858373117559164,-2.421768829998185,0.6366695681088489,0.09894965400223812,176.13111858273032,1.2906,178.553,0.6376055805329642,0.11050606546895483,176.61294575100268,1.2941
1787413584.3166351,-0.621159365187375,-0.18536190130462082,-2.482030356300922,0.6352518600139947,0.10509409432300103,176.5681051443911,1.2895,179.050,0.6349871188799431,0.11828142451808858,176.7273469321172,1.2923
1787413584.4583662,-0.6194118544817965,-0.1841623651935726,-2.9865880262233166,0.6295593217539192,0.10410341469352453,176.5239112570948,1.2818,179.510,0.6327537498020873,0.09885659233764367,176.2671848069271,1.2838
1787413584.5274336,-0.6184853608424297,-0.18392346190809863,-2.9986976577897386,0.6343546001013495,0.08918882181310805,175.77026634347925,1.2823,178.769,0.641851344151806,0.05821436134143448,175.4071555731428,1.2834
1787413584.667309,-0.6165407620183548,-0.18420562700672743,-2.9374214064780206,0.6396895631927431,0.08819213045202835,175.7591814625063,1.2854,178.697,0.6552593522697417,0.05069258617310905,175.31527514881054,1.2933
1787413584.7403963,-0.6156529489990702,-0.1845700048874397,-2.7297373367564184,0.6477546365094242,0.07445068500422863,175.59201111280532,1.2897,178.322,0.6164620106494094,0.04979507150509661,175.393965724493,1.2542
1787413584.8817024,-0.613815983128989,-0.18470746928815104,-2.6879808586605347,0.6310172751555446,0.06828551359599168,175.83440625669934,1.2703,178.522,0.63209805657894,0.07860454530959606,175.95844186007233,1.2734
1787413584.943796,-0.6127736962336099,-0.184344275466147,-2.6871074915384043,0.6224689934216145,0.07303164095566592,175.89859658844415,1.2618,178.586,0.616969827329383,0.0897887124870758,176.09427805107262,1.2599
1787413585.011113,-0.6117517314765705,-0.18382746663808316,-2.7721913761534664,0.6095267635994883,0.07525761827877303,176.00684016802435,1.2485,178.779,0.6037329720522974,0.08523107597017222,176.12075400919574,1.2449
1787413585.1566737,-0.6098850074336336,-0.182956810825253,-3.0263256138052146,0.6046496433947975,0.07097334172532888,175.88482641630128,1.2408,178.911,0.6189447818959452,0.09001373050430218,175.7827105362558,1.2588
1787413585.2286232,-0.608888860384939,-0.18291942824385357,-3.048718924998631,0.6110995203996005,0.07680365799845396,175.618420915257,1.2473,178.667,0.62133198865602,0.07753350546710867,175.58920282642652,1.2575
1787413585.3680706,-0.6068928579575561,-0.18353101648508352,-2.8794241293889598,0.6111414602114463,0.0780421258724535,175.50531104143147,1.2458,178.385,0.6153599672734799,0.09597981102587738,175.7942670832405,1.2538
1787413585.4399643,-0.6060012717897229,-0.1837877655434605,-2.6075411563593005,0.6123687313426585,0.0821531116258613,175.62231144162686,1.2471,178.230,0.6010099620508464,0.07931821564910473,175.83149633518065,1.2354
1787413585.5177789,-0.6050372425338288,-0.18375651115006197,-2.6036371996718266,0.6151271331185909,0.09098722290834095,176.20322127926045,1.2507,178.807,0.6260754747656195,0.1227958899596938,176.60481465646706,1.2687
1787413585.661715,-0.6029333664145717,-0.1827537474212748,-2.6727818798267733,0.6162440187321716,0.10249129248247474,176.44731276035085,1.2521,179.120,0.5904990308822956,0.25740280041668473,178.56710247541594,1.2720
1787413585.7308095,-0.6019879645725132,-0.18213581801777382,-2.907187662391933,0.6021945588764349,0.15264820548160934,177.32659323421325,1.2499,179.766,0.6008796886248314,0.11675617370553017,176.49856576893794,1.2394
1787413585.8762004,-0.6000921225621629,-0.18175808143987693,-2.939931250857432,0.6126929840898135,0.1244018982722743,176.35981959807887,1.2508,179.300,0.6205148500170362,0.07426116411947074,175.65094982229527,1.2472
1787413585.9459639,-0.5990823655123992,-0.18198256180924846,-2.9144852840962945,0.6170324426162314,0.11228246645590712,176.10875902381434,1.2512,179.023,0.6133661842120925,0.07983898410181753,175.64424768220897,1.2404
1787413586.0825148,-0.5972812216319104,-0.18260853668332794,-2.482423168220256,0.6140392548175331,0.09938216871613526,176.0289645590844,1.2437,178.511,0.6260393867214052,0.12200938030309023,176.41392143560424,1.2607
1787413586.1562028,-0.5963274157860091,-0.18256849130865024,-2.479064372981181,0.6200337769761254,0.10549999539355272,176.20495382471975,1.2500,178.684,0.6108009682215688,0.12732427854350348,176.83899971765405,1.2463
1787413586.2287405,-0.5953194672320059,-0.18216770398885812,-2.4205214350981996,0.6148566847878596,0.11110121994071565,176.6423969262097,1.2452,179.063,0.6108009682215688,0.12732427854350348,176.83899971765405,1.2452
1787413586.3713937,-0.5933662253171589,-0.1808051722602543,-2.628148966227476,0.607238191013037,0.12143606363104327,176.85009731654293,1.2381,179.478,0.6035950426888561,0.13775166076048576,177.04439180036178,1.2386
1787413586.4460275,-0.5924472174041325,-0.18040912344004548,-2.646911629014214,0.61365072928898,0.12150948988638473,176.8214557236926,1.2433,179.468,0.6152867201669352,0.06629140095409664,175.9354767003229,1.2327
1787413586.5199265,-0.5914786928025404,-0.1803096374495779,-2.6698376600852645,0.6105836064476733,0.09545710160844496,176.32101252321718,1.2333,178.991,0.604967550828946,0.06803214382719844,175.98157096019634,1.2219
1787413586.6632164,-0.5895278395306354,-0.18079780714973204,-2.509628498538267,0.6072584758016676,0.09652335309922017,176.30959907841216,1.2285,178.819,0.6131822538122503,0.07233884831797752,175.98334176983533,1.2291
1787413586.7308764,-0.5886601943025404,-0.18100892405965013,-2.237715716950145,0.6103525608798732,0.08924946976600596,176.18557695612654,1.2291,178.423,0.6095094363379993,0.11031899579686126,176.59558728120234,1.2331
1787413586.8729212,-0.5866881557267527,-0.18051708557831014,-2.1771352870221845,0.5995968348660341,0.10092444023217474,176.8223895474079,1.2192,179.000,0.615053667542407,0.1259268152356162,177.10938927011404,1.2402
1787413586.946385,-0.5856551183952259,-0.17985577052005858,-2.1934612795942483,0.607044782454995,0.12727330731306974,177.1197165951255,1.2316,179.313,0.6048851731981449,0.1842264589713086,177.82089132779606,1.2450
1787413587.018756,-0.5847277615053416,-0.17912434069235528,-2.3747185037588285,0.5943389995003463,0.1243260041278011,177.15581447457754,1.2175,179.531,0.601325860233525,0.09246411795711766,176.5738143762023,1.2168
1787413587.1642096,-0.5828228278581868,-0.1785770249961111,-2.417431860628657,0.5978234491954708,0.11709467523303276,176.8719823894725,1.2171,179.289,0.5952646019893574,0.08732681702028572,176.39614138715726,1.2077
1787413587.2388408,-0.5817985293843555,-0.17870550654314168,-2.4070204582494545,0.5962315563203563,0.10941213476152024,176.6681363470399,1.2128,179.075,0.5936912976752126,0.10897432546060465,176.6681531299288,1.2102
1787413587.3130848,-0.5808385370461857,-0.17900440600026324,-2.273951445047943,0.601060812417326,0.11161831525524778,176.72097705504177,1.2171,178.995,0.5973517391912467,0.10786347403313705,176.90309403166236,1.2126
1787413587.452973,-0.5789891432254858,-0.17910246567540164,-1.9987005070162047,0.5989266300399597,0.1102375291497472,176.9308480592183,1.2129,178.930,0.617298314224252,0.10376884873008564,177.15772733038992,1.2293
1787413587.5242481,-0.5779658048605502,-0.17860747333125562,-1.9356782877029792,0.6067050531434902,0.10571530512302238,177.1847217605046,1.2183,179.120,0.6036917332293998,0.09962188936370973,177.10198061783439,1.2140
1787413587.6744757,-0.5760113474975043,-0.1771247099602586,-2.132363873540066,0.605117202799028,0.10529091995247009,177.24313227074427,1.2144,179.375,0.6037659378577394,0.10476934590733253,177.2348046162898,1.2130
1787413587.7531834,-0.5750848486831588,-0.17667222548232472,-2.1521577838859756,0.6043585994738666,0.10680327322256575,177.23642817888333,1.2130,179.389,0.6106483082538129,0.07135546329698962,176.5712748277595,1.2114
1787413587.824858,-0.5740966298600596,-0.17655995440415354,-2.1761261347455374,0.6080153109382783,0.09771761086485503,176.89247018630456,1.2135,179.069,0.598024561091194,0.07405857340472209,176.51895239297644,1.1986
1787413587.971267,-0.5721224278093385,-0.1769523038750716,-2.0090784417023073,0.6059849372214439,0.08988735587639986,176.75334826323672,1.2079,178.762,0.5983289773317572,0.08575730243819363,176.73930788523958,1.1996
1787413588.0413327,-0.5712379412031898,-0.177054637451844,-1.7215971771866758,0.602356084921664,0.08808124039110855,176.77280656758728,1.2032,178.494,0.5860572784876398,0.11451467028014942,177.26188988705857,1.1935
1787413588.1762857,-0.5692555524415467,-0.17627686472831638,-1.6628652587016752,0.6184224418396409,0.11769462636708308,177.91096475189246,1.2235,179.574,0.7261326772972809,0.34299079177800096,-178.90095514752383,1.3956
1787413588.2476373,-0.5682543955953449,-0.17548552911560872,-1.686845416412367,0.6429602956638719,0.14837737624922648,178.3719927664292,1.2538,179.941,0.585243957030647,0.12027737644242478,177.68104141821047,1.1908
1787413588.3188093,-0.5677268093640977,-0.1751349091042258,-1.6754145631894766,0.6031781432172014,0.13229416031850125,177.8564541651231,1.2106,179.532,0.5824529735275566,0.10121253200120818,177.41671817509763,1.1829
1787413588.4564154,-0.5665860494538385,-0.17510563580284397,-1.7198869656955664,0.584004576252416,0.1250715864252221,177.74577418616505,1.1891,179.466,0.5841590892018204,0.09746446804806957,177.26555837454214,1.1826
1787413588.5295167,-0.56600136964484,-0.17560076608057068,-1.8121419773930307,0.5833547357032827,0.11848075865921932,177.52405343546397,1.1864,179.336,0.5681297821061452,0.0810906291075559,177.06255682961333,1.1628
1787413588.6750536,-0.5650335601665268,-0.17689033457482145,-1.6188021509006136,0.574438984133399,0.10777861707692045,177.3971837061501,1.1745,179.016,0.5740930404483173,0.09953621250161676,177.2374108977904,1.1722
1787413588.7486877,-0.5642799758797835,-0.17701413637207017,-1.6114701879599431,0.5726008553009906,0.10492722956440081,177.30184422597284,1.1713,178.913,0.5580303499481274,0.12632315258001817,177.76463682823334,1.1626
1787413588.8203495,-0.5634499116224848,-0.17682892134081443,-1.6120825831348076,0.562069282291603,0.117328510673354,177.6800267970806,1.1633,179.292,0.5644257402959183,0.1302606380371705,177.84225141581643,1.1689
1787413588.9568615,-0.5618800413387318,-0.17596623178396742,-1.9364561576175063,0.574257131917937,0.12244353708220128,177.74867725758028,1.1747,179.685,0.5874578804967407,0.13291009474577933,177.89581225120597,1.1901
1787413589.0290387,-0.5610869755551833,-0.17567422422569462,-1.9535936122037898,0.5802318663031139,0.11818886596800145,177.2851506781864,1.1785,179.239,0.5849087255697057,0.10369014319935839,177.11069955522424,1.1796
1787413589.169643,-0.5593515675894474,-0.1759745530705757,-1.9873973761286168,0.5753855193595921,0.11144883720555823,177.20982768146754,1.1706,179.197,0.5722267644776001,0.09696401333245619,177.0290776613469,1.1640
1787413589.2329714,-0.5585072268252883,-0.17644591347267516,-1.8959283871267114,0.5765559031976931,0.10373999998672634,177.07164744386452,1.1691,178.968,0.5778603065053197,0.08667381425527003,176.8640449409892,1.1664
1787413589.3798087,-0.5569188341740099,-0.177069130701585,-1.6433354237257687,0.5749392675633437,0.10793337637846076,177.25549521327903,1.1672,178.899,0.5846273741272536,0.12133737177044666,177.6916730749607,1.1799
1787413589.450237,-0.5559911235082284,-0.17691968161200225,-1.6312637250134268,0.5795514993833343,0.11104516886271772,177.5545859474103,1.1715,179.186,0.5662670156988411,0.1553509352616926,178.17620075689993,1.1704
1787413589.520834,-0.5550276447075275,-0.17652543925620892,-1.6824323759691675,0.5701005560133268,0.13358511006278054,177.90092929723914,1.1671,179.583,0.5701602626286308,0.15195873490973796,178.12562969055895,1.1722
1787413589.664134,-0.5537402592147783,-0.17572631188788732,-1.8733615328033655,0.5767124193678993,0.13859415209519926,177.87212637705102,1.1733,179.745,0.5627412844679339,0.12417520058214918,177.55181301440552,1.1561
1787413589.7388802,-0.5532900654021181,-0.17570974092103733,-1.9061572721890547,0.5692699764250471,0.13653995361966176,177.7143372088073,1.1652,179.620,0.5524818815174836,0.10278313418533526,177.21638351134968,1.1403
1787413589.8807518,-0.5523047211376342,-0.1764856602871004,-1.8301527524962333,0.5585569080988292,0.11992658427419012,177.34769105017477,1.1497,179.178,0.563643458664985,0.0903481269608,176.95861127364475,1.1474
1787413589.9500628,-0.5519245210973786,-0.17695377847608712,-1.6029735074894347,0.560872474851003,0.1110512197205418,177.20878009133463,1.1495,178.812,0.5638262698990454,0.12037142309562053,177.51078213062786,1.1547
1787413590.0299375,-0.5513187697828811,-0.17718206947326928,-1.5898162407645893,0.561717339572716,0.11296336233991874,177.41512453285213,1.1502,179.005,0.5481586402640768,0.14615057094105624,178.0449488654528,1.1460
1787413590.182473,-0.5499089946754564,-0.17669354787711203,-1.636593138078901,0.5551887102258839,0.13374538736279495,177.90132138526943,1.1479,179.538,0.5455192405740681,0.1604259770363931,178.2340671576454,1.1461
1787413590.2436788,-0.5492809359352331,-0.176237779714343,-1.8466802734279106,0.5488718441892642,0.14372458223045448,178.0381314951953,1.1438,179.885,0.5455192405740681,0.1604259770363931,178.2340671576454,1.1454
1787413590.312016,-0.548682690442034,-0.1759760185235732,-2.143071620957766,0.544681050554688,0.14121723153920993,177.76187087424964,1.1384,179.905,0.543937916927951,0.12953607100653294,177.6189088295332,1.1345
1787413590.4583294,-0.5469764156947391,-0.17661594134850125,-2.0756691356902555,0.5536800851200181,0.15537053196604048,177.7259679522921,1.1496,179.802,0.5679799555799847,0.11663672906444314,177.1015474752781,1.1529
1787413590.5284235,-0.5460953538109815,-0.17737800337408507,-1.8959837573917098,0.5610615703125872,0.1448687755779153,177.43593448503165,1.1531,179.332,0.57932978137455,0.16084787190054636,177.9080167463174,1.1752
1787413590.677037,-0.5444370811885202,-0.17857952976470087,-1.5625521751321891,0.5601201662025382,0.14942199129666034,177.8445326550972,1.1522,179.407,0.5966831269977869,0.2391342330702381,179.43368719789925,1.2152
1787413590.7495675,-0.5434858147197758,-0.17870095451883197,-1.5432365402092942,0.5730785336084717,0.17459273522025198,178.61224225637815,1.1711,179.845,0.5776542634341224,0.16795160190990718,178.6234506319808,1.1735
1787413590.8196604,-0.5424987170451699,-0.1785777808157595,-1.58704005181798,0.5742546835664042,0.20279201027603286,178.92788598413728,1.1801,179.485,0.5762427717700137,0.24312145165054688,179.40797730645892,1.1956
1787413590.9574893,-0.5407410658265301,-0.17828911782734955,-2.0639455376371187,0.5630560827080104,0.18874674746868522,178.58828872225652,1.1632,179.348,0.5514342171883468,0.1317592073280191,177.68669197023132,1.1353
1787413591.0284545,-0.5398215125889626,-0.17857909751439205,-2.061967325687946,0.5427767174643267,0.15743695030064622,177.64040653474066,1.1335,179.702,0.5284471939107153,0.10744453884617085,177.00110632231693,1.1059
1787413591.1708329,-0.5377630933141817,-0.1802117297395951,-1.9390465444126268,0.5341142787792508,0.14125723288619135,177.47443013461876,1.1190,179.413,0.5288617443329626,0.10346208804583829,177.00393644824874,1.1037
1787413591.2399836,-0.5368527155527505,-0.1811485334940564,-1.670608587926716,0.5299150795247056,0.1403530166742424,177.4582450768983,1.1142,179.129,0.537483568801515,0.14248665905748742,177.62110273320263,1.1220
1787413591.3787615,-0.5349969954325077,-0.1820198687567434,-1.6240027433616415,0.5313905644037088,0.14945429886042258,177.95426599430348,1.1167,179.578,0.5378534973288932,0.17572104600045862,178.3301266847923,1.1309
1787413591.4527495,-0.5339711265025318,-0.18203975041156029,-1.641500455066839,0.5339612414247014,0.15811368689809707,178.11115118394187,1.1208,179.753,0.5398280381232003,0.18509298535198035,178.40904673026495,1.1348
1787413591.5243776,-0.5330066462042845,-0.18190408741438266,-1.7883060548167065,0.5362626847099117,0.1681504110912842,178.19929044379398,1.1251,179.988,0.5398280381232003,0.18509298535198035,178.40904673026495,1.1339
1787413591.664312,-0.5311747625949317,-0.18219395094902857,-2.0662182415046466,0.5399206505797172,0.15246730202744713,177.83005780634636,1.1222,179.896,0.5531804994539945,0.09570797583875763,176.88016273925118,1.1194
1787413591.733733,-0.5301881806985617,-0.1828137408315064,-2.0503174107226743,0.5477543168347322,0.13476403011610713,177.35581497163193,1.1238,179.406,0.5424525143836317,0.10495590432707057,176.8938812105795,1.1106
1787413591.8773043,-0.5283008232920218,-0.18459632540253307,-1.7221184446852795,0.5378357769345947,0.11291527198617138,177.04389664699548,1.1069,178.766,0.53600555647128,0.09772165270670018,177.03098917283293,1.1011
1787413591.9420295,-0.5274330452278658,-0.18518983114101847,-1.6996774001593034,0.5365192345067313,0.10585895263773248,177.12958328206415,1.1030,178.829,0.5337208733960696,0.11518294168994427,177.39313012143344,1.1028
1787413592.0770693,-0.5254909042293485,-0.18560308785789398,-1.661971245168488,0.5343259958551193,0.10590050074042003,177.27804262200846,1.0992,178.940,0.5178476033812561,0.13298234144400622,177.64491724283823,1.0909
1787413592.1498182,-0.5245084741500629,-0.18547439825700393,-1.759145731221397,0.5238696437407073,0.11195908093009695,177.3939552269815,1.0898,179.153,0.5469734080426948,0.13626027376284183,177.77927858449286,1.1187
1787413592.224001,-0.523628544541904,-0.18537595675695862,-2.005941546760705,0.5341604849407983,0.12066819590555636,177.4393784478705,1.1012,179.445,0.5315877247296297,0.12772981052654397,177.5204727406117,1.1007
1787413592.35973,-0.5216906050617686,-0.18589411346751342,-2.0165047860918124,0.5278599744782652,0.11935884238302778,177.15827383014934,1.0930,179.175,0.5333401552959869,0.10532385590984389,176.92596143597223,1.0945
1787413592.428845,-0.5206630828115121,-0.18652504563467262,-1.9789272775029327,0.5284320788277264,0.10565747034076545,176.8058825391894,1.0890,178.785,0.5264466494089174,0.08619161654378896,176.5618591024847,1.0820
1787413592.5768082,-0.5191729755295764,-0.1877588771876142,-1.7919717976994525,0.5256470642206155,0.08973005681768151,176.69754511396283,1.0810,178.490,0.5233183924430423,0.06079474309535776,176.33988054566746,1.0717
1787413592.649625,-0.5185641818196749,-0.187938401520727,-1.7498232546237604,0.5193833248587626,0.08962883822583226,176.90129418882165,1.0744,178.651,0.5263590478063738,0.0975625825045402,177.03239413480514,1.0832
1787413592.7194118,-0.5178754303355277,-0.18781343892235633,-1.7202929369446947,0.5190671651953299,0.0962735918359634,177.1421876377296,1.0752,178.862,0.5178026189742022,0.11887413674864362,177.4215829287291,1.0801
1787413592.8579159,-0.5166225802786844,-0.1871244498999432,-2.005825707536846,0.5170888758482164,0.10152507635665423,177.1962144710702,1.0733,179.202,0.5098934585036385,0.0975866193889267,177.05419939189923,1.0653
1787413592.9298027,-0.5160408715197365,-0.1870005151722555,-2.2856163461973527,0.5179470200462671,0.09704525441002018,176.85212632798002,1.0723,179.138,0.5243815343749466,0.09280828628321698,176.80085367541045,1.0774
1787413593.0700016,-0.5143053307281374,-0.1882621585594847,-2.2318802168716836,0.5307783502315756,0.08537627549721147,176.41862035878128,1.0803,178.651,0.5346459728962963,0.11014035047563983,176.65499460970554,1.0906
1787413593.1384988,-0.5134779827126368,-0.18918317888664624,-2.065581138492558,0.5344105093284051,0.09396533941924008,176.46807397810534,1.0855,178.534,0.5177344285096305,0.08840107414845359,176.46962673939498,1.0679
1787413593.2820525,-0.5119465890963724,-0.19048987087595284,-1.9775136905667718,0.5257807399839178,0.09326253403196164,176.66786338002373,1.0758,178.645,0.526206241752315,0.10162399672160351,176.77026413486345,1.0785
1787413593.3550255,-0.5110626418217348,-0.19068526347562267,-1.9255466504876724,0.5233186454162138,0.09673170265805413,176.7884286306801,1.0736,178.714,0.5322875113044042,0.09014064306591031,176.82616725957442,1.0805
1787413593.4251828,-0.5101724787540954,-0.190654774562619,-1.9592229804092172,0.5155977068128592,0.09671256969702614,176.85747005321645,1.0653,178.817,0.5055800488675835,0.10552991070175774,176.95425830200193,1.0581
1787413593.5635474,-0.508592806842202,-0.19070652191116394,-2.3861851537720447,0.51533468036506,0.10114268177437943,176.85738027347546,1.0647,179.244,0.515659688014862,0.11112646883326824,176.97698342047218,1.0678
1787413593.6357107,-0.5076403530651181,-0.1911810128261922,-2.3786655656665143,0.513309567792488,0.10044354417191524,176.82833814460005,1.0618,179.207,0.5301527908599623,0.051621161832320586,175.7553105497701,1.0658
1787413593.7697713,-0.5057528502298331,-0.19299136351163104,-2.3291968416544644,0.4480133994409303,0.14554533115881146,177.490369110206,1.0121,179.820,0.3941610601819783,0.25458588401848115,178.82315689706596,1.0051
1787413593.8388593,-0.5049748016111785,-0.19327667682470198,-2.309928722712671,0.43739519210115935,0.15042600986863747,177.51582121042176,1.0031,179.826,0.5191323300874091,0.055959587887839335,175.8868924365566,1.0540
1787413593.9824615,-0.5031726400748747,-0.19313468749093024,-2.2278728266208105,0.45611829189672465,0.18879419738390596,178.20843065675402,1.0325,179.564,0.5086096663686553,0.10201149610062046,176.44597403097714,1.0540
1787413594.0521848,-0.5022140877169295,-0.19258278521182434,-2.2450148812631268,0.4834724218959528,0.16802725624874804,177.24450477490166,1.0496,179.490,0.5082080161546971,0.08528224163277412,176.3431886333367,1.0479
1787413594.1239889,-0.5013273817701644,-0.1918938151914708,-2.397028102342948,0.5108665995183127,0.13296429118650654,176.9552125341908,1.0630,179.352,0.5225198546849332,0.09836315678925293,176.54214956255933,1.0642
1787413594.266427,-0.5005720118962229,-0.19110873071913909,-2.6506075936089535,0.5161215773647364,0.11776982950590967,176.5697486725987,1.0626,179.220,0.49972377307103105,0.048833058541966574,175.55593810879603,1.0287
1787413594.3393278,-0.5001199207515323,-0.19112229264042638,-2.7763082558669,0.508887317998774,0.09696582579725688,176.16246360781508,1.0493,178.939,0.5082470224009786,0.07491627563050549,175.71183075573435,1.0429
1787413594.4818285,-0.49936374700802577,-0.1916356653296565,-2.6776972316688985,0.5165851350820992,0.08495091906040267,175.8400077144726,1.0529,178.518,0.5226259440196686,0.08281796667159053,175.81592524741114,1.0582
1787413594.5576303,-0.4987786271716736,-0.1917351525839298,-2.666304882333509,0.5104989251330321,0.08756836776284968,175.8351236878623,1.0472,178.501,0.5189972818875231,0.09644512291420755,176.09216630793662,1.0578
1787413594.632471,-0.49810316881851285,-0.1915016492126671,-2.650914056172857,0.5154303410426533,0.08852514591638112,175.99357496174724,1.0515,178.644,0.5119348608770985,0.11816527021485827,176.47290579531727,1.0564
1787413594.714213,-0.49737373978429444,-0.19101381611773843,-2.688447632091053,0.5132910870138588,0.09542556301782895,176.19212658179097,1.0505,178.881,0.5060158302970127,0.11043181478041958,176.25295609104023,1.0477
1787413594.867861,-0.49613343132025894,-0.19001787059027148,-3.2043035682151015,0.49524268673111543,0.10273866277847488,176.1498485953498,1.0337,179.354,0.5016956292867815,0.12959528233644804,176.29420080368527,1.0478
1787413594.9421806,-0.4951868842651065,-0.19014186599766905,-3.203267320910329,0.4986607131664265,0.11199777798062267,176.0825227150914,1.0388,179.286,0.5014534790143789,0.14703990211080126,176.13632893468684,1.0521
1787413595.0176885,-0.494197046248344,-0.19052170620951722,-3.169104406304814,0.4939222645008012,0.12254082918323714,175.83573438452268,1.0365,179.005,0.4883615845068453,0.11248481500677993,175.70536984234462,1.0282
1787413595.1640027,-0.4924435123948964,-0.19147099979451226,-2.9916669424235063,0.48878693617355057,0.12202550909117936,175.9279253189491,1.0301,178.920,0.48593507942383324,0.11895306625320563,175.88802905654882,1.0264
1787413595.229815,-0.4915360677924487,-0.19159959597843665,-2.9479472893035705,0.4833061339332406,0.12818125869812308,176.15954822900602,1.0260,179.107,0.48161489089563975,0.1386042641212362,176.28559711507378,1.0276
1787413595.374056,-0.48955893816729046,-0.19108627877366818,-2.966074916711287,0.48621996992354816,0.14228033564872142,176.49227271687823,1.0312,179.458,0.497241079280496,0.09126857499896537,175.9118939851853,1.0264
1787413595.4449127,-0.48866377104334024,-0.19067119988878134,-3.1688625403718698,0.49167582752325867,0.13917257913528774,176.4484309410325,1.0343,179.617,0.48226432473340064,0.13133810395635478,176.23541624882708,1.0229
1787413595.5797234,-0.4868195581993309,-0.19084903923350247,-3.4443391145757256,0.4860643672206869,0.13814429021941957,176.32580372393556,1.0270,179.770,0.48731478223279046,0.112026253934141,175.54765796536327,1.0201
1787413595.650926,-0.48584871848709305,-0.19155749589258556,-3.42026289065028,0.4866848583290799,0.13107754926805532,175.78717093918215,1.0247,179.207,0.4949151670616688,0.07697742979099502,175.06788071445825,1.0169
1787413595.7287872,-0.4849237276148967,-0.19243500138099254,-3.2959789903861694,0.49212290849927925,0.11197840661729985,175.4982413914293,1.0234,178.794,0.4899187380111566,0.1024625397954675,175.44202623979683,1.0185
1787413595.8644996,-0.48318856793195547,-0.1936264797971378,-2.997641111248061,0.4969207237783131,0.10680645842614886,175.6157888303496,1.0251,178.613,0.5018447647039498,0.10804450028643307,175.6394432767024,1.0302
1787413595.9332004,-0.48222083369598534,-0.19361728862532876,-2.9504964620418086,0.49739882241959094,0.10526882265851047,175.5617220059195,1.0242,178.512,0.5046250966597915,0.1653968935153755,176.6244233567772,1.0501
1787413596.0124283,-0.4812233548940144,-0.19339774587099284,-2.9660384528606705,0.38720346413826706,0.024076580852746984,173.96237145474382,0.8952,176.928,0.4911170959770817,0.14024334871415878,176.33543459735506,1.0280
1787413596.156314,-0.47943019142100746,-0.19298377589666987,-3.157112590040831,0.4390820689140019,0.0505526982697017,175.14911968122107,0.9502,178.306,0.47209664414081676,0.09973774946305224,175.54076813141705,0.9955
1787413596.2285306,-0.478490996718604,-0.19318998236806312,-3.1787928438283974,0.4558441977097404,0.06278756607200847,175.06410706253018,0.9688,178.243,0.4754356263634383,0.0920520905988827,175.48178630602254,0.9957
1787413596.3643672,-0.47656122188598105,-0.1943240764128094,-3.0925530911663643,0.465167455189993,0.06960697304487895,175.19079047376408,0.9780,178.283,0.49365290140819906,0.09589622865685525,175.44916298597158,1.0127
1787413596.436303,-0.476074490556244,-0.19444133759390708,-3.083647826388403,0.48340773725092495,0.07863374784714378,175.23784961339612,0.9976,178.321,0.4396079897330337,0.08831038077949775,175.34801038456357,0.9583
1787413596.5781634,-0.47487958646143275,-0.1939359872408513,-3.0285989163790292,0.4737902984721988,0.0961532005873981,175.59978698742538,0.9920,178.628,0.4840119033715645,0.14717613149134592,176.31415099373666,1.0178
1787413596.646142,-0.4742000772776937,-0.19328604336233515,-3.0652363260825832,0.478683856232763,0.11101552109580866,175.85544932260487,1.0003,178.921,0.49621726635476254,0.16629233444843564,176.6057367706011,1.0349
1787413596.7198563,-0.47358727368358733,-0.19252774136869916,-3.22521505680802,0.48853778842124335,0.12929009526129903,176.13509359128898,1.0145,179.360,0.478663293115063,0.14039318725664926,176.26188382749706,1.0088
1787413596.8638437,-0.47217764569883847,-0.19192838267953127,-3.2891575708086056,0.47490363888068776,0.13076063437387597,175.96200694498935,1.0005,179.251,0.4723937716598393,0.1190049177745097,175.72039243666046,0.9944
1787413596.9334552,-0.4713988369778321,-0.19202806181433868,-3.3153467339826723,0.4731589680303275,0.12865427794123885,175.83821206292228,0.9975,179.154,0.47629865816464717,0.14068614126152254,175.99144998375192,1.0044
1787413597.0739298,-0.47000267168519827,-0.19265140628225652,-3.0232382297278466,0.46716611715718315,0.1302118925743148,175.78798223904337,0.9912,178.811,0.5180466743634486,0.20009518943134047,176.94042956880963,1.0632
1787413597.1450894,-0.46932907362697845,-0.19274105269384767,-2.740641481917935,0.49649666819841987,0.1547871976507528,176.36516035810436,1.0264,179.106,0.459362943460103,0.14569072145013326,176.4187253151706,0.9884
1787413597.2139091,-0.46840429350574886,-0.19231242957001562,-2.7509703623712025,0.47662154047766736,0.15529753797399176,176.56137897522785,1.0069,179.312,0.47090726911596453,0.15921704825609603,176.87751654183248,1.0029
1787413597.3545544,-0.46648008504099747,-0.19076991858615283,-2.986320676906789,0.47480133865874713,0.15418923416433633,176.84758693126975,1.0025,179.834,0.47237385337230287,0.15593876771366044,176.77886490792403,1.0008
1787413597.429007,-0.46562921006624786,-0.19005494562838726,-3.294329524935124,0.47340261560179026,0.15697756388617698,176.79414221940772,1.0011,179.912,0.45970691542625475,0.15065307924695043,176.48739022992353,0.9861
1787413597.5773976,-0.46368874165589236,-0.19010393747940293,-3.2900054781407624,0.4816154970050741,0.1793920633285574,176.67244392170593,1.0150,179.962,0.47622188933076265,0.11310794645697353,175.70887173491587,0.9876
1787413597.648284,-0.46270483018725417,-0.1905807253979887,-3.1792526952849376,0.47836261533786245,0.1608811121109593,176.29151831146905,1.0046,179.471,0.46973727702121343,0.12764848746010202,175.88367710005357,0.9853
1787413597.7193959,-0.4618134148724236,-0.19107073220359322,-2.932534159866064,0.4749471283886939,0.1535288337052643,176.34937770434948,0.9981,179.282,0.47534590398283694,0.15293825251099036,176.3444237870672,0.9983
1787413597.8636389,-0.45992340547397426,-0.19122211532780484,-2.9003420736750067,0.4711736029935762,0.159392035429329,176.7904831610519,0.9949,179.691,0.4690766924032623,0.17076781359714854,176.929396718543,0.9970
1787413597.9347966,-0.45887158301702036,-0.19088475804966376,-2.9241701568409004,0.48536490191643233,0.19086661891853815,177.3371199246082,1.0185,179.739,0.4699732689310856,0.2253276664166358,177.58394200974053,1.0178
1787413598.0714772,-0.45703873196644784,-0.1905373482486106,-3.0884155013608927,0.4895963613345349,0.22579539732800433,177.77196026134135,1.0341,179.140,0.5055490332282059,0.26640244177293476,178.300788462729,1.0655
1787413598.1442327,-0.4561512613584321,-0.19093099880425832,-3.1201013595821148,0.4916569710821989,0.23714744634240864,177.88561521779886,1.0400,178.994,0.46825233531345445,0.15822711368182163,176.44387887507483,0.9881
1787413598.2181854,-0.4552210844285026,-0.19160638609065028,-3.1444476531766705,0.4769485143848991,0.21195228674199423,177.12833777727235,1.0158,179.727,0.37298308640138544,0.38715606343544207,179.9093487801281,1.0104
1787413598.3603113,-0.45347520992277907,-0.19351150551839408,-2.8690178966498756,0.42903619919357755,0.24094173136740915,177.3500072644487,0.9837,179.781,0.46160973746924144,0.14006632641128874,176.18175455839224,0.9740
1787413598.4248922,-0.45265201543539063,-0.1940644649901498,-2.8484403329829524,0.4461920157868311,0.21463825005240078,177.09142913004183,0.9874,179.940,0.46160973746924144,0.14006632641128874,176.18175455839224,0.9734
1787413598.5723312,-0.45077175481514065,-0.19434222988619057,-2.8181407410936425,0.47159602518053034,0.19676404182589297,177.20764159499444,1.0019,179.974,0.4503031327496099,0.1437927612189563,176.61336143946528,0.9624
1787413598.6412454,-0.44983949481422164,-0.19414828512739388,-2.9464314004882293,0.4606686142240013,0.18074404785022166,177.09036875914575,0.9847,179.963,0.4608632261851742,0.12394699160625175,176.3031537930235,0.9647
1787413598.779188,-0.4484414657557173,-0.19418516529392724,-3.2063534047300886,0.4687508683336257,0.155669812774488,176.49242214717992,0.9817,179.699,0.4668845347695291,0.12677425109644522,175.8174546333656,0.9700
1787413598.8527796,-0.44785208417482897,-0.19463846363063583,-3.2228568126394155,0.4683240987758166,0.14672030120225876,176.07267974138762,0.9777,179.296,0.4452401969461951,0.09975058155635615,175.50777108400737,0.9404
1787413598.9282591,-0.44724325380441504,-0.19531411307740051,-3.1874876809997805,0.45363287911720984,0.11949407217383201,175.67891069693218,0.9543,178.866,0.45151466780187266,0.10004535973213541,175.43149949010993,0.9460
1787413599.0763052,-0.4462948386297688,-0.19665286271460045,-2.9728219944495846,0.4536077768825328,0.11127120667206482,175.66528943998733,0.9511,178.638,0.44313330559718483,0.1335004384989421,176.15762503849623,0.9487
1787413599.1475646,-0.44582430827456926,-0.19687562719410504,-2.9691323119011566,0.44723141995504156,0.11501131054301732,175.92751577010773,0.9460,178.897,0.42224154142727,0.0976905535931141,175.6887703760565,0.9167
1787413599.2216327,-0.4453528387775363,-0.19705485217128157,-2.9664607326588293,0.4439803077856428,0.11591952424030688,175.9223218775263,0.9428,178.889,0.45198690175923983,0.14379717360166183,176.28135502542125,0.9599
1787413599.3570063,-0.4444121397158753,-0.19742400262987247,-2.9646262612257583,0.4508578382249781,0.11125339286758085,175.90957631965287,0.9470,178.874,0.45680893364074976,0.1117219612602907,175.92390537538154,0.9528
1787413599.41389,-0.4441978251004288,-0.19724121694504132,-2.9694908116661374,0.44990732988569393,0.10589299504303369,175.87435589690017,0.9441,178.844,0.4475626513280699,0.12310882661599146,176.02186607483972,0.9476
1787413599.5565648,-0.4440036245265643,-0.19668517538026029,-2.983267607295495,0.2933768919550068,0.10245151443395312,175.532903622058,0.7957,178.516,0.4593071942518019,0.15096640311668771,176.40277120006812,0.9679
1787413599.6308117,-0.44403824969314426,-0.1963168541235085,-2.991965466844661,0.4138818730113066,0.12431501179678621,175.96828463024607,0.9159,178.960,0.45694804977485465,0.17325835103800485,176.64120747948564,0.9738
1787413599.7654798,-0.4443799718150386,-0.19544743222509608,-3.0058653308014787,0.43406045715849656,0.13161544990768714,176.1421798181007,0.9374,179.148,0.4541389364106419,0.15577690413167206,176.4755077048376,0.9647
1787413599.8327782,-0.4447351941193682,-0.19515975774221583,-2.9669971038865333,0.44329385213092704,0.13784081011228677,176.23388456345023,0.9484,179.201,0.45028120719312736,0.15387298338389163,176.44543500568048,0.9607
1787413599.9775698,-0.4455501194348709,-0.19480756063217916,-2.8878528742636957,0.45384910376784887,0.15324574568153132,176.5249341485072,0.9644,179.413,0.44545219242864353,0.1732748553914622,176.80043681655155,0.9640
1787413600.046629,-0.44587535358150177,-0.19468503286229855,-2.85012616651877,0.44967126378818445,0.16090989432103722,176.65096041949488,0.9636,179.501,0.43275692919245823,0.15303959444941745,176.6285749127152,0.9449
1787413600.1169062,-0.44615864456333154,-0.19460284954075166,-2.814620189427207,0.4545233725677063,0.17101030555937646,176.88157097880654,0.9721,179.696,0.46588406101103125,0.19108871355354687,177.14522051145178,0.9902
1787413600.2632797,-0.4464078342448028,-0.1947458307687984,-2.7596112984625174,0.4513201878450261,0.1684518620863477,176.94986145879545,0.9684,179.709,0.44745895357447435,0.1585141786925678,176.8225635944715,0.9611
1787413600.3379092,-0.44644793481196443,-0.19489683282427375,-2.734047316003114,0.4533571939436605,0.1717572421949159,176.99501326481092,0.9716,179.729,0.4523503524335122,0.17158577637174782,176.98653460720377,0.9706
1787413600.4789174,-0.44642711205330365,-0.19530813172946432,-2.7249055601899483,0.44542850754420216,0.16486698640108957,176.91174532943697,0.9618,179.637,0.4392914423150198,0.14853361556035277,176.701716023503,0.9501
1787413600.5478988,-0.4463897659158825,-0.1955329595603645,-2.720069930235273,0.4418936979783732,0.15164106341454178,176.79283810230942,0.9537,179.513,0.4456687312142759,0.13720557632980285,176.59267928041243,0.9521
1787413600.682496,-0.4463102215252609,-0.19574227944148567,-2.7155733598703766,0.44440934302721463,0.1467424271562972,176.70750654536704,0.9543,179.423,0.4456687312142759,0.13720557632980285,176.59267928041243,0.9521
1787413600.7518132,-0.44627541738227167,-0.1958045395030197,-2.714092706090837,0.4410998139499784,0.1439180406615039,176.7259222615587,0.9502,179.440,0.44478140136732336,0.1462447690707337,176.76807891000652,0.9545
1787413600.8253553,-0.4462455324286392,-0.19585189061012273,-2.71287009056162,0.4527216232546799,0.13582349762057735,176.62250732667022,0.9582,179.335,0.46022755494431977,0.11962628517868618,176.43696967798496,0.9598
1787413600.9721465,-0.44620044704916784,-0.1959218142698997,-2.7107502158007,0.45622680224494394,0.13755336391888692,176.60976697646163,0.9621,179.321,0.4581169342397691,0.1432722722080097,176.68212796107332,0.9658
1787413601.0506546,-0.4461951088075199,-0.19594404604495172,-2.7039156819623513,0.45971489707934793,0.14203955935522733,176.65387326574688,0.9669,179.358,0.46418512721366345,0.1403028192065323,176.59960396633915,0.9705
1787413601.119643,-0.4461978089844432,-0.19596176682018396,-2.697457429698717,0.45160617299278794,0.1447708488231029,176.6571488187159,0.9603,179.355,0.4424867494494835,0.15212312768719322,176.73347895502073,0.9544
1787413601.257052,-0.44621461633574083,-0.1959900311724867,-2.685703805837152,0.45435493697113855,0.14654946578822375,176.68790167658904,0.9635,179.374,0.4525155821249843,0.14225522300329715,176.6819317420891,0.9603
1787413601.3308556,-0.4462249985928898,-0.19600221270416926,-2.6803845735321943,0.45223130146965185,0.14572452980232642,176.7221692952267,0.9612,179.403,0.4505818731200236,0.1472242647925876,176.73780987277257,0.9602
1787413601.4769478,-0.4462417128491864,-0.19602466937725135,-2.670914177132651,0.45236871784652893,0.1472742690646664,176.70062219880793,0.9620,179.372,0.45224169978541334,0.15032916624641784,176.73723280102476,0.9629
1787413601.5468812,-0.446245692327561,-0.19603534372950093,-2.6667133042549076,0.4443493402280537,0.1468750626972173,176.6687319613199,0.9543,179.335,0.43527716095626107,0.16483984477489952,176.89412258315252,0.9525
1787413601.6143985,-0.44624825455342065,-0.19604553625757518,-2.6628061528590274,0.437225007586125,0.15165907522645466,176.753164179011,0.9494,179.416,0.4363759642366519,0.1484370455477744,176.7124976726027,0.9475
1787413601.7562423,-0.4462512673375624,-0.196064261146492,-2.6558145303616723,0.4399837720532306,0.15685344818681862,176.7881734291454,0.9539,179.444,0.435769468045238,0.1464984809790624,176.72586297929723,0.9462
1787413601.8263361,-0.44625228821869023,-0.19607274272553935,-2.6526980171187264,0.43942404236458243,0.15175518109802008,176.76154610473225,0.9515,179.414,0.44136670927607996,0.14581159641008756,176.69129781309294,0.9512
1787413601.975402,-0.4462539907171314,-0.19608794719799433,-2.647131714955081,0.43788455566042916,0.14939735950768232,176.74513164267668,0.9492,179.392,0.4282571201479305,0.1408629693523325,176.64699599672713,0.9372
1787413602.0469627,-0.44625476876855447,-0.19609470126364173,-2.644656281613271,0.4326885140699199,0.14686174886474238,176.72731510164152,0.9435,179.372,0.4311046766354782,0.1426091885121821,176.66507400788836,0.9405
1787413602.126852,-0.4462555212960178,-0.19610092345987654,-2.642367339371576,0.4331638395468342,0.14770500174211643,176.72078519235325,0.9442,179.363,0.4358218748861573,0.1535670775797804,176.79653121868697,0.9489
1787413602.2687402,-0.44625694352165907,-0.1961119083625501,-2.638296808486748,0.432670649226966,0.14012228885961459,176.66538542902074,0.9410,179.304,0.43232869971335314,0.1250436184574608,176.4803457614169,0.9354
1787413602.3425655,-0.44625761202556596,-0.19611673099969815,-2.6364954196327406,0.43060381609682263,0.1416922185703356,176.71539325458542,0.9397,179.352,0.43702167301865674,0.15130931151040616,176.80667030115853,0.9492
1787413602.4180975,-0.44625825370327504,-0.19612114427083463,-2.63482703228526,0.4277777108021284,0.14760363812846453,176.7996393016554,0.9392,179.434,0.423929597389633,0.15473305239390975,176.8817978495505,0.9383
1787413602.562896,-0.4462594263131474,-0.19612888455393943,-2.6318632952451595,0.43390491944117315,0.15007025475641303,176.75893706953258,0.9458,179.391,0.447310447522582,0.15164833154547633,176.79235650909115,0.9589
1787413602.6334052,-0.44625996057130574,-0.19613225969049045,-2.630553996562613,0.44158873756625466,0.150590451888094,176.77078861503134,0.9531,179.401,0.436409284102312,0.1460382807789948,176.71580824454546,0.9467
1787413602.773686,-0.446260922855067,-0.19613815437750207,-2.628219483636668,0.4397400946265967,0.15032928539834073,176.81448871601913,0.9513,179.443,0.4404035186113299,0.15263237185835857,176.8442318315393,0.9528
1787413602.846765,-0.44626135816885887,-0.19614071151437815,-2.627184017603682,0.44523822002291047,0.15378313777459665,176.82778912161623,0.9577,179.455,0.45495529827515696,0.15998956851821894,176.93166650328538,0.9690
1787413602.981522,-0.4462621265855213,-0.19614516643540283,-2.6253437994327284,0.4506944843600141,0.15588167859334773,176.87476120754235,0.9636,179.500,0.45495529827515696,0.15998956851821894,176.93166650328538,0.9690
1787413603.0546598,-0.44626246846694145,-0.19614709215810577,-2.6245319978873454,0.4432553520747948,0.15274711246637857,176.8328056467744,0.9555,179.457,0.44307348043596634,0.15440549103920034,176.8714226831699,0.9559
1787413603.125254,-0.4462627834082448,-0.1961488425468218,-2.62377214028794,0.4432693475987929,0.1534815336302668,176.86022086606596,0.9558,179.484,0.44307348043596634,0.15440549103920034,176.8714226831699,0.9559
1787413603.2676382,-0.44626334531211204,-0.19615185699651722,-2.622433234655792,0.44469866909232264,0.15297281505279312,176.8725301731653,0.9569,179.495,0.4451289993874204,0.15147162778423146,176.85486184089694,0.9568
1787413603.336054,-0.44626359303699176,-0.19615315322506854,-2.6218309301298044,0.4380143172271066,0.15289413764185614,176.87010554594116,0.9507,179.492,0.4396698927804953,0.14574858113890204,176.78027515668023,0.9496
1787413603.473427,-0.44626403376509083,-0.19615536679399193,-2.620770864618818,0.4389680955094053,0.1505431795045988,176.83803551540566,0.9507,179.459,0.4317851349941405,0.14353985819668255,176.71380941197887,0.9415
1787413603.5486116,-0.4462642222916068,-0.19615631406571798,-2.6202966569835873,0.4343383241872538,0.1480737300291322,176.77364314968324,0.9455,179.394,0.43235828744012883,0.1467358987561094,176.7731941727125,0.9432
1787413603.6192195,-0.44626440247753857,-0.196157157543258,-2.6198583886863545,0.43295073251246907,0.14744103403313003,176.7826139182571,0.9440,179.402,0.4340638436379762,0.149801171184612,176.84011141773576,0.9459
1787413603.7592597,-0.44626471563947495,-0.1961586517961365,-2.6190983798247696,0.43229237854334435,0.14313938220539682,176.7299572717442,0.9418,179.349,0.43211260827563175,0.1486099765653663,176.79015030777998,0.9436
1787413603.8266785,-0.4462648548319562,-0.196159317177493,-2.6187633247617397,0.4318652423789471,0.14457832897054165,176.740446295787,0.9419,179.359,0.43211260827563175,0.1486099765653663,176.79015030777998,0.9436
1787413603.97125,-0.44626510976609046,-0.1961605027572329,-2.6181354946850472,0.4302092833339497,0.14668566829148516,176.78491176368243,0.9411,179.403,0.43469273903924993,0.14679642537960474,176.78280767022764,0.9454
1787413604.0400608,-0.4462652314467179,-0.19616102619462308,-2.617849999670115,0.43255690810098313,0.1465664306149964,176.77676951008772,0.9433,179.395,0.434816214447571,0.14155082893468723,176.72383037379458,0.9436
1787413604.1117713,-0.4462653409969105,-0.1961615183142854,-2.6175758734672407,0.43473982593663074,0.14325473164163224,176.75690722703064,0.9441,179.374,0.43554680379462773,0.14111208604540446,176.73200000588795,0.9441
1787413604.2594433,-0.4462655431895383,-0.1961623809834776,-2.6170649522425657,0.43834688208207845,0.14192447028921976,176.72941377398539,0.9470,179.346,0.44122648965801037,0.14006179115221304,176.7109362825519,0.9490
1787413604.328384,-0.44626563162287053,-0.1961627654395846,-2.6168151063902814,0.43403157013101057,0.14358507292170064,176.71301092246554,0.9436,179.330,0.43160247708286364,0.14472198295173216,176.73238627797764,0.9417
1787413604.4566944,-0.4462657871786343,-0.1961634561371322,-2.61636275782528,0.43270202250247136,0.1438163529646648,176.72282938258437,0.9424,179.339,0.43563247130755334,0.15582274267274432,176.88847158112551,0.9495
1787413604.5230563,-0.4462658554709981,-0.19616376699241878,-2.6161600477878904,0.4343157589176094,0.1481002494117956,176.791490971806,0.9455,179.408,0.43181507076535447,0.14519678091131866,176.72451065163634,0.9421
1787413604.6633368,-0.4462659766911361,-0.19616432471368503,-2.6157723726790514,0.431960816759057,0.14637614298519291,176.75812013214573,0.9427,179.374,0.4351825247497243,0.16461082941702612,176.99164867783838,0.9524
1787413604.7321403,-0.4462660317157763,-0.19616457372554286,-2.6155937445530553,0.43341024162821684,0.15217758369538223,176.8360346702165,0.9461,179.452,0.4322004511308198,0.13787361587490624,176.66910925565168,0.9398
1787413604.8655646,-0.446266125590207,-0.1961650321964935,-2.6152651140850685,0.43291425692359586,0.14773708471496833,176.79129599930076,0.9440,179.407,0.43925013460548257,0.14614851240837043,176.7672317044685,0.9494
1787413604.9380515,-0.44626616627188936,-0.1961652418835511,-2.6151186221862943,0.436929663717474,0.1471285368339646,176.7756832319208,0.9476,179.391,0.44216288142004134,0.1456497120527035,176.78948098141754,0.9519
1787413605.0815804,-0.44626623790796005,-0.19616562172545465,-2.6148322647863327,0.4400863245244913,0.14645279630264393,176.79579143934794,0.9503,179.411,0.43937426708986616,0.14952353326878035,176.80759681168917,0.9507
1787413605.1500816,-0.44626627020448945,-0.1961657925870171,-2.614699188317379,0.44293521512441186,0.15068184878979737,176.8261660466806,0.9545,179.441,0.44312993008674645,0.15112863312019775,176.8371305808472,0.9548
1787413605.2244267,-0.4462662976996212,-0.19616596114680174,-2.6145724767921372,0.43921526907463027,0.15032224001174463,176.80138769995094,0.9509,179.416,0.43494983689034655,0.14769132279596778,176.7622610014439,0.9459
1787413605.3711803,-0.4462663493305811,-0.19616626093561307,-2.614342265464288,0.4401140176764644,0.15232822951618016,176.843444431479,0.9524,179.458,0.438578502050093,0.1580940096165533,176.92051564104995,0.9531
1787413605.4413915,-0.44626637145122816,-0.1961663969273933,-2.61422138263208,0.4393128932581993,0.1544368283792127,176.8766164564122,0.9525,179.491,0.4380213086637575,0.15830197741401195,176.91325827118027,0.9527
1787413605.578051,-0.44626641156600355,-0.19616664245549675,-2.6140125613770584,0.4385806634151702,0.1563637978002105,176.89039769106827,0.9525,179.504,0.43649122648206407,0.14768627216575989,176.75354768434954,0.9474
1787413605.6418781,-0.44626642753792073,-0.19616675501188574,-2.613904091487603,0.43748963843523847,0.15381433616562348,176.83044075026785,0.9505,179.444,0.43649122648206407,0.14768627216575989,176.75354768434954,0.9474
1787413605.770292,-0.44626645716060687,-0.1961669552859047,-2.613700542808142,0.4398584988833739,0.1515538290054672,176.82718313695648,0.9519,179.441,0.4407731441142471,0.14773029175869876,176.78185508321582,0.9514
1787413605.83894,-0.446266471075351,-0.19616704413088673,-2.613605287724188,0.4402701510781459,0.15172921246077284,176.83001062519622,0.9524,179.444,0.44289904326214374,0.14674629987920382,176.78580957286616,0.9530
1787413605.9106135,-0.4462664831751435,-0.1961671283381313,-2.613515644484465,0.44219281493339874,0.1549153246604389,176.8692722692734,0.9553,179.483,0.4421813633489434,0.16384117699919346,176.9785649793547,0.9586
1787413606.057093,-0.4462665039087512,-0.19616727733374925,-2.6133299741521467,0.44046181687995256,0.1557964796953919,176.87735117903858,0.9540,179.491,0.43918023542911916,0.15572730876080323,176.86602038624525,0.9528
1787413606.1272578,-0.4462665141886138,-0.19616734100899194,-2.613243567898648,0.43984142844214347,0.15633775829842853,176.86486267770923,0.9536,179.478,0.4397409016624635,0.15614656886579842,176.86226627025712,0.9535
1787413606.2603824,-0.44626652995942345,-0.19616745777444292,-2.6130709669714336,0.44000234861503634,0.156916632203504,176.8685665064194,0.9540,179.482,0.44061828710982165,0.14853136396758654,176.76532401557446,0.9515
1787413606.3337784,-0.4462665357209624,-0.1961675112104725,-2.612984817972801,0.4405808798533718,0.15377885116017612,176.82957447669017,0.9534,179.443,0.44531684861955095,0.1658345061690563,177.00575300308964,0.9623
1787413606.4766254,-0.4462665487102251,-0.1961676003236739,-2.612833937077181,0.4414342908145874,0.15534178849612418,176.86939739661398,0.9548,179.482,0.43963435586384136,0.14930302821375085,176.79264944699838,0.9509
1787413606.5455365,-0.44626655388313335,-0.19616763887897257,-2.6127508521206106,0.4419374125694198,0.15765398287995547,176.89791466256824,0.9561,179.511,0.4380468755695605,0.14776025500714832,176.76973422332858,0.9488
1787413606.616014,-0.44626655856659675,-0.19616767550980385,-2.6126818937017076,0.4374753397835981,0.15538125267963324,176.85312533161516,0.9511,179.466,0.4352560723294281,0.15623116415221486,176.86000024300188,0.9494
1787413606.757741,-0.4462665664942528,-0.19616773757850944,-2.612537693100016,0.4386323033651266,0.1580725531574493,176.91196847382895,0.9532,179.525,0.4403812566831233,0.1592551593466378,176.93435366064068,0.9552
1787413606.827878,-0.44626657112009555,-0.1961677617170092,-2.6124713457218154,0.4395768418898487,0.15866184320722615,176.92578552079516,0.9543,179.538,0.4403999758890014,0.15598201076319762,176.88001720002873,0.9540
1787413606.963278,-0.4462665759645304,-0.1961678087485351,-2.612341430142437,0.4400847648467281,0.15808843981218887,176.90552202675838,0.9545,179.518,0.4403124895411069,0.16148710187167184,176.94360764035653,0.9560
1787413607.0364118,-0.44626657826938904,-0.19616782654320408,-2.6122719587231833,0.4402367641200582,0.15971456261191022,176.9217652737382,0.9553,179.534,0.4416823275803988,0.1654512789548774,177.001877551989,0.9588
1787413607.177373,-0.44626658356394,-0.19616785421549884,-2.612158416417377,0.44117309492692924,0.1614307681352672,176.94098686058538,0.9568,179.553,0.43668181472530077,0.1576824337635287,176.87332953358157,0.9512
1787413607.246964,-0.4462665845735978,-0.19616786655000532,-2.612097281068523,0.43874778966627825,0.16060930405357413,176.91255665525887,0.9542,179.525,0.438138798893322,0.1545363557211558,176.8401853502271,0.9514
1787413607.3182333,-0.44626658710812334,-0.1961678734709733,-2.612043328387741,0.4405680807025877,0.16000823895816046,176.92399863144163,0.9557,179.536,0.4423790606437775,0.1623054984435281,176.95509051923204,0.9582
1787413607.471932,-0.4462665897481414,-0.1961678843334573,-2.6119350478033976,0.4398231110345567,0.15755152845387935,176.87403432948503,0.9541,179.486,0.4390572776102949,0.1521517253361478,176.8064972247679,0.9514
1787413607.536294,-0.4462665899304526,-0.19616788827584083,-2.611880759277869,0.43984349440722664,0.158842626434622,176.90567171132753,0.9546,179.518,0.43993449795277206,0.16154002256736466,176.93911356425195,0.9557
1787413607.6106117,-0.4462665916907956,-0.1961678869907663,-2.611833418374016,0.43853828349061286,0.16090890014185008,176.9288765284561,0.9541,179.541,0.4379184788498822,0.16385968786560096,176.96413864859764,0.9547
1787413607.760558,-0.44626659251284534,-0.1961678840774358,-2.611737498815809,0.43736019410488614,0.16189993734500638,176.94032934092954,0.9534,179.552,0.43538979920905096,0.15922189855476743,176.89682582826381,0.9506
1787413607.8316116,-0.4462665928568307,-0.19616788162891394,-2.6116968162173895,0.4362042844038594,0.1612707748120524,176.92330113981828,0.9521,179.535,0.4398165236577547,0.16481699575020287,176.97918795557112,0.9568
