t,gt_x,gt_y,gt_yaw,ekf_x,ekf_y,ekf_yaw,ekf_err,ekf_yaw_err,fix_x,fix_y,fix_yaw,fix_err
1787552955.7336476,-0.877774142126748,2.504239247171333,5.673692076413385,,,,,,,,,
1787552955.8105516,-0.8768435979951105,2.504330884245499,5.681392120725335,,,,,,,,,
1787552955.8863795,-0.8758857683732613,2.504702951758837,5.688500244522514,,,,,,,,,
1787552955.9981022,-0.8740525529316072,2.506129524355245,5.422456678353466,,,,,,,,,
1787552956.0693638,-0.8729345233276345,2.5065023163786195,5.400360881974485,,,,,,,,,
1787552956.242698,-0.8704290028483335,2.506418315014805,5.303635572409328,,,,,,,,,
1787552956.242698,-0.8704290028483335,2.506418315014805,5.303635572409328,,,,,,,,,
1787552956.3474748,-0.8691205892363799,2.5059587447707945,5.368682330857107,,,,,,,,,
1787552956.525839,-0.8666871536460772,2.50565473641874,5.884682873253611,,,,,,-0.9980138916246628,2.381019314351398,7.614752483999194,0.1811
1787552956.6091752,-0.86572156085824,2.506516489866806,5.857195099781159,,,,,,-1.0030505092079847,2.377137229681096,7.941709619215726,0.1887
1787552956.6934557,-0.8653238253965172,2.50724762784567,5.672921565765772,-0.9951395336428173,2.385998471314736,7.756087469312726,0.1776,2.083,-1.0030505092079847,2.377137229681096,7.941709619215726,0.1895
1787552956.7736628,-0.8648997213017617,2.507707711764896,5.3892798291173785,-0.9782991460288959,2.3906962987885687,7.751474073665061,0.1629,2.362,-0.969878538020691,2.3976590423982755,7.6543851490735495,0.1521
1787552956.862359,-0.8643379316910126,2.50788841309065,5.06839736071201,-0.9838627524016801,2.395501909686296,7.213567549434959,0.1641,2.145,-0.9872319270984838,2.393382693980849,7.248288404277422,0.1680
1787552957.031717,-0.8632120803032889,2.507604293691968,4.74293896355703,-0.9841369635370737,2.394386776551658,7.229891498144794,0.1657,2.487,-0.9898645133079427,2.351045958996605,8.054350313292064,0.2014
1787552957.11827,-0.8629526974138001,2.5076584883085946,4.621700779859846,-0.9810810471395608,2.3642252128566827,7.592588719248083,0.1858,2.971,-0.9916473037077204,2.3807670592433174,6.932690855839536,0.1807
1787552957.197868,-0.8626460907551703,2.508108811575028,4.508469208138685,-0.9907973559299097,2.3777671045669684,6.978016051864685,0.1828,2.470,-0.9916473037077204,2.3807670592433174,6.932690855839536,0.1813
1787552957.2731454,-0.862366529738328,2.5088022193046613,4.296602859782062,-0.9860956749154887,2.3799777787367815,6.7124025830508085,0.1786,2.416,-0.9825786575849055,2.3836785122100532,6.655381352035449,0.1735
1787552957.4270053,-0.8616273353684756,2.5088809252214856,4.231393384720028,-0.9851643514091415,2.381082865673871,6.526226636228631,0.1777,2.295,-0.9745860938368006,2.400670372195569,6.174023894235528,0.1564
1787552957.5022044,-0.8610942142175083,2.50844053936003,4.133682762966235,-0.9783563213413139,2.3963575575915157,6.149884521033912,0.1622,2.016,-0.9745860938368006,2.400670372195569,6.174023894235528,0.1565
1787552957.5767097,-0.8605157603568991,2.507757225664881,4.098331791173941,-0.9771045820094109,2.39792193460278,5.69629290553712,0.1602,1.598,-0.9614292959165277,2.4077879138915366,5.940881084331025,0.1420
1787552957.7218304,-0.8593852824503285,2.506425551650045,4.231997884641385,-0.9641658653781285,2.406232913759461,5.943659280268598,0.1450,1.712,-0.9614292959165277,2.4077879138915366,5.940881084331025,0.1419
1787552957.8339293,-0.8579807435792028,2.506206630671756,4.29137419011016,-0.9610294730724871,2.408038107369796,5.825075407271463,0.1423,1.534,-0.9564182309949468,2.3972648838054167,6.284568068034971,0.1468
1787552957.9127066,-0.8572767464271048,2.5063687118711213,4.242870738280326,-0.9543355276759564,2.4006655641614967,6.115105051943046,0.1435,1.872,-0.9371738218440911,2.4331692386986385,5.457906956782266,0.1084
1787552957.9958272,-0.8566722681380979,2.5065997249904517,4.045792916214503,-0.9429203032541754,2.426176379342052,5.55264099395081,0.1179,1.507,-0.9371738218440911,2.4331692386986385,5.457906956782266,0.1090
1787552958.0748975,-0.8560484077346892,2.506558353513298,3.750923620082323,-0.9369885431365048,2.437678378104679,5.091145395921387,0.1063,1.340,-0.935089810431153,2.440224705030761,5.054701005192031,0.1032
1787552958.1644921,-0.8550826376641363,2.5059105581086394,3.7681616759342504,-0.9329560170899901,2.442270590842948,4.710843512329282,0.1006,0.943,-0.9343284160458557,2.437482797207003,4.81448737158556,0.1047
1787552958.3349423,-0.8531809765347014,2.5040552246183108,4.133988582971136,-0.9331628939063527,2.4390544264828606,4.792297281104019,0.1031,0.658,-0.9139105581545873,2.4525905870761253,4.641933918844106,0.0796
1787552958.4117806,-0.8518135242338539,2.5035371872730288,4.1573555802330775,-0.9170669216849642,2.4502618561881557,4.63715921422171,0.0842,0.480,-0.9139105581545873,2.4525905870761253,4.641933918844106,0.0803
1787552958.5199673,-0.8489930596118385,2.503373336153902,4.124014456379875,-0.9108153997261866,2.4556642444155177,4.483726033863367,0.0781,0.360,-0.9139105581545873,2.4525905870761253,4.641933918844106,0.0824
1787552958.5758295,-0.8476324542521625,2.503470600292468,3.9935321191798834,-0.9261828807426759,2.4366454083202544,5.197971380044733,0.1031,1.204,-0.9336656907399756,2.4288699024658267,5.319512968261707,0.1139
1787552958.663695,-0.8465243884333441,2.503409227793521,3.9832532266328284,-0.9227244958476657,2.4394180262523983,4.778065839123672,0.0995,0.795,-0.9404953667873638,2.4107181187409976,5.68583358034904,0.1320
1787552958.8441117,-0.844066055716098,2.50236177957465,3.87003785789512,-0.9295847615459224,2.423124726450555,5.165013235841498,0.1166,1.295,-0.9404953667873638,2.4107181187409976,5.68583358034904,0.1330
1787552958.9331145,-0.8428105342361953,2.5013936091344884,3.953606231968793,-0.9242680287028114,2.438332523467787,4.94158121064917,0.1030,0.988,-0.9225055679867763,2.4405690596687872,4.914715495741551,0.1003
1787552959.0217838,-0.8416567407747614,2.5005544083132696,4.189917490633687,-0.9218059913269794,2.4407587300322082,4.523202098634765,0.1000,0.333,-0.9243791004220276,2.432360700197063,4.9531289849107285,0.1072
1787552959.103237,-0.8407195681198192,2.5005003538190955,4.330239304913664,-0.9222001449662738,2.435328649982064,4.909408592529271,0.1043,0.579,-0.9465484979831102,2.404402644088113,5.894145657805984,0.1429
1787552959.1850471,-0.8397805671337331,2.500828009151917,4.42711502293679,-0.9333414587046945,2.419696113214882,5.5704470700834925,0.1238,1.143,-0.9481477042378951,2.3994990423812426,6.113107141651869,0.1484
1787552959.2751937,-0.838935073348038,2.501313844743604,4.37923318075668,-0.9401104071117745,2.4091519625470923,5.953555285044183,0.1369,1.574,-0.9481477042378951,2.3994990423812426,6.113107141651869,0.1493
1787552959.4284003,-0.8377138490843766,2.5014956667597454,4.281428679618795,-0.9423984669743481,2.4064260687872796,5.919700295506479,0.1414,1.638,-0.9455002160370497,2.402325413894953,5.997531586776271,0.1465
1787552959.499095,-0.8369849935357245,2.50117143432315,4.271464550505783,-0.9425711228341287,2.404634843584038,5.930362298300222,0.1431,1.659,-0.9455002160370497,2.402325413894953,5.997531586776271,0.1468
1787552959.6400578,-0.8359881570456691,2.5005058043166857,4.4028072076947735,-0.9171585537849664,2.39070502905219,6.981406626249014,0.1365,2.579,-0.9155328502754047,2.387785347127256,7.052415087054912,0.1380
1787552959.717834,-0.8356189707107554,2.5005674384826504,4.435871249667512,-0.9149902736710759,2.3931499810685817,6.74766661536799,0.1336,2.312,-0.9475649529677167,2.3692949178978995,7.244559736554164,0.1725
1787552959.7900171,-0.8352000586882603,2.500974666079007,4.458750156569489,-0.9365895201707176,2.379799732486238,6.967268712909993,0.1580,2.509,-0.9475649529677167,2.3692949178978995,7.244559736554164,0.1731
1787552959.9384801,-0.834536630500094,2.502216363108945,4.161848805618821,-0.9337422823441138,2.3988913615678147,6.24433842224639,0.1432,2.082,-0.9276229451784469,2.4078118304838614,6.101174665215901,0.1326
1787552960.0133598,-0.8342023745867188,2.5025598087997443,3.871593500498386,-0.9324569258823936,2.4007540386206925,6.154462219974092,0.1415,2.283,-0.9168378296390954,2.43403535602368,5.228271767920195,0.1074
1787552960.0861526,-0.8335950403652252,2.5023726509436877,3.877341088535159,-0.9226657384135363,2.4269357728404626,5.317915446933401,0.1167,1.441,-0.9168378296390954,2.43403535602368,5.228271767920195,0.1077
1787552960.1715522,-0.8329280738409252,2.501931955779055,3.9349448435050127,-0.9201358864762804,2.4304467525537237,4.645978236774628,0.1128,0.711,-0.9141866680503885,2.43046057665208,5.024766350619496,0.1082
1787552960.3308575,-0.8316542722473383,2.5010072379623542,4.169046795202582,-0.9148092998161781,2.43051302136428,5.02125041147617,0.1090,0.852,-0.9281243382559156,2.4082187367027523,5.8328436046051735,0.1339
1787552960.4050326,-0.8309206289464255,2.500969244048567,4.192350045291497,-0.9197850158812048,2.4186064941634626,5.608430634269607,0.1212,1.416,-0.9281243382559156,2.4082187367027523,5.8328436046051735,0.1344
1787552960.483866,-0.8301567214534881,2.5012276538137606,4.163001574738451,-0.9182449397936816,2.4191214230041806,5.588550035473261,0.1204,1.426,-0.9069237932009351,2.427480892457201,5.357407125728752,0.1065
1787552960.6299813,-0.8288535314061843,2.501798921201233,3.6883989817798235,-0.9091896494786992,2.425704295631316,5.334995683476372,0.1107,1.647,-0.9069237932009351,2.427480892457201,5.357407125728752,0.1078
1787552960.700421,-0.8279879730943502,2.501582852604028,3.692074184991195,-0.9063784532739747,2.431842443496762,5.094594007113411,0.1049,1.403,-0.9064694014537154,2.431942678989963,5.09531889254617,0.1049
1787552960.779224,-0.8269996694782997,2.5010073333194294,3.712183728286191,-0.9039225571782463,2.433690307615234,5.0417452919809715,0.1022,1.330,-0.905794957095309,2.4367683950203256,4.655993427238731,0.1017
1787552960.932534,-0.8252650975991751,2.5000582945349734,3.856993482218275,-0.905265885248378,2.436944542051562,4.652926237634973,0.1019,0.796,-0.8980547015722629,2.432941836070307,4.94347628598711,0.0990
1787552961.0096135,-0.8244627652294029,2.5001864367459006,3.919087847460722,-0.8983237043886012,2.4340632610005617,4.925408090637598,0.0991,1.006,-0.9166206520844999,2.4100255279137643,5.370309736312149,0.1289
1787552961.0947044,-0.8236140505595447,2.5006291850589815,3.972903825657858,-0.9069369942219736,2.4209579129051644,5.20752267131047,0.1153,1.235,-0.9166206520844999,2.4100255279137643,5.370309736312149,0.1298
1787552961.2418,-0.8220885249050879,2.5019865339783496,3.6939308913906994,-0.9151722901156023,2.4057321672199894,5.712402553233984,0.1339,2.018,-0.9222213078074516,2.3974736042936957,5.841164240397815,0.1447
1787552961.3146956,-0.8212551169146898,2.5022137207667803,3.684304132873911,-0.9142829862837311,2.4068030767400796,5.613392710507657,0.1333,1.929,-0.9057175978622863,2.425749577486604,4.9463852502723995,0.1139
1787552961.3862753,-0.820348660653246,2.50216538663958,3.6778976555091645,-0.9087833366941679,2.421819682048181,4.963865774326023,0.1195,1.286,-0.9057175978622863,2.425749577486604,4.9463852502723995,0.1146
1787552961.535878,-0.8185270342227099,2.501492583769916,3.924189752264313,-0.907126248257017,2.4228919424842106,4.368239090252225,0.1184,0.444,-0.901299680798487,2.4284776115504676,4.850098437756602,0.1104
1787552961.6164293,-0.8176521027790105,2.50122644752716,3.942756765106869,-0.9025117655962136,2.4275866681791296,4.858614251375564,0.1124,0.916,-0.9127918807443662,2.411481996842288,5.476746162499182,0.1308
1787552961.6995473,-0.8167302029554746,2.5012490052998935,3.9730078902219015,-0.9068074154005797,2.4187182955806183,5.312776237167103,0.1222,1.340,-0.9127918807443662,2.411481996842288,5.476746162499182,0.1315
1787552961.781019,-0.8157613784664516,2.501625163533783,3.96236114406954,-0.9069542350403619,2.414454406971044,5.43988468971559,0.1262,1.478,-0.9080470214216112,2.4130590429467595,5.459895269276033,0.1279
1787552961.9270463,-0.8140517114062088,2.5024587318207403,3.4972280588847204,-0.9061383907058712,2.4153427953062008,5.33619719400493,0.1268,1.839,-0.9080470214216112,2.4130590429467595,5.459895269276033,0.1297
1787552962.0005465,-0.8131374451013087,2.5024156888295117,3.4970917898083655,-0.9044993721825219,2.41559415917134,4.611312352567988,0.1260,1.114,-0.891693027364995,2.427099064170308,4.721078264090761,0.1088
1787552962.0829353,-0.8121743075721666,2.5020176312509816,3.4554154241970325,-0.8933248500070629,2.425792290325066,4.641938239060078,0.1113,1.187,-0.9067844161508425,2.4157862108282,4.943592830500077,0.1280
1787552962.2321165,-0.8108243237224533,2.5009466704419165,3.662167483450002,-0.9007781565661556,2.4217913976051153,4.802201256797153,0.1198,1.140,-0.892447143219934,2.4177234199250672,4.898678113270679,0.1166
1787552962.302172,-0.8103634042321182,2.5007699824773715,3.8205555985595385,-0.8926268646937113,2.418789934546314,4.840132716206303,0.1161,1.020,-0.892447143219934,2.4177234199250672,4.898678113270679,0.1168
1787552962.380366,-0.8098560776223847,2.500906995363432,3.971476349975581,-0.8906050250755717,2.4184397155493595,4.801537363791694,0.1154,0.830,-0.9170662404382373,2.3842576675775446,5.9109491221576365,0.1584
1787552962.5243988,-0.808999298122163,2.5016690731148,3.925124911536584,-0.9055983246484449,2.3981273543823383,5.63501317015182,0.1416,1.710,-0.8959053948512983,2.414174635163012,5.4930549341245225,0.1233
1787552962.5915189,-0.8083727853990014,2.501836113074859,3.913931118376896,-0.8992075350394735,2.4100747843442965,5.495252539429369,0.1291,1.581,-0.8959053948512983,2.414174635163012,5.4930549341245225,0.1239
1787552962.6697757,-0.8076746075146279,2.501742976503507,3.9005564861359767,-0.898355753824023,2.408917326654797,5.514594491770099,0.1298,1.614,-0.882864721599636,2.429412234227254,5.113157010898987,0.1043
1787552962.818727,-0.8061861752341202,2.5008749875516116,4.077224126663529,-0.8872804844815114,2.4248551054710044,5.155195624722151,0.1112,1.078,-0.8878750749624097,2.422475187659332,5.270932006962122,0.1132
1787552962.8877695,-0.8055536355649938,2.5005096660163084,4.373700939997,-0.8858216812814712,2.4247690252328966,5.1417948232934805,0.1104,0.768,-0.8878750749624097,2.422475187659332,5.270932006962122,0.1134
1787552962.9651635,-0.8047282775960036,2.5005283852990763,4.379083662808944,-0.8903747255929199,2.4155605118371106,5.750588710030318,0.1206,1.372,-0.8946587708032848,2.4104777581415333,5.827218663440098,0.1273
1787552963.0690508,-0.8038149796297186,2.500963652137521,4.350227699716354,-0.8914237775181852,2.415133938922257,5.658177968397373,0.1226,1.308,-0.8924892667860753,2.414283253339164,5.66956899393647,0.1240
1787552963.2354386,-0.8021744649196612,2.502125874863833,3.824782687270381,-0.8906515920036248,2.4147521241003562,5.682361453334814,0.1243,1.858,-0.8799336183145957,2.441183996290965,5.000559329740131,0.0988
1787552963.3051121,-0.8012153398738107,2.502271396955127,3.8218974962325496,-0.8842894962968417,2.4356216526134236,5.027146622257361,0.1065,1.205,-0.8799336183145957,2.441183996290965,5.000559329740131,0.0996
1787552963.3840587,-0.800162413256377,2.502111620091056,3.833993039506593,-0.8824851587273264,2.4381879398042843,4.99708609752265,0.1042,1.163,-0.8747254171491119,2.4357858990312367,4.751408799482753,0.0998
1787552963.5355957,-0.7982588141401779,2.501584734063921,3.9932889046699716,-0.875438535382355,2.4359918103476783,4.7465501331191975,0.1013,0.753,-0.8747254171491119,2.4357858990312367,4.751408799482753,0.1009
1787552963.6124103,-0.7973225535123551,2.501703203988683,4.034345473655264,-0.8848735273464865,2.410854865358802,5.628660546005442,0.1262,1.594,-0.8954254167521685,2.3972788530119487,5.84551773149654,0.1433
1787552963.696952,-0.7963337380253108,2.5021620797861424,4.059797035029044,-0.8839011538846482,2.4093665377515054,5.6572039287224385,0.1276,1.597,-0.8979222082192811,2.389806332051793,6.019081741114945,0.1515
1787552963.7824903,-0.7953907618566758,2.5028197655828275,3.979684587269193,-0.8918239238420163,2.3970874085700737,5.847349472281805,0.1431,1.868,-0.8880377834070806,2.401810837227493,5.8136753455367165,0.1371
1787552963.9328732,-0.7939448847663979,2.5034446997230084,3.710154515432355,-0.8888314262178304,2.400489859699818,5.714357660349183,0.1400,2.004,-0.8880377834070806,2.401810837227493,5.8136753455367165,0.1385
1787552964.0130613,-0.7932540064800847,2.5032492105826276,3.7182717125919784,-0.8885844510133365,2.3986216352633134,5.737139071710221,0.1415,2.019,-0.890433418865237,2.4013097262438268,5.544359350500376,0.1408
1787552964.0885055,-0.792565832470724,2.502837512913261,3.822549613334992,-0.8894936884105866,2.402069371791142,5.432214203633532,0.1398,1.610,-0.890433418865237,2.4013097262438268,5.544359350500376,0.1410
1787552964.2444577,-0.7912064593557129,2.502382498892135,4.099837557859108,-0.8797618825144593,2.4055941839038137,5.50416154470905,0.1312,1.404,-0.89527502291304,2.39804286204932,5.775260047739619,0.1474
1787552964.3123384,-0.7903442436545228,2.502753407683899,4.0524901223744285,-0.8894353941319382,2.40293214323903,5.70195788979071,0.1407,1.649,-0.89527502291304,2.39804286204932,5.775260047739619,0.1482
1787552964.3871303,-0.7894911086599622,2.5033251806772054,3.932576513750084,-0.8895614639940447,2.4015445494087357,5.726400780274171,0.1427,1.794,-0.8871095241175856,2.408233118261713,5.532609100687858,0.1363
1787552964.529195,-0.787963871369048,2.504372313743015,3.6291368739582417,-0.8879712780025848,2.407108296754977,5.5284603835820745,0.1395,1.899,-0.8613869017148997,2.4386001587541917,4.533690453280026,0.0986
1787552964.5984223,-0.7870977833675507,2.5045035794574475,3.601902984420301,-0.8696013161103654,2.4297930090875526,4.639736754194898,0.1113,1.038,-0.8613869017148997,2.4386001587541917,4.533690453280026,0.0993
1787552964.6779056,-0.786151998505741,2.504378990879551,3.5998580054024014,-0.8670778519561761,2.432301425289792,4.570165437250354,0.1084,0.970,-0.8565736899363552,2.435307142560082,4.649637465505217,0.0986
1787552964.831104,-0.7844305840785213,2.503856384614109,3.9899416788830155,-0.8583024339341525,2.43446333785413,4.657512174548535,0.1014,0.668,-0.8653345969474117,2.4242843256902584,5.046905142248583,0.1135
1787552964.9029768,-0.7835343768649206,2.503985446092707,3.992993193909364,-0.861039236929336,2.429114767626207,4.969843905332588,0.1078,0.977,-0.8653345969474117,2.4242843256902584,5.046905142248583,0.1142
1787552964.9824204,-0.7825583166298894,2.5045115910859943,3.920625932229494,-0.8581665779349877,2.4308589921006054,4.941287794527978,0.1056,1.021,-0.870344315143356,2.4166579991427524,5.403434249354465,0.1242
1787552965.1408837,-0.7807777492726422,2.5059495761092636,3.406103845521401,-0.8658162766008002,2.4217964851630533,5.327375771842254,0.1196,1.921,-0.870344315143356,2.4166579991427524,5.403434249354465,0.1265
1787552965.225451,-0.7798875853368131,2.5063007934997747,3.3932031669849274,-0.8614148731369806,2.424647517823497,5.031390534111889,0.1154,1.638,-0.8610585934978007,2.424840160037473,5.030268767570649,0.1150
1787552965.3024828,-0.778865264483643,2.5062698083793955,3.415069656028355,-0.8597689569029736,2.425981602272576,4.7534206593033845,0.1140,1.338,-0.8558412020645215,2.438631085924311,4.486634085929521,0.1025
1787552965.392409,-0.7778351921985361,2.50599161590312,3.5350013352396807,-0.8575526725483182,2.4360845217145264,4.522743017042741,0.1060,0.988,-0.8477530107853687,2.4388724557966355,4.499214428872988,0.0969
1787552965.480214,-0.7769212674419093,2.5057376074266697,3.832269286712496,-0.8495686386656445,2.4381867403202784,4.50517265629539,0.0992,0.673,-0.8555904764883974,2.421826626264346,5.235225664019267,0.1150
1787552965.5592291,-0.7759535685582686,2.5058207000895982,3.8367115386429997,-0.8503145070657053,2.428191113615654,5.087931301299671,0.1075,1.251,-0.8555904764883974,2.421826626264346,5.235225664019267,0.1157
1787552965.659487,-0.774912910709032,2.5063180118387964,3.7905599349688646,-0.8591861840073981,2.4222760836207495,5.170351175153169,0.1190,1.380,-0.8645374599308003,2.4170455299298244,5.246138378793314,0.1265
1787552965.8292341,-0.7730112953119522,2.5075323528087083,3.252934588245301,-0.8581284971427582,2.4227391876601825,4.957886698097182,0.1201,1.705,-0.8645374599308003,2.4170455299298244,5.246138378793314,0.1287
1787552965.8922143,-0.7719916164144179,2.5074793987472392,3.254915077271487,-0.8569565907842618,2.4225735364455683,4.941284761042703,0.1201,1.686,-0.8417170110025911,2.4213620485149066,4.975758916113566,0.1108
1787552965.966637,-0.7708872452044031,2.5070151887292145,3.273400464114487,-0.8424593614543686,2.4213036771188183,4.8689311218807125,0.1117,1.596,-0.8417170110025911,2.4213620485149066,4.975758916113566,0.1111
1787552966.1226802,-0.7688985969797887,2.505865490557805,3.4279321005115198,-0.8473567596138997,2.432444663850689,4.457390747088797,0.1075,1.029,-0.8480622689665305,2.4332931019750017,4.456273707802626,0.1074
1787552966.1998703,-0.7679246918935396,2.505686431525346,3.491479381992066,-0.8461354411915762,2.433470346622824,4.29717955369974,0.1065,0.806,-0.8663737422111347,2.392163880393155,5.337577447199526,0.1503
1787552966.2760448,-0.7668989303099745,2.5058179734889774,3.543440443147964,-0.8560226116615799,2.4061574732416373,5.104006023805206,0.1337,1.561,-0.8637145355224064,2.391361854765295,5.6059635612424,0.1499
1787552966.4446168,-0.7650239585855987,2.5064659644410083,3.2779583601767985,-0.8595370710607281,2.396544876322514,5.418610710070964,0.1450,2.141,-0.8637145355224064,2.391361854765295,5.6059635612424,0.1516
1787552966.5339282,-0.7643764703647922,2.5064229689013344,3.2748259316425283,-0.8556307410746364,2.4050862717942256,5.1999838581638205,0.1364,1.925,-0.8532299051715788,2.408169873344175,5.159456083166009,0.1325
1787552966.612653,-0.7636177946125866,2.505981443130209,3.2834325799870014,-0.8552206455389689,2.4031201292129243,5.20988061211298,0.1377,1.926,-0.8429272040497411,2.4287002300507656,4.534938096569033,0.1107
1787552966.6930206,-0.76287928534882,2.505335566354304,3.3979177216710834,-0.8473176554194298,2.423086703641396,4.507810922716689,0.1179,1.110,-0.835864593191606,2.4328395755562933,4.537649718377081,0.1029
1787552966.8304002,-0.7614656894479821,2.50451877936421,3.697916306310687,-0.8392313589933328,2.429629940783903,4.580311069076868,0.1080,0.882,-0.8544931113393052,2.411819481159721,5.253909413398015,0.1313
1787552966.9005399,-0.7606332465599701,2.504595200148708,3.705975516774437,-0.8473509569539093,2.420054705246241,5.041310838590601,0.1211,1.335,-0.8544931113393052,2.411819481159721,5.253909413398015,0.1320
1787552966.9828637,-0.7598019696215926,2.5049080660742074,3.6404072929744467,-0.8464686354114156,2.420096158468274,5.043103569888402,0.1213,1.403,-0.8493611970718331,2.4181587637163475,5.084028348400764,0.1247
1787552967.1401753,-0.75822821014841,2.5054543826561764,3.414793150917503,-0.8479169321678283,2.4198730519433465,5.0430444303979955,0.1240,1.628,-0.8334639513623353,2.432037875603373,4.6195799441264285,0.1051
1787552967.2404163,-0.7573128215331004,2.505346560402737,3.4017189713447746,-0.8366426544340628,2.429058993725066,4.634122004274111,0.1101,1.232,-0.8334639513623353,2.432037875603373,4.6195799441264285,0.1057
1787552967.3392265,-0.756330302867923,2.5049238621800374,3.451245106882956,-0.8296139009652692,2.4312630643241757,4.607463591905081,0.1039,1.156,-0.8284683083223069,2.4316967676727326,4.604702188696709,0.1028
1787552967.4216256,-0.7554837378585517,2.504471875128129,3.7308919256967554,-0.8269206047736589,2.4325629259710855,4.57719284472844,0.1014,0.846,-0.8181939345853236,2.4351534600814917,4.598489821393749,0.0935
1787552967.507381,-0.754760745250512,2.504424717445205,3.737536328740446,-0.818916424626727,2.4348808713007015,4.53117794819945,0.0946,0.794,-0.8181939345853236,2.4351534600814917,4.598489821393749,0.0939
1787552967.6052938,-0.7539835080649533,2.504721320627539,3.728101878663247,-0.8319991339797923,2.431657391664637,4.83966539260551,0.1069,1.112,-0.8375711117474206,2.4265970576008153,4.9119417121539986,0.1144
1787552967.6880462,-0.7532950096287095,2.5052655339739784,3.550314402859771,-0.8306405436275536,2.4325981835614736,4.835018073347763,0.1061,1.285,-0.8275525285758039,2.4246765609509104,5.132821449964098,0.1096
1787552967.7814946,-0.7530510916838382,2.505663646860907,3.4213509336653503,-0.8264034957858614,2.4273777066166353,5.086809947553515,0.1073,1.665,-0.8230137124969925,2.4382035427217814,4.4518467205823455,0.0972
1787552967.9432433,-0.7522804951432955,2.5053852718488305,3.1827207293829343,-0.8246016652780178,2.4352895094412346,4.4859108011196005,0.1007,1.303,-0.8145431392195905,2.441713302423474,4.315909629374341,0.0891
1787552968.0178823,-0.7519442527000085,2.504973513017348,3.2396237345122194,-0.8153949746587946,2.4411145466965087,4.221116765138536,0.0900,0.981,-0.8145431392195905,2.441713302423474,4.315909629374341,0.0890
1787552968.0967615,-0.7512252897983492,2.5052429066721644,3.4219040131068112,-0.8125947380708972,2.442904556469077,4.169097602778734,0.0875,0.747,-0.8223938210595778,2.442299566809776,4.09286040403356,0.0950
1787552968.2420616,-0.7494390809139108,2.5068682234447195,3.6986313206413657,-0.8203226339410351,2.4438229271922114,4.0609455902352,0.0949,0.362,-0.8223938210595778,2.442299566809776,4.09286040403356,0.0974
1787552968.3179429,-0.7484943428503856,2.5080717703510613,3.6577647261003885,-0.823112561291532,2.4311236896510042,4.81258828031573,0.1072,1.155,-0.8279215502276528,2.4246145633134986,4.924828663624624,0.1152
1787552968.3993998,-0.7476306576677544,2.5091381107319766,3.4681867715397283,-0.8219609716457639,2.4311882537414156,4.817540734591111,0.1077,1.349,-0.8266972376026503,2.4282910254235133,4.869878473964263,0.1131
1787552968.4879324,-0.7466701751512161,2.509519457866777,3.457528200900367,-0.8250699356650696,2.4300540151938734,4.840249518088691,0.1116,1.383,-0.8226859248876385,2.4359855855304584,4.498439870741273,0.1058
1787552968.6335485,-0.7445531361481594,2.50929455711902,3.5999511983065187,-0.8236777006348907,2.434389042323358,4.504085529137453,0.1090,0.904,-0.8145911235019972,2.4336968412411553,4.732799063872586,0.1031
1787552968.7068784,-0.7437041791234025,2.509143301635348,3.618877509483308,-0.81503898516288,2.434068799951852,4.642794712902015,0.1036,1.024,-0.8145911235019972,2.4336968412411553,4.732799063872586,0.1035
1787552968.825196,-0.7418940485547028,2.5096929736194626,3.736996402917889,-0.8133191558884647,2.434417251738561,4.634005303172458,0.1038,0.897,-0.8398830935757247,2.399292237956068,5.564086301332111,0.1476
1787552968.8784304,-0.7409530683065114,2.5102869742490297,3.753460860755392,-0.830730444657182,2.4103522219218747,5.249549881907639,0.1343,1.496,-0.8398830935757247,2.399292237956068,5.564086301332111,0.1487
1787552969.042859,-0.7392739328641762,2.5116516588746594,3.4463716875994734,-0.8326856691220205,2.414904449675696,5.262461282164933,0.1345,1.816,-0.8331036613786202,2.414833823876798,5.267914237348093,0.1348
1787552969.1251276,-0.7383249265465021,2.511776322260878,3.4411732503378474,-0.8333235069143128,2.4133935647255935,5.293162730832573,0.1368,1.852,-0.8177921523618941,2.4391138853413175,4.523258277642818,0.1077
1787552969.1988268,-0.7372913797858082,2.511527305316735,3.443541537863742,-0.8227249838131434,2.4332945787008318,4.6040860956508745,0.1158,1.161,-0.8177921523618941,2.4391138853413175,4.523258277642818,0.1083
1787552969.2738237,-0.7362769906477652,2.51107445563044,3.5519421480962974,-0.8164548756060107,2.430071589222008,4.722609376981704,0.1140,1.171,-0.8157963943103752,2.4297100853745195,4.7290509069732725,0.1138
1787552969.4246852,-0.7347948394001118,2.510529867310573,3.8198512128763458,-0.8156259118158561,2.4310650746178135,4.600860175171629,0.1134,0.781,-0.8390811394538393,2.399958817257027,5.7162494443552605,0.1520
1787552969.5006866,-0.734182675106255,2.5108106028560995,3.8682584129157362,-0.8292308043508542,2.412377670558758,5.440994728652818,0.1368,1.573,-0.8395386658667813,2.395333607643185,5.843287284226962,0.1563
1787552969.5744004,-0.7335808209254338,2.5113494953978357,3.8305710520067944,-0.8327794199026042,2.4175702790097517,5.099320248863159,0.1365,1.269,-0.8268353572860139,2.4271422151027524,4.960096847498634,0.1256
1787552969.7218175,-0.732400715518761,2.5122806140624006,3.625249929587976,-0.8329683688445072,2.4177089891002312,4.756434365768017,0.1380,1.131,-0.8221539655751953,2.4255994881566325,5.020642310979128,0.1248
1787552969.8055387,-0.7316335120540666,2.5123401283817937,3.604440441889238,-0.8254712163585499,2.4226582196498816,5.059216765142652,0.1298,1.455,-0.8164853668225099,2.4349415741386413,4.6410410855845585,0.1148
1787552969.891437,-0.7307959919092478,2.512137310931067,3.6262076281965756,-0.819091587915185,2.432080563324216,4.6788770505107475,0.1192,1.053,-0.8164853668225099,2.4349415741386413,4.6410410855845585,0.1153
1787552969.971874,-0.7300545645235363,2.5117699460386977,3.831346469670514,-0.8119540398725639,2.4323777764021863,4.720076914554919,0.1141,0.889,-0.8107489918644252,2.432965291835739,4.713190812702975,0.1128
1787552970.1229894,-0.7284570257906634,2.5120374890372377,4.121219244933015,-0.8114825179652095,2.4331356387559686,4.696923268119446,0.1145,0.576,-0.8284256108879069,2.407170952991006,5.777407116337326,0.1449
1787552970.1973808,-0.7275340227309246,2.5127221362643724,4.072148200753632,-0.8206827924275045,2.4169315196408365,5.612788499474117,0.1336,1.541,-0.8284256108879069,2.407170952991006,5.777407116337326,0.1460
1787552970.2777448,-0.726700440004872,2.5135610843514606,3.877697902062612,-0.8202985585455843,2.4155220554463437,5.681177494766806,0.1355,1.803,-0.8252698241011439,2.4082839423778597,5.816518312824917,0.1442
1787552970.4307423,-0.7250189216544725,2.5145277238674235,3.8082380327164427,-0.8219700727947795,2.4115373919472805,5.322216465774355,0.1414,1.514,-0.8038382503359447,2.435228318157677,4.88461385081985,0.1118
1787552970.5121975,-0.7240470334479007,2.5145872856922655,3.7893234361581096,-0.8107427473859281,2.4272164297375234,4.9972152372180325,0.1231,1.208,-0.7976350817594245,2.4439233407869243,4.784627925386369,0.1020
1787552970.6076093,-0.7231161002158292,2.5144403147640184,3.9000324135383,-0.8008295553222775,2.440478861317504,4.829070911109625,0.1073,0.929,-0.8006401446248345,2.445624668689788,4.693538552749575,0.1037
1787552970.6950855,-0.7222822834785161,2.5144444961259014,4.167879659397713,-0.800438735977929,2.4452428309033962,4.698078068771552,0.1044,0.530,-0.8006401446248345,2.445624668689788,4.693538552749575,0.1043
1787552970.8353372,-0.7210228326796702,2.5153937807510465,4.442843161816418,-0.8149359169107784,2.413495009145852,5.8216114701277135,0.1386,1.379,-0.8275689563293583,2.396788319396925,6.084940045753478,0.1594
1787552970.9063842,-0.7204570434642206,2.516151910255509,4.429992668187171,-0.8141396076779032,2.414484598302193,5.71825242857184,0.1382,1.288,-0.8275689563293583,2.396788319396925,6.084940045753478,0.1604
1787552970.9768312,-0.7198856123530907,2.516752674214778,4.405501290835112,-0.8132746759611614,2.4134039301021404,5.305212325344154,0.1393,0.900,-0.8053382124681859,2.4393934097689125,5.352947741617605,0.1153
1787552971.1206918,-0.7184998967305276,2.5171576078974764,4.2984663544566795,-0.8078308126882081,2.4360878293968233,5.3961433617504735,0.1206,1.098,-0.8031700884810478,2.434936805136761,5.6166833569213335,0.1180
1787552971.1792717,-0.7177363316365423,2.51699067527964,4.321667336117084,-0.803532296198608,2.4352355465035918,5.611167867568339,0.1185,1.290,-0.8031700884810478,2.434936805136761,5.6166833569213335,0.1185
1787552971.3349967,-0.7164200651638675,2.516656008754802,4.727872065934681,-0.8011398920374745,2.44185604824708,5.241690925078446,0.1130,0.514,-0.8004153514135728,2.442981899233367,5.225923854310166,0.1117
1787552971.4093032,-0.71555897746004,2.51697526866114,4.724586415967291,-0.7999135274197918,2.4433134527206506,5.247637334510894,0.1120,0.523,-0.8109405937830985,2.416980878324339,6.366993040848848,0.1382
1787552971.4837654,-0.7146570334346991,2.5175869215613202,4.688789138759761,-0.8042714788170872,2.4259216382808777,6.148552534305908,0.1282,1.460,-0.8109405937830985,2.416980878324339,6.366993040848848,0.1393
1787552971.643615,-0.7134165033095641,2.518559686302461,4.456115485330144,-0.8146762205799659,2.4169666022462173,6.2684181148315306,0.1434,1.812,-0.8197568584354766,2.4112576414244113,6.381419249540092,0.1511
1787552971.7088335,-0.7128966362114242,2.5184131308953757,4.370608448341742,-0.8142691252627787,2.417236692800271,6.005181503409606,0.1432,1.635,-0.8197568584354766,2.4112576414244113,6.381419249540092,0.1513
1787552971.8399558,-0.7115222274893072,2.5171876044576678,4.330320685570046,-0.8027128975096359,2.4356672030656803,5.37689463337004,0.1223,1.047,-0.7982049819823227,2.441050277589164,5.30005876785439,0.1154
1787552971.910699,-0.7108350775648389,2.51625702973038,4.5086504407516435,-0.8013062900049209,2.437509200195392,5.103831597301474,0.1199,0.595,-0.7982049819823227,2.441050277589164,5.30005876785439,0.1153
1787552971.9820051,-0.7100845567790404,2.5157780752617436,4.530165765098154,-0.7995599336627575,2.4218150908001315,5.910261349761174,0.1297,1.380,-0.802143556054561,2.4176204817366234,5.972762219343285,0.1346
1787552972.1330001,-0.7084578269508419,2.5156974525239866,4.556177303044,-0.7976687892024887,2.4227627878762337,5.597862875578157,0.1288,1.042,-0.7894902885616633,2.4227063501810737,6.08664872704909,0.1233
1787552972.2062829,-0.7077046540019404,2.515978342420741,4.4144280476236855,-0.7898619113009784,2.42321036827804,6.053394993835163,0.1239,1.639,-0.7894902885616633,2.4227063501810737,6.08664872704909,0.1241
1787552972.2849348,-0.7070165356880751,2.5161101541748594,4.140104335801046,-0.7874688945558923,2.422450995964231,6.108353575137213,0.1235,1.968,-0.7898269139569675,2.4398383371679033,5.363459910006463,0.1126
1787552972.4399822,-0.7051728183171893,2.515521207724303,4.2067558017776765,-0.7909565261840141,2.4371404614401317,5.402638790381495,0.1162,1.196,-0.7898269139569675,2.4398383371679033,5.363459910006463,0.1136
1787552972.523,-0.7041914080585081,2.5148162774936247,4.381095445662792,-0.787599320167542,2.4430885355287257,5.057179501557424,0.1100,0.676,-0.7797404086520264,2.4402288111632497,5.324588366304676,0.1062
1787552972.5972152,-0.7033231236020739,2.5141770929020577,4.727976402580244,-0.7810200155187578,2.4408536421195968,5.311338409939578,0.1068,0.583,-0.7797404086520264,2.4402288111632497,5.324588366304676,0.1063
1787552972.7412572,-0.701471161789081,2.5139859585543745,4.727284807401672,-0.7791130270829828,2.4420905709186624,5.14001386986355,0.1058,0.413,-0.7793060704351531,2.4312345046228523,6.069070145763118,0.1136
1787552972.814008,-0.7005357259434656,2.514302479086309,4.6276578466819664,-0.7768143419573935,2.4348077136477224,6.004638343460825,0.1102,1.377,-0.7793060704351531,2.4312345046228523,6.069070145763118,0.1145
1787552972.8906043,-0.6997024925437473,2.5146521490198936,4.377221986327489,-0.7739422533923358,2.4351777803431918,6.0552845608989685,0.1088,1.678,-0.7770766623490107,2.4447161002390807,5.518597771092387,0.1043
1787552972.9671814,-0.698825217666975,2.5148106823811136,4.365177491194792,-0.777210359820801,2.443531445271369,5.522074721464984,0.1059,1.157,-0.7770766623490107,2.4447161002390807,5.518597771092387,0.1051
1787552973.135529,-0.6968204624993806,2.5142436125432277,4.3827373601862325,-0.7739337710663785,2.4507860069325793,5.151533453730721,0.0999,0.769,-0.7733907698702946,2.4516363008138433,5.14066619444221,0.0989
1787552973.2284617,-0.6958629112111065,2.513676578908517,4.57386929502359,-0.7612695145101193,2.4551619255460846,5.278091358482848,0.0878,0.704,-0.7579672891976938,2.4570722947427988,5.259212546590455,0.0840
1787552973.3078156,-0.6949356329668834,2.5138028604393905,4.581310503700921,-0.7576021765374764,2.457612227475315,5.264275312192114,0.0842,0.683,-0.8195005042006397,2.430558077071484,5.000389228787782,0.1498
1787552973.379915,-0.6939690238701894,2.5142461344531135,4.586697151858255,-0.8067693913340634,2.4412450002420325,4.858844257865696,0.1344,0.272,-0.8195005042006397,2.430558077071484,5.000389228787782,0.1509
1787552973.5355508,-0.6921287140975112,2.5157463966720877,4.29987789034966,-0.7820588588422024,2.4393905739615,5.481280031258885,0.1180,1.181,-0.7769843634293415,2.4415761900143145,5.476439414225755,0.1127
1787552973.6145287,-0.69128134239445,2.5162103566633633,4.282648305310002,-0.7814199079737001,2.439425428334823,5.487667459556946,0.1184,1.205,-0.8375392170690263,2.42346592863978,4.62689894491894,0.1732
1787552973.692938,-0.690349138492647,2.5163866448040517,4.260733654456407,-0.8272561688504814,2.4310373090964466,4.516374517141282,0.1613,0.256,-0.8375392170690263,2.42346592863978,4.62689894491894,0.1741
1787552973.8398595,-0.6883982767160556,2.516005084171395,4.454783856607651,-0.77388277646601,2.4395378914983876,5.447953654616665,0.1147,0.993,-0.760185037377931,2.449059523654374,5.335199779935833,0.0982
1787552973.9203265,-0.6875290839741158,2.5159152816475134,4.740426446915417,-0.7732103802918278,2.440441925351785,5.402579323537181,0.1142,0.662,-0.7742556843207368,2.428718769960011,5.853931429218786,0.1230
1787552974.003458,-0.6865922333113418,2.516224228037276,4.737978657206829,-0.7714695924254029,2.432648613267226,5.760278932443193,0.1191,1.022,-0.7742556843207368,2.428718769960011,5.853931429218786,0.1239
1787552974.0728126,-0.6856134075687759,2.5168885083284662,4.694826627379938,-0.7695651140947745,2.432904942238745,5.511630685469577,0.1187,0.817,-0.776964230091854,2.4241193181082923,6.094264472243101,0.1302
1787552974.2303908,-0.6839201219887489,2.518348702679264,4.512954648975587,-0.7740642858157373,2.427503565655043,6.006043515670618,0.1280,1.493,-0.7560586451638995,2.443492811921048,5.727340025115546,0.1040
1787552974.3122828,-0.6830497101516284,2.518711349733529,4.452461504773906,-0.7613202696635226,2.438320296573424,5.792238380736175,0.1122,1.340,-0.7560586451638995,2.443492811921048,5.727340025115546,0.1048
1787552974.4435844,-0.681120990620271,2.5185754720370177,4.4675699841859124,-0.7579805064980393,2.4386046232698884,5.823875887015021,0.1109,1.356,-0.7538635843245876,2.448713469312793,5.507068728385065,0.1009
1787552974.5160382,-0.6802499840691303,2.5184026321726467,4.64864910520714,-0.7541297323325761,2.4479328260265465,5.425584992484035,0.1021,0.777,-0.7538635843245876,2.448713469312793,5.507068728385065,0.1014
1787552974.5944629,-0.6793866121205369,2.5184939033534746,4.91092686488567,-0.7508253399519768,2.449332309167147,5.420419901874113,0.0994,0.509,-0.7571240988507819,2.434544519469944,5.956792696862683,0.1144
1787552974.6713457,-0.6784796864160448,2.519124999317903,4.897752145932887,-0.7539798341951912,2.4387811775035764,5.89532717805937,0.1103,0.998,-0.7571240988507819,2.434544519469944,5.956792696862683,0.1155
1787552974.820874,-0.6767471742669264,2.5210473662619486,4.583463983923712,-0.7859429295421562,2.420758663319159,6.26560767926198,0.1483,1.682,-0.7978757137042233,2.408450167971601,6.47030390161723,0.1654
1787552974.9024005,-0.6763210081173416,2.5216760661406434,4.562427111550742,-0.7874099781174541,2.418778438745544,6.317812385300448,0.1514,1.755,-0.7567680190209104,2.4267233149879894,6.293293068945647,0.1244
1787552974.98375,-0.6757981326126566,2.521988684321881,4.533282737195785,-0.7624390797121248,2.4230875644932914,6.315003294610583,0.1315,1.782,-0.7567680190209104,2.4267233149879894,6.293293068945647,0.1250
1787552975.1311474,-0.6746622282684467,2.5219015172999466,4.705149129880699,-0.7536406052909366,2.4407072488351313,5.739593092522252,0.1133,1.034,-0.7500829510463304,2.445515107612476,5.750539399990504,0.1073
1787552975.2326539,-0.6734819845659937,2.52229243500227,4.983086805322534,-0.7514640272508436,2.4413597157665223,5.744602669231557,0.1124,0.762,-0.7500829510463304,2.445515107612476,5.750539399990504,0.1085
1787552975.3315241,-0.6720197778389397,2.5236372664899713,4.986273183819539,-0.74941321828716,2.441977358876905,5.7492786223115715,0.1125,0.763,-0.7661345104034119,2.4174229506006406,6.858936949234474,0.1419
1787552975.404332,-0.6712956456226313,2.5246249145382893,4.88330804310665,-0.7607605989501415,2.4240679881032685,6.6846766780139895,0.1346,1.801,-0.7607004957823829,2.420227108193163,6.754720983604365,0.1374
1787552975.483939,-0.6706995888388609,2.5250137502217216,4.8604072270294525,-0.7597410831965031,2.421718319555631,6.728135342754046,0.1364,1.868,-0.7607004957823829,2.420227108193163,6.754720983604365,0.1381
1787552975.616335,-0.669208378372466,2.525136710134879,4.723009635433198,-0.7585847063260939,2.4199549502016633,6.810219068516181,0.1380,2.087,-0.741788330697101,2.448248274357192,6.109220120970576,0.1057
1787552975.6813195,-0.6684217795867459,2.524552301743016,4.732900632083568,-0.7461751322047223,2.442947332156477,6.1213633864803905,0.1127,1.388,-0.741788330697101,2.448248274357192,6.109220120970576,0.1059
1787552975.826711,-0.666998787916405,2.5230762876776534,5.114915126401196,-0.7428063610642132,2.445210236175169,5.6147127155975145,0.1087,0.500,-0.7401587277348485,2.452370539635987,5.869539581461576,0.1017
1787552975.914382,-0.6662181259259599,2.522860712558524,5.1278021780316,-0.7410027340612602,2.4513409038920146,5.8812031849597535,0.1035,0.753,-0.7690988896606964,2.4283381617495152,6.406321969835367,0.1397
1787552976.0105402,-0.6654005888615511,2.5229615316329705,5.137152458859933,-0.7609447040362969,2.4370914068326366,6.280558837784957,0.1285,1.143,-0.7690988896606964,2.4283381617495152,6.406321969835367,0.1404
1787552976.087627,-0.6646370794200023,2.5233890715947784,5.002967363943575,-0.761159570552921,2.437228519128905,6.31520903667686,0.1294,1.312,-0.744561555865982,2.4404769492028686,6.412782263290474,0.1152
1787552976.1783848,-0.6636828037867006,2.523419132563131,4.80669709173671,-0.7458957954414687,2.4395890919734406,6.199329606098626,0.1174,1.393,-0.7296793772398505,2.4513686607346363,6.167628167570734,0.0977
1787552976.338571,-0.6614417285763656,2.5224549754708825,4.329263836905519,-0.7340177613728616,2.447306782679185,6.2197140464600755,0.1045,1.890,-0.7296793772398505,2.4513686607346363,6.167628167570734,0.0985
1787552976.4441254,-0.6598377524376359,2.5206854919563373,4.059572774684067,-0.7293997629336902,2.4492623663128965,6.2463823226983015,0.0997,2.187,-0.7337449858064915,2.4476802899754064,5.500849765657873,0.1039
1787552976.5038748,-0.6593784669493175,2.5200718729364886,4.019321652455245,-0.7323211101231423,2.4488543946838575,5.4181892726618885,0.1019,1.399,-0.7337449858064915,2.4476802899754064,5.500849765657873,0.1038
1787552976.6204596,-0.6583445104870346,2.51953453050303,3.9415400347119496,-0.7283961650767836,2.4510693210821057,4.8761416452456015,0.0980,0.935,-0.7434816271622439,2.442147566912264,4.95953156330753,0.1151
1787552976.69861,-0.6578176950268365,2.519587336165716,3.825279196450358,-0.7404299014063761,2.445292891756214,4.856849555693524,0.1111,1.032,-0.741721124060589,2.431268136502996,5.31624551818202,0.1218
1787552976.7842028,-0.657391957169998,2.519709286558443,3.5612146543040497,-0.738344246141625,2.436840738556674,5.031070572153239,0.1158,1.470,-0.7331486274456327,2.4428223888823255,5.052131944517836,0.1079
1787552976.8696764,-0.6573231856469006,2.519494393841433,3.3262249391556233,-0.7340221941966433,2.4413795651341905,4.854133732156319,0.1095,1.528,-0.7311104297482883,2.4522969218693924,4.425098869783059,0.0998
1787552976.9752476,-0.657172454710985,2.518974137706155,3.0892576243648455,-0.7323329429815822,2.450266333740414,4.44579003109422,0.1018,1.357,-0.7311104297482883,2.4522969218693924,4.425098869783059,0.0996
1787552977.128236,-0.6572868291610126,2.517784257831352,2.7139551593653026,-0.7277484589755315,2.4561115260728625,3.908004450554482,0.0936,1.194,-0.7272991139762633,2.456656152746965,3.946461342848296,0.0929
1787552977.1958692,-0.6572367149652583,2.517567984176425,2.7981122263302987,-0.7257828750415928,2.4577246598852813,3.7816292141722134,0.0910,0.984,-0.7272991139762633,2.456656152746965,3.946461342848296,0.0928
1787552977.3401687,-0.6565633951719668,2.5186403140218387,2.821929672453618,-0.7258845375846386,2.454847016906219,3.6591003571500624,0.0942,0.837,-0.7269151095877762,2.453444564163064,3.680201042141928,0.0959
1787552977.4238346,-0.6563002266853581,2.5194568265758783,2.6167220904249713,-0.7237970516901835,2.4578381157960476,3.7096907375892245,0.0914,1.093,-0.7195595508858758,2.4609249450419517,3.5989794679958846,0.0862
1787552977.5022454,-0.6560350782620877,2.5200216341098565,2.319065777574727,-0.7202722222519716,2.4603631173161573,3.6053460805937276,0.0877,1.286,-0.7195595508858758,2.4609249450419517,3.5989794679958846,0.0868
1787552977.5826714,-0.655067560810054,2.519910778363687,1.3461510021435812,-0.7177295841251954,2.4622781521878747,3.467256114777189,0.0851,2.121,-0.714977112156502,2.4702145671543203,3.027405029100059,0.0778
1787552977.739754,-0.6527552693854197,2.5192531637645468,-0.20235170511105133,-0.7159212727620998,2.468827410561446,3.0240862098641057,0.0808,3.226,-0.7235387182095249,2.4651106921033774,1.4763630542838768,0.0891
1787552977.8113203,-0.6512933775399454,2.5193126775515577,-0.7604142412555823,-0.7213757974329554,2.4667237285639607,1.3981020169489633,0.0876,2.159,-0.7235387182095249,2.4651106921033774,1.4763630542838768,0.0903
1787552977.8820636,-0.6497747296884168,2.51980247825727,-1.2013916837497454,-0.7198418771430801,2.4686715343685917,1.1170724097944271,0.0867,2.318,-0.7533765714720109,2.4533414923426977,0.024617168329854115,0.1231
1787552978.0414035,-0.646795348876318,2.5218940462523705,-1.7107756079568774,-0.7477696515687164,2.458591603050208,-0.10418971767925632,0.1192,1.607,-0.7533765714720109,2.4533414923426977,0.024617168329854115,0.1267
1787552978.1204715,-0.6456066923811143,2.522257804348109,-1.7317222501569962,-0.7486138555213999,2.4593696611298563,-0.4507398760640609,0.1207,1.281,-0.7573684906093184,2.4569123814882774,-0.4918489559558507,0.1295
1787552978.2000637,-0.6443578015473971,2.5223105752452253,-1.7768633019504596,-0.7554566552474941,2.4590572651191107,-0.5382054841840511,0.1278,1.239,-0.7573684906093184,2.4569123814882774,-0.4918489559558507,0.1306
1787552978.3413763,-0.6419246928538576,2.5211448024663556,-1.83863531819566,-0.7584883495240133,2.4602974768749903,-1.2742047626983153,0.1315,0.564,-0.7525507256612726,2.4657713434936115,-0.8033525864002471,0.1237
1787552978.425347,-0.6408227639489019,2.5205060556615226,-1.6757930949155213,-0.7535397642955591,2.4651192537964315,-0.7975842463009486,0.1256,0.878,-0.7548743877840328,2.463800734862597,-0.9101632765067103,0.1274
1787552978.5147154,-0.639989392082042,2.520193473186611,-1.5558965419514075,-0.754419690099593,2.465206276542027,-1.0079879244540624,0.1270,0.548,-0.7548743877840328,2.463800734862597,-0.9101632765067103,0.1280
1787552978.5956075,-0.6390992932122135,2.5203673296081286,-1.363906131837277,-0.7568120514336624,2.466488137661566,-1.3655350610665429,0.1295,0.002,-0.7773310179854421,2.4157969703995223,0.57100874185009,0.1733
1787552978.7274635,-0.6374857249510723,2.521144384963846,-1.3772199977567683,-0.7667944507866519,2.43040053398634,0.19174561578453816,0.1580,1.569,-0.7773310179854421,2.4157969703995223,0.57100874185009,0.1751
1787552978.8353512,-0.6363776389454987,2.520972126708635,-1.3982454841253158,-0.7715686928656246,2.4252370730511155,-0.08402107835104755,0.1657,1.314,-0.7471818608325362,2.4585073164807523,-0.2653217549313648,0.1272
1787552978.913924,-0.6358444702333627,2.5203591384286494,-1.4366295835979686,-0.7513005954208105,2.455801558226069,-0.1221768232513095,0.1323,1.314,-0.7502718795922393,2.456836045682766,-0.13300903531468103,0.1309
1787552978.9849143,-0.635336230519459,2.519479375420731,-1.362399884851425,-0.751024039328251,2.4566681777074173,-0.33096235551437925,0.1316,1.031,-0.7444938506892432,2.458934905704161,-0.17758179138895952,0.1248
1787552979.1417313,-0.63421773511989,2.5181479675178897,-1.1351432956645315,-0.7445743799674174,2.459822044093313,-0.3181365347050711,0.1248,0.817,-0.7444938506892432,2.458934905704161,-0.17758179138895952,0.1252
1787552979.2218475,-0.633433727621091,2.5180173569526234,-1.1190477215440475,-0.7444408265021899,2.460403410517834,-0.46165259788104024,0.1251,0.657,-0.742982289422718,2.461629244972003,-0.19873354961195128,0.1232
1787552979.3004017,-0.6326355706669715,2.518144887668024,-1.1890850410686085,-0.7427379111342043,2.462245570669011,-0.22632022703190083,0.1235,0.963,-0.7539419033885598,2.4365247633969123,0.5548728244429387,0.1462
1787552979.3793879,-0.6319250921122817,2.5183242487724855,-1.3946084952954978,-0.7476591505008533,2.4450022829787637,0.4269365568160393,0.1370,1.822,-0.7539419033885598,2.4365247633969123,0.5548728244429387,0.1469
1787552979.5419288,-0.630258572373375,2.517962552758,-1.4099250102756171,-0.7445065853033825,2.459535876839128,-0.349706007696954,0.1283,1.060,-0.7368563082636378,2.4737454627930577,-0.5980645477324268,0.1154
1787552979.615396,-0.6293743828749502,2.5173355901131877,-1.3428749363225225,-0.7405810544449548,2.468972486224147,-0.5304015558032543,0.1213,0.812,-0.7422731133214209,2.4716659977574476,-0.6680495290702826,0.1218
1787552979.697219,-0.6285867333433452,2.516635975244633,-1.1273167104123059,-0.7419523392503211,2.471508655413815,-0.6652310186219256,0.1220,0.462,-0.7447309306059496,2.4645129666448753,-0.41516677765946886,0.1273
1787552979.7998695,-0.6277698850511773,2.5161567891644316,-1.107765272575905,-0.742596977979948,2.467666611868511,-0.4639510643731763,0.1246,0.644,-0.7447309306059496,2.4645129666448753,-0.41516677765946886,0.1279
1787552979.8766499,-0.6268426115192246,2.5161093624753725,-1.0856436305145603,-0.7422802620288248,2.4694945803009416,-0.6312230520433274,0.1245,0.454,-0.7414847636602878,2.4651639028125056,-0.2379007203771045,0.1255
1787552979.9595296,-0.6259179836843153,2.516308862250022,-1.1618321824635538,-0.7401673748329601,2.4676337778297066,-0.4820688595418286,0.1242,0.680,-0.7394989209035454,2.46570799715131,-0.2775408301129044,0.1243
1787552980.135705,-0.6242414026565862,2.516339347440712,-1.7055086052136914,-0.7392336145507393,2.466394152891956,-0.2891429750511468,0.1254,1.416,-0.7426226801726824,2.4710735865508293,-0.6973147992294999,0.1267
1787552980.2130218,-0.6231900972647888,2.5158383067769154,-1.6910648889855167,-0.7422212523637601,2.4709205752592527,-0.6947631606110517,0.1272,0.996,-0.7426226801726824,2.4710735865508293,-0.6973147992294999,0.1275
1787552980.2908225,-0.6221699585720031,2.5151046971682276,-1.5666465443047461,-0.7421472505614242,2.472267983359484,-0.8084541839888233,0.1274,0.758,-0.7385773466330294,2.467700692069802,-0.8164033121883516,0.1257
1787552980.434667,-0.6202918801492378,2.5140680579203507,-1.2793975848057753,-0.7383902772481802,2.4687162542030614,-0.8624465539120706,0.1265,0.417,-0.7385773466330294,2.467700692069802,-0.8164033121883516,0.1270
1787552980.505968,-0.6192701957102413,2.5140263463471078,-1.2539769232021163,-0.7375655509930523,2.4699401407548844,-1.204296856259203,0.1262,0.050,-0.7394837270320916,2.462085922376734,-0.49269921890160284,0.1310
1787552980.5916471,-0.6182142205982634,2.514229789066605,-1.2911908149795825,-0.7377587586356208,2.4647291718153923,-0.5378165122899143,0.1294,0.753,-0.7448356427672111,2.455986571402635,-0.24302685418182496,0.1394
1787552980.676699,-0.617255446995959,2.5145376255398872,-1.487721726650498,-0.7415777066155912,2.45996798652353,-0.30413713872302583,0.1358,1.184,-0.7386613709218471,2.467446776668452,-0.6663521617450511,0.1302
1787552980.8271427,-0.6152238867294311,2.514329303122554,-1.5056422151820614,-0.7397681701202709,2.465991168860367,-0.6956248859437932,0.1336,0.810,-0.7386613709218471,2.467446776668452,-0.6663521617450511,0.1320
1787552980.902084,-0.6141522183088645,2.5138020278719897,-1.4509943320919554,-0.739594047755683,2.466309930156286,-0.7647976645341944,0.1341,0.686,-0.7327364935545216,2.4642472494421277,-0.5679705569192031,0.1285
1787552981.0366588,-0.6122678100579417,2.5127141399229878,-1.2310336324293663,-0.7330735109723728,2.4647670035886784,-0.6108924205015955,0.1300,0.620,-0.7327364935545216,2.4642472494421277,-0.5679705569192031,0.1299
1787552981.0933428,-0.6112982472631677,2.5125066371474745,-1.2000276681586168,-0.7317168341711968,2.4649047135776656,-0.6882345971103866,0.1295,0.512,-0.7368086414395622,2.4514409180912535,-0.07308725826432415,0.1396
1787552981.2363052,-0.6092353683568389,2.5127455895404553,-1.2318219862967321,-0.7338921009972537,2.455352757129348,-0.20579452603379328,0.1372,1.026,-0.7368086414395622,2.4514409180912535,-0.07308725826432415,0.1415
1787552981.3274853,-0.6082900636927207,2.51306082486128,-1.4324094830977456,-0.7324985963880722,2.454917122272304,-0.7457486417593321,0.1371,0.687,-0.7380507678202456,2.44738094976358,0.123925094683449,0.1454
1787552981.422017,-0.607350571409095,2.513098952617172,-1.730309254404977,-0.7151900573999248,2.4589402615898908,-0.2782552734274553,0.1207,1.452,-0.6680607037687354,2.4853234011670766,-0.6849693206159911,0.0668
1787552981.5050807,-0.606315894996334,2.5125280547682713,-1.718713019637236,-0.7123874011054746,2.4585759984026248,-0.29951587345980135,0.1190,1.419,-0.7095089120633045,2.4893953916492024,-1.1589691543280585,0.1058
1787552981.598247,-0.6052959672428228,2.511710153382983,-1.6116180379922278,-0.711180411119315,2.4726923170005413,-0.9568095448695697,0.1128,0.655,-0.6635906457095044,2.409137028141272,-0.10575267991076566,0.1180
1787552981.6910195,-0.6046361856756838,2.511165063595074,-1.5288536123189238,-0.6792789277079263,2.4406849147967846,-0.4442197380594067,0.1027,1.085,-0.6635906457095044,2.409137028141272,-0.10575267991076566,0.1178
1787552981.7679417,-0.6038388802813462,2.5110019190974646,-1.392611718262769,-0.6695053049318733,2.4400390383812436,-1.0802814414030535,0.0967,0.312,-0.7089179577144153,2.3772785890023993,0.6217691140588577,0.1701
1787552981.9435022,-0.602226646286503,2.511663540803733,-1.1675801304563314,-0.6732784294720939,2.4163693180980372,-0.3790106035788294,0.1189,0.789,-0.7539484734910339,2.36042919137483,1.1035973289199286,0.2142
1787552982.0096953,-0.6015337464089394,2.511916316205129,-1.2830790431779906,-0.7317202900055407,2.44696572633515,0.03556291183801149,0.1455,1.319,-0.7310079900563728,2.45360461874151,-0.06232647482970166,0.1420
1787552982.0851479,-0.6006840896891693,2.5117065329594093,-1.280894753594459,-0.7328242037720611,2.4466038627400937,0.0440058411806158,0.1473,1.325,-0.6963869768192823,2.4804100028075395,-0.6308237789128496,0.1007
1787552982.239088,-0.5989966463619053,2.5103264136908403,-1.2475373807013805,-0.7192633018285436,2.4585329367328725,-0.3282894611930825,0.1309,0.919,-0.6963869768192823,2.4804100028075395,-0.6308237789128496,0.1019
1787552982.3074925,-0.5986925579406311,2.509724323433086,-1.1313622081645973,-0.718035728207068,2.461805439976996,-0.7977978027049225,0.1286,0.334,-0.6631173146837489,2.4158456987212182,0.27273321845613147,0.1139
1787552982.3853655,-0.5983300635028564,2.509386048974774,-0.973943740974737,-0.6778569672428438,2.436259964798898,0.06123372197511047,0.1080,1.035,-0.6599416637879804,2.4228025313113584,0.2903755602535807,0.1063
1787552982.5409703,-0.5974199426587835,2.509654201750771,-0.7224885156849735,-0.6637426576456087,2.4315715006696843,0.19258786688858842,0.1024,0.915,-0.6599416637879804,2.4228025313113584,0.2903755602535807,0.1070
1787552982.5990033,-0.5970682705041441,2.5099348578472043,-0.7976846869633154,-0.6552191386744798,2.4286892781303537,0.22416936388045,0.0999,1.022,-0.6888981609093763,2.4754613668074716,-0.009024532984853487,0.0981
1787552982.7413776,-0.5970787551230309,2.509849917228826,-0.8082125647237851,-0.6742184983483507,2.456802110791068,0.18372823532643898,0.0936,0.992,-0.6888981609093763,2.4754613668074716,-0.009024532984853487,0.0980
1787552982.8224313,-0.5969955120426479,2.5094101977325627,-0.8000519896595006,-0.6686253536371426,2.460360088582173,-0.12851711027507814,0.0868,0.672,-0.7024074311775002,2.4818581057540943,-0.20609053579198328,0.1090
1787552982.9029598,-0.5969662255118614,2.5087404549234686,-0.6556115292958399,-0.688150703195428,2.472952386360703,-0.1255750261498857,0.0980,0.530,-0.647709228358122,2.4868829410814044,-0.30673422025709407,0.0553
1787552982.9781265,-0.59633857489211,2.508385220762607,-0.6308687792240574,-0.664981655032441,2.48125853275762,-0.21600689096099193,0.0738,0.415,-0.647709228358122,2.4868829410814044,-0.30673422025709407,0.0557
1787552983.1266258,-0.5948609923526431,2.5085921420167616,-0.5469024282697363,-0.6646471860595604,2.4804690923206896,-0.11213835669350723,0.0752,0.435,-0.6705330639905019,2.4725198972497515,0.004427595801094679,0.0838
1787552983.2048934,-0.5941123188909909,2.509051041240661,-0.61958811622396,-0.661110103426674,2.483165429702797,-0.11298464506527751,0.0718,0.507,-0.6617253242048337,2.4882820130602696,-0.0973503352161897,0.0707
1787552983.2815626,-0.5934708007511452,2.5094592435801544,-0.85372802285594,-0.6604216681194276,2.487408693556457,-0.09613496719304013,0.0705,0.758,-0.6617253242048337,2.4882820130602696,-0.0973503352161897,0.0715
1787552983.4348774,-0.590901748107374,2.509183892200128,-1.444014589435744,-0.6549718710383627,2.4849621286800616,-0.39484144698816603,0.0685,1.049,-0.6555285791664932,2.479809106775108,-0.33225232286669626,0.0710
1787552983.5054524,-0.5895515549845843,2.5086307359456796,-1.6428545620172186,-0.6514532055741469,2.4873081839431435,-0.41529006575087035,0.0655,1.228,-0.6555285791664932,2.479809106775108,-0.33225232286669626,0.0720
1787552983.5744202,-0.5883017127895338,2.5080048514940607,-1.6933970704953132,-0.6496858871135336,2.4897561613213153,-0.6998343058017958,0.0640,0.994,-0.6750521587185038,2.4889826014029346,-1.1595797728369301,0.0888
1787552983.7214332,-0.58594459338029,2.5078796334575144,-1.6592237054568266,-0.6647122097332505,2.4913514599444517,-1.2068714339781317,0.0805,0.452,-0.6750521587185038,2.4889826014029346,-1.1595797728369301,0.0911
1787552983.79975,-0.5846563745139921,2.5082462496584412,-1.6714138226982906,-0.6728393430620119,2.4778442362712356,-1.005510090008827,0.0933,0.666,-0.6844516191061973,2.456905414194207,-0.7301989710191125,0.1122
1787552983.8795946,-0.583430262963009,2.5087980129918575,-1.8215067315265066,-0.6720190888178474,2.478799126073943,-1.062359258511591,0.0935,0.759,-0.6772603813853422,2.4830980822035427,-1.0630252546750696,0.0973
1787552984.029376,-0.5812073354188473,2.509178652295332,-2.115926080623947,-0.6743869395043284,2.4831257710765806,-1.0707605368347943,0.0968,1.045,-0.6772603813853422,2.4830980822035427,-1.0630252546750696,0.0995
1787552984.1102,-0.5801212721125534,2.5087516730032537,-2.106698692948344,-0.6510536473873495,2.486485125791514,-1.491675405621066,0.0743,0.615,-0.6348503678982901,2.4861024559065417,-1.5176480719050198,0.0592
1787552984.191981,-0.579079067804909,2.5080741337994628,-1.9726435951057542,-0.6478331579259389,2.4880968004640214,-1.5780499292055883,0.0716,0.395,-0.6562983153810533,2.3801602308657293,-0.14328881053294623,0.1494
1787552984.272245,-0.5781323815616926,2.5074931520369765,-1.6820591753611833,-0.6414217399763786,2.431609489966785,-0.7806478323902335,0.0988,0.901,-0.6503837243523976,2.4787000243284125,-1.3090990012324033,0.0778
1787552984.430482,-0.576661638461776,2.5077399795570097,-1.5901617947147915,-0.644903702472253,2.4525952347387467,-1.0071248861194193,0.0877,0.583,-0.6503837243523976,2.4787000243284125,-1.3090990012324033,0.0792
1787552984.5230205,-0.5759301671391075,2.5082874892644114,-1.6209272551876546,-0.6397944362101199,2.4218660638086105,-0.18675646921151834,0.1075,1.434,-0.6577266306793368,2.3847188506830195,0.297521390186207,0.1482
1787552984.6069806,-0.5756207812690277,2.508339575792629,-1.6705809812045982,-0.6565724342587768,2.4123783987910894,0.08757154297893457,0.1255,1.758,-0.691280207003145,2.3884314391824293,0.45960406595024755,0.1666
1787552984.6733696,-0.5752433532455453,2.50802333519248,-1.763281195817235,-0.6538822003982937,2.4128154657881247,-0.22266906973786527,0.1235,1.541,-0.6459917540506259,2.4601553424687426,-0.9253900004622289,0.0854
1787552984.8410254,-0.5745448061534162,2.506480891121783,-1.936625822469002,-0.6489704310815799,2.435948439227267,-0.6600030771592605,0.1025,1.277,-0.6459917540506259,2.4601553424687426,-0.9253900004622289,0.0852
1787552984.9359179,-0.5743258809860526,2.505653488786825,-1.7996628179603957,-0.6467298788265633,2.437774255872707,-1.0156653341051032,0.0992,0.784,-0.6348285592231475,2.4844481484474352,-1.3189953749764511,0.0641
1787552985.0036426,-0.5736349568920516,2.5055211020435535,-1.795102940481527,-0.6414530239044663,2.4611058357330515,-1.0243669441203036,0.0811,0.771,-0.6348285592231475,2.4844481484474352,-1.3189953749764511,0.0647
1787552985.0764906,-0.5727924675383581,2.5058043955808107,-1.8542730749129404,-0.6388164043486423,2.4631558263659845,-1.2291908584494975,0.0786,0.625,-0.6582787926861877,2.486855089957228,-1.2440412028229422,0.0876
1787552985.235233,-0.5712631036262934,2.5066500881648714,-2.3219180822590064,-0.6508478053112341,2.479339403939174,-1.1820981687195493,0.0841,1.140,-0.6582787926861877,2.486855089957228,-1.2440412028229422,0.0892
1787552985.3169336,-0.570446473616709,2.5067491380309703,-2.3308958855928514,-0.6266987991097969,2.4886352642960627,-1.561394350337559,0.0591,0.770,-0.6107714575863826,2.495070960359015,-1.6710016600132618,0.0420
1787552985.3982246,-0.5694916805241365,2.5063846164843167,-2.240044581793704,-0.6232625530627298,2.4921651219930863,-1.6307218867974997,0.0556,0.609,-0.6527108960805844,2.4746184252074905,-1.717948758190459,0.0891
1787552985.475824,-0.5685598272519699,2.5058077549457356,-2.053180115207969,-0.6383788504011707,2.4848252070508647,-1.8890888735060791,0.0729,0.164,-0.6527108960805844,2.4746184252074905,-1.717948758190459,0.0897
1787552985.6294565,-0.566214300472258,2.5057582485741543,-1.60834763938581,-0.62510703728673,2.4923272024005936,-1.7138659594966688,0.0604,0.106,-0.6177349158170429,2.494931552836606,-1.7508072601117746,0.0526
1787552985.709099,-0.5648939806038472,2.5062356324731643,-1.4910547270577617,-0.6225016511515603,2.4951927872245814,-1.7728916590810022,0.0587,0.282,-0.6568254357002673,2.4663988361209093,-0.896501385542511,0.1002
1787552985.8035026,-0.56356966591996,2.5069390007305627,-1.458599875826412,-0.6398364014804353,2.484480348541198,-1.1573782427230563,0.0795,0.301,-0.6224374753836539,2.468342494300926,-0.7524241150237237,0.0704
1787552985.8948047,-0.5623640373861413,2.5076575852843837,-1.6057431567911555,-0.6288913908790013,2.478503862491227,-0.8656538581903772,0.0726,0.740,-0.6224374753836539,2.468342494300926,-0.7524241150237237,0.0718
1787552986.0435896,-0.5600691895640899,2.507572996438426,-1.6005258756233585,-0.6266165215933897,2.4797047685170637,-0.8548166161144408,0.0721,0.746,-0.6347793794173929,2.486543197863627,-1.0640913181771727,0.0776
1787552986.1225252,-0.5589280854508688,2.5071779077654615,-1.4969524252244468,-0.6306610960758849,2.485615770228365,-1.0622456977420274,0.0749,0.435,-0.6273072317194754,2.4840757620978264,-1.025403597637494,0.0722
1787552986.1905599,-0.5578952597716833,2.5067971328461147,-1.2244940549129724,-0.6270936480563912,2.488151729045473,-1.0773737264499645,0.0717,0.147,-0.6273072317194754,2.4840757620978264,-1.025403597637494,0.0730
1787552986.342146,-0.5557479673177018,2.5069666555714014,-1.1531881566474114,-0.6252686365474199,2.490157582456601,-1.0851101565432486,0.0715,0.068,-0.6331762056182244,2.4710562791611235,-0.5164744289590564,0.0854
1787552986.4133084,-0.5546088613069852,2.5074843679754864,-1.1715790135293092,-0.6279453549553456,2.4836579142988837,-0.6827452499727411,0.0771,0.489,-0.6331762056182244,2.4710562791611235,-0.5164744289590564,0.0866
1787552986.4861774,-0.5535648322768842,2.508079018379269,-1.3387213464899326,-0.626040155664684,2.486593356009494,-0.9171697494862052,0.0756,0.422,-0.6349669360651806,2.480560617109622,-0.54525161530763,0.0859
1787552986.570387,-0.5525770531300377,2.5084215452970535,-1.3570809115037823,-0.6305618395378888,2.4849403155891987,-0.6080846186943656,0.0814,0.749,-0.6459741479194887,2.486170800914675,-0.7436527331081686,0.0960
1787552986.7362258,-0.5504397242860022,2.508133085692021,-1.3352019421330317,-0.6381465487713337,2.4879620585663815,-0.7804210829832546,0.0900,0.555,-0.6459741479194887,2.486170800914675,-0.7436527331081686,0.0980
1787552986.8108892,-0.549434354904735,2.507715781011061,-1.1552476412437125,-0.6376366314113846,2.491928748248624,-1.1501144534948577,0.0896,0.005,-0.6380227118283568,2.4754245028853616,-0.6167663139357732,0.0943
1787552986.9056737,-0.5484535859166473,2.507525376743174,-0.865131684222841,-0.6358013069227254,2.487663147897976,-0.7734152354485448,0.0896,0.092,-0.6373838703422315,2.462321129369693,-0.28094358702784683,0.0998
1787552987.0065885,-0.547449528113644,2.5077441615817198,-0.869282276159434,-0.6347806048102822,2.4784301281262056,-0.48381120096792873,0.0921,0.385,-0.6373838703422315,2.462321129369693,-0.28094358702784683,0.1008
1787552987.0895753,-0.5463983972434361,2.508396587567598,-0.9731254780365615,-0.6340368292537787,2.4806841500575705,-0.5988453921649634,0.0919,0.374,-0.6658771195702206,2.4935761349538037,-0.47874581874785693,0.1204
1787552987.2429094,-0.5447953039954008,2.509322186155844,-1.2536300419345348,-0.6513093241588507,2.4912201228984414,-0.4808623505884658,0.1080,0.773,-0.6453834483552304,2.47476794397521,-0.24095755041413297,0.1064
1787552987.317519,-0.544085803153699,2.5092346650150485,-1.2994905358040911,-0.6484411815969096,2.483974784448688,-0.3469282388504397,0.1074,0.953,-0.6356391735777822,2.4998295765052956,-0.9313196055234789,0.0920
1787552987.392047,-0.5433684842627033,2.508910835972006,-1.271790919474705,-0.6424888219390729,2.493266995654073,-0.8397931004289599,0.1003,0.432,-0.6356391735777822,2.4998295765052956,-0.9313196055234789,0.0927
1787552987.5406115,-0.5419846565571182,2.5083479622384752,-1.0826177152497796,-0.6432750377788481,2.4948517651399533,-0.8417784717292409,0.1022,0.241,-0.6160461940145364,2.4650977010746327,-0.4492295929936205,0.0858
1787552987.6099913,-0.5411488153511074,2.508484718970655,-1.0649429988302432,-0.625587410856138,2.4819604593844855,-0.6399579414817355,0.0885,0.425,-0.6160461940145364,2.4650977010746327,-0.4492295929936205,0.0866
1787552987.6843023,-0.5402547834724385,2.5088597316889243,-1.080705462534342,-0.6234173149862584,2.483641190839296,-0.9153617825251722,0.0869,0.165,-0.6474977206853203,2.4667028615975686,-0.20126397339821778,0.1152
1787552987.779693,-0.5394261270077383,2.5094181789239416,-1.2347071651317247,-0.6354526821346959,2.4803212719099252,-0.42890496965419517,0.1003,0.806,-0.7130200215476767,2.380106695084695,1.1069158556790193,0.2165
1787552987.9348805,-0.5385026583848531,2.509081238397344,-1.3356917501337617,-0.6593011930309738,2.4403735336992796,0.2700855453711246,0.1390,1.606,-0.7130200215476767,2.380106695084695,1.1069158556790193,0.2170
1787552987.986981,-0.5379531038651674,2.5084737623824434,-1.3627709601045686,-0.663376862132362,2.432909865432819,0.38849401851810583,0.1464,1.751,-0.6040089396196887,2.4996147039109124,-1.0773367393311641,0.0666
1787552988.1336548,-0.5369384959576831,2.5071683837306695,-1.272705876325874,-0.6276972843265224,2.4694631106789595,-0.6696328362713382,0.0983,0.603,-0.5858378745693777,2.4844158058321906,-0.7778229569340533,0.0539
1787552988.206619,-0.5363943219121773,2.5068855367337237,-1.1797028365503432,-0.6069142179902692,2.4751041967243776,-0.623477391149902,0.0774,0.556,-0.710919279409016,2.417435005566525,0.34317894191415155,0.1961
1787552988.274776,-0.5357793503505597,2.506908930781204,-1.088103802778544,-0.6464280181927274,2.4613708233255767,-0.3418902670008194,0.1197,0.746,-0.710919279409016,2.417435005566525,0.34317894191415155,0.1967
1787552988.435581,-0.5345721413005691,2.5075520918624186,-1.1747802863323913,-0.647398699326575,2.461569726162571,-0.6615349281981617,0.1218,0.513,-0.6708217993275164,2.38421824103027,1.021389137367564,0.1838
1787552988.5153005,-0.5340485481740772,2.5076996773916114,-1.3994011161502553,-0.6485001729802956,2.424502195295972,0.48210885578066287,0.1415,1.882,-0.6161146620268421,2.4837876785199273,-0.5645921883154351,0.0855
1787552988.5982544,-0.5334566913165751,2.5075115895143285,-1.633405836730547,-0.6307461331933728,2.452784278402421,-0.15984861380290713,0.1116,1.474,-0.5797787004303058,2.496374886194652,-1.0060741187203903,0.0476
1787552988.742678,-0.5328040147926354,2.505445710649178,-1.4218263092191559,-0.6057841224338862,2.472617976429818,-0.6638270911858944,0.0800,0.758,-0.5797787004303058,2.496374886194652,-1.0060741187203903,0.0478
1787552988.8012035,-0.5323168773196444,2.504677314073545,-1.3938601031208113,-0.6014056977087245,2.4731815914352593,-0.6771929884850979,0.0759,0.717,-0.6285052660775802,2.489267477257315,-0.945415078894325,0.0974
1787552988.8947759,-0.5317656951869022,2.5041240014000437,-1.3512183430723228,-0.6168350012833381,2.484789837782112,-0.9380971291330642,0.0872,0.413,-0.6058607329830527,2.4175138981576616,0.05482255918709974,0.1140
1787552988.997104,-0.5311403252444615,2.5038773696561356,-1.315685043044559,-0.6034182480211617,2.4505142946607674,-0.34227342407069355,0.0898,0.973,-0.6058607329830527,2.4175138981576616,0.05482255918709974,0.1142
1787552989.077808,-0.5305839906723876,2.5039485874543637,-1.4770354064190288,-0.5994110266405273,2.447451845506361,-0.320015123432354,0.0890,1.157,-0.5927417836322888,2.4606372814928603,-0.4653585782956248,0.0758
1787552989.2301486,-0.5294915611292512,2.5033351766191956,-2.0269350400488175,-0.5951918931267567,2.4561882206081855,-0.4084867836998112,0.0809,1.618,-0.5927417836322888,2.4606372814928603,-0.4653585782956248,0.0763
1787552989.322125,-0.5290250231556771,2.503105569393928,-2.502148586748466,-0.6205627376869524,2.466205874743287,-0.9900294195978082,0.0987,1.512,-0.6429990625378292,2.4695618264366175,-0.9877599590021738,0.1188
1787552989.4147,-0.5286637684859997,2.502899005213912,-2.739829326375679,-0.6129368206744504,2.4780073570219336,-1.4848168735344267,0.0879,1.255,-0.6118216956860374,2.4796448742473363,-1.9220581467534843,0.0863
1787552989.4980462,-0.5283266987353977,2.502877837905009,-2.897877676802197,-0.6117620218878042,2.480105131819626,-1.9253849009848831,0.0865,0.972,-0.6118216956860374,2.4796448742473363,-1.9220581467534843,0.0867
1787552989.6442676,-0.5274190122462624,2.5037787921709636,-3.266330142713508,-0.6107165492574747,2.482562610984161,-2.154464648217055,0.0860,1.112,-0.6227457290102854,2.4586034616467094,-2.0335296513273335,0.1055
1787552989.7129152,-0.5270174070041944,2.5044786156936776,-3.6267965475035466,-0.6153599652307723,2.473466835513852,-2.230122425354623,0.0936,1.397,-0.6227457290102854,2.4586034616467094,-2.0335296513273335,0.1062
1787552989.785097,-0.5264523853588658,2.504924722130718,-3.650144331668088,-0.6127638212210327,2.4737763296165496,-2.987542896210712,0.0918,0.663,-0.61058337630586,2.47611826248376,-3.022807633621061,0.0889
1787552989.9359906,-0.525174926438141,2.5049412255675736,-3.7176760091969836,-0.6118424846541761,2.4757159534727253,-3.2480475286295505,0.0915,0.470,-0.6050719275872187,2.503271505310052,-3.5072903165463827,0.0799
1787552990.0294302,-0.5245544546764261,2.504596775004904,-3.637417058603838,-0.6084066439386067,2.491469279062232,-3.400341659202137,0.0849,0.237,-0.6057441881469583,2.4766308539020887,-3.141688653639658,0.0859
1787552990.1269248,-0.5240371441220171,2.504311532042043,-3.395338264130108,-0.6057063958160407,2.486178607243386,-3.2601334232339614,0.0837,0.135,-0.6057441881469583,2.4766308539020887,-3.141688653639658,0.0863
1787552990.2026656,-0.5234159155594378,2.504444308586466,-3.103649249549992,-0.6043980723008318,2.487894988297099,-3.43007881187286,0.0827,0.326,-0.592155651061547,2.4478412717002516,-2.4831655433764315,0.0890
1787552990.2755096,-0.5224047642584302,2.5053862911183473,-3.134434278340184,-0.5952041428724969,2.4683583163550633,-2.7304517220488473,0.0817,0.404,-0.5860848800586114,2.469348390553099,-2.4384743105321838,0.0732
1787552990.4326727,-0.520088526398215,2.507225078411378,-3.3401511904306043,-0.5891135717088375,2.4695702763773912,-2.4381098559125864,0.0786,0.902,-0.6054062182391391,2.470262963165043,-2.618747131739623,0.0930
1787552990.51411,-0.518688114367207,2.507662611701205,-3.431234098398573,-0.5964579980897529,2.470981998465947,-2.648895351369305,0.0860,0.782,-0.6054062182391391,2.470262963165043,-2.618747131739623,0.0944
1787552990.6279597,-0.5158124343818149,2.5077204875137395,-3.4847465340305677,-0.594716043901449,2.4707152891521504,-2.7341699425057575,0.0872,0.751,-0.6054062182391391,2.470262963165043,-2.618747131739623,0.0971
1787552990.699943,-0.514477637611582,2.50765201072782,-3.3498279455589266,-0.6020334791422907,2.4835605690764377,-2.943387217329875,0.0908,0.406,-0.5857798166043797,2.476964823433067,-2.8339724807900724,0.0776
1787552990.83882,-0.5119046668438788,2.5083705359459985,-3.3346162208927668,-0.5926200367560353,2.482537107701351,-2.891573217631524,0.0847,0.443,-0.5857798166043797,2.476964823433067,-2.8339724807900724,0.0803
1787552990.9086428,-0.5104989943848157,2.509127390078437,-3.3492779389035157,-0.5907564373311843,2.4837299386125564,-2.9810538348559956,0.0842,0.368,-0.5984190780996788,2.3393240974490364,-0.6940342149023727,0.1912
1787552990.9797838,-0.5091292464440594,2.5100722691647186,-3.478540152260309,-0.5735062272899886,2.4077899876820146,-1.678274637218779,0.1209,1.800,-0.5984190780996788,2.3393240974490364,-0.6940342149023727,0.1927
1787552991.12828,-0.5073725132050109,2.5106524375793633,-3.5539436615421542,-0.5662984732277684,2.4033110685077848,-2.5611616829741743,0.1225,0.993,-0.620074917926818,2.325146674649689,-0.6073988421779808,0.2171
1787552991.201132,-0.5064736557532529,2.510379871245071,-3.655003548866913,-0.5854648724901974,2.3690086999552102,-1.2169463233803128,0.1619,2.438,-0.620074917926818,2.325146674649689,-0.6073988421779808,0.2173
1787552991.3406942,-0.5047492979963691,2.5092342943971984,-3.5868049669993187,-0.6630495070319529,2.3227913014176695,-0.2936556927976384,0.2446,3.293,-0.8197769747094001,2.1965280142687815,1.6385947866009947,0.4439
1787552991.4184973,-0.5043462838281587,2.5088834737750716,-3.5090766809385765,-0.6554806587222565,2.332852959336148,-0.7044710030647334,0.2320,2.805,-0.8743762323707623,2.139369247711212,2.461399793303146,0.5229
1787552991.50437,-0.5038595801064785,2.5088137853954495,-3.419139123964337,-0.7298807572119951,2.2766384612402084,0.32981128273675253,0.3240,3.749,-0.736698690175246,2.244732629375375,0.8333063274063176,0.3521
1787552991.5898502,-0.5032830604465645,2.509062007081776,-3.3597781521417067,-0.7285767644853742,2.264479642526154,0.5711887709736101,0.3325,3.931,-0.736698690175246,2.244732629375375,0.8333063274063176,0.3526
1787552991.7391567,-0.5026534860656695,2.50938924605571,-3.483637169691331,-0.7228035451450339,2.2527479857358528,0.8534638005601947,0.3381,4.337,-0.6987522886712307,2.266987080398614,0.6195461593315353,0.3118
1787552991.818186,-0.5024889930481293,2.508902420701057,-3.528086035822435,-0.7149225808712824,2.2627159930999636,0.4408298613767177,0.3252,3.969,-0.6572562952653126,2.323230877718567,-0.519319190371126,0.2417
1787552991.890489,-0.5023976362429219,2.5079020418482627,-3.575082491603011,-0.6869447313193124,2.2924453740853417,-0.16181484019961134,0.2837,3.413,-0.6572562952653126,2.323230877718567,-0.519319190371126,0.2410
1787552992.0355582,-0.5028454069904683,2.5057230121605936,-3.345589033496021,-0.628054575074209,2.380941442240909,-1.633913660961503,0.1768,1.712,-0.5778850003206271,2.4816161941374775,-2.9719677935671784,0.0788
1787552992.100931,-0.5032376715807404,2.5050145537669035,-3.168681264436072,-0.6259130721093301,2.386041782204541,-1.779951725218095,0.1709,1.389,-0.5778850003206271,2.4816161941374775,-2.9719677935671784,0.0782
1787552992.2429135,-0.5036048261836323,2.504472019332337,-2.980048509149623,-0.5712744263110214,2.4240616431222564,-1.864902819414323,0.1051,1.115,-0.5369056045242181,2.4572602449476366,-2.3454748497116658,0.0578
1787552992.3423343,-0.5037196787174812,2.504527451429177,-3.1096878537268005,-0.5471946057407749,2.444451523300489,-2.0017350791462385,0.0742,1.108,-0.53425412228119,2.4550049959573754,-2.1559799283131453,0.0582
1787552992.4184954,-0.5033361839036833,2.5040928535584124,-3.3457694444131505,-0.5387275525826128,2.450118307184894,-2.0409462157870992,0.0645,1.305,-0.5211349014944611,2.484978871312472,-2.748312759567409,0.0261
1787552992.4896843,-0.5029039225288843,2.503342651527085,-3.5813071769920035,-0.5273259553185735,2.468978519421806,-2.512984465923668,0.0422,1.068,-0.5211349014944611,2.484978871312472,-2.748312759567409,0.0259
1787552992.6437137,-0.5017560067793189,2.501675799127035,-3.878770230555412,-0.506350305577337,2.4802535826236856,-3.217595080933397,0.0219,0.661,-0.49920363529899514,2.485225082719799,-3.295540454884142,0.0166
1787552992.719272,-0.5008545957045084,2.5012007313811,-3.8422856094170843,-0.5044192417714262,2.4807515895058585,-3.1929001463183355,0.0208,0.649,-0.49117122999827006,2.512007164650938,-3.9782221868465224,0.0145
1787552992.79462,-0.49985777956821575,2.501019583040992,-3.804505723867237,-0.4921888069531126,2.4998660128038557,-3.8054226232188073,0.0078,0.001,-0.49117122999827006,2.512007164650938,-3.9782221868465224,0.0140
1787552992.8760512,-0.49867853517833066,2.5012284510725613,-3.8831889933250783,-0.4772438008080646,2.511744016046782,-3.99943446844444,0.0239,0.116,-0.5036318367429754,2.4776450362554816,-3.4250000029440226,0.0241
1787552993.0271266,-0.496516914013208,2.501865186149208,-4.469073695679263,-0.4916126379965531,2.493457995611554,-3.644680483909776,0.0097,0.824,-0.47970737487161647,2.4890577322084266,-3.938291482116421,0.0211
1787552993.1039271,-0.49480691819465605,2.5014953035594867,-4.470280773148883,-0.47909206565080303,2.494038554004863,-3.999561984640037,0.0174,0.471,-0.47970737487161647,2.4890577322084266,-3.938291482116421,0.0196
1787552993.1833718,-0.49297535591757485,2.5007174724602743,-4.391940231059226,-0.5199490480271002,2.498283586575187,-4.375376474868664,0.0271,0.017,-0.5659494396879212,2.489394084991207,-4.1813928897904855,0.0738
1787552993.328378,-0.489629688997239,2.4995720175705722,-4.293870750584592,-0.5191118198918742,2.49910175837011,-4.380101573088931,0.0295,0.086,-0.5659494396879212,2.489394084991207,-4.1813928897904855,0.0770
1787552993.4034913,-0.48792937669926323,2.4994867169471817,-4.111115997180487,-0.5470024598456762,2.4853075172670613,-4.10133111670302,0.0608,0.010,-0.5767295694892843,2.4556467760314096,-3.678761770386518,0.0990
1787552993.4775963,-0.48616617094350756,2.4998012413682464,-3.867032623372911,-0.5463039750896649,2.489758761852775,-4.2328549929898625,0.0610,0.366,-0.5767295694892843,2.4556467760314096,-3.678761770386518,0.1008
1787552993.6329618,-0.482696702404802,2.50099604154912,-3.7009991530964492,-0.5676946098629522,2.49153732783698,-3.461443529056513,0.0855,0.240,-0.5857442670390716,2.475795111862605,-3.2257958643031763,0.1061
1787552993.7177553,-0.4814356557859556,2.501183233498895,-3.708389032627929,-0.5489920578169304,2.4257432467744326,-2.352360037802953,0.1013,1.356,-0.5507580924653419,2.368749777232202,-1.6672520607723476,0.1495
1787552993.8044071,-0.48012394290568794,2.5010245658674126,-3.715820204728607,-0.5482803455951313,2.4219915316974006,-2.323007763811139,0.1044,1.393,-0.845877314841593,2.1480512476435076,2.588449513360546,0.5083
1787552993.9022727,-0.47881350903796016,2.5005716380339105,-3.636526975785824,-0.6282017540285489,2.3748101084874516,-0.561803474983268,0.1953,3.075,-0.8064142798395207,2.271992086526985,0.43138081570803605,0.3995
1787552993.9934642,-0.47762228474667506,2.5001145954902997,-3.3766841350419505,-0.6802006342959825,2.3697779299434876,-1.1303254949218329,0.2409,2.246,-0.8064142798395207,2.271992086526985,0.43138081570803605,0.4002
1787552994.073978,-0.4766297607465838,2.500060834308725,-3.376186169357195,-0.7084959906658226,2.3498288149488538,-0.6176219431455992,0.2763,2.759,-0.7805848830347385,2.2473640903842713,1.0882361366766098,0.3953
1787552994.2297754,-0.4745290440399441,2.5010332842628924,-3.53033622990054,-0.7359919697401132,2.341316457392852,-0.3124118336439133,0.3064,3.218,-0.8156544668599344,2.24815409268357,1.0936505923956379,0.4246
1787552994.3050306,-0.4735929038408583,2.501534944324213,-3.8161364459756677,-0.7528094528502465,2.3312865403054484,-0.17097830966232946,0.3270,3.645,-0.8703147904466164,2.0660377193119586,3.9861227715190832,0.5891
1787552994.3760173,-0.47293890422354573,2.5016210416564806,-3.8204209850247777,-0.7785063690343553,2.256518369379429,1.2722822801825557,0.3917,5.093,-0.8703147904466164,2.0660377193119586,3.9861227715190832,0.5896
1787552994.530225,-0.47164672894984466,2.5007708149030097,-3.860303447795946,-0.8229236692668519,2.2051935427751914,1.7249520793083097,0.4591,5.585,-0.906665579956758,2.071990565080203,3.5770166175568456,0.6108
1787552994.6039693,-0.47112052643350183,2.5001964918429107,-3.670602931428459,-0.8231360814334474,2.2184468053832878,0.3827785897616739,0.4509,4.053,-0.8598861982508577,2.1090138185727554,3.018974688254613,0.5515
1787552994.6735632,-0.4708961158741455,2.500014436277926,-3.6641846837575183,-0.8271460088419808,2.196435732376746,1.535412659592495,0.4681,5.200,-0.8598861982508577,2.1090138185727554,3.018974688254613,0.5515
1787552994.8226879,-0.47024079132627145,2.5005370333191244,-3.6688145358927495,-0.8386562504677456,2.194842006419658,-0.407326996821344,0.4787,3.261,-0.7725056109745776,2.1953661750586657,1.5206412964251268,0.4295
1787552994.8914533,-0.46996219992533866,2.5011209744667586,-3.8409580561169885,-0.7898410720153038,2.2065362873936616,1.1001884589299835,0.4349,4.941,-0.7725056109745776,2.1953661750586657,1.5206412964251268,0.4301
1787552995.039717,-0.4703764128758553,2.5015123063209352,-3.887749978443401,-0.7952047973038482,2.2008663662827366,-0.7596892393198144,0.4426,3.128,-0.5612536294720417,2.4716372157768345,-3.1366409097614176,0.0957
1787552995.1211936,-0.47052001810336846,2.501194491310224,-3.9815936312856692,-0.6408316252091872,2.363376780232211,-1.6467715883588563,0.2191,2.335,-0.49704937905354196,2.490669357153248,-3.573577396571476,0.0285
1787552995.2066128,-0.47070660425712,2.500645928205401,-3.9642042498244874,-0.5565409207514739,2.432817224070391,-2.775174677019212,0.1094,1.189,-0.49704937905354196,2.490669357153248,-3.573577396571476,0.0282
1787552995.2852068,-0.470997977440532,2.500180058372486,-3.7735506134836156,-0.5470292161070798,2.4407415652852404,-3.187077855418959,0.0965,0.586,-0.5325379494395465,2.4735051962961947,-3.3941155117630273,0.0671
1787552995.4316945,-0.470170190061502,2.5006251768553804,-3.8595699477066523,-0.535183695564441,2.4624021856852663,-3.2561073487046177,0.0754,0.603,-0.5085639628732963,2.4721068374050685,-3.192806404570489,0.0478
1787552995.5077014,-0.46967281174400066,2.501265576981464,-4.0468076966857565,-0.510952240441435,2.4745255480274753,-3.2214779932491533,0.0492,0.825,-0.5085639628732963,2.4721068374050685,-3.192806404570489,0.0486
1787552995.5893395,-0.46891280566754195,2.5017091409252625,-4.300354194788058,-0.4943807797849234,2.4857474523613785,-3.3536428634975373,0.0301,0.947,-0.47135004095794886,2.493811853908345,-3.8355312512103885,0.0083
1787552995.6775804,-0.46813332134693714,2.5018919453793314,-4.607850773991665,-0.4674834583247091,2.4961815123441937,-3.8396137574295928,0.0057,0.768,-0.4778220194752915,2.501310559262907,-4.15878523381434,0.0097
1787552995.7677724,-0.4673067521496509,2.501728562591531,-4.913973373794879,-0.46278653819321847,2.5052319230796494,-4.254071043984075,0.0057,0.660,-0.5131891025313295,2.5005015989166726,-4.556375731663063,0.0459
1787552995.8662672,-0.4665027907575623,2.5012847260688478,-5.12162042142746,-0.4861577644315471,2.5058962737184145,-4.674361727865774,0.0202,0.447,-0.5131891025313295,2.5005015989166726,-4.556375731663063,0.0467
1787552996.0245545,-0.46502990523931753,2.5009011046494263,-5.1090358112499965,-0.5054401743347727,2.493313711333055,-4.8480150814692395,0.0411,0.261,-0.5360056336668462,2.4648885707638275,-4.436443561576189,0.0796
1787552996.1046894,-0.464353178962506,2.5011001971174887,-4.675503745979805,-0.5009399796021374,2.497196531005011,-4.957592540917486,0.0368,0.282,-0.5263431375702126,2.4564825886666743,-4.334648657412958,0.0764
1787552996.1808589,-0.46373724249777654,2.501362227402399,-4.404274544162606,-0.5096308093365525,2.482682347910966,-4.695377029551223,0.0495,0.291,-0.5263431375702126,2.4564825886666743,-4.334648657412958,0.0770
1787552996.328518,-0.4627293220118851,2.50144411049182,-4.157846950475668,-0.5003948353399411,2.4888297200032254,-4.747488947101809,0.0397,0.590,-0.5388317555009126,2.4792245920346527,-3.8536108676925998,0.0793
1787552996.41116,-0.46216213716383375,2.5010656528260795,-4.037469501424483,-0.5213129571538623,2.488794129905968,-4.0114370807327955,0.0604,0.026,-0.5075723898253475,2.5005793604753825,-3.9530715226262894,0.0454
1787552996.4945645,-0.46161083588783525,2.500462883931775,-3.832109724985357,-0.5111520365516073,2.4989433516648663,-3.927686993845626,0.0496,0.096,-0.5075723898253475,2.5005793604753825,-3.9530715226262894,0.0460
1787552996.6404486,-0.4604688912953716,2.4996848270149594,-3.4245383795606585,-0.518772686318999,2.488256866107418,-3.4400301059500844,0.0594,0.015,-0.5330527565361951,2.467188508874495,-3.1493128639813928,0.0795
1787552996.7196772,-0.45967379973057876,2.499802193161401,-3.417553967042597,-0.5178855882706503,2.489444163760615,-3.461072835575304,0.0591,0.044,-0.5693924790793922,2.461583844641487,-2.6749865356884097,0.1162
1787552996.7933066,-0.45885348860488834,2.5001781093441275,-3.4964747811830392,-0.54443939281521,2.481436844683423,-2.973683139154994,0.0876,0.523,-0.5693924790793922,2.461583844641487,-2.6749865356884097,0.1171
1787552996.8717458,-0.4579537208554263,2.5002915510606476,-3.593577421616398,-0.5439919178042171,2.485307167292179,-2.968997785723793,0.0873,0.625,-0.5249210805596435,2.461525268648563,-2.769435053518413,0.0774
1787552997.033618,-0.45569538573931684,2.49966900822851,-4.027451218538196,-0.5268260907645355,2.473765004403908,-3.01067562201921,0.0757,1.017,-0.524082631435851,2.473642430863641,-3.0149285493709574,0.0732
1787552997.1055856,-0.4545398248098659,2.4989252925332077,-4.173677228247192,-0.5248045637978457,2.4752164919933737,-3.0117510063640545,0.0742,1.162,-0.524082631435851,2.473642430863641,-3.0149285493709574,0.0740
1787552997.2426949,-0.4529836053233248,2.4977140644110336,-4.142415121496313,-0.5236162676790926,2.4777210035439907,-3.409859688757202,0.0734,0.733,-0.5442280031392152,2.473305892989592,-3.542488920398782,0.0945
1787552997.3138552,-0.4523877363317172,2.497622373517114,-4.114230308307337,-0.5353927311795315,2.4775692779758125,-3.6130143979406344,0.0854,0.501,-0.5442280031392152,2.473305892989592,-3.542488920398782,0.0950
1787552997.388239,-0.45170623043306407,2.497793077576579,-4.104391699466121,-0.534204189798397,2.4808024747925126,-3.8652783804074367,0.0842,0.239,-0.5341628415166745,2.457738410565191,-3.306860948659622,0.0917
1787552997.542346,-0.4504924014637926,2.498475973495647,-4.468951020072678,-0.5318173374282749,2.4710139549620664,-3.4786713627225407,0.0858,0.990,-0.5318392905350888,2.478585661995963,-3.6114735277965013,0.0837
1787552997.6242747,-0.449729118377094,2.498464389991063,-4.475708564945043,-0.5313782852725331,2.4760045538328597,-3.5813262480244963,0.0847,0.894,-0.5318392905350888,2.478585661995963,-3.6114735277965013,0.0845
1787552997.7226825,-0.4489227251363769,2.4981374190729726,-4.474981858118276,-0.5259020682408799,2.4772944157147223,-4.06481417374218,0.0798,0.410,-0.5534827698947536,2.4680770468283617,-3.9603645249393264,0.1088
1787552997.8158374,-0.44815165344934793,2.4975455919104097,-4.362125080634563,-0.5380517428350075,2.4750099092446645,-4.076054381090112,0.0927,0.286,-0.5534827698947536,2.4680770468283617,-3.9603645249393264,0.1094
1787552997.8869283,-0.44747859487498454,2.497085466711313,-4.058826625531279,-0.5382929924284295,2.475985921472747,-4.158723001047304,0.0932,0.100,-0.5228531661626958,2.459152885881425,-3.6467215418454035,0.0844
1787552997.9777887,-0.44663107504790606,2.496979433304492,-4.0538655712720235,-0.5281184797850239,2.46808675704774,-3.749374576538932,0.0865,0.304,-0.5042777383449679,2.4752242807678626,-3.515812466873227,0.0616
1787552998.0732832,-0.44567830090797145,2.4972132162884932,-4.082202541295018,-0.5150554188612714,2.4721795448767767,-3.4592109227729244,0.0738,0.623,-0.5129621145185851,2.474216192475965,-3.578830596402632,0.0711
1787552998.2193704,-0.4435050659696691,2.4977999443376926,-4.512844599711477,-0.5121001467987657,2.47413701013387,-3.5964131604178347,0.0726,0.916,-0.5129621145185851,2.474216192475965,-3.578830596402632,0.0734
1787552998.2986012,-0.44216537236501324,2.4976306291515886,-4.74048834163368,-0.509631334259861,2.474670535131477,-3.6145794341668007,0.0713,1.126,-0.5323769492794631,2.4573891529636978,-3.7827669506975505,0.0988
1787552998.3815577,-0.4407843720951526,2.4971964873266517,-4.943224955938592,-0.5206606471612594,2.4692666588644037,-4.0963191560384695,0.0846,0.847,-0.5323769492794631,2.4573891529636978,-3.7827669506975505,0.0999
1787552998.5326886,-0.4387469883275282,2.496302426837291,-4.98768288396875,-0.5194034901106495,2.4706577685485103,-4.408827496636106,0.0846,0.579,-0.5347803776823837,2.4724766712658575,-4.374857752652529,0.0989
1787552998.6137705,-0.4379103072770094,2.4963528832692115,-4.949292274003246,-0.5284111942133906,2.4724418753378985,-4.387238175698117,0.0936,0.562,-0.527886979824937,2.4487448713715594,-4.151674608934064,0.1018
1787552998.7010884,-0.4369754828913123,2.4966989910897426,-4.928016228719879,-0.5262108786440693,2.462697811776856,-4.3300857333693115,0.0955,0.598,-0.5345707118034924,2.452525486188156,-4.109776530104063,0.1071
1787552998.7814326,-0.436071806403256,2.497281774726321,-5.042452035514503,-0.5291822041303474,2.4605539173314357,-4.222658533557048,0.1001,0.820,-0.5345707118034924,2.452525486188156,-4.109776530104063,0.1082
1787552998.9372342,-0.43474906290244797,2.497731474460208,-5.319557182364481,-0.5196647791660719,2.4678009064701087,-4.400243743765562,0.0900,0.919,-0.5130213023836827,2.4701461281046337,-4.44008515121748,0.0830
1787552999.0096247,-0.43426178115122255,2.4972842313162573,-5.338845271302008,-0.5177815778245659,2.4733549531103822,-4.731289323312638,0.0869,0.608,-0.5168276939461985,2.4772332949433484,-4.781178139232899,0.0850
1787552999.0908356,-0.43382530956154824,2.4966371511098155,-5.2517969956308015,-0.5168209132267028,2.473797534580897,-4.807859987459854,0.0861,0.444,-0.5198151875113682,2.4608279648214424,-4.651304538940102,0.0931
1787552999.1853185,-0.4334893318379701,2.49605161107223,-5.00321275097138,-0.5171447547995206,2.4697281012271137,-4.777059270750577,0.0877,0.226,-0.5049055101206223,2.4726864109749234,-4.661533679544084,0.0751
1787552999.2774012,-0.4327822706361867,2.4959007234988406,-4.996646311366317,-0.5096144096033057,2.4727473981368564,-4.6551158136546,0.0802,0.342,-0.5060938690431419,2.4478191693982234,-4.1637319332432545,0.0877
1787552999.3565493,-0.431957782325688,2.4961609564173397,-5.026290202048344,-0.5046851336110826,2.4622376071140573,-4.376751232525834,0.0802,0.650,-0.5060938690431419,2.4478191693982234,-4.1637319332432545,0.0885
1787552999.5388799,-0.43050124965539294,2.4964589504980723,-5.1959064286459355,-0.5057090305389849,2.45812576010366,-4.280337654108421,0.0844,0.916,-0.5096629813580604,2.4515006496645806,-4.188575749260647,0.0910
1787552999.6097999,-0.42976382734262775,2.495935263960052,-5.221635558184715,-0.504060917162747,2.4568831903933432,-4.302366493054653,0.0839,0.919,-0.4828185560982213,2.4817008248065715,-4.757395134417357,0.0549
1787552999.6855407,-0.4290075246507418,2.495150994625943,-5.19536273097567,-0.4933451406015412,2.4681323956883454,-4.565176194144879,0.0698,0.630,-0.5223755995082686,2.4554256313184952,-4.452043892914941,0.1015
1787552999.8433788,-0.427624501943949,2.493639562578902,-5.028620130222916,-0.5063916797517225,2.4641733697562884,-4.592221308307371,0.0841,0.436,-0.5223755995082686,2.4554256313184952,-4.452043892914941,0.1022
1787552999.91598,-0.42683210313416026,2.4933112553349175,-4.994135462150976,-0.509913374512764,2.457462317377146,-4.387908895924269,0.0905,0.606,-0.51629580391988,2.446256538797713,-4.233558066345509,0.1011
1787553000.0008824,-0.42594025053447604,2.4932976997883665,-4.991671706571259,-0.5093630588674318,2.4561943037851126,-4.412136692111374,0.0913,0.580,-0.5005162774962939,2.4618509622998985,-4.318210270521833,0.0809
1787553000.0874817,-0.4250884370914767,2.493460864124094,-5.111332997133597,-0.5037185143557814,2.460994271195167,-4.303547838067373,0.0851,0.808,-0.5005162774962939,2.4618509622998985,-4.318210270521833,0.0818
1787553000.2328258,-0.42353707166367943,2.4931119888570215,-5.691765639105614,-0.49099560978919293,2.4674400010064237,-4.563735268751356,0.0722,1.128,-0.4835148151136665,2.4717835073661734,-4.632196624975724,0.0637
1787553000.3043418,-0.4225783711795735,2.492050700915467,-5.665821810416875,-0.4888056808675911,2.4675604048186317,-4.591783957131238,0.0706,1.074,-0.4835148151136665,2.4717835073661734,-4.632196624975724,0.0642
1787553000.3786585,-0.4216697528123412,2.490789011727855,-5.534227319058992,-0.4867320585242533,2.467671480566089,-4.618161855606814,0.0690,0.916,-0.5119650610008865,2.456701551173182,-5.010808597300571,0.0965
1787553000.5259106,-0.4191552041795247,2.488765969456789,-5.31326082749738,-0.5021798323122971,2.4627522539575133,-5.104673527007547,0.0870,0.209,-0.5451459681949961,2.408696735075403,-3.9973038968942896,0.1493
1787553000.5943248,-0.4177447041836804,2.488260257747087,-5.138948198153739,-0.5176214657018727,2.44354982141532,-4.545182182255533,0.1094,0.594,-0.5451459681949961,2.408696735075403,-3.9973038968942896,0.1502
1787553000.7436168,-0.41494619227072554,2.4878003497500885,-5.08425581675022,-0.5190361718584018,2.440604004776442,-4.570055125889773,0.1143,0.514,-0.5005947009933361,2.4706401706798564,-4.645175990563764,0.0874
1787553000.8202868,-0.4140659118406773,2.4873892564166273,-5.094137260698947,-0.5078011481728354,2.459987456086523,-4.501470885073801,0.0977,0.593,-0.48612004023938327,2.4961163022447264,-5.0202697529442615,0.0726
1787553000.8918514,-0.41314386632941125,2.4866485462352714,-5.1124799551443,-0.49632872045421944,2.479563210608378,-4.791037797420156,0.0835,0.321,-0.48612004023938327,2.4961163022447264,-5.0202697529442615,0.0736
1787553000.9644065,-0.41218793031944845,2.4856510390166413,-5.098344493320351,-0.49433100208754827,2.483870812628366,-5.1589308454592215,0.0822,0.061,-0.4762814867442215,2.48996114918909,-4.937539414172221,0.0642
1787553001.1323626,-0.41079405024642823,2.4836995197195897,-4.937432283207349,-0.4821114105670453,2.490769170188651,-4.946676484818804,0.0717,0.009,-0.4762814867442215,2.48996114918909,-4.937539414172221,0.0658
1787553001.2116387,-0.41018310804178343,2.4832311116503543,-4.8789799821243465,-0.490777021449476,2.4827271603989667,-4.768407151012909,0.0806,0.111,-0.5038114349584197,2.4652601371949765,-4.523974186389802,0.0953
1787553001.288521,-0.40946371897695233,2.483111314079498,-4.852946882152204,-0.4894028668541538,2.484426968093587,-4.790385863934223,0.0799,0.063,-0.5174927375541536,2.4574082820691703,-4.296215982153393,0.1110
1787553001.3727539,-0.40878637439257065,2.4831730389792344,-4.9487796798469335,-0.5029030405807897,2.4746918494613435,-4.541417925062321,0.0945,0.407,-0.46787110875412175,2.4896556120415254,-4.7513867574567,0.0594
1787553001.4627874,-0.4082090902107906,2.4831096166301907,-5.192188688922252,-0.4847758789880486,2.4833402440998125,-4.809028436909188,0.0766,0.383,-0.511217478413608,2.4814103102720564,-4.750233801492314,0.1030
1787553001.6229537,-0.4073584563146149,2.482728773373792,-5.8885298020857935,-0.4974985453018512,2.48377199424262,-4.804499760535721,0.0901,1.084,-0.4792848518201793,2.489710565683623,-5.40656333292458,0.0723
1787553001.6969626,-0.4072569427775689,2.4829085478644672,-6.109885710198942,-0.48768489136088433,2.4877293773260503,-5.365833050054407,0.0806,0.744,-0.4792848518201793,2.489710565683623,-5.40656333292458,0.0723
1787553001.8413875,-0.40696682975776816,2.483925169602345,-6.153932777521597,-0.4862899875092497,2.4895679088394886,-5.435393985780578,0.0795,0.719,-0.4869951150422885,2.4778844901388584,-5.841078771757903,0.0803
1787553001.9160166,-0.40677082232138245,2.485060465403928,-6.153238829899109,-0.4855613948295508,2.4848508449421134,-5.930673688275546,0.0788,0.223,-0.4734987125565109,2.4832177519667256,-5.911934970465748,0.0668
1787553001.9895546,-0.4065763979699069,2.486432802890118,-6.263026297987342,-0.4772046827344483,2.4861856513513616,-5.943649916464351,0.0706,0.319,-0.4734987125565109,2.4832177519667256,-5.911934970465748,0.0670
1787553002.0721216,-0.40648643832707065,2.487782622812736,-6.520745137888879,-0.4746852468093608,2.4874624368950418,-6.052583146699156,0.0682,0.468,-0.4886636293827045,2.4610089347187607,-5.726603063321871,0.0864
1787553002.1695843,-0.4058944617411982,2.488423714476224,-6.542908676109616,-0.4798710108040447,2.475618785227702,-6.061636338442885,0.0751,0.481,-0.49771585889583586,2.465295250007786,-6.042982585484173,0.0947
1787553002.3436964,-0.40471766617992133,2.488706511705911,-6.419660988679934,-0.4887579946981946,2.4709773753016124,-6.130091608858294,0.0859,0.290,-0.48128119648924067,2.4730185568159673,-6.184340408551515,0.0782
1787553002.417459,-0.40422825600446466,2.4888491000226347,-6.1455294858767076,-0.4842624518998853,2.471474201715792,-6.177678482773903,0.0819,0.032,-0.48128119648924067,2.4730185568159673,-6.184340408551515,0.0787
1787553002.4965363,-0.4032492221841184,2.4892374016287446,-5.906550321515657,-0.48343509516815475,2.470792228525386,-6.270656318926218,0.0823,0.364,-0.4616919588816768,2.469596631469024,-5.6844219972360985,0.0617
1787553002.5740967,-0.402067789555449,2.4900428930951164,-5.752455485887456,-0.469594742882839,2.4705554999015678,-5.684013512714339,0.0703,0.068,-0.4702295092854644,2.464161977637138,-5.361122772028346,0.0729
1787553002.729956,-0.3998532815416672,2.4920171026244478,-5.841087682963662,-0.4686261669248258,2.467737695989748,-5.410922073192222,0.0729,0.430,-0.44839827891288475,2.473327323702177,-5.33983869019782,0.0520
1787553002.8056452,-0.39885207567980385,2.49238212105658,-5.856053979804051,-0.45604809381775424,2.470155324951794,-5.294383973340497,0.0614,0.562,-0.44839827891288475,2.473327323702177,-5.33983869019782,0.0531
1787553002.8809242,-0.3978051834261183,2.492392789921059,-5.844118806231443,-0.4519987107403095,2.4695510119655184,-5.299665153669288,0.0588,0.544,-0.43660700673338365,2.4825128258278255,-5.550349230860591,0.0400
1787553003.0262127,-0.39585939504186396,2.4919353864597387,-5.499983555879789,-0.4433423549040501,2.476012721497163,-5.454517528634869,0.0501,0.045,-0.43660700673338365,2.4825128258278255,-5.550349230860591,0.0418
1787553003.104832,-0.39492595089807914,2.491889295776883,-5.490654193167297,-0.44536894879741035,2.476640755535641,-5.40494068797979,0.0527,0.086,-0.4512881210438519,2.4746627901144995,-5.367132908385833,0.0589
1787553003.18642,-0.3938869719556124,2.4921719470607906,-5.476122193121446,-0.4415448587065211,2.476911733273039,-5.415941783573079,0.0500,0.060,-0.4669146317848209,2.451222060544674,-4.71478912295612,0.0837
1787553003.3421068,-0.39176891570329275,2.493399652911306,-5.733482229279692,-0.4534398086949688,2.4663508592046868,-4.978868477380748,0.0673,0.755,-0.4669146317848209,2.451222060544674,-4.71478912295612,0.0862
1787553003.415436,-0.39084328244729194,2.493397160668265,-5.745298073435545,-0.46555236888156065,2.4629151252262385,-4.880266254331513,0.0807,0.865,-0.47678033233364836,2.456356040052103,-4.773566039677284,0.0936
1787553003.5002813,-0.38988432582824756,2.4930945601044616,-5.761166285932305,-0.4650551533659047,2.461685501926681,-4.851519524575352,0.0815,0.910,-0.4674111920977745,2.469669016780078,-5.1981958513514686,0.0810
1787553003.5810466,-0.38889709531173206,2.492509303576678,-5.734708315205908,-0.46638045042772824,2.4669857136017432,-5.167005113303316,0.0816,0.568,-0.4674111920977745,2.469669016780078,-5.1981958513514686,0.0818
1787553003.6617048,-0.3880191468970685,2.491770771257099,-5.54167585318483,-0.4656049016219707,2.467588468686754,-5.418722206143076,0.0813,0.123,-0.43996987531115495,2.4601714536793575,-5.109433891914407,0.0608
1787553003.7554865,-0.3871417361236664,2.491218734258643,-5.52010174920237,-0.45831971147134615,2.4660225910501126,-4.975312304531223,0.0755,0.545,-0.4685025140390992,2.4657848712920547,-4.948935679138996,0.0852
1787553003.9223604,-0.38508243121076063,2.491179390648814,-5.533949890017922,-0.4510734393726349,2.4589415799838785,-4.847687901243876,0.0734,0.686,-0.4465949556711443,2.448497445843842,-4.724090476860459,0.0749
1787553003.9975176,-0.3841241662155234,2.4913773693265013,-5.75036472401154,-0.4492815122391802,2.4575320637971987,-4.819584858766267,0.0734,0.931,-0.4576391422316231,2.450492701791645,-4.8145455519173295,0.0841
1787553004.0723093,-0.38316911007462273,2.491324812409009,-6.0334037947698596,-0.45269352724957057,2.4560925797739217,-4.9305849233782215,0.0779,1.103,-0.4576391422316231,2.450492701791645,-4.8145455519173295,0.0849
1787553004.222107,-0.38178240122003604,2.490118665731282,-5.965399853522685,-0.4619831314046668,2.4616054049981493,-5.392806117558971,0.0851,0.573,-0.46988047989386994,2.463341542261191,-5.397827412842031,0.0921
1787553004.2971249,-0.381169106861486,2.489242330444478,-5.770930040137167,-0.4620496647721048,2.4609490484912873,-5.41154168839234,0.0857,0.359,-0.465340364438815,2.4509630323159266,-5.222100437696598,0.0925
1787553004.3658333,-0.381053501260435,2.4885879015432355,-5.600687968659619,-0.4628263863148976,2.4578870850343995,-5.316379674757687,0.0873,0.284,-0.465340364438815,2.4509630323159266,-5.222100437696598,0.0923
1787553004.5437548,-0.38052957640714796,2.4881443768111517,-5.24931422465404,-0.4628345425731669,2.457408888489297,-5.434562374914922,0.0879,0.185,-0.4354331031704558,2.4480742847744983,-4.680633437191841,0.0680
1787553004.6325684,-0.38027309135897575,2.4883078055438803,-5.247381375208621,-0.45350167434873123,2.454898755762927,-4.754146055488586,0.0805,0.493,-0.4354331031704558,2.4480742847744983,-4.680633437191841,0.0683
1787553004.7203681,-0.3800949258886795,2.4882764265925212,-5.375009909532189,-0.4535204982813888,2.4531187391046356,-4.549581051723115,0.0814,0.825,-0.45534230104730505,2.4497310126917924,-4.501529402725558,0.0845
1787553004.8012109,-0.37948046248205836,2.487682275116711,-5.364640919354157,-0.4526371156372578,2.4517828789972844,-4.498739505082644,0.0815,0.866,-0.43549580014928513,2.46525814414108,-4.907092020394979,0.0603
1787553004.892999,-0.37884115191534284,2.4867898401894672,-5.302962477705763,-0.44349598703610565,2.4573717158934874,-4.789011916039202,0.0710,0.514,-0.44375610314070246,2.4430107472609253,-4.623962405820469,0.0783
1787553004.9846072,-0.3783145714368909,2.485777414125042,-5.068845833010818,-0.4420523015489364,2.4508254941966254,-4.7265040071861755,0.0727,0.342,-0.44375610314070246,2.4430107472609253,-4.623962405820469,0.0782
1787553005.0634482,-0.3776169795983254,2.4850608351157706,-5.046821965728991,-0.4359417873261183,2.4594815060391504,-4.5098310260161405,0.0637,0.537,-0.4322752758635728,2.468324829785029,-4.631560171962098,0.0572
1787553005.2296772,-0.375920901550546,2.4846197982452995,-5.091053737783326,-0.434280532565063,2.4592918187486377,-4.46947156857501,0.0636,0.622,-0.43659375031028735,2.4551728295941513,-4.417180835291374,0.0674
1787553005.3074784,-0.37517120653315206,2.484549886293347,-5.335699663716698,-0.4351300100580428,2.457256758383524,-4.446396067365244,0.0659,0.889,-0.4083913911303056,2.4805230400017986,-4.986007309369866,0.0335
1787553005.380072,-0.37395119361352536,2.4840876191024077,-5.577824999681143,-0.4200687812534464,2.4662897945643936,-4.779210266291268,0.0494,0.799,-0.4083913911303056,2.4805230400017986,-4.986007309369866,0.0346
1787553005.5395417,-0.3713527382009747,2.4821737964438824,-5.903449040882451,-0.4156183040836238,2.467269621023578,-4.799041358217941,0.0467,1.104,-0.4171919259658876,2.4767244105780293,-5.37642145680616,0.0462
1787553005.6060467,-0.37017323160625476,2.4810119324646145,-5.858384282189229,-0.41727821605448445,2.4708376330182378,-5.2990424588607405,0.0482,0.559,-0.4171919259658876,2.4767244105780293,-5.37642145680616,0.0472
1787553005.7251222,-0.3669144837968633,2.4794454711764122,-5.796040350924597,-0.4114904822667159,2.4726040804471867,-5.344275708928293,0.0451,0.452,-0.4171919259658876,2.4767244105780293,-5.37642145680616,0.0504
1787553005.7768507,-0.3657876410544785,2.4793388350728347,-5.713665664347384,-0.4342672952841307,2.4613334512549945,-5.3921438745375765,0.0708,0.322,-0.4547399962034992,2.4480405433995065,-5.1624716883732935,0.0943
1787553005.928481,-0.36359953807612244,2.479985885943197,-5.907999547303126,-0.4440339617499381,2.456454417976921,-5.291077154080888,0.0838,0.617,-0.4547399962034992,2.4480405433995065,-5.1624716883732935,0.0966
1787553006.0274744,-0.3625972907278653,2.4801577741329046,-6.18876353200673,-0.4436147145428466,2.4517248502497564,-5.184562174959392,0.0859,1.004,-0.4446105111563519,2.444273960232261,-5.086544835207952,0.0895
1787553006.1103275,-0.36163627232478585,2.4797663070270564,-6.1834177383756455,-0.444042461029298,2.4505331479715795,-5.195671686042275,0.0874,0.988,-0.4644683860892141,2.4685495086039477,-5.851316366267054,0.1034
1787553006.1908326,-0.3606787359685544,2.4791030012119606,-6.105543721177234,-0.4563170302167258,2.461373353015282,-5.776459807011161,0.0973,0.329,-0.4644683860892141,2.4685495086039477,-5.851316366267054,0.1043
1787553006.3256578,-0.35931940749286817,2.4786169810317658,-6.030481690566501,-0.4572036906951864,2.4626553445400794,-5.941310074195039,0.0992,0.089,-0.4518898083146156,2.4650066512705444,-5.6449789324628,0.0936
1787553006.4000273,-0.3585378827286518,2.4787368163862538,-5.965459133339074,-0.45398512605316776,2.466197787703282,-5.659880511870749,0.0963,0.306,-0.4518898083146156,2.4650066512705444,-5.6449789324628,0.0944
1787553006.4779966,-0.3576624755236195,2.4791356510075646,-5.932108140905266,-0.45564158579877223,2.4669360644780696,-5.704424215550174,0.0987,0.228,-0.4306752503508407,2.4471164350378483,-5.285497893633916,0.0797
1787553006.6238213,-0.3561041796558699,2.480180066245771,-6.271286072119416,-0.43902720673998846,2.4576330779225652,-5.429272526247137,0.0859,0.842,-0.4306752503508407,2.4471164350378483,-5.285497893633916,0.0816
1787553006.7035573,-0.35520620422503835,2.48011922242692,-6.276236036074221,-0.4488792179139995,2.4612742572638795,-5.57839365466529,0.0955,0.698,-0.45621475286998114,2.460932308547523,-5.5583321096492835,0.1028
1787553006.7861578,-0.354298168987889,2.4796875523297492,-6.308891098269351,-0.4496835390231591,2.4613368037124923,-5.605042631104611,0.0971,0.704,-0.42779237175446816,2.4605881317895233,-5.758009893937825,0.0759
1787553006.8712795,-0.35344019024700585,2.479026439693798,-6.23155617467769,-0.4191837105836769,2.4605939083335318,-5.782512161809401,0.0683,0.449,-0.40165930790134163,2.4609157945090465,-5.821972715700374,0.0515
1787553007.0233223,-0.3518227445462783,2.4781675041317754,-5.970360708488091,-0.41714280208860677,2.461653806872323,-5.93780831393087,0.0674,0.033,-0.4397318255102802,2.4340887254456254,-5.142729452404943,0.0983
1787553007.0991166,-0.35087470102312207,2.4784004403136564,-5.933060051273469,-0.4270227181404943,2.4516736551861458,-5.394015703310223,0.0807,0.539,-0.4397318255102802,2.4340887254456254,-5.142729452404943,0.0993
1787553007.1797252,-0.349923115617647,2.4788488666719175,-5.99182630761411,-0.42539245001219145,2.4503596969968906,-5.397129852422487,0.0807,0.595,-0.4066867552132358,2.4969369618472324,-6.060613651829386,0.0596
1787553007.333421,-0.3481730709977215,2.4793828101899473,-6.238704417659111,-0.41624319439975827,2.475289953392935,-5.761106314875112,0.0682,0.478,-0.4066867552132358,2.4969369618472324,-6.060613651829386,0.0611
1787553007.4210842,-0.3472487741288599,2.479085632850056,-6.31179535764152,-0.409841367793305,2.4738280372508954,-5.932140875546275,0.0628,0.380,-0.41530349035222847,2.47001398390982,-5.857127883742017,0.0687
1787553007.511076,-0.3463443063593957,2.478530310507837,-6.29880979997912,-0.41107975253362106,2.474255116387344,-5.921082763494509,0.0649,0.378,-0.4232108136337663,2.460771708442731,-5.886235410153054,0.0789
1787553007.5853498,-0.34556187562810925,2.477996558133037,-6.093097075695269,-0.41664064802620265,2.4736854394213545,-5.978354154121348,0.0712,0.115,-0.4185974313048356,2.4797343862552705,-6.049299580337958,0.0731
1787553007.6632295,-0.3446500766317962,2.4777915360449385,-6.0849072656902585,-0.41536629751293813,2.4746431750110984,-6.010254935516059,0.0708,0.075,-0.43045276736486,2.468244608618798,-5.6576564088365275,0.0863
1787553007.8328576,-0.34265389449785266,2.478335634143518,-6.102326942907874,-0.42201834505170444,2.4742884717457083,-5.75437437408406,0.0795,0.348,-0.4147123299779877,2.4561053988351986,-5.542981010145883,0.0754
1787553007.9244037,-0.34216071340479914,2.478763232511119,-6.21837245365882,-0.4162177657204105,2.4673256092933027,-5.710652411620755,0.0749,0.508,-0.4147123299779877,2.4561053988351986,-5.542981010145883,0.0760
1787553008.0210428,-0.3416416065382873,2.4788891580267114,-6.377690002023328,-0.4133963013749738,2.467799049548591,-5.691399970764027,0.0726,0.686,-0.4132250863128982,2.465612759303127,-5.662706696812626,0.0728
1787553008.0998306,-0.34108367748497276,2.478582129990541,-6.511293263833157,-0.4119866662246092,2.4679760282322185,-5.700343038951982,0.0717,0.811,-0.4193959558397726,2.471006516064391,-6.04335096744601,0.0787
1787553008.1909304,-0.34060234126438904,2.4781098377057207,-6.523024202820738,-0.41567758475309335,2.470998944401125,-6.07789078261009,0.0754,0.445,-0.43311141791485,2.4515712286350517,-5.944027697308518,0.0962
1787553008.2810497,-0.340195886646527,2.4777789774614014,-6.383912257718654,-0.4235784154833702,2.463488462715773,-6.114720067520086,0.0846,0.269,-0.43311141791485,2.4515712286350517,-5.944027697308518,0.0965
1787553008.4283974,-0.3383948310008673,2.4786761850137276,-6.4558418044543044,-0.42338515839531166,2.4640705048383773,-6.364582192646871,0.0862,0.091,-0.4282859062516967,2.441140567060608,-5.639331589989304,0.0974
1787553008.5034454,-0.3375076831290736,2.479383790693945,-6.636061707787085,-0.4245372427900214,2.4540144762463734,-5.813050236032621,0.0907,0.823,-0.4161970685884473,2.4579948432921683,-5.929506642754855,0.0815
1787553008.5819094,-0.33671095493190484,2.4799343647412972,-6.955502107506416,-0.4202229293549375,2.45488857460109,-5.881647482877576,0.0872,1.074,-0.42941903407627324,2.4511164667713556,-5.984152836000481,0.0971
1787553008.6661432,-0.3358234196014659,2.4799864360823616,-6.961626678075963,-0.42392755619276296,2.454808859399528,-6.196922337376487,0.0916,0.765,-0.42941903407627324,2.4511164667713556,-5.984152836000481,0.0979
1787553008.826239,-0.33405760321157096,2.4791967301153264,-6.791190048785628,-0.43181414389706474,2.4530718943320826,-6.382155596800738,0.1012,0.409,-0.4383485362689011,2.448492070745363,-6.310120262087678,0.1087
1787553008.901984,-0.33327909433695474,2.4788861071094317,-6.487786647997606,-0.43284952313696734,2.452046568693647,-6.426401406906833,0.1031,0.061,-0.4089846146913201,2.4608282814971822,-6.269307830516853,0.0778
1787553008.970538,-0.33235905987632847,2.478908076720277,-6.486642021142255,-0.4190430696496784,2.457493779688309,-6.209187054219843,0.0893,0.277,-0.4089846146913201,2.4608282814971822,-6.269307830516853,0.0787
1787553009.1431234,-0.3302615857096005,2.480081965914635,-6.630292683433796,-0.4184849265940448,2.4594025696968416,-5.8991759112303,0.0906,0.731,-0.41989630812871104,2.456711785210163,-5.858753715950742,0.0926
1787553009.237441,-0.3293601651049833,2.480632634326539,-6.657231538536111,-0.41811392667136477,2.4592116540724978,-5.9022900748939575,0.0913,0.755,-0.41289603345757275,2.4498494136571076,-5.925040393186134,0.0890
1787553009.3200426,-0.3284219589712538,2.4808022782064643,-6.712456458470901,-0.4140438385115477,2.455081967447737,-5.98994792770918,0.0894,0.723,-0.41289603345757275,2.4498494136571076,-5.925040393186134,0.0900
1787553009.4065042,-0.327452453646028,2.4806787365659213,-6.734473920144605,-0.4128103337121314,2.4561473241824894,-6.1988972211772335,0.0888,0.536,-0.411611620202093,2.4583465603069907,-6.054150888519711,0.0871
1787553009.4950302,-0.3265827280484056,2.480375345903222,-6.602290623294817,-0.41189657609708835,2.4577235421230483,-6.046653873271314,0.0883,0.556,-0.41000614968628696,2.4723688930603545,-6.394630624157002,0.0838
1787553009.5833564,-0.3257453252539791,2.480277337018827,-6.341331075396003,-0.41007265702425383,2.4670210381150213,-6.382839569235362,0.0854,0.042,-0.41000614968628696,2.4723688930603545,-6.394630624157002,0.0846
1787553009.7428696,-0.3242686992527156,2.4815835908954904,-6.429527136296192,-0.40889319600820506,2.468569324710425,-6.581118455253036,0.0856,0.152,-0.4011732874369623,2.4344055525839132,-5.445988807051406,0.0902
1787553009.824639,-0.32358406159711767,2.4824867683486405,-6.666770244101246,-0.4013404838706271,2.4531975992168125,-5.689812696883547,0.0831,0.977,-0.4011732874369623,2.4344055525839132,-5.445988807051406,0.0913
1787553009.9001381,-0.3228064393046426,2.4830538751878053,-6.690308608108211,-0.41475982605605183,2.4498223424085244,-5.736193293057616,0.0978,0.954,-0.42680635440406756,2.4428568417868846,-5.621967914558984,0.1115
1787553009.9758723,-0.32199842766049047,2.483311323930465,-6.718465118056934,-0.41469290019790483,2.4486755116158028,-5.721959877551942,0.0990,0.997,-0.3897227529306357,2.4660409620309722,-6.305037827700321,0.0699
1787553010.1326342,-0.3204338338685512,2.4831325392172094,-6.544507263156286,-0.4010475677166944,2.4571529886038332,-6.175529078771121,0.0847,0.369,-0.4113397817942366,2.4503615121961264,-5.961343955136151,0.0966
1787553010.2031128,-0.31973113717977303,2.4831727186540045,-6.257889849607882,-0.40543534523953867,2.455520180521374,-6.0411552717582895,0.0901,0.217,-0.4113397817942366,2.4503615121961264,-5.961343955136151,0.0973
1787553010.275929,-0.3188148199879638,2.483451372984056,-6.26272692319852,-0.40444623539202557,2.4551107992624486,-6.050625878325451,0.0902,0.212,-0.39799923434984763,2.4378302631206767,-5.349615194178475,0.0914
1787553010.4254935,-0.31674787821160555,2.4848889189954297,-6.530353510836727,-0.3963422157813828,2.445098490168003,-5.403331755036823,0.0890,1.127,-0.3958441088319343,2.441475362977798,-5.356748645788199,0.0902
1787553010.4995263,-0.3159594048652247,2.4850380458624906,-6.549077244587912,-0.3948508075521149,2.443904377915976,-5.369285529074247,0.0890,1.180,-0.35447577482340636,2.445861692539372,-5.793928401038319,0.0549
1787553010.6441054,-0.3143371089425501,2.4843332691598254,-6.724979189868442,-0.37134395334441744,2.4436968527731424,-5.771040566637177,0.0700,0.954,-0.4067127696581996,2.451956266025861,-5.885397442681462,0.0979
1787553010.7240312,-0.3135411616233914,2.4835421099108292,-6.764950131047994,-0.3885896833033122,2.4485508050456346,-5.879117975193825,0.0828,0.886,-0.4053558010602511,2.4522169627436883,-6.026897282579829,0.0970
