t,gt_x,gt_y,gt_yaw,ekf_x,ekf_y,ekf_yaw,ekf_err,ekf_yaw_err,fix_x,fix_y,fix_yaw,fix_err
1787476241.9085264,-2.477545694134116,1.2929857723373078e-06,-8.544073302637687e-06,-2.7770612044701135,-0.005144466049673856,0.09020086438135232,0.2996,0.090,,,,
1787476241.97863,-2.479186964692063,1.281683375126049e-06,-6.6537028079313195e-06,-2.586973379676179,-0.0010702573050210126,0.028910414959298896,0.1078,0.029,-2.551809242781092,0.0029267696206125705,-0.03355479624725883,0.0727
1787476242.0488257,-2.480414033594993,1.4399227352835243e-06,-7.648952878387636e-06,-2.5703315370518314,0.0013495484390800558,0.02737294751501328,0.0899,0.027,-2.511129280919897,0.002805409765585685,-0.008041488405780057,0.0308
1787476242.1908116,-2.4825176863022245,-4.927027547386466e-07,2.391802928334014e-05,-2.5463500727321824,0.002277745924049789,0.00011371258051785732,0.0639,0.000,-2.511129280919897,0.002805409765585685,-0.008041488405780057,0.0287
1787476242.263169,-2.4833567148715545,-3.3411946753132173e-06,6.254597533255729e-05,-2.477834690296238,0.002400541014959246,-0.04436541324130751,0.0060,0.044,-2.440082612798205,0.002482615848516162,-0.046256271907321664,0.0433
1787476242.337753,-2.4840528376720794,-7.914399355770288e-06,0.00011928639034751555,-2.4815997118904236,0.010903375639166818,-0.17452493576655473,0.0112,0.175,-2.4840725347892425,0.014036092313456603,-0.2129330968271524,0.0140
1787476242.509498,-2.485017948984203,-1.820091916733599e-05,0.00023248192518984085,-2.481539223294743,0.010933527081333104,-0.17663724394706723,0.0115,0.177,-2.431445530547247,-0.01334233501412037,0.19529097205994425,0.0552
1787476242.5847144,-2.48528712631951,-2.53088622866658e-05,0.0003073636896134698,-2.451363361035188,-0.007163423122671233,0.11763907922346492,0.0347,0.117,-2.431445530547247,-0.01334233501412037,0.19529097205994425,0.0555
1787476242.6663566,-2.485414115469844,-2.9910675594625928e-05,0.0003532115099851759,-2.4476526162061907,0.0002156968945936184,0.1305013384479262,0.0378,0.130,-2.4450746773913203,0.0025918790143585214,0.102338718206066,0.0404
1787476242.7440908,-2.485398635993816,-3.300446245123701e-05,0.0003829220354635018,-2.4175674439073385,0.0053465833872696775,-0.09344227791301728,0.0680,0.094,-2.396643785819726,0.00645676517185348,-0.10056377593554083,0.0890
1787476242.9009016,-2.484940483164123,-2.8181102859038676e-05,0.00032648439360381885,-2.4194974380650116,0.02823034781330437,-0.29438407641953224,0.0713,0.295,-2.421332600032511,0.03687445512492874,-0.3997742521549069,0.0735
1787476242.9939938,-2.4844984639011027,-1.9058359669402313e-05,0.0002210275499569629,-2.389407967242831,0.012291846312175177,0.17329361652292563,0.0959,0.173,-2.355259924152137,0.004319020045819285,0.29456012293103595,0.1293
1787476243.0832157,-2.4839152490369867,-5.301270111811941e-06,5.347404771609001e-05,-2.405139313653711,0.020251698249360735,-0.07153148912017025,0.0813,0.072,-2.417674722481674,0.024304449976896854,-0.12323583803842751,0.0706
1787476243.1731253,-2.483190869395245,1.1343794883282056e-05,-0.00016483365567575815,-2.4464416255812673,0.027319363115076867,0.027625937907710615,0.0458,0.028,-2.4774586254722624,0.041085041175168355,-0.24621106070884205,0.0415
1787476243.2604463,-2.4823238280775737,2.6599371929345104e-05,-0.000386083964777187,-2.4741100006670362,0.04105004227212904,-0.22817756377332044,0.0418,0.228,-2.4952129091529955,0.051650190550444085,-0.41588412127426844,0.0532
1787476243.3968248,-2.4801562199544813,4.937561872894459e-05,-0.0007887188722325341,-2.4741998799496456,0.04109709470609561,-0.2298840926910936,0.0415,0.229,-2.4952129091529955,0.051650190550444085,-0.41588412127426844,0.0538
1787476243.4868019,-2.4788506303315647,5.249924297659318e-05,-0.0008916410417890108,-2.5139162982010075,0.06023547467249295,-1.1076414170355944,0.0697,1.107,-2.540627559186489,0.07146937284455225,-0.7408459658883312,0.0944
1787476243.5688736,-2.4773944588809536,5.0900638476395144e-05,-0.0009219721766767,-2.530467857083662,0.04596617894855599,-0.26799276264880306,0.0702,0.267,-2.539147721846425,0.03950379621311751,-0.20499726526567116,0.0733
1787476243.6441357,-2.4761797086123405,4.9983246294908295e-05,-0.0009662160050450139,-2.553789806436068,0.05607059748240133,-0.732052800047388,0.0957,0.731,-2.652233239475664,0.07263806575624186,-1.0097456563230418,0.1904
1787476243.7998855,-2.4739750661148983,3.853646089921033e-05,-0.0008121902519927501,-2.5548003082976196,0.06000169725692507,-1.2830209810556576,0.1006,1.282,-2.652233239475664,0.07263806575624186,-1.0097456563230418,0.1925
1787476243.8779805,-2.473004028236799,3.10706310999525e-05,-0.0006678056557262072,-2.555743030577775,0.06375505416190824,-2.917893115737012,0.1044,2.917,-2.6527420623356144,0.10010374992301611,-1.640261255662668,0.2057
1787476244.0124211,-2.4713199371633645,1.6957648575497054e-05,-0.00035243679851857475,-2.5557571444802223,0.06376272388926528,-2.9342684095913,0.1058,2.934,-2.6527420623356144,0.10010374992301611,-1.640261255662668,0.2072
1787476244.0784826,-2.4706041087228865,1.1126047782076122e-05,-0.00020878260555865822,-2.5557606300732534,0.06376559524434282,-2.9415345787713925,0.1064,2.941,-2.6527420623356144,0.10010374992301611,-1.640261255662668,0.2078
1787476244.1485636,-2.4699707481470035,6.3239155893401035e-06,-8.481453919598233e-05,-2.555761899429203,0.06377280301610365,-2.951495366524122,0.1069,2.951,-2.6527420623356144,0.10010374992301611,-1.640261255662668,0.2084
1787476244.2911673,-2.468947151494423,-2.6850994334665524e-07,9.434716376343075e-05,-2.55576186859169,0.06376880077011077,-2.948183516336779,0.1077,2.948,-2.6527420623356144,0.10010374992301611,-1.640261255662668,0.2093
1787476244.3787513,-2.4685551076169596,-2.253376649603698e-06,0.0001504701731789264,-2.555761563853337,0.06377340287622983,-2.9532136798445827,0.1080,2.953,-2.6527420623356144,0.10010374992301611,-1.640261255662668,0.2096
1787476244.4595308,-2.4682419219709675,-3.5385079375689643e-06,0.0001873950541083351,-2.5557601619036068,0.06378009876854922,-2.9583767378259243,0.1083,2.959,-2.6527420623356144,0.10010374992301611,-1.640261255662668,0.2099
1787476244.5957413,-2.4679766593794583,0.0006638619396566449,0.01699895849087078,-2.555761053321971,0.063776098827351,-2.955781867442758,0.1081,2.973,-2.6527420623356144,0.10010374992301611,-1.640261255662668,0.2098
1787476244.6567273,-2.467988083042777,0.0009461993533248387,-0.021119705160095627,-2.555760187898615,0.06377955423095273,-2.957540054660567,0.1079,2.936,-2.6527420623356144,0.10010374992301611,-1.640261255662668,0.2097
1787476244.7245922,-2.4679484673185526,0.0010431356646114398,-0.0459165582702949,-2.5557599146067913,0.06378056149012744,-2.9577376625309673,0.1079,2.912,-2.6527420623356144,0.10010374992301611,-1.640261255662668,0.2097
1787476244.9021108,-2.467857490312601,0.00027639176812739347,-0.17057520235656684,-2.555759925693772,0.06378050201542614,-2.957447265461257,0.1084,2.787,-2.6527420623356144,0.10010374992301611,-1.640261255662668,0.2101
1787476244.981933,-2.467901214385373,-0.0003523247304081129,-0.08524971681102317,-2.5557592803064977,0.06378284175504412,-2.957928900974446,0.1088,2.873,-2.6527420623356144,0.10010374992301611,-1.640261255662668,0.2104
1787476245.060229,-2.4679127649606745,-0.0006915314490146054,0.06874399759128194,-2.55575876808808,0.0637846896763654,-2.958192418629106,0.1090,3.027,-2.6527420623356144,0.10010374992301611,-1.640261255662668,0.2105
1787476245.1496823,-2.468408574885672,-0.0008584849352135269,0.6240519070128006,-2.555756656254462,0.06379232257512425,-2.9590446093138274,0.1087,3.583,-2.6527420623356144,0.10010374992301611,-1.640261255662668,0.2102
1787476245.3067088,-2.469755936368248,-0.0004928988758492367,1.5209889184129115,-2.5557578393766227,0.06378804075095415,-2.958606845386222,0.1074,4.480,-2.6527420623356144,0.10010374992301611,-1.640261255662668,0.2088
1787476245.3880692,-2.470429219772292,-0.000512167108329447,1.819292877564772,-2.555757655265707,0.06378870196293515,-2.958646544072283,0.1068,4.778,-2.6527420623356144,0.10010374992301611,-1.640261255662668,0.2082
1787476245.467053,-2.4709522452411896,-0.000934306339187514,2.06988412251475,-2.6097385641439605,-0.26424937955904626,7.855244242241953,0.2977,5.785,-2.7346472855183603,-0.3735267765026147,9.602153755649587,0.4565
1787476245.6072228,-2.4719899435368133,-0.002393853621002256,2.832456642782059,-2.5881684541968353,-0.2400303441464157,6.34055576273619,0.2645,3.508,-2.7346472855183603,-0.3735267765026147,9.602153755649587,0.4547
1787476245.6756067,-2.472594564044417,-0.0029375654113912705,3.4018260549595105,-2.5755409890560723,-0.22578447430800042,4.067098451007897,0.2455,0.665,-2.7346472855183603,-0.3735267765026147,9.602153755649587,0.4539
1787476245.7467597,-2.472279633463775,-0.0028274076358355896,3.4035774899400373,-2.518335258106095,-0.02731404172189225,3.325767838838755,0.0522,0.078,-2.5506671534004823,0.004070340993852097,2.8844472303693136,0.0787
1787476245.8907135,-2.471544953053268,-0.0016950127716454564,3.1898230247291997,-2.5085055056924843,0.011703123528485838,3.2176404196398507,0.0393,0.028,-2.5063681173023378,0.02155179110660282,3.097645806948325,0.0419
1787476245.9687953,-2.470923859508226,-0.0011910061139719414,2.9646640907379123,-2.5086067549455016,0.014531251600774339,2.7557753406662013,0.0408,0.209,-2.449883523940223,0.013217751508503125,3.268873532190537,0.0255
1787476246.0504186,-2.470233537356104,-0.001001593180778072,2.6811551161210834,-2.4753151178041977,0.014296233920065857,3.2518153860994183,0.0161,0.571,-2.449883523940223,0.013217751508503125,3.268873532190537,0.0248
1787476246.132023,-2.469330306315149,-0.00118978934465524,2.444364611702083,-2.472186355413426,0.013422071432934505,3.073496360446302,0.0149,0.629,-2.4701421466111237,0.01094374297546575,3.1068016091343176,0.0122
1787476246.2904377,-2.4676328034706687,-0.002052631761716931,2.330900121346106,-2.4726170934404097,0.018096537125806746,2.591459504196856,0.0208,0.261,-2.4755021371948502,0.017624287805281382,2.7914660756921568,0.0212
1787476246.352624,-2.46624094422976,-0.00199230852498099,2.4005925940635033,-2.471504564114349,0.0038492656775854506,2.350586941897334,0.0079,0.050,-2.4720118009017096,-0.00022711232638228236,2.397649807887784,0.0060
1787476246.432458,-2.464757586550895,-0.0016072715926094033,2.414230911951983,-2.4704758033114085,0.0039976414727799755,2.6157533817614853,0.0080,0.202,-2.5055775466265215,0.003675667852890637,2.3996018875972807,0.0412
1787476246.5240448,-2.463254902370767,-0.0009735906522149692,2.3661191608173495,-2.4897535009140697,-0.006572660896170342,2.6613195271961354,0.0271,0.295,-2.496899163615467,-0.013617589980190633,2.763886520685338,0.0359
1787476246.6243105,-2.4615512213537607,-0.0007110035994970977,2.3213477830083318,-2.498059739179128,-0.0026613297437143597,2.527416877028266,0.0366,0.206,-2.5160260922051747,0.00010255756956244022,2.4887330236244667,0.0545
1787476246.7195654,-2.4598173865209847,-0.000798244651452338,2.2156877335578793,-2.512215130516745,0.0007955139258052804,2.4085935090093167,0.0524,0.193,-2.543231814464544,0.0033579459596432518,2.3711037936856316,0.0835
1787476246.9073675,-2.4563169537252216,-0.0021493383008187135,2.043330168912573,-2.5242649804599906,0.002475839105185522,2.2358201296664553,0.0681,0.192,-2.5409199086955425,0.0017753725770125069,2.2486064542090523,0.0847
1787476246.9707437,-2.4546625483739026,-0.0027242368859584825,2.202238161298692,-2.5272779920902413,0.004514363679952271,1.6564441844037348,0.0730,0.546,-2.5409199086955425,0.0017753725770125069,2.2486064542090523,0.0864
1787476247.1033185,-2.4519241685743456,-0.0024066128879004665,2.2011022548771333,-2.521326793194514,0.003663111407541757,1.6610646253083805,0.0697,0.540,-2.5409199086955425,0.0017753725770125069,2.2486064542090523,0.0891
1787476247.1651902,-2.4506055031054177,-0.0018259342956915938,2.0959123061538434,-2.5216109882444977,0.003741601350519135,1.6213515500893994,0.0712,0.475,-2.5409199086955425,0.0017753725770125069,2.2486064542090523,0.0904
1787476247.2943654,-2.4488982399659767,-0.0011062211432617188,1.6849919702804432,-2.5214103770843597,0.0036905307842436774,1.6390916519196603,0.0727,0.046,-2.5409199086955425,0.0017753725770125069,2.2486064542090523,0.0921
1787476247.3710477,-2.4479361623642832,-0.0010655677872046425,1.4619684790946015,-2.5214251904420237,0.0036907581197523167,1.6385666885131993,0.0736,0.177,-2.5409199086955425,0.0017753725770125069,2.2486064542090523,0.0930
1787476247.452946,-2.44693596927069,-0.0014547285610665597,1.1675046972937668,-2.521445544664952,0.003690898009193039,1.6243224982755349,0.0747,0.457,-2.5409199086955425,0.0017753725770125069,2.2486064542090523,0.0940
1787476247.5918732,-2.445140706570431,-0.0024929968910065896,0.9758915432203007,-2.521445544664952,0.003690898009193039,1.6243224982755349,0.0766,0.648,-2.5409199086955425,0.0017753725770125069,2.2486064542090523,0.0959
1787476247.6522267,-2.4446014054929712,-0.0024869229452394357,0.9751042638456895,-2.5214400301221374,0.0036883353718565014,1.6349360204458028,0.0771,0.660,-2.5409199086955425,0.0017753725770125069,2.2486064542090523,0.0964
1787476247.7821708,-2.443421093359618,-0.001629424508782597,0.9380109948881592,-2.5214390709216405,0.003685828479007785,1.6339353690490341,0.0782,0.696,-2.5409199086955425,0.0017753725770125069,2.2486064542090523,0.0976
1787476247.8580353,-2.443406504947106,-0.001033433751624948,0.9106293845061343,-2.52143504842615,0.0036817630571824413,1.6323276399724003,0.0782,0.722,-2.5409199086955425,0.0017753725770125069,2.2486064542090523,0.0976
1787476247.934779,-2.443401984462901,-0.0005337249741394763,0.7837364457305552,-2.5214335878989265,0.0036803783244400523,1.6322382470827592,0.0781,0.849,-2.5409199086955425,0.0017753725770125069,2.2486064542090523,0.0975
1787476248.1103604,-2.4431001601729943,-0.0005838844644296569,0.4022367826414445,-2.521424917321087,0.0040949420143718135,-0.5304883052544108,0.0785,0.933,-2.5409199086955425,0.0017753725770125069,2.2486064542090523,0.0978
1787476248.196329,-2.4429479204381965,-0.0010139232137671651,0.3189798488569991,-2.5214139379109097,0.004085513186482727,-0.541278438438452,0.0786,0.860,-2.5409199086955425,0.0017753725770125069,2.2486064542090523,0.0980
1787476248.2729933,-2.442887181980854,-0.0012847090013919315,0.39496556782458425,-2.5214191113424205,0.004037725600794262,-0.10373496329823517,0.0787,0.499,-2.5409199086955425,0.0017753725770125069,2.2486064542090523,0.0981
1787476248.3446698,-2.442751022121343,-0.0012055143290416006,0.49177659634297943,-2.5476699280373865,-0.008694152906651376,0.5046987041393581,0.1052,0.013,-2.5181653167753892,0.002791340953247044,0.33482825826698254,0.0755
1787476248.4986053,-2.442894307174231,-0.0003294520671204245,0.3007606727488286,-2.535386999168564,-0.005674762774281584,0.5296451882000498,0.0926,0.229,-2.5162477596785533,-0.004526760227221299,0.5148340039037815,0.0735
1787476248.5688727,-2.4429485702124043,8.396229198998821e-05,-0.0013458841638994798,-2.535231662752109,-0.005530008286861945,0.5279791137444887,0.0925,0.529,-2.5162477596785533,-0.004526760227221299,0.5148340039037815,0.0734
1787476248.6939783,-2.4428607746391777,1.59501923391994e-05,-0.7056903094808832,-2.4709300941607375,-0.05384305763363974,1.403991321201718,0.0607,2.110,-2.367773477788257,-0.07919454299653902,1.9106714583408542,0.1091
1787476248.7661107,-2.442780060022615,-0.0003707767757641158,-1.0196203611160297,-2.469146035353561,-0.05551958380163273,1.4318096385854493,0.0611,2.451,-2.367773477788257,-0.07919454299653902,1.9106714583408542,0.1088
1787476248.9039729,-2.442469064274861,-0.0010698659946971505,-1.1718178451732846,-2.4789274478041996,-0.002164525381367098,-1.0502797295690367,0.0365,0.122,-2.4934890096084836,0.014963585901119384,-1.2841975309413363,0.0535
1787476248.9714074,-2.442076276370179,-0.0010269215827863399,-1.1450290283532898,-2.477259758357286,-0.0018326174004767977,-0.8499128103858996,0.0352,0.295,-2.4934890096084836,0.014963585901119384,-1.2841975309413363,0.0538
1787476249.1076608,-2.441166485638392,-0.00016212132356962985,-1.2286662143161298,-2.4824857958093145,-0.0027114046143423107,-1.195991055758942,0.0414,0.033,-2.491260772245318,-0.0011544956244904576,-1.2245228053275494,0.0501
1787476249.1808457,-2.4407926141580973,0.00039443817245208125,-1.4302162173437598,-2.455628070254876,-0.004455378930849593,-1.1630125621162026,0.0156,0.267,-2.443483709690753,-0.0049026163822755865,-1.1580093043095587,0.0059
1787476249.265913,-2.4398835519285407,0.0006573428219407052,-1.7893197792382558,-2.4537794714787236,-0.0032999959852122907,-1.4704879625412397,0.0144,0.319,-2.443483709690753,-0.0049026163822755865,-1.1580093043095587,0.0066
1787476249.3981452,-2.437909260768719,0.0002905964145288279,-2.467759146919057,-2.4535158759615556,0.010350422040150862,-1.9939867123162516,0.0186,0.474,-2.432700822865613,0.007459959174739782,-1.9437141398215674,0.0089
1787476249.46988,-2.436952461925572,-0.0001450701878607664,-2.6949120527765165,-2.4517178114569727,0.012003112963640272,-2.261693067353985,0.0191,0.433,-2.432700822865613,0.007459959174739782,-1.9437141398215674,0.0087
1787476249.5842838,-2.4351739352576067,-0.00036932319846027964,-2.7523018493317073,-2.448256915492057,0.012870451846210652,-1.4199745466614615,0.0186,1.332,-2.432700822865613,0.007459959174739782,-1.9437141398215674,0.0082
1787476249.7041028,-2.433133200123148,0.0005750082557739406,-2.846186198194821,-2.438261465917758,-0.013623936362652498,-2.6639574477240977,0.0151,0.182,-2.4331230371765065,-0.01679918174436143,-2.6340118222543465,0.0174
1787476249.772469,-2.4321003758831625,0.0013270334115929095,-3.031616660896121,-2.435823031745195,-0.02172756508900818,-2.50188003849372,0.0234,0.530,-2.4385556424900936,-0.02343135914394556,-2.4781783701203866,0.0256
1787476249.9000278,-2.4304392733228517,0.0023450208027119383,-3.1370730852553663,-2.4520776878896995,-0.006160204320247099,-2.9974204881228497,0.0232,0.140,-2.466833333759891,-0.0014854848353635158,-3.0345091485582376,0.0366
1787476249.9637508,-2.4295579661955213,0.0024638075650217865,-3.214968867099976,-2.451672976322067,-0.0071471684180257275,-2.5864686079596892,0.0241,0.629,-2.466833333759891,-0.0014854848353635158,-3.0345091485582376,0.0375
1787476250.1052568,-2.4277583598944177,0.002103375796183391,-3.2183699599782174,-2.456060297585967,-0.002002607971434008,-3.0179146329744633,0.0286,0.200,-2.4596106231064483,0.0014201873307046198,-3.065486925275093,0.0319
1787476250.1768098,-2.4269855453171036,0.0018963988218300394,-3.009584926081645,-2.4551861926681156,-0.0025625235909632203,-2.324005362256316,0.0286,0.686,-2.4596106231064483,0.0014201873307046198,-3.065486925275093,0.0326
1787476250.2532556,-2.42614578632815,0.001956101668342657,-2.7589285582061445,-2.4939439276589197,-0.029099207479689082,-2.4219866195926802,0.0746,0.337,-2.531996811345713,-0.04939957857111705,-2.092663678047132,0.1177
1787476250.392434,-2.425059925968936,0.002306740721886444,-1.9646987150569983,-2.4984733058342394,-0.03399214619392784,-1.4509767031023775,0.0819,0.514,-2.531996811345713,-0.04939957857111705,-2.092663678047132,0.1188
1787476250.4575715,-2.424665879502587,0.0024549490119645644,-1.782769485077512,-2.534285259487736,-0.056056783613065764,-1.2390366179692605,0.1243,0.544,-2.5934841009533884,-0.07787679111521084,-0.8454546035274115,0.1870
1787476250.5941637,-2.4239924824098673,0.0021661562069236933,-1.5344819134700693,-2.5230502314823706,-0.02398456050137701,-1.5140035657644801,0.1025,0.020,-2.510368505850426,-0.00983962643765287,-1.7161042975124472,0.0872
1787476250.704148,-2.4231699879389046,0.0008891883014648676,-1.175924693827827,-2.5272668872734467,-0.024904483978991525,-1.5290976568838242,0.1072,0.353,-2.510368505850426,-0.00983962643765287,-1.7161042975124472,0.0879
1787476250.772721,-2.422819832446922,0.00012133807002271172,-0.8740932132688145,-2.517235739397626,-0.004677675969138594,-1.254510770908436,0.0945,0.380,-2.499008792755268,0.00017143577477044767,-1.437338393740832,0.0762
1787476250.899616,-2.4216842282448434,-0.0004395616644321885,-0.8071761083780835,-2.4830251057746477,-0.002502590925259547,-0.7853592338865635,0.0614,0.022,-2.4590675323658617,-0.0003465000108651538,-0.8325765272402728,0.0374
1787476250.9504514,-2.421015398193843,-0.00030832655047445393,-0.7716110027976044,-2.483320797304476,-0.0022977102997164293,-0.16872970488778694,0.0623,0.603,-2.4590675323658617,-0.0003465000108651538,-0.8325765272402728,0.0381
1787476251.0940454,-2.419723225194071,0.00038952320096279303,-0.9354040517455536,-2.4581446942793512,-0.014383728798166495,-0.5055852025290373,0.0412,0.430,-2.4416949269951953,-0.015813314196384657,-0.5064030894110306,0.0273
1787476251.162073,-2.4191768088942354,0.0006313414311580263,-1.2059481610585252,-2.4438709753616195,-0.0020913105137692015,-0.8483002113978505,0.0248,0.358,-2.432686523718152,0.003149400492589178,-0.927202205212419,0.0137
1787476251.311347,-2.4165951687980085,-7.103721331108736e-05,-1.149609086628332,-2.4451428704647884,-0.004818723538630187,-1.1852892835876447,0.0289,0.036,-2.4512149174183437,-0.004471883981164099,-1.2017496997830703,0.0349
1787476251.392626,-2.41525051107239,-0.0008067874489778513,-1.0053713041189567,-2.4431675796127394,0.006940186998114179,-1.3452396934621347,0.0290,0.340,-2.446939193591954,0.011052798156283223,-1.4047968372875872,0.0338
1787476251.459574,-2.41401437556458,-0.0015693068191044537,-0.6957065069949592,-2.4397048141258586,0.008977427856762131,-1.3500601564379235,0.0278,0.654,-2.446939193591954,0.011052798156283223,-1.4047968372875872,0.0353
1787476251.5896611,-2.411709828397791,-0.001907117133196799,-0.6706087825694698,-2.450682627977167,-0.0034340781526500334,-0.6941205574134426,0.0390,0.024,-2.4700384824308355,-0.008050121874438038,-0.6259408477586068,0.0587
1787476251.6540804,-2.4104810913650945,-0.0017069910045448187,-0.701173023650073,-2.471335945888907,-0.009425400020740974,-0.5788911060190131,0.0613,0.122,-2.501742127259643,-0.011329093269750956,-0.5550496911526788,0.0918
1787476251.7898743,-2.4087036641843214,-0.0011774716202452413,-0.8597434213300098,-2.4715822066225,-0.010009932051681051,-0.4180731361022074,0.0635,0.442,-2.501742127259643,-0.011329093269750956,-0.5550496911526788,0.0936
1787476251.863113,-2.408050573745074,-0.0012343535365126074,-0.9037360013904376,-2.4587402718905165,0.00745860898047632,-1.059593756809174,0.0514,0.156,-2.4528928868499755,0.012646107163054433,-1.1269782237579273,0.0469
1787476252.0025754,-2.4066173687944676,-0.002151835558528235,-0.922170002369079,-2.4762995995013797,0.0069448594618972456,-1.1168577591825977,0.0703,0.195,-2.5027752830137318,0.00427861023929339,-1.0735940165759499,0.0964
1787476252.057646,-2.405979302695104,-0.002838050636461736,-0.755262325169299,-2.4768829579227725,0.007740800430243929,-1.0788453337703057,0.0717,0.324,-2.5027752830137318,0.00427861023929339,-1.0735940165759499,0.0971
1787476252.1353304,-2.4053832075235655,-0.0033958360395886338,-0.5078029325035751,-2.4897170689526713,0.004159222934732266,-0.908186236501794,0.0847,0.400,-2.4956363992307,0.000283069189062868,-0.8494753879145219,0.0903
1787476252.273107,-2.4036702864077863,-0.0031280793282793228,-0.494739123391612,-2.4908960030824887,0.004241565639413337,-0.8015817523740701,0.0875,0.307,-2.4956363992307,0.000283069189062868,-0.8494753879145219,0.0920
1787476252.3886821,-2.402002599297302,-0.002111272051956368,-0.7821253537525062,-2.4934227294600957,0.004571486341841407,-0.4913315703970032,0.0917,0.291,-2.4956363992307,0.000283069189062868,-0.8494753879145219,0.0937
1787476252.453183,-2.4011826169668473,-0.0017371389056574206,-0.7997444825857258,-2.490361541675024,-0.004058633431610253,-0.5886101355139074,0.0892,0.211,-2.486689757896302,-0.005751837443621203,-0.5651002526135961,0.0856
1787476252.57251,-2.3993914077712954,-0.0016892645237949343,-0.8756479559534255,-2.4907534763372077,0.010366744244341183,-1.05671862505315,0.0922,0.181,-2.4886079055506345,0.013650894649498339,-1.1028984685309142,0.0905
1787476252.6768613,-2.397536364937411,-0.002464208264654657,-0.757668933980031,-2.4875272182043497,0.01452447811238268,-1.1621075615291065,0.0916,0.404,-2.4814810117246706,0.016404747481334397,-1.1912540262564997,0.0860
1787476252.8034623,-2.3958579782419385,-0.0030165437958101556,-0.5222842010395191,-2.4883893407885025,0.015414839379985723,-1.038475922175507,0.0943,0.516,-2.4732999214001867,0.00527263411618647,-0.8436488366428885,0.0779
1787476252.8697093,-2.394936560017071,-0.002918958444366064,-0.4984214348394012,-2.4821397015313345,0.008075686447809224,-0.7747572976508191,0.0879,0.276,-2.4732999214001867,0.00527263411618647,-0.8436488366428885,0.0788
1787476253.0035772,-2.392985817895849,-0.0019045396579619775,-0.6059798420746396,-2.4720862798235825,-0.0007434585288540557,-0.42124903873610436,0.0791,0.185,-2.4595193328046663,-0.003645290283677047,-0.5554672308946167,0.0666
1787476253.07055,-2.392124497331927,-0.0013400848768676755,-0.8539370400660174,-2.467406688127695,-0.021010833584464515,-0.0018629397034897702,0.0778,0.852,-2.463112786084675,-0.02794303467827899,0.09543629531176855,0.0758
1787476253.1497905,-2.3912340689719644,-0.001007521205113626,-1.15285461275486,-2.462239475111837,-0.010607282803813282,-0.4848320195323895,0.0717,0.668,-2.4581217107629993,-0.004769159611651728,-0.5756593046058046,0.0670
1787476253.2857792,-2.3891528235374273,-0.001877899131055205,-1.0887460765384667,-2.4656790470336216,-0.002359912387024597,-0.8469028201552978,0.0765,0.242,-2.472615649241669,0.0030618786365058407,-0.9303448436125327,0.0836
1787476253.3646736,-2.3881576147661248,-0.002585755007240799,-0.9126418484966776,-2.5012238794057025,-0.027010225406653984,-0.46568874442909686,0.1157,0.447,-2.580222838794431,-0.05309918385829783,-0.007979161048450175,0.1986
1787476253.4500608,-2.3876812557277676,-0.0030612556531608337,-0.8602228167657413,-2.497173885447235,-0.025550652874615616,-0.48723579714445864,0.1118,0.373,-2.580222838794431,-0.05309918385829783,-0.007979161048450175,0.1989
1787476253.5989213,-2.38650496757942,-0.0030040061419944037,-0.686625767048546,-2.4973724320609,-0.026053628961519335,-0.2977837116861507,0.1132,0.389,-2.570592455247286,-0.06247286274266732,0.388503554222451,0.1935
1787476253.6545804,-2.3859298100161532,-0.00259239627189866,-0.7401402824135331,-2.523209998247209,-0.04760155129206148,0.20609550540710167,0.1445,0.946,-2.570592455247286,-0.06247286274266732,0.388503554222451,0.1941
1787476253.7812545,-2.38526251338358,-0.0022079504325554595,-0.9177811463812562,-2.5305903081825964,-0.05034799489800065,0.31858112477218586,0.1531,1.236,-2.5437367102650725,-0.05336481502560285,0.373804177228307,0.1665
1787476253.8548372,-2.385039777579451,-0.002432436045011351,-0.9257702295767782,-2.499249504561002,-0.0074560233492890135,-0.8662394765324429,0.1143,0.060,-2.463129586115022,0.007041312876404193,-1.083570104973699,0.0787
1787476254.0039036,-2.384565920525361,-0.0035156245422916484,-0.750693923857994,-2.484247393852033,0.005004059981232644,-1.0755956738816983,0.1000,0.325,-2.459384069011789,0.010426301781481856,-1.154920766081795,0.0761
1787476254.074673,-2.3848155938186886,-0.0035413601328193895,-0.710104301234414,-2.483666768384348,0.006060838809929648,-1.0331992843906606,0.0993,0.323,-2.4640488654421357,0.005496037094678002,-0.8799377687841501,0.0797
1787476254.1565595,-2.3847943719415396,-0.003274445242133551,-0.652880173403887,-2.4546263052218436,-0.007330641397371314,-0.6133989379955369,0.0699,0.039,-2.4346062654317664,-0.013858814736317058,-0.5426625332440284,0.0509
1787476254.2478049,-2.384569364620348,-0.002560193877395516,-0.6735259747014487,-2.435295465307851,-0.012524067093225188,-0.5017716054708462,0.0517,0.172,-2.4139800117042687,-0.013240254989366984,-0.5108349693584295,0.0313
1787476254.3422108,-2.384373151420394,-0.0015958702853191504,-0.8190294494048087,-2.414953358868325,-0.010814052701667779,-0.5575623729622684,0.0319,0.261,-2.394829436909736,-0.00887643576422977,-0.5992545713241441,0.0127
1787476254.502745,-2.3835459853554952,-0.0006698816589419221,-1.1439878475277359,-2.3847298337313823,-0.009947655761196496,-0.7292024753345131,0.0094,0.415,-2.3673283031965138,-0.009775994960383002,-0.7425915230456257,0.0186
1787476254.5757442,-2.382684749497126,-0.0009736072876132128,-1.0687095023641155,-2.3775660477376235,-0.010150226309919247,-1.069194735692809,0.0105,0.000,-2.3748292808541174,-0.009769502237848896,-1.0758403965588013,0.0118
1787476254.7049801,-2.380751129617331,-0.0016904931532459337,-0.6029448265555958,-2.3792569951126525,-0.021436972081350175,-0.6552976627221679,0.0198,0.052,-2.3873170292979653,-0.02517607907723442,-0.6031538732305494,0.0244
1787476254.7761774,-2.3795684237326524,-0.0016653155201870374,-0.2920551512305578,-2.3734174835007544,-0.022339132113938603,-0.6531811636386664,0.0216,0.361,-2.3873170292979653,-0.02517607907723442,-0.6031538732305494,0.0248
1787476254.8504581,-2.378345573531559,-0.001430946855257955,0.01585606784797687,-2.3668877052613047,-0.01680514667995568,-0.33021284199666645,0.0192,0.346,-2.3609092895970236,-0.014960904748728429,-0.35770745417152344,0.0221
1787476254.9950314,-2.3759172281684893,-0.00020739314391218018,0.33740791002217085,-2.364748600196745,-0.011715525762709194,0.05356834628602917,0.0160,0.284,-2.373342825913993,-0.009643501706785929,-0.17964619826715675,0.0098
1787476255.0703778,-2.3748504792805423,-0.0005371093237442454,0.33353925305086674,-2.373993657386231,-0.01456119141751187,0.588972769142898,0.0141,0.255,-2.393887956072686,-0.01712686440944223,0.5225375264215406,0.0253
1787476255.197041,-2.3725061711307176,-0.002098291889521771,0.32608373850591515,-2.3920329491321297,-0.011287001390148887,0.5159390417140092,0.0216,0.190,-2.4164265746944937,-0.011493549993234055,0.5419397492558029,0.0449
1787476255.307336,-2.370774121613935,-0.0038513757337933223,0.44766656261753346,-2.387336815764101,-0.010690856466810308,0.6327464183734244,0.0179,0.185,-2.4164265746944937,-0.011493549993234055,0.5419397492558029,0.0463
1787476255.3763602,-2.3702529879546406,-0.004399147551772882,0.5458415752748356,-2.4066352988408575,-0.00513967501935582,0.46672189695741884,0.0364,0.079,-2.429009731794774,-0.004826327672412224,0.46493513262872593,0.0588
1787476255.5036862,-2.36901380254631,-0.00465092387569652,0.7793440962269013,-2.4328170631763877,4.746253046080686e-05,0.22677457386112326,0.0640,0.553,-2.453184468475222,0.001117298100114479,0.20928120281448245,0.0844
1787476255.5724862,-2.3683702801129285,-0.004456530551938709,0.8205676554875508,-2.4344361134905372,0.0011757270115108145,0.29775807027162965,0.0663,0.523,-2.453184468475222,0.001117298100114479,0.20928120281448245,0.0850
1787476255.648563,-2.367814619361087,-0.004182846670988444,0.7305022079258228,-2.4422843009057784,-0.006154105497029861,0.2372768310767274,0.0745,0.493,-2.4479428420159337,-0.010532804854410133,0.5164477538290838,0.0804
1787476255.7334592,-2.3672874028700384,-0.004139353240009028,0.5323121066516187,-2.4471825525006525,-0.005592047117015802,0.6999203254032328,0.0799,0.168,-2.4525006939044247,-0.006378608719843973,0.7152466638580397,0.0852
1787476255.8918371,-2.366832563548554,-0.0038413068599871853,-1.2387339611270831,-2.4397632505977196,0.0018988662757281685,0.7575815090571208,0.0732,1.996,-2.425079669032998,0.005282128982055475,0.7081876513235307,0.0590
1787476255.955689,-2.366734944911532,-0.0037620323507815065,-1.923142530181543,-2.433515852183873,0.01729575006892681,0.36498401394445806,0.0700,2.288,-2.427198773233735,0.018626794048804626,0.35751088965680294,0.0645
1787476256.0321054,-2.366641835181903,-0.0035204329453107056,-2.4873403868967405,-2.4682696153667267,0.03347178484410438,-0.3643303130969323,0.1082,2.123,-2.5490757938666,0.05643484826861796,-0.7830944700061448,0.1920
1787476256.1985264,-2.3660178759133017,-0.0024599399014493283,-3.338983675002287,-2.4895279451733208,0.04386679579872653,-1.4409507320234405,0.1319,1.898,-2.529039335221922,0.05906745455175526,-1.7386929151578572,0.1742
1787476256.2986083,-2.3654793686010787,-0.000790378593712751,-4.614765604452012,-2.499296082351241,0.05238785031791071,-1.5891834838768966,0.1440,3.026,-2.529039335221922,0.05906745455175526,-1.7386929151578572,0.1742
1787476256.3815694,-2.36435411260273,3.5566169685865515e-05,-4.657262593385113,-2.502373797857309,0.05481282743137372,-1.144412912192391,0.1485,3.513,-2.1514756674466295,-0.06480685670931352,-1.3076256494728895,0.2225
1787476256.4421947,-2.3637422774343264,0.00015806617151864976,-4.643031507576433,-2.333871500266542,-0.036152581475952544,-2.9756671912746753,0.0470,1.667,-2.3711567054405296,-0.01930422010607089,-3.1988612925326434,0.0208
1787476256.612992,-2.362266501016533,-0.0007989114216613907,-4.476451002424493,-2.3654982925851136,-0.019426434285956654,-4.4394692732797365,0.0189,0.037,-2.379967291438936,-0.01464947937763217,-4.5180758216128,0.0225
1787476256.6822467,-2.3616368961477123,-0.0011954760503007417,-4.158865440073284,-2.360759223851398,-0.020921047789834838,-4.709644291698725,0.0197,0.551,-2.379967291438936,-0.01464947937763217,-4.5180758216128,0.0227
1787476256.7521338,-2.360365525424675,-0.0011225177925254276,-4.143316052432684,-2.3385497723933804,-0.01959776136652515,-4.159155439269168,0.0286,0.016,-2.3313124077036704,-0.017059491064053883,-4.369131778961037,0.0331
1787476256.9074376,-2.35747290441927,-6.426514836885885e-05,-4.380776810787247,-2.3353282726226667,-0.027588688909841362,-3.854682212265796,0.0353,0.526,-2.3362617965246235,-0.03159927186333599,-3.8010736036370036,0.0380
1787476256.9723144,-2.3557223734099213,0.00028922750564039086,-4.594416812609889,-2.3266448404401974,-0.031423892741488726,-3.2291871618645795,0.0430,1.365,-2.3362617965246235,-0.03159927186333599,-3.8010736036370036,0.0374
1787476257.1121774,-2.35213775621642,0.00034036179009275995,-4.9909864247601226,-2.3523167001627963,-0.036122308358758244,-3.85332875178152,0.0365,1.138,-2.3712683817303875,-0.03561411167335649,-3.778707743112087,0.0407
1787476257.190997,-2.3504535844364645,-0.00020399660230659513,-5.1407629922058415,-2.3693246227522686,-0.016325442377704565,-4.7191711115421455,0.0248,0.422,-2.4043653409002825,-0.008400399482432435,-4.835189192092831,0.0545
1787476257.2669914,-2.3488613776393215,-0.0008758821520010174,-5.157548352080759,-2.3385505395795905,-0.03386486592255539,-4.449656407863688,0.0346,0.708,-2.3021278009079773,-0.03828275053541516,-4.416653321439154,0.0599
1787476257.404109,-2.3460729227660573,-0.0016888466019636368,-4.486539862506412,-2.39050961330717,-0.04871994167620829,-4.389570903721444,0.0647,0.097,-2.4979941358706075,-0.06611757225249647,-4.07844104073635,0.1650
1787476257.4757328,-2.3448389046474825,-0.0016970189571494446,-3.777102635851341,-2.3924122931808913,-0.05441747234867241,-3.979429616629976,0.0710,0.202,-2.4979941358706075,-0.06611757225249647,-4.07844104073635,0.1662
1787476257.5536425,-2.343709433971434,-0.0017821973237883819,-3.19014834067297,-2.3900901058563315,-0.0522729095250155,-2.970684304307763,0.0686,0.219,-2.4979941358706075,-0.06611757225249647,-4.07844104073635,0.1672
1787476257.6877978,-2.341721136246453,-0.00253187465770534,-2.5403125092261822,-2.390388804260364,-0.05356223247903794,-1.8005098171719425,0.0705,0.740,-2.4979941358706075,-0.06611757225249647,-4.07844104073635,0.1687
1787476257.7529378,-2.3407534065915487,-0.0033907140671680823,-2.268077202399006,-2.3903959914230963,-0.053591008812951604,-1.7981238683405596,0.0706,0.470,-2.4979941358706075,-0.06611757225249647,-4.07844104073635,0.1693
1787476257.8794186,-2.3388410415526772,-0.005860473787855064,-1.7287058694686335,-2.3904255472111675,-0.05361658597597451,-1.7938312950705393,0.0703,0.065,-2.4979941358706075,-0.06611757225249647,-4.07844104073635,0.1702
1787476258.0066392,-2.3381725818436734,-0.0072542925031943055,-1.3399945197306196,-2.390508755393406,-0.0539141404951715,-0.8783532227784135,0.0701,0.462,-2.4979941358706075,-0.06611757225249647,-4.07844104073635,0.1703
1787476258.072876,-2.3377537464110776,-0.007575236424545872,-1.1295225826567699,-2.3905002917536513,-0.053913447348485036,-0.8792309218064283,0.0702,0.250,-2.4979941358706075,-0.06611757225249647,-4.07844104073635,0.1706
1787476258.1916788,-2.336880112138138,-0.007588831702409457,-0.9162277465029168,-2.390544908507575,-0.053946590537222054,-0.6852001462681733,0.0709,0.231,-2.4979941358706075,-0.06611757225249647,-4.07844104073635,0.1714
1787476258.2628794,-2.3365546442613274,-0.007602756232438251,-0.9779420891225807,-2.3905184428718087,-0.05391090831661825,-0.9210571927573385,0.0711,0.057,-2.4979941358706075,-0.06611757225249647,-4.07844104073635,0.1717
1787476258.390064,-2.3365616494956694,-0.008579457412102733,-0.9709076293598813,-2.3905208615880524,-0.05391081143474922,-0.919823870455662,0.0705,0.051,-2.4979941358706075,-0.06611757225249647,-4.07844104073635,0.1714
1787476258.511693,-2.3365555182720827,-0.010735842198367714,-1.012365504937793,-2.3905396368042036,-0.053907482034335805,-0.9171700014498744,0.0691,0.095,-2.4979941358706075,-0.06611757225249647,-4.07844104073635,0.1707
1787476258.5833187,-2.3364391021926916,-0.010998523804359528,-0.9914777856470084,-2.390499939980898,-0.053791686234465654,-2.9747014626012778,0.0689,1.983,-2.4979941358706075,-0.06611757225249647,-4.07844104073635,0.1707
1787476258.692801,-2.3361319088802723,-0.01070565635966233,-0.7538607349981561,-2.3905252568802546,-0.05378600753617465,-2.990665475553942,0.0694,2.237,-2.4979941358706075,-0.06611757225249647,-4.07844104073635,0.1711
1787476258.8105137,-2.335461377617921,-0.009375979674861451,-0.5848268470110872,-2.3905534758155644,-0.05377500340253086,-2.985221829513572,0.0708,2.400,-2.4979941358706075,-0.06611757225249647,-4.07844104073635,0.1722
1787476258.9020143,-2.335110306896083,-0.00842854978915807,-0.6451643616706078,-2.4242298983933344,0.0061859490830530155,-1.241290631132489,0.0903,0.596,-2.412392066354979,-0.010225167063511972,-0.9605191116547844,0.0773
1787476258.9919107,-2.334550164174829,-0.007876389634781768,-0.6674101998674096,-2.4150644726600774,-0.004217837719558688,-0.7208824374892734,0.0806,0.053,-2.412109381594158,-0.004432682861215905,-0.7133313749480484,0.0776
1787476259.0657682,-2.333892903692375,-0.0077573880814476425,-0.698148613138458,-2.4148820272323235,0.0036144879102382194,-0.9548543868110193,0.0818,0.257,-2.415342845905513,0.006215498117765019,-0.9876596060023404,0.0826
1787476259.1960154,-2.332644896334049,-0.008039075680461754,-0.4726748366182307,-2.4150300471505015,0.00421881206653943,-0.9248244368358116,0.0833,0.452,-2.415342845905513,0.006215498117765019,-0.9876596060023404,0.0839
1787476259.3088756,-2.3313910927221575,-0.007972694154165474,-0.19292068199656034,-2.4154771880540973,0.005287963680889723,-1.6631331313897777,0.0851,1.470,-2.3801440608062214,0.0022151635480700516,-0.9656920904943891,0.0498
1787476259.3731372,-2.3306167481716233,-0.007613353265254571,-0.2102902077527651,-2.3856178643043418,0.0059960641654632895,-0.971583556522762,0.0567,0.761,-2.374321549195095,0.006429085283215718,-0.9674236265356313,0.0459
1787476259.438528,-2.3297929487290037,-0.006970459695735812,-0.299787669290355,-2.3771469973007417,0.003655989128777174,-0.6982702799360229,0.0485,0.398,-2.366530876274944,0.0011775510320622246,-0.6541526405053332,0.0376
1787476259.5873077,-2.3282720984648777,-0.005623758620097041,-0.5332403986741798,-2.379967049184942,-0.00047411239939570277,-0.3823624248695148,0.0520,0.151,-2.3861413343027884,-0.0008477415865284764,-0.384629291722449,0.0581
1787476259.6495464,-2.3274443224454964,-0.0053564332019069355,-0.5837465941595396,-2.377157759142964,-0.010242985135983323,-0.21035691498512096,0.0500,0.373,-2.3762422212558048,-0.015015150186048737,-0.13899642804182785,0.0497
1787476259.7813506,-2.3256707433888097,-0.0054860604486589686,-0.6001819031121809,-2.3772325566279253,-0.012449304435474467,-0.17132450280109943,0.0520,0.429,-2.379578918301731,-0.013396412400263296,-0.15833024230496315,0.0545
1787476259.8602123,-2.32486815703485,-0.005745088347318313,-0.4330305037969741,-2.3748508151198258,-0.012561993199589434,-1.0843456333437915,0.0504,0.651,-2.395742525794614,0.009253018996261998,-0.8421361579052251,0.0724
1787476259.9407563,-2.324109479220181,-0.0058382876545248,-0.17131308722275201,-2.367114607861887,0.0064111567669092534,-0.8714393987951844,0.0447,0.700,-2.346328757932697,0.005979715840486356,-0.8486143463440259,0.0252
1787476260.0754874,-2.322079755357851,-0.0045422515722968616,-0.23614618461504283,-2.3702555979599804,0.0021271635663058855,-0.7239667627683473,0.0486,0.488,-2.376168379861802,-0.0004747487712188569,-0.6936721212908219,0.0542
1787476260.1417844,-2.3210920880393227,-0.0036169202955681377,-0.4024298306932195,-2.3589056741168886,-0.003490234115778606,-0.48095422932239623,0.0378,0.079,-2.351589914974558,-0.004772838159635855,-0.46943682758907923,0.0305
1787476260.3019896,-2.319258693121355,-0.0023384769917269787,-0.7003463660587121,-2.3637114995843946,-0.0035987165777110375,-0.46442142139189047,0.0445,0.236,-2.376325547729204,-0.0033113012136974686,-0.46930917534669364,0.0571
1787476260.380121,-2.318272331454788,-0.0022298276521809978,-0.7109912285242292,-2.3699308214223427,-0.00292403100481439,-0.6210248711210685,0.0517,0.090,-2.3832722614697013,-0.002092642436150648,-0.6352357720490295,0.0650
1787476260.4967916,-2.3163933787698885,-0.0025888225174850133,-0.3972009135475408,-2.3682139007992165,-0.0030827509536952478,-0.5959641349394685,0.0518,0.199,-2.3832722614697013,-0.002092642436150648,-0.6352357720490295,0.0669
1787476260.5537694,-2.3155279748627238,-0.0026306824865774286,-0.3843525565205303,-2.3672645237851646,-0.0033143489003381313,-0.44428653209896024,0.0517,0.060,-2.3832722614697013,-0.002092642436150648,-0.6352357720490295,0.0677
1787476260.6957288,-2.3136229459830853,-0.0020264329841902747,-0.3499271469757269,-2.3734788595140217,0.002147322119223388,-0.7974915241918773,0.0600,0.448,-2.379969452676993,0.0015222503179533131,-0.7940044598224143,0.0664
1787476260.7586236,-2.3126323513331744,-0.001369440730844635,-0.40758431023606023,-2.368911646741163,-0.0004442888423182938,-0.6748794630702264,0.0563,0.267,-2.3617643351513475,-0.002081728258338224,-0.6490977271772533,0.0491
1787476260.913299,-2.31083267321987,-0.000702733525089575,-0.6237151692946886,-2.3680267614218797,-0.0010624596028299255,-0.3877445781732263,0.0572,0.236,-2.3617643351513475,-0.002081728258338224,-0.6490977271772533,0.0510
1787476260.9812326,-2.3098613860480732,-0.0010753449190526228,-0.6427631592678208,-2.3752654586472017,-0.012968612422189458,-0.22486963950461594,0.0665,0.418,-2.383078199751214,-0.01665239801703947,-0.17103194402484018,0.0749
1787476261.100056,-2.307834097001857,-0.0024833959236317815,-0.5304247906656446,-2.374875854739567,-0.01531441155762039,-0.15207905553886378,0.0683,0.378,-2.383078199751214,-0.01665239801703947,-0.17103194402484018,0.0766
1787476261.1746752,-2.3069168056710323,-0.003275379539490757,-0.3150556098183268,-2.3417758776505067,-0.03683961330270847,0.23269840985456353,0.0484,0.548,-2.3267757063867447,-0.03857139119791015,0.2390312425510191,0.0405
1787476261.299212,-2.3050222742379822,-0.003655102859144557,-0.28533315863054926,-2.353643045683488,-0.019192431127496884,-0.3381729349315319,0.0510,0.053,-2.386022145193153,-0.005686956030039434,-0.5498269404851416,0.0810
1787476261.3666136,-2.303991084130777,-0.003469842492738946,-0.3032332526092818,-2.3507393706443396,-0.021412559083550782,-0.13202142870352393,0.0501,0.171,-2.3799042258903125,-0.010188233503931957,-0.424445999178775,0.0762
1787476261.489016,-2.30211072618393,-0.0028705328129559797,-0.6850706843328321,-2.363957547488303,-0.012951562797306177,-0.38017695777822763,0.0627,0.305,-2.3799042258903125,-0.010188233503931957,-0.424445999178775,0.0781
1787476261.5916522,-2.3002223864692204,-0.002888431225742129,-0.7056787736294393,-2.3626085590236046,-0.013796937275892403,-0.3479699629346984,0.0633,0.358,-2.3799042258903125,-0.010188233503931957,-0.424445999178775,0.0800
1787476261.652679,-2.299272874551032,-0.0033000001489405127,-0.7981503266088334,-2.352815432088104,-0.017247652145445092,-0.0855961627577209,0.0553,0.713,-2.349774742928606,-0.017712273970283472,-0.02120264108842276,0.0525
1787476261.7919545,-2.2974336440551686,-0.0046896857405096925,-0.7262503930674552,-2.367506642331293,-0.01152205497117683,-0.2970421612681066,0.0704,0.429,-2.391796839834848,-0.008021018891862556,-0.3535006384147377,0.0944
1787476261.874753,-2.2965909752011817,-0.005164016456449735,-0.703804515082968,-2.3720918655743564,-0.00921373706942369,-0.5624737833176154,0.0756,0.141,-2.3791054976603117,-0.007170833472390682,-0.6340167908440809,0.0825
1787476261.9485705,-2.2956676778130203,-0.00529931601845085,-0.6552217451250834,-2.372658932854909,-0.0006526806534887172,-0.565760563534539,0.0771,0.089,-2.372605261270146,0.003120406459630192,-0.8264313290759754,0.0774
1787476262.0747085,-2.2937149413483193,-0.004767822668256502,-0.7293594103517762,-2.3557543477642793,-0.017360728656527394,-0.39809360608618655,0.0633,0.331,-2.3451720198157955,-0.021560101099666582,-0.349792870559688,0.0541
1787476262.1888459,-2.2919722287600894,-0.0043824952167726755,-1.22803794233814,-2.3585924464822363,-0.013153847530666776,-0.5285984277023131,0.0672,0.699,-2.366582818811918,-0.01013562299028271,-0.5763095497619211,0.0748
1787476262.2922165,-2.2901748153793933,-0.0052167754285244615,-1.2548399394489316,-2.3571771623730293,-0.013636279876891583,-0.5304736917695291,0.0675,0.724,-2.366582818811918,-0.01013562299028271,-0.5763095497619211,0.0766
1787476262.3545296,-2.2893483024892594,-0.005995815566956645,-1.18647010960661,-2.3554535893492967,-0.006123023752717083,-0.7585549138050748,0.0661,0.428,-2.3784655768106227,-0.004263164832816599,-0.9562876094492244,0.0891
1787476262.500165,-2.2882406577501864,-0.007414309820713079,-1.0213743829817912,-2.3727045994831553,-0.004292361624734937,-1.2350285641527778,0.0845,0.214,-2.3917288365677107,-0.002557343743516278,-1.3075094322945637,0.1036
1787476262.5900981,-2.2878811707311564,-0.0076805055160155036,-0.956929829382633,-2.374135782811277,-0.0025335200854670887,-1.3725764538240592,0.0864,0.416,-2.3755633660631346,-0.0017306522506137807,-1.3859140425664092,0.0879
1787476262.668519,-2.2874340984684824,-0.007578812374935759,-0.9067714921017249,-2.373053646571356,-0.002842447735165555,-1.3800136470772506,0.0858,0.473,-2.3755633660631346,-0.0017306522506137807,-1.3859140425664092,0.0883
1787476262.789588,-2.2867220061987106,-0.00699435177010413,-1.2102280786620365,-2.373174787738627,-0.0034141588340340914,-0.7285604960241544,0.0865,0.482,-2.3755633660631346,-0.0017306522506137807,-1.3859140425664092,0.0890
1787476262.859798,-2.2861845634722693,-0.006930747069518426,-1.2211607860382065,-2.3986904867661756,-0.04518555908067857,-0.11935228556666208,0.1188,1.102,-2.444388802640754,-0.06405956214029504,0.15946430912040707,0.1682
1787476262.9361868,-2.28559726237763,-0.007142813794007468,-1.2355447153845163,-2.331074721508327,-0.0008167983524073528,-1.4540847311637237,0.0459,0.219,-2.262892982709605,0.0107625393607828,-1.4692339620248296,0.0289
1787476263.106795,-2.2844292309598266,-0.008261906621098767,-1.0157724063849614,-2.3344562684201837,-0.004805964882694373,-1.3050267218753528,0.0501,0.289,-2.3378105120189434,-0.006481146778368085,-1.2846079924142155,0.0534
1787476263.2087195,-2.283918317313448,-0.008142075000719695,-0.8569761041910322,-2.333341537489599,-0.0042335792585580555,-1.3452705098204396,0.0496,0.488,-2.3378105120189434,-0.006481146778368085,-1.2846079924142155,0.0539
1787476263.268772,-2.2833030184712175,-0.007611470113159243,-0.8713409631401275,-2.3848824879063244,0.022204638655785564,-2.0330667912558367,0.1059,1.162,-2.453511398455981,0.04421588086027071,-2.4703613900493893,0.1779
1787476263.3753417,-2.2820942762412724,-0.006019617064792572,-1.1464299806679794,-2.38473240322607,0.02193361783409804,-1.908833433402965,0.1064,0.762,-2.453511398455981,0.04421588086027071,-2.4703613900493893,0.1786
1787476263.4777536,-2.2809495983248524,-0.005002561772172249,-1.2333969066440116,-2.340816985911187,0.0008206869492573439,-1.3181506535762602,0.0601,0.085,-2.3149375070604727,-0.004684202839297837,-1.2205116711145763,0.0340
1787476263.600014,-2.279541964066194,-0.004839644886126885,-1.3062880169943702,-2.3405759079725494,0.002321823642961535,-1.8958479123645775,0.0615,0.590,-2.3149375070604727,-0.004684202839297837,-1.2205116711145763,0.0354
1787476263.6685247,-2.2787444105237395,-0.005113376939049794,-1.2550168225667018,-2.319413739969139,-0.0007878771176202371,-1.3280617319476498,0.0409,0.073,-2.3025282128933537,-0.003382016153209579,-1.2743862664437167,0.0238
1787476263.78395,-2.2773705591532294,-0.005690971489193812,-0.7679311156439458,-2.3155016746786514,-0.0005662750227398996,-1.3493465161713816,0.0385,0.581,-2.3025282128933537,-0.003382016153209579,-1.2743862664437167,0.0253
1787476263.8442154,-2.2764064242311255,-0.0057367579406872905,-0.7596409589075744,-2.2990494821777987,-0.007486620870780383,-1.1205669959230473,0.0227,0.361,-2.291051747992462,-0.00835156533917841,-1.2602760634748416,0.0149
1787476263.9945307,-2.274341400941947,-0.005088272143404925,-0.813500319539298,-2.2845650230083323,-0.010253521372623565,-1.2337790798341424,0.0115,0.420,-2.2767863893783566,-0.010728227194471817,-1.2284821849973782,0.0061
1787476264.06511,-2.2731986862082336,-0.004845915355679887,-0.8501057298489851,-2.2954300880542013,-0.014519147877014225,-0.9690497239130704,0.0242,0.119,-2.30781803991695,-0.016361534244819634,-0.9437715981246023,0.0365
1787476264.1418211,-2.2721479520326078,-0.004765944364170037,-0.9434723453598898,-2.294861043072842,-0.022348943440274355,-0.5588685152642021,0.0287,0.385,-2.2996778071695285,-0.024692980262838577,-0.5233411046186442,0.0340
1787476264.295865,-2.2698600870633547,-0.0054708724020477405,-1.1308662094392983,-2.303462616701376,-0.01882286139712445,-0.7004391677877835,0.0362,0.430,-2.3106944210915157,-0.02006744656629947,-0.6332011791079165,0.0434
1787476264.3681898,-2.2687438569137592,-0.006174155820085125,-1.0831252295586284,-2.304856312083202,-0.020336713271361488,-0.6301823904139965,0.0388,0.453,-2.3106944210915157,-0.02006744656629947,-0.6332011791079165,0.0442
1787476264.4971218,-2.266695798415672,-0.0069293955942044605,-0.8884468524813797,-2.3159166378042126,-0.009964477136062477,-1.0175710586677498,0.0493,0.129,-2.3066780980932453,-0.006797313424055753,-1.1012352962665983,0.0400
1787476264.5681708,-2.2656320132568406,-0.00687838032045457,-0.8861839891162193,-2.3102355144155498,-0.007932093924453163,-0.9274129960771983,0.0446,0.041,-2.3066780980932453,-0.006797313424055753,-1.1012352962665983,0.0410
1787476264.6498947,-2.264522195436375,-0.006570815221708515,-0.9356482836491908,-2.3211708961764232,-0.00559780148173327,-1.0964784566183683,0.0567,0.161,-2.3382168102871552,-0.004176574751964189,-1.1378448302767956,0.0737
1787476264.8046873,-2.2624717210958027,-0.005944376081966495,-1.1536739585384905,-2.3357979613412394,-0.008588818611726487,-0.8776104753901663,0.0734,0.276,-2.310396785412417,-0.01292643136145246,-0.844800234606642,0.0484
1787476264.8646696,-2.2613987883099855,-0.006006743330196929,-1.1641233062526035,-2.323324629800809,-0.012280243224732795,-0.8426108373825059,0.0622,0.322,-2.310396785412417,-0.01292643136145246,-0.844800234606642,0.0495
1787476265.0032334,-2.2592251916909083,-0.006794366624178299,-1.0783505312105106,-2.319719422105488,-0.004247616227955392,-1.2525971874389548,0.0605,0.174,-2.3186520233011274,-0.0009327943112672626,-1.3076580427048792,0.0597
1787476265.0790176,-2.2587944099233543,-0.007080882421465993,-1.0623840288386626,-2.3135217270621196,-0.0030969706446280793,-1.2529860901544754,0.0549,0.191,-2.30744319935905,-0.003172900342883735,-1.2466316581595924,0.0488
1787476265.150277,-2.258319540488076,-0.007062715882903751,-0.9775735821510954,-2.312503990914125,-0.002717939440917184,-1.0115835827066124,0.0544,0.034,-2.326973330223756,-0.005356526324102272,-1.2148416405265945,0.0687
1787476265.2943199,-2.257220742132542,-0.0062031797460219305,-0.8899779981213999,-2.3145138771757683,-0.011697842507884953,-0.8559669539220113,0.0576,0.034,-2.3122501482419855,-0.01431499231701752,-0.8209244074946048,0.0556
1787476265.3737004,-2.256741324626583,-0.005558019468500285,-1.0157187480732564,-2.3168395805372923,-0.016349122256903423,-0.6998690202715816,0.0611,0.316,-2.3209303288503977,-0.018540695994820635,-0.6679826091675242,0.0655
1787476265.5118983,-2.255506689091386,-0.005410516177091471,-1.2459530668616392,-2.3163990078679038,-0.008096670850112954,-1.0200145471143518,0.0610,0.226,-2.316328591357161,-0.0035802027288721976,-1.093515746991378,0.0608
1787476265.5788608,-2.2546860035941885,-0.005940920079452061,-1.2122404909000044,-2.3162803972257726,-0.008126041436327239,-0.9913015375692801,0.0616,0.221,-2.316328591357161,-0.0035802027288721976,-1.093515746991378,0.0617
1787476265.6489508,-2.253914588901742,-0.006659612128907047,-1.0637535533920437,-2.321475691669441,-0.004478759544440302,-1.2597913191719303,0.0676,0.196,-2.327741161671375,-0.0030601899599303384,-1.2818205145086008,0.0739
1787476265.7873569,-2.2524243644141855,-0.007656387902650308,-0.7685268835853927,-2.2987214754340135,-0.016474745910517882,-0.9906366429933109,0.0471,0.222,-2.2838981685068354,-0.018642325408097328,-0.9730969834434923,0.0333
1787476265.903691,-2.2506372837586515,-0.007482320124245158,-0.7965042461595382,-2.2959292760621914,-0.017728460563187432,-0.9870347626483036,0.0464,0.191,-2.2838981685068354,-0.018642325408097328,-0.9730969834434923,0.0351
1787476265.9776607,-2.249768814150213,-0.007183966088785287,-0.9233663693909633,-2.3130167057735433,-0.00884502999425447,-0.8554931498828638,0.0633,0.068,-2.331120197437233,-0.006051267165549467,-0.9342224558760338,0.0814
1787476266.0574703,-2.2495121048405933,-0.007035250440731101,-0.9373350448393706,-2.301129153340516,-0.020967922233518864,-0.4837161931166465,0.0535,0.454,-2.2910664309085518,-0.025206365881021937,-0.42855364369365384,0.0454
1787476266.1903257,-2.2488467741710876,-0.007577856206147886,-1.0436574629746052,-2.312950031438688,0.0015495507131851882,-1.2424255374775797,0.0647,0.199,-2.316260095810847,0.008959012082900725,-1.3342682579352236,0.0694
1787476266.2613113,-2.2484681278829415,-0.008219273002955604,-1.0319521672643275,-2.312726254120136,0.004406158272848012,-2.0105434360811314,0.0655,0.979,-2.316260095810847,0.008959012082900725,-1.3342682579352236,0.0699
1787476266.413461,-2.247969546572365,-0.009213986488695024,-0.8972245564779132,-2.320077250748644,0.004507313639083401,-1.2926562096493046,0.0734,0.395,-2.3266019521917243,0.004436921877570405,-1.2989541628932186,0.0798
1787476266.4823852,-2.2477094135871427,-0.00915269154103068,-0.8681892527079981,-2.320245342651692,0.004868869282457083,-1.0884401783688122,0.0739,0.220,-2.3266019521917243,0.004436921877570405,-1.2989541628932186,0.0801
1787476266.5554452,-2.2473819589993873,-0.008832664225237704,-0.8650887725929727,-2.308503317786969,-0.01734039273531729,-0.6960877550546795,0.0617,0.169,-2.302015128282509,-0.02340955702652002,-0.6181900544708973,0.0565
1787476266.7125325,-2.2469174222648487,-0.007892741234726528,-1.2592412422099253,-2.283159350758111,-0.017530385273056826,-0.8031132078940256,0.0375,0.456,-2.270023528231218,-0.01713070142155929,-0.8088243551470357,0.0249
1787476266.782338,-2.2463258668690584,-0.007875371656721978,-1.2652403962833256,-2.2790813435750996,-0.018851701223795075,-0.7852988830766154,0.0345,0.480,-2.270023528231218,-0.01713070142155929,-0.8088243551470357,0.0254
1787476266.9060767,-2.244973936381353,-0.008724417521105187,-1.0922127101573673,-2.2557042323395753,-0.009105940368098565,-1.3184959972439618,0.0107,0.226,-2.2445384615922097,-0.006645620876503569,-1.3505767258550128,0.0021
1787476266.9616723,-2.2443629456830294,-0.009327118620758993,-0.8590433007471541,-2.238777831073716,-0.006420366024323346,-1.2353046636710336,0.0063,0.376,-2.2316259568297525,-0.005965204533499355,-1.2366092512287212,0.0132
1787476267.0785031,-2.241968690706834,-0.009700627562566887,-0.5995686891630452,-2.227291610554724,-0.005888265425651435,-1.2602775382837907,0.0152,0.661,-2.2451072025801535,-0.006872990660125795,-1.2138729974779985,0.0042
1787476267.2129335,-2.23927352275125,-0.009005492105717956,-0.4406481930969079,-2.2513374773618238,-0.020875604804914887,-0.509790806896319,0.0169,0.069,-2.266612351550512,-0.028604464583537534,-0.39586771890097294,0.0336
1787476267.266147,-2.2379388275166208,-0.00834837823314753,-0.5395738094736234,-2.255634035201408,-0.018783314727580505,-0.5169173688645147,0.0205,0.023,-2.265957172954304,-0.01795607479819804,-0.5187022078945889,0.0296
1787476267.381187,-2.235559884446333,-0.00769057382893839,-0.7605983811112362,-2.25129687780242,-0.020753924692655024,0.017654929778328138,0.0205,0.778,-2.265957172954304,-0.01795607479819804,-0.5187022078945889,0.0321
1787476267.4590068,-2.2343887396096425,-0.007852722107041282,-0.7751484850726031,-2.255630922074476,-0.010866971026244348,-0.4771382576903743,0.0215,0.298,-2.260318644136879,-0.00869140486620525,-0.5166539637557167,0.0259
1787476267.5402727,-2.2331657713159676,-0.008316199681317828,-0.7955468943208354,-2.252158589520679,-0.013204371003918036,-0.4999823137306002,0.0196,0.296,-2.250990122719042,-0.013977975348883996,-0.4904851577857134,0.0187
1787476267.6786747,-2.2312098278349772,-0.009102563328085143,-0.646070512661759,-2.278521404356394,-0.009735310985052913,-1.0843498637526283,0.0473,0.438,-2.321231861076996,-0.005465951393757494,-0.8653114593097719,0.0901
1787476267.8067613,-2.2295261654421514,-0.008551223423521053,-0.4538090516298176,-2.2847440871447002,-0.0017579238002728937,-1.004644142613864,0.0556,0.551,-2.2907185671826817,0.0002917830113064675,-1.0357408315873624,0.0618
1787476267.8743298,-2.228664841197688,-0.007871839968664586,-0.3917607174459984,-2.296730643475976,-0.008640588156483555,-0.6989337287142993,0.0681,0.307,-2.2724563523975574,-0.02212322779909477,-0.3799459242189435,0.0461
1787476267.9945838,-2.22708689211969,-0.006613442366168958,-0.47311300668086637,-2.284826394435503,-0.018215698808465748,-0.4248721553066396,0.0589,0.048,-2.2724563523975574,-0.02212322779909477,-0.3799459242189435,0.0479
1787476268.055723,-2.2262455026049004,-0.0063308601801074305,-0.5005023351901834,-2.2861941060534017,-0.019947198815181574,-0.24176662400446908,0.0615,0.259,-2.256982982961273,-0.017133646074250695,-0.21117925646860686,0.0326
1787476268.194912,-2.224487717009474,-0.006439405429829934,-0.47935316974991093,-2.2693586524998635,-0.010661905554885092,-0.39416656362547,0.0451,0.085,-2.2764946191379747,-0.006757939146692539,-0.45511813275339386,0.0520
1787476268.2633662,-2.2236421772498716,-0.006760459415547176,-0.3189712894035056,-2.283303534135073,-0.0061378809088129425,-0.5832148369129414,0.0597,0.264,-2.3033870398083076,-0.0025068536801895846,-0.6515286106949901,0.0799
1787476268.3937519,-2.223000251536608,-0.006662857920255677,-0.2734784914791186,-2.279898441169113,0.00037899940887586425,-0.7337876619656069,0.0573,0.460,-2.27578241992037,0.003888549775112804,-0.7813713650353824,0.0538
1787476268.501108,-2.2221525866691754,-0.005519568772839359,-0.2800974597568582,-2.280455536036281,0.002794084482135777,-0.7315275732280245,0.0589,0.451,-2.27578241992037,0.003888549775112804,-0.7813713650353824,0.0544
1787476268.5584822,-2.2217736418199308,-0.004770972755716736,-0.40405568460282687,-2.2920838819342433,-0.015236980658310008,-0.1589305909010648,0.0711,0.245,-2.3043062300684953,-0.017674529506615147,-0.1815787803580834,0.0835
1787476268.6272101,-2.2213575177086415,-0.004196009693130554,-0.4318182583079848,-2.285915023071672,-0.023902960540688568,0.10848950377199801,0.0675,0.540,-2.2801671990474346,-0.025784163172900387,0.060097301032172715,0.0626
1787476268.81135,-2.2204289816827214,-0.003806653480501759,-0.6205489883496442,-2.290073996402455,-0.02307357234666392,0.0061747415802267756,0.0723,0.627,-2.2644750685678146,-0.01391678818317611,-0.2800063332810286,0.0452
1787476268.88896,-2.219918466328746,-0.0041537149844731395,-0.6002509116909189,-2.278881400575796,-0.018263219027765645,-0.15825560557383136,0.0606,0.442,-2.2644750685678146,-0.01391678818317611,-0.2800063332810286,0.0456
1787476268.9792576,-2.2195123090091697,-0.004464379371616641,-0.4305271257244858,-2.2509496392456163,-0.011456711319956155,-0.3758575429474073,0.0322,0.055,-2.263092211509237,-0.013113731238677227,-0.47650544830566066,0.0444
1787476269.0600362,-2.219048816985612,-0.004421036288869911,-0.19992189609229982,-2.2558482610618427,-0.012417891378609727,-0.49077514681662376,0.0377,0.291,-2.263092211509237,-0.013113731238677227,-0.47650544830566066,0.0449
1787476269.1846452,-2.2179990347153278,-0.0034547185282023853,0.12740844346826158,-2.251772249456947,-0.012317519398145228,-0.48029339309857855,0.0349,0.608,-2.263092211509237,-0.013113731238677227,-0.47650544830566066,0.0461
1787476269.2458017,-2.217504115065194,-0.0032600089875420325,0.10890094187754416,-2.270887091242382,-0.012481378737333976,-0.3301810090882269,0.0542,0.439,-2.282918889679489,-0.0134894689094751,-0.30587892098391567,0.0662
1787476269.403877,-2.2164689636914963,-0.0035067357485268538,-0.07790973316296587,-2.2614072984764735,-0.006008206310833231,-0.015350169944933378,0.0450,0.063,-2.2558804737823404,-0.0029464313552938445,-0.05988732885345466,0.0394
1787476269.4793978,-2.2158523748212846,-0.004032837647985419,-0.15917981142285878,-2.260637586998324,-0.005237245079070774,-0.10845851126233613,0.0448,0.051,-2.2558804737823404,-0.0029464313552938445,-0.05988732885345466,0.0400
1787476269.5526772,-2.215289691948969,-0.004791752978456543,-0.10484434972382001,-2.2697502657753197,0.003280747291642909,-0.34086642757740404,0.0551,0.236,-2.2811303810264016,0.006917642281570562,-0.4013372946448012,0.0669
1787476269.7029488,-2.2142866184176335,-0.005809542211079284,0.3162432173309676,-2.2768351608769732,0.0029619956315837664,-0.20978723660620527,0.0632,0.526,-2.286862646993762,0.00192265233728126,-0.1928008204015866,0.0730
1787476269.7835681,-2.2136796208805816,-0.005837920010458064,0.5340303264645886,-2.2837319296860783,-0.003933945545004416,0.05818537211558016,0.0701,0.476,-2.290505889589709,-0.006743763676675309,0.09978312241563357,0.0768
1787476269.8645997,-2.2138559076036493,-0.006069503692896786,0.5311586547350613,-2.284515900482111,-0.003920024944225894,0.163878538481959,0.0707,0.367,-2.290505889589709,-0.006743763676675309,0.09978312241563357,0.0767
1787476269.942992,-2.2140441266569213,-0.006352400599356684,0.35777603270253766,-2.288551598427197,-0.002314832910033713,0.5073283179674185,0.0746,0.150,-2.2921633575598244,-0.0024227177096110813,0.5116534780729987,0.0782
1787476270.1113675,-2.214191174634189,-0.007882868243354524,-0.13216550210793995,-2.2949454746207407,0.008252968132674452,0.14983287586854047,0.0824,0.282,-2.3000864242149985,0.011985503554981593,0.09319903087526245,0.0882
1787476270.1775935,-2.214232551032669,-0.009101292037582916,-0.2681340715751188,-2.297665805158179,0.011996353286426004,-0.661734755399417,0.0861,0.394,-2.3000864242149985,0.011985503554981593,0.09319903087526245,0.0884
1787476270.2579432,-2.2141557735455994,-0.009529225917111427,-0.2433575941654432,-2.2930998557964166,0.016105108751419416,-0.27759094245641136,0.0830,0.034,-2.2879241610138443,0.013593639076696789,-0.22903313067414555,0.0773
1787476270.4026306,-2.2138957304209312,-0.009487215275649712,-0.02904705397992382,-2.273836186976757,0.020917800834650186,-0.7054227466206281,0.0672,0.676,-2.2556529628525905,0.0213775797992375,-0.6982418637043922,0.0519
1787476270.4713185,-2.213704521523219,-0.009067954234880797,0.01578022124675282,-2.2585252054785476,0.014003765264508401,-0.6694466523095844,0.0504,0.685,-2.247183500259141,0.010596205985079363,-0.6122741950034832,0.0388
1787476270.612265,-2.213537042992811,-0.00821157780099922,-0.2858400414185545,-2.248739190227108,0.0075326115103648604,-0.6035894820470113,0.0386,0.318,-2.2378432005271436,0.003160853881937087,-0.528927140426931,0.0268
1787476270.6856136,-2.2130649009038788,-0.00821874254368505,-0.2894102095161577,-2.239791056556966,0.0029995254207021696,-0.26342216616215414,0.0290,0.026,-2.2352942303180696,0.0009623481912257951,-0.22984387261270062,0.0241
1787476270.7684681,-2.2124545150367787,-0.00862052675457745,-0.21379852358623727,-2.2464308956828694,0.0006981973689675863,-0.5252896593913912,0.0352,0.311,-2.2553912845423856,0.0009870816248178536,-0.5421174761722062,0.0440
1787476270.846957,-2.2118832075792634,-0.009236876721530736,-0.017155043449723593,-2.2435537560500207,0.0004957080412349294,-0.5382764722411454,0.0331,0.521,-2.2553912845423856,0.0009870816248178536,-0.5421174761722062,0.0447
1787476270.9910345,-2.210179364446814,-0.009169373979016775,0.43015793294977706,-2.2388178076078527,0.007326988222480719,-0.5656072662928043,0.0330,0.996,-2.237277480786452,0.008402491752826804,-0.5771856616487904,0.0323
1787476271.107645,-2.2078716463322414,-0.007577204755144189,0.5067601491894348,-2.2352653077756552,0.008089447778099126,-0.5810036154751018,0.0316,1.088,-2.237277480786452,0.008402491752826804,-0.5771856616487904,0.0335
1787476271.179203,-2.2067837298946107,-0.006598949645434319,0.3993156420282504,-2.2384582618282414,0.00807686519538787,-0.11437403451880016,0.0349,0.514,-2.240200895046753,0.007729142667686922,-0.10955481340129193,0.0364
1787476271.2602537,-2.2058171690791277,-0.005927170578431616,0.3730554295302515,-2.232022077314726,0.011902839926615836,0.004886963586374671,0.0317,0.368,-2.228976009556501,0.012738135087264365,-0.00286649697237585,0.0297
1787476271.3970323,-2.203664491903867,-0.0055256114330667645,0.2831415601349989,-2.2275722881429334,0.013455282978308931,0.04803247483831725,0.0305,0.235,-2.228976009556501,0.012738135087264365,-0.00286649697237585,0.0312
1787476271.4773653,-2.2015438726924303,-0.005777922793561024,0.4762581565610045,-2.241115493314076,0.012957160110758844,-0.005450439850838221,0.0438,0.482,-2.2506854157120655,0.01358995448067891,-0.023295737440880423,0.0528
1787476271.6016262,-2.199606983821214,-0.005689758650681102,0.701865173325896,-2.2392555307984408,0.006572996474748237,0.2507150145915833,0.0415,0.451,-2.2379837584505475,0.003398830751108354,0.2976377475650668,0.0394
1787476271.665261,-2.1985788829323285,-0.005214288008183806,0.7168610083349053,-2.2374939324606964,0.006667880761242896,0.3015710118084173,0.0407,0.415,-2.2379837584505475,0.003398830751108354,0.2976377475650668,0.0403
1787476271.7950282,-2.1964629163859297,-0.0036471875787416207,0.5884164999854455,-2.2488434094900316,-0.015120071014162819,0.9408116068920387,0.0536,0.352,-2.2606623599812905,-0.02092832280486992,1.0291427843454035,0.0665
1787476271.8615756,-2.195527946724224,-0.002829119023502043,0.3288150164202986,-2.2442174565882893,-0.014214945495794187,0.8748589470540936,0.0500,0.546,-2.2394690317844463,-0.01263902558617569,0.8482559017709522,0.0450
1787476271.9913688,-2.1934820203167047,-0.0023610485597778817,0.02217347155802154,-2.24297222789331,-0.01693031912885318,0.4914950070436085,0.0516,0.469,-2.2394690317844463,-0.01263902558617569,0.8482559017709522,0.0471
1787476272.0660703,-2.192410112331405,-0.0028239099605253592,0.021078183862220486,-2.2518200066894236,-0.007824399942175167,0.7212643231587996,0.0596,0.700,-2.2605373016607837,-0.006204293026050677,0.6988147499891462,0.0682
1787476272.1855268,-2.1908100742133194,-0.004069731250270326,0.325735252299147,-2.252248161485465,-0.009172653631885169,0.8179702507135211,0.0616,0.492,-2.2605373016607837,-0.006204293026050677,0.6988147499891462,0.0698
1787476272.244849,-2.190212444353752,-0.004450781037782122,0.5426834808215352,-2.2480192959577283,-0.015368434120061551,0.6252797345134516,0.0588,0.083,-2.2423682833593466,-0.011877874131414697,0.29603958163227456,0.0527
1787476272.3950622,-2.1888552582979393,-0.004332521071405776,1.0364493798188597,-2.2468620370390804,-0.017663950061137097,0.8313760489315309,0.0595,0.205,-2.2460862988687955,-0.018175743301104396,0.8389176103222012,0.0589
1787476272.466407,-2.188230270743948,-0.003885775934858026,1.1577828831181596,-2.246383288753357,-0.022159870203711934,1.4108529234205662,0.0610,0.253,-2.2460144120229875,-0.023060379437096493,1.4248144327911847,0.0609
1787476272.5488458,-2.1876824128523964,-0.0035613757307372098,1.1574539466634168,-2.228591326017725,-0.01851987561711275,1.4395694863934616,0.0436,0.282,-2.209810244086615,-0.015018024063918858,1.4471389102499712,0.0249
1787476272.711689,-2.1859032596367487,-0.0041722845791987715,1.1699080056388786,-2.242435915670803,-0.010336708061925586,1.2894242727380432,0.0569,0.120,-2.270223419228514,-0.0066492278227190445,1.3221022566735225,0.0844
1787476272.7833629,-2.1850127808876776,-0.004882885542656013,1.3070363416596946,-2.244308421016024,-0.0014910811932954734,1.1389513699021274,0.0594,0.168,-2.2474334928999578,0.002029594690239891,1.0863678716317757,0.0628
1787476272.889183,-2.1833895966462853,-0.0058609953734861785,1.6160094703177528,-2.244096424267597,-0.0005062167715040588,1.2212055173433065,0.0609,0.395,-2.2474334928999578,0.002029594690239891,1.0863678716317757,0.0645
1787476273.0011504,-2.180973825106658,-0.005425336589465309,1.6910506428880268,-2.243998373996016,0.00045870561284222614,0.7930483398390801,0.0633,0.898,-2.2474334928999578,0.002029594690239891,1.0863678716317757,0.0669
1787476273.0614498,-2.1802631624669804,-0.004852473513961059,1.60521753928062,-2.2371423128875265,-0.0031555812889028966,1.249364719373357,0.0569,0.356,-2.241059133429583,-0.011204991185421793,1.8103707678847265,0.0611
1787476273.20799,-2.178889940220277,-0.0038844054880058645,1.3808111535633874,-2.2386733647329415,-0.008108945044896131,1.7609382902605362,0.0599,0.380,-2.241059133429583,-0.011204991185421793,1.8103707678847265,0.0626
1787476273.308246,-2.178066821217364,-0.003819441316528017,1.3469518306473953,-2.2137018284030168,-0.005312956073129687,1.7148367027131592,0.0357,0.368,-2.250339582606681,-0.012633166528715494,1.8084366321805567,0.0728
1787476273.4009328,-2.1771581792527113,-0.00410884211981982,1.344298961812519,-2.2236521144108723,-0.00980507602977151,1.5008917674434639,0.0468,0.157,-2.1972863783178282,-0.0034809709125708586,1.6374059766475373,0.0201
1787476273.4812171,-2.176339501567202,-0.004590570241980921,1.5177330601920338,-2.218782501953407,0.003497030280656296,1.1744803338082546,0.0432,0.343,-2.241406585716005,0.01030170662975307,1.0554675126169089,0.0667
1787476273.562669,-2.1755468091659003,-0.004786899613148415,1.8117033899919364,-2.229006053001788,-0.0015281354605543888,1.6462865578522385,0.0536,0.165,-2.2497504150829037,-0.004954704870392665,1.701121864991596,0.0742
1787476273.707148,-2.1744323976728004,-0.0035095200234972973,1.9430854628337524,-2.2283295131881924,-0.0010701755484887627,1.70985726554707,0.0540,0.233,-2.2497504150829037,-0.004954704870392665,1.701121864991596,0.0753
1787476273.782594,-2.174471552751291,-0.0028570778056873757,1.918353180176225,-2.234173772498985,-0.004515794632876572,1.870990319850351,0.0597,0.047,-2.2388052402402367,-0.005758387871997029,1.8924225807556248,0.0644
1787476273.896513,-2.174276719624247,-0.0020657779723925575,1.683571303825131,-2.238185644900336,-0.0011912818598293086,1.937739526402102,0.0639,0.254,-2.2440444388999756,4.499671356674759e-05,1.9198861574144472,0.0698
1787476273.961523,-2.173908029732028,-0.002106867094774604,1.6894430428030116,-2.2387230567010046,-4.9146020755919465e-05,1.630033864752263,0.0648,0.059,-2.2440444388999756,4.499671356674759e-05,1.9198861574144472,0.0702
1787476274.091321,-2.1730801791371475,-0.0027539170273025776,1.9957599482389499,-2.2320079225113756,0.005939588693905337,1.832146358398973,0.0596,0.164,-2.2278199376362147,0.0065471259487192065,1.8292074270330758,0.0555
1787476274.1524162,-2.1727674217984836,-0.0030332344225774263,2.3263283342565537,-2.2298887815100588,0.013088367527119404,1.568364896023344,0.0594,0.758,-2.2328986856070174,0.014976964182924204,1.5378221262768443,0.0628
1787476274.3045335,-2.1714999496046685,-0.002386220215065028,2.2828022607588188,-2.2204559160612147,0.011674545596278568,1.4814964399919517,0.0509,0.801,-2.2097719848729653,0.010123147592186178,1.5108478473848415,0.0403
1787476274.3770034,-2.1708151983487025,-0.001676586856340279,2.173017899418246,-2.194127462293517,0.0052525792328794105,1.9329814720408405,0.0243,0.240,-2.1760227011562177,0.0022433445840692747,1.974456983018539,0.0065
1787476274.4670854,-2.170005386909676,-0.0012724964564463299,2.069263925478333,-2.1842258288488767,-0.005720600595994326,2.5329293508408792,0.0149,0.464,-2.182032004091405,-0.009349914189494447,2.5812804894073347,0.0145
1787476274.5525193,-2.168938913838393,-0.0010737966533958697,1.8471747268078629,-2.1746521588640757,-0.009571493517768526,2.562354755215064,0.0102,0.715,-2.1701379764116213,-0.0104206778777023,2.569051141078368,0.0094
1787476274.7006814,-2.1665001017857297,-0.0018629603852842566,1.518854740697565,-2.170310146812758,-0.0017029630260693117,1.8477075956439286,0.0038,0.329,-2.172500917209172,0.0012788212822744181,1.8052147553952789,0.0068
1787476274.7742004,-2.16536623865942,-0.0025183148648757364,1.6075196760862775,-2.1645444451284983,-0.0018053470262158083,1.8798375766683304,0.0011,0.272,-2.172500917209172,0.0012788212822744181,1.8052147553952789,0.0081
1787476274.9066312,-2.1632133191276472,-0.0027902584007956557,1.7638727534367418,-2.1688359782077584,0.00754300184261341,1.6085980936185633,0.0118,0.155,-2.1722156889636763,0.009755976896133313,1.5790587262665476,0.0154
1787476274.9704623,-2.16212889139747,-0.002377829981962289,1.73759692142296,-2.1820371841796717,0.007402621740827625,1.4996346809549879,0.0222,0.238,-2.194182937567072,0.007203167615246241,1.5026075967733443,0.0335
1787476275.1098077,-2.160237448756796,-0.0012895583735390158,1.5870758518805559,-2.1902098661452714,-0.005801633715761173,1.8101629183273231,0.0303,0.223,-2.2028927053989444,-0.010672235956921754,1.8889523858517552,0.0437
1787476275.1664302,-2.1593434492644135,-0.001039102046690647,1.5108075171905135,-2.1886591434792946,-0.006581611623082149,1.8332103370075374,0.0298,0.322,-2.2028927053989444,-0.010672235956921754,1.8889523858517552,0.0446
1787476275.2833173,-2.157396393593195,-0.00119398909643046,1.382585993320931,-2.1872074551652236,-0.007326316882361679,1.8547363172326317,0.0304,0.472,-2.2028927053989444,-0.010672235956921754,1.8889523858517552,0.0465
1787476275.3620296,-2.1564032535763498,-0.001506702914253945,1.3941256944945262,-2.20103502196942,-0.00606310254693283,1.6441552379144129,0.0449,0.250,-2.209381058824156,-0.007050224433691367,1.760833037638494,0.0533
1787476275.4927762,-2.15506324453799,-0.001828457104796274,1.5899123216418443,-2.191103748584652,0.001444682779595593,1.5148002262739781,0.0362,0.075,-2.220787080299304,0.006084720002369153,1.4851649136667209,0.0662
1787476275.561315,-2.154544630549435,-0.0014727508168575318,1.5997204999840113,-2.2017366108530556,0.005473617873659641,1.3800802980114102,0.0477,0.220,-2.220787080299304,0.006084720002369153,1.4851649136667209,0.0667
1787476275.6380916,-2.1539788160401754,-0.0008751459925746833,1.5764362575810955,-2.2270974301278934,-0.01325997626501364,1.842179765055842,0.0742,0.266,-2.247740375662501,-0.016815185148635704,1.8729754845103919,0.0951
1787476275.7235253,-2.1534747448936997,-0.00010829688075827016,1.4307865125151589,-2.220277463689983,-0.010511977171344913,1.689654190903001,0.0676,0.259,-2.2100085020407145,-0.006851727570278833,1.624846525955373,0.0569
1787476275.907602,-2.152757471536949,0.0004188062741520847,1.384062078705537,-2.2037613928072,-0.010440130341543423,1.8562413643182216,0.0521,0.472,-2.183818853811714,-0.008045773256510977,1.802803878303695,0.0322
1787476275.9881723,-2.1522830803527024,0.00016509359236692022,1.4059444230141978,-2.2087341260719993,-0.0002905804762031467,1.4239794737468985,0.0565,0.018,-2.2125091931386374,0.003416726225476135,1.3733893093487084,0.0603
1787476276.081616,-2.1515679069217395,-0.0004649824691807323,1.8664361753893426,-2.209639656023018,0.00012690959361819087,1.4072825359005685,0.0581,0.459,-2.2125091931386374,0.003416726225476135,1.3733893093487084,0.0611
1787476276.2055957,-2.1503965769637103,-0.00040858006352511135,1.8854790965928703,-2.209639656023018,0.00012690959361819087,1.4072825359005685,0.0592,0.478,-2.1969954145165995,-0.014250321844772535,1.7509687788691997,0.0486
1787476276.278946,-2.1496187873932664,0.00011239822700009373,1.8678651965467234,-2.2009163119516018,-0.012655417706422289,1.7315939704901897,0.0529,0.136,-2.1969954145165995,-0.014250321844772535,1.7509687788691997,0.0495
1787476276.3932219,-2.1478703721117265,0.001002633159497874,1.5917889179222071,-2.2004079914558896,-0.014708906859321814,1.7515261810317238,0.0548,0.160,-2.1969954145165995,-0.014250321844772535,1.7509687788691997,0.0514
1787476276.458784,-2.1467916260141067,0.0009755593281911014,1.4489832998884884,-2.1962081970236342,-0.007967708110411548,2.1355276102682086,0.0502,0.687,-2.1945450465443117,-0.007173745917255949,2.1241260431283355,0.0484
1787476276.6135814,-2.144563017319076,-0.000311998465700502,1.1061181847578876,-2.196966932365822,-0.012413532856880231,2.150147241616042,0.0538,1.044,-2.198276717896443,-0.013628035788622513,2.1671203603317255,0.0553
1787476276.6903825,-2.1435086240304995,-0.001388726602277232,1.0775377516888156,-2.196432887384846,-0.013305330817963005,2.1870665869953534,0.0542,1.110,-2.198276717896443,-0.013628035788622513,2.1671203603317255,0.0561
1787476276.7738576,-2.1425359413547276,-0.002346311159273513,1.1726299940686526,-2.1232456749281856,0.03033092397278181,0.9590676418179881,0.0379,0.214,-2.089034331051519,0.03644331413582623,0.873857100084888,0.0661
1787476276.9056907,-2.1404260072925347,-0.0023936205723083487,1.1588166532268207,-2.0985716879574876,0.029925370956163638,0.8611367584981315,0.0529,0.298,-2.087366766390457,0.028192447314257057,0.887111348291178,0.0612
1787476276.9753885,-2.1393731168782084,-0.0021221788170535777,1.0667566287948118,-2.132393294545276,0.006979389251661253,1.1380614016438522,0.0115,0.071,-2.193696390361115,-0.00808674280237253,1.401776424127848,0.0546
1787476277.0380378,-2.138430181915452,-0.0018234913620707083,0.8092010076173624,-2.123588324531626,0.007838912036350495,1.0879008912498673,0.0177,0.279,-2.193696390361115,-0.00808674280237253,1.401776424127848,0.0556
1787476277.205542,-2.1364374480376225,-0.001891460617589576,0.7824462892514183,-2.161439104813794,0.0011819320160621604,1.0941427964113757,0.0252,0.312,-2.178403834977222,-0.0003780538960846949,1.1167239075626072,0.0420
1787476277.26647,-2.1353481103634917,-0.0024179044005617823,0.8288004544534767,-2.1629110954402826,0.004072314533995097,1.0239206294162675,0.0283,0.195,-2.164863759168214,0.004962447987253825,1.0120447781620174,0.0304
1787476277.3822684,-2.133823926328621,-0.0034419482471477135,1.0182616644442288,-2.1613323406739533,0.00427118823311577,0.9774748007161437,0.0286,0.041,-2.164863759168214,0.004962447987253825,1.0120447781620174,0.0322
1787476277.4572935,-2.1332861525926874,-0.0036269548236440687,1.0750930404092705,-2.1780834830188955,0.017104587590140607,0.4251630154702254,0.0494,0.650,-2.1935042018273205,0.021686209133597246,0.3463363513874519,0.0653
1787476277.53448,-2.1326900158094517,-0.0035050038160708646,1.134337344352319,-2.1702157069856907,-0.0027138220523717574,1.116619915574721,0.0375,0.018,-2.179024179766785,-0.006705193880604164,1.1819453115195042,0.0464
1787476277.6880496,-2.1315507073532656,-0.0026064314819760175,0.9515776511058486,-2.170143115403028,-0.003532549344614275,1.130828328889758,0.0386,0.179,-2.179024179766785,-0.006705193880604164,1.1819453115195042,0.0477
1787476277.7586052,-2.1310407056301544,-0.0023246833743410782,0.6983176586799122,-2.164754073760835,-0.002682524326984628,1.1501098153754234,0.0337,0.452,-2.1592079260216455,-0.0008387296814370816,1.124883493590441,0.0282
1787476277.8877573,-2.1304928706901562,-0.0032932567303240153,0.7438954356127276,-2.164202707675194,-0.0026075048652135797,0.7851431734061389,0.0337,0.041,-2.1592079260216455,-0.0008387296814370816,1.124883493590441,0.0288
1787476278.007915,-2.129874078200369,-0.004673589966730396,0.9036809399859984,-2.032984342599054,-0.03881402636654239,2.0475673274073145,0.1027,1.144,-1.9384922140480618,-0.046996248271891625,2.2123636548240717,0.1960
1787476278.0795176,-2.129520030853302,-0.005109843352441253,0.9899491799065403,-2.0990458444340434,-0.00828460560947876,0.8007671811616781,0.0306,0.189,-2.175555686963016,0.007251352956537662,0.513541781012634,0.0477
1787476278.1606767,-2.1291119106998533,-0.005292663565328932,1.083868160745056,-2.123044673200571,0.002160701618358185,0.7767355409674602,0.0096,0.307,-2.1496397382938164,0.0068670893466770844,0.6883668205345351,0.0239
1787476278.2418985,-2.1286392033634214,-0.005154042507273636,1.1463312471747793,-2.1454929721108136,0.0006634445313041081,0.8801458607649733,0.0178,0.266,-2.1652132672667417,-0.0010122996194566343,0.9044530215652585,0.0368
1787476278.3984969,-2.127918296961135,-0.004703678667162234,0.8358691143016079,-2.145067186022034,0.001213184354297104,0.8432560764589804,0.0181,0.007,-2.1635097548726074,-0.0027052261636409487,1.1063139389605317,0.0356
1787476278.4683576,-2.1275146494777633,-0.004867806905349082,0.6038498586848522,-2.151501619880816,0.0029177519731662695,1.0475581149349655,0.0252,0.444,-2.145949252879995,0.005150240695628706,1.0175269274329068,0.0210
1787476278.6133208,-2.125861148415295,-0.005133783877449715,0.47886533467547265,-2.1567889756975123,0.005950966484207265,0.3848588613494729,0.0329,0.094,-2.1639157248183722,0.00828508737959811,0.3404228395483798,0.0404
1787476278.6837587,-2.125191463844624,-0.005209256424879024,0.4941011984675769,-2.158150964411995,0.007205924983956907,0.30578005025364086,0.0352,0.188,-2.1639157248183722,0.00828508737959811,0.3404228395483798,0.0410
1787476278.7613702,-2.1244882531442078,-0.005078135806902837,0.5462498217734031,-2.1575459281221616,-0.003351071792937886,0.42699986379620003,0.0331,0.119,-2.1574579187381113,-0.005662338898695872,0.4579228461539387,0.0330
1787476278.8882077,-2.1229081890490695,-0.003863875679537671,0.5919889790434882,-2.1593551133867472,-0.0038353842854933736,0.3394911568449594,0.0364,0.252,-2.1574579187381113,-0.005662338898695872,0.4579228461539387,0.0346
1787476278.9530537,-2.122201607097059,-0.0030472890509173137,0.43950180380248166,-2.169249819776356,-0.010554969787059231,0.7386804046565032,0.0476,0.299,-2.174087097040954,-0.011946620137880046,0.7634896504321642,0.0526
1787476279.0756357,-2.120682486104797,-0.00226912359025287,0.18990519401341646,-2.17145899041827,-0.011609828339411744,0.7173356924125074,0.0516,0.527,-2.174087097040954,-0.011946620137880046,0.7634896504321642,0.0543
1787476279.1700013,-2.1188503486091195,-0.0027280479852881353,0.2562168067128356,-2.1734915628620533,-0.012563076075561466,0.69835882643724,0.0555,0.442,-2.174087097040954,-0.011946620137880046,0.7634896504321642,0.0560
1787476279.3125505,-2.1172317014949678,-0.003571626164887008,0.41273064912105006,-2.1574079302020652,-0.002266045727452322,0.467505967882639,0.0402,0.055,-2.1531033084397553,-0.0012374888423521708,0.45378721920637477,0.0359
1787476279.3879094,-2.116546244573308,-0.003740217465000237,0.5425131022825657,-2.1740406191192707,-0.004815323011211403,0.18094660946128657,0.0575,0.362,-2.199283275998852,-0.0053606667417178625,0.1849634544694341,0.0828
1787476279.4545054,-2.1157970092749276,-0.0036219397196579103,0.6799922628023741,-2.153411522854256,-0.0012796206218502935,0.14615926028656373,0.0377,0.534,-2.1391317180694824,-2.7019672483528136e-05,0.12970614637909786,0.0236
1787476279.6057565,-2.114237767394487,-0.0026432665022662243,0.7678967443010373,-2.1590012831224117,-0.009635496521534614,0.49728232048425186,0.0453,0.271,-2.166305753733558,-0.013240647522503087,0.5562488186973498,0.0531
1787476279.6731212,-2.1135760677898285,-0.0022283842676540356,0.592173959358022,-2.1595892982289007,-0.01044123266591118,0.4715604575598195,0.0467,0.121,-2.166305753733558,-0.013240647522503087,0.5562488186973498,0.0539
1787476279.7771947,-2.1124638926856116,-0.0032011796418687055,0.32422557659158535,-2.1601258728504904,-0.011137457308760522,0.4496925556439471,0.0483,0.125,-2.166305753733558,-0.013240647522503087,0.5562488186973498,0.0548
1787476279.8936384,-2.111890323755191,-0.004947641653710583,0.024026991225108343,-2.1501780758631908,-0.014056457198677003,1.0572709750391425,0.0394,1.033,-2.146076374528852,-0.014231915317417711,1.0574388641473147,0.0354
1787476279.9511304,-2.1119840519132813,-0.00561359349619636,-0.03661716714329331,-2.149705451698176,-0.015080408344512793,1.0769250190278215,0.0389,1.114,-2.146076374528852,-0.014231915317417711,1.0574388641473147,0.0352
1787476280.0764253,-2.1119716362008383,-0.006426906955523509,-0.11568132532138833,-2.165301079513196,-0.006607499548477749,0.2594207489043524,0.0533,0.375,-2.179695507635714,-0.003944040873797886,0.21501235591394494,0.0678
1787476280.1871834,-2.1119124738517305,-0.0060428637985350635,-0.13270683261151306,-2.1667978450283902,-0.006588301803938363,0.2119994817530994,0.0549,0.345,-2.179695507635714,-0.003944040873797886,0.21501235591394494,0.0678
1787476280.2461324,-2.111968961023525,-0.005717526826635446,-0.30124210894265063,-2.1680185288755216,-0.006568748401354359,0.17486966844743765,0.0561,0.476,-2.1490192311994134,-0.02111536132749403,0.13827918270700523,0.0401
1787476280.383131,-2.110456840892519,-0.00607099661506752,-0.7495728750085283,-2.154140251729932,-0.01978484721291622,0.1243404847982898,0.0458,0.874,-2.1490192311994134,-0.02111536132749403,0.13827918270700523,0.0414
1787476280.445405,-2.1096245790351857,-0.00663140059512372,-0.9856420609311978,-2.1254502366942543,-0.004571943333504389,-0.3389886876077273,0.0160,0.647,-2.111336090129539,-0.002093677597478679,-0.3603370802861383,0.0048
1787476280.5676656,-2.107987791340955,-0.008324987838841863,-1.221624049331869,-2.1247148154248863,0.00036450106762215845,-0.6472869940037337,0.0188,0.574,-2.1265756694382705,0.0026379447836819307,-0.6830299384242828,0.0216
1787476280.6389158,-2.107272815872314,-0.008946676961320666,-1.195693759263732,-2.1203918105565456,0.0018156118152123292,-0.7824272266483174,0.0170,0.413,-2.152254956101864,0.007508879632650467,-1.0278923120547603,0.0479
1787476280.7787523,-2.105656520084681,-0.009429003010821054,-1.0972426099896258,-2.1203918105565456,0.0018156118152123292,-0.7824272266483174,0.0185,0.315,-2.130292804132541,0.0012005052525905138,-1.2066578728607154,0.0268
1787476280.8577409,-2.104790101339007,-0.009268940700490527,-1.1212128381687105,-2.133815307973278,0.0025231513317586097,-1.2276334411933696,0.0313,0.106,-2.130292804132541,0.0012005052525905138,-1.2066578728607154,0.0276
1787476280.926628,-2.1040182825612415,-0.00903012644013919,-1.2927716177222577,-2.143706828200756,-0.008758146059538466,-1.2218409574298306,0.0397,0.071,-2.1508132504529764,-0.01286744943428351,-1.157520501720464,0.0470
1787476281.1095397,-2.1024546281784118,-0.009335850788061255,-1.8286205081031894,-2.1482473556458817,-0.010348853101544701,-1.1502278381570072,0.0458,0.678,-2.1532485835120534,-0.010663471824916877,-1.1492014096395806,0.0508
1787476281.185393,-2.101495332331126,-0.010119469462021633,-1.798715087925059,-2.144013560895725,-0.004414885658161861,-1.3029982255726147,0.0429,0.496,-2.140800035581149,-0.003203984368860683,-1.3166380431201983,0.0399
1787476281.2670262,-2.101141874664543,-0.010669036807331106,-1.7753800856016504,-2.1398339748438606,0.0003889487706196003,-1.5866281138596112,0.0402,0.189,-2.1364014871182384,0.002069063058505404,-1.608350756898364,0.0375
1787476281.3609571,-2.1007921203573927,-0.010973136765335595,-1.6566513549820676,-2.139288322609236,0.0011543902294685925,-1.7077748136221433,0.0404,0.051,-2.1364014871182384,0.002069063058505404,-1.608350756898364,0.0379
1787476281.5118964,-2.099755819986764,-0.01046415497079918,-1.363169233977604,-2.138932105105439,0.002910848675904071,-2.1969908976912507,0.0414,0.834,-2.13905807020598,0.0037802838943260956,-2.2119213116534526,0.0418
1787476281.574625,-2.0993484920128913,-0.010064123656304146,-1.4239817306621756,-2.1417220060624915,-0.006540067572817142,-1.8515452501962366,0.0425,0.428,-2.143775191331028,-0.009565123921747166,-1.8080968523652576,0.0444
1787476281.6711044,-2.0982302513850835,-0.010028050124419575,-1.547153578573041,-2.141586706166311,-0.0069700608156629765,-1.9902657466621396,0.0435,0.443,-2.143775191331028,-0.009565123921747166,-1.8080968523652576,0.0455
1787476281.742267,-2.0974952145315604,-0.010418453866496556,-1.5357125310021553,-2.1415133991743445,-0.0072789565579381744,-2.088568524363149,0.0441,0.553,-2.135591145833056,-0.010576434431364615,-1.3765885232996977,0.0381
1787476281.8945167,-2.0961651429191517,-0.011145623830016691,-1.4453704217476124,-2.143343547686917,-0.0058263864627076545,-1.5523565859565231,0.0475,0.107,-2.1522948418798733,-0.00309493258652553,-1.6006287037307012,0.0567
1787476281.9621265,-2.095554797013423,-0.011109137844539521,-1.3824737442315895,-2.1473694121513454,-0.006830973190597125,-1.7417893674496796,0.0520,0.359,-2.1509688789480936,-0.006719259585553787,-1.7478861413154412,0.0556
1787476282.0878203,-2.0941262662255253,-0.010234169162663686,-1.269186539270402,-2.14804115110228,-0.007032984138609189,-1.8167071012039224,0.0540,0.548,-2.1509688789480936,-0.006719259585553787,-1.7478861413154412,0.0570
1787476282.1846988,-2.0927522876109257,-0.008730538413584562,-1.4720699729219995,-2.148687607880767,-0.007218414321383405,-1.8853884056987738,0.0560,0.413,-2.1509688789480936,-0.006719259585553787,-1.7478861413154412,0.0583
1787476282.2931013,-2.091421920823578,-0.008046589504272537,-1.5407190567248636,-2.139719930868592,-0.012473415284875035,-1.459070801536163,0.0485,0.082,-2.135003754933378,-0.013642946352989706,-1.4367609185507024,0.0439
1787476282.3690348,-2.0906941302335946,-0.008057318295207528,-1.590486830686634,-2.131724931391548,-0.011896828367221361,-1.4326264205893142,0.0412,0.158,-2.1251768429041196,-0.01187257200192953,-1.4260997301038156,0.0347
1787476282.4694421,-2.089917461643688,-0.008317793320312896,-1.6081511994164908,-2.111505604757432,-0.009484757283125728,-1.5857138551697296,0.0216,0.022,-2.1032451032886863,-0.008255593498598696,-1.60519272839709,0.0133
1787476282.6025047,-2.0886049323821023,-0.009008191930807211,-1.187994848977481,-2.116077964964377,-0.002983176355293154,-1.7179471515707523,0.0281,0.530,-2.1231552898367516,0.0010618178443045467,-1.7796384209737688,0.0360
1787476282.7126293,-2.0871857763506823,-0.008446936466225028,-0.7436724042440108,-2.1125113805660765,-0.0021776520048757526,-1.7948693731288654,0.0261,1.051,-2.1231552898367516,0.0010618178443045467,-1.7796384209737688,0.0372
1787476282.782418,-2.0864743731132798,-0.007724405128135793,-0.6402005415623458,-2.0956764514258786,-0.005866895105625884,-1.6868212943791863,0.0094,1.047,-2.0887645041317877,-0.006531202683534221,-1.6770245761311,0.0026
1787476282.911458,-2.0851692630277445,-0.0063617238372297635,-0.6908981661302479,-2.113297227517014,-0.006122459838208157,-0.8367860521753838,0.0281,0.146,-2.1378564363460284,-0.006396422338256628,-0.844311082865639,0.0527
1787476282.981205,-2.084438962293737,-0.006007775857408744,-0.7235426936603977,-2.1249365162204694,-0.0119803699088823,-0.603748945555675,0.0409,0.120,-2.1328442268947723,-0.013590512749365152,-0.5817050269538554,0.0490
1787476283.102957,-2.0828957924443383,-0.006278615499675249,-0.8442792964967522,-2.1244640829757975,-0.012682363031127878,-0.5580600697358538,0.0421,0.286,-2.1328442268947723,-0.013590512749365152,-0.5817050269538554,0.0505
1787476283.1678486,-2.0821950110710574,-0.006590574576799515,-0.7579262980772946,-2.1241243029541814,-0.013217521775610568,-0.5237885571711818,0.0424,0.234,-2.1253636024880844,-0.008063903728092011,-0.8588464141694298,0.0432
1787476283.3099427,-2.0806909886567806,-0.006475758246158288,-0.559753867676898,-2.1267329056911195,-0.008989635897274952,-0.8043559974822717,0.0461,0.245,-2.1289193786411333,-0.008972374489423425,-0.8061504406464434,0.0483
1787476283.362355,-2.079726676570882,-0.005784611737930599,-0.5795491390257018,-2.126697300079027,-0.00911122193662345,-0.7841519501566194,0.0471,0.205,-2.1289193786411333,-0.008972374489423425,-0.8061504406464434,0.0493
1787476283.4933631,-2.0781150562960145,-0.004533571553977218,-0.692069711561093,-2.1256432098487656,-0.016595249607083057,-0.36943698563724114,0.0490,0.323,-2.12589246989196,-0.017992335555660453,-0.34819418481700504,0.0496
1787476283.5604138,-2.07747477526812,-0.004267868717135535,-0.8011971299664388,-2.1065506291710077,-0.019014285497270873,-0.35045367957450196,0.0326,0.451,-2.0961425221344254,-0.019484021834497312,-0.344774597180607,0.0241
1787476283.7103543,-2.076016028772436,-0.004505805730457095,-1.0422176352941126,-2.1043420382715188,-0.02017342465173489,-0.3065597760370355,0.0324,0.736,-2.0961425221344254,-0.019484021834497312,-0.344774597180607,0.0251
1787476283.8049452,-2.075259032348327,-0.004964143204821922,-1.0859024374702584,-2.1074117157988916,-0.014982732068719968,-0.5706951607895986,0.0337,0.515,-2.109486994013003,-0.013498151916981109,-0.5919312576231882,0.0353
1787476283.891062,-2.074621624631776,-0.005473165840959624,-0.9502582184131065,-2.102666607451158,-0.008980883474513156,-1.0583356418992067,0.0283,0.108,-2.100922856345462,-0.006700168766818611,-1.091894266363961,0.0263
1787476284.0078478,-2.0727825263698842,-0.005124633702597551,-0.9577887759870144,-2.0995966366709453,-0.008653213311186793,-1.078372743178034,0.0270,0.121,-2.100922856345462,-0.006700168766818611,-1.091894266363961,0.0282
1787476284.0634396,-2.071824125282434,-0.00466626117542591,-1.0274313430452808,-2.102441977575993,-0.008785827654361091,-1.0378947418139535,0.0309,0.010,-2.104102049251723,-0.008863044391455785,-1.03679586099531,0.0325
1787476284.1480865,-2.070922736214684,-0.004107091949204795,-1.2038651778551583,-2.106020894455939,-0.007857252707685437,-0.9686136081131773,0.0353,0.235,-2.1095868461558247,-0.007713435918021947,-0.969962997556962,0.0388
1787476284.2952332,-2.0692466434268155,-0.0036427127353648205,-1.2728452898004525,-2.099304841791991,-0.011054116067415576,-0.8637195086221376,0.0310,0.409,-2.0931168997522356,-0.012795705211223215,-0.8388320995732526,0.0256
1787476284.3665285,-2.0683219587092103,-0.0037963704867642854,-1.3052855362161828,-2.096262059827976,-0.012420413588119817,-0.914661631422979,0.0292,0.391,-2.0958471096045783,-0.012645246328842438,-0.911940653261395,0.0289
1787476284.4459903,-2.067428326440933,-0.004182398526805722,-1.2275428784319014,-2.10650087086202,-0.004147810004961177,-1.1539580333776125,0.0391,0.074,-2.1149413826045174,-0.0015033903098435992,-1.1908819720774284,0.0476
1787476284.5948288,-2.0657849941493116,-0.004559975380254627,-0.7163336194089277,-2.106126875824348,-0.008976466289408935,-1.1501048692393951,0.0406,0.434,-2.106221776479058,-0.010830895332096413,-1.1253121017173646,0.0409
1787476284.674595,-2.0648457522231807,-0.003934624301213279,-0.7331689292527974,-2.0949142277469788,-0.005930281383852639,-1.3068235160206492,0.0301,0.574,-2.087704824723931,-0.0050003756153604705,-1.319987040587522,0.0229
1787476284.750705,-2.063899382694337,-0.0031054812783016163,-0.8230333237822849,-2.0964144086212886,-0.005671035381399521,-1.2199082215354224,0.0326,0.397,-2.0987922970373956,-0.005863597162157933,-1.2157400745502154,0.0350
1787476284.8761175,-2.0622226006268085,-0.0016247570178802714,-1.1134859894731717,-2.0939058901211878,-0.004842466994407653,-1.252070413090356,0.0318,0.139,-2.0987922970373956,-0.005863597162157933,-1.2157400745502154,0.0368
1787476284.9511774,-2.061336406552991,-0.0012591535488154482,-1.1348473906881051,-2.087207185885903,-0.01111452284678546,-0.6157272855764953,0.0277,0.519,-2.0847595202169398,-0.012388585522399104,-0.5965418050466758,0.0259
1787476285.0991654,-2.0596911161301463,-0.0018156614636170962,-0.9820402710891916,-2.096442981272297,-0.007022385639917593,-1.0761644981902598,0.0371,0.094,-2.1051657779548716,-0.004930708178377315,-1.117997291129838,0.0456
1787476285.153318,-2.0589822242122917,-0.002098996853904516,-0.6982935105996289,-2.095408402471705,-0.006679461094117878,-1.0888504764169555,0.0367,0.391,-2.1051657779548716,-0.004930708178377315,-1.117997291129838,0.0463
1787476285.2881038,-2.057263022374909,-0.0018875299420522628,-0.6830752955023516,-2.0965914955793843,-0.016005404862665152,-0.8605655614756508,0.0418,0.177,-2.09816524402924,-0.017739381275874388,-0.8364773320269351,0.0439
1787476285.3546958,-2.056318354166634,-0.0013418992061216056,-0.7264753719722379,-2.098814771015415,-0.017322224068263073,-0.47569832960389186,0.0454,0.251,-2.1022799378842207,-0.018522689625468772,-0.4511895370183996,0.0491
1787476285.4349515,-2.055866099026717,-0.0010831608613763519,-0.5862404119303413,-2.1003002200638043,-0.019099512657785457,-0.4060450837096904,0.0479,0.180,-2.1019340330959904,-0.01938886809171801,-0.4003110819174795,0.0496
1787476285.5911126,-2.054971373147522,-0.001265259701991326,-0.6708368740856897,-2.1001501725999505,-0.02021288157902505,-0.3653038911669491,0.0490,0.306,-2.1019340330959904,-0.01938886809171801,-0.4003110819174795,0.0503
1787476285.6629515,-2.054513539023377,-0.0020126654336821573,-0.7342012586743755,-2.079248567637523,-0.01209880228286147,-0.414067378089023,0.0267,0.320,-2.070162644584351,-0.010551488940774179,-0.4332422258351689,0.0178
1787476285.804281,-2.05322008638309,-0.004539292335358935,-0.47673550439301193,-2.075359469583685,-0.012153831038794255,-0.3621820505832159,0.0234,0.115,-2.070162644584351,-0.010551488940774179,-0.4332422258351689,0.0180
1787476285.886628,-2.052032791723747,-0.005457341545963654,-0.4367947503124467,-2.0841318137963594,-0.010764371708559595,-0.615702856710967,0.0325,0.179,-2.0875703451998473,-0.010496017904906937,-0.6200280128794605,0.0359
1787476285.9530299,-2.051386536245607,-0.005673624858993963,-0.42614768189151403,-2.0828510846354735,-0.010645102097859066,-0.603072463658155,0.0319,0.177,-2.074128855203247,-0.01884765145096316,-0.302224958015628,0.0263
1787476286.1129854,-2.0501343763729794,-0.005539401244674087,-0.6783583025406147,-2.080108305772038,-0.01913496482051815,-0.2111770051465545,0.0329,0.467,-2.084340524131546,-0.020197183515187345,-0.19126432059990994,0.0372
1787476286.1885536,-2.049350137096096,-0.005654449740051129,-0.686844477084944,-2.078413904093479,-0.020080730190089924,-0.16530299488095276,0.0324,0.522,-2.084340524131546,-0.020197183515187345,-0.19126432059990994,0.0379
1787476286.2782767,-2.048521489210582,-0.006003458795372616,-0.6947219608078643,-2.072280552277126,-0.023030757544918998,-0.1504025342977959,0.0292,0.544,-2.058121475885263,-0.011899146025315766,-0.36161334166202913,0.0113
1787476286.3565428,-2.0476336803385604,-0.006695326824156572,-0.6508524891975987,-2.064661862029438,-0.015565219321055592,-0.3023466150385613,0.0192,0.349,-2.058121475885263,-0.011899146025315766,-0.36161334166202913,0.0117
1787476286.4869092,-2.0455983644617826,-0.008118279578850852,-0.408067960357138,-2.059425740517445,-0.015907377403459752,-0.25242838459698985,0.0159,0.156,-2.0542151337837953,-0.011928910929970277,-0.42973150820290007,0.0094
1787476286.5636735,-2.044287886051946,-0.008469016661661362,-0.36738648701957866,-2.001522436724649,0.00904797524208821,-1.1333303256618463,0.0462,0.766,-1.9669687322785698,0.016545829765455218,-1.2380872123868176,0.0813
1787476286.7113802,-2.041570138070111,-0.008334178751867689,-0.4527682337402125,-1.9911016813754405,0.012036751315989004,-1.1761271954790093,0.0544,0.723,-1.9669687322785698,0.016545829765455218,-1.2380872123868176,0.0786
1787476286.7819595,-2.0403244641940446,-0.008236606483548183,-0.6904282711310237,-2.0366905459269558,-0.009772043394888286,-0.34530622232010333,0.0039,0.345,-2.0643914393881504,-0.015516995737717554,-0.2644034635864202,0.0251
1787476286.8620355,-2.0391046818063794,-0.008491513407522099,-0.691645388148957,-2.0550279846929347,-0.009632352864896967,-0.4358590371428591,0.0160,0.256,-2.07083133867147,-0.009508514046899664,-0.43931999581639664,0.0317
1787476286.934115,-2.0378245829927737,-0.009059820777115648,-0.6877291823546017,-2.0526335949115766,-0.009468203197469357,-0.4114115450171598,0.0148,0.276,-2.0593268404270915,-0.010311861412898273,-0.6667791532877392,0.0215
1787476287.0980792,-2.0357378442978655,-0.010310195862862151,-0.6540828738973797,-2.0669486912794595,0.0019806372587398754,-0.9450583592645845,0.0335,0.291,-2.081060246426383,0.007933039312138086,-1.0450799974748604,0.0489
1787476287.1668284,-2.034897916281577,-0.010553877251193583,-0.6610407293078993,-2.0739373444365343,0.004521453602030023,-0.9918957282487826,0.0418,0.331,-2.081198820100996,0.005442695585825717,-1.0121197661174661,0.0490
1787476287.2987251,-2.033086469999674,-0.010039184421796594,-0.6755246632914014,-2.0618766470908114,-0.008848773783271442,-0.6976645601981005,0.0288,0.022,-2.0546873585249723,-0.012938623236656026,-0.6397118654960399,0.0218
1787476287.3620112,-2.0322501828391966,-0.00943052249562544,-0.814702517887062,-2.061491039687091,-0.008958788953448447,-0.7000714606133568,0.0292,0.115,-2.0546873585249723,-0.012938623236656026,-0.6397118654960399,0.0227
1787476287.447009,-2.0314820584464033,-0.008899199456095552,-1.0518429804846643,-2.055058473935931,-0.01376379774013831,-0.6823057175599172,0.0241,0.370,-2.0556041230372335,-0.012146568977940081,-0.7084566562659361,0.0243
1787476287.5795941,-2.0296293646235304,-0.009310032851628736,-1.1170178441184484,-2.0539247415584154,-0.014470233803976983,-0.6843092269505645,0.0248,0.433,-2.0556041230372335,-0.012146568977940081,-0.7084566562659361,0.0261
1787476287.6513283,-2.028692125578197,-0.009883847485251061,-1.1081256236496686,-2.0539247415584154,-0.014470233803976983,-0.6843092269505645,0.0256,0.424,-2.0556041230372335,-0.012146568977940081,-0.7084566562659361,0.0270
1787476287.7995768,-2.0273376759010793,-0.010827280310400256,-0.9522061280258685,-2.0668989616841658,-0.008931209497414837,-0.8193120721662536,0.0396,0.133,-2.098051701427274,0.0004487631309956925,-1.3499974489406483,0.0716
1787476287.871673,-2.026754388151042,-0.010800692439142768,-0.9151718955701552,-2.087575152949558,-0.0014050356441857935,-1.274372381959104,0.0615,0.359,-2.0921152382594963,-0.0005384861473382403,-1.2905769236967926,0.0662
1787476287.9469693,-2.0260943565558627,-0.010453228267456097,-0.9099612103846402,-2.089016031564167,-0.0013323828871437456,-1.0954193947392123,0.0636,0.185,-2.06419324715901,-0.019425594445611764,-0.8871456116836623,0.0391
1787476288.104465,-2.024966982020367,-0.009553998466784003,-1.278421684549409,-2.064092200248638,-0.01639397771867967,-0.9042777862355201,0.0397,0.374,-2.0560833888089274,-0.016323504933063213,-0.9042515671509718,0.0318
1787476288.2023458,-2.0244382003262045,-0.00996149492944599,-1.3217862345186084,-2.0637748001783813,-0.017455786642173173,-0.9168882517479043,0.0400,0.405,-2.0560833888089274,-0.016323504933063213,-0.9042515671509718,0.0323
1787476288.2605495,-2.0240600935177957,-0.010542464212238114,-1.2727639541415137,-2.0635275177635455,-0.01836106321977761,-0.9274398475190411,0.0402,0.345,-2.0560833888089274,-0.016323504933063213,-0.9042515671509718,0.0325
1787476288.4049149,-2.023326516761918,-0.01176236088575263,-1.1013142183135332,-2.0555892228686323,-0.009213554795233251,-1.2893397127044721,0.0324,0.188,-2.052909584494859,-0.007947312266988135,-1.3073342318057228,0.0298
1787476288.4852233,-2.0228737763930615,-0.012038593012614899,-1.0380338743138184,-2.032787768342782,-0.015367546262726045,-1.3080727447339315,0.0105,0.270,-2.0436844434763595,-0.013172110335336242,-1.3417477490217382,0.0208
1787476288.551979,-2.022351198267587,-0.012008380847557962,-0.9763384223853793,-2.0296323952533983,-0.01592471683867392,-1.3427830993839673,0.0083,0.366,-2.0436844434763595,-0.013172110335336242,-1.3417477490217382,0.0214
1787476288.6902714,-2.021318965893002,-0.011310771019214998,-1.1240408581462473,-2.0376403751294903,-0.015692733055630813,-1.0768976174632208,0.0169,0.047,-2.0446188011397095,-0.016362924065650715,-1.0595826545628635,0.0238
1787476288.7507246,-2.020887286089721,-0.011161213863300077,-1.3791974934237272,-2.0292182231911804,-0.01871205703009517,-0.9499024619394476,0.0112,0.429,-2.0450123595276897,-0.021206860022426936,-0.8576161458016188,0.0261
1787476288.8901336,-2.019307569331192,-0.011841099255196538,-1.3181800409575706,-2.0212118736328137,-0.014895712626028026,-0.9486200541267108,0.0036,0.370,-2.01000031590292,-0.012508145976485129,-0.9808199578661649,0.0093
1787476288.984547,-2.0177233378016197,-0.013360592462453875,-0.8940911926360181,-2.0164509466133094,-0.015221179330557532,-0.9535738158616867,0.0023,0.059,-2.01000031590292,-0.012508145976485129,-0.9808199578661649,0.0078
1787476289.0972543,-2.0162961935963453,-0.014266370596132758,-0.8254453175576146,-2.036777930859282,-0.011231505825133735,-1.4323389653365586,0.0207,0.607,-2.0456737977390933,-0.010395119572423532,-1.4462226633448532,0.0296
1787476289.1738653,-2.015507354350672,-0.014388177088826103,-0.7760165690713919,-2.038849236475314,-0.0063861653388639595,-1.488659794033618,0.0247,0.713,-2.0412436226921344,-0.004681782609624935,-1.5139902368956526,0.0275
1787476289.3043363,-2.0138609078481777,-0.013882396027014455,-0.8796415058752671,-2.0310538601327606,-0.02095822021641501,-0.6989712610978757,0.0186,0.181,-2.026484967830937,-0.027095504403438515,-0.6087108857114227,0.0183
1787476289.4126542,-2.0124051528281943,-0.013624605851568414,-1.389193291065851,-2.0286849971692424,-0.0224602161566665,-0.6671480935588701,0.0185,0.722,-2.026484967830937,-0.027095504403438515,-0.6087108857114227,0.0195
1787476289.4970107,-2.0116177894782115,-0.013631119550024795,-1.5030926344682745,-2.0228279188848095,-0.024537122875365948,-0.6402036487135402,0.0156,0.863,-2.020995975606355,-0.024695760154136895,-0.6380566091236725,0.0145
1787476289.5974329,-2.01077431515431,-0.013900466876380291,-1.5970663001700314,-2.026785833815085,-0.022479126013069083,-0.6689826103480914,0.0182,0.928,-2.0306500094404494,-0.021553670410027623,-0.6819865840050151,0.0213
1787476289.6724105,-2.0100425841765666,-0.014382835734917915,-1.4905632756057046,-2.0366229263669955,-0.012276852028476122,-1.1970677027482715,0.0267,0.293,-2.0445178482534376,-0.012134433752327133,-1.2031771460311778,0.0345
1787476289.8129566,-2.0084360074706535,-0.014652574706451779,-1.4490113398386129,-2.0364663320534966,-0.011870010304837579,-1.2178574941782003,0.0282,0.231,-2.0445178482534376,-0.012134433752327133,-1.2031771460311778,0.0362
1787476289.8794775,-2.0075275123022527,-0.01438488699856864,-1.4491519984809245,-2.0436859716979403,-0.010863553314881685,-1.6397653659642264,0.0363,0.191,-2.049893171056341,-0.009921700480027138,-1.6617261263502099,0.0426
1787476290.0120506,-2.005882520516092,-0.013519604865283476,-1.8111823891661512,-2.041161895627807,-0.012448170992140404,-1.6804068388535367,0.0353,0.131,-2.0392119545978598,-0.013035184939514815,-1.6723192273576288,0.0333
1787476290.0880663,-2.0050265870187873,-0.013407763580273456,-1.821414643638384,-2.0373255862340174,-0.017645762250031012,-1.4693162395189248,0.0326,0.352,-2.0351395072856096,-0.018915814338414036,-1.4505827104579825,0.0306
1787476290.166139,-2.0041246380329465,-0.013574358759211034,-1.8306161855647771,-2.033199702259195,-0.020001624990328825,-1.43951562719101,0.0298,0.391,-2.031187104739941,-0.01906850585038647,-1.4527714792326305,0.0276
1787476290.2471225,-2.0031889811244667,-0.013998220460279874,-1.7880868956743514,-2.029292730389838,-0.02035325481696492,-1.7501808131155139,0.0269,0.038,-2.025530584806195,-0.019794742877116817,-1.7609538612796383,0.0231
1787476290.3872066,-2.0015131141051974,-0.01492448951709671,-1.5542170131251,-2.028065717565614,-0.02114280884200881,-1.8165444890968314,0.0273,0.262,-2.025530584806195,-0.019794742877116817,-1.7609538612796383,0.0245
1787476290.46258,-2.000599939159785,-0.015044657434903066,-1.5282754769388194,-2.0285743455198397,-0.014102804453799769,-1.9832530067381875,0.0280,0.455,-2.0149948076204818,-0.012721658759057397,-1.8409735128241984,0.0146
1787476290.539752,-1.9996068072118751,-0.014842974607564785,-1.5336376157448874,-2.0295244854997576,-0.02034187506791046,-1.4648582924556506,0.0304,0.069,-2.040133979029417,-0.024962278313022435,-1.397215351565035,0.0418
1787476290.6963298,-1.997814725195956,-0.014219925614147016,-1.9410599244395714,-2.027842416690426,-0.02518925602594659,-1.4891716094229663,0.0320,0.452,-2.026666677749111,-0.026834718215796558,-1.4669430413442133,0.0315
1787476290.7559881,-1.996858920199384,-0.014410737873603894,-1.9398642085275737,-2.026818105585319,-0.02692480031982056,-1.5155218515277995,0.0325,0.424,-2.026666677749111,-0.026834718215796558,-1.4669430413442133,0.0323
1787476290.892615,-1.9948745671381465,-0.015531015080802544,-1.8650093961136363,-2.0202467064004703,-0.027961355384222616,-1.8250549678837533,0.0283,0.040,-2.0174374408990876,-0.027831392879249454,-1.8274408972084795,0.0257
1787476290.9650252,-1.9939559762129082,-0.016283795595493863,-1.6745976019703475,-2.0189751871090307,-0.018144192010758047,-1.9717601374552192,0.0251,0.297,-2.018916423899466,-0.014999109221667709,-2.015424141079693,0.0250
1787476291.0790675,-1.9920903003420871,-0.016860853774869632,-1.630249042135517,-2.016781770238188,-0.01807333818098348,-2.0462972645663893,0.0247,0.416,-2.018916423899466,-0.014999109221667709,-2.015424141079693,0.0269
1787476291.165872,-1.990015544647644,-0.01661754248629133,-1.6466930267496853,-2.0136243500548967,-0.015751854826103858,-1.9434497176113834,0.0236,0.297,-2.0129800903037895,-0.015579116342945652,-1.9454008698325325,0.0230
1787476291.3002896,-1.9885726559610968,-0.016669371741739252,-1.7084070545215537,-2.014430154993027,-0.026698988975652135,-1.5165597130728679,0.0277,0.192,-2.0105860955039487,-0.031544243893431016,-1.4135700994629572,0.0266
1787476291.365038,-1.9880135618666603,-0.01720527343588616,-1.705988185055356,-2.0121379921480904,-0.03008346367141178,-1.434695273052912,0.0273,0.271,-2.0105860955039487,-0.031544243893431016,-1.4135700994629572,0.0267
1787476291.4338312,-1.9873746003649038,-0.018054362714005,-1.670993331744435,-2.009281469916554,-0.0325438634890074,-1.429369941518851,0.0263,0.242,-2.0099541917935593,-0.019580067908661705,-1.7911631334061928,0.0226
1787476291.5989108,-1.9858987470280989,-0.0206345655791425,-1.4758082129479437,-2.0010350361287754,-0.02694194054935644,-1.588992742240282,0.0164,0.113,-1.9946757241653017,-0.029193193679712286,-1.5551183484780127,0.0123
1787476291.6689854,-1.9852725677981975,-0.021863253377011404,-1.1552410946876306,-2.0010465398322017,-0.021262322708370494,-1.5915950328787671,0.0158,0.436,-2.002714931904031,-0.0195618438842395,-1.6150596250681397,0.0176
1787476291.8093383,-1.9834926360177545,-0.022556783704060702,-1.159974655611406,-1.9984441481504653,-0.021279554831272078,-1.5985542636039491,0.0150,0.439,-2.002714931904031,-0.0195618438842395,-1.6150596250681397,0.0195
1787476291.8734763,-1.9825428934522549,-0.022471066001261048,-1.2736596559620144,-1.9970764010749193,-0.019546123043101143,-1.255957633913851,0.0148,0.018,-1.9966473129086948,-0.019514186599459474,-1.2546762191943468,0.0144
1787476291.9426737,-1.9816928955482438,-0.022375860446942317,-1.537335249276225,-1.9948656846959685,-0.017538429627908313,-1.4659094653827982,0.0140,0.071,-1.9958140731037926,-0.016952034952165195,-1.476273382587355,0.0151
1787476292.0881953,-1.9799482708795606,-0.02297435683369962,-1.5629789904374742,-1.9921611714686993,-0.01702837095716458,-1.4632531030267648,0.0136,0.100,-2.0376618219124674,-0.0027801236615049418,-2.193915010624871,0.0611
1787476292.1658566,-1.9789952760109457,-0.023687292109916436,-1.548400261484368,-2.0156473402795636,-0.008332357928874934,-2.068798658236329,0.0397,0.520,-2.0376618219124674,-0.0027801236615049418,-2.193915010624871,0.0623
1787476292.28129,-1.9773040839778602,-0.024745248958229847,-1.378897390238749,-2.01632436900325,-0.00561937197779624,-2.145076021569645,0.0435,0.766,-2.0376618219124674,-0.0027801236615049418,-2.193915010624871,0.0642
1787476292.3467538,-1.9764519702974297,-0.024753808129875734,-1.3458226276016767,-2.0245220329723526,-0.0101017640300959,-1.9688304349413455,0.0503,0.623,-2.0277693173270346,-0.010549968553771336,-1.9670772211782142,0.0532
1787476292.4939876,-1.974647911142159,-0.023610118946837632,-1.206526919942477,-2.017791568769278,-0.01683149357282213,-1.8071785090459458,0.0437,0.601,-2.0113970891941757,-0.0195767733023566,-1.7596899318226382,0.0370
1787476292.6010284,-1.9738064885289381,-0.022660503062172276,-1.253788557688058,-2.0167802455703105,-0.01545512388226931,-1.7944978555572617,0.0436,0.541,-1.9923210708637515,-0.024674479518716645,-1.4555184275826936,0.0186
1787476292.6664817,-1.973036926197795,-0.021946887531686634,-1.4707781257275394,-2.0017846067520195,-0.02232128607116114,-1.4931510280808378,0.0288,0.022,-1.9923210708637515,-0.024674479518716645,-1.4555184275826936,0.0195
1787476292.7936282,-1.97106901751911,-0.02131934555889135,-1.483854068052412,-1.9992917818471838,-0.023379768085647297,-1.4750801810335803,0.0283,0.009,-1.9923210708637515,-0.024674479518716645,-1.4555184275826936,0.0215
1787476292.8629391,-1.9704306560054077,-0.021059003788963363,-1.6684205250843391,-1.9982380005044391,-0.026090274989213975,-1.3387588296231023,0.0283,0.330,-1.9981718472492918,-0.02640291972440716,-1.3340943502209734,0.0283
1787476292.9541426,-1.9699050189085345,-0.020595778132196315,-1.6092890743677422,-1.988982406614999,-0.02879196590974925,-1.2365648337712147,0.0208,0.373,-1.9837150111065127,-0.029455313824114544,-1.225324877691052,0.0164
1787476293.1053216,-1.9686824856043519,-0.01862711192988371,-1.3604638632270163,-1.9992682609253405,-0.01796130132860766,-1.4396000835710672,0.0306,0.079,-2.0131254543526818,-0.013363732011021227,-1.5229865515860692,0.0448
1787476293.1053216,-1.9686824856043519,-0.01862711192988371,-1.3604638632270163,-1.975778147739615,-0.0290935729136017,-1.3688433166340874,0.0126,0.008,-1.9567134189041175,-0.03237237881020474,-1.3141608395583093,0.0182
1787476293.2688372,-1.9675299774740453,-0.015757391386223528,-1.3577476908260258,-1.9833234028094957,-0.049452334057812325,-0.5734962213765515,0.0372,0.784,-1.9918234776806214,-0.055248195823486466,-0.4839272205708835,0.0464
1787476293.35178,-1.9667623931216573,-0.014976874999832863,-1.3807787444539505,-1.9802301044086512,-0.05394989808141014,-0.48010326981405727,0.0412,0.901,-1.9929288017085238,-0.02396047559712022,-1.3027022394547707,0.0277
1787476293.492838,-1.9650765322261525,-0.014373394359876564,-1.315610068309644,-1.9884291577841882,-0.029145377737393716,-1.2276148317795819,0.0276,0.088,-1.9929288017085238,-0.02396047559712022,-1.3027022394547707,0.0295
1787476293.5612085,-1.9643246619374954,-0.014234937245869023,-1.105599158510649,-1.982042063956094,-0.02802434088173125,-1.2660207515810609,0.0225,0.160,-1.979165385870492,-0.027547488849697273,-1.2726320200548138,0.0199
1787476293.7085297,-1.9626703083633947,-0.013203708469870082,-0.8127627183804388,-1.984323105091018,-0.026275738283562392,-1.3071273240921186,0.0253,0.494,-1.986918411597016,-0.025771020025456164,-1.314352360533405,0.0273
1787476293.7834675,-1.9620444970003237,-0.012389264332359307,-0.514878570731064,-1.993507853713686,-0.030975149057963048,-0.43820963059444507,0.0365,0.077,-2.0054119540634594,-0.03454221156118431,-0.3685560588391555,0.0487
1787476293.8665056,-1.9615803483824883,-0.011729256944822485,-0.4169862142982376,-1.9872993017611353,-0.026135477236941068,-0.21678955185533244,0.0295,0.200,-1.9830440438733785,-0.024825332596127066,-0.23890762077825817,0.0251
1787476293.9580128,-1.9611587315976564,-0.011252241387765722,-0.49311130658520025,-1.9881480207361097,-0.02322871556435532,-0.1433277451836996,0.0295,0.350,-1.9893681876203306,-0.022433068389825676,-0.15350920793223163,0.0303
1787476294.0474687,-1.9606457613688455,-0.01118056544106616,-0.6320671611514437,-1.9885015424189134,-0.019152407842528068,-0.3207633059854867,0.0290,0.311,-1.9892749141234611,-0.017904569325937557,-0.33983077909799275,0.0294
1787476294.2005537,-1.959769407131288,-0.012231501546305094,-0.7256132072311625,-1.9878486997007174,-0.018099991318233786,-0.24528645968197654,0.0287,0.480,-1.9892749141234611,-0.017904569325937557,-0.33983077909799275,0.0300
1787476294.2762609,-1.9594098203735901,-0.012638885983971627,-0.5940803459739704,-1.97591373395648,-0.023526488059208418,-0.5449645630705686,0.0198,0.049,-1.9693163393846351,-0.02362565730685521,-0.5512754280420126,0.0148
1787476294.3985274,-1.9581151717038932,-0.012610918320353158,-0.6215581653398372,-1.973565507592482,-0.023261342966445935,-0.4951111342778544,0.0188,0.126,-1.9693163393846351,-0.02362565730685521,-0.5512754280420126,0.0157
1787476294.4612737,-1.957755056194699,-0.012455679416080726,-0.6389404166410273,-2.115356616705518,-0.06932639149446267,0.8368297007046731,0.1675,1.476,-2.1615347570898726,-0.08064600304254523,1.0147692471646594,0.2149
1787476294.5866778,-1.9572626840640295,-0.012735471036070423,-1.0310066941402531,-2.1292122269365477,-0.07472891762216984,0.9689065523115549,0.1828,2.000,-1.9683241779351779,-0.024487399572208038,-0.4418851617093988,0.0161
1787476294.7024193,-1.956374995451232,-0.01414914194619214,-1.3095173455541993,-2.0242186868918246,-0.03455974391330743,-0.2932931472172663,0.0708,1.016,-1.9683241779351779,-0.024487399572208038,-0.4418851617093988,0.0158
1787476294.762111,-1.9558093831559111,-0.015230568226731129,-1.2265260546538364,-1.9850360831148715,-0.02163435880903166,-1.3683940583081189,0.0299,0.142,-1.9642088108108495,-0.01815530988841199,-1.4191644702662276,0.0089
1787476294.869254,-1.954083199013309,-0.017137574981844407,-1.0030566146345763,-1.9816068132712563,-0.020339038477258764,-1.4262693204359664,0.0277,0.423,-1.9642088108108495,-0.01815530988841199,-1.4191644702662276,0.0102
1787476294.990048,-1.9514993291850462,-0.017978039584482804,-0.8838429280249328,-1.9728881132340057,-0.023588145303281207,-1.0050117368749607,0.0221,0.121,-1.9695715056511096,-0.024365479137047993,-0.9923787615239443,0.0192
1787476295.0560157,-1.950116310149165,-0.018037453107199307,-0.8470434601205212,-1.9673045709351127,-0.02261314755844631,-1.0237832480098927,0.0178,0.177,-1.9589837701801165,-0.03545938847478365,-0.72323163337455,0.0195
1787476295.1945493,-1.947508282569291,-0.017845125916629886,-1.0930356463557358,-1.9613678450835774,-0.0336119690197435,-0.7502807945851184,0.0210,0.343,-1.9589837701801165,-0.03545938847478365,-0.72323163337455,0.0210
1787476295.2645898,-1.9462919915528671,-0.018138235964786826,-1.0945803266911307,-1.9740463495233365,-0.02686404047095662,-1.065993421163751,0.0291,0.029,-1.9822653237226797,-0.025547849628438975,-1.0870577304050881,0.0367
1787476295.4077985,-1.9437276350838357,-0.019483658212595897,-1.050468381369122,-1.9718661167588019,-0.026604611252802196,-1.0819189855653597,0.0290,0.031,-1.9822653237226797,-0.025547849628438975,-1.0870577304050881,0.0390
1787476295.467275,-1.9428772659835911,-0.020053931599147666,-1.1895529232335518,-1.9820704486328773,-0.022881366950689458,-1.1960976428442862,0.0393,0.007,-1.9908065751924129,-0.021419236212275254,-1.2281254831796262,0.0479
1787476295.540145,-1.942080911144983,-0.020449183275456192,-1.179013970514973,-1.984440650616424,-0.01807702234571351,-1.1264726839110344,0.0424,0.053,-1.9879797711215905,-0.01800104189957348,-1.0939754425354302,0.0460
1787476295.6815927,-1.9402927155981557,-0.02029547734866152,-1.1420175471535328,-2.015687593530012,-0.025150946413907162,-1.1308337393327261,0.0756,0.011,-2.0530766252534995,-0.03034808888835258,-1.0287946755932276,0.1132
1787476295.8057976,-1.9385328757012914,-0.01911535882890885,-1.426178051381184,-2.019854897632851,-0.024850376556521767,-1.1518718875143936,0.0815,0.274,-2.0530766252534995,-0.03034808888835258,-1.0287946755932276,0.1151
1787476295.8692803,-1.9382045395472565,-0.018694880059138674,-1.5817328374839794,-2.026309079353019,-0.0021614160260141763,-1.773353513507696,0.0896,0.192,-2.0334080195463393,0.003026530838694831,-1.8710646536872855,0.0976
1787476296.005423,-1.9373884959620638,-0.018601874305129173,-1.9158813206717213,-2.020617835870582,0.002721856772075814,-2.349271667714275,0.0859,0.433,-2.0136459004087333,0.0026088653130735663,-2.3398886133293355,0.0792
1787476296.065549,-1.9369550035141514,-0.018913272467679848,-2.006208522155333,-2.0235395597460415,0.006060741630696817,-2.4517332018070426,0.0901,0.446,-2.0136459004087333,0.0026088653130735663,-2.3398886133293355,0.0797
1787476296.2018533,-1.936447157927135,-0.019283186200344807,-1.9768836441652737,-1.9917102384355412,-0.015506381065806762,-2.1607296032953727,0.0554,0.184,-1.9835662465258916,-0.01898754733612859,-2.100688821971359,0.0471
1787476296.2707367,-1.9362174201600153,-0.018964515559295354,-1.9431747296535868,-1.9909072858638845,-0.01503023046973585,-2.2368968300021335,0.0548,0.294,-1.9741702309398215,-0.02145122262152355,-2.1009166890925712,0.0380
1787476296.3492258,-1.9359125480681254,-0.018376109477720688,-1.9229551102253601,-1.9584645214365137,-0.022062685110727308,-1.949542200138415,0.0229,0.027,-1.9452387525078398,-0.022629048351840382,-1.9382436096886069,0.0103
1787476296.4961634,-1.9354438294959981,-0.016759858772553107,-2.251750293482962,-1.9595344649833613,-0.021727067330919843,-1.8689276514116357,0.0246,0.383,-1.962858866345417,-0.021738295903929027,-1.8679357651653647,0.0279
1787476296.5662873,-1.9352313652051043,-0.01622835819704866,-2.543361499395922,-1.9544522616449223,-0.01156772237349668,-2.370135199584009,0.0198,0.173,-1.9539491914994467,-0.008733467175870478,-2.412526922935371,0.0202
1787476296.648516,-1.9345420977502226,-0.016480087968050068,-2.5374809263826914,-1.955566267997593,-0.021517179199796545,-2.539597368400498,0.0216,0.002,-1.9588370344595474,-0.024710971171860156,-2.4970498313442993,0.0257
1787476296.7897353,-1.9332084120388338,-0.01762856780179743,-2.2498293339831794,-1.948185590957045,-0.0190064112846761,-2.608999966680235,0.0150,0.359,-1.9444154428312956,-0.018091055300870688,-2.621239859292042,0.0112
1787476296.8586555,-1.9325441754156785,-0.018072627742484602,-2.2289281298919357,-1.94277373888283,-0.019045404595126793,-2.7128327586027603,0.0103,0.484,-1.9609295717571495,-0.018777499742664464,-2.3155537092300764,0.0284
1787476296.9998004,-1.9309874516546053,-0.01813362519700345,-2.1870239606943183,-1.9546037472824385,-0.01845564899498356,-2.3220195808273005,0.0236,0.135,-1.9609295717571495,-0.018777499742664464,-2.3155537092300764,0.0299
1787476297.0574875,-1.9301941473443345,-0.01782877652296165,-2.276861821120093,-1.9493783746068645,-0.018340275430284072,-2.4157970424101,0.0192,0.139,-1.9609295717571495,-0.018777499742664464,-2.3155537092300764,0.0308
1787476297.2103255,-1.928712317341768,-0.017441276451384633,-2.51527627906744,-1.9449178969621588,-0.02098473588896194,-2.2643312826501827,0.0166,0.251,-1.9438617221149692,-0.021343332576276894,-2.258813900911378,0.0156
1787476297.2860548,-1.9278795297922822,-0.017640664402784088,-2.5325366796961455,-1.9368898589060377,-0.02234441134295793,-2.4720478878129617,0.0102,0.060,-1.934617398764172,-0.022397283406034956,-2.4721100017237165,0.0082
1787476297.3483968,-1.9270063795428234,-0.018145206979816555,-2.498214721579468,-1.9397586258677406,-0.008842144981557828,-2.838021038459993,0.0158,0.340,-1.9444430703702047,-0.0051984792997008195,-2.894551924825405,0.0217
1787476297.4761562,-1.9254689172983421,-0.01927719296668234,-2.0713184701551595,-1.936296909748505,-0.007415598530731284,-2.921062276605383,0.0161,0.850,-1.9444430703702047,-0.0051984792997008195,-2.894551924825405,0.0236
1787476297.6017907,-1.9237342772484511,-0.019409416157254066,-2.0543307358011638,-1.936296909748505,-0.007415598530731284,-2.921062276605383,0.0174,0.867,-1.9444430703702047,-0.0051984792997008195,-2.894551924825405,0.0251
1787476297.6632228,-1.9227932583911649,-0.019143677198263345,-2.089192947193336,-1.9409937477991948,-0.028309496897064242,-2.031337313881074,0.0204,0.058,-1.9439690617607488,-0.03120802290679215,-1.9885144059236646,0.0244
1787476297.782636,-1.9210989257161244,-0.01840309377488064,-2.5124852772443504,-1.9312620871636919,-0.024189165132764992,-1.9116062323026988,0.0117,0.601,-1.9266003271792453,-0.02295505335625792,-1.9274774049092223,0.0071
1787476297.8525534,-1.920275979432384,-0.018313941312386985,-2.5241956211902807,-1.930507066720805,-0.020417290847590003,-2.416589040365794,0.0104,0.108,-1.9324502442612768,-0.018999470842552386,-2.441494958518322,0.0122
1787476297.9691987,-1.9184567424769259,-0.019006443835371756,-2.478824632301728,-1.928763310198064,-0.0126483071342377,-2.7925848973786622,0.0121,0.314,-1.9293395729050715,-0.00975788820577233,-2.8391899132067726,0.0143
1787476298.1000931,-1.9167023903993636,-0.020356207160241814,-2.0639946498902413,-1.9293041561627045,-0.010056801597031458,-2.7898546867448957,0.0163,0.726,-1.9314326972235334,-0.009663689738685246,-2.7968920001428645,0.0182
1787476298.187771,-1.915857802119924,-0.020749452096048827,-2.0453865418423853,-1.9175050688785171,-0.01656219044883351,-2.4377437454977002,0.0045,0.392,-1.912263964375749,-0.01860965332608357,-2.4060753082066397,0.0042
1787476298.2638788,-1.9149171635424957,-0.02078049859183899,-2.0183282596096532,-1.9122268746914306,-0.01998583992189167,-2.077659351505569,0.0028,0.059,-1.9108226936797397,-0.021350309070695555,-2.055785399592108,0.0041
1787476298.3820105,-1.9130035409742578,-0.020199201705961442,-2.203642231502401,-1.9075078256696345,-0.02023155992929233,-2.072793920575777,0.0055,0.131,-1.9108226936797397,-0.021350309070695555,-2.055785399592108,0.0025
1787476298.5104618,-1.9112669067024166,-0.01997376451121975,-2.4755313052852626,-1.9055146275256176,-0.022289392124934176,-2.2284852334370173,0.0062,0.247,-1.90582326413069,-0.022426071374318485,-2.227145380603345,0.0060
1787476298.5713732,-1.9103488405627422,-0.02023000529999938,-2.4793766128795705,-1.9013166165103441,-0.022772741937246703,-2.23659642738682,0.0094,0.243,-1.9296747155053242,-0.019397013923265597,-2.5811983558516842,0.0193
1787476298.6856816,-1.9084853016420689,-0.021266547157604905,-2.336820612997755,-1.9188729214899696,-0.020476384536727343,-2.5487062041231314,0.0104,0.212,-1.9188660646741023,-0.02059959024608062,-2.546563922749112,0.0104
1787476298.8070717,-1.9059531549155684,-0.021191350281351575,-2.070396257309104,-1.9166896293187414,-0.020696409769343657,-2.5848838556342835,0.0107,0.514,-1.9343205121356946,-0.02091504594370412,-2.490515700301526,0.0284
1787476298.8736272,-1.9046372191314418,-0.02081648469264646,-1.9377735670395475,-1.9281560628096832,-0.020769757661986462,-2.492075664926669,0.0235,0.554,-1.9343205121356946,-0.02091504594370412,-2.490515700301526,0.0297
1787476298.9379382,-1.9032461353427115,-0.02017782752423058,-1.8244852650410148,-1.9254039106685468,-0.03218973205649236,-1.7884767860487674,0.0252,0.036,-1.9246398586382063,-0.0345451135903799,-1.7521077984630646,0.0258
1787476299.0783782,-1.9006110312872808,-0.01852948668188817,-1.9334756022853379,-1.9245980788612695,-0.03406697678023499,-1.7499745305704553,0.0286,0.184,-1.9325529689475835,-0.04045235032984165,-1.534488206475934,0.0387
1787476299.1933794,-1.8988445605319142,-0.018087939166598985,-1.9669433830221852,-1.9289198685534223,-0.03900510595615657,-1.5599313901081728,0.0366,0.407,-1.9325529689475835,-0.04045235032984165,-1.534488206475934,0.0405
1787476299.2547295,-1.8979487320649455,-0.01835879258792383,-2.0074652913277307,-1.9287002501316457,-0.04283349443912492,-1.480099571105176,0.0393,0.527,-1.9325529689475835,-0.04045235032984165,-1.534488206475934,0.0411
1787476299.4032485,-1.896288207095932,-0.019335763356045504,-1.789012426807173,-1.9292366719304088,-0.03881985494290498,-1.8244495879010787,0.0383,0.035,-1.929207799179222,-0.03806598946587257,-1.836979568667731,0.0379
1787476299.4773016,-1.8958324414526824,-0.01960213805266056,-1.6564034056478272,-1.921687535657008,-0.03486472126062684,-1.6678724438105348,0.0300,0.011,-1.9164436426588964,-0.03336113893538805,-1.6934188069545566,0.0248
1787476299.55037,-1.8952929751484595,-0.019534120425306695,-1.5193677749975594,-1.9255693168081225,-0.036280726412211424,-1.5064402100798375,0.0346,0.013,-1.928999267141353,-0.03673981575211905,-1.4956883152554172,0.0378
1787476299.689769,-1.8941806728599149,-0.018786580348301437,-1.4591017909876056,-1.925284445435825,-0.03746410606394376,-1.4623099011195422,0.0363,0.003,-1.929191398019536,-0.043312401721710005,-1.3007656586944156,0.0427
1787476299.7633338,-1.8939584398769371,-0.01865585153843239,-1.4710637096869241,-1.925284445435825,-0.03746410606394376,-1.4623099011195422,0.0365,0.009,-1.918121481023495,-0.0339876875304609,-1.2363020566071214,0.0286
1787476299.9026089,-1.8933383380492876,-0.019228318709052304,-1.530220496560503,-1.9222955053258606,-0.03603759899485826,-1.2031328178229146,0.0335,0.327,-1.918121481023495,-0.0339876875304609,-1.2363020566071214,0.0288
1787476299.9659464,-1.8930116294581503,-0.019878743564723876,-1.4723739564786227,-1.9065219949242098,-0.019710925859418433,-1.5331275587070285,0.0135,0.061,-1.9014455066422966,-0.017089155468336552,-1.5714596556669382,0.0089
1787476300.0896807,-1.892555668111536,-0.0210817884989127,-1.0040207067108997,-1.9044460211696388,-0.01847138100618516,-1.5090636206880372,0.0122,0.505,-1.9014455066422966,-0.017089155468336552,-1.5714596556669382,0.0097
1787476300.157816,-1.8919195475958746,-0.021112517960099483,-0.9993560015857944,-1.9106801320529203,-0.029017174058092288,-1.1991389704183548,0.0204,0.200,-1.914005251846685,-0.03115856173771244,-1.167714104829177,0.0243
1787476300.2839859,-1.8903559084654118,-0.02017659446085894,-1.2433231481193256,-1.9179573919363115,-0.023422625973509633,-1.1462903674841034,0.0278,0.097,-1.9223996184818832,-0.022277473195121973,-1.1652300705736538,0.0321
1787476300.4118085,-1.8889557598351896,-0.019160181672331248,-1.5634896113097692,-1.917651566620025,-0.02276821678371133,-1.1014792904250772,0.0289,0.462,-1.9223996184818832,-0.022277473195121973,-1.1652300705736538,0.0336
1787476300.480851,-1.8881931279008093,-0.019007522702474407,-1.6011134184039992,-1.8990273376134417,-0.03477130446663253,-1.3166576828189664,0.0191,0.284,-1.8912795824120565,-0.036080626997036166,-1.3040608847750506,0.0173
1787476300.6102915,-1.8865543956852384,-0.01948772512826431,-1.5838523756190725,-1.8953843409580604,-0.03597043975179086,-1.2736715009195094,0.0187,0.310,-1.8912795824120565,-0.036080626997036166,-1.3040608847750506,0.0173
1787476300.6794639,-1.8858248726126876,-0.019890220944243957,-1.408401648105581,-1.8848983319846049,-0.02599979338902916,-1.5269865519308368,0.0062,0.119,-1.881418637350788,-0.02460562976457512,-1.544584594627896,0.0065
1787476300.7940888,-1.8842515328654899,-0.019870520583929737,-1.1315189004113388,-1.8789087070837074,-0.0254153336121662,-1.5097882738645199,0.0077,0.378,-1.881418637350788,-0.02460562976457512,-1.544584594627896,0.0055
1787476300.8571196,-1.8832530588870822,-0.01932697224430653,-1.1751900968454574,-1.8833416908990834,-0.031122358231524573,-1.0459152145143586,0.0118,0.129,-1.8852767926560572,-0.03213106322583054,-1.0302787626196548,0.0130
1787476300.9883652,-1.881314665854239,-0.017778606201768424,-1.5283624462340042,-1.8890985155890017,-0.03745751211587182,-0.7748730591678173,0.0212,0.753,-1.8939256364292962,-0.03905562273647372,-0.7476732327065878,0.0247
1787476301.0533082,-1.8804698276564593,-0.017219688520902967,-1.55296317637065,-1.8686651137536265,-0.020818991219044198,-1.6614926540927695,0.0123,0.109,-1.860491228256257,-0.016581606425816877,-1.7277061733953538,0.0200
1787476301.1879056,-1.878623704046419,-0.016847580073988382,-1.6248284882006336,-1.8647973065849384,-0.019798920711892515,-1.6723633157854456,0.0141,0.048,-1.860491228256257,-0.016581606425816877,-1.7277061733953538,0.0181
1787476301.256377,-1.8776647320158866,-0.016996305087349086,-1.5949444972638236,-1.8859570808834087,-0.010408043765907598,-1.8179218198717957,0.0106,0.223,-1.8969463379722893,-0.008230153248864789,-1.85864700230787,0.0212
1787476301.3909843,-1.8759763481623282,-0.017322136665932113,-1.1343904490139873,-1.8838790289870782,-0.007333021143052452,-1.8481264033286906,0.0127,0.714,-1.9081702612550384,-0.03555361080282118,-0.9718740311023407,0.0370
1787476301.474137,-1.8750320895600707,-0.01700416758577382,-1.138380028667065,-1.8994524015153238,-0.03038492770511272,-1.0549106583951346,0.0278,0.083,-1.9081702612550384,-0.03555361080282118,-0.9718740311023407,0.0380
1787476301.5562544,-1.8739834973332332,-0.01627840814345916,-1.1606345320569202,-1.8901997464414846,-0.025703593845762228,-0.9912697532483171,0.0188,0.169,-1.8851092350190568,-0.024625369588558033,-1.0063634839703672,0.0139
1787476301.6897297,-1.872154980604382,-0.014988238909383375,-1.3551433047671078,-1.8889909640695643,-0.025448221409304684,-0.9321397098161467,0.0198,0.423,-1.8851092350190568,-0.024625369588558033,-1.0063634839703672,0.0161
1787476301.7524562,-1.8712709225518696,-0.014886344896966133,-1.395910597540048,-1.8824505810964947,-0.017948758070123694,-1.3565549158176469,0.0116,0.039,-1.8801421720713,-0.015281813943392121,-1.3953476705906571,0.0089
1787476301.9033258,-1.869479609557573,-0.01574717833077145,-1.4105580512453781,-1.8921012570521654,-0.026547986492301928,-1.1496671230394893,0.0251,0.261,-1.900164753668689,-0.02983568035902216,-1.0960515850382673,0.0338
1787476301.9720218,-1.8687118247513321,-0.01662404613040936,-1.2204357053045147,-1.893862984116207,-0.012478696433599775,-1.5142872359457722,0.0255,0.294,-1.8954343600092158,-0.008311611360779467,-1.5763946076628217,0.0280
1787476302.1096961,-1.8670270516752818,-0.01746938545412592,-1.1634685067167605,-1.893396937783744,-0.016032432315340822,-1.3312064090484446,0.0264,0.168,-1.8929896092475442,-0.017866132220430413,-1.303069575138202,0.0260
1787476302.1876166,-1.8660734764215836,-0.017464919064485197,-1.146605847674277,-1.8898944000455715,-0.016924418884883215,-1.1837164830215159,0.0238,0.037,-1.8873976699491646,-0.01755498158643346,-1.1735742498133432,0.0213
1787476302.2699795,-1.8651561808497163,-0.017241192186622598,-1.2500092641525058,-1.8821046494799407,-0.03219166863829275,-1.0392732808657381,0.0226,0.211,-1.868759787964537,-0.02798237014467886,-0.9987305385172067,0.0113
1787476302.3495426,-1.864329091119424,-0.017072815968382154,-1.490195920116537,-1.8738792999054894,-0.029111873314739085,-0.9830230722224167,0.0154,0.507,-1.868759787964537,-0.02798237014467886,-0.9987305385172067,0.0118
1787476302.500156,-1.8624075215026636,-0.01762808670068099,-1.4856020492146143,-1.8719895297027649,-0.016823667349331765,-1.5245691330130944,0.0096,0.039,-1.8723633798690127,-0.013981702285837356,-1.5678431382993898,0.0106
1787476302.57179,-1.861428966915373,-0.018310466617078705,-1.3798386286373039,-1.8692359883379601,-0.015540042556039732,-1.5419618608447054,0.0083,0.162,-1.8797892976585109,-0.015618890887687828,-1.5277629101551045,0.0186
1787476302.6433673,-1.8605431009366171,-0.019008266220951277,-1.1378844973069118,-1.8764928587084977,-0.015565798662950502,-1.5283358126092923,0.0163,0.390,-1.8797892976585109,-0.015618890887687828,-1.5277629101551045,0.0195
1787476302.8020182,-1.8586945637608887,-0.01956486265537489,-1.1051748827014427,-1.8716611287452503,-0.028150442298621497,-1.036706425971907,0.0156,0.068,-1.870228256302803,-0.03101672831075851,-0.9929528711837007,0.0163
1787476302.8764637,-1.857676682730547,-0.019390302799115647,-1.1395799812950909,-1.8719075304806254,-0.01612090572566675,-1.2299805316476757,0.0146,0.090,-1.8729178697249056,-0.012935245734283318,-1.2766528828927728,0.0166
1787476302.9468453,-1.8567490264641338,-0.019080501682923426,-1.33042662980826,-1.8667806507520688,-0.03146654364265941,-0.9493381454732228,0.0159,0.381,-1.8650702624753757,-0.034931770908683504,-0.8979975486202562,0.0179
1787476303.1106062,-1.8549117934841006,-0.019187545447966203,-1.6251521076813151,-1.8781032859455424,-0.024958583384906696,-1.1867186175392468,0.0239,0.438,-1.885337474135725,-0.0232443140122516,-1.2132477882794326,0.0307
1787476303.1925578,-1.8538948908637254,-0.01979173140719106,-1.5857604602983961,-1.877884263226517,-0.02511617340968602,-1.1781788785074456,0.0246,0.408,-1.8758546248219998,-0.01804122419287302,-1.7527619656717424,0.0220
1787476303.269736,-1.852949088094657,-0.020548281335378296,-1.417749429336927,-1.8765296421018605,-0.019704624708803825,-1.7256974167949508,0.0236,0.308,-1.8758546248219998,-0.01804122419287302,-1.7527619656717424,0.0230
1787476303.402913,-1.8518978835014828,-0.02128371683994501,-1.3670857868844493,-1.8913297974858174,-0.031555870959424,-1.1589314147378176,0.0407,0.208,-1.9014215096322333,-0.035804320200624525,-1.0872170614308954,0.0516
1787476303.4698267,-1.8512600424207977,-0.021224894282531093,-1.353568514256722,-1.8716618203407318,-0.01876255215125288,-1.4496367588902164,0.0205,0.096,-1.8625346032411148,-0.016437701247606445,-1.4835722968337708,0.0122
1787476303.5990102,-1.8501167838309673,-0.020721096624334644,-1.6464085219224496,-1.8706949533553485,-0.018130181458657343,-1.4590904483049585,0.0207,0.187,-1.8625346032411148,-0.016437701247606445,-1.4835722968337708,0.0131
1787476303.6716383,-1.8494378038077677,-0.0206510015267411,-1.658610943718001,-1.8693560853226636,-0.01843017525394858,-1.443120896223907,0.0200,0.215,-1.8689234997477895,-0.01852838433125534,-1.4415970260846753,0.0196
1787476303.7513843,-1.8487022865899325,-0.020871033322691798,-1.6793651010360773,-1.862026598922212,-0.017505449027483865,-1.7845869354918236,0.0137,0.105,-1.8575662629861045,-0.016907881946925357,-1.7957849835151227,0.0097
1787476303.832111,-1.8479110221708448,-0.021379128745213683,-1.6678071364602198,-1.856450571969721,-0.01269362027512086,-1.8132922901841184,0.0122,0.145,-1.8547194803463671,-0.01195711197963731,-1.8234104929540096,0.0116
1787476303.9998782,-1.8465281225714543,-0.022549822732277052,-1.2367709707016161,-1.855500416730793,-0.02169324535078014,-1.7828042793080014,0.0090,0.546,-1.8561809431582323,-0.024207066403881126,-1.7468842313305573,0.0098
1787476304.0645013,-1.8456139895379373,-0.022445477682114395,-1.2390909475746996,-1.8525479183974523,-0.0217927701364308,-1.821888207512439,0.0070,0.583,-1.8561809431582323,-0.024207066403881126,-1.7468842313305573,0.0107
1787476304.1969638,-1.8437081120628704,-0.02160140777690198,-1.4272372296265843,-1.842846576217987,-0.03493358596495156,-1.192055946502729,0.0134,0.235,-1.8396330595577672,-0.036918392393339654,-1.1605448001155128,0.0158
1787476304.2731538,-1.8424297781863894,-0.021265966155042625,-1.6904764300266806,-1.8330447775125152,-0.026954993048234586,-1.349550945875456,0.0110,0.341,-1.829806535339628,-0.024866711404966418,-1.3794679885030894,0.0131
1787476304.3440228,-1.841059443642087,-0.02104322029127234,-1.8926017753282025,-1.8278571934846208,-0.027551616679427567,-1.3433916968617619,0.0147,0.549,-1.829806535339628,-0.024866711404966418,-1.3794679885030894,0.0119
1787476304.481407,-1.838223196937607,-0.021551885631800893,-2.354184940187348,-1.8422852563798824,-0.016682951381818044,-2.343110120918495,0.0063,0.011,-1.8434891748929798,-0.01687709341322756,-2.344015837340521,0.0070
1787476304.5498059,-1.8368640858479437,-0.022056120559209306,-2.441272587814848,-1.840071419754363,-0.015922192497309282,-2.412208608498079,0.0069,0.029,-1.8557809643928873,-0.017435102543660954,-2.588989710266763,0.0195
1787476304.6927736,-1.8349483445741257,-0.021251513223255518,-2.66175272494153,-1.8550205217316726,-0.025049459349934248,-2.4909365023251877,0.0204,0.171,-1.8610750616053986,-0.028146835449061616,-2.4460810416097623,0.0270
1787476304.7593625,-1.8339376167874697,-0.02027425004039651,-2.704479418759678,-1.8541033277447787,-0.031811912693611236,-2.521617311653956,0.0232,0.183,-1.8537402336792776,-0.03357892756681066,-2.4961177172231577,0.0239
1787476304.9004107,-1.832018278942929,-0.017886981436724587,-3.106751416030472,-1.8391699375709591,-0.027089786779404032,-2.6713167505686664,0.0117,0.435,-1.831236405257017,-0.025685990006837117,-2.691505491846035,0.0078
1787476304.9554737,-1.831116079405596,-0.017166862703415105,-3.131592684391223,-1.8368366984435935,-0.027687579782799406,-2.7546154720635596,0.0120,0.377,-1.831236405257017,-0.025685990006837117,-2.691505491846035,0.0085
1787476305.0810409,-1.8292534232528905,-0.01654095175129403,-3.210707113310046,-1.843854904771799,-0.02943891811800902,-3.049104529515417,0.0195,0.162,-1.8470550233871965,-0.02951773320480864,-3.0495451476937965,0.0220
1787476305.1466513,-1.8283289706537444,-0.016608496119849495,-3.1832234333921865,-1.8449139752006933,-0.029636065463688577,-3.1076386805788143,0.0211,0.076,-1.8462118891636665,-0.029569303209022995,-3.108876929979963,0.0221
1787476305.2812328,-1.8271180156485507,-0.016670925697576985,-2.8972293106671922,-1.8462912290639815,-0.030538214784387546,-3.0833590709758956,0.0237,0.186,-1.847747539329789,-0.030748090582320392,-3.07968522910607,0.0250
1787476305.3539932,-1.826638308161936,-0.01631795703700542,-2.762849489856128,-1.8282452871586734,-0.02457958354908825,-3.356145625463272,0.0084,0.593,-1.8108416809789054,-0.021290698133943152,-3.424997225257692,0.0166
1787476305.49176,-1.825521219924901,-0.014808100693418258,-2.62653625370291,-1.8538669261495362,-0.04498593938036526,-2.2108830583478047,0.0414,0.416,-1.8813987085100563,-0.05463723351556081,-2.0115573366735515,0.0686
1787476305.5627224,-1.8254913248421556,-0.014492518719900933,-2.560512370190768,-1.8460563713526585,-0.03663720391905266,-2.365378168557362,0.0302,0.195,-1.840946758937697,-0.03415600460246303,-2.4084604915154575,0.0250
1787476305.6481678,-1.825439876850023,-0.014404630828201679,-2.545631533117401,-1.8457051455071674,-0.037757505563941036,-2.3830186590466838,0.0309,0.163,-1.840946758937697,-0.03415600460246303,-2.4084604915154575,0.0251
1787476305.7826002,-1.825130230796714,-0.015612339391180641,-2.491225451028579,-1.8278936489043565,-0.03722333969098347,-2.2709223103150853,0.0218,0.220,-1.8206604895027443,-0.03709424729964824,-2.2716275198353815,0.0219
1787476305.844031,-1.8249842637607507,-0.016549426351954336,-2.277600845699356,-1.8362508022138817,-0.034868439976670156,-2.222112244250411,0.0215,0.055,-1.8412234833707484,-0.03467787655412694,-2.2206172481783835,0.0243
1787476305.9966846,-1.8242912200246386,-0.017528310787337246,-1.9500000771173918,-1.8349969823520056,-0.035578123269350656,-2.226872038660494,0.0210,0.277,-1.8412234833707484,-0.03467787655412694,-2.2206172481783835,0.0241
1787476306.0741518,-1.8235460039709166,-0.017302377961870355,-2.0173257671560263,-1.8179445206865432,-0.03739376831457598,-1.7184960770067526,0.0209,0.299,-1.8122842971823039,-0.032836468551874685,-1.8628849032731851,0.0192
1787476306.200148,-1.8219846527721357,-0.01679919326068376,-2.325135270681577,-1.8142743214786143,-0.03443240114349472,-1.8313698286839364,0.0192,0.494,-1.8122842971823039,-0.032836468551874685,-1.8628849032731851,0.0187
1787476306.2693632,-1.8211394208359022,-0.016987989910121726,-2.50913740759638,-1.8022721500740955,-0.035704499051603875,-2.0831368323802244,0.0266,0.426,-1.7996408208172687,-0.035591342792076486,-2.0866206700829046,0.0284
1787476306.404672,-1.8189623404301687,-0.01876077738207175,-2.702026306631552,-1.7966625575937831,-0.03637130540403515,-2.0797502204993847,0.0284,0.622,-1.7996408208172687,-0.035591342792076486,-2.0866206700829046,0.0256
1787476306.4744654,-1.8178739347027666,-0.020053426105529487,-2.573298603829704,-1.818913980364516,-0.03809641702667073,-2.4349890184054965,0.0181,0.138,-1.8282720071990255,-0.03874912358915586,-2.4212516348568602,0.0214
1787476306.5424423,-1.8168844334443035,-0.02130903743317261,-2.296097426626207,-1.8264682794133937,-0.041850018685971255,-2.388449984967332,0.0227,0.092,-1.8311441178930101,-0.042776215547547555,-2.3717802454534036,0.0258
1787476306.6799948,-1.8148901022801804,-0.02236226056232406,-2.2574834921130353,-1.8181156715635507,-0.04463975569494925,-2.306260596966811,0.0225,0.049,-1.812395132116552,-0.04526893947432872,-2.295895635336958,0.0230
1787476306.7482324,-1.8138128236569735,-0.022542379998633146,-2.2809630743546636,-1.8211390359872313,-0.04111351347584272,-2.0616079980053046,0.0200,0.219,-1.8237505360012767,-0.04039820608125264,-2.070175202775648,0.0204
1787476306.8905034,-1.8118696153082456,-0.022724113322920236,-2.7330871883987786,-1.8321930113886913,-0.03577467307804638,-1.9959801286373662,0.0242,0.737,-1.8387445472216828,-0.03486010262453115,-2.007656927640632,0.0295
1787476306.9670248,-1.8108779916320066,-0.02314997240056075,-2.729551423474166,-1.821450379381624,-0.02286289249626563,-2.476511176549811,0.0106,0.253,-1.8155630621546235,-0.019893324079393957,-2.5218493396876944,0.0057
1787476307.0462432,-1.8098647569056607,-0.024006973045210038,-2.707075370273154,-1.820538142418215,-0.020912691304363296,-2.5059667596690227,0.0111,0.201,-1.8155630621546235,-0.019893324079393957,-2.5218493396876944,0.0070
1787476307.190528,-1.8080070444538392,-0.0261096342625904,-2.292763911960504,-1.8153795589082398,-0.03117283821294884,-2.6949485333798684,0.0089,0.402,-1.8181051913446402,-0.03348537354926011,-2.661793198438479,0.0125
1787476307.2546499,-1.8071265179050808,-0.026754191987591446,-2.2724264850904667,-1.8123464734205608,-0.0476353997458414,-2.4182830320077606,0.0215,0.146,-1.8116396448622683,-0.05139296027677425,-2.361705304726784,0.0250
1787476307.389091,-1.8051812402957201,-0.027237634326527507,-2.28678395913097,-1.8110470762723445,-0.049295011162758216,-2.429975881958454,0.0228,0.143,-1.8116396448622683,-0.05139296027677425,-2.361705304726784,0.0250
1787476307.4756088,-1.8042215945472682,-0.02724788335659939,-2.406724410650296,-1.8077080855438357,-0.03432984852078867,-2.1715843258511054,0.0079,0.235,-1.8062041711080754,-0.03186838494861487,-2.2053516732011933,0.0050
1787476307.5496914,-1.803386251262409,-0.02738140245747209,-2.4156037217427913,-1.8047084511954905,-0.041319514981710756,-2.156258169695193,0.0140,0.259,-1.8041233807857526,-0.04277497252938434,-2.1350745884852724,0.0154
1787476307.6891105,-1.8015027679750772,-0.028552975035343424,-2.4764382414128554,-1.8079982640828651,-0.03514640400278018,-2.4025569697486877,0.0093,0.074,-1.8113049573793931,-0.03287580774360164,-2.4386081024028514,0.0107
1787476307.7681582,-1.8005656395987328,-0.02945389321240321,-2.4060527938535725,-1.8093157082818039,-0.030082163905409156,-2.5850941755544126,0.0088,0.179,-1.8109267923579222,-0.02878161811862744,-2.605688619822975,0.0104
1787476307.9086993,-1.7990895583415587,-0.030787183621271662,-2.152699525961616,-1.8087995950852747,-0.028643878382150826,-2.624194778567048,0.0099,0.471,-1.8090920322385755,-0.028465221520367637,-2.6269667551972016,0.0103
1787476307.9801314,-1.7983754235523453,-0.030961427922035278,-2.1387230207744587,-1.8048530926140618,-0.030849051571024896,-2.258166524342313,0.0065,0.119,-1.8032056403999943,-0.03182926266025386,-2.2408206758383016,0.0049
1787476308.0446699,-1.7976119491186549,-0.03085497983608454,-2.18837726752693,-1.8025800760992934,-0.029097999753218817,-2.2446536475216106,0.0053,0.056,-1.8023091181636823,-0.028912870473813898,-2.2472322151061364,0.0051
1787476308.2008104,-1.7962679624876474,-0.030611046513276823,-2.623014264898158,-1.7977523884060393,-0.02840696635425841,-2.3718817013943787,0.0027,0.251,-1.795695554794187,-0.02821920016204265,-2.3751717641178804,0.0025
1787476308.2798834,-1.7954686068507755,-0.030996953871189423,-2.6177570141501723,-1.7959452168957908,-0.027767290950009214,-2.3773328025751526,0.0033,0.240,-1.8029396408015068,-0.040586896230649705,-2.5239838393293548,0.0122
1787476308.366591,-1.7946349425766366,-0.03174863691659302,-2.599597087563814,-1.8005292356686224,-0.038512250947887516,-2.55256838014498,0.0090,0.047,-1.8029396408015068,-0.040586896230649705,-2.5239838393293548,0.0121
1787476308.4460523,-1.794225895052426,-0.03232213915695654,-2.704323672835642,-1.8168173043128413,-0.03180559264273411,-2.852596714763775,0.0226,0.148,-1.8264186017400834,-0.029744268499553958,-2.89474432643061,0.0323
1787476308.592088,-1.7933722448448335,-0.032781534578696064,-2.449008424584347,-1.8043378567347486,-0.039237704573141005,-2.7224373631989147,0.0127,0.273,-1.798654762363722,-0.04037837573551963,-2.7031108589881634,0.0093
1787476308.6689441,-1.7929222207105533,-0.03226775225157755,-2.2853097542046927,-1.8033253018972935,-0.03954131818376054,-2.5749000080152054,0.0127,0.290,-1.8027998514103634,-0.039771837518607425,-2.5691655745447703,0.0124
1787476308.8007116,-1.7921852752030671,-0.030838839862569977,-2.3325966317692455,-1.8023073461778847,-0.04049192340042557,-2.593363014203779,0.0140,0.261,-1.8027998514103634,-0.039771837518607425,-2.5691655745447703,0.0139
1787476308.8594406,-1.791628302803131,-0.030506394065987177,-2.348306677737047,-1.8036755786559255,-0.027398784142134675,-2.5474244374772423,0.0124,0.199,-1.804575428309072,-0.025657477235283763,-2.5736153149115117,0.0138
1787476308.9814022,-1.790308134290918,-0.030716997299738404,-2.3520116224002923,-1.797688512988478,-0.02392267572601082,-2.635506649554764,0.0100,0.283,-1.795762751218888,-0.023664479591311013,-2.637378017432774,0.0089
1787476309.1129336,-1.7890218206226265,-0.03164324462288965,-2.0024643812812246,-1.7966290396988869,-0.022792037302844174,-2.649828917926472,0.0117,0.647,-1.795762751218888,-0.023664479591311013,-2.637378017432774,0.0104
1787476309.1911683,-1.7883111765644792,-0.03184976953425377,-1.9874774788177214,-1.8034355724489783,-0.0330748236670715,-2.3839039763022942,0.0152,0.396,-1.80637473063024,-0.03491465743918998,-2.3589816800723282,0.0183
1787476309.2683654,-1.787532794713488,-0.031802886697153004,-1.966054829042163,-1.8009198953635106,-0.02900272878788964,-2.340812839513654,0.0137,0.375,-1.7998006309967411,-0.028236421565724375,-2.3505924639048636,0.0128
1787476309.407253,-1.7858604958761473,-0.03084613064367051,-2.1266188652533318,-1.796410527745821,-0.04192005236885344,-1.8951422930292974,0.0153,0.231,-1.7948248328526082,-0.04482090957066224,-1.8500735232373628,0.0166
1787476309.4826527,-1.785141782179586,-0.03043784763854229,-2.406832782186187,-1.7952599560452933,-0.04337326016877759,-1.8463656856732555,0.0164,0.560,-1.7948248328526082,-0.04482090957066224,-1.8500735232373628,0.0173
1787476309.5548315,-1.7842264084931039,-0.030343747498250515,-2.414642464477324,-1.7784324678138264,-0.03455773821145318,-2.215780671938302,0.0072,0.199,-1.771898128655979,-0.0331791168235799,-2.2311548282582874,0.0127
1787476309.6937473,-1.7822383049373434,-0.031077490637427065,-2.238905217412625,-1.7846224794770547,-0.028710261137888632,-2.6452912222759073,0.0034,0.406,-1.789077921634903,-0.02733487549735285,-2.672362821308179,0.0078
1787476309.7646992,-1.7813567434116517,-0.03159116692422953,-1.9516463624666505,-1.7818176063961217,-0.02632164961732625,-2.5457779867441523,0.0053,0.594,-1.7810343141255542,-0.02601669151670026,-2.548476207538144,0.0056
1787476309.8979132,-1.779518412507637,-0.03187061340125581,-1.9133354014849182,-1.7796689971215751,-0.04203115444475433,-1.7638231072266706,0.0102,0.150,-1.7811271924679852,-0.045804064322075774,-1.7029393287823575,0.0140
1787476309.954368,-1.7784836150224526,-0.031563911445042614,-1.922657458473727,-1.777838026502012,-0.04314320426666784,-1.7184618356483683,0.0116,0.204,-1.7811271924679852,-0.045804064322075774,-1.7029393287823575,0.0145
1787476310.094612,-1.7765702755654735,-0.030679486919243493,-2.2570765063638216,-1.7720388986795772,-0.043907765154534935,-1.7991979511058156,0.0140,0.458,-1.7691707574676971,-0.043876634149090266,-1.8000539328665413,0.0151
1787476310.1754198,-1.7756894918690314,-0.03046001188562967,-2.2723983445201132,-1.7870589935754255,-0.04115660434462031,-1.7900516150933872,0.0156,0.482,-1.795324940167108,-0.0409721722048354,-1.7881171909802587,0.0223
1787476310.2465675,-1.7747405681606032,-0.030609029859591796,-2.296854512275089,-1.7728576001147,-0.0436164427518963,-2.124436372812512,0.0131,0.172,-1.765955012797129,-0.04349463901860762,-2.126919808707515,0.0156
1787476310.4116843,-1.772860703178251,-0.031551198393135034,-2.1075293398981887,-1.775760317926438,-0.03203357449845023,-2.4133126219079735,0.0029,0.306,-1.7792698911639204,-0.028793844506941106,-2.4667728088231793,0.0070
1787476310.4938207,-1.77200976580552,-0.031884875384379306,-1.8175218070669938,-1.7818073213122396,-0.04206185178597859,-2.307247146912659,0.0141,0.490,-1.7860735410865625,-0.04447494228023351,-2.2753399579916422,0.0189
1787476310.56238,-1.7713751298788527,-0.03186858195803679,-1.6459471780652264,-1.7810630825353677,-0.04298005688553869,-2.311165990040069,0.0147,0.665,-1.771500536887337,-0.04696673416254322,-1.6004263675467276,0.0151
1787476310.6840348,-1.7700712932857943,-0.03119543937704223,-1.5278084596718755,-1.77435748173384,-0.04606810242384215,-1.6178038621105577,0.0155,0.090,-1.771500536887337,-0.04696673416254322,-1.6004263675467276,0.0158
1787476310.7495694,-1.769469987034144,-0.030961119138906337,-1.5466837801420372,-1.7692236978458704,-0.02397332207530405,-1.708169943818668,0.0070,0.161,-1.7686484484861185,-0.020494802769520384,-1.7595461013661098,0.0105
1787476310.913392,-1.768152614291319,-0.031206596222738737,-1.6634424757914932,-1.7719704694486529,-0.028613771548197667,-1.7153867759465111,0.0046,0.052,-1.7742738760195749,-0.029822294149393472,-1.7004595588887534,0.0063
1787476310.975553,-1.7674482107722935,-0.03181407614117944,-1.6354627764681153,-1.7704855060332612,-0.02749494771894553,-1.6755932976751367,0.0053,0.040,-1.7742738760195749,-0.029822294149393472,-1.7004595588887534,0.0071
1787476311.0544038,-1.7668240319571245,-0.03247168788342338,-1.4888226409731107,-1.7637058046246112,-0.028090243507197868,-1.8056661531718003,0.0054,0.317,-1.764734822270364,-0.02951345999339402,-1.7856318302644498,0.0036
1787476311.188523,-1.7655756541080092,-0.03270179843202893,-1.2416796718745546,-1.7619292557665358,-0.027368900389690098,-1.7842266239396751,0.0065,0.543,-1.764734822270364,-0.02951345999339402,-1.7856318302644498,0.0033
1787476311.2548735,-1.7648504884691512,-0.032215534484369784,-1.2714876463524873,-1.7638924302211638,-0.038163935894357515,-1.265328290876353,0.0060,0.006,-1.7653951936192411,-0.04039866923783639,-1.2303573066575824,0.0082
1787476311.4033725,-1.763545432500824,-0.030899080652063076,-1.6503795425089829,-1.7519902466466142,-0.037710411554803556,-1.2861528804637892,0.0134,0.364,-1.7474420204914465,-0.03737679239612269,-1.2903260670985717,0.0174
1787476311.4751525,-1.7627421698337529,-0.03058165848441108,-1.6665004756745556,-1.7522459810282955,-0.02884226177307373,-1.5071489127694018,0.0106,0.159,-1.754229186649234,-0.026508367721386747,-1.5454264341237578,0.0094
1787476311.5435607,-1.7618751905426235,-0.030604715003239535,-1.6845582636375596,-1.7578827566819273,-0.019549042077637115,-1.8772305897106367,0.0118,0.193,-1.7623752159766315,-0.017417283495814725,-1.9154345711542402,0.0132
1787476311.690127,-1.7601851196218914,-0.0312196252995364,-1.4606813618056922,-1.7563016413627963,-0.01769826535562694,-1.873620747006878,0.0141,0.413,-1.7623752159766315,-0.017417283495814725,-1.9154345711542402,0.0140
1787476311.7771575,-1.7594255483905679,-0.03141486591262086,-1.1722317137759968,-1.7575992444625888,-0.025988967207424662,-1.9008155123980714,0.0057,0.729,-1.7581778284592986,-0.027324723532524138,-1.8820737644560426,0.0043
1787476311.868777,-1.7585182599310192,-0.03121203203679078,-1.1737494756939004,-1.7602640707067203,-0.02850461562090238,-1.6505336485530828,0.0032,0.477,-1.7622538310033766,-0.029351406831056026,-1.6384349520569912,0.0042
1787476311.948292,-1.7575325275103861,-0.03066011455082391,-1.21608542415535,-1.7559801624625782,-0.03476722840940015,-1.193324936158298,0.0044,0.023,-1.7566506789220095,-0.03412672186894173,-1.2045696355198197,0.0036
1787476312.1098244,-1.7553161720743606,-0.02949568843266537,-1.7685724732894479,-1.7661225773921205,-0.04250651989267017,-1.0082872585442197,0.0169,0.760,-1.7727536346880517,-0.04455616035121304,-0.9783022430097429,0.0230
1787476312.1882343,-1.7539245112087802,-0.0294011665694983,-2.128200702692213,-1.7523384869875747,-0.03318289274315267,-1.4615214747360747,0.0041,0.667,-1.7447912744245184,-0.030745544402279546,-1.4930186193749302,0.0092
1787476312.2681487,-1.752491282854405,-0.0296120408370763,-2.437296426181605,-1.7527753645930253,-0.027992393151201757,-1.8736094793637428,0.0016,0.564,-1.7540437941329148,-0.026283514540422763,-1.9036453725384148,0.0037
1787476312.360983,-1.7511322863487224,-0.02994659235175035,-2.6292913492971097,-1.7466059298074603,-0.03234129540493406,-2.2208567388394833,0.0051,0.408,-1.743794380993373,-0.03296677509997072,-2.213550933444798,0.0079
1787476312.4613464,-1.7502223366197809,-0.029908605601930163,-2.6247988316888944,-1.7413644371058898,-0.037891565344669684,-2.3995019439971683,0.0119,0.225,-1.7382623721970627,-0.03932772431423731,-2.3799191647945626,0.0152
1787476312.537266,-1.7491813694517404,-0.0294123565392769,-2.6144194195829753,-1.7497209516242747,-0.04661999055684992,-2.450624134992638,0.0172,0.164,-1.7560414542557234,-0.04838667828707223,-2.4257900885558232,0.0202
1787476312.6921084,-1.7471995410513979,-0.02795483637782785,-2.944324218304203,-1.748238235756788,-0.04758936930141124,-2.3956547191999444,0.0197,0.549,-1.7480140404517734,-0.04752751264608221,-2.3957868892420007,0.0196
1787476312.7600977,-1.746592479170634,-0.02753198666269092,-2.9600635767265433,-1.7469799215366033,-0.04946143281099869,-2.440660055103303,0.0219,0.519,-1.7480140404517734,-0.04752751264608221,-2.3957868892420007,0.0200
1787476312.8370109,-1.7459544520910824,-0.027344557358148353,-2.973957497395423,-1.7526805614572278,-0.042023899231491676,-2.883603037720637,0.0161,0.090,-1.7552894324609856,-0.04051678198695432,-2.908510014832324,0.0161
1787476312.9996681,-1.7448172612311061,-0.02785565036401739,-2.736472601384403,-1.7543354493128915,-0.043491202821626294,-2.8621909619735297,0.0183,0.126,-1.7554724215381527,-0.04375602614935192,-2.8578218804249667,0.0191
1787476313.0794952,-1.7443132553996838,-0.027995763195082242,-2.4512167940317755,-1.7554342772568352,-0.051797986024413545,-2.537544766374882,0.0263,0.086,-1.7566145295056756,-0.05358041772675691,-2.507846756204531,0.0284
1787476313.1550632,-1.7436383497493035,-0.027899569633292556,-2.4498658050641113,-1.7479784160095846,-0.05171931518254455,-2.5006400916930085,0.0242,0.051,-1.743921407799527,-0.05132499135590611,-2.505180331857912,0.0234
1787476313.2962937,-1.7425698865331514,-0.027179868104086666,-2.4098405890590646,-1.747807211200311,-0.046965849841091,-2.260108579386259,0.0205,0.150,-1.7481373462115537,-0.04609884452037958,-2.271262305127527,0.0197
1787476313.3595572,-1.7422726466020273,-0.027068137770544676,-2.479337511047535,-1.7470506734326794,-0.04778513455507013,-2.2705685077143536,0.0213,0.209,-1.7302812912560632,-0.035669434208070214,-2.3198130674272424,0.0148
1787476313.4383132,-1.7419505241427757,-0.027187804972335576,-2.5669769826007194,-1.73573474369416,-0.0375753803649756,-2.292339503471421,0.0121,0.275,-1.7445396990302062,-0.045580552120706455,-2.350185635452371,0.0186
1787476313.5825155,-1.7413611311396164,-0.02852679779997849,-2.776925101652283,-1.7405736044549398,-0.0440388178378416,-2.3713598334138823,0.0155,0.406,-1.7445396990302062,-0.045580552120706455,-2.350185635452371,0.0173
1787476313.700545,-1.7406589947253264,-0.029821994275693764,-2.6762410275781363,-1.7383552677474439,-0.044723532394473776,-2.4008703483556797,0.0151,0.275,-1.7445396990302062,-0.045580552120706455,-2.350185635452371,0.0162
1787476313.7744772,-1.7400854561796704,-0.03007301130483645,-2.6496337621264825,-1.7425071140700092,-0.05137123731473601,-2.558902326909703,0.0214,0.091,-1.743797813895328,-0.05204267498521192,-2.5496013728995295,0.0223
1787476313.9075682,-1.7387362844200733,-0.029727968894271213,-2.7677546708505525,-1.7396757742390336,-0.05847786930438757,-2.3868821784823893,0.0288,0.381,-1.738838989680534,-0.05984742025359832,-2.3648081231814713,0.0301
1787476313.971347,-1.7381658865644647,-0.02946690085571786,-3.0158449087318404,-1.7354164003102086,-0.048243219846366085,-2.5521963314199048,0.0190,0.464,-1.7337719968518195,-0.04576237243186777,-2.5901518332623246,0.0169
1787476314.037272,-1.7370059519643026,-0.029517284398481506,-3.0924710445154147,-1.7311644527455572,-0.04302766091292613,-2.910063595469088,0.0147,0.182,-1.730154149524138,-0.04186637486540679,-2.9287718997091337,0.0141
1787476314.1885445,-1.7344524421315286,-0.030487933964572018,-3.1526044328433773,-1.7214601136111523,-0.04448478938629282,-2.8638095877163012,0.0191,0.289,-1.717528357983876,-0.0448434451932942,-2.856532670956362,0.0222
1787476314.2583132,-1.733161741300501,-0.03139236234042519,-2.9948201786402686,-1.7185651756659885,-0.044431335030376815,-2.908776981747988,0.0196,0.086,-1.70837847701421,-0.04003337152399096,-2.9927052605072086,0.0262
1787476314.4113863,-1.730800916318939,-0.03244105636601711,-2.6998606045459264,-1.7116201043226114,-0.04065364563844715,-2.9865793181558478,0.0209,0.287,-1.70837847701421,-0.04003337152399096,-2.9927052605072086,0.0237
1787476314.4838693,-1.7295754814135937,-0.03240200255687542,-2.701608002735965,-1.7260302550307243,-0.05103796345536207,-2.4219925240636755,0.0190,0.280,-1.734138116349692,-0.05367049549333676,-2.380325874027139,0.0218
1787476314.55605,-1.7283457226546843,-0.03211645588986578,-2.8012174902945652,-1.7282807977530683,-0.05083598396105033,-2.5689890153678197,0.0187,0.232,-1.7301123116097366,-0.050585498468669124,-2.573932589302592,0.0186
1787476314.6838338,-1.7261502309522767,-0.0317137416160167,-3.0536485147807433,-1.7289904879499052,-0.04753542143218803,-2.6842270175547616,0.0161,0.369,-1.729784451331786,-0.046728907804289566,-2.6969137883688656,0.0154
1787476314.7481606,-1.7250562032594592,-0.03187746634522531,-3.069837646459212,-1.7282182539125233,-0.04774370069945329,-2.706090667785515,0.0162,0.364,-1.729784451331786,-0.046728907804289566,-2.6969137883688656,0.0156
1787476314.8870397,-1.7228802276331492,-0.03309532966329799,-3.1536741587476453,-1.7399767022259185,-0.04247597188434054,-3.0373323929349607,0.0195,0.116,-1.744399050552712,-0.041518606693119436,-3.0576965444586555,0.0231
1787476314.9574656,-1.7219141273704217,-0.03379331272675951,-2.998894236701623,-1.7241826070848563,-0.03882317858325324,-3.2393871255155733,0.0055,0.240,-1.714113594698296,-0.037540295223770746,-3.25739301807638,0.0087
1787476315.0950732,-1.7198442099864817,-0.03418585228849809,-2.9703405048219587,-1.7235612959331146,-0.054311893864205145,-2.71445016861601,0.0205,0.256,-1.7251152642045524,-0.05815336480286418,-2.652245806841622,0.0245
1787476315.1803424,-1.7187075104476595,-0.03400953012282508,-2.9894854047525454,-1.7206861719926585,-0.053760477133830635,-2.8284800463570394,0.0198,0.161,-1.7196423440492257,-0.05331136329178491,-2.835686792171939,0.0193
1787476315.2691991,-1.7176402156208912,-0.033640596799503056,-3.1682316572494456,-1.7189922544438199,-0.0549532804331461,-2.8546153019074154,0.0214,0.314,-1.725837433908447,-0.06143757525661862,-2.549867627708947,0.0290
1787476315.3606713,-1.7166390238657427,-0.0334678130451727,-3.470563048837257,-1.7152586537981436,-0.059516049730432584,-2.732783981652956,0.0261,0.738,-1.7086103436075086,-0.05859433025006852,-2.7476825611368194,0.0264
1787476315.496957,-1.7144626798561036,-0.03467674172709995,-3.3984080705607704,-1.7128702322912293,-0.06147403329948815,-2.749509100002974,0.0268,0.649,-1.7111282289266527,-0.049191590486690376,-3.385477239409181,0.0149
1787476315.5751495,-1.7134326947297334,-0.03553428702104419,-3.217997773896933,-1.711713961428277,-0.05107420737593704,-3.3548736251833917,0.0156,0.137,-1.7152638340548294,-0.050656766197849264,-3.271139963181345,0.0152
1787476315.6582408,-1.7128844823666598,-0.03609706466735313,-3.180226090448899,-1.7134139153982626,-0.05060691058309137,-3.272482266698027,0.0145,0.092,-1.7152638340548294,-0.050656766197849264,-3.271139963181345,0.0148
1787476315.7284281,-1.7122349665929033,-0.036292676239747454,-3.1145305934987206,-1.7195597950918808,-0.05396771154382865,-3.042264496141045,0.0191,0.072,-1.7229524707728616,-0.0547291332462523,-3.0301021732908655,0.0213
1787476315.8922467,-1.710771381116231,-0.03590108471003464,-3.071510603758725,-1.7106137814612012,-0.06229194745536805,-2.725738041898236,0.0264,0.346,-1.7061330523849465,-0.06431877935523017,-2.694241951399097,0.0288
1787476315.9571457,-1.7101558151278413,-0.03574042565071201,-3.275829397928884,-1.7084923079316907,-0.06433983686826553,-2.7245445238957124,0.0286,0.551,-1.7061330523849465,-0.06431877935523017,-2.694241951399097,0.0289
1787476316.0867612,-1.709537306549952,-0.03648235817046873,-3.3223562953184547,-1.7036130506209168,-0.04982183101178982,-3.181338093122014,0.0146,0.141,-1.7022339171750123,-0.04800829317803818,-3.20956073030986,0.0136
1787476316.155757,-1.7092151570452392,-0.03720484152964359,-3.318032496245114,-1.710342682552632,-0.05510222297133218,-2.95618442033317,0.0179,0.362,-1.716162511411045,-0.057494758487862535,-2.914596026908236,0.0214
1787476316.2976105,-1.7085386825444158,-0.03745298789168142,-3.2862591390744416,-1.6962728792352961,-0.052084786944283264,-3.340274945797256,0.0191,0.054,-1.6907686681983833,-0.05138899340378882,-3.3466815894644917,0.0226
1787476316.3693335,-1.7080664264510899,-0.03726478328667186,-3.2573344224515455,-1.708857228339943,-0.0692045836701756,-2.8350787161075908,0.0319,0.422,-1.7151004530204443,-0.07215954815815943,-2.795632087420683,0.0356
1787476316.4390872,-1.7074943676868894,-0.03671787020913169,-3.2491052212077136,-1.7071384219127759,-0.07443124003446785,-2.7094949543337203,0.0377,0.540,-1.7069022370142564,-0.0753547359893744,-2.6947016405093382,0.0386
1787476316.6099024,-1.7065055467790835,-0.03530936219804624,-3.5822795565023107,-1.6983430080882131,-0.07299540453092732,-2.7246332058001395,0.0386,0.858,-1.6941135900456035,-0.07184568394944868,-2.744531574914233,0.0386
1787476316.6736803,-1.7057582585814046,-0.03524403027786187,-3.5888703512348394,-1.6964829926226472,-0.07509647523690761,-2.7165984649751027,0.0409,0.872,-1.6941135900456035,-0.07184568394944868,-2.744531574914233,0.0384
1787476316.7969933,-1.7041710453809533,-0.03582855412953952,-3.489957890572344,-1.6905020353753586,-0.0657384507787105,-3.2823406228974514,0.0329,0.208,-1.6887836018519515,-0.06398997990138595,-3.311109985579865,0.0321
1787476316.8609834,-1.7034538234563443,-0.03631304003683748,-3.287330860852238,-1.6759077231209518,-0.07317281929873479,-2.968385265650379,0.0460,0.319,-1.671924112441984,-0.07413570548456629,-2.9508136329516574,0.0492
1787476317.009666,-1.7020339695737714,-0.03667065262921732,-3.2154722625434387,-1.6723635189787942,-0.07469917778455457,-2.975736556928537,0.0482,0.240,-1.671924112441984,-0.07413570548456629,-2.9508136329516574,0.0481
1787476317.084637,-1.7012060826302193,-0.036430982637852556,-3.171743651090896,-1.6869099171367208,-0.07226878437961592,-2.790979387535431,0.0386,0.381,-1.6933799896077135,-0.07263996433797355,-2.779799736577515,0.0370
1787476317.1500282,-1.7003727143567755,-0.03594735062669241,-3.2260313494013992,-1.6890999957254724,-0.07190907936550248,-2.820541674702799,0.0377,0.405,-1.6910282611283158,-0.07163690321369882,-2.825097428242895,0.0369
1787476317.2257204,-1.699642744839454,-0.03545561263839951,-3.4324488494559655,-1.68520981714362,-0.07424531025846899,-2.652776842299806,0.0414,0.780,-1.6844402505691136,-0.07442962116200796,-2.6497590191956295,0.0418
1787476317.398179,-1.697986659722724,-0.035700911542394194,-3.693528138109771,-1.6842422335142728,-0.06225545925250346,-3.021580754864048,0.0299,0.672,-1.684393189973203,-0.05830323168169503,-3.085456876555757,0.0264
1787476317.4741933,-1.6970578017172406,-0.03646090511966929,-3.6080205609037326,-1.6915572713689848,-0.0700121557022342,-3.230419541215327,0.0340,0.378,-1.6974385921628605,-0.07216614363613726,-3.1966902169769695,0.0357
1787476317.5582721,-1.6962369301460936,-0.03728286537347776,-3.3590706016817427,-1.6850696218796635,-0.06409109752226638,-3.4199569109017975,0.0290,0.061,-1.6824328389923064,-0.06268914827430781,-3.4418838524368294,0.0289
1787476317.692973,-1.6936605744249291,-0.03792335375637369,-2.6797781810523293,-1.6832718252821919,-0.06387626196771197,-3.4736461729769625,0.0280,0.794,-1.6824328389923064,-0.06268914827430781,-3.4418838524368294,0.0272
1787476317.7587688,-1.6922892372791383,-0.03789750012128874,-2.380803780390647,-1.6770166021739832,-0.07227902455171405,-2.6026030111709,0.0376,0.222,-1.6754325212336445,-0.07371441354592771,-2.5781508446529746,0.0396
1787476317.9126983,-1.6898782778208699,-0.037779494964844756,-2.2222437802819233,-1.6498434810983587,-0.033962631450658934,-3.0415599762453014,0.0402,0.819,-1.642664970062743,-0.029166400256024877,-3.108556288526985,0.0480
1787476317.988324,-1.6887205698448706,-0.038147554904605877,-2.267018692278879,-1.6441616197420343,-0.02945267496124306,-3.0530021597927224,0.0454,0.786,-1.6972163966815268,-0.066755405738942,-1.8225267168084056,0.0298
1787476318.0544128,-1.6874993197425143,-0.03885476794459159,-2.295753997351759,-1.6792506839382955,-0.05936733333384708,-1.9490550898102228,0.0221,0.347,-1.6972163966815268,-0.066755405738942,-1.8225267168084056,0.0295
1787476318.1885478,-1.6852241392039458,-0.040630951002698895,-2.0178228030741887,-1.6719064712631375,-0.05425502213479827,-2.208537417657852,0.0191,0.191,-1.6694953906913292,-0.05335246704192322,-2.223202465225729,0.0202
1787476318.257476,-1.6841144375750146,-0.04129802222687991,-1.7396556893703028,-1.6699716479471245,-0.053094394334408115,-2.149908910439285,0.0184,0.410,-1.6694953906913292,-0.05335246704192322,-2.223202465225729,0.0189
1787476318.4056468,-1.6823789789621142,-0.04100810339662348,-1.7321617566083094,-1.674845602339558,-0.05522612999498495,-1.7044785527842894,0.0161,0.028,-1.677837872227541,-0.053985518153770326,-1.7245526295877533,0.0137
1787476318.47433,-1.6815599779507102,-0.040449122857073395,-1.8498796066701526,-1.671951496418395,-0.05530656520541644,-1.625206809957868,0.0177,0.225,-1.6708357575401989,-0.055423949722811554,-1.6230095746766964,0.0184
1787476318.5503187,-1.6808287449506323,-0.03997406336159937,-2.0954597010433,-1.6670545629725406,-0.05255144257835968,-1.774060458546563,0.0187,0.321,-1.6645044601531267,-0.05174645952250602,-1.7870464983875578,0.0201
1787476318.6459394,-1.6803585606166267,-0.039965085689473434,-2.166061089542558,-1.665455292810916,-0.05157575605580933,-1.7121145438655971,0.0189,0.454,-1.6645044601531267,-0.05174645952250602,-1.7870464983875578,0.0198
1787476318.8016775,-1.6794630954220178,-0.04112604480625238,-2.2815544182903515,-1.6747223880279916,-0.04609185739894475,-2.2629711025245487,0.0069,0.019,-1.6781000846080376,-0.044579793214231535,-2.293187683144176,0.0037
1787476318.8698614,-1.679391782891551,-0.041290033370869124,-2.2896510304455364,-1.6744235982639626,-0.0445867124264352,-2.2483191697693647,0.0060,0.041,-1.6781000846080376,-0.044579793214231535,-2.293187683144176,0.0035
1787476319.0032494,-1.6791424807098636,-0.04071052527386409,-2.266481667130127,-1.6466982454234322,-0.07091170025474369,-1.5677641977071641,0.0443,0.699,-1.6363983531120314,-0.0754705305084746,-1.4885775687256273,0.0551
1787476319.0675972,-1.6789570426559173,-0.03987654575040082,-2.365852580147418,-1.6641371940861358,-0.06288119780185177,-1.9799361424481696,0.0274,0.386,-1.671596127927083,-0.06149622172156355,-2.0064719711573953,0.0228
1787476319.2102797,-1.6784330446169076,-0.03845898919781575,-2.619727225258344,-1.6631257368621004,-0.06335660894599326,-1.9508380001027816,0.0292,0.669,-1.671596127927083,-0.06149622172156355,-2.0064719711573953,0.0240
1787476319.2958677,-1.677965552990356,-0.03821517727423442,-2.6539784298418776,-1.6579869090243005,-0.046419917869694106,-2.72101556182112,0.0216,0.067,-1.6271114617989189,-0.07061544013769369,-1.8425363278069251,0.0603
1787476319.3869991,-1.6774282747903781,-0.03828736284050246,-2.6649751465063583,-1.6380912138864732,-0.06406883162501371,-1.957439990448702,0.0470,0.708,-1.6728211624294487,-0.05111206769761616,-2.5036214251046967,0.0136
1787476319.4785333,-1.676961641972504,-0.03859797557880961,-2.52372448720746,-1.6558132918119066,-0.054615987401072756,-2.4291001790085947,0.0265,0.095,-1.654095723342341,-0.054925813756123966,-2.4231310283559178,0.0281
1787476319.6102316,-1.6755477320001126,-0.03845439850633522,-2.2273679661117876,-1.6545628181539986,-0.054111709483452466,-2.4355774086977835,0.0262,0.208,-1.654095723342341,-0.054925813756123966,-2.4231310283559178,0.0270
1787476319.678555,-1.6743561915991143,-0.03778247294503171,-2.2926944182402718,-1.6439474959649198,-0.05506222534349785,-2.0938001155886448,0.0350,0.199,-1.640295992677376,-0.05534521436597522,-2.086306334372817,0.0383
1787476319.809066,-1.6716854994955586,-0.03621539997530821,-2.7080367002569408,-1.6517599318004694,-0.0555520893230123,-2.1012173739760307,0.0278,0.607,-1.655877685204562,-0.055781717024104865,-2.0996193323235586,0.0252
1787476319.869226,-1.6701733710216993,-0.0357740747484068,-3.0187030933535115,-1.6503403289742888,-0.05520158494395427,-2.0809659346672094,0.0278,0.938,-1.655877685204562,-0.055781717024104865,-2.0996193323235586,0.0246
1787476319.9955895,-1.6670195197931403,-0.03549254897235837,-3.5313148398557472,-1.6509603688470555,-0.048352317804563734,-3.0541557050306354,0.0206,0.477,-1.6516546119227196,-0.04719094317404294,-3.0763213653892683,0.0193
1787476320.0561755,-1.6655037703185955,-0.03569220281455556,-3.7131852876218088,-1.6497322771688347,-0.04706221285180256,-3.119089195414165,0.0194,0.594,-1.6527497749229552,-0.05416840630065491,-3.44835735189119,0.0225
1787476320.1956234,-1.6630968051304411,-0.03581666452381408,-3.8452990712909876,-1.6618519751436103,-0.06375654238875536,-3.279661516662465,0.0280,0.566,-1.6693755353352002,-0.06735496731182736,-3.2187728777789024,0.0322
1787476320.2823217,-1.6620429548551132,-0.035467328486886426,-3.909801690056493,-1.6516754659000368,-0.061620974288183576,-3.596328300884941,0.0281,0.313,-1.646119626084005,-0.0606652228402759,-3.6109119873347035,0.0298
1787476320.3579032,-1.6608986903907554,-0.03482728589509319,-3.9984212609702543,-1.6513856341215374,-0.06288677899302948,-3.7216519226622853,0.0296,0.277,-1.651686380905334,-0.06300280855416693,-3.7199314730315156,0.0296
1787476320.5056126,-1.6592758087053878,-0.03336376733076395,-4.272378407188015,-1.6467357651348735,-0.064057486647517,-3.78570833376669,0.0332,0.487,-1.6425633201095386,-0.06397125623366691,-3.7907437707985774,0.0349
1787476320.5772989,-1.65868878079349,-0.03304686923883436,-4.311843685232778,-1.650802347942922,-0.07477382676702554,-3.656943508070176,0.0425,0.655,-1.6539385158141304,-0.07706584471001705,-3.618531560654859,0.0443
1787476320.6458519,-1.6580555781442106,-0.0330072358569639,-4.33748144136533,-1.6423628844011304,-0.06740078411662917,-3.984794145346089,0.0378,0.353,-1.6390224510497162,-0.06566776524632463,-4.011593838333512,0.0378
1787476320.8110917,-1.6569611773755861,-0.03335506848845371,-4.046028716297013,-1.6410159124385675,-0.06826439127671945,-4.067269683678642,0.0384,0.021,-1.6390224510497162,-0.06566776524632463,-4.011593838333512,0.0370
1787476320.88852,-1.656393748730214,-0.03319392956321724,-3.7535245369517605,-1.6525358514136492,-0.06902937648359629,-3.9057136056139017,0.0360,0.152,-1.658211511086972,-0.06981888548718097,-3.8892639777942177,0.0367
1787476320.9703846,-1.6558858012344144,-0.032748147352844544,-3.597338662015177,-1.6492340673439256,-0.06624227674378938,-3.948277012892559,0.0341,0.351,-1.6475881650694932,-0.06555055492609049,-3.958147094373385,0.0338
1787476321.1032217,-1.6552104351586012,-0.03166208443038016,-3.5637848372058256,-1.6516282131852065,-0.06471515359119127,-3.3014305780604225,0.0332,0.262,-1.6528120721700192,-0.06497090572600327,-3.2937198072468457,0.0334
1787476321.1682117,-1.6549936561694256,-0.03146219818849441,-3.647547733521284,-1.6515975817524187,-0.06501665940385938,-3.321509822180392,0.0337,0.326,-1.6528120721700192,-0.06497090572600327,-3.2937198072468457,0.0336
1787476321.30531,-1.6546144783757015,-0.032221742523126644,-3.7932709287205415,-1.646505755066198,-0.06143332767669786,-3.1970864279923417,0.0303,0.596,-1.6445507710545664,-0.06096042613334121,-3.202734153857527,0.0304
1787476321.37186,-1.6545126682657851,-0.03304544137256006,-3.6599013619644665,-1.6534000281271728,-0.05679171543264465,-3.6283478504929487,0.0238,0.032,-1.656325257527868,-0.055858749048497185,-3.6463181568233693,0.0229
1787476321.498378,-1.654080361123996,-0.0342176244547485,-3.3462438551579354,-1.6514520663006653,-0.05882771018854618,-3.4492898736740987,0.0248,0.103,-1.650322908936299,-0.059638736226784624,-3.4345177423853857,0.0257
1787476321.566534,-1.6535900049037149,-0.03438837842536548,-3.3292586819108942,-1.6424900121705959,-0.0669558798121716,-2.901449352373681,0.0344,0.428,-1.6387964720639492,-0.06852804432878311,-2.876482155470055,0.0372
1787476321.7065678,-1.652421269451453,-0.03386060527713142,-3.5219660499991026,-1.639001529222651,-0.06330687762257291,-3.092899262559469,0.0324,0.429,-1.6379973423232121,-0.06239985241429522,-3.1081114477249714,0.0320
1787476321.7727535,-1.6514387599430784,-0.033734677870224536,-3.7426678398816215,-1.628664484669237,-0.06384963419439221,-3.0941400746668237,0.0378,0.649,-1.6250035762724007,-0.06373147693303957,-3.0958520554890376,0.0400
1787476321.906604,-1.6493569513929485,-0.034253722312117346,-4.242411956916051,-1.6264606914640491,-0.06398601743615807,-3.0912237695504845,0.0375,1.151,-1.6250035762724007,-0.06373147693303957,-3.0958520554890376,0.0382
1787476321.9801276,-1.6482144104372762,-0.03501633879122904,-4.38205197775786,-1.6296392965591082,-0.06681173941056469,-3.5857676276658874,0.0368,0.796,-1.6310976000905517,-0.06688844816182048,-3.5874431346507967,0.0362
1787476322.1058166,-1.6461607364852535,-0.03667687822686136,-4.252508511550574,-1.6204492916007462,-0.06137136052968939,-4.0720039655271245,0.0356,0.181,-1.616421833533682,-0.059507467356458295,-4.103604418807555,0.0375
1787476322.16904,-1.6451467936663267,-0.03686020504315831,-4.246032891931481,-1.6164929713439826,-0.06108793690885137,-4.169401588718502,0.0375,0.077,-1.6469346987775912,-0.08531556800538327,-3.610860788246408,0.0485
1787476322.2526987,-1.644066944899017,-0.036769967456293934,-4.2217117323836515,-1.637590731173481,-0.08139636597314248,-3.678193314319619,0.0451,0.544,-1.6469346987775912,-0.08531556800538327,-3.610860788246408,0.0486
1787476322.4026856,-1.6421424694529185,-0.03644935768494071,-4.275831584325314,-1.6471558252356282,-0.08211808567473118,-3.6727274041459785,0.0459,0.603,-1.6531220995887934,-0.08133250217075494,-3.682739644688203,0.0462
1787476322.4670143,-1.6413120297902393,-0.03667425223860256,-4.328907488480846,-1.6480594311923573,-0.08396993804985281,-3.7016583613212557,0.0478,0.627,-1.6443775088808867,-0.08021461813724594,-3.7495198557077245,0.0436
1787476322.6079943,-1.639545432952389,-0.03788995083077747,-4.411551624077466,-1.6457072882275898,-0.08091753212324206,-3.7379551778623954,0.0435,0.674,-1.6443775088808867,-0.08021461813724594,-3.7495198557077245,0.0426
1787476322.6832254,-1.6386924604657354,-0.038781613952827663,-4.34054587765227,-1.6375673380228872,-0.07546438910800683,-3.9541148365126655,0.0367,0.386,-1.6339549667478894,-0.07408797365068077,-3.9751767675389336,0.0356
1787476322.747511,-1.6379591714951531,-0.03945889624017284,-4.314610958567773,-1.6370707858743363,-0.07644281904634746,-4.020935890088316,0.0370,0.294,-1.6304945082194613,-0.06372995241243871,-4.165675159221457,0.0254
1787476322.8859034,-1.6362900650123744,-0.040123100432279755,-4.209539543766817,-1.6312560388943844,-0.07399404424236497,-3.8809543582294563,0.0342,0.329,-1.631844842114694,-0.07822280795176136,-3.8103021783469964,0.0384
1787476322.9592428,-1.6353584679644115,-0.04004165755658911,-4.220333508618546,-1.6269642071861297,-0.07783988848783349,-3.9123528880926437,0.0387,0.308,-1.6255047259617272,-0.07827986863258705,-3.906146911812325,0.0395
1787476323.0370924,-1.6345083312385489,-0.03984708259186423,-4.375550385434519,-1.6198139731006587,-0.0691471035786311,-4.007821613643589,0.0328,0.368,-1.6161115978678209,-0.06690227195587395,-4.041294543626096,0.0327
1787476323.1857684,-1.6331453106712648,-0.04017878539295873,-4.798814662509653,-1.615599071653475,-0.07307568357274603,-3.9441474799023135,0.0373,0.855,-1.615133814265389,-0.07374036810416269,-3.933312442676319,0.0381
1787476323.313182,-1.6321027598920057,-0.0416465815266525,-5.080933239404095,-1.6133024972002166,-0.07328408577927294,-3.972659870773673,0.0368,1.108,-1.615133814265389,-0.07374036810416269,-3.933312442676319,0.0363
1787476323.3860285,-1.6322320459432929,-0.042108934749563356,-5.059974616819896,-1.6056201408795276,-0.0667514981613365,-4.875798027288474,0.0363,0.184,-1.6030124016060243,-0.06525395720571628,-4.90239478673884,0.0373
1787476323.4548836,-1.632318285574579,-0.04232693706229438,-4.975220513331622,-1.615921786105762,-0.07697059292837789,-4.692382181618952,0.0383,0.283,-1.622743643405532,-0.07966162706450271,-4.646642952635934,0.0385
1787476323.6100194,-1.6322454161847726,-0.04194131816038603,-4.845321003381644,-1.6150755704177422,-0.08290274686570137,-4.511325572713699,0.0444,0.334,-1.615778445309249,-0.08392413788686473,-4.49355567317566,0.0451
1787476323.6959743,-1.6322585381372354,-0.041466224003005744,-4.9690059527616635,-1.6144271258483833,-0.08574845837716055,-4.347513420791325,0.0477,0.621,-1.6143820097296062,-0.08668196811254893,-4.328843166946051,0.0486
1787476323.764536,-1.6323189689066506,-0.04124557213123885,-5.205505595698004,-1.6124292231337443,-0.08800170555155133,-4.401564106773136,0.0508,0.804,-1.6143820097296062,-0.08668196811254893,-4.328843166946051,0.0488
1787476323.8904178,-1.6312242655638431,-0.04237066447961263,-5.130434116674271,-1.6103596457619913,-0.07372434230325096,-4.868411099248526,0.0377,0.262,-1.6097643809824485,-0.07198600228360658,-4.89700363242891,0.0366
1787476323.9590437,-1.630676128043051,-0.04324629088857137,-4.969863761045468,-1.5967219066279972,-0.07267988512728561,-4.8458080479647165,0.0449,0.124,-1.5912896847077742,-0.07241907241465868,-4.845686722752182,0.0490
1787476324.0409946,-1.6297696346644042,-0.04397585952518032,-4.843808183616377,-1.5848776923121517,-0.07594281016189565,-4.611991691154051,0.0551,0.232,-1.5813567882500397,-0.07661855911673388,-4.597667928551962,0.0584
1787476324.2096262,-1.6276284394808713,-0.04443940695910475,-4.450740865307976,-1.5934280004522998,-0.07789523508241776,-4.440376720512237,0.0478,0.010,-1.5994173267821141,-0.07871981586460423,-4.4288131046971015,0.0444
1787476324.2929804,-1.626432287763843,-0.04414872108680565,-4.360781772087048,-1.5976032901291106,-0.07936260587620242,-4.31099406017823,0.0455,0.050,-1.6012515087276835,-0.08007440662994118,-4.297288282384678,0.0439
1787476324.3803399,-1.6253442518077912,-0.04388382432063057,-4.419720516728771,-1.6076102184947856,-0.07602785585486581,-4.079870857378076,0.0367,0.340,-1.6128154194449766,-0.07576440971172313,-4.0849283777314955,0.0343
1787476324.4589617,-1.6242296778588887,-0.043976233537370076,-4.539477749279332,-1.6005785268439232,-0.061035955166108095,-4.44096257879639,0.0292,0.099,-1.5981401362715053,-0.05858899503146655,-4.4772903092425285,0.0299
1787476324.5515127,-1.6230915631997538,-0.04400284976465469,-4.633648223545575,-1.6055666960190074,-0.06901931072229794,-4.168035616623765,0.0305,0.466,-1.6090813217288993,-0.07160066876169313,-4.127042894928899,0.0310
1787476324.6807256,-1.6214241702750296,-0.044097699759195384,-4.758725528426948,-1.6049540320450597,-0.06826243608374771,-4.170000846764462,0.0292,0.589,-1.6090813217288993,-0.07160066876169313,-4.127042894928899,0.0301
1787476324.8080494,-1.6196875935783213,-0.04332693359143798,-4.603136092245729,-1.5292699577673063,-0.10893625135828196,-3.3065115071513196,0.1117,1.297,-1.508993184097139,-0.11082685598052197,-3.2753182204058087,0.1297
1787476324.8735104,-1.618757835398209,-0.0424533297353664,-4.479405536977054,-1.5350007772780658,-0.10233823930796777,-3.6201398192169134,0.1030,0.859,-1.5407687228817903,-0.10092878465403476,-3.6435461217096843,0.0975
1787476324.940349,-1.6178747709421308,-0.04140230462964698,-4.477867736694177,-1.5276249252719187,-0.1050935991760319,-3.5885021874149334,0.1105,0.889,-1.596204824978725,-0.08331622533244558,-3.9128292535744444,0.0472
1787476325.1014528,-1.6161658431877728,-0.040045975110881406,-4.608176202321085,-1.5759967364018734,-0.10409242194041365,-3.1144584465026566,0.0756,1.494,-1.579146527215091,-0.1095737400691704,-3.024035540576922,0.0788
1787476325.163303,-1.6152054141878915,-0.04002695687679703,-4.617771553845828,-1.5740513631217972,-0.10708274876452552,-3.0389143043924873,0.0787,1.579,-1.579146527215091,-0.1095737400691704,-3.024035540576922,0.0783
1787476325.2776196,-1.6133823702019483,-0.040465262646727285,-4.381167178883678,-1.561687228838616,-0.10116547957297778,-3.276234791119359,0.0797,1.105,-1.558681266164205,-0.10015187909756772,-3.2909609064053615,0.0810
1787476325.3429434,-1.6130087556675594,-0.04053907616467972,-4.361928611418526,-1.5585786423394667,-0.10305191011465777,-3.2275359788491387,0.0829,1.134,-1.558681266164205,-0.10015187909756772,-3.2909609064053615,0.0807
1787476325.4795,-1.6120401572017524,-0.039946693348927115,-4.2665251724975475,-1.5904722380675813,-0.08660045019679846,-3.716261201530501,0.0514,0.550,-1.6004828772158761,-0.08541748458771356,-3.7327739204190213,0.0469
1787476325.5419505,-1.611472785822851,-0.03927302623393594,-4.282099590590211,-1.6033602218849206,-0.08697679809062811,-3.6223885131081808,0.0484,0.660,-1.608949793493791,-0.08769130440241729,-3.6081461174623954,0.0485
1787476325.6931448,-1.6109473212195837,-0.038419730959240034,-4.491144114677927,-1.6060197326141163,-0.0867406981010493,-3.604131599518454,0.0486,0.887,-1.608949793493791,-0.08769130440241729,-3.6081461174623954,0.0493
1787476325.7611246,-1.6108801186210495,-0.038595967947330986,-4.585527790710388,-1.5998610791445254,-0.08543615080895164,-3.734965574168678,0.0481,0.851,-1.5973373526463828,-0.08495004502967976,-3.744209204552825,0.0483
1787476325.8983119,-1.610891761223789,-0.0402340348007837,-4.633068211756336,-1.5810406331497262,-0.07115653498407275,-4.304422350743674,0.0430,0.329,-1.5728551388035448,-0.0684500294284197,-4.348260921417899,0.0474
1787476325.952458,-1.6110341139633457,-0.04117293188782879,-4.417218020617921,-1.5800674823112508,-0.06838775337789314,-4.352759703353132,0.0412,0.064,-1.5728551388035448,-0.0684500294284197,-4.348260921417899,0.0469
1787476326.0813901,-1.6103759850825385,-0.042042404840214834,-4.36696165661571,-1.5729400053636153,-0.07859354224114518,-3.9312412400380974,0.0523,0.436,-1.571193733433331,-0.07986974885409975,-3.908950268724618,0.0545
1787476326.146176,-1.6097932014427223,-0.041944405494593245,-4.461312852168038,-1.5720775144678436,-0.07911651024935577,-3.971874643303862,0.0530,0.489,-1.5723993287546547,-0.07933373997795615,-3.9687745857186183,0.0529
1787476326.2842329,-1.6087138154678402,-0.04129831880524355,-4.97867666879773,-1.5786329656718034,-0.07690994273495287,-4.153467942981198,0.0466,0.825,-1.5818871219033972,-0.07668795853559128,-4.158760188968843,0.0444
1787476326.3977482,-1.6067354799020428,-0.04177454922832882,-5.635594968571186,-1.5780234217848452,-0.07567985578065443,-4.180760497202116,0.0444,1.455,-1.5818871219033972,-0.07668795853559128,-4.158760188968843,0.0429
1787476326.464734,-1.6043809747204272,-0.04330402294907273,-6.066663860963976,-1.577616705934078,-0.0747871947840493,-4.199928145902515,0.0413,1.867,-1.5818871219033972,-0.07668795853559128,-4.158760188968843,0.0403
1787476326.5723507,-1.6021410149498134,-0.045238057145707763,-6.115928939313851,-1.5571593181959613,-0.07056791953050603,-4.399016798515944,0.0516,1.717,-1.5536444701682495,-0.0700298937268932,-4.407731829098277,0.0545
1787476326.7071083,-1.6002198706416046,-0.04599768143378385,-6.0487658688378545,-1.6097878765161342,-0.06096681712137179,-5.514188337738072,0.0178,0.535,-1.6549289408644074,-0.05330943918259109,-5.671235562029949,0.0552
1787476326.7741504,-1.5991219847145879,-0.04596301797124839,-6.006194403553981,-1.6497934851614748,-0.06170053168292534,-5.824175967677085,0.0531,0.182,-1.6778265575036582,-0.06393791194100042,-5.796267224269445,0.0807
1787476326.854426,-1.5979831742237403,-0.0457226387704951,-6.025558514238444,-1.6696924037916407,-0.06178647199298613,-5.742608370220668,0.0735,0.283,-1.6796899776140704,-0.06327950596722128,-5.720754090460684,0.0836
1787476326.9856503,-1.5959178162547116,-0.045240575365010506,-6.464439637489314,-1.6832121036848169,-0.05902210151059977,-5.89474072674296,0.0884,0.570,-1.6796899776140704,-0.06327950596722128,-5.720754090460684,0.0857
1787476327.0515532,-1.5951423321000116,-0.04561020625170196,-6.461386119436715,-1.5984370185044956,-0.10247040404843556,-5.234417615212951,0.0570,1.227,-1.5944189967286404,-0.10287095536264614,-5.224542783939998,0.0573
1787476327.1675699,-1.593561670370303,-0.04700546854218787,-6.344378245632457,-1.598857113762717,-0.10513604387140627,-5.293692715358115,0.0584,1.051,-1.5944189967286404,-0.10287095536264614,-5.224542783939998,0.0559
1787476327.3135986,-1.592186151370533,-0.04843548922056181,-6.103936905993277,-1.6099271012121783,-0.10263977939629831,-5.63915552983107,0.0570,0.465,-1.613090631571068,-0.10233711701519756,-5.644410493868771,0.0578
1787476327.387208,-1.5914034901194467,-0.04871402341608152,-6.057614893873579,-1.5999419983410665,-0.10325974788103166,-5.64415169069631,0.0552,0.413,-1.594431667671836,-0.10279235971386148,-5.647358616245235,0.0542
1787476327.5017774,-1.5896427475973596,-0.04848795306885984,-6.106301362227419,-1.6004552379378052,-0.10584523790037503,-5.735979721247697,0.0584,0.370,-1.594431667671836,-0.10279235971386148,-5.647358616245235,0.0545
1787476327.5541174,-1.5888409182301118,-0.048261968573909325,-6.288888475909105,-1.6008906290276028,-0.10794808264007634,-5.809431564512385,0.0609,0.479,-1.594431667671836,-0.10279235971386148,-5.647358616245235,0.0548
1787476327.6945255,-1.587261283797978,-0.048414421732738376,-6.546190697747022,-1.602217237790394,-0.10974367304157988,-5.285921484042236,0.0631,1.260,-1.4656472239056602,-0.05402169662685221,-6.890311232353174,0.1217
1787476327.773281,-1.5864232860590923,-0.048965000869127445,-6.565286146153305,-1.5622632134853278,-0.09387481050428234,-5.484989526552453,0.0510,1.080,-1.594945824862573,-0.10673221075792663,-5.254089397371734,0.0584
1787476327.8475046,-1.5856165588602233,-0.04979301100470102,-6.485366027839049,-1.5724404963274836,-0.09952519932068626,-5.457971293862932,0.0514,1.027,-1.5806157229463182,-0.10150950203637862,-5.431064249925772,0.0520
1787476328.0012581,-1.5841244613132508,-0.05116071703304466,-6.235336736364023,-1.56434013865225,-0.08792873698483826,-6.302715165694291,0.0418,0.067,-1.5458906481046142,-0.08183909957159541,-6.406052084186642,0.0490
1787476328.0588863,-1.5832262402509172,-0.051377859301217035,-6.216070033050455,-1.5615683930778812,-0.08767423260508708,-6.404231013505648,0.0423,0.188,-1.5458906481046142,-0.08183909957159541,-6.406052084186642,0.0482
1787476328.2071435,-1.5813567725684674,-0.05125739221082118,-6.384141429368136,-1.5715434337617422,-0.09271416755188289,-6.0770059897292725,0.0426,0.307,-1.5749315302867501,-0.09341718029280713,-6.069583061207579,0.0426
1787476328.284438,-1.5805433753307199,-0.05128092865211083,-6.675852787854096,-1.5832405207275948,-0.10201456987008364,-5.600850716727829,0.0508,1.075,-1.5904591625303723,-0.1052808709876593,-5.548413657720082,0.0549
1787476328.3568854,-1.5796546281112636,-0.05172519464921188,-6.670615637052769,-1.5784849500446005,-0.09381469920106296,-5.823238721516665,0.0421,0.847,-1.5756980506748048,-0.0917002648893376,-5.856913664737162,0.0402
1787476328.4906232,-1.577880030487712,-0.05353377240989758,-6.535961417415618,-1.5882687536149531,-0.09861489043040238,-5.6029694753692825,0.0463,0.933,-1.5959846559576572,-0.10106534025300874,-5.565185160008215,0.0509
1787476328.5630624,-1.5771710845626972,-0.053921299378534446,-6.514889782330856,-1.5923059769985692,-0.10808645753310882,-5.779314360844698,0.0562,0.736,-1.5925732996038862,-0.1083231291903392,-5.779788970807174,0.0565
1787476328.7062056,-1.575458647885558,-0.05404520743038443,-6.401432194846013,-1.5608414223732439,-0.08504494835077914,-6.551711576989408,0.0343,0.150,-1.5320193975018341,-0.07559916669296637,-6.7116372173776995,0.0485
1787476328.7775111,-1.574468208902965,-0.05368130524383521,-6.387697073778966,-1.5567716382669836,-0.08341608681264343,-6.688920050542775,0.0346,0.301,-1.5320193975018341,-0.07559916669296637,-6.7116372173776995,0.0478
1787476328.89798,-1.5726847504934247,-0.05289696805033081,-6.51272214414818,-1.573708656199182,-0.10578250373850685,-5.790233410687878,0.0529,0.722,-1.5791863873817737,-0.10900409953364452,-5.739166027491989,0.0565
1787476329.005878,-1.570925258425124,-0.05296781814489446,-6.590259259748547,-1.5723191720038723,-0.10815656978923223,-5.837740639343283,0.0552,0.753,-1.5791863873817737,-0.10900409953364452,-5.739166027491989,0.0566
1787476329.072288,-1.5700127510202653,-0.05327521495153957,-6.611775596439579,-1.5770365928576429,-0.10924279463833682,-5.561204303641792,0.0564,1.051,-1.5780918788564338,-0.10942046956318371,-5.558182592936784,0.0567
1787476329.189283,-1.5683785572272793,-0.05433280545347414,-6.314663625478776,-1.575799098724638,-0.10647549628732236,-5.77075760528425,0.0527,0.544,-1.5748126826547988,-0.10461187874206378,-5.80478587105976,0.0507
1787476329.2600813,-1.5680522892855242,-0.05446333995240248,-6.304516520498665,-1.5748184357251975,-0.10822394194702073,-5.797777757226494,0.0542,0.507,-1.574700410046596,-0.1082215043534179,-5.797676149064074,0.0542
1787476329.4106321,-1.5671137684906349,-0.053918972186643696,-6.287944508012125,-1.5434068507882517,-0.09268821207102503,-6.289344758891102,0.0454,0.001,-1.52281809131453,-0.08714034196981021,-6.383651490004611,0.0554
1787476329.480346,-1.5666216770969668,-0.05327996761526075,-6.420948350489363,-1.5387724965065552,-0.0917398144896495,-6.355436880558375,0.0475,0.066,-1.52281809131453,-0.08714034196981021,-6.383651490004611,0.0554
1787476329.6048665,-1.5655537775375215,-0.052561910030891876,-6.695430209425552,-1.5210151878700495,-0.07661232564239534,-6.624335948640421,0.0506,0.071,-1.5152032543456835,-0.07442742605718695,-6.657565234784582,0.0549
1787476329.6888776,-1.5641573456869389,-0.052870229193613144,-6.694349436276019,-1.5110164660757743,-0.07233245031905138,-6.748432528516507,0.0566,0.054,-1.5152032543456835,-0.07442742605718695,-6.657565234784582,0.0535
1787476329.7715013,-1.5628114689179784,-0.05364724840587016,-6.507078950699084,-1.510570390544008,-0.0708754494991634,-7.047663121099711,0.0550,0.541,-1.5115217447691152,-0.07089828754451089,-7.048311830078789,0.0541
1787476329.8931794,-1.5617085006949951,-0.05411263018132927,-6.399999107843226,-1.5053372363166344,-0.0915667011438848,-6.278854229086157,0.0677,0.121,-1.50801262018265,-0.09701540638024618,-6.1838080167265,0.0687
1787476329.958265,-1.5610658235343815,-0.05401543061563631,-6.289530112272098,-1.4989377460712174,-0.0916015942243617,-6.31120446402376,0.0726,0.022,-1.50801262018265,-0.09701540638024618,-6.1838080167265,0.0683
1787476330.0935261,-1.5588480104795683,-0.05248695770898908,-6.1951934124767325,-1.4932946060420713,-0.09163106329168391,-6.339300353837184,0.0764,0.144,-1.50801262018265,-0.09701540638024618,-6.1838080167265,0.0676
1787476330.2088304,-1.55750318858005,-0.05165280974522383,-6.32121800253668,-1.4933756866441927,-0.07592807282240684,-6.877433016527747,0.0686,0.556,-1.49379092826512,-0.0747911699224773,-6.8970435709653986,0.0678
1787476330.2846036,-1.556799993371044,-0.05163968916667333,-6.359989507311172,-1.5186886169074163,-0.09632225421577256,-5.898066189329541,0.0587,0.462,-1.5384691847621377,-0.09958917083156978,-5.829227434366317,0.0513
1787476330.364506,-1.5560667978012734,-0.051940750498520524,-6.394912729335775,-1.516504520621503,-0.09711446999261343,-5.888450824898859,0.0600,0.506,-1.5053975014379881,-0.09069011025760804,-6.00593634592954,0.0638
1787476330.4501362,-1.5553549493883374,-0.05249825265354579,-6.3438759185898554,-1.5345047425964142,-0.10597873174148939,-5.514241394976332,0.0574,0.830,-1.5483545091646058,-0.11037604482236488,-5.448952421665619,0.0583
1787476330.5749242,-1.5540919704008587,-0.053324785698028704,-5.828838318256234,-1.5347240209921833,-0.10802556729706671,-5.47367528124507,0.0580,0.355,-1.5483545091646058,-0.11037604482236488,-5.448952421665619,0.0573
1787476330.7018504,-1.5529147707659448,-0.052679134517057934,-5.569104026984697,-1.5504224747401099,-0.1108539223379806,-5.566280487829642,0.0582,0.003,-1.55446127083524,-0.11119040038203294,-5.564447472306051,0.0585
1787476330.7737794,-1.5524893990958206,-0.051793260688447695,-5.691627161537522,-1.556056430863541,-0.10944008219033155,-5.6827979668665565,0.0578,0.009,-1.5585145385649242,-0.10870925811053742,-5.697896928407824,0.0572
1787476330.906646,-1.5515553676051552,-0.05058570625948318,-5.794074700876255,-1.5438179876698932,-0.10231496876284628,-5.55463673321253,0.0523,0.239,-1.5354989850989336,-0.10064430812047184,-5.564877987610243,0.0526
1787476330.984123,-1.5510586437754048,-0.0503297082989457,-5.862704118780725,-1.538896603197971,-0.1093039054774966,-4.792125368102578,0.0602,1.071,-1.532236736288332,-0.10493294785922316,-4.881466602614066,0.0578
1787476331.1122274,-1.5501124021896864,-0.05053036987182611,-5.76113429330175,-1.5348535753421644,-0.10625998798510003,-4.860522114126578,0.0578,0.901,-1.532236736288332,-0.10493294785922316,-4.881466602614066,0.0573
1787476331.2015896,-1.5490766115669776,-0.05036360000004213,-5.525683314358973,-1.5345271576958799,-0.1080824548062353,-4.734388852651886,0.0595,0.791,-1.532236736288332,-0.10493294785922316,-4.881466602614066,0.0571
1787476331.3072946,-1.5475235159279,-0.04945918292870899,-5.603243408815931,-1.4864467302481275,-0.1251282579912565,-4.290521624047562,0.0972,1.313,-1.4771029133558942,-0.12558251827086578,-4.272774942157439,0.1037
1787476331.3794796,-1.546592989295492,-0.048664858929368754,-5.751312174025999,-1.5174500231379,-0.10717395068036142,-5.0867013926461135,0.0654,0.665,-1.5312931251224098,-0.10384046339507325,-5.157258093610644,0.0573
1787476331.4523294,-1.545712457619657,-0.047711782582623576,-6.028440468967179,-1.5072813529346767,-0.10518437418097239,-5.01837850161611,0.0691,1.010,-1.5010060965695426,-0.103903462304808,-5.042596465682402,0.0718
1787476331.5352352,-1.5448766342096176,-0.04705521731317882,-6.056739964113078,-1.5214610425096922,-0.10599800799366814,-4.896419201348055,0.0634,1.160,-1.5289196079397003,-0.1066493120264536,-4.889330755535283,0.0617
1787476331.6858785,-1.5430904118119166,-0.04667806030692446,-6.11279940447567,-1.5266012188808553,-0.10668450326429472,-4.925101940446831,0.0622,1.188,-1.5298731801986596,-0.10698030895309354,-4.922585927074415,0.0617
1787476331.7942796,-1.5414797243763685,-0.04692704285054974,-5.776614105515449,-1.5269289064753993,-0.10714833032082477,-4.857200883288278,0.0620,0.919,-1.5298731801986596,-0.10698030895309354,-4.922585927074415,0.0612
1787476331.8693223,-1.5406794062341909,-0.04683834581254615,-5.505100129723347,-1.514472626702562,-0.10743430677584988,-5.150152351916544,0.0660,0.355,-1.5118328569037787,-0.10712758219105899,-5.15445266776544,0.0668
1787476331.9573605,-1.5397212543164986,-0.0464869526159788,-5.512205271138449,-1.519183405701917,-0.11250975643966434,-5.231038099022078,0.0691,0.281,-1.5277182898412505,-0.1111029873384304,-5.263249650236959,0.0657
1787476332.038339,-1.538660006557265,-0.04576907989282342,-5.567162826515886,-1.5241000296846943,-0.11156693583795405,-5.217398037737813,0.0674,0.350,-1.527346329070685,-0.11162026496447115,-5.215075607745472,0.0668
1787476332.2035453,-1.5363122264406093,-0.045110512764726884,-5.798770561458084,-1.5162714322721818,-0.11047855512549833,-4.88449582032593,0.0684,0.914,-1.5126812096506466,-0.11003509431944246,-4.890941195769348,0.0691
1787476332.279966,-1.5351471166737676,-0.045330714241050105,-6.019812785182888,-1.5201053589198457,-0.11152259058513303,-4.621854899602864,0.0679,1.398,-1.5224436957433232,-0.11215264492924457,-4.6088544660394595,0.0680
1787476332.4063745,-1.5328572972309549,-0.0465350722910029,-6.228985784536754,-1.516398370216179,-0.11324844894450614,-4.5582524612393645,0.0687,1.671,-1.5144014959129815,-0.11335940801635762,-4.5571539657095705,0.0693
1787476332.4679039,-1.5322534575032918,-0.046946811762252905,-6.286645888518065,-1.5156704298764017,-0.1141423806273586,-4.485051982021142,0.0692,1.802,-1.5144014959129815,-0.11335940801635762,-4.5571539657095705,0.0688
1787476332.6060364,-1.5307956057847476,-0.04705455746846027,-6.316053942264736,-1.4749243167355492,-0.11409904760702154,-4.549095480148627,0.0873,1.767,-1.5055800959046035,-0.1325014727789712,-4.246490193830405,0.0891
1787476332.674786,-1.5299519193904518,-0.04671693222324114,-6.35684191266903,-1.493594670232625,-0.12810313698667702,-4.31619308021735,0.0891,2.041,-1.5055800959046035,-0.1325014727789712,-4.246490193830405,0.0892
1787476332.8089514,-1.5277895351891684,-0.047205411538036944,-6.571812504828999,-1.488754213700727,-0.13229211069534588,-4.204257023595855,0.0936,2.368,-1.5055800959046035,-0.1325014727789712,-4.246490193830405,0.0881
1787476332.8572233,-1.5270945830860925,-0.0479291722875434,-6.596236863098155,-1.4944648696374607,-0.14251496608667066,-4.464867088319027,0.1001,2.131,-1.4969909420234424,-0.1434768163960532,-4.447373728858444,0.1002
1787476333.0025315,-1.5258837359839845,-0.050221512001859134,-6.725912717646121,-1.4741946197247153,-0.10498245719490487,-5.961724803060728,0.0753,0.764,-1.462882856441401,-0.09529661750307651,-6.139441542942468,0.0775
1787476333.0696044,-1.525421814625699,-0.051649257946160716,-6.625007502182024,-1.4686741981447868,-0.10313594918036272,-6.059991022881109,0.0766,0.565,-1.462882856441401,-0.09529661750307651,-6.139441542942468,0.0763
1787476333.2110426,-1.5241216376465967,-0.05335586402466543,-6.545804753900244,-1.4595252931875813,-0.12466462030174257,-5.103551897646176,0.0962,1.442,-1.4585032546688257,-0.12675405741639184,-5.067736190680308,0.0985
1787476333.2874622,-1.523324768256281,-0.05380988869436273,-6.510892121835186,-1.50399774865009,-0.12013338150564552,-5.583144913060481,0.0691,0.928,-1.5212900011898343,-0.11989968938108474,-5.60338138496659,0.0661
1787476333.3715146,-1.522526698055417,-0.05402741419492309,-6.586513343995265,-1.5048919638499512,-0.12063329821185743,-5.6281345068110396,0.0689,0.958,-1.5212900011898343,-0.11989968938108474,-5.60338138496659,0.0659
1787476333.5109093,-1.5211250538774959,-0.05485853473337752,-7.097441078300558,-1.4769838386439473,-0.14575599489955934,-4.562588521365403,0.1010,2.535,-1.4695721326019302,-0.14803664754198642,-4.514315872611514,0.1065
1787476333.5793805,-1.520693494529143,-0.055624048964238546,-7.260731453669139,-1.4485377996552917,-0.13574800126620437,-5.146046742832743,0.1078,2.115,-1.4357846073605849,-0.13166891626209254,-5.220180484621097,0.1140
1787476333.6448479,-1.5205688939879234,-0.05632256742623017,-7.630675063358799,-1.4414071360332958,-0.13807603282292766,-5.152231075651226,0.1138,2.478,-1.4357846073605849,-0.13166891626209254,-5.220180484621097,0.1134
1787476333.7919955,-1.52042102478525,-0.05709844303260467,-7.791949479238273,-1.4604609693852693,-0.10400929958580227,-6.634159179597605,0.0761,1.158,-1.4019972558490221,-0.1156833129798862,-6.241092830445486,0.1321
1787476333.859557,-1.5201071655004859,-0.05707037133177748,-7.757949456879459,-1.4427377119237117,-0.10560497584581949,-7.1578386588911,0.0913,0.600,-1.4641118204897192,-0.10198625621596924,-7.23740759018064,0.0718
1787476333.965615,-1.5187645168327495,-0.055705890593992814,-7.878587528928062,-1.4358814555396293,-0.10308718564344174,-7.362704429162632,0.0955,0.516,-1.4641118204897192,-0.10198625621596924,-7.23740759018064,0.0716
1787476334.096496,-1.516954244273528,-0.0544733855918266,-8.32512329620717,-1.4124114678645199,-0.12799205055354687,-6.739762421179268,0.1278,1.585,-1.4077416071372464,-0.12952230624332073,-6.712296861562653,0.1325
1787476334.175545,-1.515747188418437,-0.05428355485138202,-8.604874362553524,-1.4013288740026306,-0.1523393759360513,-6.878063107823836,0.1507,1.727,-1.4022210983129897,-0.15783012043126202,-6.793192494292539,0.1537
1787476334.253723,-1.5145132593036832,-0.05447304954110959,-8.883529153344426,-1.397837073099823,-0.1475283991730147,-6.926797545886038,0.1492,1.957,-1.3982379672323264,-0.14531349896400625,-6.957586232376693,0.1476
1787476334.4002278,-1.5122498449535933,-0.055319587694296415,-9.095940877918002,-1.3794929412419592,-0.1412322392832177,-7.433780699775877,0.1581,1.662,-1.3754420865105865,-0.13881746365321684,-7.469070183509789,0.1603
1787476334.4720218,-1.5114854252321361,-0.05525785214769225,-9.094269084648642,-1.3675297954819625,-0.12692187055384363,-8.085422192663419,0.1608,1.009,-1.3633447364416735,-0.1217385198715229,-8.164072506970047,0.1624
1787476334.596207,-1.5096642058180998,-0.054299612923806195,-9.152344373428836,-1.3572091921848872,-0.12713979636087214,-8.26497478906785,0.1690,0.887,-1.3633447364416735,-0.1217385198715229,-8.164072506970047,0.1611
1787476334.6589665,-1.5087404193806642,-0.05357224365638386,-9.302926775884806,-1.3483686840926459,-0.12734283170555538,-8.416483035987923,0.1765,0.886,-1.3633447364416735,-0.1217385198715229,-8.164072506970047,0.1606
1787476334.7403393,-1.5079846382358484,-0.052966121149777536,-9.332094393466399,-1.399883147126799,-0.12074170870599914,-8.082181855809766,0.1276,1.250,-1.441059423558782,-0.16442118558449212,-6.649811255621811,0.1300
1787476334.8680892,-1.5064759913571182,-0.0526716320009904,-9.525290969279835,-1.4210332238326593,-0.15413180237070814,-6.838312044929355,0.1326,2.687,-1.441059423558782,-0.16442118558449212,-6.649811255621811,0.1295
1787476335.0034387,-1.5050588668336946,-0.053177525602722486,-9.494256232237678,-1.3851184005687431,-0.16732800925483682,-7.5813966339810435,0.1656,1.913,-1.3666012249567894,-0.16426104732908653,-7.656880007090983,0.1775
1787476335.0772889,-1.5044457189288343,-0.053332888442718704,-9.289226646687068,-1.3663298490655817,-0.1324396627952562,-8.96748534291039,0.1592,0.322,-1.3544758797501222,-0.11960988823688139,-9.176046127619372,0.1640
1787476335.2043743,-1.5033947668365328,-0.05333745480331255,-8.169037608536136,-1.3579332253112497,-0.13256550447331938,-9.202605203575787,0.1656,1.034,-1.3544758797501222,-0.11960988823688139,-9.176046127619372,0.1630
1787476335.2635431,-1.5030621532085193,-0.053281033255164346,-7.346274424740851,-1.4307589873851256,-0.10896763852853908,-7.8840621782439575,0.0913,0.538,-1.4509309296920256,-0.11072305744137324,-7.833280804623341,0.0776
1787476335.3994238,-1.5028107880226012,-0.053757984830541,-6.2143482868762385,-1.32273611721504,-0.10454946277975069,-7.812717887307308,0.1871,1.598,-1.259346084447828,-0.09755050883036301,-7.9676704142941,0.2474
1787476335.4630346,-1.502835435488494,-0.05434332903360197,-5.72243375898764,-1.3110087061828521,-0.1012258975022959,-7.889275139461677,0.1975,2.167,-1.259346084447828,-0.09755050883036301,-7.9676704142941,0.2473
1787476335.602882,-1.502245569736095,-0.05731089779790053,-4.505920129665319,-1.3011080477326986,-0.09841045118264548,-7.952913963391724,0.2053,3.447,-1.259346084447828,-0.09755050883036301,-7.9676704142941,0.2462
1787476335.6591845,-1.5021503744017628,-0.0584106276949804,-3.9215167476860286,-1.4100592402774708,-0.08280289214552321,-6.491641014068513,0.0953,2.570,-1.4268508518498224,-0.08344132345060538,-6.48680073197504,0.0794
1787476335.7439675,-1.5017499155404428,-0.0590846648237037,-3.895281803676433,-1.3265952278582762,-0.07009966697481898,-6.468963323246897,0.1755,2.574,-1.25045596569481,-0.06058785618448637,-6.681822448441487,0.2513
1787476335.9120398,-1.5006818245469284,-0.059540432613553754,-3.8493330554826732,-1.462440530857704,-0.06580414545713159,-4.887015854504746,0.0388,1.038,-1.5591120461001942,-0.06327213694925594,-4.804734884901416,0.0585
1787476335.9823573,-1.500158799926977,-0.05939834159989248,-3.990524182384416,-1.4554579058526296,-0.09346821621902116,-4.2171335644935,0.0562,0.227,-1.4507399459949686,-0.09860020610594744,-4.12656212171587,0.0631
1787476336.0559103,-1.4997112525607603,-0.05942849390713978,-4.25348814501657,-1.4681090346714243,-0.09029570633934704,-3.893399291047182,0.0442,0.360,-1.4510501644210223,-0.09684364068018744,-3.5639337208675927,0.0614
1787476336.186511,-1.4980986833904733,-0.060694232991158434,-4.511976817459012,-1.454229479633285,-0.09639539260470706,-3.5740456716443187,0.0566,0.938,-1.43037845877024,-0.10175621962346025,-4.049687426132814,0.0792
1787476336.3068118,-1.495606567368499,-0.06294748828918109,-4.365944014739057,-1.4382536253507934,-0.10172755989377932,-4.05237949075971,0.0692,0.314,-1.43037845877024,-0.10175621962346025,-4.049687426132814,0.0759
1787476336.376247,-1.4942215314247276,-0.06389578585143328,-4.238175256915907,-1.4326016559730306,-0.10534962163643397,-3.9039590770324404,0.0743,0.334,-1.429717402654134,-0.10554362547853526,-3.8987703119910626,0.0768
1787476336.5021787,-1.4912708810011948,-0.06467023845216012,-3.8818714325408186,-1.4449030997040373,-0.10608126735436618,-3.7778518871937403,0.0622,0.104,-1.4483414533608674,-0.10635956632435431,-3.7763063434304764,0.0598
1787476336.5741067,-1.4897755811215858,-0.06455817374743304,-3.7498065455287573,-1.4491630255806642,-0.10628887161135063,-3.6068243585282964,0.0582,0.143,-1.4483414533608674,-0.10635956632435431,-3.7763063434304764,0.0589
1787476336.6512008,-1.488362496955973,-0.06435916662801854,-3.74839292875023,-1.4443904822031466,-0.10331384999314881,-3.386565662071003,0.0587,0.362,-1.4425598968841722,-0.10296102331639269,-3.3899520660101756,0.0599
1787476336.807933,-1.485971918436784,-0.06421097508046954,-4.536323411984603,-1.4427158371751911,-0.10357319568687214,-3.2025927148532,0.0585,1.334,-1.4498196523733973,-0.09820143665968294,-3.300818417389613,0.0496
1787476336.8678544,-1.4849796736204188,-0.0643985748254236,-5.320192075301615,-1.448145600445175,-0.09917285620276174,-3.2812681750708594,0.0507,2.039,-1.4498196523733973,-0.09820143665968294,-3.300818417389613,0.0488
1787476337.0111728,-1.4833130962289007,-0.06428980793071269,-6.378674753681662,-1.4541255471017795,-0.09802095350769771,-3.0042386368164657,0.0446,3.374,-1.4460861647275398,-0.0867195694741915,-3.7551374720235167,0.0435
1787476337.0918326,-1.4825761389639198,-0.06390573113796583,-6.827180538966264,-1.3127487541805578,-0.13582955799637486,-2.327044480793458,0.1844,4.500,-1.2355681242465777,-0.13967418146105984,-2.1027702751796387,0.2584
1787476337.1824362,-1.48171582971237,-0.06298783253978729,-7.162913323129191,-1.295250242824114,-0.14103483487060953,-2.065789030003281,0.2021,5.097,-1.2355681242465777,-0.13967418146105984,-2.1027702751796387,0.2578
1787476337.264086,-1.480850412798178,-0.061835707680183705,-7.609663405395478,-1.24472707346361,-0.22879936695239772,-1.1197302943292504,0.2892,6.490,-1.2330490819829008,-0.23822037189444722,-0.9731565747236773,0.3042
1787476337.4107854,-1.479322813223844,-0.05993595367227689,-8.87958716000792,-1.3061155933644377,-0.2725635792292884,-1.6762097836754368,0.2742,7.203,-1.365767705179191,-0.2939201449877849,-1.4378925660135875,0.2601
1787476337.4993894,-1.479278935786432,-0.059413513978320676,-9.43281755383319,-1.2529278494035474,-0.24602757265409264,-2.214800629426746,0.2934,7.218,-1.2184860654601983,-0.22882689904259562,-2.513768740485335,0.3110
1787476337.5795922,-1.4792759534426916,-0.059241429110048795,-9.887884182283319,-1.290208929368905,-0.2141237670643519,-7.43333438741657,0.2444,2.455,-1.5625966765443742,-0.09177948795128121,-6.942646738018166,0.0894
1787476337.6473608,-1.4794599955604832,-0.059022791377217484,-10.214946750013473,-1.4461081380420542,-0.09238208535135206,-8.139080847007031,0.0472,2.076,-1.5615302371355089,-0.06997663516935222,-7.986132391890796,0.0828
1787476337.800441,-1.4795070320360608,-0.057857299971884636,-10.760823061590386,-1.4282395405015826,-0.12413811499942065,-8.874172109506894,0.0838,1.887,-1.4193467683364318,-0.12707616515823567,-8.83732842989299,0.0917
1787476337.8728979,-1.4793638803882339,-0.05686135845079269,-11.08172758008984,-1.4110547787952221,-0.09318630041121762,-10.374814414817195,0.0774,0.707,-1.3989862267515394,-0.08726387733774076,-10.490962296873496,0.0859
1787476337.9510062,-1.4793089223669085,-0.05578200837580097,-11.566923117573609,-1.4127208994302807,-0.08943764927088449,-10.802300081850634,0.0746,0.765,-1.4120098024330148,-0.08991387459884087,-10.794933622820102,0.0755
1787476338.1073208,-1.4784224017750693,-0.05503427161666827,-11.626770225696784,-1.4165734562829464,-0.0816851704098383,-11.28655239334392,0.0673,0.340,-1.4120098024330148,-0.08991387459884087,-10.794933622820102,0.0750
1787476338.1916122,-1.477978802091519,-0.05508378455473548,-11.619053023686238,-1.4093236477732176,-0.08143271679949915,-11.418268386453853,0.0735,0.201,-1.4068869378186815,-0.08141334822662856,-11.420685136857538,0.0758
1787476338.2720013,-1.4776415571747201,-0.055277447250836304,-11.466355794730053,-1.3936658794254722,-0.07877398532808244,-11.465888976689312,0.0872,0.000,-1.3890967392839777,-0.07977574081899996,-11.451315035414668,0.0919
1787476338.4074638,-1.4764147761634816,-0.05497761044169037,-10.855762412132236,-1.393860871992904,-0.07331809408199762,-11.8092992235816,0.0846,0.954,-1.3890967392839777,-0.07977574081899996,-11.451315035414668,0.0908
1787476338.473486,-1.475278856270325,-0.05441115948078876,-10.588978191207818,-1.3902327900106475,-0.07745891860203405,-11.536679617413872,0.0881,0.948,-1.3894507210358824,-0.07836138421539406,-11.519226405823416,0.0891
1787476338.5988512,-1.4728219178769728,-0.053473854996816055,-10.301855058219997,-1.3913141701908842,-0.07777297580208245,-11.411216680046307,0.0851,1.109,-1.3924124531336626,-0.07893590612237118,-11.388496820621969,0.0843
1787476338.6756914,-1.471373085165663,-0.05356712733316243,-10.279520253054299,-1.3773877940041164,-0.08383200370615514,-10.69841344248638,0.0987,0.419,-1.3732446698503928,-0.08519215476668325,-10.676438636216943,0.1031
1787476338.751051,-1.4698890213523745,-0.05399808754275017,-10.238618246863004,-1.3673364990803498,-0.07987968272249672,-10.315307750694323,0.1058,0.077,-1.3636970118531255,-0.07997134336552301,-10.309676406382097,0.1093
1787476338.8834214,-1.4669537550309448,-0.05574893660084019,-9.812754824493206,-1.3642983955853096,-0.0756937007977566,-10.52794380527425,0.1046,0.715,-1.3636970118531255,-0.07997134336552301,-10.309676406382097,0.1061
1787476338.9709,-1.4655919168579492,-0.05659092142323875,-9.415727152405264,-1.3677369726044473,-0.08029941711883926,-10.17365540699854,0.1007,0.758,-1.3692590956115542,-0.08117606354350534,-10.157103342738353,0.0994
1787476339.055938,-1.4643175144858822,-0.05678829053125211,-9.410778051686894,-1.3477831770931523,-0.10368250868240445,-9.486827650701152,0.1256,0.076,-1.339968705371622,-0.10940661849814766,-9.40550789538132,0.1350
1787476339.1349876,-1.4628946615201877,-0.05660574290491861,-9.425603143319417,-1.35429752090876,-0.11920269659912282,-8.95429693276134,0.1253,0.471,-1.3615894432408844,-0.12334629781560685,-8.883101633025463,0.1213
1787476339.2789118,-1.4604218004636413,-0.056218147591122536,-9.57126053438693,-1.3504677561275351,-0.12155947756330138,-9.012703589952716,0.1279,0.559,-1.3615894432408844,-0.12334629781560685,-8.883101633025463,0.1195
1787476339.3510053,-1.4593342746479883,-0.05645450291418465,-9.605207262922448,-1.3082239170134686,-0.08570537682814286,-9.42554111139015,0.1539,0.180,-1.2937016615190489,-0.08108409938613893,-9.509736199586513,0.1675
1787476339.48661,-1.4572805875369086,-0.05787217274109026,-9.718755959556958,-1.3162606870929647,-0.0930874660965616,-9.536754200264904,0.1454,0.182,-1.324725282389827,-0.0954999827715589,-9.499440881296136,0.1378
1787476339.5623336,-1.4563696394124401,-0.05877755951384964,-9.600149114985866,-1.3286623001351883,-0.1084675559250868,-9.27764178461706,0.1370,0.323,-1.3401268925049066,-0.1134610148149742,-9.191699646920098,0.1285
1787476339.713217,-1.4545176146524705,-0.05957070335123184,-9.53035455336819,-1.331761228529054,-0.11133754360236889,-9.33167705706968,0.1332,0.199,-1.336055270611191,-0.11253267140586848,-9.3105714217669,0.1298
1787476339.7817028,-1.4534052232019699,-0.05949285582710534,-9.523159594595112,-1.327492678600536,-0.11294166954934685,-9.40266815080856,0.1368,0.120,-1.336055270611191,-0.11253267140586848,-9.3105714217669,0.1288
1787476339.8648736,-1.4523179904939751,-0.05928019734284648,-9.613201366844656,-1.3535732965409397,-0.10872479242133387,-8.685446579157484,0.1104,0.928,-1.3612875246396638,-0.1096972683570263,-8.6614069218454,0.1041
1787476339.9439442,-1.4513493629862109,-0.05916577767527197,-9.870642780933002,-1.3232138840505459,-0.10479775920852666,-9.49613526829358,0.1360,0.375,-1.2998181974924552,-0.0998071271616802,-9.608058881521409,0.1569
1787476340.0955954,-1.4497704850932842,-0.06022249355647448,-10.137993906925841,-1.294032508374339,-0.09775550463587886,-9.691054861269759,0.1602,0.447,-1.280033522735615,-0.0938293884695039,-9.77120127333533,0.1730
1787476340.1770818,-1.449235888996776,-0.061254439589028695,-10.022554556081545,-1.2890098555750689,-0.0931332258403491,-10.10392331028827,0.1634,0.081,-1.288640378216929,-0.09169552975808189,-10.129250584924447,0.1635
1787476340.2483218,-1.4488067266546454,-0.06225670439439405,-9.742749546826689,-1.2855923551209902,-0.08936002286743305,-10.355885821083351,0.1654,0.613,-1.2858574953783692,-0.08823333528271972,-10.37462647902572,0.1650
1787476340.3885207,-1.4473871513247247,-0.06319868884386826,-9.680789190704074,-1.276635793140316,-0.09608549626505056,-9.919903370619545,0.1739,0.239,-1.2784190349815243,-0.09857023726206543,-9.866347613557592,0.1726
1787476340.4536586,-1.446562032121715,-0.06326530656114851,-9.709225833067064,-1.273633013468629,-0.09625268844099673,-9.796148196993721,0.1760,0.087,-1.275938605644563,-0.09677871205156374,-9.784021753355077,0.1739
1787476340.6122005,-1.4450575875874783,-0.06341374224185203,-9.881978255645837,-1.3035794647280021,-0.1036453507438491,-9.501044901849054,0.1471,0.381,-1.3236181468821286,-0.10810281083785317,-9.413286308254209,0.1294
1787476340.6813898,-1.4442890325944684,-0.06397606572082973,-9.914772071833443,-1.3000041803662588,-0.09506384964355634,-9.922393219039625,0.1476,0.008,-1.2989512354153305,-0.09273956976651694,-9.96035538606367,0.1482
1787476340.7497633,-1.4435079256080816,-0.06479558785451398,-9.914438017258655,-1.297710862511029,-0.09446987502728453,-9.978216366966125,0.1488,0.064,-1.281935492907121,-0.0995571796841721,-9.93940322354288,0.1653
1787476340.892202,-1.44215613238047,-0.06659011832964346,-9.569473257993847,-1.2872878006914723,-0.09906837235047854,-9.946260347639143,0.1582,0.377,-1.281935492907121,-0.0995571796841721,-9.93940322354288,0.1636
1787476340.9579415,-1.4417465621484618,-0.06703480898262874,-9.557133248593848,-1.29682333914279,-0.10294468904640727,-9.667109041438561,0.1493,0.110,-1.3041866769017743,-0.10489855028070195,-9.628797072694862,0.1427
1787476341.1057236,-1.4406567669010795,-0.06717706871396283,-9.59285291090454,-1.268440486910618,-0.09962417567280002,-9.715317369044252,0.1752,0.122,-1.255873039758203,-0.09750391231634634,-9.761181474377684,0.1873
1787476341.1753433,-1.4401296350576778,-0.06699592547439578,-9.770460706779323,-1.2834596529971483,-0.10618427598714587,-9.308616387742749,0.1615,0.462,-1.2966481203464046,-0.11021771884553197,-9.230992051191048,0.1499
1787476341.3082936,-1.4400377950224685,-0.06704719490982519,-10.006175656167693,-1.2774725650582561,-0.09325308326818868,-9.857245848327413,0.1647,0.149,-1.2762405896033322,-0.09077410061147516,-9.89743279611064,0.1655
1787476341.3769357,-1.4398113835638346,-0.06766849534111888,-9.988907706922351,-1.2741711778714686,-0.09237333772523576,-9.89780028464926,0.1675,0.091,-1.2762405896033322,-0.09077410061147516,-9.89743279611064,0.1652
1787476341.512134,-1.4391083888845553,-0.0688274477389192,-9.831580796907767,-1.2941434914127143,-0.09647142176939764,-9.385602201856921,0.1476,0.446,-1.3011151635036304,-0.09774549973993048,-9.363937609882028,0.1410
1787476341.5768692,-1.4384940626488456,-0.06903392376402402,-9.68980542912086,-1.273687953544438,-0.09494036643156188,-9.968334127150428,0.1668,0.279,-1.2672834170255385,-0.0939528313128595,-9.986123368372665,0.1730
1787476341.711402,-1.4365469539637614,-0.06824265917400123,-9.59344020040135,-1.2709426403698298,-0.09452316848450472,-10.007601776441149,0.1677,0.414,-1.2672834170255385,-0.0939528313128595,-9.986123368372665,0.1712
1787476341.7871873,-1.4354113124071362,-0.06739558049694448,-9.718757918014488,-1.2749431976449854,-0.05977242508540694,-10.71460508642922,0.1606,0.996,-1.2759811976162243,-0.05651131286786521,-10.769876961119227,0.1598
1787476341.8568106,-1.4343804898372519,-0.06656429487723513,-9.992639768825766,-1.218470506064483,-0.06334070932859223,-10.766932516329847,0.2159,0.774,-1.188965133650847,-0.06326040713089578,-10.779329155885288,0.2454
1787476341.9821048,-1.4322412384625256,-0.06600497079076387,-10.03206999540487,-1.2057021053502193,-0.05806579976713583,-10.895640337352779,0.2267,0.864,-1.188965133650847,-0.06326040713089578,-10.779329155885288,0.2433
1787476342.0519307,-1.4311363848485343,-0.06616747696400108,-9.950832833747354,-1.2476093019586754,-0.09027108610615793,-9.83451467772133,0.1851,0.116,-1.2627962190924615,-0.09587401095911714,-9.746312114276412,0.1709
1787476342.1936414,-1.4291755726546282,-0.06677105966320525,-9.406476670029003,-1.255322643310641,-0.08998891464824742,-10.067187637895922,0.1754,0.661,-1.2603038270436815,-0.09019012405486783,-10.064883119420406,0.1705
1787476342.2720652,-1.4280899282421253,-0.0667428641158843,-9.40336821722696,-1.2523545187413219,-0.09006918217835153,-10.099880111037557,0.1773,0.697,-1.2812985991352197,-0.10285819157356638,-9.221741415924651,0.1512
1787476342.366049,-1.4268824742297268,-0.06635791938664658,-9.35709411260319,-1.1937363683582078,-0.09130062346551694,-9.447379137533813,0.2345,0.090,-1.1473950701903823,-0.08505618418801808,-9.583529633768883,0.2801
1787476342.4541094,-1.4256318894394933,-0.06567579176351035,-9.424054800532838,-1.1845414707551196,-0.09143794690727945,-9.429292717466877,0.2425,0.005,-1.1473950701903823,-0.08505618418801808,-9.583529633768883,0.2789
1787476342.5797484,-1.4234812874168483,-0.06482651724256973,-9.68886934407101,-1.1845414707551196,-0.09143794690727945,-9.429292717466877,0.2404,0.260,-1.1408126021812772,-0.0861689141853595,-9.505625611565874,0.2835
1787476342.6524563,-1.4224752988614322,-0.0648393910428107,-9.701940131500553,-1.1378062309664776,-0.07960242483898304,-9.948573814239502,0.2851,0.247,-1.1362352687851238,-0.0772555672265679,-9.987011383047447,0.2865
1787476342.7798216,-1.4205868923670497,-0.06552852024205351,-9.458879456574213,-1.123308897484693,-0.07835490579671578,-9.972987967082759,0.2976,0.514,-1.1362352687851238,-0.0772555672265679,-9.987011383047447,0.2846
1787476342.8454711,-1.4197167317154824,-0.0657380276244159,-9.44477601913288,-1.1234009860024194,-0.07778432190920975,-9.94163104020812,0.2966,0.497,-1.1264142173871805,-0.07806020923913319,-9.93670791225841,0.2936
1787476342.9918292,-1.4176445386468879,-0.06538629551381615,-9.363560894105513,-1.2134395531837832,-0.08596481682169693,-9.750572792434971,0.2052,0.387,-1.2742786048839274,-0.09619754669997714,-9.529437787178928,0.1466
1787476343.0703013,-1.4165083058741188,-0.06485872252277164,-9.390050306039864,-1.252303534159252,-0.09476579731102183,-9.445162259025341,0.1669,0.055,-1.2829472875454726,-0.10155775841595985,-9.30755360940569,0.1385
1787476343.1476698,-1.4154810632984691,-0.06426082606564827,-9.596876810414813,-1.2410403204727252,-0.0936098488474992,-9.508644636174903,0.1769,0.088,-1.2327529488439186,-0.09214684030811136,-9.542036996007237,0.1848
1787476343.2429097,-1.4148895431315769,-0.06396930809346296,-9.611820387398682,-1.237799971645629,-0.08951012216377419,-9.630052144333407,0.1789,0.018,-1.2337445509951515,-0.08735889036498709,-9.669153240110965,0.1826
1787476343.401141,-1.4137250894560867,-0.06444998738926203,-9.526887338769058,-1.2309523425932667,-0.09057133193367349,-9.797788215422283,0.1846,0.271,-1.2257267863295989,-0.08995089978638536,-9.815635321621643,0.1897
1787476343.466034,-1.4132592524298841,-0.06480844239015798,-9.292236258986444,-1.254460968066739,-0.09506254077615217,-9.471646018351157,0.1617,0.179,-1.2660271476027105,-0.0975553662598983,-9.419027950364967,0.1508
1787476343.6060677,-1.4119036946513455,-0.06501653924682756,-9.26366809915786,-1.2573762462587093,-0.09710922267868058,-9.379539760731491,0.1578,0.116,-1.256602763977818,-0.09717054140427,-9.379046173587206,0.1586
1787476343.6745875,-1.4110624510971137,-0.0647064699330632,-9.277033369395177,-1.2421073374140956,-0.09498907610995669,-9.436282328155361,0.1716,0.159,-1.2295713934739612,-0.09279915619316698,-9.486292474200125,0.1837
1787476343.8074045,-1.4095539329124525,-0.06381539876303899,-9.703451485918974,-1.232889425768894,-0.09450849287427356,-9.398968914531977,0.1793,0.304,-1.2270270711853977,-0.09357812079252043,-9.420765585302044,0.1849
1787476343.872408,-1.4087118797424023,-0.06375413507059093,-9.71495223495515,-1.2332420847968477,-0.0951394240075796,-9.380496811934622,0.1783,0.334,-1.2270270711853977,-0.09357812079252043,-9.420765585302044,0.1841
1787476344.0076323,-1.4070216240024982,-0.06437997692075635,-9.679705079622654,-1.254103140679701,-0.09957703590999098,-9.268883991362221,0.1569,0.411,-1.1249791724506946,-0.07461629316255225,-9.995717494799573,0.2822
1787476344.0740843,-1.406260859648494,-0.064948918091688,-9.517022052183869,-1.1775714386621916,-0.08334140702172321,-9.807023050847233,0.2294,0.290,-1.1249791724506946,-0.07461629316255225,-9.995717494799573,0.2814
1787476344.2071135,-1.4056480785927499,-0.06545194572642306,-9.28100559110995,-1.2392983708629493,-0.08948554611845715,-9.700344277365657,0.1681,0.419,-1.2710339258763907,-0.09484661509619881,-9.58440906575599,0.1378
1787476344.2769907,-1.4051911572060374,-0.06532190452226733,-9.156803217738489,-1.241731078598741,-0.08941854009688988,-9.711394311103588,0.1652,0.555,-1.2710339258763907,-0.09484661509619881,-9.58440906575599,0.1374
1787476344.4135294,-1.4039059125078712,-0.06510655380542307,-9.12154635838338,-1.2836779413411208,-0.10589984704257885,-8.682715052445023,0.1270,0.439,-1.3117779042070683,-0.08866084661286697,-9.270315138102227,0.0951
1787476344.4786897,-1.403184302722866,-0.06541435021969919,-9.23662852661709,-1.3047093180133316,-0.09111554842633302,-9.232252982021432,0.1018,0.004,-1.3117779042070683,-0.08866084661286697,-9.270315138102227,0.0943
1787476344.6121683,-1.4018118019941848,-0.06719606445816557,-9.575555624653052,-1.2491458521725192,-0.09985564960768112,-9.167868340126795,0.1561,0.408,-1.2150304921015769,-0.09686370647807704,-9.263459100977471,0.1891
1787476344.6891572,-1.4012406771386878,-0.06854396534984789,-9.670820370539083,-1.2489557296034726,-0.10237381783468777,-9.070323055238577,0.1560,0.600,-1.2483717886061012,-0.10245906095834727,-9.068992008722173,0.1566
1787476344.7566178,-1.400777868407114,-0.06991641342754594,-9.61578479278286,-1.2498382217754516,-0.10351810804632816,-9.043038437047295,0.1546,0.573,-1.2483717886061012,-0.10245906095834727,-9.068992008722173,0.1558
1787476344.9113014,-1.399396904762233,-0.07136197698943086,-9.564066664446827,-1.2235211783026807,-0.0793847504991898,-9.720622406045562,0.1761,0.157,-1.2154787850343938,-0.0766125212906034,-9.77405496488998,0.1840
1787476344.9840732,-1.3985420633645076,-0.07166272138642124,-9.577427388960837,-1.2346803065187388,-0.09017334033066524,-9.68870423157654,0.1649,0.111,-1.244902145894503,-0.09491554293659335,-9.606196778307787,0.1554
1787476345.1116514,-1.397035273684043,-0.07205611571294566,-10.028974797573447,-1.2346692324787232,-0.095817641400072,-9.57408141262745,0.1641,0.455,-1.2353987247729457,-0.09680720473887332,-9.557562986653265,0.1635
1787476345.1903367,-1.396215922309924,-0.07251813176687806,-10.028526755454426,-1.2380461030021939,-0.09089795896544949,-9.7688050050805,0.1592,0.260,-1.2400169921119926,-0.08950196779707957,-9.790035714927356,0.1571
1787476345.2649958,-1.3954099268635158,-0.073313908240255,-10.060537749499346,-1.2372351578930194,-0.09361955449843656,-10.008471369646989,0.1595,0.052,-1.2368078180954694,-0.0939868914801478,-10.006072505764399,0.1599
1787476345.3808622,-1.393979503525904,-0.07546863490208713,-9.80661509919876,-1.2371342281853372,-0.09393378958364303,-10.068524517207937,0.1579,0.262,-1.2368078180954694,-0.0939868914801478,-10.006072505764399,0.1583
1787476345.5133016,-1.3925383914337064,-0.0768059339216355,-9.739934768312152,-1.2055033952627756,-0.06765202271030264,-10.436655249479063,0.1873,0.697,-1.1988156712184672,-0.06582716544194399,-10.467231478234051,0.1940
1787476345.5899818,-1.391658823437718,-0.0770977144305041,-9.708260660433233,-1.218855203558328,-0.0744663833179982,-10.240880324744651,0.1728,0.533,-1.2286172549958878,-0.0777677129380353,-10.175609636545335,0.1630
1787476345.656636,-1.3907467021628777,-0.07714468530324414,-9.774509183890702,-1.225230769620984,-0.08061587659952976,-10.224684350370156,0.1656,0.450,-1.2317221769104658,-0.0836770352253358,-10.171540383673964,0.1592
1787476345.7983818,-1.3891403734615484,-0.07740766881007917,-10.256189466931184,-1.2192828053625433,-0.08665420788723549,-10.02098123715643,0.1701,0.235,-1.2175744822825159,-0.08765920293006091,-10.004644620903996,0.1719
1787476345.8671796,-1.3882196159168976,-0.07800602586062563,-10.248165153902066,-1.2176721050962893,-0.08669136324449338,-10.04918287710875,0.1708,0.199,-1.0988380217270652,-0.07186214021785693,-10.438418776282738,0.2894
1787476345.9480307,-1.3873443438501842,-0.07887136414639849,-10.264232836242595,-1.0960226307839325,-0.07042901681493383,-10.629425398392556,0.2914,0.365,-1.0790263753179419,-0.06780636419665853,-10.686000699258422,0.3085
1787476346.085692,-1.3861289033618245,-0.08066455759291082,-10.120528436792405,-1.081851997518905,-0.06884054726111231,-10.68995049558607,0.3045,0.569,-1.0790263753179419,-0.06780636419665853,-10.686000699258422,0.3074
1787476346.1566055,-1.3855940236419628,-0.08114420429216535,-10.075426142754994,-1.0798257015429222,-0.07268353978903119,-10.727331551298366,0.3059,0.652,-1.0814112370661813,-0.07335795511389546,-10.71636986133942,0.3043
1787476346.2984226,-1.384244562891287,-0.0813183751174345,-10.073693268923822,-1.1028722163430469,-0.042865769984732134,-11.655767003942913,0.2840,1.582,-1.1186988995250002,-0.03980187144570809,-11.68382729148166,0.2688
1787476346.3583498,-1.3836435911064808,-0.08122007619152045,-10.272721814414236,-1.091966900018598,-0.03812636247569071,-11.790589617396417,0.2948,1.518,-1.1186988995250002,-0.03980187144570809,-11.68382729148166,0.2682
1787476346.4885597,-1.3833544491753667,-0.08145975145396639,-10.478669278051816,-1.070057539688349,-0.06420165322514275,-10.985667597607213,0.3138,0.507,-1.0672746039450136,-0.0666518622714976,-10.949219137984965,0.3164
1787476346.553135,-1.3831918029671002,-0.08195851550920484,-10.578195032014994,-1.058595417537072,-0.06308085456104247,-11.04347790943405,0.3251,0.465,-1.0672746039450136,-0.0666518622714976,-10.949219137984965,0.3163
1787476346.680277,-1.382838419578845,-0.08286795940926191,-10.518840930809667,-1.1272787397011135,-0.09905099277503929,-9.788542366854527,0.2561,0.730,-1.1539402508197012,-0.10666961938845648,-9.681693333509358,0.2301
1787476346.7500513,-1.3825886791435822,-0.08280789524841166,-10.414638529472551,-1.0900900083599536,-0.11017838685697758,-9.24293732704193,0.2938,1.172,-1.0759049653104316,-0.11013492041361882,-9.219446587794348,0.3079
1787476346.8954813,-1.3814331131673745,-0.08176259253555059,-10.238453770946236,-1.0732181944563959,-0.10400358670662757,-9.27381277134931,0.3090,0.965,-1.0670725903870129,-0.10176951476370298,-9.300681584829155,0.3150
1787476346.9711473,-1.3806262377536727,-0.08076666705321385,-10.27785598717074,-1.059761740189058,-0.10667135747139422,-9.173998065273732,0.3219,1.104,-1.0562284838697016,-0.10645845068099392,-9.172183089941782,0.3254
1787476347.0478678,-1.379926162093465,-0.07978537349325515,-10.466087023935257,-1.047433051074888,-0.10350559608642584,-9.212834182951074,0.3333,1.253,-1.045379133082923,-0.10229539884958792,-9.228989994216029,0.3353
1787476347.1887083,-1.3782448365034825,-0.07895085805658335,-10.506853090864125,-1.262461879832447,-0.07627179238840268,-10.021739982858767,0.1158,0.485,-1.46589832432869,-0.08608980936718863,-10.328295526051972,0.0879
1787476347.2993765,-1.3766674334378763,-0.07898130102773493,-10.313792952325837,-1.2829226191227523,-0.07410296638669366,-10.02850174117551,0.0939,0.285,-1.46589832432869,-0.08608980936718863,-10.328295526051972,0.0895
1787476347.4129343,-1.3726937834232233,-0.07862347143525462,-9.604725326025186,-1.2985317650958064,-0.07245625393574803,-10.033533897678648,0.0744,0.429,-1.46589832432869,-0.08608980936718863,-10.328295526051972,0.0935
1787476347.4699197,-1.371298566753758,-0.07820203246441285,-9.389189657151212,-1.1307517623115593,-0.17093422150182586,-6.9245613078426524,0.2578,2.465,-1.1108649035183826,-0.17122332485256228,-6.924512899741204,0.2765
1787476347.537838,-1.3699032363198997,-0.07748488455237691,-9.144432973215753,-1.0924732849457794,-0.12777633292157697,-8.362628190091703,0.2820,0.782,-1.0744769404344858,-0.11677129228678963,-8.560416830927798,0.2980
1787476347.7026443,-1.367207167701925,-0.07563909919563594,-8.998085996773355,-1.272846934941454,-0.07375294632218994,-10.908584507193929,0.0944,1.910,-1.4081350542238393,-0.06765050459637455,-10.897572400886592,0.0417
1787476347.7709806,-1.3662204276449943,-0.07535368461050149,-9.012644285739485,-1.21686156467847,-0.08368806480978272,-9.580605353480221,0.1496,0.568,-1.172504377448553,-0.08591896300961327,-9.583175577861242,0.1940
1787476347.8957448,-1.3642279502578782,-0.07555002112498044,-8.971801508684058,-1.2299079965139457,-0.07917082607693646,-9.58201510093464,0.1344,0.610,-1.2008826853770602,-0.09814893322001912,-8.987912086287482,0.1649
1787476347.9704592,-1.3633160939284508,-0.07586175954187738,-8.80746642324673,-1.1815814471390151,-0.08971122503085073,-8.833382966293094,0.1823,0.026,-1.1666959818955172,-0.08724460847217634,-8.885790177108795,0.1969
1787476348.092676,-1.3615452325643451,-0.0759472075971109,-8.756773385909234,-1.1846288747037015,-0.08776546159742273,-8.769606368836287,0.1773,0.013,-1.1666959818955172,-0.08724460847217634,-8.885790177108795,0.1952
1787476348.1694531,-1.3605262797082611,-0.07564035094428949,-8.723163940327682,-1.0945115468606732,-0.08518717635923731,-9.309604654238818,0.2662,0.586,-1.0618084204836307,-0.08123224224599745,-9.405243417174818,0.2988
1787476348.3094206,-1.3584633780538875,-0.0744250222605039,-8.9674768335055,-1.1610789487093571,-0.0964629809905265,-9.046393348628165,0.1986,0.079,-1.1677148522624028,-0.09718213876548254,-9.080579091605815,0.1921
1787476348.3789122,-1.3579271019952392,-0.07441683124731488,-9.048102561176258,-1.1649411244499353,-0.0968003171755312,-9.08900788378382,0.1943,0.041,-1.1677148522624028,-0.09718213876548254,-9.080579091605815,0.1916
1787476348.4448006,-1.3573856760396867,-0.07474410036029516,-9.15187598991822,-1.1667583846499971,-0.08969395441859174,-9.283539987927135,0.1912,0.132,-1.1665662609781933,-0.08836608083218797,-9.305580699773035,0.1913
1787476348.5829098,-1.3566318163996027,-0.07658929151898108,-9.303800467900482,-1.1526564864829696,-0.0827112079951843,-9.58015473796666,0.2041,0.276,-1.146126855922536,-0.08111021953220762,-9.615786917560676,0.2106
1787476348.6999443,-1.3559277191605172,-0.07823813579942161,-9.16306895101179,-1.1520048343142306,-0.08065461479808758,-9.595519462032287,0.2039,0.432,-1.146126855922536,-0.08111021953220762,-9.615786917560676,0.2098
1787476348.7650695,-1.355372081330189,-0.07864132111177541,-9.1343505103095,-1.136446020047271,-0.10392356801885551,-8.851552036251721,0.2204,0.283,-1.1331352059524589,-0.10586584499606615,-8.824342333489266,0.2239
1787476348.83759,-1.3547093087460118,-0.078793230477251,-9.123256036050112,-1.1515049759161722,-0.08734751097455824,-9.59967485937249,0.2034,0.476,-1.1589688752549487,-0.08420704949272802,-9.643481202950952,0.1958
1787476348.933706,-1.354048420438514,-0.07874320814464318,-9.218110141065912,-1.151253532312515,-0.0882397237065261,-9.563084123804462,0.2030,0.345,-1.1513871197953613,-0.08867168406242984,-9.555853357063274,0.2029
1787476349.0765536,-1.3530501119093992,-0.07922264352945085,-9.470474168686714,-1.1509064943589034,-0.08704182324041715,-9.581944716827424,0.2023,0.111,-1.1513871197953613,-0.08867168406242984,-9.555853357063274,0.2019
1787476349.1932476,-1.3517629872842112,-0.0818753312928541,-9.226951090806693,-1.1509064943589034,-0.08704182324041715,-9.581944716827424,0.2009,0.355,-1.1513871197953613,-0.08867168406242984,-9.555853357063274,0.2005
1787476349.310254,-1.3511933870323694,-0.08337826921997317,-9.079267665492054,-1.0573091966222485,-0.08503610093353561,-9.557933657823016,0.2939,0.479,-1.0460567301802204,-0.0793309753142207,-9.917579893653645,0.3052
1787476349.378389,-1.3508072675762348,-0.08389094311542883,-8.921114644231318,-1.049165951650944,-0.08110852718929255,-9.883055468761945,0.3017,0.962,-1.0460567301802204,-0.0793309753142207,-9.917579893653645,0.3048
1787476349.5083199,-1.3497631444029576,-0.08415410191855376,-8.658888837167527,-1.0982003449095414,-0.06561736181531275,-10.50601971913259,0.2522,1.847,-1.070107054135675,-0.057955244811147194,-10.668760878703546,0.2809
1787476349.567766,-1.349249519789414,-0.08403094488743529,-8.672172000189923,-1.084024527243169,-0.059578271421763335,-10.619815353158188,0.2663,1.948,-1.0751284992344807,-0.0577257002814116,-10.660059333973821,0.2754
1787476349.709881,-1.3482081168111175,-0.08431819762145475,-8.812644713882309,-1.0771633960256832,-0.06921237366867601,-10.192162153539979,0.2715,1.380,-1.0779163805158665,-0.07142398109179018,-10.155377208117596,0.2706
1787476349.774347,-1.3475671028477838,-0.08493716162967542,-8.816902763999929,-1.0736528368121223,-0.07052031295189155,-9.91859133998773,0.2743,1.102,-1.0738083347320977,-0.07147305230573801,-9.900348285374863,0.2741
1787476349.906996,-1.3463703994353418,-0.0867398369114049,-8.604992720426203,-1.0658457402214618,-0.06242062292049,-10.256578789006971,0.2816,1.652,-1.0653339780392297,-0.06147578899789632,-10.272397711937987,0.2822
1787476349.9827518,-1.3458759212563758,-0.08757170119790926,-8.575969248719488,-1.0601963705417015,-0.05998669056057969,-10.301378955928763,0.2870,1.725,-1.081116776507561,-0.059630063532984647,-10.289658852164159,0.2662
1787476350.0538862,-1.345270252995334,-0.08809796018544294,-8.502124538606582,-1.0766566129600228,-0.05921557413595657,-10.200789909858013,0.2702,1.699,-1.0794843238472274,-0.05984058462949,-10.189205154319355,0.2673
1787476350.184711,-1.3438116429264513,-0.0883781511856192,-8.462616399500941,-1.0723733152465391,-0.05624566728688684,-10.244049988564083,0.2733,1.781,-1.0794843238472274,-0.05984058462949,-10.189205154319355,0.2659
1787476350.3082604,-1.3425501227937249,-0.08855839850968761,-8.864629525070287,-1.073624080463974,-0.05985704100050575,-9.917424064181823,0.2705,1.053,-1.0744078254670897,-0.06052763946700545,-9.905465860110501,0.2696
1787476350.3740063,-1.3419263400739796,-0.08898922657994927,-9.117849650756197,-1.066146403552408,-0.05922717302900626,-10.09161657900485,0.2774,0.974,-1.0655950500491285,-0.05936961179046366,-10.090458254947174,0.2779
1787476350.4468317,-1.3409952285209312,-0.08908042732654602,-9.119467725677504,-1.1237710988511187,-0.07273855193787554,-9.726075394628602,0.2178,0.607,-1.1528293546518928,-0.0778556412346741,-9.646023060508169,0.1885
1787476350.576456,-1.339683048768152,-0.089518530853405,-9.05309529189411,-1.127116648145807,-0.0728325275298579,-9.72038092590515,0.2132,0.667,-1.1528293546518928,-0.0778556412346741,-9.646023060508169,0.1872
1787476350.7127028,-1.3383554470732044,-0.08913966520584084,-8.623456871954621,-1.1090804775066496,-0.09621346219660705,-8.709164099545784,0.2294,0.086,-1.1035397738875594,-0.09851773314585896,-8.670169424658434,0.2350
1787476350.7799907,-1.3375980428917569,-0.08835996752450768,-8.333691078048611,-1.1412019685572092,-0.08977750202177057,-9.316081510663631,0.1964,0.982,-1.1554405510218373,-0.08931314570306352,-9.31392979340971,0.1822
1787476350.9008367,-1.3361840631050796,-0.08637980703570161,-8.086519862231105,-1.1475006037207358,-0.09207496712945396,-9.280183804435094,0.1888,1.194,-1.1554405510218373,-0.08931314570306352,-9.31392979340971,0.1808
1787476350.977461,-1.33543779839874,-0.08583682596904169,-8.109883931042498,-1.0616035904657037,-0.0791690419667479,-9.373160444201181,0.2739,1.263,-1.0336023917282262,-0.07516371416346118,-9.460984435546228,0.3020
1787476351.058408,-1.334668035696677,-0.08558934268959471,-8.141663609220632,-1.0582994113601687,-0.06677835419084407,-9.72870611756684,0.2770,1.587,-1.058590683749928,-0.06481973397606398,-9.760078711376767,0.2769
1787476351.183232,-1.3331361513128352,-0.0857896171722454,-8.055009019200542,-1.0501739572238507,-0.05417981411742871,-9.65162747414781,0.2847,1.597,-1.0488445339153458,-0.05270636044878494,-9.674221348425618,0.2862
1787476351.303518,-1.3318030155157086,-0.08586231734425448,-7.5240101346621024,-1.0480359475919723,-0.0592009756123191,-9.609384726799561,0.2850,2.085,-1.0489610902643822,-0.06088498808260266,-9.583197310303436,0.2839
1787476351.3629038,-1.3308754001240224,-0.08547158188391889,-7.532620121464701,-1.0456081464612137,-0.056107022591239654,-9.590523964819731,0.2868,2.058,-1.0466019713827557,-0.055944362771037134,-9.59138108166193,0.2858
1787476351.4749634,-1.32868733970951,-0.08377032515487465,-7.671985431008012,-1.043920782846406,-0.06089472340609215,-8.963878165056329,0.2857,1.292,-1.045593175056393,-0.06295902499896003,-8.923797656368228,0.2839
1787476351.5401616,-1.3275977955850986,-0.08319645065606629,-7.703965759390879,-1.0498158763122123,-0.05713819894167307,-9.012364256929008,0.2790,1.308,-1.0542260734523818,-0.05725985880627035,-9.004897073256931,0.2746
1787476351.6300282,-1.3264758196396307,-0.08273731926747192,-7.7825173672224395,-1.0464969337008416,-0.055587457174893766,-8.967846532585671,0.2813,1.185,-1.0542260734523818,-0.05725985880627035,-9.004897073256931,0.2734
1787476351.7880113,-1.3241552843132676,-0.08283176669912945,-7.921214802867351,-1.0231360086778705,-0.0704893919695317,-8.299603126071895,0.3013,0.378,-1.0148737513777464,-0.07189088520247829,-8.285106927134313,0.3095
1787476351.8730552,-1.3230690654312338,-0.08318547458595252,-7.847831592170167,-1.0936472504881751,-0.07670703953960228,-8.301607924149359,0.2295,0.454,-1.1274135940280983,-0.08153073728838972,-8.188827766434617,0.1957
1787476351.9489248,-1.3220262988595728,-0.08333670331986644,-7.628116284721064,-1.1280288435169277,-0.07951045355282649,-8.308059455742956,0.1940,0.680,-1.1416450999545296,-0.08127556087846048,-8.265480670757286,0.1804
1787476352.0846477,-1.3203411446255362,-0.08263722329209583,-7.4173416223949005,-1.126925441241204,-0.08317097383369698,-7.887650182693644,0.1934,0.470,-1.1234665471953686,-0.08330932578857674,-7.887154710336557,0.1969
1787476352.1918528,-1.3191200442739501,-0.08146695046956681,-7.4330195563710015,-1.1335262847573837,-0.08491547238007274,-7.775992773456909,0.1856,0.343,-1.1234665471953686,-0.08330932578857674,-7.887154710336557,0.1957
1787476352.2553706,-1.3187674658777746,-0.08120239857127397,-7.511999509817944,-1.139230930042398,-0.08643343699012503,-7.681983913220462,0.1796,0.170,-1.1234665471953686,-0.08330932578857674,-7.887154710336557,0.1953
1787476352.394048,-1.317948718279184,-0.0813922667736121,-7.7138318869843525,-1.1189427623716321,-0.08705027945244236,-7.561061485482648,0.1991,0.153,-1.1250885597053648,-0.08236925652066444,-7.643408946570338,0.1929
1787476352.4741797,-1.3175423177700112,-0.08187535618479112,-7.747245586656188,-1.1356701166824976,-0.09317879403820041,-7.534118093052127,0.1822,0.213,-1.142318421918682,-0.09483542597939974,-7.501730478169129,0.1757
1787476352.609259,-1.3168748539679267,-0.08257472424126493,-7.428287320377692,-1.1321556871539458,-0.08975907726093287,-7.57651633713651,0.1849,0.148,-1.1270197319619413,-0.08752844319531927,-7.618036904544099,0.1899
1787476352.7132964,-1.316708983261635,-0.08226840678887712,-6.959182388998357,-1.1398592223056925,-0.09172656468344624,-7.444319806978781,0.1771,0.485,-1.1270197319619413,-0.08752844319531927,-7.618036904544099,0.1898
1787476352.778229,-1.3166627029281615,-0.08203845157776075,-6.813812163715536,-1.024697645112135,-0.0695753297703908,-8.24347542944584,0.2922,1.430,-0.997407579387869,-0.06541075122569766,-8.338544782627698,0.3197
1787476352.8580701,-1.3168347600328423,-0.0818070524962338,-6.827324394962945,-1.016030526969207,-0.06834566968411407,-8.217073091903806,0.3011,1.390,-1.1272180684248148,-0.08103744067134533,-7.868995974641893,0.1896
1787476352.9533262,-1.3169739218848526,-0.08172649024981768,-6.886850351289276,-1.048041718059721,-0.07691667313103666,-7.945005545202094,0.2690,1.058,-1.0098144175257713,-0.07438602460735001,-8.024240601439802,0.3072
1787476353.0354242,-1.3169298805315695,-0.08217190797251242,-6.895518988970753,-1.0451700383210212,-0.06570702835915516,-8.272824833402998,0.2723,1.377,-1.0459303772193749,-0.06421739679702775,-8.296355523066163,0.2716
1787476353.2044306,-1.3169852225171235,-0.08362067522263819,-6.569618309056409,-1.0327686663738045,-0.06198626815144339,-8.192906741119813,0.2850,1.623,-1.0281137164762677,-0.061190767403353705,-8.209858796168845,0.2897
1787476353.2813609,-1.316999302097985,-0.08406804572079742,-6.254544114913605,-1.0415238902600557,-0.05771901589719102,-8.396225528500375,0.2767,2.142,-1.050097833424447,-0.0566326626595171,-8.413510384669268,0.2683
1787476353.3695698,-1.316227069849009,-0.08367792835789763,-5.7375490606799255,-1.2041847705955784,-0.06543240563201767,-7.040850832787682,0.1135,1.303,-1.363348613976344,-0.07285258301148008,-7.181360727303962,0.0483
1787476353.5133126,-1.314309797083485,-0.08249095089506314,-5.045226382639527,-1.2221151997151445,-0.06462019506768658,-6.925013957302026,0.0939,1.880,-1.363348613976344,-0.07285258301148008,-7.181360727303962,0.0500
1787476353.5918717,-1.3131949869124016,-0.08218651164462845,-4.839381868250969,-1.1995081777093468,-0.09733365101197011,-6.358954402404946,0.1147,1.520,-1.1940618554897684,-0.09888569403322056,-6.335048470404686,0.1203
1787476353.674584,-1.3120162287411536,-0.08234303389982184,-4.75709595833473,-1.3102106081306406,-0.08916594421920762,-5.467723814594473,0.0071,0.711,-1.3863520837606833,-0.09313528187685402,-5.592921591842139,0.0751
1787476353.8114257,-1.309733235119998,-0.08331237627028776,-4.30621346856395,-1.3566337117759333,-0.08329309690076327,-5.139593861665752,0.0469,0.833,-1.37128791595945,-0.08225221457336035,-5.151362023195021,0.0616
1787476353.8798382,-1.3087153642291205,-0.08295598264442657,-4.302707649865138,-1.375199504175465,-0.07700773702577789,-5.021141895671297,0.0667,0.718,-1.3673266403096056,-0.0746850775837563,-5.055025452329274,0.0592
1787476353.9959965,-1.3064143400910615,-0.08138935541957401,-4.272998702115371,-1.4081644684855628,-0.0779051905656583,-4.780289466694066,0.1018,0.507,-1.3673266403096056,-0.0746850775837563,-5.055025452329274,0.0613
1787476354.0460124,-1.3052318100211115,-0.08023130645865341,-4.272463468244001,-1.400235216543561,-0.09949783244984864,-3.938440352437975,0.0969,0.334,-1.3902066544495921,-0.10081268756510839,-3.9283773652104435,0.0874
1787476354.1998444,-1.3041851757567562,-0.07862236461678886,-4.429010257175136,-1.42398301658775,-0.10296086590249427,-3.7017844010265257,0.1222,0.727,-1.405023522809109,-0.10340499256815547,-3.797190726475137,0.1038
1787476354.2799006,-1.3036144608432831,-0.0781844563792942,-4.590025377714912,-1.4183738236395185,-0.1084820346164165,-3.6947597605942213,0.1187,0.895,-1.4093870653150409,-0.10765178505714688,-3.7176046855917066,0.1098
1787476354.3598795,-1.3029954305842872,-0.07805056539120812,-4.732706668098766,-1.410151997404284,-0.1059268722248704,-3.759414176381165,0.1107,0.973,-1.3970464829718596,-0.1032849964647045,-3.795100051382351,0.0974
1787476354.4442906,-1.3024364251503706,-0.07813307276128731,-4.7551266924750575,-1.4165468602323656,-0.09891790285999859,-3.94424719324868,0.1160,0.811,-1.4041593841761368,-0.09406762877521674,-4.0312639859873505,0.1030
1787476354.6089787,-1.3014074566820932,-0.07779924658595713,-4.470687199579769,-1.4175277552562908,-0.10040995546518801,-3.9528577684650195,0.1183,0.518,-1.409246788163777,-0.0996518133817101,-3.961503320286185,0.1100
1787476354.680018,-1.3005119743909586,-0.07770860238941246,-4.308596849078429,-1.4408107738314742,-0.10347695874457281,-3.7191628027922228,0.1426,0.589,-1.409246788163777,-0.0996518133817101,-3.961503320286185,0.1109
1787476354.7583697,-1.299887630271089,-0.07763700384790925,-4.133832881827871,-1.4155685053059432,-0.10198091561736007,-4.230994717595275,0.1182,0.097,-1.405462016061649,-0.10061090847042874,-4.248666738138023,0.1080
1787476354.9050891,-1.2988590389968253,-0.0779443888344766,-4.091648945566483,-1.399711248627113,-0.09935648971754178,-4.189975015473014,0.1031,0.098,-1.3787090566468143,-0.09395290553772964,-4.294121766835148,0.0814
1787476354.9739249,-1.2982869425267487,-0.07849698563454159,-4.078699256114689,-1.3960431032827099,-0.09805664952869671,-3.7343606188604324,0.0997,0.344,-1.3895466532954974,-0.09779785691228252,-3.727967839712606,0.0933
1787476355.1057575,-1.297238014039029,-0.08014662698552792,-3.773482431057259,-1.3957522954207717,-0.09295779300228754,-3.8081147993891538,0.0993,0.035,-1.390081161576274,-0.0911833106594055,-3.832119352347114,0.0935
1787476355.1839633,-1.2972410247937611,-0.08054110522632506,-3.7558902059610477,-1.4043033501642683,-0.09348233619442352,-3.667750961495787,0.1078,0.088,-1.390081161576274,-0.0911833106594055,-3.832119352347114,0.0934
1787476355.2655842,-1.2971732993631688,-0.08071793585251098,-3.7298135918963866,-1.398828522320347,-0.09611804832097626,-3.497431448013116,0.1028,0.232,-1.3958403346914816,-0.09651025137211083,-3.4897798931129103,0.0999
1787476355.3780293,-1.2968615227470497,-0.08011564961845773,-3.848751268373169,-1.4102383648260657,-0.09742117093670896,-3.2754587860049615,0.1147,0.573,-1.3958403346914816,-0.09651025137211083,-3.4897798931129103,0.1003
1787476355.4668045,-1.2964839223114704,-0.07962579856859064,-4.092924846348908,-1.4055535627357258,-0.09923490150176681,-3.4778517346256286,0.1108,0.615,-1.4031055705391804,-0.09902584495389179,-3.480816936635804,0.1084
1787476355.6066236,-1.2957357718548614,-0.07990848325035277,-4.148508348936079,-1.4035122269098323,-0.10505176352695973,-3.2501329897907687,0.1107,0.898,-1.3987368161949123,-0.1057804140910061,-3.244359220373279,0.1062
1787476355.6881518,-1.2953219647408873,-0.0804490212271338,-4.124387867865875,-1.3890381121320061,-0.10041406282056652,-3.356295752647504,0.0958,0.768,-1.3799674082340092,-0.09821036739577048,-3.385542866712064,0.0865
1787476355.7635486,-1.295010504310238,-0.08111511340691319,-3.94389151811091,-1.3882976937907678,-0.09610765151497594,-3.5295742776568555,0.0945,0.414,-1.3848479998854795,-0.09183708732572833,-3.876502228893945,0.0905
1787476355.8492098,-1.2947235451741466,-0.08157563381409293,-3.6610768664859945,-1.3714712343972115,-0.07922678229603837,-4.196588520671648,0.0768,0.536,-1.360511139933129,-0.07402244545207755,-4.258627164112851,0.0662
1787476355.9720452,-1.2927483988137636,-0.08069325467772176,-3.7244902560749513,-1.3719503040979237,-0.07719311683077262,-4.152707318429947,0.0793,0.428,-1.360511139933129,-0.07402244545207755,-4.258627164112851,0.0681
1787476356.0895114,-1.2890410445881308,-0.07910205994345836,-4.0173847898052735,-1.3722757282659428,-0.0754783198127872,-4.116566376478906,0.0833,0.099,-1.360511139933129,-0.07402244545207755,-4.258627164112851,0.0717
1787476356.2040274,-1.2863288127547046,-0.07866726950985925,-4.202153812198595,-1.3644849096026823,-0.09093028657572652,-3.5503324719336278,0.0791,0.652,-1.363299604370324,-0.09241541141777233,-3.528106162190478,0.0782
1787476356.2913086,-1.284994157225752,-0.07888648211108543,-4.34841855905675,-1.3578476485048463,-0.09671776916063851,-3.373804687685765,0.0750,0.975,-1.3549707071733126,-0.09830063217014001,-3.3519646720185166,0.0726
1787476356.3798118,-1.2836839305866983,-0.07938170756456611,-4.396733238584884,-1.346103250583122,-0.08354889376702586,-3.904310997665126,0.0626,0.492,-1.3409236918209828,-0.07934391173939044,-3.958665781062898,0.0572
1787476356.4593503,-1.2824892255932925,-0.07985300965477915,-4.281443220419737,-1.3599015315715175,-0.07540609916877679,-4.363560626412803,0.0775,0.082,-1.3686277149880097,-0.07321958998999059,-4.4038519275877,0.0864
1787476356.5517476,-1.2812106704670747,-0.07997428534569143,-4.10938070450033,-1.3535027651226816,-0.07932543350111651,-4.279507258012165,0.0723,0.170,-1.3371888632008264,-0.08088077046223872,-4.265954430631055,0.0560
1787476356.6377692,-1.2805697012037858,-0.07971633952977139,-3.5400582599818744,-1.3518036913805083,-0.07825368051674374,-4.2691406815758945,0.0712,0.729,-1.3371888632008264,-0.08088077046223872,-4.265954430631055,0.0566
1787476356.7985535,-1.2796134490468223,-0.0788854131720623,-2.8252259124564234,-1.3773915601965823,-0.08319049519649133,-3.66756294897526,0.0979,0.842,-1.3884076829307073,-0.08497563795216842,-3.650467356400466,0.1090
1787476356.8587642,-1.2790675709447108,-0.07888584531003533,-2.555008950997936,-1.3790218528334628,-0.0824517655363144,-3.5901658444713602,0.1000,1.035,-1.3884076829307073,-0.08497563795216842,-3.650467356400466,0.1095
1787476356.9903448,-1.277890656147319,-0.07943139961597238,-1.9271709506900636,-1.3470732828195144,-0.08125853910225964,-3.197148511730307,0.0692,1.270,-1.3393004788615832,-0.08105233369997743,-3.192454172145965,0.0614
1787476357.0721035,-1.2774077455655577,-0.07987307770536775,-1.4229322590297584,-1.3533344304305799,-0.08392021039354194,-2.5290667034627354,0.0760,1.106,-1.3577013981038768,-0.08563013710165933,-2.5017146967429045,0.0805
1787476357.1497443,-1.2769291871174901,-0.0800920444601062,-0.8309999221550364,-1.350978202092852,-0.08421978012854028,-1.8890566145365897,0.0742,1.058,-1.3496899326328227,-0.0855570961608734,-1.8570952017465565,0.0730
1787476357.2962832,-1.2751872742581276,-0.07909159055797843,-0.8720890871417515,-1.3450049971974092,-0.08660782802042945,-1.381709151681345,0.0702,0.510,-1.3438116255739743,-0.08725507257637022,-1.3704793414144978,0.0691
1787476357.376278,-1.2746903488375165,-0.07853456320299,-0.7952121383778674,-1.3514473422514843,-0.08902360783333717,-0.7070095213935316,0.0775,0.088,-1.3564826203560871,-0.09081194519595913,-0.6769060808235594,0.0827
1787476357.44622,-1.274242540934844,-0.07812926671143514,-0.8019915411356933,-1.3513506419389636,-0.0881418318944218,-0.7317898453873178,0.0778,0.070,-1.352080789172711,-0.08768753889410362,-0.7404889096539695,0.0784
1787476357.5792613,-1.2731923150776117,-0.07827216410653967,-0.9091485762187742,-1.3499007861025627,-0.08825249214284285,-0.5253941026903894,0.0774,0.384,-1.352080789172711,-0.08768753889410362,-0.7404889096539695,0.0794
1787476357.707529,-1.272263012353182,-0.07917847920580827,-0.7613661238570762,-1.3488367753118573,-0.08570754424112552,-0.6942225838216606,0.0769,0.067,-1.3487433913524685,-0.08512393004290753,-0.7039147355473041,0.0767
1787476357.7692475,-1.2716377233073466,-0.0793375677165506,-0.7473077709093352,-1.3468716998489751,-0.08545778818770366,-0.46886183855166047,0.0755,0.278,-1.3487433913524685,-0.08512393004290753,-0.7039147355473041,0.0773
1787476357.8962874,-1.269449608204846,-0.07853633665446441,-0.7412617544342988,-1.3468716998489751,-0.08545778818770366,-0.46886183855166047,0.0777,0.272,-1.3487433913524685,-0.08512393004290753,-0.7039147355473041,0.0796
1787476357.9560041,-1.268713269539526,-0.07803412442767924,-0.8284182508590404,-1.3429734588052642,-0.08735314679423092,-0.7893132624999641,0.0748,0.039,-1.342582171305915,-0.08728431317130274,-0.791856064623043,0.0744
1787476358.1079865,-1.2675629026859898,-0.0786404176979366,-0.9388161404426775,-1.341584710839533,-0.09101092347883687,-0.5923078517768956,0.0750,0.347,-1.3418983722873894,-0.09201141099464251,-0.5777093896245024,0.0755
1787476358.1862917,-1.26682425100224,-0.07931585288335018,-1.0430185891671602,-1.3430206021129574,-0.09178583545905755,-0.5500957227849295,0.0772,0.493,-1.3447361542578649,-0.09189396878397017,-0.5497492039699668,0.0789
1787476358.26128,-1.2660538349158879,-0.08033826645258567,-1.1273918002527512,-1.3366626304331561,-0.09480832300121582,-0.43786762003339674,0.0721,0.690,-1.335628677034148,-0.0949490584782881,-0.4366607574977727,0.0711
1787476358.342141,-1.2653234250209353,-0.08147216962344456,-1.1291666967938327,-1.3344264971468762,-0.0955601661526818,-0.30402411592525364,0.0705,0.825,-1.335628677034148,-0.0949490584782881,-0.4366607574977727,0.0716
1787476358.4835985,-1.2638530454194725,-0.08278062414803151,-0.930878220115417,-1.328642572391822,-0.08576766702203759,-1.1698730037592986,0.0649,0.239,-1.3274284288965679,-0.08381150411524876,-1.198727741601892,0.0636
1787476358.5743172,-1.2628898729786613,-0.08268303106998379,-0.9552844644023568,-1.3286494654312913,-0.09291349920410646,-0.6775582581973492,0.0666,0.278,-1.3303521818934194,-0.09510680070327764,-0.6455162399459256,0.0686
1787476358.6679025,-1.2619621662337335,-0.08236395796785471,-1.1004923326696172,-1.3257701480929245,-0.09342984676912533,-0.5718225071011435,0.0648,0.529,-1.3303521818934194,-0.09510680070327764,-0.6455162399459256,0.0696
1787476358.773051,-1.260243311945615,-0.08225329265091676,-1.1439047207839625,-1.3232269421773368,-0.093869929772747,-0.4815664553065342,0.0640,0.662,-1.3303521818934194,-0.09510680070327764,-0.6455162399459256,0.0713
1787476358.9087744,-1.2583730317724358,-0.08286994450762239,-1.1537522099829223,-1.3258609253329854,-0.09408421647042693,-0.6234058379703762,0.0684,0.530,-1.2472002584112125,-0.10366045778001413,-0.43481068213138196,0.0236
1787476358.9810472,-1.257476576213068,-0.0834676454429061,-1.0157586601678845,-1.3027676817821916,-0.08076305927338695,-1.355938366740968,0.0454,0.340,-1.322985693802336,-0.07264525420840137,-1.490620928424388,0.0664
1787476359.0994532,-1.2557657903897013,-0.08403774625280618,-0.9524192105345732,-1.2978395628592931,-0.07936800466434406,-1.331945207124947,0.0423,0.380,-1.322985693802336,-0.07264525420840137,-1.490620928424388,0.0682
1787476359.1609135,-1.254824075236061,-0.0839546477947026,-0.9172586768061896,-1.2936305875635032,-0.07817808851692686,-1.3119874481740612,0.0392,0.395,-1.317536648070964,-0.07368801468295806,-1.508528634527008,0.0635
1787476359.313929,-1.252939856058898,-0.08323365551039816,-1.0764143673455884,-1.3097062423264512,-0.08445179857584127,-0.91813704066065,0.0568,0.158,-1.3097773617617445,-0.08849980473525128,-0.8587765928406538,0.0571
1787476359.3798451,-1.2520987670440973,-0.08296565992453292,-1.3493736731733599,-1.3065477665558656,-0.08397081640746347,-0.8587563908753256,0.0545,0.491,-1.3097773617617445,-0.08849980473525128,-0.8587765928406538,0.0579
1787476359.4688408,-1.2502621568006775,-0.0835637127228727,-1.3871611743088836,-1.3039248621140083,-0.0835684787580843,-0.8108362987758599,0.0537,0.576,-1.3097773617617445,-0.08849980473525128,-0.8587765928406538,0.0597
1787476359.6046298,-1.248539738322396,-0.08491587462326287,-1.3733968587738812,-1.3182080634854503,-0.09090979431227794,-0.6601203926603917,0.0699,0.713,-1.3216472276406688,-0.09194229885103895,-0.646198352370481,0.0734
1787476359.6949785,-1.2482003080908266,-0.08539413477006645,-1.3517729304281423,-1.3100523134282964,-0.07902396525104419,-1.2502404272439671,0.0622,0.102,-1.306926330693338,-0.07548831140238899,-1.299753690841128,0.0596
1787476359.7603629,-1.247816591898715,-0.08552446872902038,-1.2447535061474977,-1.303736792119577,-0.09169726107733427,-1.1643346110007027,0.0563,0.080,-1.302902179507791,-0.0940797863418574,-1.13210483098414,0.0557
1787476359.8898613,-1.2468863543514423,-0.08499120723097976,-1.110657943580805,-1.3004029175180236,-0.09246133909661618,-1.14052237882949,0.0540,0.030,-1.302902179507791,-0.0940797863418574,-1.13210483098414,0.0567
1787476359.9684591,-1.2464735192373886,-0.0845341857489193,-1.1811203649590403,-1.2958130184593402,-0.08734129837359889,-1.2407164775050514,0.0494,0.060,-1.2943890228713575,-0.08643063835558494,-1.2523299441952171,0.0480
1787476360.0401957,-1.2461375362099922,-0.08424402519301236,-1.391379686859366,-1.3013631271925306,-0.08531235980085032,-1.2432128999150498,0.0552,0.148,-1.305175640231138,-0.08502964828586344,-1.249983132023178,0.0590
1787476360.1270025,-1.2455381551257303,-0.0844719100187404,-1.388830842682193,-1.3055159852806433,-0.07786380230069966,-1.7064265630681603,0.0603,0.318,-1.3081332684929936,-0.07635708606062488,-1.7313755686873762,0.0631
1787476360.2929277,-1.2442600136483462,-0.08581839371081182,-1.055043721851446,-1.3037171182607243,-0.07653876624071841,-1.7354507376468287,0.0602,0.680,-1.3081332684929936,-0.07635708606062488,-1.7313755686873762,0.0646
1787476360.3713658,-1.2436191821119158,-0.08601058078246702,-1.0386333267717849,-1.2993818544598048,-0.07625891605116428,-1.723452575854265,0.0566,0.685,-1.3123714280382504,-0.09833622953458503,-0.7771963038235861,0.0698
1787476360.5096836,-1.2421215744410643,-0.0855016747179568,-1.0240541954569864,-1.306687625743375,-0.09249093048001401,-0.8616981348053616,0.0649,0.162,-1.3123714280382504,-0.09833622953458503,-0.7771963038235861,0.0714
1787476360.6033554,-1.2407445492659672,-0.08448334755859191,-1.172849157338885,-1.3048716985281437,-0.09413107408032713,-0.786365211993211,0.0648,0.386,-1.3123714280382504,-0.09833622953458503,-0.7771963038235861,0.0730
1787476360.6501377,-1.2401171556106894,-0.0841759081370811,-1.234857680319122,-1.302423321982299,-0.09905046191156816,-0.7052253384524223,0.0641,0.530,-1.302136347876516,-0.09943080305292427,-0.6999650061784379,0.0639
1787476360.7870727,-1.2387355943782639,-0.0841676946609591,-1.397948292886108,-1.3079828222453522,-0.09986996023315357,-0.7169703812905281,0.0710,0.681,-1.3111958233731473,-0.09995226071634836,-0.7165268566295755,0.0742
1787476360.8634381,-1.2379824657888219,-0.08457421080001867,-1.4294673544330607,-1.3015621638794719,-0.08013930755851967,-1.5549522904215811,0.0637,0.125,-1.2994968300148033,-0.07585639396811997,-1.6150298476567575,0.0621
1787476360.9491432,-1.2373009368947563,-0.08510300542351891,-1.3429381553702406,-1.2974556031832984,-0.07767463156529758,-1.6801384027768786,0.0606,0.337,-1.295551611522109,-0.07699147838173016,-1.6886739781198794,0.0588
1787476361.1087384,-1.2363484419254953,-0.0850753950730192,-1.113713898293892,-1.303099469108959,-0.09083256024557097,-1.2000528080073,0.0670,0.086,-1.3074025266963298,-0.09488545763287444,-1.1423876743933685,0.0717
1787476361.1785598,-1.2359489539970998,-0.08440065553043367,-1.1727525771882867,-1.3021989997419234,-0.09128174737458536,-1.1919277963321555,0.0666,0.019,-1.2991878397883263,-0.09939495270387073,-0.794169284193963,0.0650
1787476361.3073237,-1.2351541166135136,-0.08298352952605063,-1.3751988875810615,-1.2999001110041346,-0.09781223151607925,-0.8179359714922623,0.0664,0.557,-1.2991878397883263,-0.09939495270387073,-0.794169284193963,0.0661
1787476361.372924,-1.2346436662623603,-0.08261347891061138,-1.4248581441158203,-1.2977760570676586,-0.10003999579359807,-0.7537034481965549,0.0655,0.671,-1.318725102639556,-0.10387744024215848,-0.7215120112599108,0.0867
1787476361.455819,-1.234099702799025,-0.08245525443761333,-1.4703406593580415,-1.303825351300249,-0.09475583392160089,-1.1634979711948548,0.0708,0.307,-1.2982134779108194,-0.09150120504140988,-1.2097951091863919,0.0647
1787476361.6121461,-1.2330828093425104,-0.08279699428228196,-1.2346538576488628,-1.2976114594816206,-0.09247975400329912,-1.2695773909647774,0.0653,0.035,-1.2940083149046149,-0.09133399429749954,-1.285156864398678,0.0615
1787476361.692148,-1.2326065692146386,-0.08273842237541533,-0.9638081256055704,-1.290955282675438,-0.0905668976154691,-1.3264160405483778,0.0589,0.363,-1.2883452220899616,-0.08988812052126084,-1.3354245625695436,0.0562
1787476361.8056538,-1.230789586803025,-0.08111830593651435,-1.0475812806727165,-1.2884704933942084,-0.09043150982813002,-1.3385302237395105,0.0584,0.291,-1.2883452220899616,-0.08988812052126084,-1.3354245625695436,0.0582
1787476361.8549566,-1.2299114904113817,-0.08007892028840477,-1.2173627428477942,-1.2949787285367602,-0.0950828622240123,-0.9307606536350501,0.0668,0.287,-1.2970666894378562,-0.09594596563444813,-0.9179914767775283,0.0690
1787476362.0034072,-1.2286051722712248,-0.07854590425477109,-1.3558006654227424,-1.294693451588432,-0.09953635736138265,-0.6396184987710248,0.0693,0.716,-1.2952328260896384,-0.10076946980022188,-0.6210825348642595,0.0702
1787476362.0669444,-1.2278893521156582,-0.07820912891983565,-1.472708571139206,-1.2935148180207505,-0.10049323117656307,-0.5974699498691245,0.0693,0.875,-1.2952328260896384,-0.10076946980022188,-0.6210825348642595,0.0710
1787476362.2009313,-1.22640716789895,-0.07814946199384847,-1.5500017997016315,-1.2948750018432773,-0.08152391057207692,-1.3704085796203427,0.0686,0.180,-1.2953887841534972,-0.07864278227567498,-1.41237343257692,0.0690
1787476362.2681706,-1.2257916028521725,-0.0781528124554269,-1.3953759684338625,-1.2874342189246653,-0.07652258383136117,-1.4310660279102618,0.0617,0.036,-1.283321758475357,-0.07504155425446658,-1.4482856770693895,0.0576
1787476362.3953297,-1.2249348067145107,-0.07784585786465711,-0.7747443966325196,-1.2847408216645362,-0.0736153536191221,-1.4634453088128467,0.0600,0.689,-1.283321758475357,-0.07504155425446658,-1.4482856770693895,0.0585
1787476362.4777367,-1.2246867027694737,-0.07754755908154516,-0.37854175519868355,-1.2272924623449255,-0.06349064803789185,-2.0839224269206227,0.0143,1.705,-1.210693885944055,-0.06376917903990165,-2.0845615692371666,0.0196
1787476362.55427,-1.2245677203974936,-0.07735821760004319,-0.1850430184724196,-1.2683865976208355,-0.08111810734233763,-0.33842869008179116,0.0440,0.153,-1.29568978018638,-0.0901259060764372,-0.19783966981454323,0.0723
1787476362.7129917,-1.224424779260835,-0.0775311691148501,-0.012940892017652096,-1.2658264593132218,-0.08062845108434086,-0.26517150380001225,0.0415,0.252,-1.29568978018638,-0.0901259060764372,-0.19783966981454323,0.0724
1787476362.7955534,-1.224264430073437,-0.07814374231402933,0.0016444955365864323,-1.2735187485361847,-0.09504882359421607,0.32636303907868697,0.0521,0.325,-1.2767438577499608,-0.09524258270303208,0.33002568293378043,0.0552
1787476362.8647096,-1.2241666739235693,-0.07900122910790947,0.16913013601329183,-1.2717535905706445,-0.09646863115627884,0.45559066475263466,0.0507,0.286,-1.2716129446063944,-0.09224260837364266,0.3009512359018373,0.0493
1787476362.9468567,-1.2241419001550793,-0.07975906455919826,0.4474300640614107,-1.2717155830134452,-0.09300635626173463,0.31206550917286513,0.0494,0.135,-1.2716129446063944,-0.09224260837364266,0.3009512359018373,0.0491
1787476363.0959787,-1.2232045005267655,-0.08003569851103066,0.457293423797857,-1.2742468976923644,-0.09674325439662097,0.5840710253589748,0.0537,0.127,-1.2761875025798772,-0.09766140403181468,0.5977477995452668,0.0558
1787476363.1642835,-1.2227309811500044,-0.07980487129991744,0.3485679080680502,-1.2768644519339831,-0.09586175264160761,0.815543087709403,0.0565,0.467,-1.2783887599729642,-0.09565977321272177,0.813758013109625,0.0579
1787476363.298074,-1.2212277042892237,-0.08032314701071193,-0.02324259425663554,-1.268591183742268,-0.09408881895113992,0.7858322880040448,0.0493,0.809,-1.2658349236456823,-0.09324375365062429,0.773130867318159,0.0464
1787476363.3608408,-1.2202853171604564,-0.0809880979906467,-0.25605845871441874,-1.266775085272994,-0.09481019785621128,0.9132863131464833,0.0485,1.169,-1.2658349236456823,-0.09324375365062429,0.773130867318159,0.0472
1787476363.4958055,-1.2180377271569551,-0.08320212815551836,-0.37439427863406877,-1.2583863661459878,-0.08912345524339585,0.3735298948806232,0.0408,0.748,-1.2563016580090467,-0.08795949782949727,0.3559253436124058,0.0386
1787476363.5640075,-1.217030349782258,-0.08435007084182992,-0.2433686165969197,-1.2589226182951194,-0.0797773036533715,-0.2231351359309692,0.0421,0.020,-1.260224360730544,-0.07696304488602874,-0.26701507338773384,0.0438
1787476363.6444187,-1.2160603948353736,-0.084902052895341,-0.22444617598137026,-1.2677392120311752,-0.07955717638022328,-0.4186149255854463,0.0520,0.194,-1.272621903061117,-0.07973212113139408,-0.42198097375496024,0.0568
1787476363.72939,-1.2150253079812758,-0.08514376270431351,-0.20771373259505388,-1.274636143812067,-0.08849638435771161,-0.21842952438999222,0.0597,0.011,-1.2798996908313451,-0.09226878707623333,-0.16632572774191456,0.0653
1787476363.8949664,-1.2130230102517705,-0.08501186526935686,-0.5136765121047439,-1.2773705622107123,-0.0968795178557452,0.03544022424733063,0.0654,0.549,-1.2792222800544497,-0.09925626827331284,0.06932343499467265,0.0677
1787476364.0098958,-1.2116029952859786,-0.0854953277737189,-0.7481223475421923,-1.2779147510051558,-0.0987220587536367,0.08929226914967568,0.0676,0.837,-1.2792222800544497,-0.09925626827331284,0.06932343499467265,0.0690
1787476364.0841053,-1.210834142861932,-0.08602335056974718,-0.8373389100646706,-1.267539767729202,-0.09713215176738957,-0.027088394577868526,0.0578,0.810,-1.2649756871507265,-0.09665460090894813,-0.033760021880332884,0.0552
1787476364.159235,-1.210104645508762,-0.08672161381105134,-0.8271472650617361,-1.2644300823247312,-0.09736612716381789,-0.206007151822556,0.0554,0.621,-1.2631721683498804,-0.09694041498949417,-0.21330568723481738,0.0540
1787476364.2886472,-1.208669472944507,-0.08751337694498781,-0.7472002832078795,-1.2625736487094497,-0.0988559016845171,-0.19077769534378725,0.0551,0.556,-1.2631721683498804,-0.09694041498949417,-0.21330568723481738,0.0553
1787476364.3668795,-1.207876210191565,-0.08756395038526243,-0.7040002855970363,-1.2610530103069912,-0.08022477753018925,-1.0661391678647754,0.0537,0.362,-1.2607104514846679,-0.07779690226977112,-1.1014133066569884,0.0537
1787476364.5005374,-1.2063058580172143,-0.08697237004604336,-0.9041449129466472,-1.2570818658706193,-0.08076466262463691,-1.0883927607798367,0.0512,0.184,-1.2558579309540645,-0.08110769742791636,-1.0825056412047327,0.0499
1787476364.5638669,-1.2055953943581508,-0.08683486667728167,-1.1647423737067837,-1.261670659505158,-0.08454145177970138,-0.91510849417025,0.0561,0.250,-1.2639208977442662,-0.0855217008106555,-0.9026189083814161,0.0583
1787476364.703199,-1.2037753315088855,-0.08742645443400808,-1.1523795576185136,-1.2564757505855642,-0.08350456412364773,-1.3931049392591435,0.0528,0.241,-1.2538172124293165,-0.08260278930233046,-1.407870926891048,0.0503
1787476364.7662091,-1.2028352186027476,-0.0881144885245961,-1.0542572335699636,-1.254646711160366,-0.08281653698935354,-1.4796256330866895,0.0521,0.425,-1.2538172124293165,-0.08260278930233046,-1.407870926891048,0.0513
1787476364.9051983,-1.2011396804210177,-0.08930539625836253,-0.8000894850432608,-1.2567975834643135,-0.08397271829556006,-1.3869517852543918,0.0559,0.587,-1.2575800400037325,-0.08423011706069027,-1.3838369104735233,0.0567
1787476364.9717202,-1.2002175007488305,-0.0894453985789112,-0.7671526833286691,-1.2553754737016831,-0.08347722080553212,-1.4610224428884038,0.0555,0.694,-1.2575800400037325,-0.08423011706069027,-1.3838369104735233,0.0576
1787476365.1105561,-1.1982722057505655,-0.0890372491683968,-0.8537392685704175,-1.2643959090243446,-0.09946348878437494,-0.5461588891550428,0.0669,0.308,-1.2673716378123006,-0.10202554227370886,-0.5083723205740013,0.0703
1787476365.183908,-1.1974181258282546,-0.0887781801001317,-1.0958299548277646,-1.258353140486549,-0.09010371032869248,-1.0210903352008687,0.0609,0.075,-1.2562932463601792,-0.08792876387886184,-1.0510224701470625,0.0589
1787476365.2565317,-1.1965295803663711,-0.08878099202772435,-1.3914746549026025,-1.2576687301951737,-0.09028212547592199,-1.0452998066567287,0.0612,0.346,-1.2562932463601792,-0.08792876387886184,-1.0510224701470625,0.0598
1787476365.3973968,-1.1944414394005276,-0.09035694311475695,-1.3173060532590006,-1.2428583749605984,-0.08561539294439713,-1.3823123279069158,0.0486,0.065,-1.2380843741664758,-0.08452032682305928,-1.394067822166125,0.0440
1787476365.4612901,-1.1937307202551088,-0.0909609789444484,-1.2899722622980607,-1.239472519671088,-0.08511600725190809,-1.4511333154351878,0.0461,0.161,-1.2380843741664758,-0.08452032682305928,-1.394067822166125,0.0448
1787476365.5960336,-1.1922355649593,-0.09161280843298877,-0.9179114473358758,-1.2428152754206956,-0.08115232673091795,-1.7013853250145998,0.0517,0.783,-1.2439106041352026,-0.08069659333122597,-1.7093054283069333,0.0528
1787476365.6920292,-1.1914342318448508,-0.09142677970349601,-0.7015494829651012,-1.2411954907405758,-0.08298070881132273,-1.6786905319928667,0.0505,0.977,-1.2413261274793386,-0.08360765018543831,-1.6697644315611693,0.0505
1787476365.7718008,-1.1906266125119456,-0.09090490261417182,-0.5994803071498093,-1.2501900460541822,-0.09729410329118715,-1.058776747104514,0.0599,0.459,-1.257577170649826,-0.10320671268492491,-0.9725213603659049,0.0681
1787476365.8963542,-1.1895610832153567,-0.09025135734421103,-0.643691420679393,-1.2489967980596364,-0.09931716004597187,-1.0737070757561928,0.0601,0.430,-1.257577170649826,-0.10320671268492491,-0.9725213603659049,0.0692
1787476365.9619768,-1.1891660212427062,-0.0903634252337283,-0.6648549932869363,-1.2526941791883826,-0.10106111278191296,-0.504254906014202,0.0644,0.161,-1.2482359428434848,-0.09930609444874107,-0.4803398683608253,0.0597
1787476366.0911722,-1.1880286865845413,-0.09135981624291944,-0.4878817694321053,-1.2499043581458624,-0.10000285537240722,-0.47156594119930967,0.0625,0.016,-1.2482359428434848,-0.09930609444874107,-0.4803398683608253,0.0607
1787476366.192216,-1.186884477143145,-0.09196345017340866,-0.40736722166837375,-1.2487969235834295,-0.10221234969252434,-0.4150953627846709,0.0628,0.008,-1.2482359428434848,-0.09930609444874107,-0.4803398683608253,0.0618
1787476366.2459822,-1.186257532108664,-0.09200017200763214,-0.350813519799326,-1.2471609504108416,-0.09509561683419687,-0.686994487895617,0.0610,0.336,-1.2467387614441168,-0.0942607362733417,-0.6990390406994446,0.0605
1787476366.401065,-1.1848964094069436,-0.0913979479258114,-0.3433573853730305,-1.2487969559897862,-0.09882271148898311,-0.46778915859655945,0.0643,0.124,-1.2400350878031365,-0.10717402612671532,-0.18343331765604015,0.0574
1787476366.4829957,-1.184323137370481,-0.09093965472795547,-0.5474916684428447,-1.2429600600187691,-0.10533645024314793,-0.21133212147168018,0.0604,0.336,-1.2400350878031365,-0.10717402612671532,-0.18343331765604015,0.0580
1787476366.5636673,-1.1837224405838993,-0.09076446782709605,-0.818839655701684,-1.2388131833348137,-0.10969116760090429,0.002141155144447442,0.0583,0.821,-1.237678750812035,-0.11027975467694145,0.011270902458511993,0.0574
1787476366.6957428,-1.1824292841850141,-0.09151865788190656,-1.2370394880952926,-1.24377723072576,-0.11135822435817053,0.03259761892312959,0.0645,1.270,-1.2467971237038982,-0.11159668463893778,0.03557606483335979,0.0674
1787476366.7614386,-1.18186437509907,-0.09209476518856538,-1.280108092462637,-1.2423933708645059,-0.1146934551262993,0.1281621604564917,0.0646,1.408,-1.2361020745505495,-0.10741674157871724,0.026164958118286768,0.0564
1787476366.8365095,-1.1812816867041034,-0.09248568401067922,-1.2606651399924367,-1.239056658747571,-0.10216708206142742,-0.8973161491354383,0.0586,0.363,-1.2399529395182238,-0.09960241088609562,-0.9402695412731938,0.0591
1787476366.993772,-1.1798849056835272,-0.09238630791692494,-1.1779023947861584,-1.2402973385555667,-0.10297907517659197,-1.0153127267324962,0.0613,0.163,-1.2414226580391303,-0.10308624406629868,-1.0150736868622101,0.0625
1787476367.0629873,-1.1791894971969086,-0.09193339995198803,-1.2760026249028205,-1.234597368302706,-0.10726471344343233,-0.9483676801491486,0.0575,0.328,-1.2324695072693037,-0.10797917304277145,-0.9381014559505887,0.0556
1787476367.2085803,-1.177939306107825,-0.09144345654402174,-1.7695201080340086,-1.240928644745838,-0.10704468375846474,-0.8718840092956072,0.0649,0.898,-1.2456299923077636,-0.10729814882255963,-0.8671449470457862,0.0695
1787476367.2884746,-1.1770305177057512,-0.0919811225134909,-1.7580803848566737,-1.237362949341957,-0.10554531803349185,-1.2038982882972775,0.0618,0.554,-1.24101609446188,-0.10522974287599339,-1.2106144520892637,0.0653
1787476367.3708446,-1.176096052496253,-0.0928281317705706,-1.672420966746609,-1.2360723193087697,-0.10759711098110454,-1.407321911016792,0.0618,0.265,-1.2357331320256912,-0.1078009100024634,-1.4062151227103012,0.0615
1787476367.4477937,-1.175268497769494,-0.0937392077152281,-1.4225915927800075,-1.2350476008813103,-0.10849902051210979,-1.4683581826076095,0.0616,0.046,-1.2357331320256912,-0.1078009100024634,-1.4062151227103012,0.0621
1787476367.5917966,-1.1735071421329215,-0.09470404086857513,-1.3782310756976668,-1.2287516259222924,-0.10767000764664238,-1.162727667635651,0.0567,0.216,-1.2267986883780149,-0.10754340890550304,-1.1627850991104918,0.0548
1787476367.6651003,-1.1725453642219634,-0.0947536128233627,-1.4177595436015902,-1.2310584880490067,-0.1135651227630462,-0.9995757921919376,0.0615,0.418,-1.2327089256447403,-0.1145765255036481,-0.9848729526973284,0.0633
1787476367.7549682,-1.171653312533623,-0.09469626889222063,-1.5800665636838513,-1.234378425088641,-0.11172821953069659,-1.1008517037906096,0.0650,0.479,-1.2360903097093083,-0.11119539030559238,-1.1087985320339793,0.0665
1787476367.9115999,-1.1698485745461336,-0.09526415984952354,-1.6158127687939778,-1.2337876592009487,-0.11260968162164696,-1.1219570503747287,0.0663,0.494,-1.2360903097093083,-0.11119539030559238,-1.1087985320339793,0.0681
1787476367.9811459,-1.1688646825385594,-0.09599894960138526,-1.5990182897727485,-1.2266916211178094,-0.09407874132214154,-1.8032903967779077,0.0579,0.204,-1.2242229218034315,-0.0906640385647228,-1.8507046955675792,0.0556
1787476368.052794,-1.1679513170642746,-0.09688458361119436,-1.4534461891278914,-1.2301396109997036,-0.10505298639031718,-1.3822829428774261,0.0627,0.071,-1.232427241437544,-0.10758632894722159,-1.3457978974090261,0.0654
1787476368.2134857,-1.1661949413553492,-0.09795069003227322,-1.164182230494854,-1.2291514697660741,-0.10845909147751592,-1.1954239146360488,0.0638,0.031,-1.2291566973367185,-0.10946275899582872,-1.1799612817402942,0.0640
1787476368.2860942,-1.1652023427589329,-0.09778654223493186,-1.1688927151509403,-1.220680867593873,-0.10702440039949064,-1.0292655889142341,0.0562,0.140,-1.2172244384174213,-0.10650275011840799,-1.0343227523974468,0.0527
1787476368.3606246,-1.1642504925961166,-0.0974305692248009,-1.2880452103694062,-1.218528774668347,-0.10734275103733736,-1.0341031592886945,0.0552,0.254,-1.223313371686285,-0.10422005947910408,-1.0496358142362923,0.0595
1787476368.4450474,-1.1633970314944722,-0.09714376939313767,-1.5516212870092874,-1.21818127036936,-0.09660495692110893,-1.5205456172157947,0.0548,0.031,-1.2162751491807868,-0.09336054585228129,-1.568549674655246,0.0530
1787476368.6048262,-1.1621543105509047,-0.09743864740110134,-1.8863090657209025,-1.2160702018140386,-0.0953386962468216,-1.56942206232855,0.0540,0.317,-1.2204829003214104,-0.09277183167963783,-1.8319678821041263,0.0585
1787476368.684894,-1.161532533244689,-0.09800309474564557,-1.941037335738859,-1.2198000063012588,-0.08919186568218797,-2.038976449399626,0.0589,0.098,-1.2205869116730372,-0.08814534690614236,-2.055778361437699,0.0599
1787476368.7581522,-1.1609557199746223,-0.09798964413006345,-1.927708550349039,-1.2226084520274938,-0.08924506075703768,-2.257819075534778,0.0623,0.330,-1.2244635036412646,-0.08953210502393939,-2.2572231863197674,0.0641
1787476368.9011312,-1.1595578854301154,-0.09700196395233987,-1.7695304848552669,-1.2224395245083286,-0.09175149324340946,-2.200554107038278,0.0631,0.431,-1.2227620977197071,-0.09276412284299222,-2.1861961329530395,0.0633
1787476368.9704292,-1.1587759971890292,-0.09605294075888582,-1.7401902298252934,-1.2216072136643066,-0.09042881346082267,-2.287555049255506,0.0631,0.547,-1.2227620977197071,-0.09276412284299222,-2.1861961329530395,0.0641
1787476369.0482333,-1.15806025982635,-0.0950213790389732,-1.8204579267645058,-1.230988404768071,-0.10381494283481352,-1.7238895658472453,0.0735,0.097,-1.2347251375865118,-0.10667364559596879,-1.682026015813532,0.0775
1787476369.1880813,-1.1564151068682145,-0.09382561471153651,-1.8806396155993845,-1.2305577667297396,-0.10171506024067557,-1.708923260014555,0.0746,0.172,-1.2320719718777098,-0.10114795299935626,-1.7198630952056926,0.0760
1787476369.2581475,-1.1555069362764216,-0.09365461531454948,-1.89047767118135,-1.2309181160322817,-0.10185188718262606,-1.7379297127413615,0.0759,0.153,-1.2320719718777098,-0.10114795299935626,-1.7198630952056926,0.0769
1787476369.4017317,-1.1538800250021015,-0.09362671924140248,-1.5463609762089725,-1.229531565428509,-0.09795021659449436,-1.8477807299197548,0.0758,0.301,-1.2289513763071935,-0.09726971420626591,-1.857674180815306,0.0752
1787476369.4769528,-1.1529995298276434,-0.09341070655204345,-1.5431414270191797,-1.223548642082209,-0.10065732343497184,-1.7043073397888127,0.0709,0.161,-1.2206669529223628,-0.10138210464316937,-1.6900264353184016,0.0681
1787476369.5533724,-1.1520361824759116,-0.09285447045071846,-1.5422789072429266,-1.2289191011761242,-0.100795545335237,-1.3922208578646431,0.0773,0.150,-1.2320382853717156,-0.10150968444558833,-1.3771696985499229,0.0805
1787476369.7111945,-1.1501616502887286,-0.09119314332586033,-1.8359691951599262,-1.2166863174213784,-0.10605204532181323,-1.246507536675554,0.0682,0.589,-1.2125454455597175,-0.10657832416817345,-1.2383689929632586,0.0643
1787476369.7911446,-1.1492797661488576,-0.09059867561072829,-2.1554516233210195,-1.2151606309354683,-0.10682959754071773,-1.2314462995255744,0.0679,0.924,-1.2081274164289875,-0.10958771848270339,-1.4994234520990828,0.0618
1787476369.8851514,-1.1482772101038172,-0.09068625927574382,-2.153939435544566,-1.2098281356297553,-0.10952042403664844,-1.499133945862119,0.0644,0.655,-1.2081274164289875,-0.10958771848270339,-1.4994234520990828,0.0628
1787476369.9689307,-1.1472431099738585,-0.09111889805215104,-2.0774492961387327,-1.22155690353575,-0.10657078061533416,-1.8020654895096677,0.0759,0.275,-1.2270890411917885,-0.10601540697047192,-1.8125570133234885,0.0812
1787476370.0408986,-1.1463333698779423,-0.09158447385502143,-1.808233350701739,-1.2170936601943678,-0.10924854742707006,-1.6511372176533377,0.0729,0.157,-1.2158005382358275,-0.10956052570821707,-1.6457176893970558,0.0718
1787476370.2115393,-1.1443991662248765,-0.09173126912263677,-1.7778150268911825,-1.2259331562550795,-0.10899729884773182,-1.5907908368319734,0.0833,0.187,-1.2296502427844167,-0.10915538677761712,-1.589449520767261,0.0870
1787476370.2905822,-1.1433750705300678,-0.09133968940143601,-1.8606459700449045,-1.2263513909974282,-0.10967195649102404,-1.6010982825296574,0.0850,0.260,-1.2114645914166633,-0.11464738933551342,-1.3291271308798687,0.0720
1787476370.371035,-1.142443296780542,-0.09092790026204352,-2.0803194553308835,-1.2153973296461749,-0.11408367014732135,-1.338502536792644,0.0765,0.742,-1.2114645914166633,-0.11464738933551342,-1.3291271308798687,0.0730
1787476370.5083625,-1.1404557801675048,-0.09093995016109634,-2.0969288749911756,-1.2108262281692959,-0.11172088585564316,-1.4667913720076176,0.0734,0.630,-1.209299941894914,-0.11083069928274861,-1.4797235169012561,0.0717
1787476370.576783,-1.1394146637967875,-0.09130863224143261,-2.050988492951501,-1.20245953250917,-0.10030016866854632,-2.007216416993783,0.0637,0.044,-1.1991427594277437,-0.09794818317154619,-2.0434150587918487,0.0601
1787476370.7091746,-1.1380634618411136,-0.09218703040260491,-1.7812510943462916,-1.2001906498619253,-0.09954965810266009,-2.049712347995511,0.0626,0.268,-1.1991427594277437,-0.09794818317154619,-2.0434150587918487,0.0614
1787476370.7950172,-1.1375944894211498,-0.09231413194908371,-1.6596507844591972,-1.2103048107631222,-0.10810766997639909,-1.6298157090693561,0.0744,0.030,-1.2138863364348147,-0.11007097969376482,-1.6010548915339518,0.0783
1787476370.8843753,-1.1370504200383034,-0.0921502894421428,-1.5491074129622164,-1.2155450238857965,-0.11001984984744988,-1.4823064325217412,0.0805,0.067,-1.2182830091841792,-0.11073447675330361,-1.4714467249603487,0.0833
1787476370.971613,-1.1365253292943158,-0.09168669206639109,-1.5604180971322155,-1.2067015603797382,-0.11593245820191488,-1.1874411299783396,0.0742,0.373,-1.2030155323355607,-0.11702015525672282,-1.1703519054043034,0.0712
1787476371.0488687,-1.1361052082225067,-0.09131514583676988,-1.7297581037665601,-1.206107894948723,-0.11464052235899515,-1.0922239384669268,0.0738,0.638,-1.2063160249113745,-0.11425056468404543,-1.09708997677267,0.0739
1787476371.194201,-1.1345166037668917,-0.09183531104961516,-1.696680165835462,-1.1952233211500272,-0.11433146797608268,-1.227796641811241,0.0647,0.469,-1.19195823515217,-0.11368001869662508,-1.237376340059308,0.0615
1787476371.270334,-1.133716182800765,-0.09247423577636162,-1.5526219689623757,-1.192596829994355,-0.11518908840862437,-1.207255162209853,0.0631,0.345,-1.2057784507802507,-0.11239126234053669,-1.273552441619222,0.0748
1787476371.4103508,-1.1321967203745444,-0.09343411452842548,-1.2448689614865416,-1.202407047657642,-0.11253912840288433,-1.2710869177411825,0.0728,0.026,-1.2057784507802507,-0.11239126234053669,-1.273552441619222,0.0760
1787476371.4800332,-1.1313185278098092,-0.09351481193948719,-1.2302861309910593,-1.1956668625536584,-0.11531976267805301,-0.8718207849185228,0.0679,0.358,-1.1941457919415797,-0.11572313366235419,-0.8644676511669622,0.0666
1787476371.5523908,-1.1303962752764836,-0.09331639398394541,-1.277978754945537,-1.185525412206808,-0.11667954420551757,-0.7790539765070006,0.0599,0.499,-1.1830361614046883,-0.11651766573994878,-0.781235053693246,0.0575
1787476371.7010956,-1.1290400036525614,-0.09298790514607425,-1.4275997677852579,-1.1829660110373956,-0.11738155965266844,-0.7376641198089551,0.0592,0.690,-1.1830361614046883,-0.11651766573994878,-0.781235053693246,0.0589
1787476371.7825027,-1.1285042171952888,-0.09321676272417141,-1.4488508555803072,-1.1911857740925813,-0.1114361900606276,-1.0761311779840468,0.0653,0.373,-1.1939728152110598,-0.11054409505363871,-1.0901726994163572,0.0677
1787476371.8573956,-1.1279033776944687,-0.09373298235891271,-1.4524847160390377,-1.1922752939675707,-0.10932532446095405,-1.1036620887860586,0.0662,0.349,-1.193291958322656,-0.10899954327812358,-1.1084841119341382,0.0671
1787476372.0122688,-1.126895166605728,-0.09510478594999622,-1.067020807162457,-1.19170761299652,-0.11042904915628163,-1.1093972321244268,0.0666,0.042,-1.192090239733552,-0.11068395073028613,-1.1061202953328269,0.0670
1787476372.0775032,-1.1261524402354035,-0.09526643911698734,-1.0593991249534835,-1.1902635467610887,-0.11030084447405539,-1.0948065435927015,0.0659,0.035,-1.179333227305808,-0.10983251266708136,-0.7504291932077551,0.0551
1787476372.1461506,-1.1253206783215917,-0.09511193635174932,-1.093488745187157,-1.182002319462057,-0.10991414398787268,-0.751254447609868,0.0586,0.342,-1.179333227305808,-0.10983251266708136,-0.7504291932077551,0.0560
1787476372.3110049,-1.1237280806317618,-0.0943446977860701,-1.4443241857341176,-1.1661476019711026,-0.10868990313501284,-0.818028737302155,0.0448,0.626,-1.162542310971689,-0.1081514758958351,-0.8258895712807266,0.0412
1787476372.397422,-1.1228917702141632,-0.09418577371360506,-1.456778418998782,-1.161677974443462,-0.10833170996133072,-0.7832115949960605,0.0413,0.674,-1.162542310971689,-0.1081514758958351,-0.8258895712807266,0.0420
1787476372.4757435,-1.1219967390085797,-0.09432252584978448,-1.4665259639255468,-1.174036674045635,-0.10582266165594659,-1.2148873754848728,0.0533,0.252,-1.1774707825339834,-0.10561970385148059,-1.220100468016568,0.0566
1787476372.551849,-1.1210904413829021,-0.0947715911116269,-1.3906161205803516,-1.177621485825002,-0.09824322052300756,-1.4389854994859543,0.0566,0.048,-1.1795539233753145,-0.09713259115909963,-1.4576681774251712,0.0585
1787476372.7023473,-1.1194176520957144,-0.09552686356784905,-1.1661454382540664,-1.1759735809915872,-0.09663931415208311,-1.4607053255526967,0.0566,0.295,-1.1795539233753145,-0.09713259115909963,-1.4576681774251712,0.0602
1787476372.7765574,-1.1185019618732874,-0.09550917796049685,-1.154024519102509,-1.1677544652844563,-0.10408864982402492,-1.0862762774585282,0.0500,0.068,-1.1663437189981514,-0.10497660166786553,-1.0728256681726303,0.0488
1787476372.849458,-1.1175414215163508,-0.09521044442742838,-1.2047914923025462,-1.1649909409440755,-0.10348800719464799,-1.0761726254794997,0.0482,0.129,-1.1663437189981514,-0.10497660166786553,-1.0728256681726303,0.0498
1787476372.9362433,-1.1166380568550014,-0.0948115455975615,-1.362028242185526,-1.1701577224443251,-0.10717683418546191,-0.9945302396584473,0.0549,0.367,-1.1658017065693547,-0.10696364565472678,-0.9967970316481176,0.0506
1787476373.102735,-1.1137710783985484,-0.09486606295845951,-2.095588597145664,-1.168542572917778,-0.10711597286854024,-0.9813639500708273,0.0561,1.114,-1.1658017065693547,-0.10696364565472678,-0.9967970316481176,0.0534
1787476373.2029583,-1.1122567596237474,-0.09534401353781218,-2.4277129503021624,-1.1594308999596628,-0.09744520308488085,-1.487347438535645,0.0472,0.940,-1.156575176026282,-0.09559598384526051,-1.5123956307806474,0.0443
1787476373.299166,-1.1108304238792788,-0.09598003120786479,-2.615611763390998,-1.1777940758727634,-0.09669373883835296,-2.2458331656099295,0.0670,0.370,-1.1872204591103106,-0.09654547653629063,-2.262896679851586,0.0764
1787476373.3808565,-1.1094109843321243,-0.09627752299065075,-2.6564260128169446,-1.1831739306360491,-0.11065783419552752,-2.0272727708164373,0.0752,0.629,-1.185891596382235,-0.11360054675700135,-1.9856878247058354,0.0784
1787476373.456857,-1.1084901901622186,-0.0960178583428277,-2.330398008685205,-1.1851958403066194,-0.11910763049739796,-2.1044091294793383,0.0801,0.226,-1.1861341008852966,-0.12059102392040298,-2.0843765604394484,0.0814
1787476373.5339246,-1.1075816996411807,-0.09554165270709133,-2.0953808685155164,-1.1859303374761623,-0.12093593755475016,-2.1713386924658518,0.0824,0.076,-1.187663046839299,-0.1154745502588136,-1.8772646263967152,0.0825
1787476373.6868484,-1.1063037956154191,-0.09501538346760137,-2.007537317035641,-1.1873317049734606,-0.1160007351613645,-1.8717043102041089,0.0837,0.136,-1.187663046839299,-0.1154745502588136,-1.8772646263967152,0.0839
1787476373.7543168,-1.1055504799919342,-0.09515602363340851,-2.007858147180924,-1.1877202795004569,-0.0965452448850064,-2.183067025745681,0.0822,0.175,-1.1873141981483453,-0.09293094161651456,-2.234035443766724,0.0818
1787476373.8301446,-1.104768319714928,-0.09557877018871508,-1.9453047860257522,-1.1829787722634744,-0.10615613700754746,-1.7276358916528631,0.0789,0.218,-1.1813100173299502,-0.10843163966070297,-1.6921260672356602,0.0776
1787476373.9993224,-1.1037983738120072,-0.09621019246485668,-1.7662850638836352,-1.183245434025472,-0.10593807907103675,-1.752244636263614,0.0800,0.014,-1.1813100173299502,-0.10843163966070297,-1.6921260672356602,0.0785
1787476374.065492,-1.1034618834632843,-0.09598618144147358,-1.753185572746735,-1.176659864950741,-0.1095709359016928,-1.442907626077615,0.0744,0.310,-1.1750187966292265,-0.1099954178671963,-1.4354793292957708,0.0729
1787476374.1378136,-1.1030747058702408,-0.09550601336168066,-1.7927880679395805,-1.1687171183646086,-0.11499917452493291,-1.2230481878459174,0.0685,0.570,-1.1667644628160054,-0.11560510283590848,-1.2135049603559684,0.0668
1787476374.2371888,-1.102726960980027,-0.09492305949736693,-1.9194994122262714,-1.1780794343390624,-0.11384152102476536,-1.387737838728781,0.0777,0.532,-1.1824058070068115,-0.11370969845896663,-1.3912424996746877,0.0819
1787476374.4126318,-1.1016162048504097,-0.09448878859897818,-1.9745212733977957,-1.1779530172355526,-0.11456540668299739,-1.3801335735128948,0.0789,0.594,-1.1824058070068115,-0.11370969845896663,-1.3912424996746877,0.0830
1787476374.495386,-1.1009915213364132,-0.09475331498410222,-1.945404318866893,-1.185330616574611,-0.11303708957068861,-1.5570085743947213,0.0863,0.388,-1.1876481117627113,-0.11291190055793768,-1.559894557085163,0.0885
1787476374.5885186,-1.1004804485766944,-0.09510733224538531,-1.7392555568127537,-1.1877307368507994,-0.11346192930886043,-1.460917290506672,0.0892,0.278,-1.188294045920285,-0.11357933372561466,-1.4587733617017318,0.0897
1787476374.6748204,-1.0999407631919542,-0.09516625763451098,-1.4490782856646198,-1.1769590117977828,-0.11213396286889146,-1.5669182034255607,0.0789,0.118,-1.1724762575542764,-0.11132538046266759,-1.5781804496257137,0.0743
1787476374.7529685,-1.099298076159608,-0.09482302385888695,-1.1636862262805485,-1.17647987195568,-0.11244258101655714,-1.5756699456886514,0.0792,0.412,-1.1724847117779802,-0.11583111011253759,-1.0817292388739137,0.0761
1787476374.913538,-1.0978912289944025,-0.09287838931005925,-1.2366373171888194,-1.17647987195568,-0.11244258101655714,-1.5756699456886514,0.0810,0.339,-1.1724847117779802,-0.11583111011253759,-1.0817292388739137,0.0780
1787476374.913538,-1.0978912289944025,-0.09287838931005925,-1.2366373171888194,-1.1606826541759567,-0.11211621956789682,-0.8450626181975579,0.0657,0.392,-1.1567653936922473,-0.11132497735606174,-0.8544273335102486,0.0617
1787476375.0184743,-1.0972421249061557,-0.09230999084452436,-1.33710406521647,-1.1560811420369597,-0.10557282865715284,-1.024917245685422,0.0603,0.312,-1.154961501016574,-0.10415974549970833,-1.0455346146386248,0.0589
1787476375.198901,-1.09584659998279,-0.09222851292066286,-1.3739954968205637,-1.1636261226875604,-0.10340609902084101,-1.2064229500177914,0.0687,0.168,-1.1673913811548111,-0.10326592118264533,-1.2126697051832653,0.0724
1787476375.2777567,-1.0952423560953375,-0.09214350073112831,-1.1669827018367096,-1.1621906407857325,-0.10237025538552308,-1.1927863309039175,0.0677,0.026,-1.1690774611726915,-0.11090701526960346,-0.9603907416452955,0.0762
1787476375.3522494,-1.094568673866882,-0.09178819887487652,-0.9493477011549459,-1.167066984860043,-0.10949068989778624,-0.9810655236013615,0.0746,0.032,-1.1690774611726915,-0.11090701526960346,-0.9603907416452955,0.0769
1787476375.4993923,-1.0936200830264557,-0.0906032867817885,-0.8032774683656072,-1.151980674037247,-0.10967340627721232,-0.5551578690052472,0.0614,0.248,-1.1475922209560157,-0.1095215266667112,-0.5549934056371973,0.0572
1787476375.5950835,-1.0933083664083985,-0.09030814076163628,-0.9484714606926744,-1.1610021774390993,-0.10455832518890315,-0.5493529331640558,0.0692,0.399,-1.1658614683905957,-0.10376778678437597,-0.5634817362715954,0.0738
1787476375.6788566,-1.092925326435981,-0.09037625778824408,-1.13062969119344,-1.1565015046687614,-0.10097655527671448,-0.6792062253732384,0.0645,0.451,-1.1552950483265785,-0.10032169249279031,-0.6894335192208418,0.0632
1787476375.7600021,-1.0924773583221496,-0.09076721418103473,-1.280731186343786,-1.1549609077988032,-0.09985229897761798,-0.6372339353069988,0.0631,0.643,-1.1552950483265785,-0.10032169249279031,-0.6894335192208418,0.0635
1787476375.90949,-1.0918041330743038,-0.09178990070660728,-1.1782985871197074,-1.147905420025597,-0.10379024012656672,-1.002613500416454,0.0574,0.176,-1.1462243856349592,-0.10394300558209883,-1.0020380103919695,0.0558
1787476375.9899113,-1.0911487863608158,-0.09179667497138397,-1.173461541748191,-1.1527970513422738,-0.10993938280087065,-0.8701748561687543,0.0643,0.303,-1.1556111301302625,-0.11135804191235323,-0.8502928309683548,0.0674
1787476376.0562181,-1.0904054811237396,-0.09143872790965914,-1.1891852463010366,-1.1511879484964107,-0.11028156408492533,-0.8474528786211054,0.0636,0.342,-1.1556111301302625,-0.11135804191235323,-0.8502928309683548,0.0682
1787476376.1927545,-1.0890829023591655,-0.090378788346763,-1.569654540706168,-1.1514671604457414,-0.11339255290299931,-0.7409531794108986,0.0665,0.829,-1.1517729252469826,-0.11382226304553647,-0.7345966399342854,0.0669
1787476376.2744877,-1.0883688642135994,-0.09003953054373959,-1.5863359926394376,-1.149672528610088,-0.10762410956830512,-0.9613861198552858,0.0638,0.625,-1.1492440065523686,-0.10628162670497925,-0.9814978250074373,0.0630
1787476376.3538084,-1.0875974505029502,-0.09000366834756322,-1.6078056215097447,-1.1594316801206161,-0.1025074645618716,-1.3917183457270463,0.0729,0.216,-1.163729928475361,-0.1014983337156584,-1.4125459083475649,0.0770
1787476376.509035,-1.0860679946346137,-0.09066976046616268,-1.3804318900586137,-1.1560891247627731,-0.10452459095401986,-1.260455316141528,0.0714,0.120,-1.1543778745142617,-0.10523241129146586,-1.248628592426693,0.0698
1787476376.5948298,-1.0853753461395586,-0.09082516459464052,-1.08532842004052,-1.1544333924983934,-0.09388604851504961,-1.7395556144132582,0.0691,0.654,-1.1536601362719716,-0.09116412124142753,-1.7802456068386738,0.0683
1787476376.680577,-1.0844311432690146,-0.09036498130024698,-1.0958219347831304,-1.1486252195724944,-0.10460064281995587,-1.0338014036256493,0.0658,0.062,-1.1472170451846178,-0.10736950427357364,-0.9902974467331539,0.0650
1787476376.7613995,-1.083445868773284,-0.0895982157736686,-1.180755473154828,-1.1376306043886861,-0.10793626453024549,-0.6872261519202183,0.0572,0.494,-1.1337993972845541,-0.10851601479266665,-0.6765888650449948,0.0538
1787476376.838655,-1.082563879359727,-0.08876292745728583,-1.4301729846024076,-1.1439205868573725,-0.10897011931953693,-0.7697294110301806,0.0646,0.660,-1.1476638133842967,-0.10940559949245317,-0.7646695454235474,0.0683
1787476376.996847,-1.0807813824439474,-0.08788499154458193,-1.4741813772545405,-1.1438061182554906,-0.10834031233100626,-0.9988017410832412,0.0663,0.475,-1.1442422813865682,-0.1080117782149864,-1.0051279547675112,0.0666
1787476377.0766337,-1.0798258410148198,-0.08790115139315534,-1.4342030511260218,-1.1386741648460281,-0.10510930131169453,-1.0834117165589814,0.0613,0.351,-1.1370020324184875,-0.10427746538783543,-1.0952120385982542,0.0595
1787476377.1578348,-1.0789606670987686,-0.08802190037671574,-1.2499461361490138,-1.1410896491142886,-0.10169328230186159,-1.1413594156188662,0.0636,0.109,-1.1426451831904723,-0.10115322987669054,-1.1494558779010577,0.0650
1787476377.235233,-1.0781131645006918,-0.08788756392172922,-0.9532267219710052,-1.1402072004066255,-0.10754794990011887,-0.8248646320477866,0.0651,0.128,-1.1407118730645536,-0.1088922962635204,-0.8042793258819639,0.0660
1787476377.3369145,-1.077115468233191,-0.08728714153577947,-0.9658633163398159,-1.1444588682911088,-0.10751182794849846,-0.5544768027965864,0.0703,0.411,-1.1466500707674643,-0.10789367235596922,-0.547199459008279,0.0725
1787476377.5043626,-1.0752961238427619,-0.08575578343517296,-1.0917911769070763,-1.134363179794652,-0.10744288538876552,-0.528386894604078,0.0629,0.563,-1.1300731846305898,-0.10699612916929356,-0.5350448945686523,0.0588
1787476377.576247,-1.074403922352447,-0.08546187839946295,-1.1517521704732634,-1.136861298471768,-0.10233897266576557,-0.7116052451056727,0.0647,0.440,-1.1382227532542528,-0.10157074701545525,-0.7234727846282965,0.0658
1787476377.653289,-1.0734672731774766,-0.08558624741042212,-1.1972313718454928,-1.1357251774298653,-0.10184169121330999,-0.6924817168898462,0.0643,0.505,-1.1370372842014018,-0.09764066894863824,-0.9101132514375936,0.0647
1787476377.7917886,-1.0716364335603763,-0.08643678265986021,-1.0192887678430493,-1.134197998242083,-0.10050340619598266,-0.8568730996593724,0.0641,0.162,-1.1331826901372481,-0.10123533498483074,-0.8462834102561557,0.0633
1787476377.8579767,-1.0707372408854194,-0.08662695229305768,-1.004632830710996,-1.132903065963932,-0.1049359297485622,-0.6360776469679458,0.0648,0.369,-1.1331599282995828,-0.10605586954684532,-0.6190644963769795,0.0654
1787476377.9511657,-1.0697807644358837,-0.08659381430238816,-0.9845080029967042,-1.1302276033741228,-0.10812280044262144,-0.5317036240116062,0.0642,0.453,-1.1297285384617344,-0.10878127653701937,-0.5220080130109443,0.0639
1787476378.105592,-1.0677945460523552,-0.0856259787070597,-1.179801201059064,-1.1284288098707134,-0.10857557680638524,-0.496376796166158,0.0648,0.683,-1.1297285384617344,-0.10878127653701937,-0.5220080130109443,0.0661
1787476378.1747813,-1.0672223364061162,-0.08555307457037035,-1.217995529513124,-1.12595718656629,-0.10732307041417549,-0.5096743646851248,0.0626,0.708,-1.1253603203888405,-0.10708723612441524,-0.5131461640973456,0.0620
1787476378.2494845,-1.0665913165305183,-0.08576281725132813,-1.2739455610008432,-1.1305365413193547,-0.10606276607371523,-0.8167344834350616,0.0671,0.457,-1.1325685447727878,-0.10582743782910158,-0.8219793039720757,0.0690
1787476378.4050665,-1.0652667735046475,-0.08697109365444212,-1.221590867824358,-1.12942105843259,-0.10612244070450216,-0.8132028422020402,0.0670,0.408,-1.1325685447727878,-0.10582743782910158,-0.8219793039720757,0.0699
1787476378.4848769,-1.0647098366081933,-0.0876361131386126,-0.9962812244279277,-1.1323220827231786,-0.10612229184892824,-0.8604421411859569,0.0701,0.136,-1.1332523161266577,-0.10618008593123858,-0.8599680651264209,0.0710
1787476378.5635931,-1.0639096246083053,-0.08778665559978889,-0.9873197673128987,-1.1342833562538648,-0.10458401983448842,-0.8488772424843289,0.0724,0.138,-1.1352379343782912,-0.10439751818342358,-0.8513574654198977,0.0732
1787476378.635683,-1.063020766005305,-0.08756528958325464,-0.9851672991456887,-1.1355000077221333,-0.10799144747842636,-0.5464899050235028,0.0753,0.439,-1.1361747399477728,-0.10874540148103291,-0.5343630774135686,0.0762
1787476378.7975936,-1.0614890282713687,-0.087041241211381,-1.096037710906396,-1.124976110513176,-0.10674229676996784,-0.5659321560983275,0.0665,0.530,-1.1197553419625617,-0.10589712052182249,-0.5782496063265758,0.0612
1787476378.875128,-1.0608102550488137,-0.08722944746566888,-1.1820372955901632,-1.1256549482935891,-0.10487220040011741,-0.7430200509828537,0.0672,0.439,-1.126346911820835,-0.10448365592934246,-0.749624244577826,0.0678
1787476378.9439192,-1.0600647077569898,-0.08776137710647267,-1.2660819269775563,-1.1295699443051805,-0.10387870771994094,-0.8478347433392238,0.0713,0.418,-1.1315698310179267,-0.1037957632374171,-0.8500735347357121,0.0733
1787476379.102913,-1.0586820986702277,-0.0897128535715065,-1.35562577690999,-1.128837091603401,-0.10355560454459184,-0.9105267341786712,0.0715,0.445,-1.128681721805144,-0.10346267112243772,-0.9123065685090279,0.0713
1787476379.1821158,-1.057932885019213,-0.0902816220280739,-1.3350459875962595,-1.1281734006184252,-0.10322631747232708,-0.9202000305087668,0.0714,0.415,-1.1272241193932209,-0.10569825754858198,-0.9904808951682211,0.0710
1787476379.253571,-1.0571106071548615,-0.09054766348061735,-1.3099515040545449,-1.1274007640138684,-0.10545907628616215,-0.9934402533337031,0.0719,0.317,-1.1272241193932209,-0.10569825754858198,-0.9904808951682211,0.0717
1787476379.3960342,-1.0554111761879543,-0.09037079331282984,-1.4826044607506783,-1.1300265813107444,-0.10752302488063317,-0.9816334937572568,0.0766,0.501,-1.1311742424629423,-0.10793697987875196,-0.9758164587515881,0.0778
1787476379.467668,-1.0546689847681932,-0.0903838553061233,-1.7682313008134214,-1.1231010721493782,-0.11052408839816481,-0.8631467650403888,0.0713,0.905,-1.1201334872995392,-0.1109819357069445,-0.8552783632563268,0.0686
1787476379.5396073,-1.0538019028975196,-0.09067356590044703,-1.7659872697950456,-1.1276105975501904,-0.10577383846073177,-1.3627556508937422,0.0753,0.403,-1.129270692509974,-0.10484735511128189,-1.3786904329107945,0.0768
1787476379.7090964,-1.0520321104818298,-0.0921848389349718,-1.6332928668296145,-1.12809552573479,-0.10307917471439171,-1.444157926608742,0.0768,0.189,-1.1283084667559458,-0.10261555164766828,-1.4509343588666135,0.0770
1787476379.7986612,-1.051269433385777,-0.09302869802107566,-1.3405550292861639,-1.1252918430044643,-0.10424346844113579,-1.4308610602711118,0.0749,0.090,-1.124289174757052,-0.10447528679168873,-1.4270151954624082,0.0739
1787476379.8790958,-1.0503477294543397,-0.09331142214613276,-1.3312607083497052,-1.1263901189747814,-0.10600808605612765,-1.3585665264672633,0.0771,0.027,-1.1271432337999876,-0.1065453321503474,-1.3504211303395321,0.0779
1787476379.9565177,-1.049352771286613,-0.09324504407707582,-1.3470963348933767,-1.1214198219702525,-0.11038249768937959,-0.9393945130365621,0.0741,0.408,-1.1198367752058402,-0.11132712233296545,-0.922891659826487,0.0728
1787476380.1038077,-1.047936716788885,-0.09277169736968213,-1.631328488177663,-1.1205335854108407,-0.11097111996435033,-0.935062551073676,0.0748,0.696,-1.1198367752058402,-0.11132712233296545,-0.922891659826487,0.0743
1787476380.1764362,-1.0474138549008225,-0.09281647279045097,-1.7924319288571435,-1.115638579941935,-0.10882205977276255,-1.0636732578137316,0.0701,0.729,-1.11407638947299,-0.10828045527947902,-1.0715636831508732,0.0684
1787476380.2584333,-1.046842007433508,-0.09314133246146328,-1.9483844806250024,-1.1191664055328328,-0.09625218014568282,-1.8209673306913494,0.0724,0.127,-1.1207521338208706,-0.09409196074771765,-1.8568175722091005,0.0739
1787476380.4111724,-1.0458162526547865,-0.09433016763420363,-1.9233478483191226,-1.1176009372299076,-0.09143404646270516,-2.139120041030479,0.0718,0.216,-1.117156356024359,-0.09041454367247746,-2.1550181468580742,0.0714
1787476380.4778013,-1.0451036936868277,-0.09461612574756266,-1.9094970316235407,-1.11637086290323,-0.08916981010086898,-2.244835921567624,0.0715,0.335,-1.117156356024359,-0.09041454367247746,-2.1550181468580742,0.0722
1787476380.549677,-1.0443260735164268,-0.09462557624713498,-1.8975655737832253,-1.1214234030703334,-0.09519791462217624,-2.072286934580706,0.0771,0.175,-1.1104036744405545,-0.09792477871933043,-1.9966233238626308,0.0662
1787476380.6837273,-1.0427383186533878,-0.09399570665813015,-2.1135392371972967,-1.1135875798908754,-0.09739575016397987,-2.0079055589147656,0.0709,0.106,-1.1226264921404783,-0.1109638709911614,-1.5270597793171683,0.0817
1787476380.7563877,-1.0420466551459056,-0.09375911066222263,-2.4022618949704273,-1.118801419364278,-0.09582308301799196,-2.225932033628676,0.0768,0.176,-1.1186435312569962,-0.0925983532246113,-2.2756985781845565,0.0766
1787476380.8351958,-1.0412139446356448,-0.09389023249920318,-2.4042552804217663,-1.123054421171132,-0.09588834873573698,-2.4642288827530536,0.0819,0.060,-1.1250757157585773,-0.09600352099373467,-2.4663078151387343,0.0839
1787476380.9871647,-1.0393695297533752,-0.09518166037137325,-2.262354707406055,-1.1232011993014523,-0.09514812412432964,-2.5436093531226516,0.0838,0.281,-1.1250757157585773,-0.09600352099373467,-2.4663078151387343,0.0857
1787476381.0764241,-1.0385533524177437,-0.095937248497227,-1.9991671912001474,-1.1160261565627043,-0.09583742916240169,-2.4270839106075566,0.0775,0.428,-1.1137639414324276,-0.09592376811494345,-2.422443222749144,0.0752
1787476381.1579869,-1.0376550181443152,-0.096327872816361,-1.984048240427624,-1.1183590550871936,-0.0975598092224292,-2.262648863785268,0.0807,0.279,-1.119515838604031,-0.09819628341304053,-2.253524463732222,0.0819
1787476381.2341967,-1.0366130457960496,-0.09627483571427772,-1.9948825304635032,-1.1195982840017846,-0.11074918824177779,-1.6145577334080023,0.0842,0.380,-1.120812093028967,-0.11344142520693944,-1.5731171392763625,0.0859
1787476381.3886795,-1.034664418787929,-0.0957851860064141,-2.3968379208947908,-1.1194402847450822,-0.11225881904733752,-1.6174556771726492,0.0864,0.779,-1.120812093028967,-0.11344142520693944,-1.5731171392763625,0.0879
1787476381.4670103,-1.033714987348483,-0.09576490079904605,-2.4052321186837,-1.1096120493042096,-0.10156464641208535,-2.139436514653571,0.0761,0.266,-1.122846655512202,-0.09897907425649129,-2.475965139406224,0.0892
1787476381.6088204,-1.0317162085591527,-0.09655687416230302,-2.342720729027895,-1.1185539401775715,-0.09944097277473977,-2.462307626090395,0.0869,0.120,-1.122846655512202,-0.09897907425649129,-2.475965139406224,0.0912
1787476381.6777344,-1.0309778688728233,-0.0966376894816718,-2.326672355616719,-1.1105827981585128,-0.09712806097955676,-2.487434436410222,0.0796,0.161,-1.1081092141408138,-0.09676164287434375,-2.489418103821539,0.0771
1787476381.7458062,-1.0302257542230082,-0.0965589508249185,-2.1891940201089293,-1.1158342555085987,-0.11524463231103162,-1.8265308576930894,0.0876,0.363,-1.118876076489154,-0.11886450817699341,-1.7725672712475873,0.0914
1787476381.8987153,-1.0284647008898227,-0.09547549362635013,-1.838343163158971,-1.1119223040480142,-0.11738842932142593,-1.6654580920528883,0.0863,0.173,-1.1104658399977076,-0.11748737931503454,-1.6624895508782893,0.0849
1787476381.9778025,-1.0276258154408158,-0.09451585398846478,-1.77847132304887,-1.111109984090797,-0.11956595737596977,-1.656612439013908,0.0872,0.122,-1.1104658399977076,-0.11748737931503454,-1.6624895508782893,0.0860
1787476382.0577319,-1.02686275658351,-0.09364161597937085,-1.8280083318429832,-1.0906458087340487,-0.10763781412603746,-1.6519542513532472,0.0653,0.176,-1.0823722994493918,-0.10512183802316333,-1.6913488907062808,0.0567
1787476382.2085369,-1.0249550935612788,-0.09348981653950646,-1.8326427300281332,-1.10482093209738,-0.10978930808225734,-1.4111875647293917,0.0815,0.421,-1.1100321735349128,-0.11060891301264407,-1.3997224220397029,0.0868
1787476382.2722855,-1.0239998270961335,-0.09380227509565466,-1.7168641959781636,-1.1040732895084453,-0.10117783467627778,-1.860574524672434,0.0804,0.144,-1.1041256898713325,-0.09966106835823903,-1.8844609674114494,0.0803
1787476382.3473728,-1.023127340144586,-0.09410875541201667,-1.4801289662292572,-1.1085314186560602,-0.10459534147402258,-1.5518367694046376,0.0860,0.072,-1.1111503930277056,-0.1059897635406716,-1.529145431691129,0.0888
1787476382.4897566,-1.0212259662238345,-0.0940317507160433,-1.457952784144461,-1.103054549365916,-0.11037943730049427,-1.0933019815519547,0.0834,0.365,-1.1007983047787944,-0.1119992013826056,-1.0657076962057668,0.0816
1787476382.5632582,-1.0201838783661579,-0.09359284100907556,-1.4880372473219114,-1.1015180977528396,-0.11366385434602552,-1.0725081783828883,0.0838,0.416,-1.1014446790443573,-0.1140254900890312,-1.0673465473677615,0.0838
1787476382.6463375,-1.019205275351802,-0.09299913730372544,-1.6471133536507656,-1.0991415070749455,-0.11752045509374323,-0.990864350838281,0.0836,0.656,-1.0986743670230672,-0.11806421947181862,-0.9828492972287175,0.0833
1787476382.8053005,-1.017295710385657,-0.09275731778024728,-1.9509309105832415,-1.1017352387607604,-0.11434400202568744,-1.161211646599295,0.0872,0.790,-1.1032730883263995,-0.11326363446021731,-1.1787443174191423,0.0884
1787476382.8792388,-1.0162761415853832,-0.09326488705851708,-1.9338980900330902,-1.1034241108521443,-0.11650417181710464,-1.3525495411460824,0.0902,0.581,-1.1044850298771016,-0.1166853307201244,-1.3519605000734134,0.0913
1787476382.9565544,-1.01531714913932,-0.09397501843786105,-1.7869808268842142,-1.0995202886282291,-0.11475027207903081,-1.4299437605977359,0.0867,0.357,-1.0983588639233695,-0.11414846864711661,-1.4387678538736368,0.0855
1787476383.0420861,-1.0148056793137343,-0.09453711401556067,-1.6092993112454943,-1.1038914135679525,-0.11706235777522407,-1.3149006976052116,0.0919,0.294,-1.106221254482649,-0.11774241582194184,-1.3048152499917205,0.0943
1787476383.196777,-1.0135460739226116,-0.0947486025686859,-1.2187133488353274,-1.0941330456293312,-0.11884430802668076,-1.023646700315295,0.0841,0.195,-1.0909410354766234,-0.11877672252002631,-1.0226628902466353,0.0810
1787476383.2641454,-1.0129253408493744,-0.09447154522926791,-1.167777245019938,-1.0928300532438056,-0.11983135749622698,-0.9885448249509081,0.0838,0.179,-1.0909410354766234,-0.11877672252002631,-1.0226628902466353,0.0817
1787476383.4005494,-1.0116651934484473,-0.09435381253365438,-1.2641618602015006,-1.0898070087492542,-0.11806058715464374,-0.6593559306223651,0.0817,0.605,-1.0891902442101213,-0.11789135686841716,-0.660217315726603,0.0810
1787476383.4746556,-1.0108915733755526,-0.09468740361032399,-1.2664971108996474,-1.0925020936857845,-0.11407669925593784,-0.8353767016236553,0.0839,0.431,-1.0940692976968742,-0.11302442909682726,-0.8524439723691496,0.0852
1787476383.5520175,-1.010080630953351,-0.09524237553238875,-1.2170639184673935,-1.0856370859397504,-0.11105465757246348,-0.8290688598560154,0.0772,0.388,-1.083496823612728,-0.11030458344057056,-0.8394832899769723,0.0749
1787476383.6968575,-1.0086130225525092,-0.09641261252778141,-0.9955003236243699,-1.066449119514276,-0.10500671766773899,-1.0411147310254965,0.0585,0.046,-1.0837042969211081,-0.11625984778493748,-0.5962364959928299,0.0777
1787476383.7687595,-1.0077836763526908,-0.09657718098502742,-0.9612461814110317,-1.0734978741205135,-0.11509077196610204,-0.5447926657367431,0.0683,0.416,-1.072782479080244,-0.11543639629743978,-0.5393123909378996,0.0677
1787476383.9086018,-1.0060311607955672,-0.09620060140085315,-1.0575732528131765,-1.070780449246555,-0.11548165952420691,-0.48889714864974704,0.0676,0.569,-1.072782479080244,-0.11543639629743978,-0.5393123909378996,0.0695
1787476383.982648,-1.0052738827280765,-0.09598786851178147,-1.3096123463470917,-1.0712273390114027,-0.11726873665741562,-0.5151088890848138,0.0693,0.795,-1.0715869141405154,-0.11752582380425695,-0.5117582160666868,0.0697
1787476384.0587375,-1.004825508849848,-0.09607651077897207,-1.3139713632680434,-1.0730124798305538,-0.11339619736455041,-0.5877792491591683,0.0704,0.726,-1.0744205662686537,-0.11283078663858895,-0.5967344886814582,0.0716
1787476384.1983082,-1.0038019999082122,-0.09709144150065746,-1.2519574388373882,-1.0836889523976423,-0.11334485069381207,-0.9110211649276742,0.0815,0.341,-1.0883010547161558,-0.11350269867792677,-0.9125605407434905,0.0861
1787476384.264016,-1.0033730362039028,-0.09780919866906009,-1.0455042449182477,-1.0829639044906012,-0.11340287801165665,-0.8909442491361946,0.0811,0.155,-1.0883010547161558,-0.11350269867792677,-0.9125605407434905,0.0864
1787476384.3813708,-1.0021110920772558,-0.09851392781442789,-0.993631349769753,-1.0484100762833293,-0.10719209442964922,-0.8516945780355641,0.0471,0.142,-1.0406016820829425,-0.1057556335781718,-0.8765499967899838,0.0392
1787476384.448216,-1.0013929805787292,-0.09851218869506648,-0.9713472421757264,-1.0652148590959554,-0.11429088242749767,-0.6829714274313602,0.0657,0.288,-1.0729419792192745,-0.11655954391016586,-0.6506332628876133,0.0738
1787476384.5952716,-0.9999979211798179,-0.09797923672631026,-1.1947598632725671,-1.0630455000585595,-0.11453312269536824,-0.6526348454410186,0.0652,0.542,-1.0729419792192745,-0.11655954391016586,-0.6506332628876133,0.0753
1787476384.6723487,-0.9993787806191754,-0.09788512918940613,-1.4871441205919431,-1.060799394741637,-0.11568002192702026,-0.5892796992855692,0.0639,0.898,-1.0739041632751407,-0.11303324644672522,-0.8867566402706811,0.0760
1787476384.806305,-0.9975967864279524,-0.09896285771563681,-1.368055947376667,-1.0690428205048343,-0.11356694764438144,-0.8746367869127203,0.0729,0.493,-1.0739041632751407,-0.11303324644672522,-0.8867566402706811,0.0776
1787476384.8830445,-0.9966853709928565,-0.09987622170310777,-1.1533712268840344,-1.0688308014321555,-0.1042430310250969,-1.561286853517447,0.0723,0.408,-1.0690648635928546,-0.10249990939061092,-1.5896980545775052,0.0724
1787476384.9635966,-0.9954146988598318,-0.10055362106535266,-0.9595363774441141,-1.0602781713477063,-0.10202174553871983,-1.451414663207435,0.0649,0.492,-1.057434606752859,-0.10174243558835913,-1.451221061507956,0.0620
1787476385.1111438,-0.9926748109846394,-0.10093581849025114,-0.4631405065786571,-1.0579919353809297,-0.1099506322324302,-1.0175636591431088,0.0659,0.554,-1.0580908602268566,-0.11227965786345441,-0.9784806251412058,0.0664
1787476385.1907914,-0.9912748784088846,-0.10076375603740115,-0.3006164564739617,-1.0591435801547417,-0.11795337273293345,-0.26717274495218607,0.0700,0.033,-1.0607114622320906,-0.11963043866532636,-0.23967405507469508,0.0720
1787476385.2649424,-0.989988540831268,-0.10056112636388137,-0.30265904773541896,-1.0569999971097095,-0.1190126474214441,-0.1901871543524356,0.0695,0.112,-1.0535178717785187,-0.11295460587838314,-0.03869155641836144,0.0647
1787476385.4091017,-0.9880254635112679,-0.10134308983261744,-0.3001048506982099,-1.0569999971097095,-0.1190126474214441,-0.1901871543524356,0.0712,0.110,-1.0535178717785187,-0.11295460587838314,-0.03869155641836144,0.0665
1787476385.4956276,-0.9869701009352673,-0.10211992559827812,-0.25777676875290845,-1.0095782213853788,-0.11511214384313781,0.35185317415094325,0.0261,0.610,-0.9968457864996689,-0.11437378738863499,0.35904555164700963,0.0157
1787476385.5687134,-0.986404155130854,-0.10262478406943973,-0.3257121972199419,-1.0428772890448803,-0.09812053598261586,-0.5966280829948323,0.0567,0.271,-1.0580178194266516,-0.0952098341642594,-0.6641625107776706,0.0720
1787476385.7045248,-0.9851773938273162,-0.10294346918904274,-0.1732013989933182,-1.0396623095289113,-0.09551837876410668,-0.5767002390903555,0.0550,0.403,-1.0580178194266516,-0.0952098341642594,-0.6641625107776706,0.0732
1787476385.7751303,-0.9845834982684828,-0.10237501630358341,-0.07024962637677433,-0.9984442847922476,-0.1189494653389094,0.4423863135200405,0.0216,0.513,-0.9888948046413953,-0.12072528970788,0.4821965153541904,0.0188
1787476385.847877,-0.9840237791693905,-0.10160131104116508,-0.073638974855964,-1.0373419509720165,-0.11344856931983191,0.09582334726898148,0.0546,0.169,-1.0523451608613947,-0.11376904849284664,0.09222271234123308,0.0694
1787476386.0049756,-0.9834082472405413,-0.1004197184555614,-0.332137642092803,-1.0452773143920215,-0.10289537533606996,-0.2635577688713627,0.0619,0.069,-1.0519404006151347,-0.10621963797481117,-0.09972072893715114,0.0688
1787476386.0880888,-0.9831936239852218,-0.10041319069918288,-0.5055479785093167,-1.04757255077726,-0.10712822515507901,-0.013928177371834516,0.0647,0.492,-1.0468048547037105,-0.10768848535487087,-0.004881107711071125,0.0640
1787476386.1541607,-0.9829812257845193,-0.10068507463281592,-0.5789477518886806,-1.0474245441659278,-0.10656169108452879,0.026293883725511547,0.0647,0.605,-1.0468048547037105,-0.10768848535487087,-0.004881107711071125,0.0642
1787476386.2967937,-0.9833287736218398,-0.1000468047044119,-0.6282483501403884,-1.0500455898182386,-0.11416660794888969,-0.25502313637951185,0.0682,0.373,-1.0509842316649913,-0.11501041949285891,-0.24503093164590753,0.0693
1787476386.364934,-0.9831662491346125,-0.09923915313976549,-0.5957212997521049,-1.0504484699061025,-0.11613272004708503,-0.2979473863202282,0.0694,0.298,-1.0505801491484377,-0.1163713096950318,-0.29508791333088935,0.0696
1787476386.495788,-0.9825855276081964,-0.0967274746770172,-0.8174245350970728,-1.0396566359038903,-0.11729369486826072,-0.1496502014833363,0.0607,0.668,-1.036592702704821,-0.11706184716318607,-0.15208050164098438,0.0577
1787476386.5780296,-0.9824130755796888,-0.09546239207743801,-1.1264325315795065,-1.036855699143667,-0.11048234487120154,-0.4698649739009503,0.0565,0.657,-1.0359161531575267,-0.10893395485359143,-0.4935408759195623,0.0552
1787476386.6584072,-0.9818618445326575,-0.09476631993056603,-1.1489959662666085,-1.0387897608551149,-0.1042949289903726,-0.9160802854744154,0.0577,0.233,-1.0395964573365717,-0.10315908020744938,-0.9345668763092646,0.0583
1787476386.7400205,-0.9811797083981184,-0.09454411947743196,-1.1458529034276763,-1.0379912838499052,-0.10337441660813884,-0.9495099158513659,0.0575,0.196,-1.0227427888542262,-0.0933122962481489,-1.2666522191190563,0.0416
1787476386.831996,-0.9805008808151899,-0.09454683044469198,-1.057242911532314,-1.0265161417961035,-0.09492174347213206,-1.246189065851113,0.0460,0.189,-1.0248595309924702,-0.10748212080968672,-0.7710492117403,0.0462
1787476386.9976876,-0.9789751723680714,-0.09421554596461378,-0.4268858192349373,-1.0243376914999405,-0.10504304457554475,-0.8079660873059701,0.0466,0.381,-1.02784510889881,-0.10923042891425717,-0.4828754852558046,0.0511
1787476387.0788088,-0.9778427286170521,-0.09341088971035907,-0.1566298297638671,-1.026188438528425,-0.108158965434778,-0.5001578132905838,0.0505,0.344,-1.0189701181366917,-0.10811611388693307,-0.23411312437952667,0.0437
1787476387.1539996,-0.976742502394079,-0.092356381014086,-0.010166409414882342,-1.0202875000158533,-0.10808000250798329,-0.23571818970130878,0.0463,0.226,-1.0189701181366917,-0.10811611388693307,-0.23411312437952667,0.0451
1787476387.2945948,-0.9736861795251346,-0.09099918511532475,0.1017366001932326,-1.0108387135566175,-0.10680668832471811,0.3271001323711119,0.0404,0.225,-1.0092368475800961,-0.10678716715423905,0.3290084238156356,0.0389
1787476387.3631523,-0.9720755878511095,-0.09071907363534559,0.14609646695639528,-1.0163044706913051,-0.10398326781692464,0.3426717261748873,0.0462,0.197,-1.01892172159349,-0.10390550603402268,0.3409601533432714,0.0487
1787476387.4958947,-0.9688797666142859,-0.09076058871478757,0.500401305001899,-1.0142084623734686,-0.10334086113068833,0.4013186226069585,0.0470,0.099,-1.01892172159349,-0.10390550603402268,0.3409601533432714,0.0517
1787476387.56431,-0.9678951032420181,-0.09066105927505608,0.6544829880308327,-1.02063463947455,-0.10756074322529975,0.876237375901974,0.0554,0.222,-1.0225866949211104,-0.10840562446517123,0.8901645032266429,0.0575
1787476387.6384473,-0.9668510709227556,-0.09031047187335572,0.8232974060340768,-1.0165136369852275,-0.11279108854369581,1.1397379953798117,0.0545,0.316,-1.0155580077550939,-0.11379122711841316,1.1554232893268854,0.0541
1787476387.8037484,-0.9646646175158196,-0.08876187847591469,1.0306767723680565,-1.0165531452686123,-0.10863800182065068,1.2339699794972774,0.0556,0.203,-1.0169190597046716,-0.10786585846885163,1.2231588007626186,0.0556
1787476387.8755863,-0.9640242489285529,-0.08840338311755591,1.1024941456990807,-1.0165261008471542,-0.11207830234966573,1.532656761562114,0.0576,0.430,-1.0172208167644465,-0.1129142973513033,1.5464099592840037,0.0586
1787476387.9503782,-0.9633214704394132,-0.0883385611855355,1.1309361298594884,-1.02032162226311,-0.1052580121216064,1.4888004702818247,0.0595,0.358,-1.021725886749018,-0.10434676431881258,1.474772708535864,0.0606
1787476388.1011646,-0.9618360255671717,-0.08933184616644052,1.1733638875937904,-1.0197008916841794,-0.10475967665653155,1.5987648100338698,0.0599,0.425,-1.0145606807557563,-0.1073300765771049,1.6164007896064159,0.0557
1787476388.1716259,-0.961188144576618,-0.09001928303055674,1.394644169544623,-1.0158102315022042,-0.1071077898041591,1.6131752845890726,0.0572,0.219,-1.0145606807557563,-0.1073300765771049,1.6164007896064159,0.0561
1787476388.2862515,-0.9606991352331251,-0.09064765179363098,1.7281049303306775,-1.0139000773365514,-0.10674338205939984,1.8080911028691364,0.0556,0.080,-1.0165328178877189,-0.11451002005214986,2.0595614450613176,0.0607
1787476388.4012923,-0.9600060569726847,-0.0901603765488191,1.8118887046634278,-1.0159136540864204,-0.11379182765483363,2.0483529889122822,0.0607,0.236,-1.0165328178877189,-0.11451002005214986,2.0595614450613176,0.0615
1787476388.4651506,-0.9596963099129303,-0.09037165061186468,1.8009239760315903,-1.0153213930100213,-0.10987173773469609,2.0944888373431634,0.0589,0.294,-1.0152385607433643,-0.10928373563222242,2.0858840103326144,0.0587
1787476388.6093822,-0.9587853223759221,-0.09125489293119032,1.6342732033366199,-1.014643402554148,-0.1131915625407481,2.2824495785280625,0.0600,0.648,-1.014778418350757,-0.11378881496105227,2.291503720318859,0.0604
1787476388.683811,-0.9580063530241506,-0.09225319090585239,1.7359032643819532,-1.013715320455184,-0.11378938540698556,2.4376717040810467,0.0597,0.702,-1.004569046951563,-0.10718164383793012,2.003952240306662,0.0489
1787476388.7628496,-0.9572200833245733,-0.09347691923720271,1.9223110920927902,-1.011839048643865,-0.10439075432749072,2.0513738383657256,0.0557,0.129,-1.0146343223531773,-0.10374170274120696,2.041557405735965,0.0583
1787476388.9104407,-0.9551985258114967,-0.09538527770409237,2.313225698198408,-1.0111611132472331,-0.1029989344681598,2.058351543723398,0.0565,0.255,-1.011147743394369,-0.10282529794622924,2.055349343343795,0.0564
1787476388.992137,-0.9538089868005957,-0.09580719761969846,2.339034722432518,-1.01525260457383,-0.11052428920109218,2.669641512551977,0.0632,0.331,-1.0179288629916587,-0.11307968480825961,2.7110391739936293,0.0664
1787476389.0747073,-0.952384294309558,-0.0959086629848079,2.3028663129760876,-1.0083961833269062,-0.10888653511702322,2.6468355855535948,0.0575,0.344,-1.0059722712583699,-0.10824810986246212,2.636891264780393,0.0550
1787476389.149318,-0.9510741695391436,-0.09592083900221296,2.090276937149524,-1.0105349852264538,-0.11209802724922888,2.7154486877455613,0.0616,0.625,-1.0121813959981714,-0.11310575963445346,2.7296870974316563,0.0635
1787476389.2974465,-0.9485344796225188,-0.09661649998416057,2.082416686612454,-1.0182224910273663,-0.10394729129960724,2.1377217743079866,0.0701,0.055,-1.0203944455651355,-0.10273391980536595,2.1132058545660395,0.0721
1787476389.3573303,-0.9471682638243839,-0.09739769445616481,2.1296586390435066,-1.0186649861400463,-0.10323919835832819,2.2062334579005447,0.0717,0.077,-1.0092831477847468,-0.10543463388021783,2.300394534890364,0.0626
1787476389.4819648,-0.9451027935807846,-0.09890865182816892,2.287992001900428,-1.0113541109850406,-0.10532541677740914,2.297676202583299,0.0666,0.010,-1.0092831477847468,-0.10543463388021783,2.300394534890364,0.0645
1787476389.5615551,-0.9443439895847602,-0.09935542871229963,2.3451659976649952,-1.0079662587855975,-0.10678047633450011,2.4108512469162906,0.0641,0.066,-1.007135154444668,-0.10696747994068159,2.413967966792643,0.0633
1787476389.7116125,-0.9426711759279097,-0.099261233632127,2.4059900150448086,-1.008793064595037,-0.11306355114279762,2.6224055380619244,0.0675,0.216,-1.0096302327693158,-0.11426851869431842,2.640485495538844,0.0686
1787476389.7815137,-0.9419439393425854,-0.09900072775395058,2.229270239266443,-1.003100445010127,-0.09795871489899019,2.1356535744771366,0.0612,0.094,-1.0015976748513271,-0.09586639298932027,2.1043112809277926,0.0597
1787476389.8550828,-0.9412134434181484,-0.09895571121081617,1.978704480306822,-1.004014628910268,-0.09745383137924249,1.98583567000295,0.0628,0.007,-1.0047912957210487,-0.09746146568306642,1.9834504809308056,0.0636
1787476389.9439518,-0.9407040648538906,-0.09922543067029774,1.8347274918822538,-1.0020723166641197,-0.09605054079956757,1.6481819586069497,0.0615,0.187,-1.0016562355225864,-0.09570497290365182,1.6407944939433647,0.0611
1787476390.0986705,-0.940289174772109,-0.10001794379772103,1.2175207212337353,-1.0010217545384834,-0.09481187040710695,1.644302382038725,0.0610,0.427,-1.0016562355225864,-0.09570497290365182,1.6407944939433647,0.0615
1787476390.161383,-0.9401614630285424,-0.10016256048449845,1.19310095024597,-0.9619246217425929,-0.11134586243737958,2.0336829913395627,0.0245,0.841,-0.9422367778693684,-0.11434068287128203,2.107763634699493,0.0143
1787476390.296154,-0.9398950579016405,-0.09940352972154969,1.174051207642231,-0.9874980669123683,-0.1027676225663219,1.0989164675065737,0.0477,0.075,-1.0011874980056452,-0.10094026834374244,1.0469449400809434,0.0613
1787476390.3598688,-0.9398011503345359,-0.09851005401165874,1.0364800306387745,-0.9847824774304663,-0.10251353512592888,1.0411217079454598,0.0452,0.005,-0.9884291596908895,-0.11223062981004976,1.4926159285312097,0.0505
1787476390.4838257,-0.9394790899116223,-0.09694609793216324,0.7560154799011456,-0.9882042754211853,-0.10117764092782054,0.9145752878666535,0.0489,0.159,-0.9890741313426635,-0.09826503273548669,0.8657592054638009,0.0496
1787476390.552402,-0.9391098182094932,-0.09658204041089184,0.7191217863353371,-0.986300525509499,-0.10063156507574551,0.8486398700927015,0.0474,0.130,-0.9833784862871068,-0.08975412878884301,0.4280142421170696,0.0448
1787476390.680937,-0.9382588469083412,-0.09653100733632078,0.75059635663398,-0.9841010170989082,-0.09111969547787142,0.44839902487730915,0.0462,0.302,-0.9833784862871068,-0.08975412878884301,0.4280142421170696,0.0456
1787476390.8061366,-0.9369313554990328,-0.09659798877355116,1.0755263980405307,-0.9807588552362242,-0.08825308535513317,0.29811152042369776,0.0446,0.777,-0.9833784862871068,-0.08975412878884301,0.4280142421170696,0.0469
1787476390.877007,-0.9358967172206148,-0.0962973992531377,1.2272138608302485,-0.9722229408776004,-0.10381609153602894,1.1931292431243308,0.0371,0.034,-0.9711763311960413,-0.1051656076111184,1.2153087408038277,0.0364
1787476390.943313,-0.9347874911943646,-0.0956238804392916,1.3716787194898257,-0.9763161080708054,-0.10232338183454197,0.9705582309158355,0.0421,0.401,-0.9785903120764926,-0.10209376109731232,0.9637177345905551,0.0443
1787476391.111424,-0.9327001281690653,-0.09387437564857715,1.3575646756956479,-0.9727481788168276,-0.10848112876187477,1.5303800253824882,0.0426,0.173,-0.9726130186435735,-0.10979222848796895,1.5530739224402137,0.0430
1787476391.1951325,-0.931688084409116,-0.09326213324233612,1.1839692428136053,-0.9723675866050425,-0.10798830909645125,1.8202576175136094,0.0433,0.636,-0.9730260425271107,-0.10806826632658334,1.8231184636931028,0.0439
1787476391.266826,-0.9305069386744316,-0.09368623800151464,1.1978059759628126,-0.9849385713683457,-0.10482115518247637,1.4503002652093073,0.0556,0.252,-0.9890807314819131,-0.10456614206051897,1.443470583070919,0.0596
1787476391.344363,-0.9293158013408638,-0.09431476028764173,1.2844490298565063,-0.9805573069899296,-0.10367100300988544,1.4404318835355836,0.0521,0.156,-0.9789673999044554,-0.10330881731436051,1.4354940391834363,0.0505
1787476391.4892218,-0.9272084719470401,-0.09546268374444387,1.5540451385924976,-0.9797154237924155,-0.10360398515299996,1.438542758542926,0.0531,0.116,-0.9796427718007847,-0.11125273601915975,1.9261657754293042,0.0548
1787476391.564971,-0.926141452394461,-0.09563720449187345,1.5746654903355775,-0.9794152460940145,-0.11015950579193554,1.9078011577907426,0.0552,0.333,-0.9796427718007847,-0.11125273601915975,1.9261657754293042,0.0557
1787476391.6514661,-0.9250285609976248,-0.09554424098836134,1.553683215305538,-0.9783607087790835,-0.10990484413159048,1.921495784264752,0.0552,0.368,-0.9782407563110128,-0.10973416558437782,1.9189283020042431,0.0551
1787476391.7286916,-0.9240272552527325,-0.09529716436687784,1.3491045148549892,-0.9834908212167798,-0.11189401699591763,1.9625281915337676,0.0617,0.613,-0.9851700811325294,-0.11220657311286672,1.9667752211214602,0.0634
1787476391.8992052,-0.9228363121046799,-0.09568686400802555,1.3222044235487935,-0.9834451832332102,-0.11282429853396292,1.999621495819474,0.0630,0.677,-0.9749878648254159,-0.09435933665904676,1.0917137836958823,0.0522
1787476391.9899035,-0.9221472433953815,-0.09632171551962673,1.3565534242809485,-0.9775628903583057,-0.1025143211710296,1.4900623283074135,0.0558,0.134,-0.9784410443939288,-0.10415215415103717,1.5168813748424643,0.0568
1787476392.0700884,-0.9215577247434545,-0.09708804361632938,1.5638235785113728,-0.9752445536968011,-0.10012955083183422,1.315729076431606,0.0538,0.248,-0.9744218338131553,-0.0996403873341782,1.3090172434576954,0.0529
1787476392.151333,-0.9208312789003308,-0.09758266089946742,1.5833959975907521,-0.975869556627092,-0.10794552592634224,1.9208591802959962,0.0560,0.337,-0.9769034693666017,-0.10995327353345465,1.9544344346842013,0.0574
1787476392.2928658,-0.9192321847044904,-0.09761539450886435,1.5509433341652585,-0.9752046800246178,-0.10837945545252092,1.9510521194929482,0.0570,0.400,-0.9769034693666017,-0.10995327353345465,1.9544344346842013,0.0590
1787476392.364111,-0.9185088670610515,-0.09741765849286141,1.3656430953062753,-0.9659720809035275,-0.11061582193264653,1.9682780817089478,0.0493,0.603,-0.9635661673560297,-0.1105909784135961,1.9684961128325507,0.0469
1787476392.510619,-0.9169396377210417,-0.09779080488994911,1.0825814759721941,-0.9670487506357104,-0.10085794479939413,1.3827239902188257,0.0502,0.300,-0.9678611606422538,-0.09913041529678736,1.353166356980672,0.0509
1787476392.5858188,-0.9159336592435162,-0.09848840341896767,1.1031162498859257,-0.9646482076182907,-0.10212407053873018,1.2619603198763356,0.0489,0.159,-0.9643671472623223,-0.10228642422233881,1.2636408205871028,0.0486
1787476392.6552923,-0.9149561026487981,-0.09943576728228437,1.248169930295229,-0.9606737638777205,-0.09405748087905355,0.8424861531364375,0.0460,0.406,-0.9599582074480454,-0.09289098438376944,0.8245616052610002,0.0455
1787476392.8129752,-0.9131776579323163,-0.10083773111314108,1.5465525995958866,-0.958301282044731,-0.09332661634606769,1.0228802370309154,0.0457,0.524,-0.9580479467921521,-0.0935336598904511,1.0278698623044602,0.0455
1787476392.8903813,-0.9121881660749757,-0.10092596606907375,1.5516338294227385,-0.9563518725530411,-0.0920537560850312,0.9873499209474093,0.0450,0.564,-0.9749428380475536,-0.10418869006260152,1.5795782165398782,0.0628
1787476392.966661,-0.9112053182223828,-0.10078844281938121,1.4715815835647241,-0.9646133062590309,-0.10927475924896772,1.7837545464465967,0.0541,0.312,-0.9626249583968085,-0.11074395026563064,1.8076798760751607,0.0524
1787476393.0513105,-0.9103323012243015,-0.10062413598461004,1.2266715576097365,-0.9635301952655592,-0.11001465038727017,1.8266924000197737,0.0540,0.600,-0.9630909299172903,-0.11013690838099745,1.829149765524496,0.0536
1787476393.192046,-0.9075650974659977,-0.10122953297050279,0.5044011901898848,-0.9530307992911865,-0.0971748058945835,0.9371773394057942,0.0456,0.433,-0.9496295684056117,-0.09449076936888315,0.8972120498306293,0.0426
1787476393.2625377,-0.9061732211079857,-0.10192322318265734,0.2062486726220009,-0.959147312932033,-0.09656827780754308,0.2656491146541416,0.0532,0.059,-0.9615116222740998,-0.09646909141237729,0.25803697721245783,0.0556
1787476393.3893325,-0.9044226082925687,-0.10217755372368328,-0.23268170574516464,-0.958074157792617,-0.09591019718056921,0.18162373222187328,0.0540,0.414,-0.9615116222740998,-0.09646909141237729,0.25803697721245783,0.0574
1787476393.4933681,-0.9026285524103264,-0.1016192962932046,-0.5795651608663565,-0.958074157792617,-0.09591019718056921,0.18162373222187328,0.0557,0.761,-0.9615116222740998,-0.09646909141237729,0.25803697721245783,0.0591
1787476393.5942097,-0.9009893933592289,-0.09986717196563474,-0.7185195885340682,-0.968458434791203,-0.11841516492210187,0.065637968732221,0.0700,0.784,-0.9705596008637717,-0.11996995977770926,0.08743929277688509,0.0724
1787476393.6552818,-0.9002601071196721,-0.09886845517204047,-0.950891633430352,-0.9666322866093989,-0.10950269629304032,-0.5297153053260083,0.0672,0.421,-0.9657407804431839,-0.10753193417146019,-0.5607447613824749,0.0661
1787476393.80114,-0.8987528357469851,-0.09789349483412314,-1.0248968224290962,-0.9752864747307078,-0.11199029563037771,-0.4927951790310601,0.0778,0.532,-0.9780705460407072,-0.11263261722705246,-0.4833109737005744,0.0807
1787476393.8851323,-0.8979111151567668,-0.0978195911568781,-1.0628327077471833,-0.975215504246512,-0.11174195532916352,-0.581420216052923,0.0785,0.481,-0.9747760237038843,-0.11153740792195992,-0.5840868160206028,0.0781
1787476394.011642,-0.8963814349611144,-0.0981794118562156,-0.7531375636729621,-0.9763371855609567,-0.11260400068094482,-0.6996774823455214,0.0812,0.053,-0.9747760237038843,-0.11153740792195992,-0.5840868160206028,0.0795
1787476394.0814087,-0.8956370925737643,-0.09812646685536054,-0.48292851349105453,-0.9577277922629567,-0.10475126426938663,-0.9037384157579014,0.0624,0.421,-0.9516829770331153,-0.10313499584262474,-0.9308682387617931,0.0563
1787476394.1543365,-0.895158036858037,-0.09748990032407924,-0.49712594757427403,-0.9614418804985818,-0.11156490854911144,-0.34745827037954186,0.0678,0.150,-0.9632371167092273,-0.11317184730214457,-0.3198094800848073,0.0699
1787476394.2988806,-0.8941880966578623,-0.09559098538156267,-0.7554555278291547,-0.9688165204903294,-0.11280365213529583,-0.13403749226816317,0.0766,0.621,-0.9716235256939838,-0.11338653827667917,-0.12416590470674771,0.0795
1787476394.385419,-0.8942743299081662,-0.09492429084942461,-0.7812671004586661,-0.9646919165661093,-0.11297161148517645,-0.056275478715590035,0.0727,0.725,-0.9625793351716427,-0.11280029631172023,-0.056909976296513114,0.0706
1787476394.474381,-0.8942988231970695,-0.09453767306256897,-0.8232659641579098,-0.9616467512994322,-0.10447274951548816,-0.6554807093324956,0.0681,0.168,-0.9624278578374972,-0.11060778674888175,-0.3419617499045677,0.0700
1787476394.5632453,-0.8942520558115494,-0.09450938827022715,-0.8345063259883775,-0.9618455543266116,-0.10921050134867233,-0.3655100389344258,0.0692,0.469,-0.9596693006092383,-0.10192904906796738,-0.8334113388573828,0.0658
1787476394.6402953,-0.8942731487075157,-0.09466318674389039,-0.7069298052932586,-0.960230473494012,-0.10315795350422335,-0.8135612239713628,0.0665,0.107,-0.9596693006092383,-0.10192904906796738,-0.8334113388573828,0.0658
1787476394.7911177,-0.8937154366538552,-0.09407682040736128,-0.43643035592120755,-0.9578561414796347,-0.10560118792426351,-0.45837386726304125,0.0652,0.022,-0.957599436067519,-0.10615315973597372,-0.448218830281106,0.0650
1787476394.8701482,-0.8929730889179949,-0.09316946677824291,-0.5293890057491776,-0.9497627247172742,-0.10869318802994743,-0.05824703395449345,0.0589,0.471,-0.9479752909018518,-0.10912604505276065,-0.049733620442236164,0.0573
1787476394.9540212,-0.8921881271546154,-0.09240074300805773,-0.5006975237587103,-0.9473627495250269,-0.1082480260926574,-0.0827951638899152,0.0574,0.418,-0.9467894348843184,-0.10806135379111097,-0.08564498381851957,0.0568
1787476395.0960166,-0.890233255880757,-0.09180447251228768,-0.8937690812679036,-0.940871072171435,-0.11076702144334263,-0.043723619231972974,0.0541,0.850,-0.9396851699771209,-0.1109499185990159,-0.04089034921149395,0.0530
1787476395.1747854,-0.8888686195446514,-0.09216657800820012,-0.9186976873649725,-0.9429110835582654,-0.10574398899332474,-0.10544184226134294,0.0557,0.813,-0.9440965495491396,-0.10507488013032149,-0.11523767688113512,0.0567
1787476395.261031,-0.8875155271248649,-0.0927224384426172,-0.8617189914713596,-0.9559251105384057,-0.10544951204034633,-0.5966581576224936,0.0696,0.265,-0.9603720326770453,-0.10566820046906092,-0.5964550671416905,0.0740
1787476395.347021,-0.8862874755909225,-0.09324753733609444,-0.6033330271741427,-0.9546662287949329,-0.11211685230240924,-0.39501205888262403,0.0709,0.208,-0.9545676523222156,-0.11329238711915593,-0.3764131586573099,0.0712
1787476395.4930942,-0.8837348959100851,-0.09310760405247787,-0.6092607976503545,-0.9545114159295428,-0.11267740762272559,-0.42751977587808127,0.0734,0.182,-0.9545676523222156,-0.11329238711915593,-0.3764131586573099,0.0737
1787476395.5680664,-0.8824490914441019,-0.09268458594275537,-0.726301137829769,-0.94751239855148,-0.11582151445330639,-0.02592650945669018,0.0691,0.700,-0.9457020091281372,-0.11617718536019804,-0.018465115772246035,0.0675
1787476395.64221,-0.8814794346213608,-0.09277094154286873,-0.7379239519723988,-0.9500509593578764,-0.11634957248376343,-0.09962645413879873,0.0725,0.638,-0.9511967500066967,-0.11637904468982245,-0.09971172319072233,0.0736
1787476395.8090765,-0.8793632458280385,-0.09376893496470876,-0.8666416602680538,-0.952478416955138,-0.11457758590897368,-0.15723313088088423,0.0760,0.709,-0.9532503965759873,-0.11430899805553606,-0.16142675316189395,0.0767
1787476395.8792694,-0.878270431807354,-0.09475757236525961,-0.8742456179598023,-0.9522611348244719,-0.11531673156368191,-0.1726484589236873,0.0768,0.702,-0.9532503965759873,-0.11430899805553606,-0.16142675316189395,0.0775
1787476396.008642,-0.8768319331906972,-0.09632305814588586,-0.6953692811331271,-0.9567331033392064,-0.11002482041717267,-0.6037209294207886,0.0811,0.092,-0.9575908707570013,-0.1094311302928447,-0.6157488174822724,0.0818
1787476396.0734782,-0.8762994453185643,-0.0965551614834346,-0.6612654293070653,-0.9545782020348387,-0.1165147124127071,-0.23999203838461755,0.0808,0.421,-0.9541539824180472,-0.1173982313403272,-0.22470934281536548,0.0806
1787476396.148082,-0.8757008684223689,-0.09652771288459157,-0.6522174615196047,-0.9535593496937149,-0.11875331208154791,-0.080674780798988,0.0810,0.572,-0.9532334528378803,-0.11914076137212584,-0.07339376216997916,0.0808
1787476396.2315612,-0.8751367638731746,-0.0963286113588063,-0.7429285268933623,-0.9511301446341877,-0.11650259800822818,-0.11985550796878439,0.0786,0.623,-0.9501195599319133,-0.11588212972819653,-0.12893018509791662,0.0775
1787476396.3136482,-0.8746794885241339,-0.09618015198839693,-0.9953354382102373,-0.9466399427192587,-0.10373359556198337,-0.7119521299091605,0.0724,0.283,-0.9447629158178732,-0.10108849858194141,-0.7531166049682094,0.0703
1787476396.4161737,-0.8738996460662457,-0.09636976120954105,-0.9967423945516648,-0.9443681189506141,-0.1101574385269478,-0.5713665296843066,0.0718,0.425,-0.9442828404642339,-0.11115773204385594,-0.5557055076528399,0.0719
1787476396.5952153,-0.8722736235904228,-0.09767435879293547,-0.8002636058156403,-0.9487752215880958,-0.11137474439543157,-0.5819914972256545,0.0777,0.218,-0.9514641062018815,-0.11685087303112936,-0.44300222958292185,0.0815
1787476396.6649184,-0.8715458179852986,-0.09822212682938437,-0.4831288137310991,-0.947763258848111,-0.11591453406700272,-0.3092913589749851,0.0782,0.174,-0.9467297555698189,-0.11593962019793239,-0.3069172619329991,0.0772
1787476396.7957752,-0.869683800536982,-0.09799278905223904,-0.5321479336377017,-0.9473022972190844,-0.11649996744936682,-0.3191765888899068,0.0798,0.213,-0.9467297555698189,-0.11593962019793239,-0.3069172619329991,0.0791
1787476396.8671687,-0.8687527093572065,-0.09755066676417877,-0.6902310263534615,-0.9182024608313931,-0.10568297257597632,-0.4088510474529457,0.0501,0.281,-0.9105106739638533,-0.10376579543870659,-0.44071670469259355,0.0422
1787476396.9951124,-0.8660319017594993,-0.09714308160629868,-1.1813690204671432,-0.9135299819792289,-0.10474922773267042,-0.4273788231399048,0.0481,0.754,-0.9105106739638533,-0.10376579543870659,-0.44071670469259355,0.0450
1787476397.0680237,-0.8646012733760909,-0.09729170234908796,-1.434873293998862,-0.9318923067554964,-0.09949832869281539,-1.0021976494499527,0.0673,0.433,-0.9361150213420063,-0.09903965835152315,-1.0169336816585834,0.0715
1787476397.2085452,-0.8618028354613784,-0.09843937173859402,-1.86888388440554,-0.9457203752098327,-0.10115788318152627,-1.4754543257447756,0.0840,0.393,-0.9496795136115405,-0.10163669032477998,-1.4753708229515758,0.0879
1787476397.284981,-0.8608416797557078,-0.0982804509156662,-1.9667869112043597,-0.9251539344854994,-0.10629090095775864,-1.775230690074629,0.0648,0.192,-0.9175876180981861,-0.10592170101686332,-1.7856373466725985,0.0573
1787476397.3726952,-0.8598547660766264,-0.09786937176685831,-2.053597438460569,-0.922957358114843,-0.1060609841936411,-1.8723483549585107,0.0636,0.181,-0.9170061061282089,-0.10799583337267514,-1.8483618697699502,0.0580
1787476397.4500997,-0.8588180443532412,-0.09697368324132877,-2.075437737014906,-0.9185749836710212,-0.10792712398071215,-1.848753488271012,0.0608,0.227,-0.9170061061282089,-0.10799583337267514,-1.8483618697699502,0.0592
1787476397.5923264,-0.8569193305326892,-0.09479491774224487,-2.5212383193671832,-0.9124417796044738,-0.10811750984469716,-1.9131089486914563,0.0571,0.608,-0.911579853156375,-0.10805252302422987,-1.9142305646056472,0.0562
1787476397.6764174,-0.8559950816288138,-0.09424038693160859,-2.5405847944663784,-0.9119353390697839,-0.1049756773534275,-2.1547008234951246,0.0570,0.386,-0.9128016624980895,-0.10461844924698953,-2.1602567456082133,0.0577
1787476397.7546208,-0.8550248145972418,-0.0940640490922932,-2.5669817363905634,-0.910677621993706,-0.10208886578834195,-2.43498414710764,0.0562,0.132,-0.9109869967663075,-0.10157297007309372,-2.444005393238095,0.0565
1787476397.906016,-0.853204661173256,-0.09425245942787519,-2.282358942620612,-0.9102728952505548,-0.1019393505794352,-2.4444303204868736,0.0576,0.162,-0.9110954348318567,-0.10215916995340417,-2.440012665328397,0.0584
1787476397.9966667,-0.8526383849246153,-0.09417699574061947,-2.175109226838182,-0.9085451315106575,-0.09810585723459993,-2.47768096774718,0.0560,0.303,-0.9087587506926518,-0.09775249925452817,-2.482035393381737,0.0562
1787476398.0738487,-0.8519554125440681,-0.09371279230523788,-2.0591875877776884,-0.9071837786115422,-0.10584193090093269,-2.0786708268880423,0.0565,0.019,-0.9082819952821315,-0.10739044336508065,-2.0520900491113743,0.0580
1787476398.1501021,-0.8512756562677993,-0.09300671272816734,-2.033676749476939,-0.9102714249863718,-0.11007487576446495,-1.7300353506011734,0.0614,0.304,-0.912506482101688,-0.11104687058175153,-1.711893459310707,0.0638
1787476398.2396712,-0.8510917630122856,-0.09270573011940868,-1.893316497816064,-0.9147276701900722,-0.11038530054594864,-1.767224956673274,0.0660,0.126,-0.9173235039324179,-0.11069944419794917,-1.7610982077502992,0.0686
1787476398.4003296,-0.8505668291012254,-0.09301619211578492,-1.77279944368849,-0.9082376702686342,-0.1071448737104283,-1.7015024248025228,0.0594,0.071,-0.905779119970099,-0.10636757920574695,-1.7133060799018416,0.0568
1787476398.4677968,-0.8502826265860141,-0.09366226218623797,-1.6486728819159664,-0.9062544288383257,-0.10718603604825194,-1.7380672844042164,0.0576,0.089,-0.905779119970099,-0.10636757920574695,-1.7133060799018416,0.0569
1787476398.6081693,-0.8496657443760003,-0.09474504187173811,-1.3550326794117815,-0.9339175814015649,-0.11728085108012454,-1.017372664058855,0.0872,0.338,-0.9399535449130828,-0.11915099190179888,-0.9878285987209299,0.0935
1787476398.678768,-0.8491511750405943,-0.09481067467265213,-1.3252612479572006,-0.9242122629071245,-0.12308363593034227,-0.6629779947938941,0.0802,0.662,-0.920823659879647,-0.12302980011612538,-0.6674289588442048,0.0770
1787476398.7478096,-0.8485778200440891,-0.0946374222843859,-1.3282673969495404,-0.9244973768873423,-0.12482420898834126,-0.6183589799080667,0.0817,0.710,-0.920823659879647,-0.12302980011612538,-0.6674289588442048,0.0776
1787476398.890928,-0.8476247891743633,-0.09405310493625059,-1.7195753273967676,-0.9133885670801588,-0.11552862031607845,-0.7749245971437801,0.0692,0.945,-0.9096486948762763,-0.11391813264954813,-0.8044451226614072,0.0651
1787476398.969014,-0.8467185076016924,-0.09421751127255593,-1.7241957353060782,-0.9106544460810838,-0.11311922809218503,-1.1900702270320636,0.0667,0.534,-0.9098599489860026,-0.11245069501046687,-1.2030321064828677,0.0657
1787476399.0521913,-0.8457313913375903,-0.09470816106058465,-1.6776438792260826,-0.9094322353813776,-0.11339407684440016,-1.1903658129072288,0.0664,0.487,-0.9098599489860026,-0.11245069501046687,-1.2030321064828677,0.0665
1787476399.206684,-0.8438480350455766,-0.09632396607027957,-1.2339300214743558,-0.9031851414204135,-0.10861896618862274,-1.2572518235694892,0.0606,0.023,-0.9014014102643917,-0.10789314952212477,-1.2704430653892742,0.0587
1787476399.2829807,-0.8429173065235269,-0.09685439212523561,-1.213867105909136,-0.9043982373112547,-0.11112618577831493,-1.1333163504274726,0.0631,0.081,-0.9059121396076778,-0.11200134437514665,-1.1173920210316042,0.0648
1787476399.3619938,-0.8418965167185227,-0.09701323752392405,-1.1921794450706715,-0.9081326782152339,-0.11723094189500222,-0.6944624549182906,0.0693,0.498,-0.9109724439607073,-0.1188284531725199,-0.664606262043736,0.0724
1787476399.4498224,-0.8408522503159144,-0.0969613323087232,-1.2317963569024153,-0.9153099902771743,-0.12465698689442208,-0.5449042335830082,0.0794,0.687,-0.9177136380593242,-0.1257908322256715,-0.5279118284008285,0.0821
1787476399.5971444,-0.838706187808394,-0.0972813844090799,-1.7356178467895271,-0.9157266448048935,-0.12116039452904767,-0.5412266514006819,0.0806,1.194,-0.9156346506587567,-0.12052986640389805,-0.5505920315715845,0.0804
1787476399.6608536,-0.8374364208291711,-0.09801528757396015,-2.0055887985813943,-0.9158655910761621,-0.12232413070456154,-0.49113742167678165,0.0821,1.514,-0.9081806885605016,-0.1115187403621613,-1.3147379711742224,0.0720
1787476399.7971644,-0.8351142244007436,-0.10061718003483033,-1.8680961657830888,-0.9108205102819861,-0.1133305385086481,-1.2786782572730437,0.0768,0.589,-0.9081806885605016,-0.1115187403621613,-1.3147379711742224,0.0739
1787476399.874525,-0.8342223765613495,-0.10159338165980744,-1.8358640312381067,-0.89053376404235,-0.10631536096819341,-1.8662557456069624,0.0565,0.030,-0.8842762578109212,-0.10454799406224367,-1.8987318162777953,0.0501
1787476399.9503298,-0.8332679818711158,-0.10233008926164783,-1.7737119502688838,-0.8906544020602982,-0.10626666139385944,-1.791878455531012,0.0575,0.018,-0.8918161793205582,-0.10660563679170196,-1.785382414846068,0.0587
1787476400.1018465,-0.8311763848529184,-0.10287466799503116,-1.7454048319805557,-0.8850482922696219,-0.10928515477147072,-1.6921919723411207,0.0543,0.053,-0.8842713644814034,-0.10972236014290931,-1.685328343088315,0.0535
1787476400.171819,-0.8302526994142108,-0.10303510272349403,-1.9514137594870369,-0.8818192137686458,-0.10888075915314747,-1.7338141977983765,0.0519,0.218,-0.8842713644814034,-0.10972236014290931,-1.685328343088315,0.0544
1787476400.2970285,-0.8286889425430667,-0.10345301431238664,-3.1443742878385033,-0.8791989841743013,-0.10854989193743417,-1.7671805848462585,0.0508,1.377,-0.8842713644814034,-0.10972236014290931,-1.685328343088315,0.0559
1787476400.359758,-0.8280438953685155,-0.103662851214115,-4.055458030643107,-0.854278630709156,-0.12062674312610652,-1.4050518432107313,0.0312,2.650,-0.8503466575719596,-0.12074835265476366,-1.4033206720195828,0.0281
1787476400.4369984,-0.827534352749737,-0.10376473622254785,-4.819594367789479,-0.8746665658994249,-0.15179671841016948,3.4597442926850928,0.0673,8.279,-1.1291938994901214,-0.41189129340348274,0.20676030643288162,0.4312
1787476400.6064157,-0.8267732748722919,-0.10331141763167015,-5.972152290824159,-0.8731093001842217,-0.1065243538153001,-4.7908228305829,0.0464,1.181,-0.8737633218009653,-0.10704436008557495,-4.8694073278884575,0.0471
1787476400.6951191,-0.8263560550947446,-0.10251927388186453,-6.486909579253561,-0.8792975093749706,-0.1090057576326937,-5.413918080981035,0.0533,1.073,-0.8827366550820138,-0.10963814076931043,-5.405919514468563,0.0568
1787476400.7666168,-0.8259346430235621,-0.10142851973178917,-7.145400036187479,-0.8750406970350431,-0.108184492825707,-5.996301622618603,0.0496,1.149,-0.8737172303986169,-0.1077395536509794,-6.006647664962739,0.0482
1787476400.9066484,-0.8246197485057786,-0.10020125310891317,-8.044376215575442,-0.880881359860791,-0.1145256502192164,-6.807445633449736,0.0581,1.237,-0.8839889629739024,-0.11562248313941846,-6.789546696125259,0.0613
1787476400.9664767,-0.82360941158705,-0.10028508447001874,-8.143533602583721,-0.8793146001539829,-0.11457735228234393,-7.24439799459244,0.0575,0.899,-0.8839889629739024,-0.11562248313941846,-6.789546696125259,0.0623
1787476401.100246,-0.821686720734387,-0.10096797884831034,-8.11368437852998,-0.8676676170352027,-0.10253794503666849,-8.187712815027629,0.0460,0.074,-0.8650399130832832,-0.10111148271679725,-8.209766891815377,0.0434
1787476401.1708047,-0.8208208741985201,-0.1012051988962802,-8.099186592722234,-0.8672900221435321,-0.10808531006183755,-8.201728045767354,0.0470,0.103,-0.8686310078455309,-0.109295967316139,-8.18075815276724,0.0485
1787476401.3025973,-0.818777168944951,-0.10089250055016169,-8.03902968351478,-0.8645746756872351,-0.10749991479558679,-8.655819854327957,0.0463,0.617,-0.8686310078455309,-0.109295967316139,-8.18075815276724,0.0506
1787476401.3677762,-0.817675524893995,-0.10040662012930884,-8.084053823406261,-0.8888437681071782,-0.12073032624625665,-7.654464753263614,0.0740,0.430,-0.8963930016581624,-0.12358962767222582,-7.597460948264639,0.0821
1787476401.441127,-0.8166582252490063,-0.0998334337166738,-8.27781123333061,-0.8744696518225781,-0.11349843826828505,-7.974118386913852,0.0594,0.304,-0.868171918735606,-0.1114255448376702,-8.00871958600984,0.0528
1787476401.523224,-0.8156947367562526,-0.0994253974270046,-8.55249520373144,-0.864455183795227,-0.10862036718747105,-8.27983780747875,0.0496,0.273,-0.8615559865813647,-0.10773690822965032,-8.293930022668773,0.0466
1787476401.7072153,-0.8137417164884623,-0.10025862532398223,-8.508356037868763,-0.8639740205925146,-0.10467755846981858,-8.597570171781895,0.0504,0.089,-0.8643539301705768,-0.10418076115891933,-8.60496899251887,0.0508
1787476401.7900717,-0.8128946147388904,-0.10096655038534451,-8.266467840206335,-0.861487281306483,-0.10353027796900259,-8.979133469763712,0.0487,0.713,-0.8612901312973189,-0.10652388912453958,-8.59765699583685,0.0487
1787476401.8837726,-0.8123364297889097,-0.10146625874132463,-8.109051002604094,-0.8611665225731449,-0.10606450134978858,-8.60663844330677,0.0490,0.498,-0.8612901312973189,-0.10652388912453958,-8.59765699583685,0.0492
1787476401.992963,-0.8108646713001977,-0.10145787644031004,-7.848393964207904,-0.85735499347678,-0.10485235814187659,-9.126049578914401,0.0466,1.278,-0.8612901312973189,-0.10652388912453958,-8.59765699583685,0.0507
1787476402.0632074,-0.8101512055470828,-0.1012715813734717,-7.839017198397833,-0.7894445105929617,-0.080409136532198,-9.42881562967588,0.0294,1.590,-0.7777686913428602,-0.07789123179017851,-9.47483291429336,0.0399
1787476402.1984112,-0.8087808392969833,-0.10129103577856025,-7.918460174267146,-0.833870337932004,-0.10300706810915888,-8.220702845561199,0.0251,0.302,-0.853997042154169,-0.11176102969538908,-7.904919034889134,0.0464
1787476402.265861,-0.808076192214824,-0.10166363105852161,-7.974155499236505,-0.8462888138662439,-0.10925342828159447,-7.950627063160882,0.0390,0.024,-0.853997042154169,-0.11176102969538908,-7.904919034889134,0.0470
1787476402.3870525,-0.8067435705813841,-0.10306311670391344,-7.853816074972894,-0.843087446988137,-0.11001113133503045,-8.230156527642931,0.0370,0.376,-0.853997042154169,-0.11176102969538908,-7.904919034889134,0.0480
1787476402.4675493,-0.8061733050338432,-0.10367726692649848,-7.618728613886014,-0.8524837323960017,-0.10685713169770483,-7.921390567924821,0.0464,0.303,-0.854396867771121,-0.10703223735278239,-7.91664395697116,0.0483
1787476402.5572424,-0.8058698117527543,-0.10404962147935681,-7.4996947642508545,-0.8405464281015572,-0.10282031758934242,-8.22318191722498,0.0347,0.723,-0.8368960776085481,-0.10229671351863635,-8.233346117033234,0.0311
1787476402.7060218,-0.8050055818576487,-0.10378286871802198,-7.421345209122283,-0.8386969673842598,-0.10244429509705502,-8.355529044848257,0.0337,0.934,-0.8368960776085481,-0.10229671351863635,-8.233346117033234,0.0319
1787476402.7918482,-0.8046734457677793,-0.1035876052046589,-7.567833224565524,-0.8458522038646223,-0.11232541521483014,-7.592153406131898,0.0421,0.024,-0.8485525422219264,-0.11385437234432101,-7.564428216951775,0.0451
1787476402.8644085,-0.8040481456761904,-0.10376450189085708,-7.5720757864125545,-0.8474410998699826,-0.11179641835239745,-7.390052678942398,0.0441,0.182,-0.8486449919039089,-0.11198563155153413,-7.383006165789855,0.0453
1787476402.9832478,-0.802700157839607,-0.10512702993881377,-7.36530678000671,-0.8462489175720348,-0.11289152554095286,-7.487554690880535,0.0442,0.122,-0.8486449919039089,-0.11198563155153413,-7.383006165789855,0.0465
1787476403.1052473,-0.8015000668958145,-0.10663265921853275,-7.106737195767826,-0.8602590198075002,-0.11874849572803348,-7.0341315157128905,0.0600,0.073,-0.8635059552051586,-0.1198125447633113,-7.0122452301803735,0.0634
1787476403.1584642,-0.8008206204167675,-0.10707259934130829,-7.065816456457878,-0.8467219233273265,-0.10612912115142004,-7.681121397011273,0.0459,0.615,-0.8404832111064964,-0.1029458946924231,-7.735503483577154,0.0399
1787476403.299713,-0.7992379170996783,-0.10733043082481136,-7.013237988540136,-0.8456038504466911,-0.10565045598124925,-7.7942481840765385,0.0464,0.781,-0.8652741507454881,-0.12151757529680676,-6.997679555230195,0.0675
1787476403.3679883,-0.7984688280408945,-0.10715431401505492,-7.159962493194895,-0.8594184339141809,-0.12393718534590123,-6.653401366437894,0.0632,0.507,-0.8590821561306654,-0.12488600963741804,-6.6362711899405165,0.0632
1787476403.4454763,-0.7977819584941281,-0.10712051439068021,-7.419914729993655,-0.8550600920971959,-0.12578715160213247,-6.64875237241099,0.0602,0.771,-0.8527415418570018,-0.12547018210257493,-6.6567132834711344,0.0579
1787476403.5928285,-0.7961364688740986,-0.10817306955434221,-7.359372599895674,-0.8553594591216507,-0.12828714229238888,-6.634694075995315,0.0625,0.725,-0.8527415418570018,-0.12547018210257493,-6.6567132834711344,0.0592
1787476403.65992,-0.795332295947742,-0.10910051940013644,-7.202493651397046,-0.8514218033297425,-0.1211346132979577,-6.823465316950944,0.0574,0.379,-0.8499821092059353,-0.12021301850985246,-6.839470888327226,0.0558
1787476403.7713,-0.7930663227050778,-0.10994078273481409,-6.842045729437675,-0.8511124404095961,-0.12286831308194222,-6.828654175452174,0.0595,0.013,-0.8499821092059353,-0.12021301850985246,-6.839470888327226,0.0578
1787476403.8637536,-0.7903818619273763,-0.10995044920811207,-6.6266798207677935,-0.8318234036058887,-0.10552628992645748,-7.720605641577243,0.0417,1.094,-0.8291152528544087,-0.10428931436996738,-7.738938529966654,0.0391
1787476403.9989433,-0.7877964611030678,-0.10911921323641614,-6.7573982439033,-0.8241193722962223,-0.11012206857227522,-7.310546954824828,0.0363,0.553,-0.821807375160257,-0.11113741605922275,-7.292270670709389,0.0341
1787476404.0662289,-0.7866264643227663,-0.10867010406905701,-7.028623745145505,-0.8415261886284952,-0.1203096583395157,-6.809783470163882,0.0561,0.219,-0.853349642627741,-0.12472572408214454,-6.724248725525807,0.0686
1787476404.1925833,-0.7843922277360177,-0.10898833859476581,-7.040057120162219,-0.8405326056185022,-0.12177151166561954,-6.795846171947499,0.0576,0.244,-0.853349642627741,-0.12472572408214454,-6.724248725525807,0.0707
1787476404.2714863,-0.7833510236350971,-0.10962377012662022,-7.0439379190647795,-0.8315561936301585,-0.1146197582518515,-6.691264720996074,0.0485,0.353,-0.8294683046042933,-0.11384970819326252,-6.703144647838814,0.0463
1787476404.3924558,-0.7818874333900238,-0.1110622793004479,-6.874050250595969,-0.8280632943666172,-0.11525414889439894,-6.79507257763737,0.0464,0.079,-0.8272918602255369,-0.11514068857872185,-6.798106950914358,0.0456
1787476404.4550047,-0.7812949517317228,-0.11142302933262886,-6.832347099984323,-0.8249824015296642,-0.11556318395748995,-6.782498170250884,0.0439,0.050,-0.8272918602255369,-0.11514068857872185,-6.798106950914358,0.0461
1787476404.5880685,-0.7798828309635277,-0.1112286399087053,-6.748566548279583,-0.8277025117888622,-0.10933655382028487,-7.175878156425224,0.0479,0.427,-0.8280884918797315,-0.10886635317594669,-7.1841599655393855,0.0483
1787476404.684571,-0.779107455092793,-0.1105628298401356,-6.963701481337077,-0.825105901550678,-0.10845200529785003,-7.208961667224214,0.0460,0.245,-0.8280884918797315,-0.10886635317594669,-7.1841599655393855,0.0490
1787476404.7691972,-0.77885342407945,-0.11043299319688092,-7.233590065672217,-0.825105901550678,-0.10845200529785003,-7.208961667224214,0.0463,0.025,-0.8296683533089335,-0.11687279763782757,-6.869004129676231,0.0512
1787476404.9070892,-0.7783586830183693,-0.11131954166809088,-7.379779032352348,-0.8224197089942654,-0.11622237673400798,-6.723244775745447,0.0443,0.657,-0.8201783529903813,-0.11596636262075519,-6.726461818084339,0.0421
1787476404.9835246,-0.7780461801782426,-0.11216039842222592,-7.239994847185265,-0.822114877990113,-0.1096840255377692,-7.179630712507148,0.0441,0.060,-0.822429116597203,-0.10824799928941131,-7.204140533155033,0.0446
1787476405.061176,-0.7778207621351588,-0.11289377753525638,-6.943299890268411,-0.8206374341399716,-0.10915465254898321,-7.199252845543265,0.0430,0.256,-0.8221796196651264,-0.10528193270494855,-7.501714002738703,0.0450
1787476405.136169,-0.7771847260941652,-0.11325630425632494,-6.930244973513481,-0.8218676705618452,-0.10579614072250615,-7.49204577952506,0.0453,0.562,-0.8097048089656137,-0.1009740284056742,-7.806710616543361,0.0348
1787476405.295415,-0.7754669341817443,-0.11280393504624302,-7.1173151526582625,-0.8127530947586078,-0.10184795297271107,-7.7941973355780405,0.0389,0.677,-0.8097048089656137,-0.1009740284056742,-7.806710616543361,0.0362
1787476405.3763766,-0.7747060450483931,-0.11247785475931162,-7.415155038655085,-0.8044603256278097,-0.1088252760969828,-7.270755066044334,0.0300,0.144,-0.8034166428243835,-0.10973041887783377,-7.25422025975768,0.0288
1787476405.442401,-0.7735937825437383,-0.11265618841073102,-7.756753624088054,-0.791731356474034,-0.10361518596126935,-7.843234231821175,0.0203,0.086,-0.7894628914117029,-0.10311261416576423,-7.847465894294856,0.0185
1787476405.5818093,-0.7712034606752031,-0.11389036980076947,-8.262136542067358,-0.7875303802319598,-0.10229561756195664,-8.508917702190724,0.0200,0.247,-0.7894628914117029,-0.10311261416576423,-7.847465894294856,0.0212
1787476405.7057788,-0.7691128045620187,-0.1151417328152846,-8.329112918300076,-0.7956482891781103,-0.10424805295059396,-8.171882994047749,0.0287,0.157,-0.7979346858585651,-0.10482543189929515,-8.16370992521991,0.0306
1787476405.765788,-0.7680244362240192,-0.11536781294558224,-8.29915504149477,-0.7993576578507289,-0.11050410960112071,-8.300710802566643,0.0317,0.002,-0.8019973405735062,-0.1117602753368386,-8.285435543883414,0.0342
1787476405.8952055,-0.7656035391832691,-0.11507895753387896,-8.314557727612828,-0.8023797500889838,-0.11496962874303947,-8.544064644831497,0.0368,0.230,-0.8044885494931429,-0.11574767787587573,-8.533275132498588,0.0389
1787476405.9516196,-0.7644246798411597,-0.11471605262429015,-8.475612779251438,-0.8216207644578333,-0.12592347729423758,-8.043005051994369,0.0583,0.433,-0.8335798504457609,-0.1304487489657643,-7.956040868840401,0.0709
1787476406.0992024,-0.762323353396789,-0.11460207262151231,-8.756629730602752,-0.8278890206666828,-0.1304616644433025,-8.005074554654996,0.0675,0.752,-0.8292495955976211,-0.1308722464574889,-7.996778310180535,0.0689
1787476406.1850188,-0.761301110199356,-0.11502939493394043,-8.758716977578752,-0.81667181394636,-0.12398993307498035,-8.334639997896856,0.0561,0.424,-0.810523272966911,-0.1214663025739702,-8.378029113417714,0.0496
1787476406.2609422,-0.7603099945539558,-0.11571289042399514,-8.675213840036394,-0.8071690054251067,-0.11857428097254646,-8.870822858843553,0.0469,0.196,-0.8068241071322844,-0.11707197408602456,-8.900841688540101,0.0465
1787476406.3866704,-0.7585224798797294,-0.1168599524871751,-8.4098237567348,-0.8061626208570641,-0.11877991168989936,-9.261403139210191,0.0477,0.852,-0.8068241071322844,-0.11707197408602456,-8.900841688540101,0.0483
1787476406.4689007,-0.7575331830165482,-0.11709077848435206,-8.393649021199035,-0.8016403666817148,-0.11118701949995999,-9.063124097986535,0.0445,0.669,-0.8004336559940373,-0.11051442277124102,-9.072102053463627,0.0434
1787476406.5980885,-0.7553792845724284,-0.11678477936795316,-8.572393492975857,-0.8078961619782491,-0.11636033891859635,-8.848149445479015,0.0525,0.276,-0.8116761220486511,-0.11806795917723424,-8.818333165788982,0.0563
1787476406.6596627,-0.7548568280621412,-0.11654291530964944,-8.671042955514487,-0.8048859232613281,-0.12239358673341802,-8.471706013515663,0.0504,0.199,-0.8047524359392395,-0.12296567001488644,-8.461028162040659,0.0503
1787476406.8037913,-0.7537675617020061,-0.11680060497157216,-8.924612135935524,-0.8173728039767756,-0.13026546503653474,-8.248159778238698,0.0650,0.676,-0.8248129438775991,-0.13315568248471557,-8.193557593844545,0.0729
1787476406.8607588,-0.753225650062725,-0.11733697125503596,-8.988094865762129,-0.818283329855809,-0.1324005950291496,-8.279340259327702,0.0668,0.709,-0.8248129438775991,-0.13315568248471557,-8.193557593844545,0.0733
1787476406.985972,-0.7526442469318151,-0.11778717095005062,-8.960010731493771,-0.8201111770386839,-0.12938137988144432,-8.428418037433591,0.0685,0.532,-0.8201886666062949,-0.12910133557699224,-8.43295601171734,0.0685
1787476407.0563269,-0.7524671474292498,-0.11742132657753417,-8.96581286715363,-0.8163514885282932,-0.127523132020258,-8.55377627097275,0.0647,0.412,-0.8143664899067821,-0.12672847385424177,-8.568608133545041,0.0626
1787476407.135398,-0.7522024046341145,-0.11671402857504104,-8.917317118044624,-0.8004320988339022,-0.11875259126729948,-9.0998987636139,0.0483,0.183,-0.7922877311379936,-0.11562664077694264,-9.154657505889613,0.0401
1787476407.2891898,-0.7516256930588759,-0.11458438130759453,-9.170742950526476,-0.7989955319523401,-0.12404950104671542,-9.044433622560495,0.0483,0.126,-0.7994437129212805,-0.12468097558854263,-9.033969110569478,0.0489
1787476407.3945029,-0.7504419478993011,-0.11375854360025853,-9.21779712801847,-0.7974351402357431,-0.12457262390855016,-9.120426911019429,0.0482,0.097,-0.7994437129212805,-0.12468097558854263,-9.033969110569478,0.0502
1787476407.4553337,-0.7497798618707725,-0.11378151135889962,-9.186646940182776,-0.8038326246146892,-0.12771914172130913,-8.609037373158104,0.0558,0.578,-0.8062902486331753,-0.12916348141886635,-8.575583524327739,0.0586
1787476407.5342734,-0.7491346512160745,-0.11397396950532557,-9.085407379446783,-0.8047249168456623,-0.1260305409158548,-8.911426311664101,0.0569,0.174,-0.8049781273735948,-0.12546306639530014,-8.922312105213715,0.0570
1787476407.6854832,-0.747518780686379,-0.11432556009461256,-8.444500969373617,-0.8044333682264737,-0.12688481254530282,-8.90291153925454,0.0583,0.458,-0.8045021538600614,-0.1269922805778148,-8.900862906743532,0.0584
1787476407.7536201,-0.7463264880985282,-0.11407446974456643,-8.055814184602848,-0.7985056009462099,-0.12545170018046742,-9.005202946155105,0.0534,0.949,-0.7969294116112329,-0.12495526622096746,-9.014696541947488,0.0518
1787476407.8940318,-0.743616839434328,-0.11269888386300693,-7.654146704994666,-0.7973461059573037,-0.12767692386695642,-8.838878688721104,0.0558,1.185,-0.797371227800686,-0.12821036184124202,-8.829132441981765,0.0559
1787476407.9590867,-0.7418187352562031,-0.11230362390637791,-7.549986259953701,-0.7973224893532885,-0.13513682130702045,-7.6005269899311365,0.0600,0.051,-0.7995321290208126,-0.13843961648640604,-7.532915504652343,0.0634
1787476408.0835838,-0.7381669375852126,-0.11228551816081944,-7.403568855725989,-0.7950978151184093,-0.1345069084748078,-7.349276179383832,0.0611,0.054,-0.7948881192355314,-0.13430492885860726,-7.35190905573585,0.0608
1787476408.1490839,-0.7364077039997051,-0.1127969710116967,-7.415583816004523,-0.8042617771090396,-0.1313150042174221,-6.911300586563266,0.0703,0.504,-0.8080700540845824,-0.13170208550088802,-6.897548019345236,0.0741
1787476408.297,-0.7335619594157865,-0.11379171568551999,-7.136291606459707,-0.804369623635961,-0.13195697751855912,-6.808750622114209,0.0731,0.328,-0.8080700540845824,-0.13170208550088802,-6.897548019345236,0.0766
1787476408.3669066,-0.7323022356840676,-0.11387566213142991,-6.927259054698799,-0.7892515606037868,-0.12622497168932914,-7.1797620601653165,0.0583,0.253,-0.7851050048374139,-0.12488632925837735,-7.204087058998414,0.0539
1787476408.4995542,-0.7295494491591327,-0.11324504597881498,-6.596422007673001,-0.7881614701554442,-0.12837789192507373,-6.93167835067994,0.0605,0.335,-0.7884798116085219,-0.12889228733789151,-6.921779489475475,0.0610
1787476408.5908756,-0.7282239262870037,-0.11274507881313739,-6.578166888890724,-0.7943267347236231,-0.13118898956804595,-6.64239608019181,0.0686,0.064,-0.7966826087579615,-0.13188839077125816,-6.629263307988042,0.0711
1787476408.6698093,-0.7273490023701942,-0.11255527491776918,-6.586677769214998,-0.7961330763118302,-0.13011658451348032,-6.446289532202788,0.0710,0.140,-0.797126999626892,-0.1301807941395593,-6.442415163927945,0.0720
1787476408.7409458,-0.726438697859635,-0.11270972256575582,-6.598147088598658,-0.7976866095947682,-0.1305637204955596,-6.320522044546586,0.0735,0.278,-0.7985681882713079,-0.1307861467962574,-6.3152432271390255,0.0744
1787476408.8879614,-0.7246805046850919,-0.11364151997861596,-6.389772835674654,-0.7999275133324951,-0.12990044804950535,-6.284493375193187,0.0770,0.105,-0.8011443409423075,-0.1299237349163466,-6.282957061004806,0.0782
1787476408.952328,-0.72388818136918,-0.11400357215054809,-6.09213517408571,-0.8002063772044715,-0.13022997508268613,-6.114433488770823,0.0780,0.022,-0.8011443409423075,-0.1299237349163466,-6.282957061004806,0.0789
1787476409.0964642,-0.7227056228379845,-0.11341188377968077,-6.039951468370223,-0.703966912067278,-0.10801478679884725,-6.779207004878492,0.0195,0.739,-0.6846747827684141,-0.10375355126782769,-6.854711192595689,0.0392
1787476409.1654997,-0.7220734334062815,-0.11274264914237409,-6.056210535369811,-0.6885026012388593,-0.10732630729540683,-6.8410873597238435,0.0340,0.785,-0.6859791394405693,-0.10704243203101185,-6.8478367369468085,0.0365
1787476409.3053126,-0.7218118072635145,-0.1123401481910838,-6.110510691603501,-0.6691879995738643,-0.10384984296021361,-6.760382422271376,0.0533,0.650,-0.7950746132109799,-0.13443853054427618,-5.63293924573627,0.0765
1787476409.3724048,-0.7216522639910392,-0.11252930437502612,-6.152739403799289,-0.7790593767745839,-0.14682704973555183,-4.736468461978939,0.0669,1.416,-0.7874938254954195,-0.15260579957295312,-4.62484410867363,0.0771
1787476409.4799945,-0.7215228873874291,-0.11403331893028534,-6.086530403610366,-0.7796746794036357,-0.15015491022041286,-4.518509337126131,0.0685,1.568,-0.7874938254954195,-0.15260579957295312,-4.62484410867363,0.0764
1787476409.6127682,-0.721214091622019,-0.11528847538692788,-5.866380781983273,-0.744737985412552,-0.13278288524446763,-5.217306548207849,0.0293,0.649,-0.7376790540479926,-0.1302734489452737,-5.259124901983036,0.0223
1787476409.6834674,-0.720756234202826,-0.11543217697830384,-5.8261083117349495,-0.7649270628267073,-0.1254032060832489,-5.965027169693447,0.0453,0.139,-0.7727510572178684,-0.12495900110505821,-5.976572489668995,0.0529
1787476409.753933,-0.720199567951717,-0.11529105398429224,-5.809662291150675,-0.7641091439221475,-0.12508445868167598,-5.888275271093981,0.0450,0.079,-0.7727510572178684,-0.12495900110505821,-5.976572489668995,0.0534
1787476409.8946195,-0.7192380564412728,-0.11467295370203218,-6.140527150856394,-0.7810878345274912,-0.13720816684268047,-5.296345140494644,0.0658,0.844,-0.7851214364811948,-0.1389066495600848,-5.2638423691672305,0.0702
1787476409.9604254,-0.7187941630787613,-0.11464778538515195,-6.425601005379381,-0.7678558283217032,-0.1306991848791042,-5.633636534582218,0.0516,0.792,-0.7619926563993835,-0.12845797145007543,-5.674012963140099,0.0454
1787476410.0930238,-0.7172992418003621,-0.11593815381777872,-6.366009080151993,-0.7612572422531668,-0.1293787630775781,-5.596409647470816,0.0460,0.770,-0.757855440855937,-0.12853951609587355,-5.610629495466638,0.0425
1787476410.1676502,-0.7166099593391627,-0.11685813470533257,-6.202568840532058,-0.7798517678817388,-0.13381823266399942,-5.444098702519761,0.0655,0.758,-0.7561025889179853,-0.12055036320952593,-6.133517511471835,0.0397
1787476410.2962618,-0.7153046529642755,-0.11806618497107849,-6.107890053244186,-0.764136973496557,-0.12388866817580653,-6.0729735222642836,0.0492,0.035,-0.7561025889179853,-0.12055036320952593,-6.133517511471835,0.0409
1787476410.3941965,-0.713705116154769,-0.11835093532863718,-6.037615172181603,-0.7628957629336642,-0.12269613513338769,-6.02167873622681,0.0494,0.016,-0.7561025889179853,-0.12055036320952593,-6.133517511471835,0.0425
1787476410.5121431,-0.7121809632762984,-0.11825362320202634,-6.265289817184505,-0.7743289079734395,-0.13441048341225859,-5.745929639218728,0.0642,0.519,-0.7767208581669534,-0.1355318444431503,-5.725372930192306,0.0668
1787476410.5837498,-0.7114179945268126,-0.11841472417559858,-6.275148716498422,-0.7736249867416534,-0.13898362905903644,-5.6360108197858105,0.0655,0.639,-0.7758614182291653,-0.13672286890075006,-5.6902853152352995,0.0670
1787476410.6654205,-0.7106195999955217,-0.11886412953282871,-6.296547370412148,-0.7754692527245711,-0.13713312223788113,-5.6839046936229165,0.0674,0.613,-0.7758614182291653,-0.13672286890075006,-5.6902853152352995,0.0676
1787476410.8036883,-0.7090139696188471,-0.12056846498676103,-6.168810093145264,-0.7767882357561098,-0.13862282781316967,-5.6052853124122874,0.0701,0.564,-0.7555453082955299,-0.1240375208783914,-6.100875877833756,0.0467
1787476410.8692017,-0.7083312034593425,-0.12141296652407188,-5.904933676981195,-0.7533612618547986,-0.12277543337606422,-6.33249064666408,0.0451,0.428,-0.7511214055266788,-0.12190891280201789,-6.348865713909739,0.0428
1787476410.961867,-0.707490205641711,-0.12154673851856705,-5.896024961776657,-0.7515128435204047,-0.1218350787057071,-6.340431714108734,0.0440,0.444,-0.7511214055266788,-0.12190891280201789,-6.348865713909739,0.0436
1787476411.1101127,-0.7055772442527405,-0.12087278412195199,-5.99567564372393,-0.7530568091085382,-0.11985896064806319,-6.54083365308829,0.0475,0.545,-0.746566611633673,-0.12231656628883951,-6.380614666083685,0.0410
1787476411.170664,-0.7046811078102071,-0.12036728886760874,-6.227311596225214,-0.7605573723499099,-0.12862789343278958,-5.716442837534017,0.0565,0.511,-0.7683246111336127,-0.13175412154740737,-5.660170603616117,0.0647
1787476411.2384458,-0.7038322330568413,-0.120125507598981,-6.244544536904553,-0.7601704812572604,-0.12872384792174607,-5.668712044995256,0.0570,0.576,-0.7481591983182071,-0.1245262865189993,-5.9748348424703455,0.0445
1787476411.395083,-0.7020376249071104,-0.12046243041735244,-6.2700202169301615,-0.748147802636081,-0.12795506224104836,-6.0525589436896245,0.0467,0.217,-0.7476028320468889,-0.12817075131195607,-6.050636237892594,0.0462
1787476411.47218,-0.7012109144976028,-0.12098406796748676,-6.124972155781151,-0.7464775914343862,-0.12798828188201766,-6.040027208780678,0.0458,0.085,-0.7476028320468889,-0.12817075131195607,-6.050636237892594,0.0469
1787476411.5579824,-0.7004472679160383,-0.12137745107951184,-5.857173821136565,-0.7452917862925219,-0.12296495408736341,-6.467835225658287,0.0449,0.611,-0.7448410218118005,-0.12228279830705584,-6.480173915651763,0.0444
1787476411.7022333,-0.6992812215218073,-0.12091002955079683,-5.880055810230587,-0.7392306351174397,-0.12561253099892636,-5.911178747138365,0.0402,0.031,-0.7390487444954164,-0.1264884369759106,-5.8920134177540575,0.0402
1787476411.768502,-0.6986682098722412,-0.12032255546208957,-6.018012420294901,-0.751661182152306,-0.13305014140923627,-5.60627988232256,0.0545,0.412,-0.7583140713066091,-0.13557196974910654,-5.558234018805962,0.0616
1787476411.8459957,-0.6981500972292937,-0.11977656055877528,-6.289299270284478,-0.751199962369934,-0.13385720728746123,-5.557723392277644,0.0549,0.732,-0.7583140713066091,-0.13557196974910654,-5.558234018805962,0.0622
1787476411.992689,-0.6966887127049325,-0.11973276313195397,-6.309115193599833,-0.7301954886677234,-0.1213852489748272,-6.117854516967753,0.0335,0.191,-0.725220642561086,-0.11950532716694474,-6.1500267400754405,0.0285
1787476412.0677826,-0.6959380783767237,-0.12013795657618646,-6.255505493228593,-0.7311296394383336,-0.12362113786477413,-6.48746719925693,0.0354,0.232,-0.7319072331748125,-0.11597598335891057,-6.6522210063799685,0.0362
1787476412.2096066,-0.6945971310049869,-0.12098869501271724,-6.022300159296906,-0.7314686163780167,-0.11718901698025705,-6.632685659874236,0.0371,0.610,-0.7319072331748125,-0.11597598335891057,-6.6522210063799685,0.0376
1787476412.2952726,-0.6938101892979577,-0.1210997321719832,-5.993234198959398,-0.7226351660965171,-0.12249906580490727,-6.3608913697843885,0.0289,0.368,-0.7215932230884141,-0.12297204536436115,-6.352663855802492,0.0278
1787476412.36568,-0.6929070720183761,-0.12083588356115402,-6.0028919745838225,-0.7251848915403013,-0.1220326967287862,-6.1575418040197665,0.0323,0.155,-0.7271204999365738,-0.12245981431502155,-6.148521224768566,0.0343
1787476412.4912415,-0.6912892000166573,-0.12012073813561702,-6.411312448853741,-0.7213681325907934,-0.12135034561383408,-6.1501768424763235,0.0301,0.261,-0.7271204999365738,-0.12245981431502155,-6.148521224768566,0.0359
1787476412.5571678,-0.6904108183183744,-0.12001209980532157,-6.422679384527252,-0.7215390550182157,-0.12357503284913969,-6.496960023792348,0.0313,0.074,-0.7217829578747494,-0.12365199744559102,-6.4968179793450265,0.0316
1787476412.7041469,-0.6886084350456099,-0.12052028167276578,-6.38842141934693,-0.722777306085753,-0.12247472835929561,-6.6822360456574765,0.0342,0.294,-0.7237681669671854,-0.12241329292289047,-6.685085382203721,0.0352
1787476412.7699578,-0.6878042417206086,-0.12104450333285315,-6.189522046180508,-0.720245254632153,-0.12211287071401057,-6.724631138137551,0.0325,0.535,-0.7161192808896306,-0.1304038957648843,-6.380519203022145,0.0298
1787476412.908155,-0.6847782021740368,-0.12150066287858996,-6.076627175706603,-0.7165577044655862,-0.1297628105150338,-6.391534260949976,0.0328,0.315,-0.7161192808896306,-0.1304038957648843,-6.380519203022145,0.0326
1787476412.9841096,-0.6831130070689443,-0.12129210597599416,-6.022803036266471,-0.7350063815175367,-0.13620624554154345,-5.895666527581355,0.0540,0.127,-0.7421988474139237,-0.1385310910359056,-5.849325526646129,0.0615
1787476413.060186,-0.6814430933930353,-0.12086905388809474,-6.064090251306685,-0.74738688576285,-0.14211484961740548,-5.629590495542112,0.0693,0.434,-0.7524348555283062,-0.14389297819956587,-5.594549508249377,0.0746
1787476413.1953006,-0.6785883263403832,-0.1203884449936266,-6.283551499806307,-0.75162217819251,-0.14555330557023016,-5.445418453057766,0.0772,0.838,-0.7527937292425215,-0.14606973181074973,-5.435193752703257,0.0785
1787476413.2572966,-0.6772658945169094,-0.12061004826416295,-6.296429806430185,-0.7550527591984617,-0.14930856781275706,-5.348022332126408,0.0829,0.948,-0.7527937292425215,-0.14606973181074973,-5.435193752703257,0.0797
1787476413.3880262,-0.6747034094478576,-0.12179901872973961,-6.16302946532659,-0.699455165826805,-0.13722386394667502,-5.458022592359386,0.0292,0.705,-0.690112275642219,-0.134799142924203,-5.495297260980682,0.0202
1787476413.4497144,-0.6739733090553344,-0.12237251517528905,-6.040422665279652,-0.7202525784573428,-0.13476650509465804,-6.02581540858166,0.0479,0.015,-0.7262318383294283,-0.1353740415385041,-6.018182725848236,0.0539
1787476413.5830598,-0.672314716764491,-0.12280059680325553,-5.696697781462496,-0.7189706897730296,-0.13516919145870643,-6.023517414800202,0.0483,0.327,-0.7262318383294283,-0.1353740415385041,-6.018182725848236,0.0554
1787476413.6655867,-0.671366161315248,-0.12264945120462925,-5.557268470146524,-0.6526816247947249,-0.10617315766784294,-6.713779394534725,0.0249,1.157,-0.651648462519667,-0.10643788646966258,-6.7059475057685605,0.0255
1787476413.7451415,-0.6704724176552471,-0.12230898407341409,-5.555716299704642,-0.7056852699965013,-0.13145384397684326,-5.417913160488764,0.0364,0.138,-0.7315673490899718,-0.14090264761161173,-5.248227297956558,0.0639
1787476413.889146,-0.6691939699720422,-0.12245715391915091,-5.688719117610261,-0.7236398065257714,-0.13580196461201963,-5.390331713599635,0.0561,0.298,-0.7303003253800363,-0.13746082003515342,-5.362818941736837,0.0629
1787476413.9482048,-0.6687473573499474,-0.12325562640637258,-5.706994364861779,-0.7245485120845837,-0.13674350467825214,-5.3405989167201025,0.0574,0.366,-0.7303003253800363,-0.13746082003515342,-5.362818941736837,0.0632
1787476414.0962675,-0.6684706656433123,-0.12496594411775501,-5.572371606135588,-0.7117676418948503,-0.14529929593166707,-4.7721835316359895,0.0478,0.800,-0.7092058658000331,-0.14549439407237383,-4.7666006995658625,0.0456
1787476414.1743727,-0.6685991537772816,-0.12546710474458903,-5.386708336595118,-0.7421000039448743,-0.14342536980514436,-5.176676671997766,0.0757,0.210,-0.7525852285550543,-0.14482090522264354,-5.152763635928134,0.0862
1787476414.254396,-0.6686206432488367,-0.12564156361097173,-5.196183807299728,-0.7315927633475907,-0.1394580122171436,-5.533251256820952,0.0645,0.337,-0.7252749250664795,-0.13721618215495227,-5.574177879502695,0.0578
1787476414.3963666,-0.668619635387579,-0.12534692164655728,-5.077335832025156,-0.7295336352665043,-0.1419103270238281,-5.208290648553229,0.0631,0.131,-0.7285085794243993,-0.14202156110893102,-5.204576569214991,0.0622
1787476414.4565322,-0.668718000697645,-0.1253270937609904,-5.201531316072355,-0.731412717890568,-0.14354512511018355,-5.139793548621644,0.0653,0.062,-0.7285085794243993,-0.14202156110893102,-5.204576569214991,0.0621
1787476414.589472,-0.6681625811280284,-0.12567678839512814,-5.208033440811044,-0.7170210390102638,-0.13391315259247463,-4.97061991479694,0.0495,0.237,-0.7144051867257109,-0.1329628883767706,-4.985341039904907,0.0468
1787476414.667825,-0.6678753091654824,-0.12621440125902011,-5.134365328688484,-0.7172178463135584,-0.13195203956747306,-5.104164200825174,0.0497,0.030,-0.7171879933047556,-0.13145308128454705,-5.114078242295013,0.0496
1787476414.743366,-0.6681510129383124,-0.12671466099057319,-5.091291441280181,-0.7183643624837288,-0.1287865973906103,-5.253352144991388,0.0503,0.162,-0.7177184302598554,-0.12901802199358003,-5.248945492619215,0.0496
1787476414.8932173,-0.6685482211115711,-0.12691620795268904,-4.802468680642708,-0.7095068284355528,-0.1315039195143655,-5.126370109255218,0.0412,0.324,-0.7068472256969015,-0.13139985860040698,-5.12813888239932,0.0386
1787476414.9742308,-0.6685920595940972,-0.12656367533430937,-4.641249465065419,-0.7231242497134428,-0.14033450335451741,-4.428223048865356,0.0562,0.213,-0.7288696808649997,-0.1428185678696339,-4.379644301483548,0.0624
1787476415.0621526,-0.6687026714007649,-0.12607152782933087,-4.615022378455966,-0.7237649191010573,-0.1412230061022048,-4.3413726966338535,0.0571,0.274,-0.7288696808649997,-0.1428185678696339,-4.379644301483548,0.0625
1787476415.199861,-0.6674883891365707,-0.1261781123137957,-4.968810201083382,-0.7111916437327959,-0.1327775961319741,-4.666875996835657,0.0442,0.302,-0.7081277223254363,-0.13151144881314877,-4.688368530413328,0.0410
1787476415.2748604,-0.6668238623768508,-0.12660135759077717,-5.129789531178676,-0.7080803698382738,-0.12229238775976488,-5.090150269740142,0.0415,0.040,-0.7062260079888443,-0.12132682863995932,-5.106182390983122,0.0398
1787476415.3483102,-0.6662203257302582,-0.12723791025411257,-5.170112973367607,-0.7070363040062216,-0.12094291102261245,-5.068779956314573,0.0413,0.101,-0.7056717273483214,-0.11959055989080591,-5.379449786304897,0.0402
1787476415.4735105,-0.6642519699116957,-0.1276709376587157,-5.096505962959464,-0.706039926759995,-0.11988484937806064,-5.373301348881756,0.0425,0.277,-0.7056717273483214,-0.11959055989080591,-5.379449786304897,0.0422
1787476415.6086862,-0.6620042422135506,-0.12716609186539812,-5.0471139965901894,-0.7025696355939263,-0.12946264128808152,-5.396657758573114,0.0406,0.350,-0.7026715442585189,-0.13020335084836815,-5.385973564760846,0.0408
1787476415.6757953,-0.6609068400439784,-0.1266565826839476,-5.171888965578059,-0.7098794272742168,-0.13818998226093182,-4.7728323495181115,0.0503,0.399,-0.7143319228913189,-0.1406614299655418,-4.724890849683702,0.0552
1787476415.8000214,-0.6589402612655754,-0.12632555431322837,-5.43466930455784,-0.7203789497246346,-0.14351726131880707,-4.6241892974350325,0.0638,0.810,-0.7262447706432861,-0.14566579514044287,-4.58400399141372,0.0700
1787476415.867041,-0.6579634712491996,-0.12661078669735826,-5.448171914207963,-0.7256506816576982,-0.14275229347187016,-4.639728094356965,0.0696,0.808,-0.7266976221284299,-0.14271900007580673,-4.639506878447121,0.0706
1787476416.0043616,-0.6564129652609906,-0.12742974018899117,-5.546902930075014,-0.7060824486421081,-0.13229929930525886,-5.213602242573348,0.0499,0.333,-0.695917191420774,-0.12827501062196475,-5.284471732058326,0.0395
1787476416.064568,-0.6559562448262127,-0.12756206306472828,-5.572553395061784,-0.698713795060902,-0.13067908588128876,-5.563016679061659,0.0429,0.010,-0.6966077042318763,-0.12997972365646862,-5.576509201134049,0.0407
1787476416.1815743,-0.6548010762827632,-0.12710823602413718,-5.586505562133039,-0.6961620993449154,-0.13024319679978014,-5.596740471648619,0.0415,0.010,-0.6966077042318763,-0.12997972365646862,-5.576509201134049,0.0419
1787476416.2560778,-0.654136055140111,-0.1265961030851248,-5.6294980835452835,-0.7208277102413458,-0.14943226379376046,-5.059518889519384,0.0705,0.570,-0.7218298757462868,-0.15012262452941547,-5.047413371532216,0.0717
1787476416.3999932,-0.6528254250384934,-0.12549407380797875,-5.833146140449968,-0.7218449651509462,-0.1511891856984061,-5.045397863470709,0.0736,0.788,-0.7218298757462868,-0.15012262452941547,-5.047413371532216,0.0733
1787476416.4720163,-0.6520930825537297,-0.12534875668087117,-5.871095461239753,-0.7038734658479873,-0.141288606767006,-5.390503902848052,0.0542,0.481,-0.6997517634284439,-0.13967562493466765,-5.417753432936211,0.0498
1787476416.609935,-0.6505726672967831,-0.1258521615294524,-5.853246015994222,-0.7139985765416531,-0.14563923633862594,-5.174635993794656,0.0664,0.679,-0.7178810701522463,-0.14699105947309005,-5.148216878792273,0.0705
1787476416.6913514,-0.649925462270795,-0.1262539463833569,-5.660653212812134,-0.7142837812151049,-0.14670153656075666,-5.1685429270141565,0.0675,0.492,-0.696617501840756,-0.13380797163933095,-5.833654610996817,0.0473
1787476416.7640595,-0.6492504236561123,-0.12638110727949806,-5.3696816640133544,-0.6954947415695344,-0.13406085757107788,-5.861060512307627,0.0469,0.491,-0.6928759614857523,-0.1332319987370696,-5.874841148826356,0.0442
1787476416.8945205,-0.6472322477248014,-0.12529950430021783,-5.435190582139022,-0.6934887961482256,-0.13358184243191795,-5.853754334659721,0.0470,0.419,-0.6929641191712403,-0.13346846394502146,-5.855174533270588,0.0465
1787476416.9681993,-0.646222530110238,-0.12451188158609396,-5.587222042398812,-0.7084479340899906,-0.14639139424032804,-5.200754033497639,0.0660,0.386,-0.714489278188055,-0.14919845238134963,-5.147517880867422,0.0726
1787476417.1131327,-0.6445508548347779,-0.12451745714238253,-5.636709587177172,-0.7123841609041254,-0.1502832026699792,-4.868038109956717,0.0726,0.769,-0.7143137517938729,-0.1513054467175122,-4.847508729466535,0.0747
1787476417.1945176,-0.643646076359169,-0.12494853494978977,-5.664960102663347,-0.7132049884718427,-0.14936745301369178,-4.8252328104427935,0.0737,0.840,-0.7131391896742375,-0.14910528296012987,-4.829152732685827,0.0736
1787476417.265848,-0.6427502871812448,-0.12561538809804976,-5.6197124852829825,-0.7111810812706811,-0.1479500638910792,-5.073444010375397,0.0720,0.546,-0.7098480688037626,-0.1471726107030094,-5.089335281220733,0.0705
1787476417.3886256,-0.6411772371270665,-0.1267388234039919,-5.377176609751802,-0.7116639756099395,-0.14940933429038852,-5.051734030948734,0.0740,0.325,-0.7098480688037626,-0.1471726107030094,-5.089335281220733,0.0716
1787476417.458079,-0.640296645787155,-0.126903033248626,-5.352506320030684,-0.7002489319289039,-0.14372696447242883,-5.2892464712400376,0.0623,0.063,-0.6894541920507252,-0.1322269206951566,-5.669344398620031,0.0494
1787476417.5929942,-0.6383601195240726,-0.12648033628426814,-5.45103435699554,-0.7052505262111786,-0.1473067309550679,-4.927722553092709,0.0701,0.523,-0.7148818790250059,-0.1526876249534121,-4.825923723726835,0.0809
1787476417.6643264,-0.6375057107526776,-0.1262047872557915,-5.6994148829390525,-0.7050640697428167,-0.14834338575994457,-4.893649001130142,0.0711,0.806,-0.7148818790250059,-0.1526876249534121,-4.825923723726835,0.0818
1787476417.7381601,-0.6366229940542185,-0.12611495158449107,-5.711859922634694,-0.7056735188138753,-0.15075100954725906,-4.790197753815935,0.0733,0.922,-0.7034459230650443,-0.14985365234700376,-4.806806003507583,0.0709
1787476417.8889945,-0.6347742685625232,-0.12682673928586297,-5.69926039999882,-0.6893753462808211,-0.14034595505709915,-5.295704152111515,0.0562,0.404,-0.7038441080126759,-0.14410181478306192,-5.276064780119106,0.0712
1787476417.9650095,-0.6339233800088687,-0.12746563168906974,-5.529786029489981,-0.6981368104965623,-0.14245454139251307,-5.307090977064103,0.0659,0.223,-0.7038441080126759,-0.14410181478306192,-5.276064780119106,0.0719
1787476418.040854,-0.6331152899934469,-0.12792423499815267,-5.238099336042738,-0.7021856516554709,-0.1427018130644741,-5.377405412076851,0.0706,0.139,-0.7037257245803371,-0.14304681703878727,-5.370951961095537,0.0722
1787476418.191377,-0.6310151809363359,-0.12753755772993938,-5.304878130059023,-0.7024291477104788,-0.1496467480915534,-5.062948373139564,0.0748,0.242,-0.7033366998357341,-0.1508511295681379,-5.041030091029871,0.0760
1787476418.2624853,-0.6299306909410298,-0.12696281468532106,-5.4846803116871365,-0.6867305407830371,-0.14035619572471264,-5.155039571192291,0.0584,0.330,-0.6819993183777083,-0.1384768405645627,-5.1851435508893475,0.0533
1787476418.3844476,-0.6279894492332218,-0.12634168497344747,-5.827764335916187,-0.6836295328197737,-0.13974345574023,-5.148947855908785,0.0572,0.679,-0.6819993183777083,-0.1384768405645627,-5.1851435508893475,0.0554
1787476418.4589882,-0.6270263725243264,-0.1264535791243614,-5.8780749308218745,-0.6977601292697813,-0.15229302688971177,-4.786852068088808,0.0753,1.091,-0.7049845425384992,-0.14709258939513362,-5.012992798539682,0.0806
1787476418.610792,-0.6252570935129635,-0.12755844054661605,-5.753379963087947,-0.7041156818613985,-0.14558712314803876,-5.395678044340168,0.0809,0.358,-0.7039322824588645,-0.14486624818906255,-5.411872220783164,0.0806
1787476418.6841574,-0.6247890456945882,-0.12783864278418708,-5.736659778909264,-0.7046172504341768,-0.14568614359417387,-5.417952537955952,0.0818,0.319,-0.6797595859649989,-0.1314823601084285,-5.957647543485085,0.0551
1787476418.7600758,-0.6242184769179062,-0.1278127123996948,-5.701862227753682,-0.6854009719627866,-0.13372400680122012,-5.919189964916565,0.0615,0.217,-0.6797595859649989,-0.1314823601084285,-5.957647543485085,0.0557
1787476418.8874857,-0.6229044440276255,-0.12699221496881466,-5.7959962667939795,-0.6816140982723241,-0.13945732010659112,-5.707104708469497,0.0600,0.089,-0.6818180878841965,-0.14009840458720899,-5.695915736009815,0.0604
1787476418.9471118,-0.6223468633765077,-0.1265123389901544,-6.0205688496347225,-0.6896673232891213,-0.1490532554733784,-5.223378312468637,0.0710,0.797,-0.6940469815069473,-0.1514360019807257,-5.1784703262956,0.0759
1787476419.0898051,-0.6209190612785385,-0.12641592405783794,-6.054317284112902,-0.6886525878495218,-0.1499348141721992,-5.218567425069264,0.0717,0.836,-0.6940469815069473,-0.1514360019807257,-5.1784703262956,0.0773
1787476419.1742103,-0.620190961231207,-0.12684542473601418,-6.037316812110107,-0.6930084358361668,-0.15117033406519628,-5.209132044380197,0.0768,0.828,-0.6941274047106155,-0.15151386335815661,-5.202665443543769,0.0779
1787476419.3111737,-0.6189722342747171,-0.12802412642903388,-5.567773898707699,-0.6892236591863616,-0.14927504123070776,-5.563172797202147,0.0734,0.005,-0.6882857401705048,-0.14873078400107234,-5.574623065293989,0.0723
1787476419.37833,-0.6181954935187677,-0.12824687871357185,-5.558332966279711,-0.6877849798480774,-0.1498093105728022,-5.4104011415627,0.0729,0.148,-0.6873886534543717,-0.1499145784552332,-5.406825330249451,0.0725
1787476419.4992821,-0.6164219162578974,-0.1279078709789862,-5.614805041414215,-0.6866876710625416,-0.1505766790652985,-5.421940022498461,0.0738,0.193,-0.6873886534543717,-0.1499145784552332,-5.406825330249451,0.0743
1787476419.5720189,-0.6155827922578179,-0.12753861616100043,-5.796571430955852,-0.6903302436526463,-0.1550332575684687,-4.987934592493897,0.0796,0.809,-0.6913767786356878,-0.15564196972419134,-4.975282887691165,0.0808
1787476419.7118526,-0.613936054922027,-0.12737550052239022,-5.853930038963562,-0.6871925143649632,-0.15446828734751045,-4.958322795986228,0.0781,0.896,-0.6873226255641206,-0.15434468982753607,-4.959795153910683,0.0782
1787476419.7797446,-0.61305585483288,-0.12773924234023354,-5.882013151772312,-0.6865148836513248,-0.15538108433108674,-4.933566358130612,0.0785,0.948,-0.6899542992415036,-0.14290396895739232,-5.523380597775367,0.0784
1787476419.9077027,-0.6114440987047973,-0.12886595986730812,-5.649937109252084,-0.6898975640668549,-0.1441784022523801,-5.498536949005765,0.0799,0.151,-0.6899542992415036,-0.14290396895739232,-5.523380597775367,0.0798
1787476419.974264,-0.6106938233079738,-0.129263704605801,-5.374041351428576,-0.6856922365944443,-0.14786041515788928,-5.390652090076874,0.0773,0.017,-0.6882509094400525,-0.15511278782277452,-5.062622302229741,0.0818
1787476420.1045434,-0.6087662740610615,-0.1287804038889941,-5.382743727511363,-0.6867249233931787,-0.1534194915368773,-5.096086609770355,0.0818,0.287,-0.6882509094400525,-0.15511278782277452,-5.062622302229741,0.0837
1787476420.1733103,-0.6077530581025817,-0.12815928640597432,-5.474471835853004,-0.6821559799251439,-0.15357008435671693,-4.797880225001136,0.0786,0.677,-0.6821149203660533,-0.15556615736458473,-4.710229412862225,0.0793
1787476420.304026,-0.6059387142640046,-0.127105181911671,-5.737265333628241,-0.6818492222017579,-0.1551620738780579,-4.7181510745108834,0.0809,1.019,-0.6821149203660533,-0.15556615736458473,-4.710229412862225,0.0813
1787476420.375304,-0.6050115115823966,-0.12695007958899135,-5.7629547517345,-0.6788660516232982,-0.15180002926430666,-4.792849909983031,0.0779,0.970,-0.6826803713906913,-0.14932185688379235,-4.953061548096756,0.0808
1787476420.4532669,-0.6041028099347961,-0.127272433541112,-5.78521130710327,-0.6819080118970376,-0.150752676738381,-5.248754853447386,0.0813,0.536,-0.6822226683727286,-0.15078532752829882,-5.251086343734596,0.0816
1787476420.6035972,-0.6024861752404599,-0.12829102106390405,-5.436765494066629,-0.6813175375956744,-0.1508567558471178,-5.255570455273064,0.0820,0.181,-0.6822226683727286,-0.15078532752829882,-5.251086343734596,0.0828
1787476420.6716886,-0.6019650945602447,-0.1284515875044472,-5.244651679941365,-0.678436414728818,-0.15126071018731424,-5.268724541059623,0.0798,0.024,-0.6777526655422088,-0.15112421701320342,-5.271517252846638,0.0791
1787476420.8036387,-0.6007651827381629,-0.1277842206968741,-4.799730403679459,-0.6771809063932973,-0.14789743661899069,-4.975442158902102,0.0790,0.176,-0.6771242891280097,-0.14774547934993723,-4.9762267044590685,0.0789
1787476420.8785856,-0.6003663814619801,-0.12783181158195334,-4.8133839544641575,-0.679677017442153,-0.1513595355357484,-4.6753326008800125,0.0827,0.138,-0.6816430097123409,-0.15268724420022586,-4.647695210681262,0.0850
1787476420.9957354,-0.5994068005282429,-0.12848006511400975,-5.046849152565334,-0.6788924902061434,-0.15158222910792557,-4.625492531176935,0.0828,0.421,-0.6816430097123409,-0.15268724420022586,-4.647695210681262,0.0857
1787476421.066707,-0.5988774660719091,-0.12914528515243903,-5.1594535151629595,-0.674225215785858,-0.15636829483593015,-4.289770601111089,0.0801,0.870,-0.6737144331290232,-0.15660275633582663,-4.284930047881752,0.0797
1787476421.2109668,-0.597820605009657,-0.13132516069176875,-4.843737307854971,-0.6599476696001985,-0.14516620109543235,-4.636838736468893,0.0637,0.207,-0.6536499798882925,-0.142032239151165,-4.690470062990541,0.0568
1787476421.2737489,-0.5971855310800807,-0.13201969617984224,-4.818692049558184,-0.6573968555436972,-0.14442161514532229,-4.611472890719567,0.0615,0.207,-0.6536499798882925,-0.142032239151165,-4.690470062990541,0.0573
1787476421.4112132,-0.595665793738887,-0.13264258733427836,-4.774418495428016,-0.6558214350953115,-0.1372912396490187,-5.190857864391471,0.0603,0.416,-0.6553433703409641,-0.13650052472271543,-5.205408347948199,0.0598
1787476421.500108,-0.5948687231941185,-0.13263833672116593,-4.85373334054006,-0.6539734134357493,-0.13403654685519523,-5.4155523400409775,0.0591,0.562,-0.6541266217176103,-0.13381019619865636,-5.42054804313705,0.0593
1787476421.5792134,-0.594188247649901,-0.1326544615925109,-5.109746651859981,-0.671587323596508,-0.15721980514971007,-4.216511525163252,0.0812,0.893,-0.6749900994291983,-0.15830724516674707,-4.196545638658558,0.0848
1787476421.6468644,-0.5929936206583446,-0.13309119384896098,-5.460570150613038,-0.6641613774320556,-0.1472925336782295,-4.910004848092047,0.0726,0.551,-0.6609855323552375,-0.14501615224712794,-4.950982326118889,0.0690
1787476421.7928834,-0.5904240934522565,-0.13487108398175562,-5.968483403712911,-0.6630249289676122,-0.14708152409670677,-4.908346189931656,0.0736,1.060,-0.6609855323552375,-0.14501615224712794,-4.950982326118889,0.0713
1787476421.8669755,-0.5892230334274237,-0.13595000095640913,-6.075906174673565,-0.6500735113054846,-0.13623869744443023,-5.705509889595933,0.0609,0.370,-0.6501909789096598,-0.133862980124477,-6.082609606752124,0.0610
1787476422.000232,-0.586961792453473,-0.136801622115091,-6.0370461238919555,-0.6497784091558306,-0.1341638106222515,-6.073442517265517,0.0629,0.036,-0.6501909789096598,-0.133862980124477,-6.082609606752124,0.0633
1787476422.0713298,-0.5857168809682523,-0.1367501990902018,-6.014236116529702,-0.666161527685611,-0.1574005709062008,-5.542862377152444,0.0831,0.471,-0.674164476707772,-0.1621106600019108,-5.456889090423636,0.0920
1787476422.2056053,-0.5833728784189398,-0.13630202536509572,-6.330575893997078,-0.6709992749752635,-0.16090940197437978,-5.458333092997576,0.0910,0.872,-0.6728940276973525,-0.16168234080271654,-5.443472001384903,0.0930
1787476422.2872832,-0.5823149183297416,-0.13635749557088925,-6.339960582586686,-0.6747956850709502,-0.15949369803754926,-5.509661765618767,0.0953,0.830,-0.6757072323831605,-0.1593729868626587,-5.51127235679406,0.0962
1787476422.3509803,-0.5812268829299775,-0.1367255067784337,-6.35085803756926,-0.6758473872831947,-0.1611761782068853,-5.7001327268115665,0.0977,0.651,-0.6759692742959852,-0.16118570218705566,-5.701525308854393,0.0978
1787476422.492361,-0.5790907423049992,-0.1380874001063431,-6.166972499054435,-0.672328850765173,-0.15544080918692124,-5.89312290837211,0.0948,0.274,-0.670715098111711,-0.15443374437138846,-5.9111113498296755,0.0931
1787476422.567418,-0.5785860101666259,-0.1385337411659705,-6.149718188825364,-0.6686267782607185,-0.15215538528088365,-5.932432149364635,0.0911,0.217,-0.6670063989469217,-0.15137239781020873,-5.945844674574472,0.0893
1787476422.6916864,-0.5772756752399927,-0.13856570090740858,-6.081015163770553,-0.6685324435852065,-0.15226156204156158,-5.996604054745581,0.0923,0.084,-0.6670063989469217,-0.15137239781020873,-5.945844674574472,0.0906
1787476422.756417,-0.576560389612234,-0.13827958298093898,-6.1242166950036605,-0.6667524561795529,-0.16297506994782518,-5.628170811656357,0.0935,0.496,-0.6671029746181761,-0.16389182642884736,-5.611021126183208,0.0941
1787476422.884686,-0.5757802518678328,-0.13763404047375927,-6.422927201047331,-0.66631783949982,-0.1651331095031284,-5.665262935969683,0.0946,0.758,-0.6671029746181761,-0.16389182642884736,-5.611021126183208,0.0950
1787476423.0132158,-0.5753773878727529,-0.13790596110513478,-6.662352976984971,-0.6699165978568553,-0.16563690107249981,-5.524516419919125,0.0985,1.138,-0.6330946739120057,-0.1703481191194928,-5.554468610338264,0.0662
1787476423.0735276,-0.5751826277408777,-0.13836429253597354,-6.7048243048016705,-0.6527285795798364,-0.16705447142067173,-5.554329457134233,0.0827,1.150,-0.6330946739120057,-0.1703481191194928,-5.554468610338264,0.0662
1787476423.1529756,-0.5750653920475716,-0.13889071388038698,-6.636524294175237,-0.6221075165182355,-0.16767311553906292,-6.0236921332527995,0.0551,0.613,-0.6009390377338653,-0.14805628064924237,-6.310475982015008,0.0274
1787476423.2981277,-0.5740666901444338,-0.13919757570293753,-6.587331167230314,-0.5837513443261267,-0.11443314903762086,-7.2303139520329385,0.0266,0.643,-0.5673578289083933,0.007923160003548256,-8.718160006513456,0.1473
1787476423.364836,-0.5734233345473565,-0.13894407203459214,-6.5908552122550805,-0.5603239744712499,-0.08472812715707742,-7.433456164080896,0.0558,0.843,-0.5492575440206585,-0.038782482684934706,-7.9977580089496705,0.1030
1787476423.4980056,-0.5722835145270057,-0.13814830278821824,-6.944320301055647,-0.5430983312872053,-0.07357685717108726,-7.637571960279198,0.0709,0.693,-0.5492575440206585,-0.038782482684934706,-7.9977580089496705,0.1020
1787476423.5563953,-0.5717586197871974,-0.13800281464461187,-7.238061311567165,-0.5491784618127691,-0.057016237643269185,-7.860877773247042,0.0841,0.623,-0.5638381306684102,0.018337574463446225,-9.08393207327729,0.1565
1787476423.7136736,-0.5691720261242406,-0.13977348868799488,-6.99818394073503,-0.5546595345255955,-0.02460141201084829,-8.565007508990863,0.1161,1.567,-0.5638381306684102,0.018337574463446225,-9.08393207327729,0.1582
1787476423.770011,-0.5683743600011802,-0.1406068046565317,-6.747602402685643,-0.5382575906551137,-0.004132223691558836,-8.892154631043649,0.1398,2.145,-0.5638381306684102,0.018337574463446225,-9.08393207327729,0.1590
1787476423.8947184,-0.5668703207971759,-0.14150591492177922,-6.662877679604624,-0.5420253122854658,0.019703698529155204,-9.287848893134127,0.1631,2.625,-0.5457108496393748,0.01062881681914453,-9.174216310322361,0.1536
1787476423.9507685,-0.5659955548976449,-0.14157608412394687,-6.6035090557626575,-0.5339447932394996,0.032362110027072365,-9.477433652824113,0.1769,2.874,-0.5457108496393748,0.01062881681914453,-9.174216310322361,0.1536
1787476424.1070683,-0.564142499879408,-0.14118687322353665,-6.65215617836149,-0.5588744609345293,-0.026139342143919747,-8.068290059330335,0.1152,1.416,-0.5733111084306186,-0.12603667658536036,-6.8376978094708445,0.0177
1787476424.204092,-0.5633387385932173,-0.14097795088456494,-6.889994890857459,-0.5695934327353035,-0.07369964026001896,-7.46862209308205,0.0676,0.579,-0.5936265713488383,-0.19043857971975203,-5.994965694077687,0.0580
1787476424.2712493,-0.562504377020744,-0.14114393277749376,-7.165341822666945,-0.5488908798907752,-0.06498709796393223,-7.689387892459239,0.0774,0.524,-0.5414051564720268,-0.05782052153328511,-7.780144484398685,0.0860
1787476424.3960092,-0.5614984292149909,-0.14203812497873325,-8.023979912558332,-0.541288711927854,-0.06138684701375895,-7.778612033032511,0.0831,0.245,-0.5739857793331586,-0.14758417413651279,-7.037158868288582,0.0137
1787476424.4604027,-0.5611293180750943,-0.1425506924483321,-8.261303148915836,-0.5634467049621664,-0.0967582582357481,-7.664047032883658,0.0459,0.597,-0.5739857793331586,-0.14758417413651279,-7.037158868288582,0.0138
1787476424.605313,-0.5591208052623731,-0.14274883014358328,-8.244514537437295,-0.5580948126362091,-0.09850614066463545,-7.768759522107979,0.0443,0.476,-0.5739857793331586,-0.14758417413651279,-7.037158868288582,0.0156
1787476424.663245,-0.558292871682099,-0.14238262465872223,-8.26417078336457,-0.5580948126362091,-0.09850614066463545,-7.768759522107979,0.0439,0.495,-0.5739857793331586,-0.14758417413651279,-7.037158868288582,0.0165
1787476424.789589,-0.5567722592576602,-0.14134545560048195,-8.636045685488902,-0.5875761164726274,-0.1253399749004546,-8.090748470889938,0.0347,0.545,-0.546888840346207,-0.057559912665415304,-9.43362907701086,0.0844
1787476424.8600857,-0.5559550974853823,-0.1412271320547115,-8.651201632464232,-0.555129813250936,-0.08977647154856629,-8.994367820600807,0.0515,0.343,-0.5453891013198555,-0.06268992729001786,-9.334356067369825,0.0792
1787476425.0013907,-0.5542671166108134,-0.141881756347841,-8.646372573444582,-0.5545013339171848,-0.08537575920737084,-9.126386386741432,0.0565,0.480,-0.5345369374906278,-0.0441613888695652,-10.04691478072951,0.0997
1787476425.0694737,-0.5534919887471702,-0.14247757328487043,-8.509575386249283,-0.545660469504688,-0.07605045065219626,-9.64292461067652,0.0669,1.133,-0.5345369374906278,-0.0441613888695652,-10.04691478072951,0.1001
1787476425.2060428,-0.5521673273990307,-0.14314569172445626,-8.31366155866994,-0.5337943854592538,-0.05575837447509077,-9.789769180394478,0.0893,1.476,-0.5238871237508758,-0.008015295745163381,-10.388230455323011,0.1381
1787476425.2778592,-0.5515830668966334,-0.1430454086029719,-8.263086915900786,-0.5472082180212218,-0.07813777084453138,-9.09810252094236,0.0651,0.835,-0.568116796800274,-0.1539716831823184,-8.121735454260683,0.0198
1787476425.4127898,-0.5506162179999725,-0.14265207031123803,-8.240414303346201,-0.5612643319494509,-0.09946981432628484,-8.695833900543935,0.0445,0.455,-0.5802586947328194,-0.1672754315362372,-7.827216117539445,0.0385
1787476425.4851787,-0.5502509780187227,-0.1423548922321955,-8.249209837794629,-0.5371084554235911,-0.08035830966645346,-9.14590225369353,0.0634,0.897,-0.5184004971898875,-0.03645661029700284,-9.705935943662361,0.1106
1787476425.552013,-0.5499685270431,-0.14200259093099252,-8.2544830916313,-0.5606372888806553,-0.0982559756580929,-8.745414315488276,0.0450,0.491,-0.5971171377789604,-0.17075666156091152,-7.783218301652311,0.0552
1787476425.6861434,-0.5496577280459091,-0.14116138858689492,-8.268420108888806,-0.568243372767458,-0.11538244165017977,-8.503469264341021,0.0318,0.235,-0.5785953128635276,-0.16417077250402007,-7.885159535950789,0.0370
1787476425.752745,-0.5496318939746836,-0.1406746167338118,-8.27947889430122,-0.5804310125118892,-0.12947798385822565,-8.267540723431575,0.0328,0.012,-0.5970243270984829,-0.17576798852946626,-7.6673199556890665,0.0590
1787476425.8980618,-0.549977228868206,-0.14006699840312356,-8.239582738419811,-0.5769278538757319,-0.14165488965010742,-8.151032945509533,0.0270,0.089,-0.5772242378213285,-0.17216033129672076,-7.777698317287853,0.0421
1787476425.9696128,-0.5502988565075169,-0.13988225692211376,-8.218748723761966,-0.5769746365119138,-0.14170456293794484,-8.148314765805257,0.0267,0.070,-0.5772242378213285,-0.17216033129672076,-7.777698317287853,0.0420
1787476426.043221,-0.5507241577929286,-0.1397954270231832,-8.199151941962155,-0.5906573320192734,-0.1592256451119703,-7.899865211659342,0.0444,0.299,-0.604416851825513,-0.20538750738439296,-7.308835160003579,0.0848
1787476426.1892471,-0.5518832723114386,-0.1398427638183409,-8.158938341338622,-1.0223110161800877,-0.4392034345551848,-1.2457774777467856,0.5576,6.913,-1.1798597870324445,-0.4983983543478132,-1.710044400701271,0.7231
1787476426.2594953,-0.552306704134781,-0.14002036005310708,-8.145454347846602,-0.9621947654862307,-0.5060925437054575,-2.1950277363329835,0.5496,5.950,-0.8650972856602773,-0.6670035601165503,-0.42942421994784113,0.6128
1787476426.3949993,-0.5528160556524504,-0.14050592096849915,-8.134161107692528,-0.9625666197065053,-0.5065032878592389,-2.1627331515523474,0.5494,5.971,-0.8650972856602773,-0.6670035601165503,-0.42942421994784113,0.6121
1787476426.4656034,-0.552938450119671,-0.14077426888515612,-8.12838634781486,-0.7274952936962295,-0.43989869849562924,-4.304313983453786,0.3463,3.824,-0.5811868781259674,-0.1534805683332989,-7.9164794582490385,0.0310
1787476426.6067607,-0.5528929441050604,-0.14110567457636847,-8.12161310792267,-0.6583930700970848,-0.3804142322728654,-4.930583279033282,0.2615,3.191,-0.5930370560713392,-0.19073319744487255,-7.380860899910379,0.0638
1787476426.6884186,-0.5528377951412172,-0.14120564778317507,-8.119627674288433,-0.6300590399612508,-0.33031315971666286,-5.5506315714968855,0.2043,2.569,-0.5905656281285242,-0.18010218511641926,-7.467099419832412,0.0542
1787476426.775777,-0.552784812068392,-0.14127430339357122,-8.118206001867584,-0.615397675596365,-0.2944521361806929,-6.000592557270388,0.1655,2.118,-0.5822041191682308,-0.18345334959902376,-7.456629637943713,0.0514
1787476426.844678,-0.552738352739689,-0.14132383872013515,-8.11709952740103,-0.6034339059887875,-0.2694857220556821,-6.359836208560038,0.1378,1.757,-0.5822041191682308,-0.18345334959902376,-7.456629637943713,0.0514
1787476427.011691,-0.5526701013066526,-0.14139283804606234,-8.115231071646926,-0.5960761712504185,-0.2510455290264683,-6.6679239374873704,0.1179,1.447,-0.5860425992618042,-0.1993414511526519,-7.3210978994908,0.0669
1787476427.0845838,-0.5526477345839828,-0.1414194895245368,-8.1142438836535,-0.5853533565090121,-0.22023550301634315,-7.069250052377353,0.0853,1.045,-0.5763353551594006,-0.1506480164941464,-7.910929570304053,0.0254
1787476427.150182,-0.5526323600687689,-0.14144279090853507,-8.112608537839723,-0.5869082598763168,-0.1906064049941209,-7.404540651954562,0.0599,0.708,-0.5863802520991811,-0.13180659837595526,-8.103737496284168,0.0351
1787476427.2888741,-0.5526340029701419,-0.14147763336952587,-8.105856642428154,-0.5869352928646651,-0.1905692063598444,-7.41335064974217,0.0599,0.693,-0.5863802520991811,-0.13180659837595526,-8.103737496284168,0.0351
1787476427.3731947,-0.5526537007153729,-0.14150577014501084,-8.099732772354768,-0.5869836382304906,-0.19055399438015014,-7.420932982750678,0.0599,0.679,-0.5863802520991811,-0.13180659837595526,-8.103737496284168,0.0351
1787476427.4739168,-0.5526738386039449,-0.14153094288725743,-8.094398824086838,-0.5848410711849081,-0.18080251018936827,-7.470343448565179,0.0508,0.624,-0.5816754676898275,-0.16167664605290172,-7.710351485267654,0.0353
1787476427.5595286,-0.5526802460153167,-0.14154314437981486,-8.092030498227915,-0.5915620508308645,-0.17885174128088796,-7.478633894616607,0.0539,0.613,-0.5972600168462378,-0.1757096300175583,-7.5051288961775064,0.0562
1787476427.6430745,-0.5526853073692124,-0.14155483219901066,-8.089810390688564,-0.5878498325126833,-0.16958857817565243,-7.606115812058704,0.0450,0.484,-0.5925786374448544,-0.1660727914753775,-7.635429777073518,0.0468
1787476427.7341676,-0.5526894647707081,-0.1415659117333164,-8.08773387516874,-0.5871018759443319,-0.16545201695669504,-7.6725125549607025,0.0419,0.415,-0.5829868736831602,-0.15570845467846245,-7.8001898166725,0.0334
1787476427.878354,-0.5526961275703429,-0.14158596778521962,-8.083951771990955,-0.5871246339124525,-0.16546006179517753,-7.674867454200704,0.0419,0.409,-0.5829868736831602,-0.15570845467846245,-7.8001898166725,0.0334
1787476428.0084424,-0.5527014386619148,-0.14160318556670332,-8.080617766999852,-0.5747408780516196,-0.15726782402101241,-7.7910366893119205,0.0270,0.290,-0.5645599819325263,-0.13513061816770763,-8.08330714758847,0.0135
1787476428.0658593,-0.5527037536683636,-0.14161078439206168,-8.079105065377103,-0.5747309164156948,-0.157269365210484,-7.79397347220485,0.0270,0.285,-0.5645599819325263,-0.13513061816770763,-8.08330714758847,0.0135
1787476428.200164,-0.5527078572979311,-0.14162414757891154,-8.076383240953545,-0.5764007040871217,-0.15845265273685558,-7.753382875556159,0.0291,0.323,-0.5776016254872545,-0.1613450210845296,-7.715461729913877,0.0318
1787476428.283161,-0.5527096811159616,-0.1416299950597463,-8.075163931311474,-0.5750508121858273,-0.15772142136885342,-7.762467052833398,0.0275,0.313,-0.5736682033898822,-0.1556372439372968,-7.79078721809405,0.0252
1787476428.359306,-0.5527113695126831,-0.14163534276323678,-8.074018845969748,-0.5787884765202176,-0.1610830374106758,-7.691072161418208,0.0325,0.383,-0.5723897949855268,-0.15611532570648667,-7.777698710474009,0.0244
1787476428.492792,-0.552714377247597,-0.14164468342087,-8.071969285620174,-0.5758093075478253,-0.1600707719646405,-7.722034566708668,0.0295,0.350,-0.5723897949855268,-0.15611532570648667,-7.777698710474009,0.0244
1787476428.5569508,-0.552715713009561,-0.14164874755982887,-8.071055266888282,-0.5758553693294823,-0.16010366747766785,-7.722575641647144,0.0296,0.348,-0.5862074579737602,-0.16842971010948302,-7.603939394513082,0.0429
1787476428.6990552,-0.5527180854333497,-0.14165582713115868,-8.06940600533914,-0.5849947046552635,-0.15899668745266476,-7.743631009953923,0.0366,0.326,-0.5872684767963635,-0.1506421382914855,-7.841093230069887,0.0357
1787476428.7730343,-0.5527191357535777,-0.14165889958661768,-8.068662130730287,-0.5850411411697808,-0.15900987171085879,-7.744190637647453,0.0367,0.324,-0.5872684767963635,-0.1506421382914855,-7.841093230069887,0.0357
1787476428.8538191,-0.5527200992634239,-0.14166169960290448,-8.067975328306153,-0.5884773537286001,-0.15459884924505224,-7.773734005412369,0.0380,0.294,-0.5899027130528294,-0.14501941174517308,-7.887366531126916,0.0373
1787476429.002729,-0.5527218122858855,-0.1416665449052018,-8.066742304634841,-0.5828131655490036,-0.1520982144397357,-7.793040434109542,0.0318,0.274,-0.5779788116261239,-0.14491068119558004,-7.890864620995685,0.0255
1787476429.079378,-0.5527225675999043,-0.14166863545036978,-8.066194516652425,-0.5849231745898187,-0.14940188203593097,-7.844145095619379,0.0331,0.222,-0.5861114535990466,-0.1427057518290402,-7.923461874331322,0.0334
1787476429.1533086,-0.5527232634826859,-0.14167052990620288,-8.065674820186336,-0.584603020506071,-0.15453043489887233,-7.789690797013053,0.0344,0.276,-0.5855241938127146,-0.1679618595389412,-7.623984627496233,0.0420
1787476429.2800217,-0.5527244941352201,-0.14167378803229952,-8.064749197597154,-0.5846388019346903,-0.1545552997702609,-7.789943750147666,0.0344,0.275,-0.5855241938127146,-0.1679618595389412,-7.623984627496233,0.0420
1787476429.3535826,-0.5527250375569268,-0.1416751711823434,-8.064329642677544,-0.5842698487677269,-0.15350865444768289,-7.787093673050109,0.0337,0.277,-0.5858960149813741,-0.15750454260488256,-7.733462380343291,0.0368
1787476429.4486473,-0.5527255390748135,-0.14167639685555822,-8.063913316633402,-0.5862758751640138,-0.14964895911246495,-7.823715913148882,0.0345,0.240,-0.5871427982973205,-0.1399469489240217,-7.939992371359568,0.0345
1787476429.542637,-0.5527260023262266,-0.14167747677398093,-8.063526114988546,-0.5849295654314414,-0.14798508986801237,-7.868260286293491,0.0328,0.195,-0.5830042027819229,-0.14253667497619857,-7.939116147442857,0.0303
1787476429.6369524,-0.5527264310266568,-0.14167842142537942,-8.063141695345541,-0.5840566352673181,-0.14575380919068054,-7.895145487243833,0.0316,0.168,-0.5847769542626443,-0.14242346187937918,-7.91775878908887,0.0321
1787476429.7872267,-0.5527271950701598,-0.1416799548471545,-8.062432568435176,-0.5844982755959741,-0.1448795200478917,-7.888619097715751,0.0319,0.174,-0.5847769542626443,-0.14242346187937918,-7.91775878908887,0.0321
1787476429.8951166,-0.552727853750352,-0.14168114554288405,-8.061799747137167,-0.5845398024212873,-0.14489166689833194,-7.889058416729641,0.0320,0.173,-0.5847769542626443,-0.14242346187937918,-7.91775878908887,0.0321
1787476429.9667683,-0.5527281532036938,-0.14168166160252116,-8.06150512200973,-0.5830783454966094,-0.14415499377259722,-7.908230149570332,0.0305,0.153,-0.5820930677822155,-0.14218483616908278,-7.934406092490243,0.0294
1787476430.105184,-0.5527286887534698,-0.14168258241990966,-8.060962162134269,-0.5856866423780321,-0.14559346647666413,-7.886066527850181,0.0332,0.175,-0.5884693331010159,-0.14991484676205685,-7.827498581493142,0.0367
1787476430.1729975,-0.5527289233150994,-0.14168300151199076,-8.060708149453987,-0.586228062322645,-0.15004405436009483,-7.816337407770612,0.0345,0.244,-0.5902033199686156,-0.15119252961073718,-7.793636493112918,0.0387
1787476430.246587,-0.5527291435828674,-0.14168338333571667,-8.060462367018175,-0.5862536240378914,-0.15005672033236706,-7.815905082852672,0.0346,0.245,-0.5902033199686156,-0.15119252961073718,-7.793636493112918,0.0387
1787476430.3888142,-0.5527295262995245,-0.14168408492664694,-8.060013498676698,-0.586852454911537,-0.15181875643096132,-7.824459704889941,0.0356,0.236,-0.5876888715477797,-0.15609847611472166,-7.770674882047887,0.0378
1787476430.4536788,-0.5527296942211495,-0.141684395827025,-8.059792113758418,-0.5887511359744011,-0.1511343686702825,-7.835339174057599,0.0372,0.224,-0.58992867368326,-0.14990405138023655,-7.847890554631952,0.0381
1787476430.5892348,-0.5527299860187865,-0.14168495588018398,-8.059391929707216,-0.5887785172159538,-0.1511447668205608,-7.835378067419376,0.0373,0.224,-0.58992867368326,-0.14990405138023655,-7.847890554631952,0.0381
1787476430.6564844,-0.5527301107614538,-0.1416852117596046,-8.059207675980526,-0.5911467633494588,-0.1518345066555325,-7.806653821379971,0.0397,0.253,-0.5929407280277282,-0.15406818028867544,-7.775588340691106,0.0421
1787476430.7981195,-0.552730330787683,-0.1416856675134321,-8.058859886731849,-0.5897242073434206,-0.1545556897201429,-7.78904561266146,0.0392,0.270,-0.5892838418532801,-0.16024972155505882,-7.720615401664016,0.0410
1787476430.8706858,-0.5527304276127656,-0.141685870716132,-8.058697740333768,-0.5861468600140743,-0.1583168988161581,-7.747054025546325,0.0373,0.312,-0.5838751919507305,-0.16691388609354876,-7.64667729560761,0.0401
1787476431.0088234,-0.5527305944431287,-0.14168625237069973,-8.058388324617045,-0.5861551423453052,-0.15833710287759883,-7.746512641201453,0.0373,0.312,-0.5879620411601911,-0.15777337215021348,-7.751161890102124,0.0387
1787476431.0691273,-0.5527306684328225,-0.14168642656075717,-8.05825441626544,-0.5872148189373206,-0.15809396250920638,-7.748805119741939,0.0382,0.309,-0.5879620411601911,-0.15777337215021348,-7.751161890102124,0.0387
1787476431.13921,-0.5527307350720652,-0.14168659513606927,-8.05812057274399,-0.5863155251155552,-0.15691372882145693,-7.778714605355205,0.0369,0.279,-0.5854335351567294,-0.15396652760675375,-7.816593433316502,0.0349
1787476431.3017375,-0.5527308550150711,-0.14168689687009475,-8.057870134186654,-0.5861106719860126,-0.15677202659858092,-7.779096294735273,0.0366,0.279,-0.5853196857280819,-0.15119496281208866,-7.845264235505917,0.0339
1787476431.3757572,-0.5527309074695026,-0.14168703526721693,-8.05774622829412,-0.5857393729133931,-0.1541673795711102,-7.815549629570705,0.0353,0.242,-0.5852157524956061,-0.15056904364729456,-7.860632018952521,0.0337
1787476431.4639764,-0.5527309559428789,-0.1416871662916054,-8.057639349073964,-0.5857506167834022,-0.1541715107938205,-7.815765430723839,0.0353,0.242,-0.5852157524956061,-0.15056904364729456,-7.860632018952521,0.0337
1787476431.5739486,-0.552731041109781,-0.14168740185464992,-8.057422403673364,-0.5857707151146267,-0.15418039030620995,-7.81597030244863,0.0353,0.241,-0.5852157524956061,-0.15056904364729456,-7.860632018952521,0.0337
1787476431.70235,-0.5527311110235824,-0.14168760965143876,-8.057209198329877,-0.5869143138718884,-0.1523958603309692,-7.844488167254895,0.0358,0.213,-0.5870504100373009,-0.14834812717570528,-7.884530762460626,0.0350
1787476431.767562,-0.5527311431639925,-0.14168770059282354,-8.057114520368103,-0.5877933476166785,-0.15118924340635767,-7.851856780676896,0.0363,0.205,-0.5884923033308291,-0.15124063719345457,-7.849806705956055,0.0370
1787476431.8454034,-0.552731170464046,-0.14168778871988222,-8.057016056635781,-0.5878105519103514,-0.1511937132347874,-7.8521149030706745,0.0363,0.205,-0.5884923033308291,-0.15124063719345457,-7.849806705956055,0.0370
1787476431.9948294,-0.552731219557779,-0.14168794343386917,-8.056832138452144,-0.5878003622887045,-0.1503463548083478,-7.856621077061092,0.0361,0.200,-0.5875889711297505,-0.14827374421750444,-7.882280191149779,0.0355
1787476432.070404,-0.5527312396241747,-0.1416880143435175,-8.056740583629663,-0.588475459588132,-0.1508219056013984,-7.851497622195132,0.0369,0.205,-0.5890663807605009,-0.15209410717321512,-7.834769314605853,0.0378
1787476432.1510975,-0.5527312601295428,-0.14168807565745825,-8.056657215024897,-0.5881563779559312,-0.15298989637023203,-7.8325283081129955,0.0372,0.224,-0.5883754806497197,-0.15852172618152238,-7.7647142789446235,0.0394
1787476432.297017,-0.552731292653527,-0.14168818836509917,-8.056482014744246,-0.588174164801656,-0.15300324627054276,-7.832504234621094,0.0372,0.224,-0.5883754806497197,-0.15852172618152238,-7.7647142789446235,0.0394
1787476432.3607812,-0.5527313073313795,-0.14168823768043654,-8.056408376664214,-0.5896408132445076,-0.15581128122836613,-7.793974536892784,0.0395,0.262,-0.5912007993497911,-0.162371186697056,-7.71077687115019,0.0437
1787476432.4381182,-0.552731319554896,-0.14168828717774679,-8.056327465943228,-0.590967960114487,-0.1565356216856058,-7.786957616643577,0.0410,0.269,-0.5921045097923859,-0.15845115277504793,-7.761296039844513,0.0428
1787476432.5327165,-0.5527313313448265,-0.14168833039421902,-8.05624546674202,-0.5924592751565689,-0.15783906226226604,-7.771711794302638,0.0429,0.285,-0.5941010782600545,-0.1615053371732715,-7.723696288619988,0.0459
1787476432.7012231,-0.5527313524855424,-0.14168840588050804,-8.056099681306499,-0.5939392680041724,-0.15855612712006664,-7.767229759919305,0.0445,0.289,-0.5955457481683161,-0.16082873909278184,-7.736306276144133,0.0469
1787476432.7628722,-0.5527313604033649,-0.14168844054173357,-8.056026956541949,-0.593968521570298,-0.15857045900436686,-7.766977891490934,0.0446,0.289,-0.5955457481683161,-0.16082873909278184,-7.736306276144133,0.0469
1787476432.875326,-0.5527313762091071,-0.14168849588833987,-8.05589287995512,-0.593873727492869,-0.1597882045961294,-7.751873610314249,0.0449,0.304,-0.5940801878574111,-0.16224953553722918,-7.721438073495391,0.0462
1787476432.9495223,-0.5527313814583503,-0.14168852199374735,-8.05582591561142,-0.5936562223899268,-0.16025063698920206,-7.737877494200953,0.0449,0.318,-0.5935744959282877,-0.16139242162748005,-7.724039670392064,0.0453
1787476433.0841727,-0.5527313927932795,-0.1416885609656543,-8.055702965102732,-0.5937098530014636,-0.16153046206580607,-7.7270616400522645,0.0455,0.329,-0.5940577127345286,-0.16496081315755748,-7.684581377797905,0.0474
1787476433.160917,-0.5527313973770152,-0.1416885761815293,-8.055638547492979,-0.5930687444999112,-0.16244457194692666,-7.720814459372032,0.0454,0.335,-0.5928092007205197,-0.16443940833083742,-7.697064487185036,0.0461
1787476433.308661,-0.5527314045380131,-0.14168860302280192,-8.055529165486135,-0.5917497722529335,-0.16258473144359095,-7.723180043937946,0.0443,0.332,-0.5905175516341552,-0.1626130471846104,-7.7253976549339995,0.0432
1787476433.3627884,-0.5527314075665115,-0.14168861164469584,-8.055470049455659,-0.5917576452606322,-0.16259438438578278,-7.723024344418046,0.0443,0.332,-0.5905175516341552,-0.1626130471846104,-7.7253976549339995,0.0432
1787476433.5029016,-0.5527314132213017,-0.1416886226798163,-8.055367873534086,-0.5912575414758056,-0.16445580072395788,-7.688676794882254,0.0448,0.367,-0.5913716704971264,-0.1685048834531035,-7.639008260239954,0.0470
1787476433.5802093,-0.5527314144129328,-0.14168862707691407,-8.055316685660724,-0.5906879926771503,-0.16343143864076834,-7.70351540050889,0.0437,0.352,-0.5899255715410645,-0.16066279791972427,-7.738858691613205,0.0418
1787476433.7023873,-0.5527314170815628,-0.14168862773527632,-8.055224164321599,-0.5906990017955646,-0.16344165003258773,-7.703270419452348,0.0438,0.352,-0.5899255715410645,-0.16066279791972427,-7.738858691613205,0.0418
1787476433.7710423,-0.5527314174051686,-0.14168862602836363,-8.055177787013033,-0.5912697664126108,-0.15957440282086757,-7.749046768801715,0.0425,0.306,-0.5907654198562098,-0.1514733222425731,-7.848778566136891,0.0393
1787476433.8546774,-0.5527314180233183,-0.14168862048643313,-8.055130230771505,-0.5915140202826634,-0.15870536113005515,-7.760552080711609,0.0424,0.295,-0.5915103830367515,-0.15668898182439925,-7.7851359292176125,0.0416
1787476433.9332678,-0.5527314173901264,-0.14168861542275163,-8.05508699645169,-0.5914061729563294,-0.15660533012369057,-7.785541280213102,0.0415,0.270,-0.5908328149486005,-0.15164222918278025,-7.847214696097295,0.0394
1787476434.0810554,-0.5527314246513468,-0.1416886112313998,-8.055006425131273,-0.5914167709719008,-0.15660553671917227,-7.7859062250030675,0.0415,0.269,-0.5913632737844242,-0.16021742938903136,-7.741524047330542,0.0428
1787476434.14719,-0.5527314275213214,-0.14168861107965797,-8.054966323466415,-0.5912442733269762,-0.15768812689898856,-7.772597909024626,0.0417,0.282,-0.5913632737844242,-0.16021742938903136,-7.741524047330542,0.0428
1787476434.2879794,-0.5527314293963582,-0.141688603786777,-8.054890051457287,-0.5899178208065657,-0.1550409587869546,-7.787250863738569,0.0395,0.268,-0.5884663958393801,-0.14908014545750056,-7.86282132029368,0.0365
1787476434.4051814,-0.5527314314628919,-0.1416885959348964,-8.054811109883982,-0.5904790187689871,-0.1533700568786874,-7.822695636362242,0.0395,0.232,-0.5905477140051423,-0.1492197428978434,-7.8732752659074325,0.0386
1787476434.463941,-0.552731433964916,-0.14168859155214744,-8.054774593356045,-0.5904893518880904,-0.1533698105019731,-7.823180733295483,0.0395,0.232,-0.5905477140051423,-0.1492197428978434,-7.8732752659074325,0.0386
1787476434.592992,-0.5527314386516643,-0.14168858157223954,-8.054704778914662,-0.5900834014165828,-0.15016943665270152,-7.8423894050264655,0.0383,0.212,-0.5890681144211851,-0.1429691420958265,-7.932133625761105,0.0364
1787476434.6596808,-0.5527314395834767,-0.14168857645357696,-8.054670171184595,-0.5905507741474674,-0.14740112460754193,-7.888881636446391,0.0382,0.166,-0.590220667076189,-0.14097682020862545,-7.967916945677933,0.0375
1787476434.800848,-0.5527314399686362,-0.1416885627121401,-8.054598889631496,-0.5911957187178312,-0.14611968749872709,-7.906778521475017,0.0387,0.148,-0.5913935094192345,-0.14319685159577508,-7.9419670978804,0.0387
1787476434.8737173,-0.5527314422905507,-0.14168855543925674,-8.054571042612638,-0.5912071115293318,-0.1461167754937119,-7.907423764410575,0.0387,0.147,-0.5913935094192345,-0.14319685159577508,-7.9419670978804,0.0387
1787476434.9943182,-0.55273144411891,-0.14168854001858852,-8.054502250116913,-0.5908064900022294,-0.14379853909427603,-7.941958301448669,0.0381,0.113,-0.5899717722935315,-0.13837867664190234,-8.009775243377968,0.0374
1787476435.1072888,-0.5527314447980831,-0.14168852520319233,-8.054439589454828,-0.590820389553805,-0.14379271510995073,-7.942995553900316,0.0381,0.111,-0.5899717722935315,-0.13837867664190234,-8.009775243377968,0.0374
1787476435.1739066,-0.5527314414268272,-0.14168851400414545,-8.054409534709723,-0.5918517671042234,-0.14327271809652847,-7.9404404153956305,0.0392,0.114,-0.5922606240813357,-0.142575647591034,-7.948031860063801,0.0395
1787476435.3116674,-0.5527314398717116,-0.1416884961285388,-8.054344647189879,-0.59094387787635,-0.1424295339003214,-7.954316731191613,0.0382,0.100,-0.5900734263318778,-0.14040296656245335,-7.9808667135858435,0.0374
1787476435.376542,-0.5527314390305661,-0.14168848891455088,-8.05431496802502,-0.5900958695065177,-0.14150241515074236,-7.964468550031741,0.0374,0.090,-0.5890977521326102,-0.139019111113296,-7.996811098029736,0.0365
1787476435.463219,-0.5527314388664093,-0.14168848177270593,-8.054281135586995,-0.5907686871160382,-0.14080748955926925,-7.978901768894531,0.0380,0.075,-0.591215642796208,-0.13907016593985577,-7.999155427229786,0.0386
1787476435.542949,-0.5527314391023066,-0.14168847595543363,-8.054256515439862,-0.5902723535346851,-0.140379497886634,-7.968741713932185,0.0376,0.086,-0.5895665657978789,-0.13909496951095782,-7.98560443978061,0.0369
1787476435.709957,-0.5527314389284336,-0.1416884599261959,-8.054195607515897,-0.5909128034052145,-0.13970766097339138,-7.99344898677053,0.0382,0.061,-0.5911942371417269,-0.13798169040811892,-8.013961207667256,0.0386
1787476435.807666,-0.5527314388405569,-0.14168845277486627,-8.054167626373593,-0.59134806259079,-0.14012998156879952,-7.971265758519878,0.0386,0.083,-0.5919225523039657,-0.14161436473787387,-7.951790188287049,0.0392
1787476435.8823073,-0.5527314382323666,-0.14168844619335905,-8.054139947253244,-0.59135898597237,-0.14013016630126374,-7.971259303597078,0.0387,0.083,-0.5919225523039657,-0.14161436473787387,-7.951790188287049,0.0392
1787476435.9531875,-0.5527314392029797,-0.14168843813422466,-8.054112994471302,-0.5913243668370278,-0.13984715194198669,-7.989396682298024,0.0386,0.065,-0.5912155990084981,-0.13907018131859503,-7.999155328790744,0.0386
1787476436.096727,-0.5527314340573001,-0.14168841876067337,-8.054060059335832,-0.5913801155731281,-0.140041346886861,-7.97876017386092,0.0387,0.075,-0.5914729996282245,-0.1405670324895,-7.972109631518613,0.0388
1787476436.171844,-0.5527314324188847,-0.14168840937898683,-8.054029560811772,-0.5912004256863725,-0.14005141038807262,-7.979735113358997,0.0385,0.074,-0.5910107817225346,-0.1400263676501677,-7.980454923773486,0.0383
1787476436.2908487,-0.5527314292107832,-0.14168839391129584,-8.05397823607706,-0.5912093305784908,-0.14005216775915716,-7.979761934299677,0.0385,0.074,-0.5910107817225346,-0.1400263676501677,-7.980454923773486,0.0383
1787476436.373997,-0.5527314265215046,-0.14168838569292339,-8.0539532243497,-0.589330660498375,-0.13948058103317615,-7.982989548200784,0.0367,0.071,-0.5881192863238619,-0.13790214927459127,-8.004779654092077,0.0356
1787476436.4545388,-0.5527314249809935,-0.14168837778185844,-8.053928155722742,-0.5900502816891064,-0.13900526188260895,-7.999464589796417,0.0374,0.054,-0.5905784589979544,-0.13788515721862096,-8.012112712738837,0.0380
1787476436.53503,-0.552731423755861,-0.14168837043311278,-8.053899285865084,-0.589568300425682,-0.13926892400004998,-7.986510348253081,0.0369,0.067,-0.5892806586784597,-0.13987740445710273,-7.979641452479955,0.0366
1787476436.686699,-0.5527314214375083,-0.14168835708424685,-8.05385094943687,-0.5896354646460851,-0.14048310110025974,-7.951707669019265,0.0369,0.102,-0.5900308090229297,-0.1438735620468555,-7.909376710246709,0.0374
1787476436.7990363,-0.5527314147284664,-0.1416883395068838,-8.053800116802305,-0.5896411257070923,-0.1404856337161313,-7.9512609737904345,0.0369,0.103,-0.5900308090229297,-0.1438735620468555,-7.909376710246709,0.0374
1787476436.8847299,-0.5527314122689813,-0.1416883276248932,-8.053753662149989,-0.5884946635682917,-0.1399509525161527,-7.967202591906003,0.0358,0.087,-0.5877619429432474,-0.13859401370134722,-7.985319255792119,0.0352
1787476436.9473326,-0.5527314102232,-0.14168831859273737,-8.053731699875826,-0.5891514552776488,-0.14117068084803816,-7.955577921995839,0.0364,0.098,-0.5899514642814491,-0.1441039740776808,-7.918193350507269,0.0373
1787476437.076859,-0.5527314084035554,-0.14168830594572618,-8.053683203712527,-0.5891555094861145,-0.14117290483371428,-7.955475410325991,0.0364,0.098,-0.5899514642814491,-0.1441039740776808,-7.918193350507269,0.0373
1787476437.204497,-0.5527314048642963,-0.14168829147298873,-8.053640346594893,-0.5903401940842634,-0.13936554550609764,-7.963179444201421,0.0377,0.090,-0.5906769288475908,-0.13600751572004813,-8.003268603539953,0.0384
1787476437.2671688,-0.5527314038161777,-0.1416882849703182,-8.053615220809068,-0.5903497255380292,-0.13936195163321055,-7.9631050901208384,0.0377,0.091,-0.5906769288475908,-0.13600751572004813,-8.003268603539953,0.0384
1787476437.411258,-0.5527313996693649,-0.14168827170913936,-8.053573310430075,-0.5905467459751615,-0.13741511302285445,-7.999831875547804,0.0381,0.054,-0.5902414897319095,-0.13363098229420303,-8.046613234742269,0.0384
1787476437.4866996,-0.552731397720638,-0.14168826376635538,-8.053553464753112,-0.5892776385412702,-0.1395634874181473,-7.980972422684102,0.0366,0.073,-0.5886565332332256,-0.14422873536637676,-7.925501075063837,0.0360
1787476437.5545902,-0.5527313960308112,-0.14168825799377666,-8.053533099583145,-0.5894203129579809,-0.13939200904235519,-7.969661539668041,0.0368,0.084,-0.589529342499435,-0.13910650567488178,-7.972778990440994,0.0369
1787476437.6920516,-0.5527313934555076,-0.14168824618724565,-8.053489463609663,-0.5896003333915764,-0.13817542864232205,-7.975813754797325,0.0370,0.078,-0.5892824190196719,-0.14175114980541187,-7.940924701663303,0.0366
1787476437.7658138,-0.5527313931010392,-0.141688236864465,-8.053470715549286,-0.5886303034677013,-0.13907879860436725,-7.976677005005305,0.0360,0.077,-0.5877104590552369,-0.1387637923404553,-7.982506614155121,0.0351
1787476437.8958335,-0.552731388856703,-0.14168822203550582,-8.053428899946256,-0.5886317549342055,-0.1390793981085241,-7.976703145970519,0.0360,0.077,-0.5877104590552369,-0.1387637923404553,-7.982506614155121,0.0351
1787476437.9696786,-0.5527313867218633,-0.1416882166238184,-8.053409973017542,-0.5870410613074926,-0.13984492187665404,-7.966268119517753,0.0344,0.087,-0.5861806249615363,-0.14134398125568132,-7.9498225472652315,0.0335
1787476438.0481367,-0.552731385888063,-0.14168820799864945,-8.05338857613009,-0.5884486538897982,-0.140049258405332,-7.958214799988789,0.0358,0.095,-0.5887499953595139,-0.13954481748124511,-7.96355400369873,0.0361
1787476438.193056,-0.5527313858494849,-0.14168819511349398,-8.053355500374174,-0.5884518706760289,-0.1400495800987039,-7.958111695303656,0.0358,0.095,-0.5887499953595139,-0.13954481748124511,-7.96355400369873,0.0361
1787476438.256869,-0.5527313847215394,-0.14168818952738044,-8.0533340977464,-0.5884569868426786,-0.1400500566288472,-7.958011013422996,0.0358,0.095,-0.5887499953595139,-0.13954481748124511,-7.96355400369873,0.0361
1787476438.405323,-0.5527313813617903,-0.1416881725529301,-8.053299804669031,-0.5886706400895846,-0.14081457156472657,-7.944433576871514,0.0359,0.109,-0.5886756229013105,-0.1415218427077667,-7.935602465558777,0.0359
1787476438.484705,-0.5527313804775185,-0.14168816542622129,-8.053279180703779,-0.5891986346177241,-0.1409550900693619,-7.951939650657672,0.0365,0.101,-0.5898651381053163,-0.14141795969925783,-7.94505530734544,0.0371
1787476438.5637558,-0.5527313800841187,-0.14168815907488366,-8.053262412254657,-0.5894468118590988,-0.14131226222181914,-7.933710031459861,0.0367,0.120,-0.5891522334464561,-0.14392623270720517,-7.910982997001627,0.0365
1787476438.691016,-0.5527313772117,-0.14168814890705667,-8.053225885002819,-0.5892261204994377,-0.14197914957530872,-7.934415113116801,0.0365,0.119,-0.5891522334464561,-0.14392623270720517,-7.910982997001627,0.0365
1787476438.751944,-0.5527313772863004,-0.14168814180153913,-8.053209563453063,-0.589231860926907,-0.14198237125464902,-7.9342215496429915,0.0365,0.119,-0.5891522334464561,-0.14392623270720517,-7.910982997001627,0.0365
1787476438.8279672,-0.5527313763176183,-0.1416881348790052,-8.053193938541801,-0.5892910305523174,-0.14257565824013774,-7.914913642398465,0.0366,0.138,-0.5890027917515314,-0.1469543498607422,-7.862068608479353,0.0367
