t,gt_x,gt_y,gt_yaw,ekf_x,ekf_y,ekf_yaw,ekf_err,ekf_yaw_err,fix_x,fix_y,fix_yaw,fix_err
1787537299.497848,-2.48208944073503,2.044283782249906e-06,-0.00031545036714803804,-2.485878455935133,-0.003944077190332969,0.11000398204961989,0.0055,0.110,-2.407837341553579,-0.09753004072976718,1.0804163470042887,0.1226
1787537299.5823,-2.4820711217855678,2.031396968651711e-06,-0.0003147336172814223,-2.4856279721700645,-0.003970109323279006,0.11296300404630609,0.0053,0.113,-2.5931677747533017,0.029098660223565248,-0.719213746811446,0.1148
1787537299.6732361,-2.4819047049278193,2.0187725705029668e-06,-0.00031421119149178386,-2.512676134229352,0.01106560634742524,-0.42647796025667006,0.0327,0.426,-2.5931677747533017,0.029098660223565248,-0.719213746811446,0.1150
1787537299.7559588,-2.4815900850968253,2.007590494722478e-06,-0.00031389320858395787,-2.4624236161883903,-0.0008019485466933263,0.08432503569167317,0.0192,0.085,-2.434587767651394,-0.003725889420930346,0.13174844439122194,0.0471
1787537299.9153755,-2.480514727362123,1.990856195013298e-06,-0.00031387395204326784,-2.463490936896601,0.0059806723641459185,-0.14471890040489893,0.0180,0.144,-2.4648871873133484,0.011359104414601452,-0.20786497302512816,0.0193
1787537299.9934125,-2.479752713484267,1.9849594872567227e-06,-0.0003141717071293272,-2.4634442407635744,0.005993832106482065,-0.14567823158183515,0.0174,0.145,-2.42090957510081,-0.02749118945475523,0.6117426672317644,0.0649
1787537300.071434,-2.478839961365015,1.9800667991692552e-06,-0.00031466603241583685,-2.4491042891223276,-0.012733290155277589,0.36080482618589815,0.0323,0.361,-2.5441410466845795,-0.03655649198630298,0.8727785390280464,0.0748
1787537300.1680307,-2.47777535012868,1.9755752144036496e-06,-0.00031535088414648844,-2.4740243925395466,-0.02214784960606484,0.6052138753717401,0.0225,0.606,-2.7118842084406816,-0.0572921501711313,1.2897002543181877,0.2410
1787537300.251401,-2.476913553563481,2.150457480175756e-06,-0.0003204690625647051,-2.5064423358273196,-0.026577723156643026,0.7573164307699001,0.0397,0.758,-2.7118842084406816,-0.0572921501711313,1.2897002543181877,0.2419
1787537300.412649,-2.4754346984716484,2.274791760631178e-06,-0.0003257713720792537,-2.506540917338288,-0.026632999446987687,0.7667466245370874,0.0410,0.767,-2.5545948032775354,0.042772463824689806,-0.8921267757663404,0.0900
1787537300.4867766,-2.474832899310825,2.282720859509362e-06,-0.0003270704598030643,-2.5076158285365553,0.010115449972820833,-0.3933378186797775,0.0343,0.393,-2.5545948032775354,0.042772463824689806,-0.8921267757663404,0.0905
1787537300.57173,-2.4743222303177843,2.271476874647849e-06,-0.00032777701771427397,-2.5524897839695635,-0.017691947391674883,0.6077512703546545,0.0801,0.608,-2.538009854828754,0.03112893541303864,-0.767917630180148,0.0709
1787537300.6708548,-2.4739018010146205,2.249377645556277e-06,-0.00032806969403326945,-2.539710664485052,0.0072584450076287315,-0.33235590394097175,0.0662,0.332,-2.8200559138275074,0.01606212931610226,-0.33235590394097175,0.3465
1787537300.753406,-2.473570856238882,2.222426769922563e-06,-0.00032809096348624935,-2.587464119902278,0.01057594761751659,-0.38518372737681283,0.1144,0.385,-2.8200559138275074,0.01606212931610226,-0.33235590394097175,0.3469
1787537300.8330066,-2.4733287979344096,2.1947758075798937e-06,-0.0003279479708150622,-2.631491948672483,0.012040936731589942,-0.3320121406970487,0.1586,0.332,-2.813613533712167,0.01531349485663605,-0.3851837273768129,0.3406
1787537301.0122042,-2.4731097503591504,2.1468943213782813e-06,-0.0003274401921571373,-2.670904913919935,0.012886296466353444,-0.34612802084897987,0.1982,0.346,-2.839564980726652,0.015562338490453876,-0.3320121406970487,0.3668
1787537301.0933478,-2.4731323694861764,2.127852923189692e-06,-0.0003271325568614808,-2.6709985021085045,0.012893799792481774,-0.3477059676575161,0.1983,0.347,-2.839564980726652,0.015562338490453876,-0.3320121406970487,0.3668
1787537301.1863878,-2.473243093009769,2.114322558831262e-06,-0.0003268235875605107,-2.670976866997832,0.012891691193555597,-0.3472692940073388,0.1982,0.347,-2.839564980726652,0.015562338490453876,-0.3320121406970487,0.3667
1787537301.2708082,-2.473442130685955,2.1050819508691536e-06,-0.00032652016139802175,-2.6709858465036698,0.012892440476588996,-0.3474104654514472,0.1980,0.347,-2.839564980726652,0.015562338490453876,-0.3320121406970487,0.3665
1787537301.3767345,-2.474106803540958,2.095797902946161e-06,-0.00032580760391414,-2.671019154657083,0.01289914617385725,-0.34878546373050434,0.1973,0.348,-2.839564980726652,0.015562338490453876,-0.3320121406970487,0.3658
1787537301.4731462,-2.475131329433627,2.0967286327587716e-06,-0.000324902187554063,-2.671041488034354,0.01290531663861376,-0.3495283118392342,0.1963,0.349,-2.839564980726652,0.015562338490453876,-0.3320121406970487,0.3648
1787537301.608646,-2.476523265325269,2.1035400894559497e-06,-0.0003236733093591794,-2.6710193007327327,0.012898612241625827,-0.3488674145530412,0.1949,0.349,-2.839564980726652,0.015562338490453876,-0.3320121406970487,0.3634
1787537301.6939716,-2.477360088863194,2.107653419341121e-06,-0.00032289314438574065,-2.677662023577606,0.01077045572050083,0.25896512719950426,0.2006,0.259,-3.321980756413618,-0.16878483550557588,-0.3488674145530412,0.8613
1787537301.761608,-2.4783095312736,0.000381689707374995,0.0023096916828304697,-2.677700965087608,0.01078952168307554,-0.010566085312830674,0.1997,0.013,-3.321980756413618,-0.16878483550557588,-0.3488674145530412,0.8605
1787537301.916866,-2.479328169968645,0.0012952163497164286,-0.04209699537788619,-2.5853559104137247,0.003140430954886717,-0.04892826169011805,0.1060,0.007,-2.539343229740116,0.0025663073050978666,-0.04122683168839436,0.0600
1787537302.0158763,-2.4796930132819988,0.0014245036325244037,-0.08952727354055041,-2.5792559339232164,0.016148692438269576,-0.14750932291737953,0.1006,0.058,-2.5249591036809167,0.010700727409201319,-0.187019486238748,0.0462
1787537302.1027272,-2.479883895499569,0.0011448338017488434,-0.10217265430663888,-2.5456502508228023,0.013939502543559499,-0.24753787063284152,0.0670,0.145,-2.5249591036809167,0.010700727409201319,-0.187019486238748,0.0461
1787537302.2093976,-2.4803925758058205,7.268898828786328e-05,0.13285964919682505,-2.5432985072321834,0.014228223836449111,-0.2548199031029107,0.0645,0.388,-2.5249591036809167,0.010700727409201319,-0.187019486238748,0.0458
1787537302.2592008,-2.4806660614068003,-0.00026538541111646475,0.33565335513831757,-2.5416956427415904,0.014425728273314111,-0.25965251333987904,0.0628,0.595,-2.5249591036809167,0.010700727409201319,-0.187019486238748,0.0456
1787537302.4058762,-2.479416317579005,0.000520687679551373,0.4612649350483981,-2.510715712575673,0.02480219970507437,-0.5194459881030116,0.0396,0.981,-2.4828507407949965,0.02436930753193542,-0.5093997504067855,0.0241
1787537302.4953828,-2.4787212458447243,0.0012873702923586858,0.624603805520037,-2.5003235227884226,0.026869383883370224,-0.6210975245900013,0.0335,1.246,-2.4935967437436224,0.02606253319157038,-0.5971927541887051,0.0289
1787537302.5832365,-2.477840352688419,0.0017257309895106997,0.5502222505934722,-2.4945465752587315,0.012031209168100913,-0.11292420241722018,0.0196,0.663,-2.4958744159664175,0.0018063241628986895,-0.0007260824020344632,0.0180
1787537302.6723576,-2.4766971198633985,0.0017972649398663397,0.3939399043986868,-2.4626553719688595,0.014883174872450734,-0.18923266907947686,0.0192,0.583,-2.412817074133007,0.027660859750761425,-0.4552008291980372,0.0689
1787537302.819659,-2.473992429803704,0.0006757112341273508,0.5664930608185886,-2.4666071458983576,-0.0025452795207681414,0.5593816910303994,0.0081,0.007,-2.4702016789945476,-0.01422146596818596,0.6904836746939161,0.0154
1787537302.8884091,-2.4727452109504213,6.758352990046267e-05,0.8520691292755942,-2.4587319837678665,-0.003924395751644957,0.18149449638458212,0.0146,0.671,-2.461976935309287,-0.005648117708240079,0.795427111614665,0.0122
1787537302.9623547,-2.47099913376487,-0.00016090034083339,1.145318634628492,-2.459531071318842,-0.0045311680072209395,0.7777373472332516,0.0123,0.368,-2.461976935309287,-0.005648117708240079,0.795427111614665,0.0106
1787537303.0459182,-2.4692624422278704,-9.389884283060492e-05,1.4052277992923514,-2.472920430329495,-0.014364360394625075,1.1918891809514915,0.0147,0.213,-2.5143260344650296,-0.02044759402139914,1.2990599147448643,0.0494
1787537303.2170718,-2.465894488972824,0.0006154116940259305,1.5724233767496985,-2.5101168930054887,0.010497680140664187,1.073902677048816,0.0453,0.499,-2.615653665574286,0.04286109560278244,0.5073097075040458,0.1556
1787537303.3033855,-2.464454268946454,0.0005960933337411278,1.5672078536543497,-2.5098376933839,0.009230713446038711,1.1764987113625016,0.0462,0.391,-2.6394870015353185,-0.05826329540881316,2.806354748674648,0.1847
1787537303.385973,-2.462931719829171,0.00019836621045196977,1.5422448739205363,-2.5525419489075256,-0.02669281932024292,2.2248801417481343,0.0936,0.683,-2.6394870015353185,-0.05826329540881316,2.806354748674648,0.1860
1787537303.471423,-2.461409974835953,-0.0004477800665215808,1.6149288122906165,-2.544603124627202,-0.02381104778831608,2.2135304805045157,0.0864,0.599,-2.6394870015353185,-0.05826329540881316,2.806354748674648,0.1872
1787537303.5443425,-2.460440148063032,-0.0009851320462691624,1.6358093934767148,-2.5438841543343536,-0.02131488200439382,0.7535916662077161,0.0859,0.882,-2.6394870015353185,-0.05826329540881316,2.806354748674648,0.1880
1787537303.6469574,-2.459427589948734,-0.0012535969414460464,1.699898903496788,-2.5439583787583877,-0.02139337246126687,0.7836933591610834,0.0869,0.916,-1.9867431940129006,-0.05765773208487923,0.7836933591610833,0.4760
1787537303.7495697,-2.458342897886829,-0.0011470452959271287,1.7575980746469186,-2.581842111628657,0.006177290977794859,0.7654418779591352,0.1237,0.992,-2.7953085819263372,0.04088664946793645,0.7836933591610833,0.3396
1787537303.9217427,-2.4563756196574147,-0.0006025553086495526,1.3952234401086787,-2.5749676182482206,0.014314901810770529,0.7624284304278097,0.1195,0.633,-2.55622506406531,0.047111873733399215,0.7654418779591352,0.1107
1787537304.0122533,-2.4555352680926266,-0.0008168542275916446,1.2232450351351638,-2.5748335991435236,0.014217994211718129,0.7606076995184355,0.1202,0.463,-2.873363731843439,0.03115042204221427,0.7606076995184358,0.4190
1787537304.095227,-2.454651602160425,-0.0013144627304479302,1.1146717193029065,-2.637826327491748,0.016666786130946847,0.7682621820281326,0.1841,0.346,-2.873363731843439,0.03115042204221427,0.7606076995184358,0.4200
1787537304.1727483,-2.453880343706698,-0.0019081268305610572,1.1836040362484288,-2.6383806851900458,0.016780447695157734,0.7727199280823102,0.1854,0.411,-2.605046339226912,0.026036428538011292,0.7682621820281327,0.1537
1787537304.2542367,-2.4534726669845055,-0.0021345792535885735,1.191384148745803,-2.628768496329096,0.018019365265617357,0.7692503517549354,0.1765,0.422,-2.605046339226912,0.026036428538011292,0.7682621820281327,0.1542
1787537304.3427653,-2.453000497821899,-0.0019647644885011713,1.2438461743852551,-2.6788326899630275,0.018276861797685832,0.7737914921376131,0.2267,0.470,-2.8466740701818223,0.018631776222197166,0.7692503517549355,0.3942
1787537304.521189,-2.452157435193478,-0.0010915040841894539,0.9833239390169572,-2.6791155213829394,0.018305096806448908,0.7754661497170678,0.2278,0.208,-2.8466740701818223,0.018631776222197166,0.7692503517549355,0.3950
1787537304.5866678,-2.45206102378948,-0.0010399202865574641,0.9775116096547201,-2.678906919490218,0.018334940942258186,-0.07227645437214653,0.2277,1.050,-2.8466740701818223,0.018631776222197166,0.7692503517549355,0.3951
1787537304.6619756,-2.451925062432893,-0.001353183286511472,0.9169356567785538,-2.6789906146244267,0.01833798551138636,0.1311814770664905,0.2279,0.786,-2.8466740701818223,0.018631776222197166,0.7692503517549355,0.3953
1787537304.7559626,-2.4517673889141305,-0.0018791742916465033,0.9184797217059462,-2.699832791550129,-0.02953563158663823,1.8360497612781423,0.2496,0.918,-2.767929812590106,-0.05532665101175181,2.2452647234243734,0.3206
1787537304.8548691,-2.451529595404034,-0.0023900868044954187,0.9442292457122454,-2.6988048837292413,-0.027521171424554954,1.6653473402314114,0.2485,0.721,-2.7569856461941815,-0.03646699463978641,1.6653473402314116,0.3074
1787537305.015368,-2.4508968629322707,-0.0023380815406222706,1.1296257163505865,-2.7148023218637434,-0.03154594102695074,1.717264061200656,0.2655,0.588,-2.524200820420202,0.03235022765437169,0.2718254838746491,0.0811
1787537305.101434,-2.450580623795149,-0.0019406191796193747,1.1085356749236768,-2.641515246266495,0.019918393882477094,0.3810031284770798,0.1922,0.728,-2.524200820420202,0.03235022765437169,0.2718254838746491,0.0812
1787537305.181395,-2.4503739547212335,-0.0016440232164134897,0.9046879792558786,-2.6406476688830702,0.020917160928755642,0.3921134829422521,0.1916,0.513,-2.4250368349729188,-0.001143141521679125,1.170243114292933,0.0253
1787537305.2645075,-2.450096824071296,-0.0016257351780025603,0.6755174413083291,-2.5519443927233603,0.004782835126225484,1.096279863928345,0.1020,0.421,-2.4250368349729188,-0.001143141521679125,1.170243114292933,0.0251
1787537305.3740382,-2.4485328303514953,-0.0035472830784176483,0.8287893182692911,-2.5474761240698416,0.005246339228860344,1.1148988203505563,0.0993,0.286,-2.4250368349729188,-0.001143141521679125,1.170243114292933,0.0236
1787537305.4801965,-2.4469081802405706,-0.005121746073081598,0.9492908993835136,-2.545709517873009,0.005389028388841038,1.1556962058120481,0.0994,0.206,-2.367602243087709,0.1791062468939043,-0.5577819867589712,0.2006
1787537305.5507724,-2.4460516642279537,-0.005657959004556472,1.0647712612644575,-2.476641226901056,0.0028836291116765365,0.7246811169682229,0.0318,0.340,-2.367602243087709,0.1791062468939043,-0.5577819867589712,0.2007
1787537305.6336212,-2.445136735435944,-0.005886792164630679,1.1792628171814712,-2.4929257956327184,0.0014658213059577899,0.6058358822428491,0.0484,0.573,-2.53388305600756,0.0023743538082801304,0.5915787839958818,0.0891
1787537305.8204784,-2.4433939496875476,-0.0057553897141706094,1.0819375987394426,-2.4990138156913635,0.0011667767676226972,0.5635266274416236,0.0560,0.518,-2.7326685944056646,0.019865884185164426,0.5635266274416236,0.2904
1787537305.906296,-2.442529704343451,-0.006038394566399332,0.8697223064819107,-2.55083292060306,0.005707182972448738,0.0646278595158929,0.1089,0.805,-2.753559539669698,0.06341612110590915,-0.1735183128477646,0.3187
1787537305.990296,-2.4420223821457463,-0.0062165344816419105,0.5770225870717802,-2.5897664484218597,-0.008798167480301457,1.4650768976432973,0.1478,0.888,-2.6264841613300125,-0.044239220914990975,2.080624681752036,0.1883
1787537306.072016,-2.4417690864234243,-0.006599898620055962,0.390460994708678,-2.589555309213357,-0.0067059925767852845,0.9527714074556005,0.1478,0.562,-2.6264841613300125,-0.044239220914990975,2.080624681752036,0.1885
1787537306.1736696,-2.441514800944581,-0.006922388047343386,0.35260175697397744,-2.5891066983479876,-0.005868744362289227,0.5561043891539998,0.1476,0.204,-2.615805509374653,-0.05728893833720387,1.458343470532765,0.1814
1787537306.2629683,-2.4411874193416194,-0.006882586122264741,0.35354813486570563,-2.5953736212066487,-0.039142479798926114,1.1491945711629903,0.1575,0.796,-2.615805509374653,-0.05728893833720387,1.458343470532765,0.1817
1787537306.418334,-2.4402085401688045,-0.005446922364972765,-0.1307604795072145,-2.5955720439615324,-0.039769205194159475,1.1613023988570144,0.1591,1.292,-2.615805509374653,-0.05728893833720387,1.458343470532765,0.1831
1787537306.4770653,-2.4397164828083446,-0.005217260507377638,-0.14703873400219056,-2.595291442123254,-0.03904463879329321,0.4814024702658154,0.1592,0.628,-2.615805509374653,-0.05728893833720387,1.458343470532765,0.1836
1787537306.5541906,-2.4391682824420147,-0.005207383134449012,-0.17398140376971657,-2.6301701512089752,-0.032865407188808274,0.3119127792554475,0.1930,0.486,-2.7262316640986675,-0.016084499241086524,0.4814024702658154,0.2873
1787537306.6460798,-2.43855164497085,-0.005503542454972549,-0.1910043105711891,-2.6578312482349653,-0.028806472562661,-1.2159913836568264,0.2205,1.025,-2.523287857032819,0.0410058746892943,-1.2933036328996241,0.0967
1787537306.7387867,-2.4379824350016537,-0.006061797712674976,-0.06773252543802277,-2.614482407570996,0.03234670930083878,-1.241237971997922,0.1806,1.174,-2.523287857032819,0.0410058746892943,-1.2933036328996241,0.0974
1787537306.920593,-2.436939346322535,-0.006514896709519534,0.5123481106596737,-2.639896568921006,0.013493433615101184,-0.22690127785416944,0.2039,0.739,-2.738609275028819,-0.021618955994332882,0.30877510020300253,0.3020
1787537307.0050952,-2.4360505124490666,-0.0056402372677444345,0.4818693108408058,-2.6396540459812403,0.013906921403931252,-0.2739329149746265,0.2045,0.756,-2.738609275028819,-0.021618955994332882,0.30877510020300253,0.3030
1787537307.0821269,-2.4352711303828993,-0.004669007612209021,0.2758156285427054,-2.6399324499624477,0.01594121215999821,-1.049792389423963,0.2057,1.326,-2.7323446819747788,0.07116646868167475,-1.0387244951588868,0.3066
1787537307.165705,-2.4344557531097566,-0.004043279803432812,0.2530662008859256,-2.66333253644174,0.053602831909433796,-0.9808776532853178,0.2360,1.234,-2.7323446819747788,0.07116646868167475,-1.0387244951588868,0.3072
1787537307.3159018,-2.432634498963083,-0.0037189318042468982,0.24396806847880384,-2.6636765800148066,0.05429339070382726,-1.007747243844945,0.2382,1.252,-2.688641770777436,-0.028332327495742538,0.7220350847411466,0.2572
1787537307.414093,-2.431795515640894,-0.0038158541698164747,0.42172381918070684,-2.6572768242201192,0.008528452218405808,-0.14713614398313984,0.2258,0.569,-2.479974938220897,0.023639275215634165,-0.359444425807925,0.0555
1787537307.5169396,-2.4312986145421562,-0.003725532226563566,0.4291247870382565,-2.5961821120806023,0.025256251863250135,-0.6582136625905219,0.1674,1.087,-2.417738814700883,0.001174222609452846,0.4440480974431131,0.0144
1787537307.618306,-2.430704432652715,-0.003202628684344801,0.44308261640689567,-2.5286501486069355,0.010467537602782424,0.2781197693395378,0.0989,0.165,-3.0086173199719877,-0.37304904060564176,4.393813937272598,0.6861
1787537307.7204812,-2.4301350336378373,-0.002347355233765945,0.31409523382277593,-2.5331503099928043,0.013077592818351585,0.8142588794863623,0.1042,0.500,-2.7013474284523573,0.06696156294388708,-0.9902058606119221,0.2799
1787537307.7204812,-2.4301350336378373,-0.002347355233765945,0.31409523382277593,-2.5655604891501524,0.031388408129239445,-0.36477690186234296,0.1396,0.679,-2.7013474284523573,0.06696156294388708,-0.9902058606119221,0.2799
1787537307.9050174,-2.4288732457373357,-0.001414368229663502,0.016437409394859305,-2.5653739139471963,0.031436375825340604,-0.4990285634569083,0.1404,0.515,-2.5630388274031364,-0.2452990378272638,2.216486206365205,0.2784
1787537307.982478,-2.4280785720359077,-0.0014470460843164818,0.09912671190430741,-2.5634750911855937,0.031703586012053225,-0.4083338803835649,0.1394,0.507,-2.379910912366022,0.07254223128666022,-0.5569117198527982,0.0883
1787537308.0727046,-2.4273822323237266,-0.0015221409664277488,0.3323808426957629,-2.4728305184139394,0.027185744751816388,-0.2477713463263248,0.0538,0.580,-2.4147829375190524,-0.012683358830589186,0.3644935184221917,0.0168
1787537308.1752987,-2.426218532389309,-0.0012474630654061912,0.6549674908589938,-2.437812770546295,-0.006089327887783942,0.24303008473441087,0.0126,0.412,-2.43099683552058,0.0016865356337501184,0.2558320597351685,0.0056
1787537308.3135746,-2.4236271888020173,0.0005822423767293538,1.0611504980387718,-2.4322769582752364,-0.0027218855931891387,0.31627027931261215,0.0093,0.745,-2.43099683552058,0.0016865356337501184,0.2558320597351685,0.0075
1787537308.3711417,-2.4224466984927675,0.0015671860161561634,1.067208736478079,-2.41614508905728,-0.007892782346571332,1.4839946551194334,0.0114,0.417,-2.43099683552058,0.0016865356337501184,0.2558320597351685,0.0086
1787537308.4468205,-2.421432498201118,0.0021246841951819417,1.0459588711908177,-2.4528316470558957,-0.016993884491414223,0.989964225407513,0.0368,0.056,-2.493462774409098,-0.022059372877148934,1.1040308501846507,0.0760
1787537308.6092548,-2.419190495153205,0.002323463086440891,1.0261638992945867,-2.4366925632073095,-0.013578559173636597,1.3002568070298126,0.0236,0.274,-2.4269443442749212,0.05163990042086815,0.7120677768727268,0.0499
1787537308.6987948,-2.4181161391920774,0.002122194092491503,1.1816153788667052,-2.4858410717666053,-0.02407751414619328,1.8183738059511751,0.0726,0.637,-2.715823988426287,-0.06027271115407018,2.4445913748374446,0.3042
1787537308.7917337,-2.417094534828988,0.0021462918349744488,1.46849028985903,-2.488054312882499,-0.020880260256210082,1.4862765576075865,0.0746,0.018,-2.715823988426287,-0.06027271115407018,2.4445913748374446,0.3052
1787537308.8978634,-2.4162755313186115,0.002484163596533943,1.6281135331746142,-2.499926808938814,-0.010264353182712398,1.220395753266449,0.0846,0.408,-2.531177000911152,-0.003852766067797301,1.1391189403497128,0.1151
1787537308.9865043,-2.415445576675767,0.003172627599993902,1.6869368960099864,-2.542209655120547,-0.004379113963204374,1.200492783988626,0.1270,0.486,-2.7268640281308167,-0.001181949845047617,1.2203957532664487,0.3114
1787537309.1144595,-2.414562178707937,0.0034474303711691007,1.7932197562063017,-2.5429975805674716,-0.004318477103918979,1.2294284158747022,0.1287,0.564,-2.7268640281308167,-0.001181949845047617,1.2203957532664487,0.3123
1787537309.2089643,-2.4140604704036512,0.0032316189857883016,1.844574565976271,-2.5423819764752786,-0.0049459404849933695,2.6591974616182434,0.1286,0.815,-2.4984974043489974,-0.0405535622257058,2.659197461618243,0.0951
1787537309.319225,-2.413515752274536,0.002710893159782218,1.96961608893983,-2.5284579651131973,-0.013382487562808864,1.8817019034980242,0.1161,0.088,-2.585831123839955,0.05995477980661364,0.686111236734482,0.1816
1787537309.4159098,-2.4131039314459,0.0022137425020593575,2.3191415035759073,-2.5457532325049335,0.03719076721694544,0.9183116742991512,0.1372,1.401,-2.585831123839955,0.05995477980661364,0.686111236734482,0.1821
1787537309.4159098,-2.4131039314459,0.0022137425020593575,2.3191415035759073,-2.4667409712337847,-0.02122104577046069,3.0416532211582274,0.0585,0.723,-2.387967580063073,-0.03935982770022566,3.1328317648317436,0.0486
1787537309.5371144,-2.412312637291887,0.0023119042735233485,2.3210787662273757,-2.4695365142286,0.00023082030748584198,2.4804778428685434,0.0573,0.159,-2.482789793101412,0.009163484153614699,2.348867850312121,0.0708
1787537309.6460013,-2.4114813358860503,0.0028625823790910158,2.238369854489649,-2.4687565311941158,0.0005989386908977637,2.395668754539703,0.0573,0.157,-2.9900049249230154,-0.012304326672033468,2.395668754539703,0.5787
1787537309.8202953,-2.409538993741474,0.0035379603272999967,1.6362575110650306,-2.4745798142841915,-0.0001518180332168459,2.4131797484898088,0.0651,0.777,-2.9900049249230154,-0.012304326672033468,2.395668754539703,0.5807
1787537309.915372,-2.408492011871183,0.0034090253980867346,1.333680398867937,-2.4318194285500816,0.008368286938774856,1.9203318287235915,0.0238,0.587,-2.704865113228722,-0.0638077210457092,3.074931452416539,0.3039
1787537309.9962173,-2.4075493737364693,0.003059260884087134,1.2310089340547403,-2.4799556482926186,-0.010188846186243621,1.9915194162329366,0.0736,0.761,-2.4516887959303855,-0.013209946147630087,2.017722300154955,0.0470
1787537310.0853062,-2.4069389092336086,0.002971252186239475,1.1400526829901858,-2.471303561161663,-0.013015882569198053,1.966760320413193,0.0663,0.827,-2.568825765536345,0.05234546154173814,0.2293500575405407,0.1692
1787537310.182544,-2.4062629262420354,0.0032229325591279054,1.0531200872863058,-2.499240506180126,0.020310636922122524,0.797623457063027,0.0945,0.255,-2.568825765536345,0.05234546154173814,0.2293500575405407,0.1698
1787537310.2670841,-2.4055697137328584,0.003825473710830392,0.866244596241077,-2.5004009258350464,0.020850767054811287,1.2600471872999954,0.0963,0.394,-2.47763077341691,0.03262922550517865,0.46948527221858016,0.0776
1787537310.367961,-2.404984663449659,0.0044136898500159285,0.5135027385984439,-2.491440951209149,0.026029123020906618,0.5818857532429159,0.0891,0.068,-2.47763077341691,0.03262922550517865,0.46948527221858016,0.0779
1787537310.4518633,-2.4041717062639125,0.0045384162247734845,0.5069705598156135,-2.50919810926467,0.04175241362090284,-0.3292166009129936,0.1114,0.836,-2.529259558829529,0.0499622044842741,-0.48090567818638486,0.1331
1787537310.6012824,-2.402363272339918,0.003810991921903464,0.6968827829901295,-2.5115006079587214,0.04582637166228377,-0.4543783715147969,0.1169,1.151,-2.529259558829529,0.0499622044842741,-0.48090567818638486,0.1350
1787537310.6775844,-2.4015759974636413,0.0034209205262653794,0.993688758549609,-2.5056835313913943,0.04001466347556096,-0.2259592019283145,0.1104,1.220,-2.529259558829529,0.0499622044842741,-0.48090567818638486,0.1359
1787537310.7586553,-2.40066260312212,0.0033230286691071378,1.0018851760286314,-2.435434173519062,0.01705341374198238,0.714991706455973,0.0374,0.287,-2.3901709902026496,0.014066807032286967,0.7084882608189383,0.0150
1787537310.9149039,-2.3986410156438636,0.004183283105860423,0.7836854521621306,-2.434890932362144,0.017088265023885028,0.7009306942229987,0.0385,0.083,-2.4857296641544067,-0.005135023090108406,1.0942053910787337,0.0876
1787537310.985595,-2.397748540517868,0.00470495937864305,0.4609230738408795,-2.456679954203329,0.005418710677488449,0.8920133893474649,0.0589,0.431,-2.4857296641544067,-0.005135023090108406,1.0942053910787337,0.0885
1787537311.0615938,-2.396809600250223,0.004906267116812233,0.44929195345089046,-2.4578410602516776,0.0030264271385201415,1.6073821390480807,0.0611,1.158,-2.617697060179018,-0.06755261863785134,2.3051859556634655,0.2325
1787537311.1526937,-2.395812791297698,0.004828008791889873,0.44133881940771374,-2.499865456273927,-0.026061269727437747,1.5888527279374867,0.1085,1.148,-2.617697060179018,-0.06755261863785134,2.3051859556634655,0.2334
1787537311.245965,-2.394794257578515,0.004455365371808056,0.5199133865178889,-2.448410948346746,0.014157520664350026,0.0952823202374709,0.0545,0.425,-2.4067492929337835,0.03025160910805756,-0.07894091705205061,0.0284
1787537311.40324,-2.392960242678867,0.0039811745530185134,0.7991359598871628,-2.445419044788346,0.009348454060244487,1.1498696567369566,0.0527,0.351,-2.9444253005784318,-0.6208476056712982,6.498284661563769,0.8334
1787537311.4853878,-2.391945119061776,0.004248515804860589,0.8011780345577758,-2.445169044691886,0.008562249841455821,1.2873963204695646,0.0534,0.486,-2.3219153715384246,-0.0066723167715824,1.0070253053356444,0.0709
1787537311.5658057,-2.3909494779191425,0.004729146969071858,0.7074673546713839,-2.398110606407876,-0.004678546761714015,0.9879311836809783,0.0118,0.280,-2.3219153715384246,-0.0066723167715824,1.0070253053356444,0.0700
1787537311.6489763,-2.3900686411967262,0.005176893271700862,0.4356068407802565,-2.396549750710689,-0.006250007685794556,1.46056126672642,0.0131,1.025,-2.388405938509176,0.015172491496726611,0.6853348000422866,0.0101
1787537311.740035,-2.3891421641075143,0.005331186897622456,0.4266662223995868,-2.3969891761053272,0.005191286776052272,0.8477662152398593,0.0078,0.421,-2.388405938509176,0.015172491496726611,0.6853348000422866,0.0099
1787537311.9103353,-2.3870596482102413,0.00452929824566387,0.555021728535009,-2.3964152221287756,0.006506968583522675,0.36663880362356704,0.0096,0.188,-2.388405938509176,0.015172491496726611,0.6853348000422866,0.0107
1787537311.994787,-2.3861474908492784,0.004111826860861559,0.8620875104752945,-2.4440192431957573,0.03164450646688447,-0.14895683414085567,0.0641,1.011,-2.5191462109466056,0.052944463830941806,-0.6267405747241663,0.1417
1787537312.0657372,-2.3851742645432576,0.004145675719228065,0.8641598143719049,-2.4442154040799307,0.03189887920906829,-0.1726595043683103,0.0652,1.037,-2.5191462109466056,0.052944463830941806,-0.6267405747241663,0.1426
1787537312.1430328,-2.3841368051313614,0.00450230866875598,0.8201566898351818,-2.4338224131731385,0.016433330290895366,0.5428973598214148,0.0511,0.277,-2.4138025905668723,0.011298949656376126,0.6152788622663329,0.0304
1787537312.2356741,-2.3831358505227294,0.005029352514415475,0.6765016562561386,-2.4517143070285323,-0.01951157645047753,1.5259544188248937,0.0728,0.849,-2.5070079612627407,-0.05118054983703466,2.0901476656572116,0.1360
1787537312.3367176,-2.3822730169234103,0.005453193478747747,0.654731766107463,-2.4191076161693306,-8.061779213401621e-05,0.8285567126369031,0.0372,0.174,-2.3817329615692695,0.014466716126128492,0.6079242080436786,0.0090
1787537312.4518769,-2.381317716362004,0.0054707410113466,0.603973137367324,-2.450555386097693,-0.013309606085376478,1.1225157323752606,0.0717,0.519,-2.59898310928982,-0.03813529589344578,1.499205006562892,0.2220
1787537312.5459855,-2.3803228479193463,0.005089886339748115,0.6534331622568985,-2.4454046140417454,-0.03828730125366229,1.2048984180126483,0.0782,0.551,-3.283392662702547,-0.3067675793085185,1.1225157323752608,0.9554
1787537312.6452448,-2.379444614364744,0.004739310765317989,0.8805643739964927,-2.433546982146131,-0.03540208554757411,1.6129409305911648,0.0674,0.732,-2.403885647777709,-0.030731518683616486,1.5291500383788863,0.0431
1787537312.7415946,-2.3785075611881137,0.0047341090833222955,1.1547462482753403,-2.4554110329567553,0.009737682788142452,0.6405563310332212,0.0771,0.514,-2.5267322433858337,0.049720028953234414,-0.07021565187967227,0.1549
1787537312.9182549,-2.3769538597541464,0.005738370329528855,1.3540635271775547,-2.4903229900864057,-0.014944101667396011,1.8637248464820633,0.1152,0.510,-2.540180044957052,-0.03778364538642694,2.4642990082970733,0.1689
1787537313.0075011,-2.3761261358258308,0.005971893293337091,1.3399816148747703,-2.509375979598092,-0.026217254837881978,2.2513521941959826,0.1371,0.911,-2.540180044957052,-0.03778364538642694,2.4642990082970733,0.1698
1787537313.0841827,-2.375206487231133,0.005837024578391384,1.3211204607684386,-2.5147271162131863,-0.02642910040784893,1.6410366802257381,0.1432,0.320,-2.540180044957052,-0.03778364538642694,2.4642990082970733,0.1706
1787537313.1562948,-2.374256228201651,0.005432567694528412,1.3763258286519042,-2.486895416215158,0.009035567166234146,1.2867767459959163,0.1127,0.090,-2.460992239245744,0.01536875789206459,1.194146228123097,0.0873
1787537313.3175886,-2.372929327145767,0.004678294247554947,1.595104654050091,-2.489413925252739,0.011286187034592401,1.1489728171000806,0.1167,0.446,-2.460992239245744,0.01536875789206459,1.194146228123097,0.0887
1787537313.3852074,-2.3723874862763785,0.004773830008144769,1.618734784747847,-2.4667637323878853,-0.012132515570658772,2.252672731939744,0.0959,0.634,-2.43396563912308,-0.024326796810883487,2.427085104749673,0.0681
1787537313.4607885,-2.371811078690776,0.005126899437277411,1.5902517559090692,-2.466340701675371,-0.011112658691738919,2.009427960858624,0.0959,0.419,-3.18818089738311,0.1818461525022712,2.0094279608586243,0.8353
1787537313.5419567,-2.3713147215140133,0.005610564558538739,1.4272069970293706,-2.469423942244116,-0.006465718933022986,1.2692567208205137,0.0988,0.158,-3.18818089738311,0.1818461525022712,2.0094279608586243,0.8357
1787537313.6265886,-2.3708681682899506,0.005893524328622336,1.1369000936140643,-2.4674946994895888,-0.00570522727777339,0.7473976387816779,0.0973,0.390,-3.18818089738311,0.1818461525022712,2.0094279608586243,0.8360
1787537313.724871,-2.370071562768251,0.005634715204262604,1.141314511314164,-2.1550486785576592,0.08564369760135614,-1.3128284211909145,0.2294,2.454,-1.9201678674161347,0.08616111041173102,-1.2965184818362456,0.4571
1787537313.8468878,-2.36920381109894,0.005062382568388567,1.1869629547157348,-2.049459936367969,0.09453025658045253,-0.8966569594466888,0.3320,2.084,-1.9385033615577885,0.08463660522323273,-0.6905424010695317,0.4380
1787537314.009284,-2.3674292605968335,0.004260535195459572,1.467088561821065,-2.0446817522152614,0.09572849406459093,-0.9535496459570731,0.3355,2.421,-1.9385033615577885,0.08463660522323273,-0.6905424010695317,0.4364
1787537314.1185467,-2.3652471932516055,0.004775372986527829,1.3597462380347196,-2.0404844354238145,0.09652289403857436,-0.7731874169495838,0.3375,2.133,-1.9385033615577885,0.08463660522323273,-0.6905424010695317,0.4342
1787537314.1938598,-2.3648177736559233,0.005103668724170662,1.2763285652041036,-2.217200920706514,0.05993015223699702,0.09182291939953002,0.1575,1.185,-2.318129924243256,0.06686424295226735,-0.10321474182526783,0.0774
1787537314.2943234,-2.3643058464202915,0.005313145677361002,1.1302799929418703,-2.267289474366803,0.03221167605928586,1.1598709672843595,0.1007,0.030,-2.4473978719098697,0.003370838380937197,1.5257078069759722,0.0831
1787537314.3987525,-2.3637062681565606,0.005177403232944669,0.9694092890150325,-2.297966507586957,0.02268040823333165,0.6788120488397511,0.0680,0.291,-2.4852976025538522,0.07059513343804684,-0.19146401554102838,0.1381
1787537314.4836028,-2.363067210508135,0.004647418060315906,0.9081127925012422,-2.3632165452145695,0.03940422081176281,0.3594490327454006,0.0348,0.549,-2.4852976025538522,0.07059513343804684,-0.19146401554102838,0.1389
1787537314.564292,-2.3625494220024787,0.004150346157648138,1.0254890837289272,-2.3743567800378496,0.03961921984223745,-0.4933029618815122,0.0374,1.519,-2.365450231903823,0.07908362861970632,-0.4933029618815122,0.0750
1787537314.7205276,-2.361056909904764,0.004672563955513711,1.1678662038947458,-2.3761301817261096,0.05183698346763993,-1.0499041757845888,0.0495,2.218,-2.365450231903823,0.07908362861970632,-0.4933029618815122,0.0745
1787537314.7869608,-2.360165886717941,0.005596949539986955,1.042175404815438,-2.390181416525586,0.05135012772724682,-1.1584591330871479,0.0547,2.201,-2.4401565345081564,0.013974502331042554,0.8944971811683846,0.0804
1787537314.863334,-2.359113120346614,0.006408317752334037,0.8539516920129963,-2.4162323186014216,0.02447633537408276,0.602067739048666,0.0599,0.252,-2.4401565345081564,0.013974502331042554,0.8944971811683846,0.0814
1787537314.9644203,-2.357961422645156,0.007095362670414626,0.6822920863300531,-2.3932759520726585,0.026409862500821082,0.5884687066993397,0.0403,0.094,-2.6976699940836353,-0.05382188103169683,0.5884687066993397,0.3451
1787537315.1192844,-2.3554881852630745,0.007228371545079768,0.28022643865374375,-2.3956255938323845,0.024964152351176397,0.6008929283827964,0.0439,0.321,-2.6976699940836353,-0.05382188103169683,0.5884687066993397,0.3476
1787537315.212153,-2.3543637199948537,0.007169842354464205,0.2801796426261157,-2.395733728792093,0.027933923562816584,-2.2587641844741158,0.0463,2.539,-2.6976699940836353,-0.05382188103169683,0.5884687066993397,0.3487
1787537315.3020146,-2.3532002949187416,0.00745075148612987,0.35369922407588317,-2.4519156398778668,0.0461367098167081,-0.16268761171242202,0.1060,0.516,-2.720180723923836,-0.30181790699238537,1.6197677486632418,0.4799
1787537315.382615,-2.351970444374371,0.008539439041746172,0.3256782846712276,-2.4870417491451566,0.04695144174446496,-0.44967459988531516,0.1404,0.775,-2.720180723923836,-0.30181790699238537,1.6197677486632418,0.4816
1787537315.4754367,-2.350782484797675,0.009848997053301979,0.17641406905753715,-2.4876118468917734,0.04627734591061714,-0.3839915493228166,0.1416,0.560,-2.3138590177328395,0.014123959491649744,0.18045753272433881,0.0372
1787537315.5739715,-2.3499997597040085,0.010924581989160471,0.11102139697316539,-2.4157155093056417,0.012571649182834804,0.2954165261291091,0.0657,0.184,-2.424446887818527,0.009075941609595971,0.34926828115679975,0.0745
1787537315.656005,-2.3491271995777017,0.011595985901121974,0.016956780960473473,-2.44049767414254,0.030351938372156804,-0.2467002220041818,0.0933,0.264,-2.504303738381502,0.05556463508816654,-0.6984777667576758,0.1613
1787537315.7385259,-2.348197267909238,0.011968191370589097,-0.050104011269297435,-2.4778602731025368,0.026759196895967743,-0.29027063032897416,0.1305,0.240,-2.6438135493718766,0.02575247407575372,-0.2467002220041818,0.2959
1787537315.8997438,-2.3465391916315252,0.0126450186294972,0.24325114976906728,-2.4789001520155107,0.026793956185502482,-0.36399637621410097,0.1331,0.607,-2.6438135493718766,0.02575247407575372,-0.2467002220041818,0.2976
1787537316.0049274,-2.345551253201969,0.013273365521582148,1.8833565696307206,-2.4820282806262854,0.02679081473665635,-0.38075812932725295,0.1371,2.264,-2.6438135493718766,0.02575247407575372,-0.2467002220041818,0.2985
1787537316.0634315,-2.345169731104452,0.013588343906468774,2.634235097679073,-2.449434171809163,0.034714396988123265,2.3327453936018827,0.1064,0.301,-2.38895654536977,0.07815235661759497,-0.38075812932725295,0.0780
1787537316.1409967,-2.3449341539887776,0.013691647723690999,3.203970791750292,-2.501438614720187,-0.02714070865910135,3.761541786726746,0.1617,0.558,-2.662265437072773,-0.07103649779257773,4.449470369243776,0.3284
1787537316.306662,-2.344716265168702,0.013240859851275951,4.263524454932613,-2.4767026009614805,0.027805902642106976,2.857509328077165,0.1328,1.406,-2.4817542872942204,0.0566616669380779,2.3508071912775494,0.1438
1787537316.4219666,-2.344286660101751,0.011726939945645498,5.536728664315197,-2.4788860967957915,0.028432098551816883,2.988278519852225,0.1356,2.548,-2.4817542872942204,0.0566616669380779,2.3508071912775494,0.1446
1787537316.4701319,-2.344159750115488,0.010978814672027487,6.33021987527174,-2.48070291384492,0.02894679169928943,3.0945162596025018,0.1377,3.236,-2.4817542872942204,0.0566616669380779,2.3508071912775494,0.1450
1787537316.5962152,-2.34325319361145,0.01066680672883101,6.377179392015678,-2.430781812828363,0.0030093239872379766,4.470956330714779,0.0879,1.906,-2.3691432441295275,0.0005386469520820687,4.463802377584876,0.0278
1787537316.6845403,-2.3427548710928865,0.010874156355881405,6.39310380576451,-2.452757315588749,0.04106589317159442,5.218233984284595,0.1141,1.175,-2.508478862997156,0.08174841506675475,4.622912101414452,0.1802
1787537316.8052995,-2.3416227715167093,0.011420685411208376,6.040422925418142,-2.452577644333338,0.04393994843602075,5.516014527741782,0.1156,0.524,-2.508478862997156,0.08174841506675475,4.622912101414452,0.1811
1787537316.9060743,-2.3400397538592665,0.010970308943671682,5.539355854507713,-2.4524598074610986,0.04603563426333633,5.728308829842925,0.1178,0.189,-2.508478862997156,0.08174841506675475,4.622912101414452,0.1827
1787537316.974993,-2.338828009057962,0.010127100802584721,5.330227611248554,-2.345193578158384,0.0050975277603701186,6.676317768511711,0.0081,1.346,-2.189703487270174,0.2831994873941589,3.864117601621048,0.3111
1787537317.0502923,-2.3375635454222303,0.00903994712157643,5.202710794744307,-2.3074924615521035,0.004185458643164386,6.186058362893638,0.0305,0.983,-2.189703487270174,0.2831994873941589,3.864117601621048,0.3115
1787537317.133693,-2.3364029765653025,0.007847889743237304,5.251133977607911,-2.3052314197948647,0.014896767441878723,5.497492626573619,0.0320,0.246,-2.3181065360063755,0.01940092766514333,5.418373530882578,0.0216
1787537317.2922604,-2.334347630862498,0.007085201089999812,5.307035650799471,-2.293518084621259,0.014511340393019701,5.662377476324616,0.0415,0.355,-2.3181065360063755,0.01940092766514333,5.418373530882578,0.0204
1787537317.4126234,-2.3323269557648976,0.007268179497578992,5.115194534055219,-2.2825492190286454,0.014180849115633564,5.814011339332389,0.0503,0.699,-2.7828588183295615,-0.619407698655432,11.497151575551937,0.7718
1787537317.5037472,-2.331402285620279,0.007243283194360505,4.849202641128594,-2.2753753797558924,-0.002479550620609456,6.451025599752961,0.0569,1.602,-2.3987452721105393,0.022124329600906475,5.21872529793988,0.0690
1787537317.6023998,-2.330385888149482,0.0069511303929946,4.8541471407827235,-2.361589092980571,0.020029754885387215,5.224161190280064,0.0338,0.370,-2.544498968918206,-0.05484288026634744,6.7338988488295195,0.2229
1787537317.691391,-2.3292610420172726,0.006282954250421114,4.89776488739976,-2.4153515765674425,-0.007922928844897623,5.988815039932734,0.0873,1.091,-2.406698894761428,-0.0029380514389149405,5.594541532397176,0.0780
1787537317.7819853,-2.328229360511554,0.005449292693920179,5.124688032737471,-2.414752743876791,-0.006027579937303864,5.412225841617198,0.0873,0.288,-2.2796996174624895,0.028451658739452122,5.038602170102825,0.0537
1787537317.8962703,-2.327230474147147,0.004864761004541381,5.447499221328294,-2.3649454587320875,0.01789610518257214,5.179168587062484,0.0399,0.268,-2.3574763515367874,0.06828869306375354,3.91577408196348,0.0703
1787537317.98992,-2.3261254648463185,0.005303618645718849,5.43578896025836,-2.3344982547654394,0.02773581863029712,5.000023467064362,0.0239,0.436,-2.314580993442363,0.011108769401802391,5.257809195169867,0.0129
1787537318.0842466,-2.3250992438353113,0.006014586002962411,5.268239670889292,-2.3313101951380957,0.02933560227126212,4.866372635898076,0.0241,0.402,-2.2685853206082003,0.031201349655164003,4.814041152408322,0.0619
1787537318.1744142,-2.324130811293755,0.006553050759537294,4.9600656514012735,-2.369390011411479,0.02495161324684992,5.182086565494264,0.0489,0.222,-2.6495241653912225,0.00825261807882696,5.458599565593874,0.3254
1787537318.2687187,-2.3230587073603166,0.006681324693268615,4.9592784797636105,-2.3687538581645913,0.033226468466575704,3.560126427173528,0.0528,1.399,-2.425972431597491,-0.002664603383329057,5.678303269350327,0.1033
1787537318.3660896,-2.321911897475221,0.00649808951561693,5.020586152769786,-2.371983703929827,0.0469938864409183,4.738859793495777,0.0644,0.282,-2.3653552809191556,0.07328920297282475,4.324341913051767,0.0797
1787537318.4507506,-2.320888723219933,0.006241494579764815,5.288088062802479,-2.443907589944845,0.04952030377283904,4.093881094940119,0.1304,1.194,-2.5881771810486667,0.08204160124803053,3.4132140305287773,0.2778
1787537318.5383527,-2.3202135049893973,0.006304788565272697,5.302750722821864,-2.4567699986533356,0.058888247678685626,2.711431299212787,0.1463,2.591,-2.307404392836235,-0.9185844469573207,13.158813690933531,0.9250
1787537318.6314735,-2.3194916415729048,0.006748704512051546,5.309297531469825,-2.437078494567746,0.06517593606920807,4.720446200182401,0.1313,0.589,-2.307404392836235,-0.9185844469573207,13.158813690933531,0.9254
1787537318.8184056,-2.318642296944727,0.008051713839454312,5.070254871405009,-2.427890908619983,0.0578499630814305,4.824971960079021,0.1201,0.245,-2.3601015776352217,0.0486288420461085,4.824971960079021,0.0580
1787537318.9081812,-2.3183396547323345,0.00831282234243016,4.9442391000609645,-2.4090742351088887,0.057103917591098674,2.7857935596764927,0.1030,2.158,-2.3601015776352217,0.0486288420461085,4.824971960079021,0.0580
1787537319.0028844,-2.317946451668805,0.00824092675603939,4.869084766596697,-2.4089140155386852,0.05689117065249678,2.797330970438001,0.1032,2.072,-2.2509591119829335,0.09326927398524466,3.0084126748758138,0.1082
1787537319.0844135,-2.317658644056162,0.008039423262011194,4.982799884450483,-2.334245252751294,0.08812759213676188,3.1703080596392956,0.0818,1.812,-2.372690487503218,0.060397203357466504,4.125373194211281,0.0760
1787537319.1671662,-2.3173795511282878,0.008133121242818115,5.181255808630687,-2.3551915107769728,0.06941540382469791,4.032307530778742,0.0720,1.149,-2.372690487503218,0.060397203357466504,4.125373194211281,0.0761
1787537319.3187099,-2.3159793410182865,0.009981650438310567,5.0721882388427675,-2.3957802687723655,0.03861350753000076,4.794269508592772,0.0848,0.278,-2.5594655731280023,0.0002506290109519788,5.40373724394278,0.2437
1787537319.3877082,-2.3150760229047327,0.010975306275743835,4.958257434802212,-2.396541633497561,0.037674208362579814,4.819690737736122,0.0857,0.139,-2.5594655731280023,0.0002506290109519788,5.40373724394278,0.2446
1787537319.5206094,-2.3131554252436946,0.012271302135253945,4.5666847402611035,-2.397262003435807,0.03679133414036048,4.842828573261589,0.0876,0.276,-2.5303762172456814,0.18229910180552622,4.842828573261589,0.2759
1787537319.6009035,-2.3121117286134343,0.012242798700694411,4.470256136551295,-2.3995045622993403,0.041839819601642236,3.834524621089244,0.0923,0.636,-2.334422538644528,0.062322706714511164,3.834524621089245,0.0548
1787537319.672695,-2.3110929734371095,0.011990446134257496,4.4940449804331,-2.374051104359941,0.04764614189997033,3.8180026666478026,0.0724,0.676,-2.334422538644528,0.062322706714511164,3.834524621089245,0.0555
1787537319.7515044,-2.310178197690807,0.011802071287915994,4.6627355759122855,-2.373866497096737,0.04705341505803858,4.051099519696169,0.0728,0.612,-2.3579732780858365,-0.0011277124222782888,5.343562884655331,0.0495
1787537319.9037225,-2.3088272972490063,0.012388074313051348,4.900930833323531,-2.3637914131754725,0.00922504548007446,5.181390742760771,0.0551,0.280,-2.3579732780858365,-0.0011277124222782888,5.343562884655331,0.0510
1787537320.0051222,-2.307626153874195,0.013141931618289807,4.90510462975595,-2.362542825505516,0.004339302342454379,5.258573312407831,0.0556,0.353,-2.3579732780858365,-0.0011277124222782888,5.343562884655331,0.0523
1787537320.0713048,-2.307111371254479,0.01312077671863149,4.833931376816963,-2.4097481500963456,0.03636242186336715,4.33401003759071,0.1052,0.500,-2.4585933507200086,0.05515960794287768,3.924112789095248,0.1572
1787537320.1570556,-2.306512233999645,0.01284225247479775,4.729838355128747,-2.387025736931285,0.005835358018447152,5.671963875729199,0.0808,0.942,-2.3840574091954565,-0.008277174154270435,5.861463114120066,0.0804
1787537320.2504692,-2.305821048832621,0.01226261469926606,4.632833435318402,-2.384307131116717,0.012026274723626038,5.123613997942743,0.0785,0.491,-2.3853253275357793,0.01637642284170041,5.055364721431907,0.0796
1787537320.3329165,-2.3051435033558847,0.01138282206604036,4.678084349775914,-2.343685007556138,0.0274299064191715,4.959495274439235,0.0417,0.281,-2.2607881631387134,0.03598177969663276,4.834458945164281,0.0507
1787537320.516332,-2.3039473866941504,0.010206850903450184,5.085780794961429,-2.3119593643365577,0.03630432234884425,4.711595078417144,0.0273,0.374,-2.2545496827596305,0.037706573798132026,4.693959364938615,0.0565
1787537320.5856624,-2.303904345445864,0.010104408637376494,5.297722709385014,-2.3048471718466432,0.03701501630275134,4.721270388711843,0.0269,0.576,-2.2545496827596305,0.037706573798132026,4.693959364938615,0.0565
1787537320.7155337,-2.304216649219004,0.009646920897638802,5.2705260247118115,-2.299146442045535,0.037584245965361744,4.728876613570009,0.0284,0.542,-2.2545496827596305,0.037706573798132026,4.693959364938615,0.0570
1787537320.7664802,-2.304138008854292,0.009218074639644656,5.233854089873453,-2.2958982150310177,0.03851951554826347,4.132777917751584,0.0304,1.101,-2.2545496827596305,0.037706573798132026,4.693959364938615,0.0572
1787537320.9064417,-2.3034666892039684,0.007521442409741788,5.323322506790833,-2.3155033114067725,0.037833988054388465,2.5706186108172506,0.0326,2.753,-2.618042320408883,0.1315868144780434,2.782906135862534,0.3382
1787537320.9889224,-2.3030921113725364,0.006338878099391999,5.546182763513942,-2.4174667866308788,0.0489850640307954,4.368703987937934,0.1221,1.177,-2.017211889991957,-0.009793690247662273,7.095364258601731,0.2863
1787537321.073418,-2.3028073961181734,0.005294557570604655,5.899415182850896,-2.2652567354884527,0.024009254226152743,5.411758952369008,0.0420,0.488,-2.3056853204336076,0.033222542268583594,5.216016768284963,0.0281
1787537321.161457,-2.3019418965954057,0.005132472085559507,5.909774188310299,-2.2665141007415635,0.026716420784731673,4.82949145818295,0.0415,1.080,-2.3182680940862985,0.07903476648182618,4.7023006165691505,0.0757
1787537321.253852,-2.3010393334543617,0.005329555790893779,5.8781065787296445,-2.324237944223319,0.03869290560563324,5.333729272495306,0.0406,0.544,-2.4811953957938786,0.0696598859323065,4.488089335225243,0.1913
1787537321.3409145,-2.3002523761445435,0.005678420806891498,5.6650388059269545,-2.3328628936224396,0.047714163305314965,3.8557711332774396,0.0532,1.809,-2.2210370456071775,0.048648960288115856,5.55149651528099,0.0901
1787537321.5080428,-2.297931666012949,0.0054945035297336645,5.007856875354803,-2.2852316403925,0.04856891700390761,5.492455265838192,0.0449,0.485,-2.2812633803334195,-0.01907896895920763,6.11725126506986,0.0297
1787537321.5910604,-2.2966525224375403,0.004931139067157222,4.74161470640448,-2.287432166256274,0.05856515623610569,3.5267000399116504,0.0544,1.215,-2.2042001667913373,0.13524763637508408,3.526700039911651,0.1598
1787537321.6816416,-2.2954804318002933,0.004295228396516432,4.640739392508002,-2.287564095220894,0.06369086413448334,3.4762285271740208,0.0599,1.165,-2.7957724647693674,0.6684942613550755,-1.6550971443980904,0.8315
1787537321.7636578,-2.2943768981149852,0.0045521992391189415,4.6451756498310885,-2.2905110645032343,0.07345595449527921,3.4433533322832504,0.0690,1.202,-2.7957724647693674,0.6684942613550755,-1.6550971443980904,0.8320
1787537321.916925,-2.2921200450337027,0.006467279361897789,4.58944648498794,-2.2544585345757135,0.10390042539029201,3.810669035224787,0.1045,0.779,-2.13135591599929,0.1330709639652108,3.5484090645078203,0.2046
1787537321.9862561,-2.2911112237330156,0.007561159086692445,4.354256730687131,-2.2511905665826135,0.10889235212308632,3.7634548678857307,0.1089,0.591,-2.13135591599929,0.1330709639652108,3.5484090645078203,0.2032
1787537322.1104078,-2.2890617658726935,0.008904367019583439,4.304673958789248,-2.2494756184435247,0.12200060438703232,2.534766028103418,0.1198,1.770,-2.51146375512161,0.07306232223446292,3.22008307945631,0.2315
1787537322.187359,-2.2879293418542,0.009237982119627454,4.296555752255271,-2.404558949971122,0.06282073855581424,3.504786470702632,0.1283,0.792,-2.5673675333426544,-0.03776710912124992,3.504786470702632,0.2834
1787537322.2608063,-2.2868156997962146,0.009370797936782525,4.393726016103823,-2.407933843933412,0.05656159543326558,3.503745101376781,0.1300,0.890,-2.5673675333426544,-0.03776710912124992,3.504786470702632,0.2845
1787537322.3431082,-2.2862072532327553,0.00995127747885829,4.413575400643126,-2.4227056081130525,0.06040447140362074,1.0030595403791644,0.1455,3.411,-2.5680546081816478,0.09063350001343497,2.6270624191582197,0.2932
1787537322.4417753,-2.285567141766553,0.010802101698487793,4.47236252434563,-2.4986808245550054,0.07679857361931809,3.019885603507802,0.2231,1.452,-2.4691860895543876,0.0632790116686882,3.2619803126661533,0.1910
1787537322.6163714,-2.2843272335257825,0.013783687354785763,4.546895224376078,-2.459937662934539,0.09263917356851714,2.9624553035287366,0.1925,1.584,-2.338148197571959,0.09141369309117778,3.0274257749652125,0.0945
1787537322.6954267,-2.2842401328691033,0.014858015207036092,4.5139125210390745,-2.4629348892345475,0.026712786174441325,4.647635782106159,0.1791,0.134,-2.5959300793962896,-0.05580402841383427,5.9239194974184475,0.3196
1787537322.7764885,-2.284058046081733,0.015619545029106766,4.467001838168354,-2.4748230227484607,0.021506987418763886,4.706465177792375,0.1909,0.239,-2.949172472286827,0.4689789116834624,-0.21513002315524604,0.8049
1787537322.856038,-2.283792571895786,0.01612700855892426,4.44537759922028,-2.485690454391154,0.02179175934030649,3.6577598631983625,0.2020,0.788,-2.586101455049906,0.06059965946812058,3.6577598631983625,0.3056
1787537323.0211058,-2.2834450553106076,0.01686611705367562,4.833914550189199,-2.5263617257791036,0.05215448196830886,3.4186997744260963,0.2455,1.415,-2.580183608167262,0.06804001565541097,3.4186997744260967,0.3011
1787537323.1057692,-2.282952570375131,0.01769735292411227,4.819992580474418,-2.5494117334200355,0.055027982932461784,3.380751319298644,0.2691,1.439,-2.2982627651236087,0.009537393702905204,4.621824462915806,0.0173
1787537323.1877847,-2.2824222235557468,0.01884803113528922,4.765665000919803,-2.369141248956255,0.029429858460846288,4.801219980502942,0.0874,0.036,-2.314116255672545,0.12093128709842334,3.8635484220986798,0.1069
1787537323.3090787,-2.281003233352317,0.020519020603669,4.545603954672168,-2.365528233526365,0.02654011927477417,4.868679645710838,0.0847,0.323,-2.314116255672545,0.12093128709842334,3.8635484220986798,0.1057
1787537323.3615668,-2.2801831193516002,0.021013200832229892,4.360705120482875,-2.3625040712158074,0.024132226443500212,4.923820928748113,0.0824,0.563,-2.418265851519104,-0.9206356074027702,14.80989293205224,0.9517
1787537323.5105786,-2.2783193427586905,0.020741240243094258,4.148016957212126,-2.4014347271155283,0.01846439001852094,5.012213512213667,0.1231,0.864,-2.2693390224380816,0.01104916580084597,5.1131189615373325,0.0132
1787537323.6008346,-2.277381090321378,0.020157316764006814,4.227546546068455,-2.3262085382498214,0.011220635377317236,5.116284621803859,0.0496,0.889,-2.2693390224380816,0.01104916580084597,5.1131189615373325,0.0122
1787537323.695377,-2.276521456601109,0.01979087932183066,4.45403625727269,-2.334067640469728,0.011913556660756969,5.12861164833077,0.0581,0.675,-2.2860609268653604,0.08984137776763321,2.930048711443495,0.0707
1787537323.7748666,-2.275879112085933,0.019931215334540325,4.671675490265143,-2.3173730516092474,0.05214063309069721,3.619292548977175,0.0525,1.052,-2.2860609268653604,0.08984137776763321,2.930048711443495,0.0706
1787537323.8507726,-2.275234990288172,0.02034318168158677,4.814222657683348,-2.3163807453689804,0.04543935617461078,5.642520721211252,0.0482,0.828,-2.529334064960164,0.05121396083280051,3.4637307462209286,0.2560
1787537323.934368,-2.2747643776727324,0.02031759485229403,4.801406629401542,-2.3534787125264143,0.015443990476661645,5.143409814045139,0.0789,0.342,-2.3561208458980176,-0.3921521151900196,9.05527703241848,0.4204
1787537324.0352125,-2.2742022446403016,0.020097526512724815,4.730077447451532,-2.34511638953106,0.013184638693335759,5.548579607433316,0.0713,0.819,-2.333603242601008,0.013620703086625533,5.524254400433539,0.0598
1787537324.132993,-2.273504325560193,0.019479877757002967,4.66928009731987,-2.3520429984306856,0.0029401075113615633,5.708356817447731,0.0803,1.039,-2.3583761930327944,-0.0005206309330463738,5.759337526290756,0.0872
1787537324.2402375,-2.2727885513850863,0.018561085512515767,4.721721437871988,-2.341257815470061,-0.03889933512512609,5.927400180311458,0.0894,1.206,-2.92288044179442,-0.28411561807554,5.708356817447731,0.7171
1787537324.392837,-2.2709300277729074,0.01753582364861838,5.253883545826389,-2.3403280735902756,-0.043558554941838135,6.008738231652143,0.0925,0.755,-2.92288044179442,-0.28411561807554,5.708356817447731,0.7184
1787537324.505413,-2.268405365076377,0.017676199604916887,5.671439548905377,-2.339612873094663,-0.04711614539753351,6.069402061524045,0.0963,0.398,-2.3651174444953353,0.016116577481422974,5.096888092087983,0.0967
1787537324.5916598,-2.267441000775667,0.017562333852381668,5.662722152855114,-2.3636513290833077,0.0017886563091345407,5.361191400521296,0.0975,0.302,-2.16981267507741,-0.4032312614032062,8.624810511782586,0.4320
1787537324.7192612,-2.2664400604615795,0.01719118139541157,5.573298533637675,-2.336976262537047,0.006724023585267854,5.1810196783054385,0.0713,0.392,-2.16981267507741,-0.4032312614032062,8.624810511782586,0.4314
1787537324.7192612,-2.2664400604615795,0.01719118139541157,5.573298533637675,-2.31580780855482,0.007978897692207563,5.412999083829493,0.0502,0.160,-2.3061481214520265,-0.00028150367967282925,5.636215293235323,0.0434
1787537324.8390856,-2.2652879023553867,0.016372316450565534,5.489344143726307,-2.3172492988832407,0.011295023348350006,4.7806025932543585,0.0522,0.709,-2.317216504248334,0.26103807591918077,3.243207595613607,0.2501
1787537325.0100951,-2.2631881266330667,0.014614706274834573,5.873308015801825,-2.3114436345068423,0.02603766711556165,5.4938415746966,0.0496,0.379,-2.595490688297538,0.03131502517109628,5.569085030739033,0.3327
1787537325.0915117,-2.262366903578794,0.01471507036622165,6.0571016283879215,-2.3469277542431772,0.03251941888133206,5.696297351410368,0.0864,0.361,-2.3307814010305985,0.032328598649706934,5.715097469293229,0.0706
1787537325.1788237,-2.261582466985154,0.015066254631454303,6.141710861186077,-2.3481674760607856,0.03571401806559507,5.21653459478822,0.0890,0.925,-2.326716201583664,0.08610727814634987,4.776705310301226,0.0964
1787537325.2569923,-2.2611723760878077,0.015317357533737697,6.137134509069812,-2.340841026361991,0.06567477296835357,5.060973913548046,0.0942,1.076,-2.326716201583664,0.08610727814634987,4.776705310301226,0.0965
1787537325.3339343,-2.260662326525483,0.015251994766953537,6.0865970309840955,-2.3422815357632287,0.07090626495262208,2.370790560084407,0.0988,3.716,-2.6097548356758566,0.1665626958180341,2.9548632125450216,0.3805
1787537325.4393628,-2.260075402852832,0.014950559424690257,6.043416681841928,-2.416106207888578,0.09266955535312801,4.226154385264533,0.1743,1.817,-3.3326590040927773,-0.005187028533056415,4.226154385264535,1.0728
1787537325.6204684,-2.2589743048392306,0.01392405821606409,6.387621613486001,-2.4305491266762953,0.10868011218417048,2.5607394804812706,0.1960,3.827,-3.3326590040927773,-0.005187028533056415,4.226154385264535,1.0739
1787537325.701424,-2.258255852145879,0.014535044807547026,6.378622082572103,-2.47854292132462,0.09561589507512529,4.408847740019278,0.2347,1.970,-2.5363594697924485,0.09622400738992513,4.315532451489151,0.2899
1787537325.7839463,-2.2575174404581357,0.015449298344370907,6.316395596756915,-2.484619974537115,0.1000150169612953,3.378102894655041,0.2423,2.938,-3.35412849954454,0.16185693277121782,3.3781028946550418,1.1063
1787537325.8774765,-2.2573247024425567,0.016386265687426488,6.208404918376597,-2.4965546792882227,0.11071612879848777,2.3560890907604475,0.2572,3.852,-2.420556202242137,0.13241055555040213,4.203827532029576,0.2003
1787537325.9829001,-2.257007993930624,0.017170874509813652,6.036044817636323,-2.4612373834693937,0.14898207362082677,3.402066755434757,0.2431,2.634,-2.3309270538081623,0.10419067525212865,4.943506656758008,0.1142
1787537326.0905213,-2.2565352574398614,0.01753835849469634,5.8289487660237125,-2.424793623179636,0.14225363911916947,4.113457292692509,0.2094,1.715,-2.3309270538081623,0.10419067525212865,4.943506656758008,0.1142
1787537326.171173,-2.2560675543874793,0.017565737285563935,5.781878225780921,-2.431781825978561,0.15436087139760976,2.2874840257664477,0.2227,3.494,-2.3476952017961707,0.07779120443337738,5.215735817716049,0.1096
1787537326.244597,-2.2556955206446654,0.01775563319871769,5.877772047721259,-2.3870759113513245,0.10356820404127069,4.738536240865261,0.1569,1.139,-2.3476952017961707,0.07779120443337738,5.215735817716049,0.1099
1787537326.409215,-2.255553858197352,0.019957399844168524,5.781707532945989,-2.3941111988227055,0.11059206491879381,2.555353602435569,0.1656,3.226,-2.3476952017961707,0.07779120443337738,5.215735817716049,0.1088
1787537326.5141928,-2.2555999518323437,0.021549524366266185,5.612924801830084,-2.417632339228477,0.0701445078817606,4.954776764869868,0.1692,0.658,-2.4336627040682948,0.046956053709827916,5.266893095182084,0.1799
1787537326.5141928,-2.2555999518323437,0.021549524366266185,5.612924801830084,-2.4205534298637237,0.0741522569322624,4.54244376190059,0.1731,1.070,-2.396124677825308,0.06357414317583243,4.671162450508115,0.1467
1787537326.710452,-2.2546990135034224,0.023311618055587804,5.539726162675495,-2.412775574344642,0.07089207840225666,4.1641239072709455,0.1651,1.376,-2.380507479841386,0.6205259309227825,-0.855993749282028,0.6103
1787537326.8045154,-2.254141280895883,0.02372736264547127,5.585661415852118,-2.496898806820019,0.13057975309677652,3.493779037752871,0.2652,2.092,-2.8168199728685,0.14278273482787784,3.4937790377528706,0.5751
1787537326.8884194,-2.2536988362471324,0.024120739417023796,5.812186628751935,-2.502041886502491,0.15253637307448192,3.364590299113842,0.2796,2.448,-2.8168199728685,0.14278273482787784,3.4937790377528706,0.5755
1787537326.9639654,-2.2532364138414165,0.02490052630732611,6.101599429379786,-2.503180931742719,0.1541557784145493,3.3372830249633494,0.2814,2.764,-2.1917603132182455,0.055187348286649805,5.569087986593779,0.0685
1787537327.1220438,-2.25131369969946,0.027784230763914293,5.92414637369551,-2.3337895069355192,0.0883075395041309,5.008636712269339,0.1023,0.916,-2.1917603132182455,0.055187348286649805,5.569087986593779,0.0656
1787537327.2160075,-2.2503627376794118,0.028896223321667032,5.888654878423825,-2.3570092442083537,0.0647097230318004,5.336690374291786,0.1125,0.552,-2.4363596751732555,0.06111971630638065,5.342208664455148,0.1888
1787537327.3022707,-2.2493125407999215,0.02963959910249528,5.792056706459212,-2.3005130211017404,0.06299735919932989,5.525266765629913,0.0611,0.267,-2.2766849574027503,0.06255231759639863,5.533056875855698,0.0428
1787537327.419348,-2.247017371888161,0.030293639728017737,5.759292234578851,-2.2943248441994397,0.0608080213763572,5.579185752008586,0.0563,0.180,-2.2766849574027503,0.06255231759639863,5.533056875855698,0.0438
1787537327.4676795,-2.2459588348079635,0.0305379807267261,5.903560635996064,-2.289125578994143,0.05897256210307827,5.623414913278028,0.0517,0.280,-2.2766849574027503,0.06255231759639863,5.533056875855698,0.0444
1787537327.5943906,-2.2438724239494046,0.03159921072643665,6.0959523771692705,-2.27781615338989,0.0530231821567243,5.38967439861854,0.0401,0.706,-2.2678026854580273,0.018999749724264943,5.699315875432137,0.0270
1787537327.6736813,-2.242818555378872,0.0326528864919146,6.145095244179505,-2.2877438443929754,0.058219322130962176,5.429592263223401,0.0517,0.716,-2.2981089714435097,0.05850131998501088,5.4373206046835,0.0610
1787537327.7764237,-2.2417872122929037,0.03396053769153427,6.109138591575748,-2.27051449924967,0.06548817416583841,5.947776474511123,0.0427,0.161,-2.23318141548076,0.07961215820116266,5.607235780668963,0.0465
1787537327.921237,-2.2404178002643675,0.03510497272055751,5.918452427832793,-2.2636291144370615,0.06444152092050588,6.0162128955686445,0.0374,0.098,-2.23318141548076,0.07961215820116266,5.607235780668963,0.0451
1787537327.9721875,-2.239668929630994,0.03504237691638688,5.787146058388662,-2.2575489716631845,0.06352370210018392,6.075391538093185,0.0336,0.288,-2.23318141548076,0.07961215820116266,5.607235780668963,0.0450
1787537328.1040523,-2.238251346536777,0.03422845807691254,5.696402405983322,-2.387062105832103,0.02233254398465076,7.095455653122664,0.1493,1.399,-2.7892474732533468,0.5531684206548677,1.593369434179756,0.7569
1787537328.1962526,-2.2376547718015423,0.03381785565836998,5.834566093165359,-2.4315939023601314,-0.017159388993273593,7.266090018011497,0.2005,1.432,-2.344718204325171,-0.4382240692534803,11.042444225070065,0.4840
1787537328.2814512,-2.2368360107861585,0.033968163171513986,5.834450075623495,-2.398968584204807,-0.0425912937387969,7.336359677171955,0.1793,1.502,-2.344718204325171,-0.4382240692534803,11.042444225070065,0.4844
1787537328.3759117,-2.2359793040303466,0.03444487555115649,5.804021652963522,-2.4004678313803316,-0.026326913065732517,7.302626959083777,0.1754,1.499,-2.638812161478712,0.06311630064256657,7.336359677171955,0.4039
1787537328.4591649,-2.2355653339947863,0.034716818098882586,5.863323856543674,-2.406289534157079,-0.03547934087065391,7.424431347559753,0.1846,1.561,-2.509585450716568,0.023744831195076078,6.038004272779789,0.2742
1787537328.6215346,-2.2345396349067137,0.03441322461675771,5.6644246421469715,-2.4495773904910116,0.0037995706414549538,6.353611343979116,0.2172,0.689,-2.509585450716568,0.023744831195076078,6.038004272779789,0.2753
1787537328.6984515,-2.2339360917816555,0.03368195148498094,5.58418516030508,-2.3783427849168612,0.03935331322053118,6.503956682690333,0.1445,0.920,-2.3072548462645557,0.06788594073516938,5.9382012114699805,0.0809
1787537328.7862632,-2.2334115210451686,0.03280359776729707,5.659609545348429,-2.379962563998619,0.03967867727887709,6.5550319157458325,0.1467,0.895,-2.4207552219424127,-0.019943579181288643,6.7327403787362945,0.1946
1787537328.8785338,-2.233302920162577,0.032162218048326655,5.730589169095655,-2.395599719783188,-0.002946322451655617,6.509253213214487,0.1661,0.779,-2.4207552219424127,-0.019943579181288643,6.7327403787362945,0.1946
1787537328.9536667,-2.2331434694495402,0.03192570680997003,5.810659395645175,-2.400058275740859,-0.009697724609355918,6.5676610227802374,0.1720,0.757,-2.272166022562813,0.03696730679487326,6.219852262483914,0.0393
1787537329.108459,-2.2329299131669265,0.03202962294837144,5.681844098427043,-2.3274821510201424,0.021420397250860368,6.52201607967303,0.0951,0.840,-2.272166022562813,0.03696730679487326,6.219852262483914,0.0395
1787537329.2002697,-2.2321924347413997,0.03195813507654709,5.668668953888202,-2.3598619754242294,0.0022678997937183205,7.026996703596659,0.1311,1.358,-2.3948479297214913,-0.24628132164052527,9.320973632505352,0.3223
1787537329.2771883,-2.231334409486874,0.031529246638641026,5.64612522917086,-2.339174199715798,0.02825917769316855,6.6935322367773225,0.1079,1.047,-2.3129443279668664,0.03909644168680224,6.486932775962957,0.0820
1787537329.3650973,-2.2304093296926046,0.03082233208378304,5.68683323855489,-2.3362537633841347,0.02833202881866124,6.743070934462781,0.1059,1.056,-2.4755477309673655,0.07234723831939781,4.813911534296068,0.2486
1787537329.4838004,-2.229544623148629,0.03000205944438789,5.850001335600633,-2.371347066248995,0.045284925250103886,5.279397270021723,0.1426,0.571,-2.4755477309673655,0.07234723831939781,4.813911534296068,0.2496
1787537329.5877552,-2.228229603997409,0.029661279767394758,6.221809366826598,-2.322636564721147,0.03720602404454257,6.429752909809619,0.0947,0.208,-2.298851534932249,-0.32656612849987715,9.490994664315766,0.3632
1787537329.6886399,-2.2268772119977793,0.029745868121167442,6.557465325827151,-2.3068726751542257,0.026166283471656573,6.131472044142123,0.0801,0.426,-2.298851534932249,-0.32656612849987715,9.490994664315766,0.3635
1787537329.7878413,-2.225660756207955,0.0299644255239893,6.6947121899089215,-2.351012742267206,0.010103783857930234,6.431670289922439,0.1269,0.263,-2.279777133993891,0.040784177103080285,6.765198883938152,0.0552
1787537329.8743272,-2.2243865746825384,0.029863161417279276,6.742538365106122,-2.311631275793397,0.03599375386348867,6.835015823496282,0.0875,0.092,-2.279777133993891,0.040784177103080285,6.765198883938152,0.0565
1787537329.989956,-2.2224596331547386,0.028618657572934823,6.452687099181539,-2.3058532902575015,0.03746224347686077,6.90569279406628,0.0839,0.453,-2.279777133993891,0.040784177103080285,6.765198883938152,0.0586
1787537330.0813184,-2.221434630110817,0.02732206675686757,6.538563570006931,-2.3019529204823344,0.038471674371175595,6.952386181955406,0.0813,0.414,-2.279777133993891,0.040784177103080285,6.765198883938152,0.0599
1787537330.2093804,-2.2203069235540234,0.026582908671615026,6.731804705283269,-2.387406846065333,0.06687726234905378,5.739975883599643,0.1719,0.992,-2.528658665824672,0.1312705418253437,4.496868310067414,0.3256
1787537330.2849233,-2.21978062117748,0.026711531877549755,6.897692904464923,-2.4142115861725073,0.06453729666524588,5.850387992552412,0.1981,1.047,-2.4721859320225503,0.0634274753170871,5.850782367467213,0.2551
1787537330.3605227,-2.219322498122649,0.027083189591207528,6.937758944069176,-2.3734716977970187,0.03193911307006468,6.427439310989022,0.1542,0.510,-2.353228473304074,0.011463369945896133,7.4274916975027905,0.1348
1787537330.517281,-2.2184986037394046,0.027359509139015404,6.682393716916912,-2.3569542457236654,0.019354868658350954,7.294355910701146,0.1387,0.612,-2.353228473304074,0.011463369945896133,7.4274916975027905,0.1357
1787537330.5912657,-2.2180203996850754,0.027209788784302524,6.4708474803989064,-2.315972920130864,0.031230660266420275,6.943639574422997,0.0980,0.473,-2.287655338405163,0.03620140176281679,6.843491201310608,0.0702
1787537330.6740148,-2.2175747338735143,0.026876814143093675,6.305405718632697,-2.311418134798066,0.031219784413060492,7.001552152054586,0.0939,0.696,-2.2572227172226005,0.0950298774234975,6.2087916004435275,0.0788
1787537330.7644947,-2.2173149964847276,0.026545775111512886,6.321427180387853,-2.289784200857625,0.07164679418837817,6.589988002067055,0.0854,0.269,-2.5021907367259884,0.028534628602767443,6.589988002067054,0.2849
1787537330.9215431,-2.216665791756363,0.026953183542379047,6.5361874261896205,-2.340429132618097,0.04602764844171846,6.867624851108162,0.1252,0.331,-2.5021907367259884,0.028534628602767443,6.589988002067054,0.2855
1787537331.0102062,-2.216327908575956,0.027565531309262918,6.572050237537514,-2.339935347602372,0.015181600270598563,7.214328511485734,0.1242,0.642,-2.348582939965606,8.458344058293549e-05,7.499532902621905,0.1351
1787537331.0977347,-2.216103978383532,0.028131955546553636,6.430240740793603,-2.33509660499457,-0.008956463816079653,7.425242061029055,0.1246,0.995,-2.99405582087305,-0.2668129858243915,7.214328511485734,0.8320
1787537331.1707973,-2.215781504057447,0.02837705570174842,6.242287316501927,-2.3342648681527156,-0.014949419179339186,7.504739667649166,0.1262,1.262,-2.857225613935004,-0.8207720303401994,14.787109153153093,1.0642
1787537331.2560804,-2.2156630393272154,0.028074965628342184,6.036609060447742,-2.3302693488314383,-0.03055699480759045,8.15428711564907,0.1287,2.118,-2.857225613935004,-0.8207720303401994,14.787109153153093,1.0640
1787537331.336936,-2.2154761431625363,0.027517440583904196,5.998196027276138,-2.2848885962763616,0.06308978170210539,6.004973482830773,0.0780,0.007,-2.31069364170571,0.09533862795900853,5.343914599987804,0.1169
1787537331.4267778,-2.215201532719149,0.027093557578310352,6.021890796237091,-2.265291543493371,0.06220551432289471,5.845301841873473,0.0612,0.177,-2.137359553494217,-0.33023303561394485,9.167430890621052,0.3657
1787537331.6078804,-2.214563972104966,0.027355146713372545,6.115735390064819,-2.2572855455074405,0.06591261731022256,5.779767857149986,0.0575,0.336,-2.137359553494217,-0.33023303561394485,9.167430890621052,0.3658
1787537331.6994498,-2.2143188228925434,0.02783382209914284,6.004493124292888,-2.262417912379008,0.071583512677099,5.728484865021725,0.0650,0.276,-2.4314479995509974,0.12426417227416875,3.801028663187173,0.2376
1787537331.804947,-2.2141009903767905,0.028081239075740033,5.759135899305395,-2.324630541374573,0.08073769494697335,4.704916772039331,0.1224,1.054,-2.235732058338813,0.03723886721109605,6.242903947879838,0.0235
1787537331.9088392,-2.213026017623926,0.027709802049466277,5.7686419463592955,-2.257723560719659,0.043978312629954136,6.12511884494319,0.0476,0.356,-2.235732058338813,0.03723886721109605,6.242903947879838,0.0246
1787537331.9964318,-2.2119162013679663,0.026986700697096255,5.90594171399572,-2.246252172527444,0.02768029539339628,6.004358887967779,0.0343,0.098,-2.24392005455351,0.01944686383960531,6.094187156098311,0.0329
1787537332.0740292,-2.210916921504933,0.026368912180543904,6.209992218622223,-2.2369953231852113,0.025544511445878618,5.966631574405831,0.0261,0.243,-2.1855797272817643,-0.44400217965334227,10.20557243290629,0.4711
1787537332.165296,-2.2099593757316103,0.026133355627773396,6.221664879151893,-2.235822451655459,0.01323328968018458,6.037908256808014,0.0289,0.184,-2.1855797272817643,-0.44400217965334227,10.20557243290629,0.4708
1787537332.3213468,-2.208053486969273,0.02663580313577782,6.050163408918795,-2.225632851118303,0.008802971919409841,6.005101316040066,0.0250,0.045,-2.2682359419613185,0.00807565419092998,6.623852590668899,0.0630
1787537332.4054916,-2.2072036432668125,0.02682450863817834,5.763807870999631,-2.247835455520556,0.009635819353540291,6.582677100085489,0.0441,0.819,-2.2682359419613185,0.00807565419092998,6.623852590668899,0.0638
1787537332.4960532,-2.206248713488116,0.02673145164218684,5.763033805713284,-2.1757767621807704,0.05439458191865754,6.010660118419681,0.0412,0.248,-2.130597233693522,0.06471788521193156,5.932755675628089,0.0847
1787537332.6153324,-2.2041361140926345,0.025604065275069643,5.941821312287651,-2.162676244727283,0.057187845518488024,5.986841096946346,0.0521,0.045,-2.130597233693522,0.06471788521193156,5.932755675628089,0.0833
1787537332.705702,-2.2025128684016413,0.024597179542523547,6.045893921085752,-2.1518749737613607,0.059499308428232735,5.967539170917334,0.0615,0.078,-2.130597233693522,0.06471788521193156,5.932755675628089,0.0824
1787537332.7691503,-2.201680952866614,0.024351694337589873,6.134301218414284,-2.2003759394226345,0.020002427930867768,6.1418635177549525,0.0045,0.008,-2.2311257310672623,0.013202074854545484,6.192348378210356,0.0315
1787537332.8395443,-2.200823670402726,0.024386248186441403,6.219884426549056,-2.219374619680949,0.020163505399680877,5.922846632176126,0.0190,0.297,-2.2433955810714634,0.022808952168677128,5.8592006171506,0.0426
1787537333.0018184,-2.199233161474675,0.025027858653436447,6.09216050250084,-2.223458801593007,0.02107822251911041,5.898678804800741,0.0245,0.193,-2.2433955810714634,0.022808952168677128,5.8592006171506,0.0442
1787537333.0756502,-2.1984610837196708,0.02512131149970744,5.860544971558034,-2.2231677485534598,0.020910289283903725,5.886680159554782,0.0251,0.026,-2.2433955810714634,0.022808952168677128,5.8592006171506,0.0450
1787537333.1745164,-2.198112803552563,0.025555093505476488,4.886647830180619,-2.22384246079012,0.022002249795055433,4.681563113628991,0.0260,0.205,-2.2433955810714634,0.022808952168677128,5.8592006171506,0.0454
1787537333.2789807,-2.1976721033008895,0.02561222111270434,3.925784025127134,-2.223850574208293,0.022005721675321378,4.686846454591297,0.0264,0.761,-2.2976091001387613,0.19966510918314406,4.13683849695261,0.2007
1787537333.372292,-2.1973490556403314,0.02577447463898677,3.2976285570728403,-2.248482934020015,0.06254728588308316,4.327818452884558,0.0630,1.030,-2.3109374973104493,0.08184231934310053,5.021283074051025,0.1267
1787537333.4641874,-2.197041744995688,0.02621752687897029,3.1259951257016882,-2.284265874447559,0.07612551826363405,5.12871921003603,0.1005,2.003,-2.0413815337569017,-0.05082168319322786,4.643624956939827,0.1737
1787537333.6206784,-2.1962323078787622,0.028193317547938024,2.4272062207006617,-2.2591575136735127,0.06504123032430618,3.5750487595855835,0.0729,1.148,-2.0413815337569017,-0.05082168319322786,4.643624956939827,0.1738
1787537333.6989048,-2.1959191033843877,0.02911195450528954,1.876429066149567,-2.259283703785101,0.06508233786399431,3.487460731188727,0.0729,1.611,-2.181567534464518,-0.23143839232276234,5.996189840359212,0.2609
1787537333.7708702,-2.1952041051034903,0.029410208164462468,1.8681556003325694,-2.224342639378479,0.03938907360858209,3.373382610120164,0.0308,1.505,-2.181567534464518,-0.23143839232276234,5.996189840359212,0.2612
1787537333.84949,-2.194313748393746,0.029274417527163296,1.9287773933118035,-2.222988971816074,0.0379873095413334,3.2591046851757706,0.0300,1.330,-2.317641521552894,0.009031792723199648,3.904781499075409,0.1250
1787537333.9376147,-2.1934453059031704,0.028935158708730733,2.09513884162762,-2.2636291548109537,0.011625642220769438,2.508216800307368,0.0723,0.413,-2.5367429735004703,-0.5061395195985219,7.204861433997101,0.6357
1787537334.0916107,-2.1914796073399763,0.028928873291587713,2.6276402727030685,-2.2647090949113933,0.009232452337916596,2.3999350369088877,0.0758,0.228,-2.5367429735004703,-0.5061395195985219,7.204861433997101,0.6368
1787537334.1509335,-2.1901256055714304,0.02959844950985139,2.7411760010869854,-2.2656789448502184,0.007162193229978427,2.3080667534188204,0.0788,0.433,-2.2351866107831593,-0.4229200040469162,6.541239878913986,0.4548
1787537334.3040571,-2.1872350557313256,0.030815067524184583,2.822418024000413,-2.2438047539646027,-0.03845505358702743,2.8152419286311194,0.0894,0.007,-2.221400270967619,0.017437628300538393,3.064163599383994,0.0367
1787537334.3919904,-2.185729966218533,0.03093291363109646,2.810777678140465,-2.232797086368275,0.009901303445399412,3.145376000797728,0.0516,0.335,-2.221400270967619,0.017437628300538393,3.064163599383994,0.0381
1787537334.4734604,-2.184134832320713,0.030715045618106736,2.7987323383745446,-2.231396395063193,0.00961502905437574,2.4875718370893334,0.0518,0.311,-2.183686609327398,0.1377331234228346,1.4584673652373084,0.1070
1787537334.5758054,-2.1825016947095803,0.0302284566563109,2.860914611503082,-2.2075845510318515,0.021287265001954887,2.326315037848592,0.0266,0.535,-2.9114352716901895,0.07413176514005856,2.3263150378485915,0.7303
1787537334.6757638,-2.18099144869763,0.029699170161090655,3.116559253918916,-2.2182534214460516,0.031123636786388888,1.7636639117293809,0.0373,1.353,-2.2374610073078527,0.056532138816685416,2.503518647407952,0.0625
1787537334.7624042,-2.1798303463173725,0.02970341426673088,3.1210299815404743,-2.231368406020683,0.05573519491413752,2.4981223612021872,0.0577,0.623,-2.2374610073078527,0.056532138816685416,2.503518647407952,0.0636
1787537334.848959,-2.178614158873048,0.03009874404031066,3.0852698902057774,-2.2549031032717632,0.02835028323011559,3.52045988920054,0.0763,0.435,-2.2868504789183848,0.014789780476480444,3.7669157120792454,0.1093
1787537334.9549577,-2.17748479619219,0.030651190888539154,2.904446819915601,-2.228208450399167,0.06286656962850147,2.538366270577315,0.0601,0.366,-2.1950671381933082,0.07995733449390702,2.261919677156862,0.0523
1787537335.0724082,-2.1767201149887625,0.031052526062257908,2.765451551159447,-2.2286983858153717,0.06723124910809729,2.1101241371719066,0.0633,0.655,-2.3658376888489276,0.0671788035128427,2.1067780320539913,0.1925
1787537335.1599905,-2.1758044667411593,0.030938642374680875,2.6252493136317305,-2.289959574594223,0.0605053253129461,2.254972207052205,0.1179,0.370,-2.3658376888489276,0.0671788035128427,2.1067780320539913,0.1935
1787537335.241843,-2.174931431922228,0.030589850198520604,2.6209768505357163,-2.2395875547515915,0.04335025880111913,2.6863725596036003,0.0659,0.065,-2.2092846659493848,0.035817493715797045,2.8378486777691085,0.0347
1787537335.4208875,-2.1736177848761327,0.030571669973152065,2.7646170134069035,-2.24077898152225,0.04503078310798522,2.416338268053663,0.0687,0.348,-2.2092846659493848,0.035817493715797045,2.8378486777691085,0.0361
1787537335.4208875,-2.1736177848761327,0.030571669973152065,2.7646170134069035,-2.241167389181919,0.045906334136688806,1.95691069013561,0.0693,0.808,-2.174851677821542,0.07867736976928558,1.9651959128918974,0.0481
1787537335.530897,-2.1730304188746516,0.03115325969480693,2.710379418976833,-2.218337524253786,0.07403008956537759,1.858395997942949,0.0624,0.852,-2.1640627027954014,0.025460790905146476,3.441639154707897,0.0106
1787537335.639099,-2.1725646648585983,0.03185006718429323,2.4673569863336997,-2.1928539791493584,0.04584616451214334,3.078375246975973,0.0246,0.611,-2.1640627027954014,0.025460790905146476,3.441639154707897,0.0106
1787537335.809792,-2.171987578597873,0.03224677861052094,2.1173499370142626,-2.195084457353847,0.04338206318120716,3.2445647800459034,0.0256,1.127,-2.7620955296929632,-0.6268898862139165,9.073996982736455,0.8847
1787537335.8896365,-2.1717001894241,0.03206027238649581,2.0879925476796113,-2.1944457700216713,0.04315138789867392,3.2599589416496624,0.0253,1.172,-2.301982547827935,0.060864361847277296,1.7612274794903147,0.1334
1787537335.9622185,-2.171505668121624,0.032026346482413336,2.2169278624820863,-2.2517331268642384,0.051551779379166725,1.9345060944795347,0.0826,0.282,-2.301982547827935,0.060864361847277296,1.7612274794903147,0.1336
1787537336.118621,-2.1701613994094697,0.03311144870389008,2.1486225948323296,-2.2540677953610557,0.051802002322037355,1.8622384801889054,0.0860,0.286,-2.6505192842400414,0.04132023492005462,1.8622384801889054,0.4804
1787537336.203646,-2.169458321491125,0.034101420992270835,1.9582873313246234,-2.2613243403472962,0.05130121712677104,1.8659791240569898,0.0935,0.092,-2.6505192842400414,0.04132023492005462,1.8622384801889054,0.4811
1787537336.2913916,-2.16840981814011,0.03482913902311195,1.7325237224486738,-2.230661114300369,0.037600607422093146,1.9201719996251025,0.0623,0.188,-2.1964546165060055,-0.23844127254027336,4.696086349749037,0.2747
1787537336.3799126,-2.1672799318747535,0.035249669679455246,1.4802315277193432,-2.1728716361966036,0.04957230517504067,1.932439593976151,0.0154,0.452,-2.1381439839396355,0.055987288185656785,1.5890977867327871,0.0358
1787537336.4570508,-2.16606281366586,0.03531342646555772,1.258152738858631,-2.154676647372187,0.05406998914946768,1.6028840755983054,0.0219,0.345,-2.1381439839396355,0.055987288185656785,1.5890977867327871,0.0347
1787537336.6136746,-2.163828555571155,0.03521807201823397,1.2057393634211888,-2.1671782633230627,0.05371073628336298,1.625243207113263,0.0188,0.420,-2.1473992491347587,-0.7983999843595702,8.815050474798774,0.8338
1787537336.6980271,-2.162735961164648,0.03569011795672543,1.198953093757744,-2.163722480580893,0.054085585935834346,1.5774637092256774,0.0184,0.379,-2.2389033776890153,0.031128710925054218,1.436210541492493,0.0763
1787537336.790888,-2.1616097468126503,0.03659794521785092,1.2428503670801718,-2.201638978709359,0.03331664099350662,1.3997330633671092,0.0402,0.157,-2.238646358034453,0.01822846104877311,1.602289456067305,0.0792
1787537336.8884196,-2.160900257690925,0.037311446642558026,1.311449014568685,-2.2180693058250136,0.024356677501646943,1.5064524906064871,0.0586,0.195,-2.27169779439651,-0.27981795973537155,4.762763561090547,0.3359
1787537336.9816349,-2.160147490709086,0.03782093881418555,1.2062208604206432,-2.2263570321473547,0.00816016585812758,2.084864368706763,0.0725,0.879,-2.27169779439651,-0.27981795973537155,4.762763561090547,0.3367
1787537337.0697203,-2.1593515802850627,0.03778918357013995,1.050885041581974,-2.239369160024561,0.03460565822368099,1.2741403106035107,0.0801,0.223,-2.2496499050794374,0.045057645198371576,1.1412340426139396,0.0906
1787537337.1464756,-2.158531259046724,0.03746183668116219,0.9830241234302758,-2.2425629881082494,0.03294500142080062,1.4699601757787026,0.0842,0.487,-2.192472528702744,0.03678342192105489,1.2757485759155598,0.0339
1787537337.3051014,-2.1569649779370033,0.037052173006217645,1.0740276356140939,-2.218570776869143,0.032949144647392306,1.3771970095184856,0.0617,0.303,-2.192472528702744,0.03678342192105489,1.2757485759155598,0.0355
1787537337.3929667,-2.1560691422383416,0.03729274916256156,1.0822638534386173,-2.2411355247121434,0.025514471949160834,1.3972927345296835,0.0859,0.315,-2.279804881541007,0.02359812117559819,1.4271010890789804,0.1245
1787537337.4813812,-2.1551527243980675,0.03786094603974462,1.0040805282963812,-2.2624740319507293,0.03218078587060264,1.2625689361700876,0.1075,0.258,-2.2814437937053684,0.04079080960731358,1.0929839748234416,0.1263
1787537337.571789,-2.154355999107616,0.038436421764761995,0.7449579663204762,-2.2656338999903682,0.02769025012106706,1.846564408396644,0.1118,1.102,-2.2389125626789865,0.02012837931617409,1.5859885969187235,0.0865
1787537337.6673343,-2.153686770233094,0.03862830972340822,0.7359583137197914,-2.2537167154246203,0.02063443544247266,1.5891418180649133,0.1016,0.853,-2.2389125626789865,0.02012837931617409,1.5859885969187235,0.0872
1787537337.7579975,-2.1529353755993386,0.038342887372229253,0.7351074577853131,-2.2183347081577005,0.04569640938841028,0.6432597035960695,0.0658,0.092,-2.193931886638665,0.054597855004409473,0.47725617371807233,0.0441
1787537337.8482015,-2.1522355174688084,0.03785062458726225,0.8640992277487737,-2.217762630955285,0.04709816415192106,0.5471106277970315,0.0662,0.317,-2.193931886638665,0.054597855004409473,0.47725617371807233,0.0449
1787537337.9297593,-2.151618305755057,0.03753942891135967,1.1563507065670555,-2.174353048841336,0.045648777930306424,0.7367505658071961,0.0241,0.420,-2.1413376226479452,0.04558687097605421,0.7021294729690113,0.0131
1787537338.0239737,-2.150788826123654,0.03754816370492713,1.1580664923858464,-2.1620768565865545,0.03930981750898608,1.2407150737528412,0.0114,0.083,-2.155435981681319,0.03569431104950359,1.2814341920077228,0.0050
1787537338.2124932,-2.149459267367266,0.03802464249033916,1.089682641400914,-2.1733236160489544,0.017453556046787902,1.8086396624136933,0.0315,0.719,-2.1901126985561716,0.009813842626932608,1.9375155979262892,0.0495
1787537338.2930853,-2.1489267818029725,0.037850774661040164,0.9828013968306145,-2.169464431473983,0.01520177031921237,1.8917264532497435,0.0306,0.909,-2.6825568813088125,0.2367054467112153,1.8917264532497435,0.5695
1787537338.366393,-2.14838772139517,0.03714465087237621,0.8396913952052459,-2.175640087383304,0.012987642085562889,1.912323053184633,0.0364,1.073,-2.6825568813088125,0.2367054467112153,1.8917264532497435,0.5702
1787537338.4452991,-2.1478478892420148,0.036210759880110355,0.7817600163048802,-2.16422373971742,0.039367573254672036,1.1056350261315893,0.0167,0.324,-2.15612342763475,0.052389899137226775,0.8615168888300467,0.0182
1787537338.5330796,-2.1474180755843917,0.03524542079120794,0.8892989828203409,-2.170874760275316,0.03900778150710645,1.0995764443440077,0.0238,0.210,-2.15612342763475,0.052389899137226775,0.8615168888300467,0.0192
1787537338.624549,-2.146729137484827,0.034792735923796135,0.9055839707407304,-2.1934918685521425,0.049221489960556995,0.7215637293555155,0.0489,0.184,-2.2058433041810597,0.05090399006005446,0.7074039994996363,0.0613
1787537338.7284098,-2.145962860273883,0.034714817718887694,0.9193937662919826,-2.1864200909017595,0.041909056740733516,0.8755343715571521,0.0411,0.044,-2.179799466007538,0.03854639101000523,0.9238325437025563,0.0341
1787537338.8320575,-2.1452479300013207,0.03494327033686795,0.7745210339187806,-2.1864002183042426,0.04190650962836244,0.8636962381797365,0.0417,0.089,-2.179799466007538,0.03854639101000523,0.9238325437025563,0.0347
1787537338.9475963,-2.1445944687413148,0.034948231246506783,0.4772917883991054,-2.1710384540688543,0.01839307531760286,1.4281168418056958,0.0312,0.951,-2.139139745557244,0.009019707762061874,1.554485545828787,0.0265
1787537339.1069062,-2.14360601007764,0.03342577750986679,0.6215783296252431,-2.1708890724487064,0.018162845049467382,1.4307260229234868,0.0313,0.809,-2.139139745557244,0.009019707762061874,1.554485545828787,0.0248
1787537339.18371,-2.142797540757782,0.0327037677472178,0.8754122187450031,-2.1840150499502498,0.01916426143792234,0.3643880201637245,0.0434,0.511,-2.6425085096635286,0.24665575418686259,0.36438802016372457,0.5436
1787537339.2695527,-2.1419353273707373,0.032206123568944575,1.1631237971047732,-2.175268762409523,0.06082011573419488,0.04127801578413873,0.0439,1.122,-2.2587294276478094,0.0015112108139921027,1.8075619193146526,0.1208
1787537339.3515837,-2.1409593119106067,0.032094858103801346,1.435724195803371,-2.218535652351547,0.016348168133732063,1.5211792422473924,0.0792,0.085,-2.2587294276478094,0.0015112108139921027,1.8075619193146526,0.1217
1787537339.5218017,-2.1391893488097025,0.03225876397417955,1.5885182218789689,-2.2277063180690764,0.0311353993393896,1.480893416358784,0.0885,0.108,-2.2338135397768166,0.037439638410668205,1.3836108012382569,0.0948
1787537339.6029847,-2.138283749116343,0.031964744433937375,1.5421716138757349,-2.2291966002170747,0.032045320572102624,1.2506781675194156,0.0909,0.291,-2.143255153681343,0.053313671946543496,1.2399618758606068,0.0219
1787537339.685511,-2.1377968430510963,0.03160784618239152,1.0384840995470488,-2.187919889601972,0.054581071495651445,1.1467518763880846,0.0551,0.108,-2.143255153681343,0.053313671946543496,1.2399618758606068,0.0224
1787537339.7683027,-2.1373612356332465,0.03113707219121633,0.7119997936620138,-2.1676363503278044,0.04754810788226897,0.8833714192332304,0.0344,0.171,-2.150163883231321,0.04283211586781096,0.9577184972739143,0.0173
1787537339.875004,-2.1370999037616922,0.030734799190333194,0.5101280511628091,-2.166962040970549,0.048598712318618495,0.7587721813000214,0.0348,0.249,-2.258247201491899,0.07627910659354743,-0.3140366647660394,0.1294
1787537339.9806886,-2.136766478804018,0.03075374233582078,0.35914735625589345,-2.205737194900724,0.06049407984119399,0.03809559339252139,0.0751,0.321,-2.1281967539392133,0.039708880017286015,0.4509770527673302,0.0124
1787537340.0811443,-2.136380448121851,0.031161051512323908,0.1336878907350539,-2.1581883743008667,0.04630642999786682,0.2795979884146602,0.0266,0.146,-1.9668243737902669,-0.021353118664497,0.8732416601225098,0.1775
1787537340.1743758,-2.1361226315564212,0.03158490891173567,-0.296977806464264,-2.135867344540945,0.04193573504762764,0.27706626144979757,0.0104,0.574,-2.2291032489622813,0.06667966073476221,-0.5978716953743116,0.0994
1787537340.2651742,-2.1357984514085215,0.03164595720816795,-0.7764602757711447,-2.17597484160145,0.05727584835136658,-0.4316330806379441,0.0477,0.345,-2.2509534078506284,0.30919184134703515,-3.361919350793531,0.3005
1787537340.3508987,-2.1354057972401765,0.03140101206416712,-1.2397206940230385,-2.1886499072487213,0.06767032132870499,-0.9156615886465641,0.0644,0.324,-2.2509534078506284,0.30919184134703515,-3.361919350793531,0.3009
1787537340.5087614,-2.134806835165908,0.0311442706231016,-1.0817988651681316,-2.1893335213099463,0.07173524217392446,-1.0821422495668593,0.0680,0.000,-2.2430736393437067,0.03616207967769659,-1.3498173770024968,0.1084
1787537340.590968,-2.1344510220939745,0.03139451524940929,-0.9230675416639378,-2.2209931822416733,0.04104024702869495,-1.3692944874971003,0.0871,0.446,-2.2430736393437067,0.03616207967769659,-1.3498173770024968,0.1087
1787537340.6879203,-2.1339607875727467,0.03199747962087686,-0.729185784030676,-2.2313291219828564,0.02058499566835133,-0.8296664165102015,0.0980,0.100,-2.241745056104988,0.014318785262588311,-0.7162584477634808,0.1092
1787537340.7799025,-2.133564424083826,0.03282265719872997,-0.7190268420031413,-2.193355511561264,0.024099614018350233,-0.8885921510597581,0.0604,0.170,-2.1420075426454823,0.03523996175545808,-1.159959063317733,0.0088
1787537340.8743856,-2.1331994882062917,0.03339078437947756,-0.8236663989256559,-2.1937840666841817,0.02265548294947231,-0.841075966937909,0.0615,0.017,-2.14778803901871,0.19553872172713307,-2.5218206515626176,0.1628
1787537340.9669576,-2.1325763550978043,0.0332754106057721,-0.8197937974881178,-2.1731714930925,0.031079708188536056,-0.9705592318820666,0.0407,0.151,-2.2393813086754917,0.06289656186353054,-1.5252298517863425,0.1108
1787537341.0659854,-2.1319443273262193,0.03284273487199306,-0.7154921559901799,-2.20584039189478,0.05257244643546689,-1.329778792198394,0.0765,0.614,-2.1908248300541886,0.03353014421010872,-0.8268903971788135,0.0589
1787537341.1631632,-2.131425037875678,0.032441772349267685,-0.4300331748956457,-2.2300087584994595,0.019638693724868306,-0.08543884144227587,0.0994,0.345,-2.3955676687606657,-0.025393588529354,0.7290724565964201,0.2704
1787537341.249586,-2.1306570449894804,0.03246340174507235,-0.4278782876400855,-2.234184169984369,0.017066148129746408,-0.0836786178634925,0.1047,0.344,-2.1770494306940447,0.005111124685434141,0.2682544499218284,0.0539
1787537341.4203396,-2.1290658712057864,0.0333666580148613,-0.6703483313461666,-2.207477699705875,0.0047940162191008,0.34206391185313834,0.0835,1.012,-2.1770494306940447,0.005111124685434141,0.2682544499218284,0.0557
1787537341.5203435,-2.1280252530838166,0.03325411437402196,-0.9013321705073392,-2.2047194466830042,0.005059996683630675,0.19357804480385163,0.0817,1.095,-2.201310868783982,0.006816004152033417,0.16123362434155497,0.0779
1787537341.5203435,-2.1280252530838166,0.03325411437402196,-0.9013321705073392,-2.1690910265010346,0.0270040992244801,-0.5109435091256951,0.0415,0.390,-2.1456927252168096,0.03484111371781221,-0.6483305539843809,0.0177
1787537341.7131739,-2.125773961352154,0.03193473169171632,-1.2421774998357444,-2.1861923318019016,0.04251905356189727,-1.2018160790728962,0.0613,0.040,-2.2262265063756153,0.05602579392829603,-1.440902160813972,0.1033
1787537341.8066783,-2.124756708446018,0.031166278556151547,-1.181788829631144,-2.230760837795799,0.040413925368669126,-1.2766529455638338,0.1064,0.095,-2.4033234677457074,0.0413259610765124,-1.2018160790728962,0.2788
1787537341.8965094,-2.123713841006141,0.0309695882527486,-1.1759309123054087,-2.203435974864598,0.03727632719799153,-1.353976818353477,0.0800,0.178,-2.1716457769839117,0.035438035382688124,-1.3327576864384194,0.0481
1787537341.9853473,-2.1225928430164087,0.031122182353872384,-1.2109309994028148,-2.204388016226389,0.03719790516435974,-1.1393755990049848,0.0820,0.072,-2.7470658680351505,0.04241636997973717,-1.3539768183534775,0.6246
1787537342.0572186,-2.1215625369079287,0.03143949368298279,-1.4124955943485005,-2.2121652805697494,0.03781689364950966,-1.1453619877152081,0.0908,0.267,-2.7470658680351505,0.04241636997973717,-1.3539768183534775,0.6256
1787537342.1380124,-2.1209163744055988,0.03161392346900981,-1.5533240276269638,-2.2179282585272317,0.05437730330569239,-2.0380138125225704,0.0996,0.485,-2.2302566953868834,0.06479277701523249,-2.2624155327467124,0.1143
1787537342.3180337,-2.1194573996724264,0.031065132219687024,-1.811130131564188,-2.213549587887437,0.05249704717789112,-1.970674963687177,0.0965,0.160,-2.208075375481281,0.050548960332479846,-1.939837665024342,0.0907
1787537342.395764,-2.118814652245847,0.03048067253201299,-1.7360512398427501,-2.2154214826430185,0.05506382871172688,-2.10164229811423,0.0997,0.366,-2.9599085599747967,0.051715587553921694,-2.1016422981142293,0.8414
1787537342.4760711,-2.118065464615213,0.030064653026790403,-1.717534085707119,-2.2261264079163845,0.05577298124818855,-2.134834918460963,0.1111,0.417,-2.9599085599747967,0.051715587553921694,-2.1016422981142293,0.8421
1787537342.5607312,-2.1172524264616044,0.029907846107993658,-1.6953294652826778,-2.1495624308764634,0.03514559761424471,-1.8775255565643938,0.0327,0.182,-2.111231011996225,0.02888217882476117,-1.7628789365956388,0.0061
1787537342.6503925,-2.11636979374103,0.030114827209057924,-1.7354005458628619,-2.1421436591178145,0.03476432250810634,-1.9849513960576948,0.0262,0.250,-2.162898340424697,0.02423326273367647,-1.5936356862822054,0.0469
1787537342.7481828,-2.1155842854275972,0.03042833752562525,-1.9359103839635001,-2.153637939269472,0.027278812358665763,-1.6274825603691492,0.0382,0.308,-2.1188870211468727,0.041047979596683465,-2.250923477447675,0.0111
1787537342.8383543,-2.114794874737194,0.0304078405538418,-2.2405185495208912,-2.1383343499446092,0.03416683526015953,-2.1112226003224634,0.0238,0.129,-2.1188870211468727,0.041047979596683465,-2.250923477447675,0.0114
1787537343.0002506,-2.1127988714962096,0.029284115602919956,-2.0903021439242475,-2.151545993572922,0.04671371121023446,-2.712737447533348,0.0425,0.622,-2.175756852653712,0.055800607411943426,-2.8739452158638423,0.0683
1787537343.0781991,-2.1119152418679112,0.02867257553763044,-1.8057737994022045,-2.1468748479627133,0.048245885694348345,-2.8676021083177927,0.0401,1.062,-2.16126927367143,0.03949684265968165,-2.297795874335288,0.0505
1787537343.1678674,-2.1109735580054996,0.028414792648321013,-1.795380198053368,-2.1538965253645883,0.04148831471741391,-2.335361786607491,0.0449,0.540,-2.16126927367143,0.03949684265968165,-2.297795874335288,0.0515
1787537343.2585442,-2.10997314126849,0.02865407038450636,-1.77726262229071,-2.157093515725873,0.02086080922047101,-1.6024974239000056,0.0478,0.175,-2.1595929223470267,0.01468436492307194,-1.504578605024789,0.0515
1787537343.339063,-2.1090274936837208,0.029140007908377185,-1.9111693104510432,-2.1558809986127634,0.01946650403363344,-1.513305651517668,0.0478,0.398,-2.2160217666795505,0.07101346304237195,-2.9010118582763336,0.1149
1787537343.517223,-2.1072138567264904,0.029332197697020813,-2.175900954765306,-2.177943979576876,0.05059128612180232,-2.4993106354527055,0.0739,0.323,-2.2160217666795505,0.07101346304237195,-2.9010118582763336,0.1165
1787537343.6188986,-2.106210507088314,0.028888954609242186,-2.142321767210407,-2.23503257142278,0.07292280726480753,-3.323916551596129,0.1361,1.182,-2.3956926093863173,0.10800652278264081,-3.9077153879091178,0.3001
1787537343.6188986,-2.106210507088314,0.028888954609242186,-2.142321767210407,-2.2262096646363676,0.03549613461253273,-2.237039207906025,0.1202,0.095,-2.2198817394525285,0.010418704398338464,-1.7203686642437008,0.1152
1787537343.7380617,-2.1053084929762558,0.028259836208212673,-1.9321258597895374,-2.2256581714935404,0.065821460848108,-3.104489967209019,0.1261,1.172,-2.2342727875861765,0.07854308730344824,-3.329668568650653,0.1384
1787537343.8367817,-2.104541964293237,0.028130824387806803,-1.9251720776201913,-2.2312112878571666,0.06960074658121569,-3.2340616094284282,0.1333,1.309,-2.144734875114951,0.017078362970544846,-1.727276981443236,0.0417
1787537343.9420683,-2.1036807616938455,0.02839298925491466,-1.9477746603854584,-2.168521242581768,0.02626192445387842,-1.856452719416612,0.0649,0.091,-2.10120964876772,0.0002129000774157708,-1.2417855602859762,0.0283
1787537344.0557864,-2.1029184071028473,0.028846137673720174,-2.1630423840163817,-2.147761612709539,0.00811630875800682,-1.3383743787047797,0.0494,0.825,-2.1824786092078448,0.026886552772237393,-1.9509181297060156,0.0796
1787537344.160972,-2.1024251664791778,0.029056074861247377,-2.3058724044727046,-2.1604350249538258,0.01699264341086406,-1.748410101430755,0.0593,0.557,-2.1879717250961415,0.023767541590863882,-2.0213855048879736,0.0857
1787537344.249875,-2.1018631701380825,0.028836000816881303,-2.422720708152253,-2.1711723743182163,0.01974750510393318,-1.9459993221615004,0.0699,0.477,-2.1879717250961415,0.023767541590863882,-2.0213855048879736,0.0863
1787537344.4133756,-2.1008388997799514,0.028139581479410706,-2.3451177049526364,-2.13743270711237,0.008053717874849396,-1.9035823021615241,0.0417,0.442,-2.0800975320101878,0.009648972326381474,-1.9880909414678105,0.0278
1787537344.5131202,-2.1001885101764755,0.028163193985523267,-2.3138761493551203,-2.174430132491106,0.035815444143546996,-2.6264218531822006,0.0746,0.313,-2.2892435504337265,0.06642082715634548,-3.085914415352968,0.1929
1787537344.608015,-2.0994681222677274,0.028573428754152516,-2.356491195336584,-2.1745488769936574,0.03371617379712628,-2.5714816282775317,0.0753,0.215,-2.172552528793152,0.03147113675172162,-2.521748042842367,0.0731
1787537344.692926,-2.0988705012464846,0.029025598177231805,-2.5920053362954767,-2.163980285777271,0.03739929991215775,-2.558155745967041,0.0656,0.034,-2.111864755515362,0.42606079000412067,-6.133358640446149,0.3972
1787537344.7792263,-2.0982354685278435,0.029155029603488026,-2.885510342638052,-2.1626951199913655,0.03817828384677842,-2.6097409949498487,0.0651,0.276,-2.111864755515362,0.42606079000412067,-6.133358640446149,0.3971
1787537344.8770602,-2.097548116950414,0.02897026839790692,-3.1720908790997138,-2.1323729234407445,0.04104194892989145,-3.0208740249847437,0.0369,0.151,-2.1163274668695995,0.04113971729475132,-3.0200543485462643,0.0224
1787537344.9730358,-2.0969110830998545,0.028015636328898624,-3.132587952200831,-2.1319395861192403,0.04114680556438334,-3.0540315833157377,0.0374,0.079,-2.1123079120700017,0.03251037352566046,-3.0240147452485946,0.0160
1787537345.0654187,-2.09622725156516,0.027437707539228924,-3.108647568809148,-2.096025164670567,0.028121359364554076,-3.308158426986812,0.0007,0.200,-2.018646638414034,0.023008299870867232,-3.255444060619106,0.0777
1787537345.2194786,-2.094568109979439,0.02737288661639852,-3.0687255002859453,-2.094611852884873,0.027867152648362682,-3.359670576235328,0.0005,0.291,-2.018646638414034,0.023008299870867232,-3.255444060619106,0.0760
1787537345.3161082,-2.0937786024459837,0.027603148968339153,-3.2094907026578685,-2.103008035168906,0.028749959167622366,-3.3704011740395474,0.0093,0.161,-2.109320862725614,0.02862591929528531,-3.3619521373085126,0.0156
1787537345.4048529,-2.09258778669269,0.027535757992881944,-3.5037789989461303,-2.1268152652826284,0.026325590184956664,-3.2127821411776587,0.0342,0.291,-2.165648407771292,0.037114703730152826,-3.489845958541874,0.0737
1787537345.4806454,-2.0913335473489805,0.02709360093978804,-3.8031337638919513,-2.12718168138403,0.02595146396960581,-3.2550529107873314,0.0359,0.548,-2.172409042629832,0.04055466894522025,-4.059209622010685,0.0822
1787537345.568805,-2.0900677485580865,0.026403074491885555,-4.040177607130974,-2.1501679996428815,0.03475231138406147,-3.938326060923022,0.0607,0.102,-2.172409042629832,0.04055466894522025,-4.059209622010685,0.0835
1787537345.6637394,-2.088900859527253,0.025611777672446965,-4.132795273991716,-2.1491003786084004,0.03449383062289388,-3.960293784288674,0.0609,0.173,-2.095597284619516,-0.006689868936828123,-3.505678040460595,0.0330
1787537345.7540681,-2.087780773855389,0.025312827464163235,-4.122212503183035,-2.1151214503392235,0.004479005772632327,-3.673362176801041,0.0344,0.449,-2.241979058303036,-0.004166615983281214,-3.408548462988495,0.1570
1787537345.8453586,-2.0865510262725224,0.025381009756995417,-4.11987712474314,-2.153156928799267,0.009593747215216176,-3.7691079772711507,0.0685,0.351,-2.241979058303036,-0.004166615983281214,-3.408548462988495,0.1582
1787537345.9299212,-2.085345740143119,0.025715786703386492,-4.257893395322252,-2.1570460005441636,0.03070869235832405,-4.6219272017785915,0.0719,0.364,-2.1829361522275343,0.051153761722374715,-5.077556668687977,0.1009
1787537346.0352783,-2.0842383295263027,0.025925474800752933,-4.546844615372129,-2.141361148768548,0.00993153093475492,-4.038543838608958,0.0593,0.508,-2.1269913287313287,0.0006058961361163815,-3.864410102012271,0.0497
1787537346.1433475,-2.083179136304597,0.02570267082157671,-4.545367775906487,-2.1207783960749462,0.014940038628401238,-4.828492651858139,0.0391,0.283,-2.068160962155609,0.016962306316980032,-4.84143993118251,0.0174
1787537346.2557871,-2.082104269448195,0.025064168701694266,-4.456930169610221,-2.1198401830305262,0.014848509229286044,-4.898541897298985,0.0391,0.442,-2.2461486729201487,0.06012525564950278,-5.27084336941558,0.1677
1787537346.355694,-2.0811527526385976,0.0244649145822576,-4.165739227535155,-2.1623208820978825,0.031760157496395436,-4.737560884368782,0.0815,0.572,-2.0001823550590068,0.023045698277357373,-4.752885669348195,0.0810
1787537346.4422266,-2.080335984426124,0.024283691269062838,-3.9526029742974127,-2.0795820805911243,0.02035032309217795,-4.604771359905897,0.0040,0.652,-2.159865435149396,0.039854222614474605,-4.488383475713625,0.0810
1787537346.6084375,-2.078659319613125,0.02463740964291913,-3.8047911001365056,-2.111703514115404,0.03380757917811135,-4.465047743672241,0.0343,0.660,-2.159865435149396,0.039854222614474605,-4.488383475713625,0.0826
1787537346.698819,-2.077817755378741,0.024680402074256338,-3.8161961677393528,-2.155408908815683,0.04886304783713259,-4.481710081549671,0.0813,0.666,-2.2265134058923306,0.04962453019149559,-4.400654939222012,0.1508
1787537346.7818308,-2.0769242834618695,0.024382962763843965,-3.8324696514385317,-2.1970929906874197,0.049276937844204706,-4.3636795504687775,0.1227,0.531,-2.2538909396113374,0.06084930175929869,-4.615366751646184,0.1807
1787537346.8796442,-2.0760177315690207,0.023778876584456175,-3.7741778058496296,-2.203107309106226,0.05178838882821187,-4.390730449442622,0.1301,0.617,-2.2538909396113374,0.06084930175929869,-4.615366751646184,0.1817
1787537346.9896977,-2.0752386307950283,0.023147023281716243,-3.5226300449526557,-2.191266165323474,0.047759775641167665,-4.338251391817355,0.1186,0.816,-2.173500228155869,0.008273800554646755,-3.5320977477049076,0.0994
1787537347.0891478,-2.074607176004586,0.023153140841687875,-3.4357387909195753,-2.181383540225121,0.01995677539719731,-3.7748610339767503,0.1068,0.339,-2.173500228155869,0.008273800554646755,-3.5320977477049076,0.1000
1787537347.163984,-2.07387082204923,0.023601343684846558,-3.396353447504033,-2.182038321894494,0.019782510472758766,-3.765704223188279,0.1082,0.369,-2.173500228155869,0.008273800554646755,-3.5320977477049076,0.1008
1787537347.2319815,-2.07321922461104,0.024189061215622733,-3.513312818531427,-2.181697419862052,0.01985555261868607,-3.767475945521438,0.1086,0.254,-2.173500228155869,0.008273800554646755,-3.5320977477049076,0.1015
1787537347.3275368,-2.0725335553346715,0.02458414393939289,-3.5335030889868677,-2.223888354126843,0.01821449328820881,-3.759849017986071,0.1515,0.226,-2.508610124854391,-0.7803381385518855,1.3726547136638836,0.9155
1787537347.4262266,-2.0717914052522297,0.024631249821298273,-3.5751128715484053,-2.1394735889377894,0.025990205120746512,-3.7740523027367834,0.0677,0.199,-2.105534357411391,0.024245385920778326,-3.7269540459628003,0.0337
1787537347.5380247,-2.0710091692098946,0.02433701605756221,-3.566053505426549,-2.180352299451524,0.05088342821666891,-4.482812785988139,0.1125,0.917,-2.318397468344702,0.10332896068478152,-5.440095126179033,0.2597
1787537347.708152,-2.069652975213246,0.0239528824734168,-3.0423109839749327,-2.18075141986395,0.051694033134091225,-4.507783825058618,0.1145,1.465,-2.7015655189381373,0.15228802413426948,-4.507783825058618,0.6448
1787537347.7908964,-2.0688326763573204,0.024286930132911083,-2.778757140279337,-2.1879597613502444,0.05672543106414074,-4.5449287251793855,0.1235,1.766,-2.024458405691924,0.05522770923115717,-3.366005710129814,0.0541
1787537347.8744926,-2.068792673346925,0.02442111619163804,-2.788694443719067,-2.1227581515914102,0.047172281661105736,-3.4634653586278192,0.0586,0.675,-2.1781955430214768,0.05884190114226914,-4.0611701840648236,0.1147
1787537347.960915,-2.0687225964526452,0.024477946904621326,-2.9515932245889274,-2.1571839041026637,0.0569868810309186,-4.03528582762441,0.0942,1.084,-2.1781955430214768,0.05884190114226914,-4.0611701840648236,0.1147
1787537348.047357,-2.0685937142286406,0.02419315041911375,-3.1438786058531556,-2.1443974601826272,0.10507867764345849,-4.2117355755367205,0.1109,1.068,-2.943878817336464,0.3797883895334042,-4.03528582762441,0.9448
1787537348.2079895,-2.0683126437597914,0.022796653555438955,-3.3298247015280507,-2.143396985364526,0.10949957646322976,-4.224427767740778,0.1147,0.895,-2.1177857318968405,0.0351555669011285,-3.725427655642728,0.0510
1787537348.3010736,-2.0685597558587157,0.022672785972214893,-3.3712301969370206,-2.127767845586098,0.04562520553205286,-3.8892464135847082,0.0635,0.518,-2.1177857318968405,0.0351555669011285,-3.725427655642728,0.0508
1787537348.3879635,-2.0687105882162355,0.022892416453134966,-3.393066799543114,-2.110747802591175,0.043659942035844015,-3.929103501493297,0.0469,0.536,-2.0912630828369365,0.04034498672199357,-3.851529294609278,0.0285
1787537348.4649572,-2.0686363825748186,0.023678430453231012,-3.525216838177962,-2.1065109288730963,0.042646259189797635,-3.928801325775643,0.0424,0.404,-2.1193343317379827,0.020929098022391058,-3.53389533991225,0.0508
1787537348.544173,-2.0686395785800764,0.02457764667567128,-3.801632898737687,-2.1149657229708407,0.02447876603309574,-3.583773915122591,0.0463,0.218,-2.1193343317379827,0.020929098022391058,-3.53389533991225,0.0508
1787537348.7082255,-2.0679694528269525,0.02518445153450822,-3.85560217357615,-2.112816861025745,0.018119318398744068,-3.68963138465065,0.0454,0.166,-2.116979428279399,-0.016397080915889393,-3.3549460915706173,0.0643
1787537348.7885044,-2.0675764729321293,0.02501906935526029,-3.8369878493296556,-2.1098926022622284,0.014631852501267724,-3.6755032538832784,0.0436,0.161,-1.9766587800850326,0.03925682083845611,-4.461103717434271,0.0920
1787537348.870153,-2.0672817983790006,0.024728632589411756,-3.661336850564051,-2.0194311473152737,0.03512424992611464,-4.338407427735544,0.0490,0.677,-1.9766587800850326,0.03925682083845611,-4.461103717434271,0.0918
1787537348.9540944,-2.0666817173944083,0.02499295476036008,-3.396018669008975,-2.0400744517445806,0.04035047429464408,-3.7326119024088213,0.0307,0.337,-2.0625038641273137,0.1091636044275565,-4.414992654465585,0.0843
1787537349.0444741,-2.0659855303072763,0.02558643643227968,-3.1221309515933258,-2.0319550722385316,0.04019744878348019,-3.7200371115148174,0.0370,0.598,-2.0612842676839533,0.0031916154014271967,-3.313907621604699,0.0229
1787537349.1461468,-2.0651971031272938,0.026528330621458363,-2.911862072826926,-2.0436151008103174,0.0400860546501939,-3.6914502728164105,0.0255,0.780,-2.0478400299564785,0.01927491691413104,-3.001543990074016,0.0188
1787537349.3130317,-2.063085956560021,0.027834890596204347,-2.920333571786037,-2.042856482735871,0.021964666148639213,-3.0355583175214473,0.0211,0.115,-2.0478400299564785,0.01927491691413104,-3.001543990074016,0.0175
1787537349.3898513,-2.061525031216405,0.027706800047712466,-2.8613613980613826,-2.032908507487212,0.018925504836562627,-2.9465215295739866,0.0299,0.085,-1.9822161440871855,0.029726393142770705,-3.168845293477724,0.0793
1787537349.4745643,-2.0599814546844457,0.02733258255811845,-2.7052507701749224,-1.996607606142313,0.01651504049433037,-2.7163882962287222,0.0643,0.011,-1.9960857582635045,0.010360949135728199,-2.6419452309091382,0.0661
1787537349.5512593,-2.058549561615448,0.026993944003870313,-2.372367324993622,-1.9872443897626901,0.014433707502903032,-2.6472543137355067,0.0724,0.275,-2.0884403842258092,0.033895454790306555,-2.886862890500483,0.0307
1787537349.7194993,-2.0558841148101017,0.027405753566385756,-2.3283834982039857,-2.0212430804583006,0.02551199596128254,-2.7476901250283254,0.0347,0.419,-2.0884403842258092,0.033895454790306555,-2.886862890500483,0.0332
1787537349.7994146,-2.0545129927600283,0.028074011805970776,-2.4015493301544795,-2.0601447570548226,0.0031927836655917183,-1.7520907529619836,0.0255,0.649,-2.112039812614517,-0.009667018273479915,-1.4657439844864775,0.0688
1787537349.8820565,-2.0532519131743285,0.028693379769329636,-2.6375267666544517,-2.0588987469763627,-0.0009915458963450441,-1.5937855848703504,0.0302,1.044,-2.2962281320580344,0.5083486842205144,-5.391367040895257,0.5377
1787537349.9627497,-2.052115311241424,0.028912333103736535,-2.649023744106748,-2.085933454802227,-0.0026077126463864464,-1.9684776392677903,0.0462,0.681,-2.2962281320580344,0.5083486842205144,-5.391367040895257,0.5380
1787537350.0497777,-2.0509632402753066,0.0287333252735958,-2.6696017449703953,-2.084126121096708,0.023286314022587844,-2.6467302915648414,0.0336,0.023,-2.0836745742017344,0.02899428735422344,-2.716818780718492,0.0327
1787537350.199913,-2.048827289125406,0.02788369648416669,-2.3116615336381185,-2.0859731454333783,0.022955666294283437,-2.5967263882628253,0.0375,0.285,-2.0836745742017344,0.02899428735422344,-2.716818780718492,0.0349
1787537350.2573817,-2.047778341027259,0.027817969410999368,-2.3057745109278027,-2.0859731454333783,0.022955666294283437,-2.5967263882628253,0.0385,0.291,-2.7191389897603138,-0.3822022122745256,2.429285135010736,0.7867
1787537350.4211814,-2.04555022666959,0.028474023035122704,-2.2756035416167997,-2.108484269829397,0.02994105461214799,-1.3443328820584441,0.0630,0.931,-2.162678136015662,0.044162251567660404,-2.6344960348527247,0.1182
1787537350.5172458,-2.04452219892399,0.029053272491438506,-2.475374522386272,-2.1459117630796056,0.040558177125030986,-2.590179386529286,0.1020,0.115,-2.154250529894737,-0.009364321268904472,-1.2105082427399176,0.1163
1787537350.6083152,-2.043496375930425,0.02929829096762218,-2.4898278551816313,-2.1519345481087924,0.004611612592803342,-1.4908313817329588,0.1112,0.999,-1.9653355478553252,0.011430753680618706,-2.177228648411252,0.0802
1787537350.6918106,-2.0424034835226093,0.029164778588548428,-2.5002948754512015,-2.117026972293832,0.0061679050485632676,-2.001926903343721,0.0781,0.498,-2.674240769343851,0.004609009349418702,-2.001926903343721,0.6323
1787537350.774708,-2.041337136217631,0.02876419557320051,-2.3986127402119557,-2.1293000019733808,0.0037404490819517135,-1.932013356659542,0.0915,0.467,-2.0210095278619384,0.02823624269762802,-2.4973762708450344,0.0203
1787537350.8555021,-2.040374689711633,0.0284200941093947,-2.134457252811923,-2.0471915229712416,0.023110773759735564,-2.431169143382375,0.0086,0.297,-2.0210095278619384,0.02823624269762802,-2.4973762708450344,0.0194
1787537350.954363,-2.0393905379440795,0.0283016407049483,-2.1266692029935146,-2.0502078996235698,0.0222744027214002,-1.8005965982529262,0.0124,0.326,-1.9954670028997816,0.02069096924494601,-2.073845391469455,0.0446
1787537351.059752,-2.038326299523357,0.028659614318815262,-2.046437135424284,-2.022934402716703,0.01953414343883377,-2.0158708383700747,0.0179,0.031,-2.138964624938814,0.0215177324368305,-2.1017054933374846,0.1009
1787537351.1497152,-2.0373381339016254,0.029302565667693153,-2.160930049160778,-2.0679188345850745,0.01730524522182065,-1.7035553757393636,0.0328,0.457,-2.138964624938814,0.0215177324368305,-2.1017054933374846,0.1019
1787537351.2323785,-2.0363770245844055,0.029662555174464467,-2.393185173669471,-2.0624794292570594,0.018409829365765386,-1.8217613999075315,0.0284,0.571,-2.0571665062423463,0.019820070306350794,-1.8531530956531674,0.0230
1787537351.2323785,-2.0363770245844055,0.029662555174464467,-2.393185173669471,-2.049562427077776,0.01951527292142916,-2.0661559642497913,0.0166,0.327,-2.275105607226703,-0.022980479903419913,-0.8846829182137392,0.2445
1787537351.5141387,-2.0346630904040257,0.028418028378098276,-2.1481174548797317,-2.1013782773498506,0.01708407953460927,-1.8139557504415764,0.0677,0.334,-2.275105607226703,-0.022980479903419913,-0.8846829182137392,0.2459
1787537351.6083355,-2.034330429307026,0.02819603332218243,-1.9405024255361234,-2.1489625705887443,0.012017092871853983,-1.6915857287057423,0.1158,0.249,-2.299201232231055,0.011777979702156783,-1.8139557504415764,0.2654
1787537351.685183,-2.0338657962053763,0.028418664828510506,-1.7086543392071576,-2.145572658225843,0.02004364589050764,-1.9276765009262975,0.1120,0.219,-2.1376041845925697,0.026398051518884934,-2.0631270563480935,0.1038
1787537351.769986,-2.0334659566442097,0.028825894123575842,-1.6153402521546598,-2.1506202223935085,0.020324102806115258,-1.9081078359812458,0.1175,0.293,-2.001458609966595,0.009356868764732115,-1.4142270385341644,0.0375
1787537351.8649845,-2.0329465855102966,0.02903655012199986,-1.6324990144828857,-2.071259127920645,0.015904155376192622,-1.5915401168372545,0.0405,0.041,-2.13278992250337,0.31277002671929444,-4.672301280146209,0.3008
1787537351.944328,-2.032352769100985,0.028864519179799982,-1.6709779409723042,-2.077435233764279,0.027876561987488988,-1.766430305760688,0.0451,0.095,-2.13278992250337,0.31277002671929444,-4.672301280146209,0.3011
1787537352.1191435,-2.031153300007949,0.027777046747727244,-1.5097331506542089,-2.046478058340007,0.01987077380914223,-1.5530768782121942,0.0172,0.043,-2.032021023894097,0.017535949517846792,-1.5172659175777707,0.0103
1787537352.20801,-2.0306360155176093,0.02739480100947584,-1.2285334778228394,-2.0594208271401837,0.021258385918442417,-1.5625380770053912,0.0294,0.334,-2.068857507893826,0.021644468060682688,-1.567615846954612,0.0387
1787537352.2807832,-2.0300066966941372,0.027441341427303884,-0.9387791858554765,-2.057331337683235,0.02162321545754337,-1.5291793026185234,0.0279,0.590,-1.9778834377140022,0.061805561831132616,-1.4588950316545537,0.0624
1787537352.362115,-2.029115579592042,0.028333526687668253,-0.9706297276532836,-2.033355710139387,0.01954196200092853,-1.1734381056198444,0.0098,0.203,-1.9778834377140022,0.061805561831132616,-1.4588950316545537,0.0612
1787537352.4492075,-2.0283214419774667,0.029331899349770738,-1.1632543857076318,-2.063514276528494,0.042002801870726025,-1.1510578255163633,0.0374,0.012,-2.0967347087985715,0.04801424981702156,-1.2616703914740022,0.0709
1787537352.542234,-2.027493559860845,0.029925830605566656,-1.1851737042272867,-2.0479515556766317,0.05069618383385032,-1.550042725220225,0.0292,0.365,-2.040060262539312,0.05279214618911308,-1.5778384505155212,0.0261
1787537352.7144282,-2.025706109629078,0.030094377192317855,-1.1183552985354281,-2.0455011381655215,0.05407515751990624,-1.5285418892873774,0.0311,0.410,-2.087504046656619,0.0480583363814595,-1.5819083112543038,0.0644
1787537352.7980728,-2.024913338709056,0.030047055896540446,-0.87774097846403,-2.0654011942937323,0.048320045425766525,-1.5560535039109986,0.0444,0.678,-2.087504046656619,0.0480583363814595,-1.5819083112543038,0.0651
1787537352.8861444,-2.024026953661744,0.030196083367305584,-0.8736130085197585,-2.021089135291859,0.03226695534025845,-1.1021595193619549,0.0036,0.229,-1.9849176195273355,0.02370594166381051,-0.9517005996870712,0.0396
1787537352.9763913,-2.0230268517053904,0.030770847590901505,-0.8978774236150975,-2.01514551209977,0.03280991225708237,-1.0449753410096219,0.0081,0.147,-2.0878455083313736,0.0462163424074942,-1.2184267619217395,0.0666
1787537353.078368,-2.022063107433115,0.03156504904197221,-1.0425907081317698,-2.0519194494402915,0.04391657236544495,-1.2416295788663743,0.0323,0.199,-1.9903765500770823,0.01864297584395883,-0.4954426874991346,0.0342
1787537353.1693454,-2.021195543557413,0.0321939013350682,-1.3681963467981537,-2.0280520268770057,0.02605638230352086,-0.5848695294722358,0.0092,0.783,-1.9903765500770823,0.01864297584395883,-0.4954426874991346,0.0337
1787537353.2558024,-2.0201827862345954,0.03210907511040168,-1.36580774586049,-2.031299972183305,0.026077181602908336,-0.535997318855228,0.0126,0.830,-1.9903765500770823,0.01864297584395883,-0.4954426874991346,0.0327
1787537353.3528023,-2.0191364628596475,0.031739471510178086,-1.2998902127555438,-1.9959793701710662,0.027998974341444306,-1.375180292394387,0.0235,0.075,-1.9729875213674857,0.029918033072772236,-1.4303609094628764,0.0462
1787537353.450915,-2.018210544690427,0.031291190352032774,-1.042532662158901,-2.0403017768996885,0.04074608032390981,-1.7136563028163607,0.0240,0.671,-2.1016275180756687,0.04809464734964851,-1.726196816811539,0.0851
1787537353.6212344,-2.016177451961285,0.03142399362764139,-1.0434193138976793,-2.0403116592326693,0.040823812417894186,-1.7185186915669222,0.0259,0.675,-2.1016275180756687,0.04809464734964851,-1.726196816811539,0.0871
1787537353.6984973,-2.0151649547378296,0.03189092502259818,-1.1830891344780758,-2.0403395079582665,0.0408715693427222,-1.722251019505136,0.0267,0.539,-2.224098440981667,0.22624606400115743,-1.722251019505136,0.2854
1787537353.7889102,-2.0143374319137055,0.031805211226662904,-1.1949258736644957,-2.042253007365134,0.04510352831458464,-1.7324834278933192,0.0309,0.538,-1.9213453136800405,0.02817535032491708,-1.0842909233032114,0.0931
1787537353.8890867,-2.0134512726867184,0.031416406060011004,-1.2406451392389946,-1.9814417123406598,0.03168934355383722,-1.1245720750488706,0.0320,0.116,-1.9213453136800405,0.02817535032491708,-1.0842909233032114,0.0922
1787537353.9809906,-2.0124929546769246,0.030606869698774207,-1.2488322635680447,-2.0425865537404775,0.03820742081127899,-1.3619117877437699,0.0310,0.113,-2.105597800025586,0.043314103205820464,-1.5647888311579605,0.0940
1787537354.0678642,-2.011632657125729,0.02963685917627433,-1.0902314929668337,-2.0678550347331495,0.039459975656207236,-1.4813286848640241,0.0571,0.391,-2.105597800025586,0.043314103205820464,-1.5647888311579605,0.0950
1787537354.2153637,-2.010579746726479,0.02847009892583877,-0.8632649386169475,-2.06987306648621,0.03965864647712555,-1.4843625506665616,0.0603,0.621,-1.93797217329202,-0.012640788350603687,-0.5396996987935048,0.0834
1787537354.3029034,-2.0099727924887336,0.028297693710064242,-0.8014291383278281,-2.0174321752353737,0.032637354740865925,-1.0846796314015645,0.0086,0.283,-1.9687561645208906,0.9385934176715541,-9.201748782902579,0.9112
1787537354.4110043,-2.00945627964768,0.028260864649424244,-0.8964977510052555,-2.0391885980421445,0.03758257833940758,-1.401704647241895,0.0312,0.505,-2.177152946859683,-0.008085009122673176,0.15144831500114062,0.1716
1787537354.5001047,-2.008728682267536,0.027933362173961758,-0.8963707908458828,-2.092874186032401,0.010614352433269206,-0.2507943547894186,0.0859,0.646,-2.177152946859683,-0.008085009122673176,0.15144831500114062,0.1722
1787537354.5897808,-2.0079381298484655,0.027293447967613967,-0.8887648598097464,-2.117985679381537,0.04250154009691153,-1.2576059027853768,0.1111,0.369,-2.1964700057830604,0.06882734617854162,-1.6591716008736348,0.1931
1787537354.6738806,-2.0071747604106065,0.02637134697270599,-0.7541027109331032,-2.125154916304037,0.04388838847081079,-1.2564662281232424,0.1193,0.502,-2.0812902540232256,0.05825475490350736,-1.5706284316124957,0.0807
1787537354.74995,-2.0061997540261385,0.025930059520478516,-0.5637965260478185,-2.0959969572932184,0.05764074187698939,-1.5783830557102358,0.0952,1.015,-2.0812902540232256,0.05825475490350736,-1.5706284316124957,0.0818
1787537354.9169192,-2.004112605134339,0.026216735113535648,-0.1098211142534027,-2.144675655649436,0.044215716309675863,-0.8494311122651709,0.1417,0.740,-2.2561734942522085,0.027730443098048986,-0.5350941141451762,0.2521
1787537354.99582,-2.003123557357954,0.02687905780689133,-0.017739965330735456,-2.153465470375249,0.044929186138636765,-0.8159629672031037,0.1514,0.798,-2.2561734942522085,0.027730443098048986,-0.5350941141451762,0.2531
1787537355.0821674,-2.00222653559785,0.027432759515087165,-0.06528938640335824,-2.13671570731046,0.04369533539376676,-0.8204698357952652,0.1355,0.755,-1.9056890315018267,0.04234186456011682,-0.22284885144147754,0.0977
1787537355.1850913,-2.0012611138517933,0.027516635232514262,-0.07050037833261172,-2.0170891245677196,0.045102357313800114,-0.24573066652996078,0.0237,0.175,-1.9056890315018267,0.04234186456011682,-0.22284885144147754,0.0967
1787537355.28796,-2.000215099516502,0.02720731981416232,-0.04725164692447183,-2.03049927462856,0.05174170410074763,-0.6313018349396643,0.0390,0.584,-2.0966526769656495,0.27006903995500653,-2.9148579926280997,0.2613
1787537355.3876157,-1.9992765430518993,0.026713757920593745,0.16942253719206066,-2.062795982378063,0.0468278570367939,-0.4078982718457071,0.0666,0.577,-1.96189571218872,0.03892334109308163,-0.13435069516913703,0.0393
1787537355.468159,-1.9985984334709437,0.026548008480207025,0.17786396746980593,-2.0151083180626337,0.0443279221979187,-0.2586106739107947,0.0243,0.436,-1.96189571218872,0.03892334109308163,-0.13435069516913703,0.0387
1787537355.545972,-1.997879735994354,0.026818639118918016,0.19582787810004892,-1.99632470627377,0.04184390819026309,0.02832726790015501,0.0151,0.168,-1.9655130850639293,0.01433712254989415,0.3330112273231224,0.0347
1787537355.6425567,-1.9971795573381732,0.0273052676424321,0.1172428627218721,-1.98088860310917,0.029141849530448537,0.3966474801297913,0.0164,0.279,-1.9729408370854475,0.025884302535371783,0.43619630443941654,0.0243
1787537355.821346,-1.9958151983621464,0.027790516514013375,-0.14186324967974182,-2.017074750075602,0.02016286715666675,0.28592775607541215,0.0226,0.428,-2.070575203880884,0.020469921262573625,0.23632289380630767,0.0751
1787537355.9099817,-1.9949605359973823,0.02746041550262503,-0.11524271998533515,-2.016936067985804,0.018817896311286886,0.32829661321278464,0.0236,0.444,-1.978864736740828,0.11299387933225956,-0.9663451070311022,0.0870
1787537356.001554,-1.9941729363664025,0.02694911056532611,0.049996177816974866,-2.0044812666380665,0.023860051731504045,-0.13972009889197268,0.0108,0.190,-2.458576960923475,-0.7299537926386319,5.645258586947317,0.8880
1787537356.0840917,-1.9937165828772967,0.02694462245221787,0.12545314231846108,-2.085481677871965,0.029140576176515654,-1.7140592691697214,0.0918,1.840,-2.458576960923475,-0.7299537926386319,5.645258586947317,0.8883
1787537356.178453,-1.993217480826677,0.027387733507489714,0.23967076977535787,-2.0796240148188447,0.03008803342680318,-1.7588800408918994,0.0864,1.999,-2.0408394015021782,0.047958435248349356,-0.3723220758629638,0.0519
1787537356.269742,-1.992685434696655,0.028138942591078735,0.27895646354925907,-2.053856425039571,0.04712997872268006,-0.37573943942398247,0.0641,0.655,-2.0408394015021782,0.047958435248349356,-0.3723220758629638,0.0521
1787537356.35388,-1.9927345819430733,0.028899242052165614,0.23918576173442627,-2.0069899522473458,0.05274427014052089,-0.12259219909919893,0.0278,0.362,-1.977233928493708,0.05265715569605884,-0.1137922489985747,0.0284
1787537356.5191073,-1.992478087625667,0.029411155973193756,0.09576054046954757,-2.006405895882444,0.053016364875502826,-0.10835830646297147,0.0274,0.204,-1.977233928493708,0.05265715569605884,-0.1137922489985747,0.0278
1787537356.5986915,-1.992224905600698,0.02920539998310789,0.14592555876309132,-2.0558634613286695,0.029521934893799565,0.42672078033724026,0.0636,0.281,-2.2044731190030133,0.008852882727939902,0.8156729597238908,0.2132
1787537356.6838386,-1.9920809238644093,0.0290113700586644,0.3619531808376854,-2.057324164321832,0.028630351888413962,0.4711401136884692,0.0652,0.109,-2.0233037343612503,0.058747031344635506,-0.444959429169597,0.0431
1787537356.767715,-1.9913261289673965,0.029340704402605958,0.5262078021137176,-2.0324857336440556,0.05448497805516264,-0.3823132128745886,0.0482,0.909,-1.984254726121318,0.011922182612738898,1.1271777871819622,0.0188
1787537356.8540535,-1.9904298351484926,0.030112709531876503,0.6116980953667155,-2.0031768677995196,0.02293351581309165,0.9142809155113646,0.0146,0.303,-1.984254726121318,0.011922182612738898,1.1271777871819622,0.0192
1787537356.9447753,-1.9895680616158171,0.03113431188987255,0.5725996302121836,-2.0166408967391143,0.029287127666770833,0.48157962392811926,0.0271,0.091,-2.0316230466172853,0.03437874857207011,0.40103787724594386,0.0422
1787537357.1146026,-1.9872446430905752,0.031625569931094805,0.3609596210599203,-2.0160687579867838,0.028401078286130844,0.5170401328560883,0.0290,0.156,-2.0316230466172853,0.03437874857207011,0.40103787724594386,0.0445
1787537357.2136018,-1.9857972033240985,0.031159219562547472,0.3355255115330005,-2.0115154478188035,0.025304165514604186,0.49145682527188317,0.0264,0.156,-1.9981482943873765,0.06326081801225174,-0.3022717033238196,0.0344
1787537357.3109417,-1.9844247703746722,0.030500183991816896,0.46341060212889806,-2.0017731640865164,0.05881054511364034,-0.23045906458052073,0.0332,0.694,-1.9981482943873765,0.06326081801225174,-0.3022717033238196,0.0355
1787537357.4044116,-1.9830888973497094,0.030122877718698714,0.7315672734777532,-2.045923335696231,0.05976815149794163,-0.4678571554804954,0.0695,1.199,-2.183996569370203,0.07513054299267002,-0.7847662269767449,0.2059
1787537357.4917774,-1.981801465296218,0.030128818330449277,0.7506546522767928,-2.0491942656218605,0.06217594797157869,-0.5019251239062915,0.0746,1.253,-2.082600990483551,0.020138407005948312,1.0176796468224616,0.1013
1787537357.5776718,-1.9805244661111039,0.030380350504441843,0.6737635104346199,-2.060523108190091,0.03146374241213586,0.8552585446982834,0.0800,0.181,-2.082600990483551,0.020138407005948312,1.0176796468224616,0.1026
1787537357.6672933,-1.9795837356152497,0.03031115499301948,0.6619135021888455,-2.097686248035353,0.03166542034866425,1.1031659798361815,0.1181,0.441,-2.2931807823788604,0.6670292083644787,-3.2513725042614126,0.7098
1787537357.746521,-1.978575863102532,0.029924925160397048,0.6169366524485613,-2.103931861282085,0.030494555795402008,1.16731679191392,0.1254,0.550,-2.2931807823788604,0.6670292083644787,-3.2513725042614126,0.7105
1787537357.909948,-1.9765478756926596,0.028037901504131546,0.5319041847982434,-2.0378510874786397,0.029588674878294724,0.8425961102214191,0.0613,0.311,-2.023436647722942,0.03006401736362572,0.8265189543804298,0.0469
1787537357.9938507,-1.9756555928285655,0.027077221495337266,0.7072129094278801,-2.0760232592674472,0.017497312796024025,0.8998764790838863,0.1008,0.193,-2.1947728596159504,0.003864666072619828,1.1636041492933897,0.2203
1787537358.0763884,-1.9746820000272818,0.02675125564626723,0.7174463505231503,-2.081217013642728,0.014429017164773081,0.9554225353254496,0.1072,0.238,-2.025648094767209,0.044454625570290965,0.07514223225245771,0.0540
1787537358.1594408,-1.9736710229659387,0.02683893856445928,0.7159344811403284,-2.048545584602061,0.013350821386163884,0.3862812209296262,0.0761,0.330,-2.038656504115681,0.017198007078970692,0.9282824019229008,0.0657
1787537358.2506244,-1.97271688008601,0.02712974240835785,0.584294309282849,-2.042595945089999,0.01658494185566193,0.9333327651410909,0.0707,0.349,-2.038656504115681,0.017198007078970692,0.9282824019229008,0.0667
1787537358.3399463,-1.9718465290632938,0.027262867527237104,0.29551309072370285,-2.085620676771783,0.04713088995757961,0.02882839652664251,0.1155,0.267,-2.213492088782485,0.07709828770393515,-0.43241126895861337,0.2467
1787537358.4400332,-1.97087374938668,0.026979376493335466,0.3002005898751431,-2.0908031380015495,0.048992284056350234,0.005269082717774361,0.1219,0.295,-2.2171280650336187,0.005653225648569793,0.9496326806381842,0.2472
1787537358.5430658,-1.969836913874544,0.026355472350623244,0.355826191323045,-2.1316195211449593,0.023493515087787444,0.6401785420422939,0.1618,0.284,-2.2171280650336187,0.005653225648569793,0.9496326806381842,0.2482
1787537358.644121,-1.9692557999610618,0.02597569742219706,0.3927225941132615,-2.0408556574904777,0.046313918911272706,0.21008993508774076,0.0744,0.183,-1.933591778756013,0.054512161307296955,-0.0038352883569674518,0.0457
1787537358.740624,-1.9685952983596948,0.02592221546300146,0.49785031951287684,-2.0159060287424357,0.058642628962449074,-0.153489731325416,0.0575,0.651,-1.9856354453246559,0.23649632572604368,-1.933513270915473,0.2113
1787537358.8407137,-1.967918346311805,0.026485117234725332,0.639937620169757,-2.0119510098268023,0.06147813771823526,-0.18813699761201486,0.0562,0.828,-2.0288557722709144,0.06516352367435749,-0.3735509975139695,0.0722
1787537359.0126991,-1.9670217288038756,0.027667577608753213,0.5344237430130725,-2.021987552069256,0.06322589546376625,-0.3290102378242041,0.0655,0.863,-2.022342159351388,0.051440303546438575,0.27122096662388817,0.0602
1787537359.092042,-1.9666479862997406,0.027773219307704496,0.4293440812932299,-2.0209710050484095,0.058857808095774906,-0.06048691587062732,0.0626,0.490,-2.054736162550192,0.22104309383780207,-1.743993656439324,0.2124
1787537359.1736207,-1.9662382973278734,0.027573245784595288,0.398911284104687,-2.01795990172217,0.061380714459593255,-0.08641730473507592,0.0618,0.485,-1.9386705294472597,0.09290831599357185,-0.17274399953363484,0.0709
1787537359.2669756,-1.9663003468804454,0.027740497307708736,0.3157311258771644,-1.986301441245525,0.06331530668915834,0.05131607542358163,0.0408,0.264,-2.0371631521016424,0.014425614905158875,0.7749625330835755,0.0721
1787537359.3668094,-1.966059842257445,0.028161863541348666,0.3156327509250358,-2.016369489017156,0.023404062398158537,0.6473912116646667,0.0505,0.332,-2.0371631521016424,0.014425614905158875,0.7749625330835755,0.0724
1787537359.459879,-1.965730003718191,0.028988823144332446,0.31163909913250415,-1.992503153700486,0.0524895501096429,-0.20472996988005915,0.0356,0.516,-1.9782516071408025,0.06135773033738147,-0.3128624012564728,0.0347
1787537359.5455987,-1.9654551010645671,0.03009078216464951,0.15173363013663832,-2.0044497551502065,0.034085055060327704,0.3636748325696019,0.0392,0.212,-2.024333275793376,0.0254895902096679,0.49446789390659174,0.0591
1787537359.635314,-1.9652544848225,0.031023406679577075,-0.14858040637900874,-2.01255161262387,0.032565626395098565,0.18045458069954445,0.0473,0.329,-2.019436764589787,0.032819430168252756,0.1761633692114133,0.0542
1787537359.810256,-1.9638786614184438,0.03118131934356659,-0.10046693120546746,-2.0085294821679365,0.025560885590509556,0.07206688190363926,0.0450,0.173,-2.0036905029237926,0.0234615328564485,0.09639244946802053,0.0406
1787537359.8874936,-1.9632554575478733,0.030925560660930825,0.13717088017415818,-2.0067330839834425,0.02385110391481478,0.0616411268689386,0.0440,0.076,-2.0036905029237926,0.0234615328564485,0.09639244946802053,0.0411
1787537359.9773908,-1.96225862206022,0.03097380074387789,0.4799489866328945,-2.0044382906237255,0.019101565400733534,0.03340077527585901,0.0438,0.447,-2.0750255239992543,0.004367338253385416,0.8976846321722844,0.1159
1787537360.0672784,-1.961171245444274,0.031423524570837656,0.8333709178658307,-2.031023144432454,0.012919926633824179,0.6895076463299745,0.0723,0.144,-1.917181960178823,0.03929902609413121,0.5129056244438592,0.0447
1787537360.161952,-1.9600601984220432,0.03211935596282308,1.1251362586920046,-1.9527129838311654,0.034244572648017585,0.5916968708610391,0.0076,0.533,-1.917181960178823,0.03929902609413121,0.5129056244438592,0.0435
1787537360.245563,-1.9590885945858132,0.032855189560745665,1.1974222184845258,-1.9695850533210069,0.01612465197056735,1.5155791088222528,0.0198,0.318,-1.9957889596842346,0.009981047091502637,1.584474187031412,0.0432
1787537360.3321207,-1.9578440231033356,0.03297954995461774,1.187966506527429,-1.944568747773832,0.03235910552358218,1.3181363183856125,0.0133,0.130,-1.9333032430394448,0.03881012299165683,1.231233494817052,0.0252
1787537360.5113595,-1.955235120753044,0.03194321309481636,1.3052578059987923,-1.9368951742115885,0.03233738922007203,1.392421067529634,0.0183,0.087,-1.9333032430394448,0.03881012299165683,1.231233494817052,0.0230
1787537360.5689447,-1.9540387939424582,0.03142041208061914,1.5838741621623802,-1.9300516582340712,0.03232961355884991,1.457531947936404,0.0240,0.126,-1.926833806229086,-0.5032406909716409,6.57114646395706,0.5354
1787537360.7154355,-1.9516884847918803,0.0312995868109244,1.6781856509936808,-1.9738962377479001,0.010815384730975368,1.7193256791381648,0.0302,0.041,-1.926833806229086,-0.5032406909716409,6.57114646395706,0.5351
1787537360.772723,-1.9505055600266916,0.03168475413837011,1.6750521090724075,-1.9693351646269643,0.006556332091629366,1.87057268562643,0.0314,0.196,-2.20517793341279,0.07682929791116523,0.6150552273881685,0.2586
1787537360.849518,-1.9494026700232336,0.03212120024797778,1.5529774508180931,-2.054564448004503,0.050533257842179595,1.1078268019333897,0.1068,0.445,-1.8540312093461726,0.03530673816275575,1.8654100108238887,0.0954
1787537361.0174892,-1.9472670327385209,0.03217256746640328,1.5011854948968413,-1.952480163731974,0.038762497647573835,1.827989114949241,0.0084,0.327,-1.8540312093461726,0.03530673816275575,1.8654100108238887,0.0933
1787537361.0990782,-1.9460892563511796,0.03174088969974935,1.5079257027884907,-1.9593398810661875,0.030025767450462596,1.6658885075579013,0.0134,0.158,-1.963511785383668,0.02867299934236648,1.6840180644406197,0.0177
1787537361.183022,-1.9449860694468009,0.031145280035497488,1.6594164275626584,-1.9556679530504124,0.029670082888597397,1.7334707857232363,0.0108,0.074,-1.9915532083394711,0.03496622672042147,1.5682764494766934,0.0467
1787537361.264054,-1.9439389317669413,0.030775716478329815,1.9449437107858947,-1.9792880934161021,0.03365740049892852,1.5877945764234593,0.0355,0.357,-1.9915532083394711,0.03496622672042147,1.5682764494766934,0.0478
1787537361.3384907,-1.9428266092392419,0.030742218435053974,2.2406267806616724,-1.9654831947759508,0.038118313305099474,1.9809884380704847,0.0238,0.260,-1.9572217489794437,0.03781841448666314,1.9951426009960396,0.0160
1787537361.5101056,-1.9409564786563833,0.032299531828149486,2.0207918362564823,-1.9633925583105893,0.03874979776510786,2.0519807985406593,0.0233,0.031,-1.886463730925691,0.05467393207916594,2.0519807985406584,0.0589
1787537361.593425,-1.9403509640636214,0.032887223130284624,1.8108529151360462,-1.934334040599061,0.04370750753686389,2.090918663277976,0.0124,0.280,-1.8924557252730543,0.05031278234843101,2.090918663277976,0.0510
1787537361.6879935,-1.9396505793008494,0.033134122778581514,1.5754269449676321,-1.9156314675264994,0.0463172349848907,2.160255555792652,0.0274,0.585,-1.9658402846449086,0.06290996974423418,1.3795943034866414,0.0397
1787537361.7892458,-1.938894602338068,0.03306479878480196,1.4027844936237461,-1.9483821347350854,0.059574894207911136,1.4364307733114576,0.0282,0.034,-1.9020217860063333,0.0468419385247705,1.6736547993243267,0.0394
1787537361.8967402,-1.9382698454272953,0.032928934995085195,1.4364883642528277,-1.9309645145484715,0.0513141016918737,1.6287825385226573,0.0198,0.192,-1.9284462191797898,0.06516883307363518,1.1778856233972947,0.0337
1787537361.996662,-1.9379192953802244,0.033223836971783674,1.4315078679432143,-1.9307885084119487,0.06082786936465308,1.235188578468858,0.0285,0.196,-1.956289498165723,0.3240668689547306,-1.492386156505253,0.2914
1787537362.0874329,-1.9375096352234062,0.03395785100905673,1.3666453152876015,-1.9397761062661638,0.06972565530469951,0.9671420943624391,0.0358,0.400,-2.053197212130122,0.03640828763735842,1.4388403891926658,0.1157
1787537362.1795092,-1.9375488357849606,0.034428377990238936,1.4201873747309375,-1.9702538511904182,0.045030132256961855,1.315026869560007,0.0344,0.105,-2.053197212130122,0.03640828763735842,1.4388403891926658,0.1157
1787537362.2675433,-1.9375767636703924,0.034656625517183376,1.4860813314283832,-1.9702995847387241,0.04501921997340267,1.316604831797592,0.0343,0.169,-2.6160566390237845,-0.6890419324022663,8.814501167625068,0.9920
1787537362.366299,-1.9375779532646575,0.034412577791879555,1.4805825075694097,-1.9763380193793991,0.04154331708750462,2.38731679545141,0.0394,0.907,-2.0897263108236444,0.06541279979946174,0.7208278175449742,0.1553
1787537362.4649606,-1.9375989222960222,0.03387827880593997,1.551035597092322,-2.026946444799787,0.04653814094812645,1.1249617734882325,0.0902,0.426,-2.0897263108236444,0.06541279979946174,0.7208278175449742,0.1554
1787537362.5571783,-1.9376367065185676,0.0334674859630497,1.6495675730718464,-1.94978725551829,0.06690943525961272,1.0303311946222355,0.0356,0.619,-1.8803227119486068,0.07786429050280555,0.7482952602207252,0.0725
1787537362.7173688,-1.9374519261426513,0.033992002381535665,1.6382833202066756,-1.949707792059183,0.06698139224548763,1.024561351491476,0.0352,0.614,-1.8625385739712872,0.05058741656826252,1.5019933404507202,0.0767
1787537362.8071065,-1.9372621710259033,0.03428132734818437,1.6274217570777763,-1.891057812513543,0.05321348302934616,1.4773603632249206,0.0499,0.150,-1.8503064943879008,0.051106451568184115,1.4651981510793959,0.0886
1787537362.9044468,-1.9371073844293774,0.03461335281844844,1.6206611789388101,-1.877271392884919,0.0539509285842543,1.4668196344019881,0.0629,0.154,-1.8467358634194435,0.05334315917278558,1.4773603632249208,0.0923
1787537362.9928982,-1.9368820258604122,0.03484151055475317,1.559721208608987,-1.8941032418691592,0.04834044691385688,1.4899416231328024,0.0449,0.070,-1.9147716596540818,0.04845258378943495,1.4543807648117397,0.0260
1787537363.0806334,-1.9367238293540054,0.03494158463329618,1.5781820846261396,-1.8941226647495641,0.04831865243457677,1.4908645604280506,0.0447,0.087,-1.8664639133205332,0.08532400057952196,0.2483924081487927,0.0865
1787537363.1746316,-1.936617692453136,0.03490461022098454,1.596178090220504,-1.8692846811127721,0.05399385582108038,1.5318147540240001,0.0700,0.064,-1.868414684026939,0.035618273053728486,1.8381798781101046,0.0682
1787537363.2684932,-1.9365576350886478,0.034756253424515396,1.613264884413057,-1.869267179112449,0.05396087044884594,1.5361319108743734,0.0700,0.077,-1.8940409902285644,0.07329385976808758,0.9912239687042658,0.0574
1787537363.3609874,-1.9365313277239498,0.034533587066807266,1.629085555939334,-1.8991843435976765,0.0638956118137815,1.3451656465877944,0.0475,0.284,-1.8757755300763421,-0.25400113915576206,4.229015395217514,0.2949
1787537363.4595327,-1.9365284392211644,0.03426114959571893,1.6435094547771039,-1.8912882883243671,0.05760993205734241,1.5223591727497126,0.0509,0.121,-1.881722444755958,0.054663765942624815,1.570334621715965,0.0585
1787537363.5562148,-1.936539038412652,0.033955846893262843,1.650269780373626,-1.891301141508273,0.05760043873766067,1.5251179304397326,0.0510,0.125,-1.881722444755958,0.054663765942624815,1.570334621715965,0.0586
1787537363.6386907,-1.9365572455092144,0.03363846881404162,1.6571414431935034,-1.8979883206352834,0.05739963143661477,1.3711223816696916,0.0453,0.286,-1.908307107850379,0.05954482101315936,1.3139463604887098,0.0383
1787537363.8149507,-1.9366403837167125,0.03310238231234036,1.6685764594617605,-1.8866864976177433,0.044468900657982605,2.0427540945950646,0.0512,0.374,-1.8752326110129622,0.03712628512910873,2.1747866079933313,0.0615
1787537363.9164493,-1.9367081828672499,0.03292595127293922,1.6723915674789191,-1.9228714779239064,0.04474280921222147,1.4438690980422701,0.0182,0.229,-2.336630411807018,0.6399062048841866,-1.781705019789447,0.7269
1787537364.0157728,-1.9367735700219895,0.032783379908303226,1.675536372227677,-1.9217349776022141,0.04619829132353435,1.7935973463899257,0.0202,0.118,-2.0953428792148943,0.07234573204123138,0.7075494478165978,0.1634
1787537364.1059844,-1.936814814133156,0.03268760325409939,1.6777478033855655,-1.984139793063274,0.049218657634481494,1.1918715161507656,0.0501,0.486,-2.0953428792148943,0.07234573204123138,0.7075494478165978,0.1634
1787537364.186024,-1.9368393244539388,0.03262030804536464,1.679433874771213,-1.9843192095977007,0.049219104427846445,1.1861632738476622,0.0503,0.493,-1.9888439918566359,0.020255614680495544,2.223995929196056,0.0535
1787537364.2700026,-1.9368525167158253,0.032570005777214445,1.680815390126965,-1.9836396555765006,0.02575320908513845,2.1224581006604786,0.0473,0.442,-1.9901057731311913,0.014538192234867131,2.1522784815206033,0.0562
1787537364.3583796,-1.9368583300372968,0.032529688791270474,1.68201833136777,-1.9871658889799582,0.018969906033411692,2.095237586068641,0.0521,0.413,-1.9901057731311913,0.014538192234867131,2.1522784815206033,0.0562
1787537364.4401917,-1.9368659353175128,0.03249670391002906,1.6848797548553476,-1.9444093122287764,0.06290695639299951,1.1390160383784889,0.0313,0.546,-1.8729301748163074,0.07397654667015015,0.962319281280521,0.0762
1787537364.6128652,-1.9368826932594316,0.03244109500649818,1.6904676320234018,-1.9443440259404041,0.06299976305434533,1.1324099541085333,0.0315,0.558,-2.160301388204727,0.08265681713397457,0.49534200567014813,0.2290
1787537364.6991765,-1.9368910741670935,0.03241623300382478,1.6931369555320408,-2.002797679542685,0.06259551443910633,0.891206357832585,0.0725,0.802,-2.160301388204727,0.08265681713397457,0.49534200567014813,0.2290
1787537364.7783222,-1.9368991562985907,0.03239270744674657,1.6957064771664314,-1.9909694841522754,0.07080074377270519,0.9206225563195317,0.0663,0.775,-1.9803050039980161,0.07245351063831254,0.8887940873875503,0.0591
1787537364.8616364,-1.9369034725956895,0.03237030033015047,1.6980110495497174,-1.988229547780108,0.0301669233801143,2.187176916421459,0.0514,0.489,-2.002569984703098,0.015758521099953352,2.47548168917877,0.0677
1787537364.9490933,-1.936905731587632,0.032348972527216704,1.700210395928252,-1.9609235829922504,0.03516392207936189,2.0525138302854664,0.0242,0.352,-1.9192627273103424,0.04140855104331574,1.876381406596324,0.0198
1787537365.0442975,-1.936906913586159,0.032328758256697294,1.7022873685423319,-1.9608889137669998,0.03513977266274991,2.057786329760798,0.0241,0.355,-1.942617611368729,0.02577825943602778,2.071565972886318,0.0087
1787537365.2121215,-1.9369080737465092,0.032291800787661716,1.706086616354297,-1.9496042963907283,0.027847700553995457,2.04355571051374,0.0135,0.337,-1.942617611368729,0.02577825943602778,2.071565972886318,0.0087
1787537365.3082,-1.936908519062434,0.032275072598082474,1.7078075533910855,-1.9247790970983332,0.05174731230579624,1.4890463863319292,0.0229,0.219,-1.8330691585531635,0.04969415176973756,1.6747174695814258,0.1053
1787537365.3082,-1.936908519062434,0.032275072598082474,1.7078075533910855,-1.8949298472701133,0.05100900920331184,1.6690105988829274,0.0460,0.039,-1.8330691585531635,0.04969415176973756,1.6747174695814258,0.1053
1787537365.422925,-1.9369090046341266,0.03225949711483295,1.7094199425682042,-1.8948514463387016,0.05103320004236664,1.6688690927456913,0.0461,0.041,-1.8330691585531635,0.04969415176973756,1.6747174695814258,0.1053
1787537365.5340426,-1.9369095454110399,0.032245035453849116,1.7109189267046094,-1.8858311121043392,0.036010045697253315,1.9788815927651477,0.0512,0.268,-1.874786490860041,0.031716925149078465,2.0387683150565965,0.0621
1787537365.6317935,-1.9369101456609632,0.032231647994989704,1.712318939538797,-1.9362036150012845,0.024137157883665585,1.9951095246949115,0.0081,0.283,-1.9856363203546092,0.0222045325909282,1.9774740290854014,0.0497
1787537365.8213801,-1.9369114469896727,0.03220786550408314,1.7148199434562421,-1.966265675701146,0.04069743360820213,1.4153872671452628,0.0306,0.299,-1.989256164272997,0.05061066643056836,1.2764744548680096,0.0555
1787537365.9003434,-1.9369121224491541,0.03219735880308297,1.7159416262473157,-1.9663509128937842,0.0407225434672154,1.4108081444929326,0.0306,0.305,-1.9153976233591428,0.009020823102438173,1.9995531553685455,0.0316
1787537365.9858944,-1.9369127893729285,0.03218769063978075,1.7169766862548552,-1.940074061629634,0.03847395425129574,1.7137617519444546,0.0070,0.003,-1.9153976233591428,0.009020823102438173,1.9995531553685455,0.0316
1787537366.0682075,-1.936913444119329,0.032178807332937556,1.7179402227115461,-1.968523669483408,0.044320637544270625,1.449442897606416,0.0339,0.268,-1.9902387797819185,0.0472051163523999,1.4070683253966807,0.0554
1787537366.1466238,-1.936914071293355,0.03217064618751775,1.7188275970327012,-1.9685811037533532,0.044333595758253644,1.4468519511514704,0.0339,0.272,-1.9801342850284829,0.024854220542372303,2.1971042261840705,0.0438
1787537366.3149366,-1.9369152363716624,0.03215628563146344,1.7204130608744916,-1.9725357749343926,0.030230570010246753,2.0893729963536964,0.0357,0.369,-1.9801342850284829,0.024854220542372303,2.1971042261840705,0.0438
1787537366.411412,-1.936915767219738,0.03214998474253067,1.7211153217477386,-1.9525473296975102,0.03452874540589071,1.5519180095162264,0.0158,0.169,-1.9330912330315186,0.13534477642536177,0.5500166669590352,0.1033
1787537366.4975977,-1.9369162674604898,0.03214421280872978,1.7217695786184901,-1.9634576046283843,0.026463614532779435,1.9183074281165842,0.0271,0.197,-1.977102434308452,0.02448214505787044,1.9372683721163029,0.0409
1787537366.5837955,-1.936916729938143,0.03213892242079052,1.7223697597093413,-1.963481394836082,0.02644337831700981,1.9211022410439738,0.0272,0.199,-1.8788265106152047,0.0626608950798549,1.214968690785366,0.0656
1787537366.6796134,-1.9369171581765836,0.03213407707257934,1.722924543416116,-1.9321313483433642,0.05537497553435539,1.3188184834170378,0.0237,0.404,-1.8788265106152047,0.0626608950798549,1.214968690785366,0.0656
1787537366.7649314,-1.9369175592450933,0.03212964499022352,1.7234423944655402,-1.9543395312482876,0.0456279210706069,1.6517727738088106,0.0220,0.072,-1.9870547539748915,0.03146074811193399,2.0365236597293808,0.0501
1787537366.8488693,-1.9369179269965555,0.03212558747868376,1.7239164232006907,-1.9305853065896526,0.06133763816226678,1.1944847659310487,0.0299,0.529,-1.9052511460622266,0.061942043706941334,1.2391977210949516,0.0435
1787537366.9420729,-1.9369182656020407,0.03212187629294673,1.7243546380670935,-1.9305528497540896,0.06137914239862272,1.1902011212390124,0.0299,0.534,-1.9052511460622266,0.061942043706941334,1.2391977210949516,0.0435
1787537367.0320082,-1.9369185824886106,0.03211848743459978,1.724764867145961,-1.9274726590562081,0.05224658827457914,1.8006084969221303,0.0222,0.076,-1.929472548874205,0.04825475139796796,1.8709571870657573,0.0178
1787537367.2037416,-1.9369191326685766,0.032112573964865374,1.7255133902759734,-1.909808756041262,0.052353518684028565,1.5306024497108603,0.0338,0.195,-1.8918022092016982,0.05284296226353002,1.4970960235497761,0.0497
1787537367.2831268,-1.9369193839725154,0.03211002139541917,1.7258609275067094,-1.9097515016194675,0.05234498550196356,1.5305567485076845,0.0339,0.195,-1.932123632253445,0.02918181735025588,2.0698104050985195,0.0056
1787537367.3634589,-1.936919615373756,0.032107711389968055,1.7261921154079831,-1.9242299736441975,0.033452480839380745,1.9977502417653727,0.0128,0.272,-1.932123632253445,0.02918181735025588,2.0698104050985195,0.0056
1787537367.5094323,-1.9369200336851948,0.032103743374464706,1.726825655685318,-1.9242620348491652,0.03335647559408957,2.005884531286049,0.0127,0.279,-1.982980767972321,0.018654529741150942,2.0906418667548627,0.0480
1787537367.589287,-1.9369202209754144,0.032102048272213586,1.727114609956474,-1.9536433896469396,0.02094036338488346,2.09354583223439,0.0201,0.366,-1.982980767972321,0.018654529741150942,2.0906418667548627,0.0480
1787537367.6853364,-1.9369204018477169,0.03210052515668046,1.7273923176759232,-1.9800825772171178,0.03311951078729145,1.6428476467692399,0.0432,0.085,-1.9988418035916686,0.03977530889313894,1.550801111304764,0.0624
1787537367.7754066,-1.9369205695456964,0.03209915792527094,1.7276556433277204,-1.9802094112792998,0.03313060153419739,1.6398296456902433,0.0433,0.088,-2.613673319526592,0.6657225562306693,-4.763523525316214,0.9271
1787537367.8793845,-1.936920725299322,0.03209793789620927,1.7279118754156664,-1.9873649499766808,0.033791797561349514,0.8021742778277077,0.0505,0.926,-1.9699851208999244,0.056351806330208004,1.3039122238113086,0.0410
1787537367.981983,-1.936920869272722,0.03209685584631614,1.7281771842844242,-1.975051526235977,0.05438815208993207,1.3273728493192505,0.0442,0.401,-1.8677962063866507,0.035316562729814524,1.9325023665406849,0.0692
1787537368.0856063,-1.9369210018811656,0.0320958992566853,1.728421790143335,-1.9436064044115602,0.04101189727663852,1.9012992945293432,0.0111,0.173,-1.873297172426485,0.07556852972760339,0.8319292568898714,0.0771
1787537368.1832426,-1.9369211238551076,0.0320950590188173,1.7286605620642335,-1.927616233090669,0.05323433318277756,1.4668487321387418,0.0231,0.262,-2.0161720934732794,0.026519249134029206,1.963279216675307,0.0794
1787537368.2833452,-1.9369212389322539,0.0320943306066087,1.728900630453043,-1.9663101419735933,0.03590781519918574,1.7712764641347305,0.0296,0.042,-1.8814032242444196,0.06168218603939743,1.2158003651695157,0.0629
1787537368.3852384,-1.9369213401440644,0.03209369120630734,1.7291350944955757,-1.9349288377446285,0.0564285099804826,1.2879583748263468,0.0244,0.441,-2.16981150450469,-0.018410334965725306,3.199484743098642,0.2383
1787537368.4726746,-1.9369214371462338,0.03209314744563391,1.7293632058247004,-1.9821283881419747,0.02750071000701418,2.2937865088565808,0.0454,0.564,-2.16981150450469,-0.018410334965725306,3.199484743098642,0.2383
1787537368.5585887,-1.9369215248195348,0.03209268122347299,1.7295781870955185,-1.9822067758604964,0.02743674795197643,2.3027796566355705,0.0455,0.573,-2.16981150450469,-0.018410334965725306,3.199484743098642,0.2383
1787537368.6426268,-1.9369216049849654,0.03209228799333371,1.7297873893326663,-1.9872576583324792,0.02111903195475896,2.328884584631976,0.0515,0.599,-2.4596270126559032,-0.3301473736760121,2.3027796566355705,0.6360
1787537368.73164,-1.936921678477135,0.03209196206259941,1.7300055160859835,-1.9722806980288372,0.009360799795584938,2.1030500544433566,0.0420,0.373,-1.9225964850059558,-0.39095245174769155,5.872819102048384,0.4233
1787537368.8315701,-1.9369217457982342,0.03209167556723663,1.7301998804792758,-1.9549692561798877,0.03814774617258388,1.761402389080729,0.0190,0.031,-1.9424689395996777,0.03971638233929672,1.747817819190768,0.0094
1787537369.016629,-1.936921868048095,0.03209118144755439,1.7305697313203576,-1.9549432071959143,0.038172907892454304,1.7597852508556986,0.0190,0.029,-1.9451315610591764,0.03195705526965706,1.947027226576978,0.0082
1787537369.1159441,-1.9369219231724826,0.03209095853926256,1.7307397768159234,-1.9496775468661258,0.033628374757825714,1.9161324885416267,0.0128,0.185,-1.9451315610591764,0.03195705526965706,1.947027226576978,0.0082
1787537369.1159441,-1.9369219231724826,0.03209095853926256,1.7307397768159234,-1.9379916244655524,0.030781258052620435,1.7492802389159612,0.0017,0.019,-1.9222414019730631,-0.09304148363623607,2.884852100009144,0.1260
1787537369.3187046,-1.9369220223679657,0.03209054462294141,1.7310713589670947,-1.9590337875545334,0.04104200079985993,1.6782580978246049,0.0239,0.053,-1.9882075648409765,0.036357949528591234,1.8501682190370905,0.0515
1787537369.4048345,-1.9369220684075505,0.032090352448629456,1.7312181802633364,-1.9590850384499838,0.04106584996264529,1.6761247848892589,0.0239,0.055,-2.055926219176745,-0.23393799546138186,4.82199205970691,0.2914
1787537369.4892247,-1.9369221125758713,0.03209017453244012,1.7313662298106114,-1.9739987444758906,0.028127216175624657,2.063025913284828,0.0373,0.332,-1.8452288346296024,0.05202435673023115,1.5773238558024816,0.0938
1787537369.574412,-1.9369221508529224,0.032089996630436636,1.7315076248919592,-1.916405276562476,0.05055808205606033,1.6173009262879385,0.0276,0.114,-1.8452288346296024,0.05202435673023115,1.5773238558024816,0.0938
1787537369.655387,-1.9369221865583173,0.03208982788540738,1.7316353649144864,-1.9162829542902151,0.05059834357774152,1.6146628388697584,0.0277,0.117,-2.027683967812313,0.029227103044081486,1.9076087006981608,0.0908
1787537369.7401175,-1.9369222208936903,0.03208967272960526,1.7317642340175903,-1.9703011227460396,0.03742927264711759,1.7201238686738045,0.0338,0.012,-2.027683967812313,0.029227103044081486,1.9076087006981608,0.0908
1787537369.9109588,-1.9369222779313866,0.03208937077951396,1.7319953987808046,-1.9703680352739068,0.03740602383761624,1.719497899438438,0.0339,0.012,-2.027683967812313,0.029227103044081486,1.9076087006981608,0.0908
1787537369.9991596,-1.9369223042899906,0.032089234238385236,1.7321054680218273,-1.970390098631704,0.03739930093039309,1.7191979113783262,0.0339,0.013,-2.027683967812313,0.029227103044081486,1.9076087006981608,0.0908
1787537370.081972,-1.9369223277546266,0.032089100223708575,1.7322025180888752,-1.9704082770495124,0.03739539793057022,1.7189196664510824,0.0339,0.013,-2.027683967812313,0.029227103044081486,1.9076087006981608,0.0908
1787537370.167246,-1.9369223491755927,0.03208897246946589,1.7322966442707763,-1.9704021148137527,0.037396354092338914,1.7189753365229012,0.0339,0.013,-2.027683967812313,0.029227103044081486,1.9076087006981608,0.0908
1787537370.250224,-1.9369223702545102,0.03208885533310785,1.732392177989964,-1.9704203088332017,0.03739374524836351,1.7187268591733837,0.0339,0.014,-1.9799396254046397,0.047569496935328026,1.6153620996160698,0.0457
1787537370.4104962,-1.9369224052271248,0.032088635631971785,1.7325811966236744,-1.977887282721167,0.04692005033342776,1.6235968639038363,0.0436,0.109,-1.9799396254046397,0.047569496935328026,1.6153620996160698,0.0457
1787537370.496597,-1.9369224209070481,0.03208853529217954,1.7326652726976437,-1.9940018823165993,0.03370963559733715,1.8685554231761305,0.0571,0.136,-2.2222910408519714,-0.7888244068393951,7.415032909396832,0.8691
1787537370.5849884,-1.936922435216033,0.03208844075062736,1.7327472699434099,-2.0107435105316207,0.03149083598066122,1.7406445255815932,0.0738,0.008,-2.0381869682707685,0.030734334827052786,1.872801113880993,0.1013
1787537370.6811323,-1.9369224483757315,0.03208835366004617,1.7328411819461,-2.0198671707796407,0.030848723228092425,1.8660110117559547,0.0830,0.133,-2.0381869682707685,0.030734334827052786,1.872801113880993,0.1013
1787537370.758606,-1.9369224604309352,0.03208827042122009,1.732918984238985,-2.0199349576422043,0.030835562960530045,1.8671598750648122,0.0830,0.134,-2.0381869682707685,0.030734334827052786,1.872801113880993,0.1013
1787537370.913793,-1.9369224832318654,0.03208812670996114,1.7330719961306427,-1.9359405602387576,0.04783419940283382,1.586986619679523,0.0158,0.146,-1.902518817805437,0.050961719364741205,1.5412781927313306,0.0392
1787537371.0059643,-1.9369224932820366,0.032088062354101055,1.73314376060269,-1.930792676069029,0.05792186256191156,1.293267094467653,0.0266,0.440,-1.9272931557122381,0.06305414831171675,1.2229371650352727,0.0324
1787537371.0921626,-1.9369225010434656,0.03208799879957632,1.7332237298243944,-1.930684883540388,0.057990304046842585,1.2868198108325584,0.0266,0.446,-2.423917884071633,0.35859177671525533,1.2868198108325584,0.5863
1787537371.181995,-1.9369225101457097,0.032087943856604996,1.7332950772346274,-1.935542364572713,0.06070666665065398,1.2716748827137685,0.0287,0.462,-1.9902813859351092,0.05972506253968172,1.203309830911276,0.0601
1787537371.2807117,-1.9369225179572451,0.03208789124883491,1.7333611037563275,-1.968393209871521,0.0565245239094928,1.286600597431002,0.0398,0.447,-2.593472932381821,0.3103832586612183,1.286600597431002,0.7131
1787537371.3771362,-1.936922525077295,0.03208784219109207,1.7334253011334997,-1.9663270783960884,0.0787270332459136,1.1520466565153429,0.0551,0.581,-1.9862385614986433,0.029316213802170542,2.064357885645407,0.0494
1787537371.4770644,-1.9369225316478307,0.03208779817315141,1.7335007969277516,-1.9712639457020218,0.04017028296373851,1.8604249391911658,0.0353,0.127,-1.9377253259129112,0.02539343520541212,2.1275654926758403,0.0067
1787537371.5830178,-1.9369225376163728,0.03208775438693067,1.7335613588645968,-1.9539168984677042,0.030275233019757007,2.026699031403348,0.0171,0.293,-2.1361732651904535,0.001929008345259694,2.514114023381583,0.2015
1787537371.6738853,-1.936922543113001,0.032087714088990645,1.7336201604142145,-1.990830081886712,0.01984580750457176,2.1652507514809405,0.0553,0.432,-1.9265583125756092,0.05473692577629152,1.4431369666325606,0.0249
1787537371.7666328,-1.9369225494865012,0.03208768037876832,1.733680473134603,-1.9536809951279812,0.04229996029065368,1.6361778847632131,0.0196,0.098,-1.9265583125756092,0.05473692577629152,1.4431369666325606,0.0249
1787537371.8531458,-1.9369225534639207,0.03208764584210767,1.7337452908921105,-1.9438659701633039,0.047764554657742424,1.414360025676315,0.0171,0.319,-1.9227655707901083,0.15430812862806884,0.3281465809291661,0.1230
1787537371.9464252,-1.9369225576000155,0.032087612896162715,1.733798942749573,-1.9531933440218259,0.05117708559191274,1.401261856543821,0.0251,0.333,-1.9584631446974976,0.05201555630892776,1.3876621597073164,0.0293
1787537372.1096208,-1.9369225669098966,0.03208756073764581,1.733904412083062,-1.9532016847920017,0.05119738130810656,1.3984760866770043,0.0251,0.335,-1.9584631446974976,0.05201555630892776,1.3876621597073164,0.0293
1787537372.1901176,-1.936922569437559,0.03208753563502946,1.7339623569695934,-1.9252219617314592,0.05118731473637841,1.602696432235525,0.0224,0.131,-1.8685359449266035,0.03408716021681376,2.0960271339015497,0.0684
1787537372.273902,-1.9369225723473884,0.03208751336188696,1.7340094748932244,-1.9251170893208651,0.05119908632871971,1.6035756227374327,0.0225,0.130,-1.9017665090075542,0.04649422457047312,1.6774314878010164,0.0380
1787537372.363773,-1.9369225763552411,0.03208749536461006,1.7340581485400517,-1.9146307731730376,0.04930726994749935,1.6094843318055116,0.0282,0.125,-1.9997163738263786,0.03430401522237657,1.7049888786453042,0.0628
1787537372.4545712,-1.9369225794959595,0.03208747802156365,1.7341021607297538,-1.962256543129699,0.04107026099460408,1.599572427930314,0.0269,0.135,-1.9997163738263786,0.03430401522237657,1.7049888786453042,0.0628
1787537372.5394795,-1.9369225811588935,0.032087461167201965,1.734153627595757,-1.9484352167556023,0.03063600077135577,2.0496593561674947,0.0116,0.316,-1.9364125411914623,0.026718613737168283,2.1322241659636014,0.0054
1787537372.6329203,-1.936922584473486,0.03208744998957467,1.7341976351014738,-1.9323057573972138,0.044924866031380704,1.5633978333830356,0.0136,0.171,-1.8964943664867835,0.059191948544777453,1.2393628569018904,0.0487
1787537372.8154724,-1.9369225893008184,0.032087427528041265,1.734275244426178,-1.924059236048369,0.043877531707651386,1.8245470338042873,0.0174,0.090,-1.916636451869345,0.04271877097379086,1.8400097480115645,0.0229
1787537372.9104908,-1.9369225902948792,0.0320874178254582,1.7343206088479266,-1.9389441775804526,0.04241514867455117,1.6721510722077304,0.0105,0.062,-1.948975665351421,0.04249925249005436,1.6720198047921768,0.0159
1787537372.9961016,-1.9369225930012104,0.03208741361820074,1.7343587638708609,-1.9389496584954018,0.04241507823202354,1.6719435921212917,0.0105,0.062,-1.9958710137633542,0.018925474981043855,2.0953739495394244,0.0604
1787537373.0859108,-1.9369225950408184,0.03208740833081626,1.7343925984286348,-1.9687786760800725,0.027128317977636908,1.9734095355780539,0.0322,0.239,-1.9511352659842682,-0.018799585792146002,2.168891345906461,0.0528
1787537373.1798103,-1.9369225969248132,0.03208740496226847,1.7344250698703318,-1.961759057750438,0.026545316311329503,1.7330041657500166,0.0254,0.001,-1.9479217016211674,-0.17207534874129538,3.864802816234823,0.2045
1787537373.274078,-1.9369225998510953,0.032087406401537046,1.7344590498001213,-1.9572497863891847,0.015180378473968529,2.0105215408554113,0.0264,0.276,-1.89682444057964,0.068720233479734,1.1050371558543168,0.0543
1787537373.3845305,-1.9369226014315062,0.03208740278262357,1.734497939481168,-1.930721784823887,0.058305148757658,1.3005861440362247,0.0269,0.434,-1.923831787080855,-0.0651224438384894,2.6682921528966195,0.0981
1787537373.4912398,-1.9369226010934675,0.03208740243979451,1.7345264940474525,-1.9286992631490627,0.05665102428373238,1.5486537710262211,0.0259,0.186,-2.0025925504732043,0.020903346398008824,2.3822937367723873,0.0666
1787537373.5847163,-1.9369226021980073,0.03208740260405777,1.734554455933259,-1.9579904918830784,0.033314847258500146,2.0666857154918765,0.0211,0.332,-2.0025925504732043,0.020903346398008824,2.3822937367723873,0.0666
1787537373.6702492,-1.9369226031349982,0.03208740544133008,1.7345855153984895,-1.958071996821875,0.033253705912788936,2.0735204057023173,0.0212,0.339,-1.9505221791306453,0.041004615067152195,1.6681907468167245,0.0163
1787537373.750196,-1.936922601632331,0.03208740570457675,1.7346192637589217,-1.9526054389408891,0.03978233526713783,1.6870966178855842,0.0175,0.048,-1.955166349789716,0.042268502126844944,1.7185665635809795,0.0209
1787537373.8378437,-1.9369226002853035,0.032087407607119436,1.7346444334681819,-1.9539056935325343,0.04179545798878156,1.7235570473276598,0.0196,0.011,-1.955166349789716,0.042268502126844944,1.7185665635809795,0.0209
1787537373.9348013,-1.9369225988271865,0.032087410828774525,1.7346691399513126,-1.9684128659244882,0.03967398187378019,2.1802038757661695,0.0324,0.446,-1.8737581211607075,-0.9435360063836611,10.837122174981268,0.9777
1787537374.0289793,-1.9369225984833425,0.032087416199036024,1.7346981827229968,-1.939903938950216,0.05443902668512107,1.49041540709751,0.0225,0.244,-1.9195934915301085,0.06003924264646521,1.3843307328890255,0.0329
1787537374.1250572,-1.9369225963529364,0.032087420498672116,1.7347279064410284,-1.9461036537314633,0.046208494433782867,1.5917252638570394,0.0168,0.143,-2.011529376703082,0.02943005632632021,1.880997193563069,0.0747
1787537374.3112435,-1.9369225935462635,0.03208743362825668,1.7347734234692997,-1.966130812889669,0.03820713172742499,1.7174959322627519,0.0298,0.017,-2.011529376703082,0.02943005632632021,1.880997193563069,0.0747
1787537374.3938801,-1.9369225935341496,0.032087437493219226,1.7348010121559814,-1.9661969383772246,0.03816650200746552,1.7172635978038133,0.0299,0.018,-2.011529376703082,0.02943005632632021,1.880997193563069,0.0747
1787537374.4806647,-1.9369225948876603,0.03208744106880679,1.7348283886553075,-1.9661810002613498,0.03817498894830149,1.7172780306360136,0.0299,0.018,-1.9046763197729772,0.05587896147570001,1.5168425308911253,0.0401
1787537374.5771565,-1.9369225957980962,0.032087442972520905,1.7348501979571578,-1.9330216681798809,0.056491107558504464,1.4602408252860728,0.0247,0.275,-1.9046763197729772,0.05587896147570001,1.5168425308911253,0.0401
1787537374.6739519,-1.9369225986115919,0.03208744613776162,1.7348712381085292,-1.9410335140329147,0.044972337386993334,1.6481545550705075,0.0135,0.087,-1.950000476942499,0.04235493441190376,1.6928930239781794,0.0166
1787537374.7553213,-1.9369226009157396,0.032087447864062056,1.7348977494483293,-1.9410291675058207,0.044952280400073076,1.6484820121308157,0.0135,0.086,-1.9841970934192716,0.0669030222405148,1.0629437083981441,0.0587
1787537374.9182508,-1.9369226054709543,0.0320874522059884,1.7349443186275828,-1.9604888378670637,0.05965209912508659,1.1976130566998027,0.0363,0.537,-1.9841970934192716,0.0669030222405148,1.0629437083981441,0.0587
1787537375.0116265,-1.9369226064184413,0.03208745261417489,1.734965045965393,-1.9686570256482803,0.0484149221781355,1.616857795725308,0.0357,0.118,-1.985773251931959,0.03834339435832547,1.8779051857818532,0.0492
1787537375.1178722,-1.9369226086001639,0.03208745474089568,1.7349850081851725,-1.967521838719046,0.04768426806200503,1.5242979095038858,0.0343,0.211,-1.9668190687427203,0.0475094516577945,1.5258522491046038,0.0336
1787537375.1178722,-1.9369226086001639,0.03208745474089568,1.7349850081851725,-1.9643187707338328,0.049923466143597064,1.4856901997307579,0.0327,0.249,-1.9618755749808887,0.05078413520047027,1.468895281663054,0.0312
1787537375.2319465,-1.9369226090429152,0.03208745841704866,1.7350150975593754,-1.9784042451863046,0.030535594719437117,2.098127609783317,0.0415,0.363,-2.009639358057954,0.01731650447798482,2.399221918061023,0.0742
1787537375.347807,-1.9369226107358655,0.03208746107446633,1.7350345869368613,-1.9751100658189649,0.00656712075836503,2.198343254617425,0.0459,0.463,-2.6604643195530624,-0.21675751927573073,2.0981276097833166,0.7651
1787537375.457044,-1.9369226107058335,0.032087463088142344,1.7350543648616223,-1.975117056454015,0.006478644122871059,2.2031188484923265,0.0460,0.468,-2.6604643195530624,-0.21675751927573073,2.0981276097833166,0.7651
1787537375.6187532,-1.9369226126619146,0.03208746954159285,1.7350976055595893,-1.9662830325285032,0.00694615575886064,1.8941543790653999,0.0387,0.159,-1.9598036062873085,0.027710025522822784,1.677035497842875,0.0233
1787537375.7042313,-1.936922613118637,0.03208747391900074,1.7351209756643842,-2.018739371909063,0.011591910255734451,2.3180456920992207,0.0843,0.583,-2.1066181596864273,4.2629821978731656e-05,2.6350635085433898,0.1727
1787537375.786079,-1.9369226123583023,0.03208747688575537,1.7351398771373028,-2.0188494782293356,0.011588713504753921,2.3232140761122198,0.0845,0.588,-1.9900650902058181,0.06713222314954506,0.9610372356342192,0.0637
1787537375.8675022,-1.936922612962056,0.03208747981427983,1.7351581331047154,-1.993412288529631,0.056162570597504416,1.1559519743905073,0.0614,0.579,-1.8608451690446284,0.04456708267655108,1.8048873707304502,0.0771
1787537375.9524462,-1.9369226116021576,0.03208748473823951,1.7351761033961082,-1.9328568832547715,0.05138469098085782,1.620221973094811,0.0197,0.115,-1.8608451690446284,0.04456708267655108,1.8048873707304502,0.0771
1787537376.0463521,-1.9369226135384348,0.032087491010501,1.7352031353917958,-1.9301148918237483,0.03947877928542512,1.888403467941632,0.0100,0.153,-1.9324413953018555,0.033949843244734206,1.9792436523920818,0.0049
1787537376.1409395,-1.9369226156494541,0.03208749732220161,1.7352209041475684,-1.897455318673098,0.03538113322786713,2.071992513560233,0.0396,0.337,-1.860764330286034,0.029409258118965765,2.207420131837059,0.0762
1787537376.2414746,-1.9369226180443646,0.032087502958437035,1.7352382317940964,-1.8973564499673967,0.03536010906933072,2.0757885021950395,0.0397,0.341,-2.6611607416791925,-0.21105219436936085,2.07578850219504,0.7640
1787537376.413425,-1.9369226224953846,0.032087516910018155,1.7352725440055194,-1.8997251240481472,0.032504065226121134,2.0842049766395725,0.0372,0.349,-2.005094616871783,0.015622095655401553,2.406873484515488,0.0701
