t,gt_x,gt_y,gt_yaw,ekf_x,ekf_y,ekf_yaw,ekf_err,ekf_yaw_err,fix_x,fix_y,fix_yaw,fix_err
1787537203.151327,-2.4620241174865476,1.0501525801383282e-06,-7.577861678476557e-05,-2.804868527943736,-0.03194873769878652,0.8318213305234192,0.3443,0.832,-3.6247266862859147,-0.04731277270070559,0.7718287911142302,1.1637
1787537203.2408676,-2.4618665470659478,1.0736145799713679e-06,-7.659598485459868e-05,-2.8051302208548328,-0.03195638594327935,0.8328303039993183,0.3447,0.833,-3.2657758851048633,-0.03992252681099826,0.8328303039993183,0.8049
1787537203.324818,-2.4617747644671923,1.0949314329064574e-06,-7.745749894261189e-05,-2.9066049931851166,-0.0341549974913907,0.8645657816256967,0.4461,0.865,-3.3622906584450614,-0.05078869284315951,0.8645657816256967,0.9019
1787537203.404074,-2.4617485962067946,1.1160063654967875e-06,-7.807451049251231e-05,-2.9913310148673022,-0.036717994872285414,0.8886214975078981,0.5309,0.889,-3.362427884937552,-0.04318972507653318,0.888621497507898,0.9017
1787537203.5609443,-2.4618930418234024,1.1511931570858016e-06,-7.968760567241107e-05,-3.0545926774737446,-0.03796114176941175,0.9043062654831114,0.5939,0.904,-3.8339592250503087,-0.06072896592471954,0.9043062654831114,1.3734
1787537203.6260223,-2.4620639427225344,1.1666704082304578e-06,-7.943622528554008e-05,-3.138385872916891,-0.04026896037875258,0.9231336613941225,0.6775,0.923,-3.8339592250503087,-0.06072896592471954,0.9043062654831114,1.3732
1787537203.6929047,-2.462301032810624,1.1806563116567267e-06,-7.961912913884083e-05,-3.1385423674914485,-0.040273399619175664,0.9232435362263469,0.6774,0.923,-3.8339592250503087,-0.06072896592471954,0.9043062654831114,1.3730
1787537203.855795,-2.4629757593106816,1.2056712026541658e-06,-7.965612853145882e-05,-3.13864460458363,-0.040277089407481585,0.9233593689163729,0.6769,0.923,-3.8339592250503087,-0.06072896592471954,0.9043062654831114,1.3723
1787537203.9202213,-2.4634147074959554,1.2154631064388252e-06,-7.946851602790704e-05,-3.138591239773004,-0.040275016282439804,0.9232824497196376,0.6764,0.923,-3.8339592250503087,-0.06072896592471954,0.9043062654831114,1.3719
1787537204.0238278,-2.4645000263667445,1.2318236520667187e-06,-7.874674499934217e-05,-3.1387403277209147,-0.04028117852329362,0.9234114096315205,0.6754,0.923,-3.8339592250503087,-0.06072896592471954,0.9043062654831114,1.3708
1787537204.139824,-2.4658691101863663,1.2435189847757292e-06,-7.753781173508796e-05,-3.1386864914890515,-0.04027881348702639,0.9233714550596319,0.6740,0.923,-3.8339592250503087,-0.06072896592471954,0.9043062654831114,1.3694
1787537204.2061236,-2.4666632624373217,1.2493129348995792e-06,-7.681844066105076e-05,-3.138781611291223,-0.04028297306867099,0.9234364697329328,0.6733,0.924,-3.2069119573397726,-0.041880112359203296,0.923436469732933,0.7414
1787537204.3556018,-2.468478359371611,1.2570755441235605e-06,-7.499461441291854e-05,-3.1591674905998883,-0.040634387424241254,0.9255230858879024,0.6919,0.926,-3.5527669419651855,-0.060937903672019414,0.9255230858879024,1.0860
1787537204.4295142,-2.4695027405904337,1.2598647971121316e-06,-7.392019461428868e-05,-3.2311878610845026,-0.04291747887100197,0.9328959906996703,0.7629,0.933,-3.5527669419651855,-0.060937903672019414,0.9255230858879024,1.0850
1787537204.5163357,-2.4706075300558603,1.2618548825364109e-06,-7.326306730168782e-05,-3.2312718695186304,-0.042920005472286735,0.9329056035118068,0.7619,0.933,-2.845738168930061,-0.04939563993778619,0.9329056035118068,0.3784
1787537204.594832,-2.4717947897649837,1.2632334904819314e-06,-7.196402937532138e-05,-3.1022031595672157,-0.04138598401558843,0.923407641433892,0.6318,0.923,-2.845738168930061,-0.04939563993778619,0.9329056035118068,0.3772
1787537204.7452412,-2.47442566230148,1.264091660525585e-06,-6.853486095546956e-05,-2.956699609241676,-0.039667855753016935,0.9143287983491815,0.4839,0.914,-2.660819377026169,-0.042024428959914185,0.923407641433892,0.1911
1787537204.8223479,-2.4758740925420777,1.2634685257935385e-06,-6.692398751386549e-05,-2.9566453747893036,-0.03966762602155646,0.914328936124831,0.4824,0.914,-2.660819377026169,-0.042024428959914185,0.923407641433892,0.1897
1787537204.9198809,-2.477414627731885,1.26213755088285e-06,-6.520443632950116e-05,-2.9566259377389015,-0.03966481596940722,0.8560400185949102,0.4809,0.856,-2.7779493201833714,-0.06762936386045137,1.4448129628579043,0.3081
1787537205.0217552,-2.4790500203247836,1.2600981834864585e-06,-6.337647217659657e-05,-2.901628625381813,-0.07931466046282364,1.6595952885252139,0.4300,1.660,-2.5493418251100053,0.0401369820628192,-0.8768407868358463,0.0809
1787537205.114417,-2.4802714610915855,1.4941040552104079e-06,-6.544356811705931e-05,-2.7574554856947175,0.01636080037740116,-0.6373663193760121,0.2777,0.637,-2.7080306043526847,0.031473868910746765,-0.6373663193760121,0.2299
1787537205.2020552,-2.48139004124983,1.5991886521269294e-06,-6.4872802577561e-05,-2.745925069216055,0.0264112289091189,-0.579820586951637,0.2659,0.580,-2.7080306043526847,0.031473868910746765,-0.6373663193760121,0.2288
1787537205.2841098,-2.48236855810176,1.6376018993929551e-06,-6.327159587740468e-05,-2.7458497462681026,0.02648976187493692,-0.5899409843295442,0.2648,0.590,-2.4685813279974504,-0.010005168602922875,0.2591176640537774,0.0170
1787537205.457788,-2.48389470240493,1.605523792598334e-06,-5.966510822756962e-05,-2.5448311060690196,-0.004125592976860295,0.20238219382642883,0.0611,0.202,-2.4685813279974504,-0.010005168602922875,0.2591176640537774,0.0183
1787537205.5444906,-2.484443189784445,1.5636093368219647e-06,-5.7096635557097114e-05,-2.523558046010995,-0.016002908407122977,0.36470457876345175,0.0423,0.365,-2.4796308963486267,-0.23104939746567477,2.284973146617103,0.2311
1787537205.631677,-2.484849345269422,1.5165820897401414e-06,-5.5307820513989995e-05,-2.5233972048203652,-0.016051673773770318,0.36681296096657506,0.0418,0.367,-2.4456939940064655,-0.021556204342533452,0.40290612272270604,0.0447
1787537205.7092822,-2.4850823855059194,0.0003663640500808955,-0.0049928347801379445,-2.474220925801978,-0.01870325496798712,0.34805976345644046,0.0219,0.353,-2.4076322675520383,-0.02117703786710414,0.4255035559052529,0.0804
1787537205.7982464,-2.485095686243708,0.0008968073617916068,-0.013678019989376615,-2.4393239144544987,-0.01935724171264388,0.3753516470331806,0.0501,0.389,-2.4076322675520383,-0.02117703786710414,0.4255035559052529,0.0805
1787537205.8824027,-2.484899618004625,0.0013449556528570476,-0.06488404516227607,-2.4380170769948735,-0.019459886865731982,0.3788580147014043,0.0513,0.444,-2.4210298047571617,-0.027878740676703973,0.3198749028326445,0.0702
1787537205.9779923,-2.484660675171223,0.0015071238741901588,-0.12412062522319847,-2.426419473445904,-0.025890628638164784,0.2999935507380595,0.0644,0.424,-2.4210298047571617,-0.027878740676703973,0.3198749028326445,0.0701
1787537206.078888,-2.484258245568353,0.0011845850946500562,-0.10981371555743748,-2.426791998536093,-0.0258615333134383,0.29929561174184977,0.0635,0.409,-2.388657020447596,-0.008069395286301646,0.2558732171573123,0.0960
1787537206.2462332,-2.483586559670697,0.00036572413408525695,0.23096078285516025,-2.4138267409213374,-0.010088866911903208,0.20959342967365666,0.0705,0.021,-2.388657020447596,-0.008069395286301646,0.2558732171573123,0.0953
1787537206.3132658,-2.4827119450072175,0.0009214212192908639,0.7987803954429709,-2.413151508761413,-0.00992272333578948,0.20689962566789286,0.0704,0.592,-2.388657020447596,-0.008069395286301646,0.2558732171573123,0.0945
1787537206.3913858,-2.481795695572771,0.001715532952636757,1.327927707636982,-2.4214980396247023,0.025350480292124014,-0.779504271748068,0.0648,2.107,-2.391703653297113,0.05027053230846172,-1.2491508171781116,0.1023
1787537206.4760861,-2.480961585828424,0.0026735868511882587,1.7139139818209803,-2.423018225518423,0.0242128894251334,-0.6982964650158849,0.0618,2.412,-2.45653726917241,-0.013251455982234598,0.233269595078854,0.0292
1787537206.5818632,-2.479505605459898,0.0032815030866716077,1.9734612658719786,-2.443908676049056,-0.001365634339746571,0.06286275438901197,0.0359,1.911,-2.2968581574275837,0.008423898893239976,0.10143902155367941,0.1827
1787537206.6812537,-2.4778738418350543,0.003454579509613498,2.2693391188501275,-2.392954240268989,0.005410751164766299,0.07082170531770471,0.0849,2.199,-2.494016586066141,0.3064085676692784,-1.2053374701069475,0.3034
1787537206.8486896,-2.4746418236728505,0.003128895537586515,3.2374297797790166,-2.4095155760535385,0.027175279404619387,1.5161087525319465,0.0694,1.721,-2.423628194769723,0.011267593345869742,2.519106575988177,0.0517
1787537206.9395897,-2.4725686006597645,0.003443587552086751,3.5255916192067667,-2.4137154265615792,0.0168120760740208,2.435095837933003,0.0604,1.090,-2.4639949536040873,-0.004123380232728765,3.5811083587012567,0.0114
1787537207.0388868,-2.470414017411334,0.0042323499643130294,3.6518123258710475,-2.4410588066669043,0.0019413341926693,3.505773147682939,0.0294,0.146,-2.4639949536040873,-0.004123380232728765,3.5811083587012567,0.0105
1787537207.1287115,-2.468331551906295,0.005296863833797006,3.624075771427313,-2.4416338868501484,0.0018477878360154566,3.5664298599239066,0.0269,0.058,-2.4639949536040873,-0.004123380232728765,3.5811083587012567,0.0104
1787537207.2090473,-2.4666351395190262,0.005836617911640048,3.607145877700216,-2.440107507890598,0.002101665294968745,3.5870685870369274,0.0268,0.020,-2.5616918145219825,0.06579608466639396,2.645096993689508,0.1124
1787537207.3054738,-2.464857471455534,0.006085473985987737,3.58668569695504,-2.464508139056773,0.037380240061074134,3.092210169115585,0.0313,0.494,-2.5616918145219825,0.06579608466639396,2.645096993689508,0.1138
1787537207.3914046,-2.4630080013162634,0.006008086608267401,3.6284866475262647,-2.4661069945889227,0.04107209585974374,2.305462806778563,0.0352,1.323,-2.5616918145219825,0.06579608466639396,2.645096993689508,0.1154
1787537207.5450883,-2.4598591494000415,0.005895675662593185,3.849637006278457,-2.4657585224631746,0.040820438528464655,2.307835726603593,0.0354,1.542,-2.5616918145219825,0.06579608466639396,2.645096993689508,0.1181
1787537207.6207817,-2.4584101214529586,0.006274161378624633,3.8530338104924,-2.4657498334806998,0.04082283159338992,2.3092260884428306,0.0353,1.544,-2.8784127443161385,0.08372006077487489,2.30922608844283,0.4271
1787537207.6973956,-2.4569422699416203,0.006938050448000632,3.793833949252359,-2.5630315035718025,0.05190213328815671,2.236072886014143,0.1152,1.558,-2.9468060856051683,0.08804085034785278,2.236072886014142,0.4965
1787537207.7753942,-2.455584871290267,0.007697585378515762,3.573202630997787,-2.6410478230113594,0.059042773901373205,2.1912086885302275,0.1924,1.382,-2.7135411857146132,0.08735015402463805,2.191208688530228,0.2700
1787537207.9453917,-2.4535493077579282,0.008136854325912705,3.541966377342015,-2.660528523084563,0.06376960137322696,2.1791093080620434,0.2143,1.363,-2.7502393439101565,0.0969884182823155,2.1791093080620434,0.3097
1787537208.0356855,-2.4524157089787955,0.00790876169467554,3.571928342855234,-2.681942033945758,0.06807345769738495,2.172807434847902,0.2373,1.399,-2.7502393439101565,0.0969884182823155,2.1791093080620434,0.3109
1787537208.1156943,-2.4513941148234824,0.007552297777509298,3.790741995387714,-2.681845419559813,0.06804173589995434,2.168396370637961,0.2383,1.622,-2.7502393439101565,0.0969884182823155,2.1791093080620434,0.3119
1787537208.2080953,-2.450381937569271,0.007436701777636842,4.0893349649081525,-2.681881131322216,0.06804852518589054,2.1679084601016,0.2393,1.921,-2.7502393439101565,0.0969884182823155,2.1791093080620434,0.3129
1787537208.2934527,-2.449623262328795,0.008022536290908048,4.0765182155807,-2.6818843029704715,0.06804868279297145,2.1669028890652404,0.2399,1.910,-2.7502393439101565,0.0969884182823155,2.1791093080620434,0.3135
1787537208.3842456,-2.448878396062713,0.008868618844704608,3.9766898127603625,-2.6818913016689487,0.06805150285017561,2.166971853340709,0.2404,1.810,-2.7502393439101565,0.0969884182823155,2.1791093080620434,0.3140
1787537208.47849,-2.448581941974089,0.009605550913468233,3.84418917670642,-2.681892939707154,0.06805275864331117,2.1669039404412787,0.2405,1.677,-2.7690372012709776,0.10510105381260654,2.1669039404412787,0.3344
1787537208.65628,-2.4477092362775474,0.010077071785226006,3.5179058580085107,-2.775850781858085,0.07735688024201123,2.148978512719814,0.3350,1.369,-2.7690372012709776,0.10510105381260654,2.1669039404412787,0.3351
1787537208.7542439,-2.4472777078018955,0.009914244851487045,3.506358135285625,-2.830971929699829,0.07992047943984369,2.14298089685736,0.3900,1.363,-3.0555693184308006,0.09690197399441589,2.148978512719814,0.6145
1787537208.8364685,-2.4469209473674094,0.009967966058063805,3.6475112291506187,-2.830798726471601,0.07989569570974585,2.142472807980552,0.3902,1.505,-3.0555693184308006,0.09690197399441589,2.148978512719814,0.6148
1787537208.9149725,-2.446752618840555,0.010600682745983034,3.6325926606937475,-2.83092137774813,0.07990952633236405,2.1430680284151906,0.3904,1.490,-3.0555693184308006,0.09690197399441589,2.148978512719814,0.6149
1787537208.9991636,-2.446565636608432,0.011518566975450385,3.554305481103904,-2.8308546036520443,0.07989906901532376,2.142550216598981,0.3903,1.412,-2.637837666594127,0.09296097867456705,2.142550216598982,0.2079
1787537209.0897079,-2.446828480931787,0.012047976192723287,3.5609047046073194,-2.7642358430024796,0.07939376413371395,2.1466102669349203,0.3245,1.414,-2.637837666594127,0.09296097867456705,2.142550216598982,0.2074
1787537209.1843507,-2.447019143729456,0.012372907079325094,3.518217376304038,-2.7642236061816248,0.07939087770525446,2.1464452898585358,0.3242,1.372,-2.8711149286255204,0.08224092642500797,2.1464452898585358,0.4298
1787537209.3319051,-2.4471560977562405,0.011910904748742172,3.4494394155593935,-2.7914815682131513,0.08005728481372144,2.145424078692639,0.3510,1.304,-2.8711149286255204,0.08224092642500797,2.1464452898585358,0.4298
1787537209.42039,-2.447146735754677,0.011350551242111992,3.6191448095773393,-2.7915408069118426,0.08007673032048933,2.1458033604032694,0.3512,1.473,-2.8711149286255204,0.08224092642500797,2.1464452898585358,0.4299
1787537209.5538476,-2.4467229977960585,0.011639479785773633,3.6935269066560603,-2.791565129818201,0.08020569983241886,0.39796803193150326,0.3516,3.296,-2.8711149286255204,0.08224092642500797,2.1464452898585358,0.4302
1787537209.644042,-2.446459327189103,0.012147350704162603,3.6994732747923904,-2.7915259929464984,0.08006373319660703,2.66389893167508,0.3517,1.036,-2.8711149286255204,0.08224092642500797,2.1464452898585358,0.4304
1787537209.7377033,-2.446289590905241,0.01283668050369322,3.550288067715505,-2.791519386877135,0.08005736142312114,2.6665913912516523,0.3517,0.884,-2.8711149286255204,0.08224092642500797,2.1464452898585358,0.4305
1787537209.860086,-2.4455143349227404,0.01274315459119805,3.2690808701631746,-2.791523867523057,0.08006167238892171,2.671345416298998,0.3525,0.598,-2.8711149286255204,0.08224092642500797,2.1464452898585358,0.4312
1787537209.9283159,-2.4447284450075415,0.011900692114119921,3.349320316930981,-2.7915306587123445,0.08006894571524842,2.6757221063565693,0.3534,0.674,-2.478805888970448,-0.026725038991928206,4.818243306991099,0.0515
1787537210.0027823,-2.443963417923716,0.01088210161781327,3.5290939604348295,-2.6319377186235293,-0.03187063597436081,4.992509271653127,0.1928,1.463,-2.476130822081483,0.039648820553576665,2.8769530522220776,0.0432
1787537210.093231,-2.442881787812997,0.010082446751345044,3.792227440208321,-2.5248660130805747,0.02014271190655681,3.2298417205165064,0.0826,0.562,-2.463165413140935,0.02643405169542269,3.3029978583128625,0.0261
1787537210.240653,-2.4405348008152994,0.009550182626637597,4.396494383372993,-2.495033245044991,0.021330955477573597,3.428334035523786,0.0558,0.968,-2.463165413140935,0.02643405169542269,3.3029978583128625,0.0282
1787537210.3193264,-2.439352042266106,0.009697050808979497,4.573320748835313,-2.492430823621297,0.02181447843573314,3.4257987966559127,0.0544,1.148,-2.4290021990857777,0.034201147716904697,3.328124724753786,0.0266
1787537210.4021792,-2.4382734651823994,0.00980159212037404,4.601110845798081,-2.463176847673675,0.026938499241634148,3.4970999421662636,0.0302,1.104,-2.487375229075497,-0.0005291235572388761,5.383359927425355,0.0502
1787537210.4882565,-2.4371281024587597,0.009618618605790661,4.574260952105176,-2.465471462846269,0.014764270775975818,5.114488316321353,0.0288,0.540,-2.487375229075497,-0.0005291235572388761,5.383359927425355,0.0513
1787537210.657384,-2.4358577089820903,0.00875147178601015,3.71590012458943,-2.46056651426937,0.019169496412441818,4.216659581377369,0.0268,0.501,-2.745804793536895,0.08477437900505913,3.1205072342378486,0.3191
1787537210.7470787,-2.4353853487383312,0.008301736792074587,3.523248986812829,-2.515027883495073,0.03666812829364132,3.876384250279212,0.0845,0.353,-2.5160427985415605,0.033955945580233765,3.876384250279212,0.0846
1787537210.8480449,-2.4348705885079824,0.008126275116643607,3.3635676819170404,-2.5159030514485647,0.036154693047285344,3.056256639261281,0.0857,0.307,-3.2494569015651305,-0.10552780064504019,3.056256639261281,0.8225
1787537210.935752,-2.434284290128129,0.008422629206321008,3.193047195356456,-2.5201878791370547,0.03700078974275833,3.027468665061595,0.0905,0.166,-2.503439850709782,0.042744400444653205,3.027468665061595,0.0772
1787537211.0139515,-2.433799855960099,0.008876660065776261,2.855378763994788,-2.514622567100381,0.03946001663919921,1.8258828843942858,0.0864,1.029,-2.5080388104585585,0.001093227521314634,3.559821221784781,0.0746
1787537211.0903234,-2.433332314258808,0.009099807097763469,2.408477632608711,-2.5117516528612263,0.013110040030653851,3.407637007462967,0.0785,0.999,-2.5080388104585585,0.001093227521314634,3.559821221784781,0.0751
1787537211.24605,-2.431800425316109,0.00829390390629936,2.4521898990234767,-2.5114074545927396,0.014599121333400107,2.6204680390973203,0.0799,0.168,-3.124767229273436,0.3001406449883073,2.6204680390973203,0.7519
1787537211.3257658,-2.4314451170252815,0.007901049224628427,2.359782016387963,-2.512641384132468,0.02489987338779936,0.9150931211245095,0.0830,1.445,-2.511336926903551,0.06880512090117268,1.332940805800592,0.1005
1787537211.4142575,-2.431119462274719,0.007690681997307157,2.449967970500064,-2.509857915940258,0.061686351161241215,1.4173972388790461,0.0955,1.033,-2.5276724631432073,0.024871443220991718,2.2930814077929424,0.0981
1787537211.512298,-2.430723051476452,0.007867210649065558,2.5906519177522624,-2.5154478525321453,0.035938752196302916,2.126589625613496,0.0893,0.464,-2.5276724631432073,0.024871443220991718,2.2930814077929424,0.0984
1787537211.6008797,-2.4302847143356585,0.008410735795640008,2.6686340058220885,-2.5154562133988274,0.036415672723286406,1.8870071087073967,0.0897,0.782,-2.5276724631432073,0.024871443220991718,2.2930814077929424,0.0988
1787537211.7258043,-2.429446343433032,0.009420282161495434,2.536604867242297,-2.5154494658012,0.03644543116845013,1.8687413628736256,0.0901,0.668,-2.5276724631432073,0.024871443220991718,2.2930814077929424,0.0994
1787537211.8336978,-2.4282243175758587,0.009574378819186142,2.5013538314986556,-2.5154325584429094,0.03647190718626605,1.8507394975631322,0.0913,0.651,-2.3999291332563035,0.01816711153475083,2.591308869729539,0.0296
1787537211.9571097,-2.42694033320271,0.009063567893205993,2.677818076816128,-2.4644782494281556,0.024821809650899827,2.4997363308585205,0.0407,0.178,-2.7726932364650283,-0.30634815498212586,3.951586845247368,0.4680
1787537212.0339265,-2.4262925264491733,0.008835380551782783,2.6964657018097826,-2.4940204357739235,0.02641189048940621,2.1612435916463717,0.0700,0.535,-2.7726932364650283,-0.30634815498212586,3.951586845247368,0.4683
1787537212.1401832,-2.4255997206688606,0.008847613029394283,2.7426770680602908,-2.4970155166430157,0.029591508458108127,1.1672165394028764,0.0744,1.575,-2.4965249863197654,0.04498411399526472,2.0702448255521344,0.0796
1787537212.2235034,-2.424834810325401,0.009319579217198339,2.7634042192790207,-2.48597411311007,0.04358504216817911,2.0876722297305266,0.0701,0.676,-2.4965249863197654,0.04498411399526472,2.0702448255521344,0.0801
1787537212.3005981,-2.4241552731977847,0.009978286723906177,2.6304548266647307,-2.4856595174230947,0.04417119268720496,2.0764706871313936,0.0704,0.554,-2.4210119900449234,-0.19690978503649523,4.743106039886376,0.2069
1787537212.3850124,-2.4235269327582145,0.010429959624307495,2.3668068337342034,-2.447932818997864,0.03558149192636802,2.5105265052620664,0.0350,0.144,-2.7926637454542016,0.4815074452711714,-1.8006767594029207,0.5985
1787537212.5346677,-2.422025118772277,0.010410350256605692,1.8386188738194955,-2.445933701979898,0.04314973931093932,2.0721095025869167,0.0405,0.233,-2.7926637454542016,0.4815074452711714,-1.8006767594029207,0.5994
1787537212.6035812,-2.4214622595260566,0.010412110565476331,1.8531953171256792,-2.442862633341411,0.043881798665466605,2.0537642091840866,0.0397,0.201,-2.486036627650049,0.19912585616304332,0.36375584618596457,0.1995
1787537212.7527945,-2.420464960959156,0.010892176615622733,2.186261807235369,-2.451151810083237,0.06053232786383585,1.7116750828322316,0.0584,0.475,-2.486036627650049,0.19912585616304332,0.36375584618596457,0.1993
1787537212.8352501,-2.419884015223061,0.011578378547469587,2.3600021135420177,-2.498508769434172,-0.015209202231500712,2.681861995746372,0.0831,0.322,-2.665369238765285,-0.05358841503071147,3.3062402251373055,0.2540
1787537212.9158628,-2.419322876742424,0.012509134842188392,2.4361839497264213,-2.500502283232052,-0.019100790156317063,2.700957590775618,0.0871,0.265,-2.7167537546824687,-0.0760809998604178,4.025581653737926,0.3103
1787537212.9948401,-2.4188808947323484,0.013401421990559511,2.3328625520406034,-2.5910115485870624,-0.04206959636315348,3.3960844510208505,0.1808,1.063,-2.7167537546824687,-0.0760809998604178,4.025581653737926,0.3110
1787537213.0770106,-2.418397070030559,0.013684060556741772,2.322021076377891,-2.602304373926476,-0.04948428380444783,3.4663130358254515,0.1945,1.144,-2.7256891427739136,-0.07102397614352422,4.07574885022372,0.3188
1787537213.2538261,-2.4172673905254634,0.013375764690753286,2.410807734073375,-2.6420620844592344,-0.05867461215497018,3.708689424773159,0.2361,1.298,-2.7256891427739136,-0.07102397614352422,4.07574885022372,0.3198
1787537213.338034,-2.416820391647735,0.013143523607272594,2.6915738449586426,-2.6104480994651693,-0.04868852380627132,3.6019231987001428,0.2033,0.910,-3.3256010056445895,0.11283686299998275,3.6019231987001437,0.9142
1787537213.4267042,-2.4161266553391942,0.013192430501515789,2.695707571062656,-2.6164528845826993,-0.04925338334085869,4.377874062333577,0.2098,1.682,-3.2989692270396453,-0.4204894174340379,4.377874062333577,0.9836
1787537213.5210388,-2.4153702973746123,0.01361002071046208,2.6793855590424807,-2.6213747783716173,-0.05843532828820004,5.128965023256384,0.2182,2.450,-3.2763137651315066,-0.5162177540724642,5.128965023256384,1.0109
1787537213.6170566,-2.4147010413024472,0.014240783596685114,2.50046106213997,-2.6261963921545877,-0.07107402183797107,6.529971832500074,0.2281,4.030,-2.472164117681473,-0.14203184751900436,6.529971832500072,0.1665
1787537213.7192147,-2.413978463440793,0.014260894794793238,2.489734249569362,-2.5623579794193008,-0.09410286233669492,6.599822127665459,0.1837,4.110,-2.472164117681473,-0.14203184751900436,6.529971832500072,0.1668
1787537213.7919981,-2.4131517930621116,0.013827045355674866,2.4505658248555076,-2.561909735270319,-0.09617064167509044,6.748246298964429,0.1850,4.298,-2.7219233606635136,0.07277761688551142,1.311152663969051,0.3143
1787537213.8830101,-2.4123001851685233,0.01315598651726237,2.485001529580906,-2.5910512949615803,0.012659487146844254,2.2623592664843017,0.1788,0.223,-2.5747484068391344,0.06650949329724687,1.5102202488477197,0.1710
1787537214.0459726,-2.410652619706313,0.012229487714026452,2.6921350332289418,-2.580914689593396,0.05091409521483867,1.771757902857816,0.1746,0.920,-2.5747484068391344,0.06650949329724687,1.5102202488477197,0.1728
1787537214.1149712,-2.4097076679332115,0.012333413752206335,2.6852351244056747,-2.5808532340023014,0.05645423268028642,1.6702175496445202,0.1767,1.015,-2.4791229248668496,0.014334151925098276,2.636304133790198,0.0694
1787537214.1926985,-2.408773978756655,0.012661212382682491,2.5931376129379875,-2.5258870121452786,0.022373634091056714,2.5232803411175064,0.1175,0.070,-2.4791229248668496,0.014334151925098276,2.636304133790198,0.0704
1787537214.3567703,-2.407037190509727,0.013158834710108664,2.339540408821625,-2.5220390927164846,0.024916661332690146,2.476013196758562,0.1156,0.136,-2.3843377808436763,0.04271621435525158,2.142551056864883,0.0373
1787537214.4345703,-2.406055780106787,0.012984523606127854,2.3309384676873477,-2.4476071691786494,0.03627474891448805,2.125638572700318,0.0476,0.205,-2.4386818116750058,-0.38978016802080845,12.031846661240133,0.4041
1787537214.5625658,-2.404099934942633,0.012013135407731593,2.5946347911487977,-2.5176334444014676,-0.1753578971483532,8.374769430092863,0.2191,5.780,-2.4386818116750058,-0.38978016802080845,12.031846661240133,0.4033
1787537214.629845,-2.403237722908861,0.011658293173562016,2.6143686312836376,-2.51779584392405,-0.19704787143826374,6.355452290773605,0.2381,3.741,-2.6401764322886296,-0.03524911337937171,3.5327002944306525,0.2415
1787537214.761196,-2.401354287670727,0.011758124185952942,2.6739660424241163,-2.570952774039941,-0.07287709184929586,3.9855649866646483,0.1895,1.312,-2.6401764322886296,-0.03524911337937171,3.5327002944306525,0.2434
1787537214.8314083,-2.4004049509973564,0.01215339747240952,2.615577718649456,-2.571109395586719,-0.07329638082053425,3.994660462895496,0.1909,1.379,-2.550544693184553,-0.034871497814124484,3.838981464665507,0.1573
1787537214.9141142,-2.399547736881305,0.012594296760143522,2.4222558999329666,-2.5640474059055656,-0.04629166099485528,4.034184719206269,0.1747,1.612,-2.553712150639133,0.0629653064563901,1.6576629532677005,0.1622
1787537215.003073,-2.398688093535609,0.01278709187406281,2.1341072882914918,-2.5384246711428866,0.014087950839657519,2.504174794953677,0.1397,0.370,-2.553712150639133,0.0629653064563901,1.6576629532677005,0.1629
1787537215.1555734,-2.396486409794011,0.01148259681527449,2.225843284263564,-2.5382347520353883,0.01820425649769788,1.775751774339913,0.1419,0.450,-2.449181323285903,0.0646807382509083,1.5378059669451096,0.0749
1787537215.2441702,-2.395449124500744,0.010597330147027831,2.448164221083772,-2.5088325007161796,0.05406572935639316,1.6614615029916948,0.1214,0.787,-2.449181323285903,0.0646807382509083,1.5378059669451096,0.0762
1787537215.3253834,-2.394492600659329,0.009996075080186706,2.4711316768141494,-2.5084029360917537,0.05815723089438072,1.339567263851296,0.1237,1.132,-2.449181323285903,0.0646807382509083,1.5378059669451096,0.0773
1787537215.4011018,-2.393468832733458,0.009768230256372162,2.4987750634711814,-2.5092538466094254,0.053966040973458175,2.2243955339718644,0.1239,0.274,-2.449181323285903,0.0646807382509083,1.5378059669451096,0.0782
1787537215.4901803,-2.392426857662759,0.009787434973651952,2.4637463264924726,-2.509360523155099,0.05376294264590711,2.2254685380141637,0.1249,0.238,-2.449181323285903,0.0646807382509083,1.5378059669451096,0.0790
1787537215.6590173,-2.3905420955246615,0.009709664241083561,1.9555709081133674,-2.5093818646838644,0.054119999453524345,1.965708805122895,0.1269,0.010,-2.449181323285903,0.0646807382509083,1.5378059669451096,0.0804
1787537215.7360146,-2.389501108320896,0.009049065344034879,1.9723405707807298,-2.5095504274835614,0.054446402247025585,1.3095964336699544,0.1283,0.663,-2.6905693210670716,0.07218785002873096,0.9253858467744808,0.3076
1787537215.85271,-2.38784799542156,0.0075539297984928856,2.038602034243525,-2.570902145167109,0.05573924955671974,1.2100345272179378,0.1893,0.829,-2.6905693210670716,0.07218785002873096,0.9253858467744808,0.3095
1787537215.9018495,-2.3873400121552026,0.007111644925584174,2.067442177436523,-2.5711393834229823,0.05590002597423283,1.1754885142013685,0.1902,0.892,-2.4389750506051278,0.04618322407702923,1.1754885142013685,0.0648
1787537216.044149,-2.386188922184481,0.006928506292489473,2.2048134122694454,-2.519030346318768,0.05221289110574967,0.2552260225948003,0.1403,1.950,-2.4389750506051278,0.04618322407702923,1.1754885142013685,0.0658
1787537216.1386576,-2.385556224802837,0.007258477124532751,2.243234601226312,-2.503117973579574,0.018939983482398892,1.9777443376180825,0.1181,0.265,-2.439346975586254,0.011006459179885167,1.9777443376180825,0.0539
1787537216.21922,-2.385047803662362,0.007703995148014353,2.0927354946502223,-2.484884442473484,0.013009705144782132,2.030654262629867,0.1000,0.062,-3.1025981281941393,0.2293395011674355,2.030654262629867,0.7510
1787537216.348795,-2.3837252569745675,0.0076574633470784075,1.70618240415422,-2.4855556662334286,0.01477399605081516,2.031373926914684,0.1021,0.325,-3.1025981281941393,0.2293395011674355,2.030654262629867,0.7523
1787537216.419421,-2.3829163508995137,0.007227120190707552,1.5512678241924673,-2.4839468406762206,0.01360279839075891,2.042632714399985,0.1012,0.491,-3.1037895922120207,0.252111679362681,2.042632714399986,0.7613
1787537216.5011737,-2.382483393796602,0.006709994440466301,1.4894838597731161,-2.4874913584588545,0.01543473186389618,3.1417935511479635,0.1054,1.652,-2.3143120802876926,-0.035132977831774506,3.4000803291436887,0.0800
1787537216.6541455,-2.381564679978885,0.00611425931915945,1.6901227554431935,-2.3719332095293884,-0.030073489880970878,3.3276619226391277,0.0374,1.638,-2.3143120802876926,-0.035132977831774506,3.4000803291436887,0.0789
1787537216.72901,-2.3810133462522463,0.006388793065640304,1.8633002190480263,-2.3796566780747503,-0.02932015527087371,3.3306136083832962,0.0357,1.467,-2.3143120802876926,-0.035132977831774506,3.4000803291436887,0.0786
1787537216.8180032,-2.380503365328483,0.006863694982347904,1.9300855250391948,-2.379767580524248,-0.029390133149770944,3.341798163148467,0.0363,1.412,-2.449986956909462,0.003858551941293372,1.591843714872244,0.0695
1787537216.9094453,-2.3801019154069465,0.0072805900121406695,1.8343696649576664,-2.4149463522230565,-0.004463663663549564,1.7472612741652662,0.0368,0.087,-2.4151348709091627,0.03950400776099811,0.8899173254530223,0.0476
1787537217.0608613,-2.379753528787104,0.006914515383833494,1.7120276141401805,-2.4088381019344967,0.014153289274703024,1.297426723261209,0.0300,0.415,-2.4151348709091627,0.03950400776099811,0.8899173254530223,0.0481
1787537217.1549308,-2.3793295469395193,0.0059766291823322975,1.8017614619891111,-2.4087181475823076,0.014570140153516969,1.2743234696551995,0.0306,0.527,-2.4151348709091627,0.03950400776099811,0.8899173254530223,0.0491
1787537217.2141633,-2.379104344437465,0.005689279494086626,1.8804508227102474,-2.408709451591437,0.015071317746227313,1.1104639506838303,0.0311,0.770,-2.4631920235842655,0.001120962980192957,2.0831726203265695,0.0842
1787537217.3539484,-2.378500861576232,0.005871013122265107,2.079035588260347,-2.4360383137311814,0.006688518900876814,1.9724193527336689,0.0575,0.107,-2.4631920235842655,0.001120962980192957,2.0831726203265695,0.0848
1787537217.4319205,-2.3781777613204134,0.006356812324099528,2.089827933421073,-2.435725132982124,0.007851819683110666,1.7781131228756515,0.0576,0.312,-2.5947383265344186,0.060234801276370806,0.6114466865641666,0.2232
1787537217.51643,-2.3779594312382106,0.0068785599906591235,1.950461237874993,-2.4005036674783318,0.009197178536674202,1.8429626451437826,0.0227,0.107,-2.2769965539608723,-0.0013083029764608069,1.9849544587255097,0.1013
1787537217.5953982,-2.377713749528661,0.00710281439853606,1.7286155231622276,-2.4001394202403006,0.0084066719558525,2.2100192537129373,0.0225,0.481,-2.574065920730273,-0.10065007935170114,3.627164167381784,0.2240
1787537217.7631412,-2.3755037706776982,0.00586071463597135,0.642493949350267,-2.432259748584271,0.0017133702499931153,2.3611855672194446,0.0569,1.719,-2.431655631069953,-0.006264786826057444,2.291970188757322,0.0574
1787537217.8533373,-2.3747488351514456,0.005282805152423211,0.4361823681138435,-2.431570919785129,-0.004498651619892532,2.2735944848230427,0.0577,1.837,-2.431655631069953,-0.006264786826057444,2.291970188757322,0.0581
1787537217.9530413,-2.373981427489644,0.00499544186463751,0.31578264066324324,-2.436058226479658,-0.01783107749956458,2.6382029301881045,0.0661,2.322,-3.197739494375,-0.03807212885400468,2.6382029301881045,0.8249
1787537218.0305974,-2.3731160450729494,0.005168062886607219,0.18143245344480857,-2.454399158635897,-0.04475086473480441,2.8649741251590743,0.0954,2.684,-3.197739494375,-0.03807212885400468,2.6382029301881045,0.8258
1787537218.1165829,-2.3722951589334267,0.005528067459304286,-0.06696299417439174,-2.4386726893339885,-0.012214686232941044,0.6745336337791515,0.0687,0.741,-2.4195218325285195,0.005506108090937875,0.3697128239564299,0.0472
1787537218.2020054,-2.3715731749693014,0.005770628307644584,-0.4811967744446967,-2.43900824119086,-0.012475071415898199,0.6073547391971746,0.0699,1.089,-2.4195218325285195,0.005506108090937875,0.3697128239564299,0.0479
1787537218.34103,-2.3703973438973707,0.00532815259765887,-1.1587135930463057,-2.4385556365050918,-0.01235957155557665,0.6651234700413139,0.0704,1.824,-2.4195218325285195,0.005506108090937875,0.3697128239564299,0.0491
1787537218.40343,-2.369808083367311,0.004772211809440685,-1.3974841089449475,-2.4386008952217675,-0.01239561866890509,0.6199077117124164,0.0709,2.017,-2.4195218325285195,0.005506108090937875,0.3697128239564299,0.0497
1787537218.5542836,-2.36946889292083,0.004318235816575203,-1.2666004748002804,-2.4381332822266977,-0.011347118803977575,-0.8218458628481428,0.0704,0.445,-2.4195218325285195,0.005506108090937875,0.3697128239564299,0.0501
1787537218.6541238,-2.3692264671468695,0.004511882166476649,-1.1494502527563624,-2.4379871029811273,-0.011001592414134998,-1.7353772493955708,0.0705,0.586,-2.424382627667277,-0.024080828183048048,-0.7524563192477902,0.0621
1787537218.7394936,-2.368934658663639,0.005045090881973835,-1.107269598378559,-2.431107344253207,-0.019705387407534494,-0.82495603474993,0.0669,0.282,-2.424382627667277,-0.024080828183048048,-0.7524563192477902,0.0626
1787537218.8243623,-2.3687701629204088,0.005617229460832998,-1.2577994261845271,-2.431125883967902,-0.01976668945048897,-0.8504881251876947,0.0673,0.407,-2.4431016866736823,0.009302635456319977,-1.186295287755744,0.0744
1787537218.903607,-2.3685735281725426,0.005923169403496951,-1.4622071369707448,-2.436310702005117,0.0037136374254468293,-1.10329292542037,0.0678,0.359,-2.4431016866736823,0.009302635456319977,-1.186295287755744,0.0746
1787537218.9776993,-2.36853915775044,0.005822462383857027,-1.6229572055257235,-2.4362522220992218,0.005065099486993708,-1.6410674185648078,0.0677,0.018,-2.662353091413597,0.1542340836987925,-4.6146901427085565,0.3292
1787537219.072304,-2.368499597671206,0.005484695403074944,-1.709064329162995,-2.4643631120045395,0.03485293754768235,-2.4786930633643287,0.1003,0.770,-2.4048041720510485,-0.0230358618159333,-0.9900258255830389,0.0462
1787537219.1768095,-2.368336830077825,0.0051506567970428276,-1.6875677112834853,-2.4332836911040716,-0.0016237374912507654,-1.4011097273608444,0.0653,0.286,-2.6836089642345953,0.014604845595404887,-1.8676901140665378,0.3154
1787537219.278706,-2.368105159307406,0.005160868726575082,-1.6068446269156282,-2.4882482582980616,0.003162732916002646,-1.678317615811373,0.1202,0.071,-2.614891801416907,0.043895263021395944,-2.5003057101407107,0.2498
1787537219.4601333,-2.367571220204278,0.006188510459076084,-1.7284381012466858,-2.5187830701667817,0.02197766594003758,-2.182983996973164,0.1520,0.455,-2.614891801416907,0.043895263021395944,-2.5003057101407107,0.2502
1787537219.5457416,-2.3673606054890053,0.006495025013120987,-1.9672031314662464,-2.520350097738015,0.021488699399728906,-1.9862726367451082,0.1537,0.019,-2.644565940926298,0.00831917138599798,-1.665493947711906,0.2772
1787537219.6261852,-2.3670792476482307,0.006424948538629951,-2.208039985644287,-2.5537426740126845,0.01628729634865406,-1.7949675883025045,0.1869,0.413,-3.089425823556902,0.1619505911081105,-1.7949675883025045,0.7389
1787537219.712029,-2.3665042186971585,0.005502632137081733,-2.1751820955059884,-2.561703652198708,0.02778834840156584,-1.7324698189370422,0.1965,0.443,-2.4566070123521793,0.006997403889122742,-2.2881889671691655,0.0901
1787537219.8131886,-2.3655560866728123,0.0047396637968629115,-2.102599806967837,-2.515972988788883,0.01118620049158374,-2.331418782524658,0.1506,0.229,-2.3748332227260627,-0.012156104881336267,-2.034919988241673,0.0193
1787537219.9198804,-2.364516748389135,0.004244311854472202,-1.9779318354174689,-2.450865864633302,-0.017585219194670487,-1.6319819676317244,0.0891,0.346,-2.3748332227260627,-0.012156104881336267,-2.034919988241673,0.0194
1787537220.0286665,-2.3633673216165745,0.0042023154923296994,-1.877563619314724,-2.454904697219216,-0.016215781099653142,-1.6355400869465668,0.0938,0.242,-2.467053205455203,0.004812969264610575,-1.9791003804792715,0.1037
1787537220.1340272,-2.3623302576275065,0.004341978525879096,-1.9848307423927176,-2.4573726384474073,-0.0024696720529283744,-1.8876550046475018,0.0953,0.097,-2.5018851654804677,-0.04641787595220854,-0.842626027516638,0.1485
1787537220.245401,-2.361276935226572,0.004124353805031493,-2.184286414809622,-2.4714473430738466,-0.027942487571035932,-1.1729239737385038,0.1147,1.011,-2.5136037268951883,-0.04670650177670673,-1.0019096637847886,0.1606
1787537220.3542602,-2.3608290316639144,0.0037986678992084372,-2.2349211853973596,-2.4850295414230703,-0.03744308075180233,-1.165357277655926,0.1309,1.070,-2.5136037268951883,-0.04670650177670673,-1.0019096637847886,0.1609
1787537220.4500132,-2.3604830899642817,0.0033141710273664835,-2.1236095593449957,-2.4849084554730365,-0.037469683630325816,-1.169448208097392,0.1309,0.954,-2.5136037268951883,-0.04670650177670673,-1.0019096637847886,0.1611
1787537220.5275452,-2.359938150352613,0.0031790260804438336,-1.8769633626596216,-2.4849473614515856,-0.037626716092898985,-1.1647451387693697,0.1315,0.712,-3.286311194727447,0.11069197899437966,-1.1647451387693697,0.9326
1787537220.6127944,-2.359352403913851,0.0034531720644949797,-1.568760554364498,-2.489569256336812,-0.038502351650452654,-0.12406991141402504,0.1368,1.445,-2.3826771663776745,-0.18727948150629556,2.1813530101533094,0.1922
1787537220.7020805,-2.358779046754098,0.003993639019962214,-1.373204638097487,-2.401836530322055,-0.1500295562415962,1.657189897952597,0.1599,3.030,-2.658043199577794,-0.14588156870521396,1.657189897952597,0.3347
1787537220.8628192,-2.357588289680764,0.004531223967294084,-1.3589777285935092,-2.449166646591151,-0.1468437642791187,1.8424169359731213,0.1769,3.201,-2.658043199577794,-0.14588156870521396,1.657189897952597,0.3360
1787537220.9403327,-2.3568244098495725,0.004192146231927811,-1.3638355111202223,-2.448062784697829,-0.14802638237537896,1.5313697886267774,0.1775,2.895,-2.4307324420210614,-0.0006654389149661577,-1.3360693591480988,0.0741
1787537221.020284,-2.3560921069810483,0.0036189350238952697,-1.2582164257797437,-2.4278164794473125,-0.034558255442480604,-0.6920138920594875,0.0813,0.566,-2.318292379118295,0.009920173562143328,-1.4733352118293725,0.0383
1787537221.09403,-2.3554642004463764,0.0031001459706250433,-0.9908592159947268,-2.3919787336831013,-0.0067419928990590655,-1.251117937518733,0.0378,0.260,-2.318292379118295,0.009920173562143328,-1.4733352118293725,0.0378
1787537221.2459948,-2.3538162862034993,0.0030043423395312483,-0.9197686197888373,-2.3890531974832085,-0.0008687135656777554,-0.9871694887146092,0.0354,0.067,-2.4426794384501633,1.3828922837618885e-05,-0.8982781454433173,0.0889
1787537221.3253198,-2.3529487908001396,0.0034037438795291135,-0.9461051114721926,-2.4142942753201755,0.00037788792851532564,-0.904452081708415,0.0614,0.042,-2.394409541594597,0.002575263130988155,-0.904452081708415,0.0415
1787537221.4112659,-2.3521917012461673,0.003832558708710478,-1.1389179562280167,-2.4077673534338175,0.0034510645882282497,-0.612449500768973,0.0556,0.526,-2.394409541594597,0.002575263130988155,-0.904452081708415,0.0422
1787537221.4926531,-2.3513123965113114,0.003955173183566835,-1.1491615407457914,-2.4066670190541797,0.008202726416498817,-0.4213525911132901,0.0555,0.728,-2.408455037217789,0.051797300669492036,-2.125041584195932,0.0745
1787537221.5866876,-2.350374017073358,0.0037640502235761577,-1.1550067293547979,-2.39903090789218,0.03388701673988753,-1.6550338311500323,0.0572,0.500,-2.499925774968898,-0.03450681580960428,-0.17101931315949942,0.1544
1787537221.684784,-2.3494319497438,0.0033131954104302173,-1.0747780608650437,-2.4318805451318086,-0.0028015785461548218,-0.7453904692990053,0.0827,0.329,-2.499925774968898,-0.03450681580960428,-0.17101931315949942,0.1552
1787537221.852935,-2.3477070020294657,0.002820563145522261,-0.7758591670327305,-2.4332164928334787,0.00038829007065259495,-0.6943278271656784,0.0855,0.082,-2.4213730124171855,0.0013300977953714474,-0.7907812380481878,0.0737
1787537221.9353871,-2.346712585399892,0.0031165415495125804,-0.798165658548038,-2.426240161626011,0.00045167123310831505,-0.7773431804395387,0.0796,0.021,-2.4213730124171855,0.0013300977953714474,-0.7907812380481878,0.0747
1787537222.0150642,-2.3457822710537637,0.0035971379309119407,-0.958579139159055,-2.426282547477459,0.0007580841484026051,-0.7788357384103493,0.0806,0.180,-2.3168676900398286,-0.003852238091875224,-0.7236910368842744,0.0299
1787537222.103406,-2.3449258764686847,0.003951615831844549,-0.9788147071343555,-2.388841515194165,-0.0028218908561610805,-0.7178396578574172,0.0444,0.261,-2.408349630758044,-0.015711850246654533,-0.3225849605856288,0.0664
1787537222.2088342,-2.344003382609288,0.003991075359513846,-1.0187956097480377,-2.3914137046478636,-0.007005420509979337,-0.6589515376366474,0.0487,0.360,-2.39896729741576,0.04819349981645239,-1.9718453586448277,0.0705
1787537222.3013246,-2.343022458150615,0.0036285263503466085,-0.9982007960000326,-2.3841456145184923,0.022228358938553315,-1.5548232812196754,0.0451,0.557,-2.639963274245486,0.0821308611130468,-2.6457932464677856,0.3071
1787537222.3887103,-2.342165327054299,0.0031883258221834412,-0.7854530741369474,-2.4344806205499143,0.04025930652911293,-1.9707602579774945,0.0995,1.185,-2.421942771684997,0.011072869613380224,-1.1636997780444103,0.0802
1787537222.4759827,-2.341265556568434,0.0030571770898805343,-0.5013240582544961,-2.4274002490272735,0.01966191451740726,-1.2963352567894684,0.0877,0.795,-2.421942771684997,0.011072869613380224,-1.1636997780444103,0.0811
1787537222.6466954,-2.3399267682552973,0.004391302608872885,-0.6421064106272498,-2.428153072902732,0.019157932342038334,-0.8956455552730945,0.0895,0.254,-2.3686250245479497,0.016529580310869315,-0.8894375683214492,0.0312
1787537222.72519,-2.339373788299971,0.0051201506047543945,-0.942071123100733,-2.4100372139744715,0.01921589255311401,-0.910901086700058,0.0721,0.031,-2.3686250245479497,0.016529580310869315,-0.8894375683214492,0.0314
1787537222.8124962,-2.338589045625601,0.0054074508127884445,-0.952536526868858,-2.4108439349382436,0.020918451586032092,-2.0529021114745984,0.0739,1.100,-2.307559043084147,0.013295817742954413,-1.1009715382062468,0.0320
1787537222.8997176,-2.337778918541681,0.005215549830019846,-0.9444575226009988,-2.370167927140636,0.016430106905282772,-1.1449448901573214,0.0343,0.200,-2.307559043084147,0.013295817742954413,-1.1009715382062468,0.0313
1787537223.0545373,-2.3363418843184207,0.0044138702728283834,-0.5066484788790937,-2.369847523223126,0.017015216745658555,-1.3208113086322177,0.0358,0.814,-2.301290059571685,0.013449895318926099,-1.130008979281185,0.0362
1787537223.141999,-2.3354915978139075,0.004419978072502313,-0.5015158910217831,-2.3438424295741407,0.014828134212122403,-1.1459446676087808,0.0133,0.644,-2.1752222896075017,0.0745519963977543,-1.0621389915454047,0.1749
1787537223.2383404,-2.3345782346829616,0.0048306300191250685,-0.4617375721248671,-2.3178540226878015,0.018787763809089298,-0.5381853258869514,0.0218,0.076,-2.1752222896075017,0.0745519963977543,-1.0621389915454047,0.1739
1787537223.3239448,-2.33372486792633,0.00548523096118391,-0.5740408889464029,-2.3064910095508964,0.0009204323667007623,-0.4533605222960856,0.0276,0.121,-2.2917601741553106,-0.0029094229220684937,-0.4092872657379229,0.0428
1787537223.4134815,-2.33321033100778,0.005602135853415857,-0.6492946162321165,-2.304787394566923,0.0003620165688327855,-0.4320940798990284,0.0289,0.217,-2.416397450142452,0.001639198776739258,-0.5452336522622415,0.0833
1787537223.5126038,-2.3326369295550724,0.00532958838118904,-0.7796627178369958,-2.35772088724559,0.00043135433155562714,-0.4395731616980405,0.0256,0.340,-2.9356126384716914,0.7126709685341871,-7.40850295323313,0.9295
1787537223.597079,-2.332022262933635,0.004702398730926705,-0.8358248202203393,-2.360933482343084,0.0025922423860402465,-1.4476495264696114,0.0290,0.612,-2.9356126384716914,0.7126709685341871,-7.40850295323313,0.9303
1787537223.6837022,-2.331524953907686,0.0040233635703437794,-0.7124613916321941,-2.361602140425402,0.001582061324651312,-1.3586867249383703,0.0302,0.646,-2.9322445723039623,-0.6478564602609468,5.351563547220578,0.8865
1787537223.778335,-2.3308120281044906,0.0036985802665209086,-0.69791617440897,-2.3682527227107393,-0.0015982625869249256,-0.11792783772997599,0.0378,0.580,-2.579133666180902,0.05477120678399675,-1.6599751186646172,0.2535
1787537223.9506176,-2.3291955856154516,0.004144516234583543,-0.8045032320108572,-2.439213898345079,0.02877770379907405,-1.2483659176650068,0.1127,0.444,-2.579133666180902,0.05477120678399675,-1.6599751186646172,0.2550
1787537224.0337632,-2.3285044223041163,0.0043776946525858566,-1.0865522406582708,-2.426982514118731,0.026684258786628397,-1.2270189422744275,0.1010,0.140,-2.4646702282177966,-0.032017060541695015,0.061634287033803234,0.1409
1787537224.11296,-2.3276485281668413,0.004264145832305204,-1.0874175095795868,-2.4366379273846657,-0.011915723295709495,-0.22460740909099322,0.1102,0.863,-2.4646702282177966,-0.032017060541695015,0.061634287033803234,0.1417
1787537224.2032096,-2.3266796496716355,0.0038041375477051455,-1.013610540158139,-2.4360329691583757,-0.011227875643494539,-0.34912983459481994,0.1104,0.664,-2.232749564805392,-0.03033797614780105,-0.30250159202196053,0.0999
1787537224.3017917,-2.3257625067571013,0.0031118633699134916,-0.8039738170796029,-2.352201305282344,-0.034030416409318476,-0.13475660539326012,0.0456,0.669,-2.1221824109958076,0.021053428273160073,-1.2602233537760028,0.2044
1787537224.3946924,-2.324466980880234,0.0027575770461309027,-0.5116882804043202,-2.315214073133018,-0.029338616889873784,-0.7814885641056801,0.0334,0.270,-2.1221824109958076,0.021053428273160073,-1.2602233537760028,0.2031
1787537224.5632153,-2.321631248814208,0.003127714433417444,0.05191951178725487,-2.3148224507936117,-0.030335853762690147,-0.6414691675374408,0.0341,0.693,-2.4464176207478285,0.01558588954023582,-0.8849796282878304,0.1254
1787537224.646494,-2.3203154698926975,0.0035460317088399727,0.12029231032929562,-2.3719436157205975,-0.00029111459945873675,-0.6126266818414243,0.0518,0.733,-3.1475675914609997,-0.1623411803605963,-0.6126266818414242,0.8437
1787537224.723163,-2.3193246207841334,0.003633948405299739,0.18732444801660472,-2.3752865195535495,-0.0011642876497951471,-0.6009049901076142,0.0562,0.788,-2.294692118034443,-0.0008698202985520405,0.1028615945713626,0.0250
1787537224.806174,-2.31826992314832,0.0034112066630580602,0.2562598594364205,-2.34294688448465,0.00204422360909913,-0.26561731968300206,0.0247,0.522,-2.621126881696119,0.027499662297129746,-0.26561731968300206,0.3038
1787537224.8979461,-2.3171891722920646,0.002918194239107148,0.3992022815112687,-2.4014797292851626,0.008902201627072602,-0.29205270892788254,0.0845,0.691,-2.446348466488463,0.015052414856955397,0.05487072238457357,0.1297
1787537224.9883392,-2.3166244933287894,0.002800281088112631,0.4188577520837907,-2.4165684857943037,0.013639737933854021,0.06691922458545564,0.1005,0.352,-2.446348466488463,0.015052414856955397,0.05487072238457357,0.1303
1787537225.140968,-2.315215857489213,0.003502491484022115,0.553098194953874,-2.4198110331542044,0.002156188344762248,0.34443462115521,0.1046,0.209,-3.1297907362447672,-0.16048121024195305,0.06691922458545564,0.8309
1787537225.2247765,-2.3144950207164547,0.004239248530612842,0.5193227105741615,-2.4207281547004293,0.002539053277831153,0.12832878595065494,0.1062,0.391,-3.135076533751029,0.29164877090938,0.12832878595065494,0.8695
1787537225.3194284,-2.3138770844114505,0.004979824741249581,0.33382710822299755,-2.42796137933405,0.010143536221322932,0.5920943787712891,0.1142,0.258,-3.135076533751029,0.29164877090938,0.12832878595065494,0.8698
1787537225.408979,-2.313031084844978,0.005158626222247258,0.32599179720621196,-2.4183722497276134,0.008441766096044889,-0.22004161664914337,0.1054,0.546,-2.609928432981772,0.030768835652646633,-0.22004161664914335,0.2980
1787537225.5089672,-2.3121118400070384,0.005029495356272245,0.33001159696347604,-2.485716148056571,0.01404076260016493,-0.2192179824273321,0.1738,0.549,-2.609928432981772,0.030768835652646633,-0.22004161664914335,0.2989
1787537225.655651,-2.3104645535585306,0.004381577975983708,0.8062223733114728,-2.486491619443644,0.01420351397270957,-0.3443763233948864,0.1763,1.151,-2.6199561387670487,0.011536520331662994,0.3709059440472925,0.3096
1787537225.7359824,-2.3095828953219333,0.00442382476709661,0.8091763086963227,-2.5328944162161586,0.01585213484360526,0.2872961910827151,0.2236,0.522,-2.6199561387670487,0.011536520331662994,0.3709059440472925,0.3105
1787537225.8219666,-2.3086717888787187,0.00486710095565126,0.8622245316360804,-2.5336335829332,0.013645977501782912,0.4836984710600837,0.2251,0.379,-2.6199561387670487,0.011536520331662994,0.3709059440472925,0.3114
1787537225.9077098,-2.307826992291017,0.00555279458377025,0.7627878059171063,-2.5321574764604042,0.01258225371008875,0.7734133350086259,0.2244,0.011,-2.4537082200107743,0.04219466806373197,-0.08546806525900665,0.1504
1787537225.993438,-2.3074336106112794,0.005992467015392897,0.657692290937763,-2.486864087535257,0.03801447932984829,-0.053038919926893004,0.1823,0.711,-2.3740013710536436,0.0025978969288806475,0.8363632375465232,0.0667
1787537226.0851479,-2.306958571470996,0.006086595048929008,0.5331658470767521,-2.4316581632779366,0.0117985360000691,0.616847280398477,0.1248,0.084,-2.3403791091374484,-0.008329138765405288,1.0682142837944917,0.0364
1787537226.186884,-2.306416443223293,0.005867105580786035,0.4502034622313816,-2.404673160333701,-0.0016885637280041259,0.9704592563832395,0.0985,0.520,-2.3320719622673027,0.025623704617372622,0.10470159908405498,0.0324
1787537226.2881021,-2.305990948823841,0.005497956135568236,0.5666585820773502,-2.3794439115598203,0.016850793305948943,0.21193099101866214,0.0743,0.355,-2.3320719622673027,0.025623704617372622,0.10470159908405498,0.0329
1787537226.451304,-2.3046703210323067,0.006307335074719748,0.7462698194913295,-2.3633022126983305,0.003966279441074364,0.49937953520670103,0.0587,0.247,-2.3520770537423688,-0.0013805011993503968,0.5862688420042558,0.0480
1787537226.5232456,-2.303841142028231,0.007351321087215268,0.6073941847988664,-2.360841772084697,0.0034341377873282545,0.5099250066025287,0.0571,0.097,-2.327902411907144,0.00538667164656658,0.6352964936474067,0.0241
1787537226.6049213,-2.303152543278574,0.008250652528178434,0.5748228697719394,-2.34636241343705,0.008647477233243717,0.507133259250173,0.0432,0.068,-2.327902411907144,0.00538667164656658,0.6352964936474067,0.0249
1787537226.7009661,-2.3024184541251493,0.008914402539855367,0.5019394594884891,-2.3500538378789146,0.009198459331223773,0.4957823020370576,0.0476,0.006,-2.36046712380963,0.01840560640431592,0.3935143184280146,0.0588
1787537226.7939067,-2.3015893714398725,0.009176969562209886,0.43337601988866115,-2.355109339729592,0.01625169822303438,0.36132225695537296,0.0540,0.072,-2.36046712380963,0.01840560640431592,0.3935143184280146,0.0596
1787537226.885387,-2.3008130288823794,0.00916352175822212,0.5205558707894338,-2.3548005556429947,0.016311926446522337,0.3618691807736841,0.0545,0.159,-2.36046712380963,0.01840560640431592,0.3935143184280146,0.0604
1787537226.9836972,-2.300114861247838,0.009319949172530262,0.7478478704206244,-2.322045423631509,0.015788115841598394,0.5302748099927329,0.0229,0.218,-2.129823317453439,0.026442347636365795,0.425196726603517,0.1712
1787537227.0790358,-2.2993257567485084,0.009903883659907119,0.9972641013468184,-2.3218454995889193,0.015344414616797423,0.57824088000839,0.0232,0.419,-2.3641478366696247,0.014368229202564833,0.6418508259092468,0.0650
1787537227.2609887,-2.2981531247937075,0.011635709769617428,1.1257816430479857,-2.3469637444005835,0.014931607681082036,0.7366951859051413,0.0489,0.389,-2.42302392492315,-0.013997166743589829,1.5344613790401067,0.1275
1787537227.2609887,-2.2981531247937075,0.011635709769617428,1.1257816430479857,-2.373038158654731,-0.002203199030594377,1.3268968768549925,0.0762,0.201,-2.429695817485352,-0.010642606074324075,1.791249341341407,0.1334
1787537227.4434993,-2.296892214266169,0.012113127498194395,0.9448709345209609,-2.392931977364497,-0.005870452870661436,1.6988127628407288,0.0977,0.754,-2.429695817485352,-0.010642606074324075,1.791249341341407,0.1347
1787537227.5056398,-2.296279003891279,0.011954699681042943,1.0052536513978365,-2.394471916822672,-0.006762434199472749,1.757033088393254,0.1000,0.752,-2.429695817485352,-0.010642606074324075,1.791249341341407,0.1353
1787537227.6507292,-2.2951572895961885,0.01210036921679585,1.39207155267687,-2.3926457856042562,-0.005318300981405959,1.308470700234711,0.0990,0.084,-2.429695817485352,-0.010642606074324075,1.791249341341407,0.1364
1787537227.7286074,-2.2942819318706538,0.01272140144367499,1.3766633813923845,-2.3930191826075924,-0.006260055007459014,2.3774946063534315,0.1005,1.001,-2.553752557802808,-0.04369232239774832,2.5925881874982863,0.2655
1787537227.8108585,-2.2933988330026702,0.01357743313363218,1.2884382899635543,-2.443855164788922,-0.029191381805291433,2.3730142058126646,0.1564,1.085,-2.314057195164714,0.009473084498323691,1.4434285058807446,0.0211
1787537227.8967173,-2.2929943008521767,0.014021775091929803,1.23287660982998,-2.3858257310835906,-0.012770094520661406,1.8960709796083393,0.0966,0.663,-2.314057195164714,0.009473084498323691,1.4434285058807446,0.0215
1787537227.9801922,-2.2925381816775863,0.014131412574259417,1.1061546555020745,-2.385778711011268,-0.013027686338530641,1.9637091306800247,0.0971,0.858,-2.314057195164714,0.009473084498323691,1.4434285058807446,0.0220
1787537228.069608,-2.2920330348747426,0.01381223444935012,0.9300934383604956,-2.3857015117476648,-0.012614647412342597,1.77580405654641,0.0973,0.846,-2.3988881337994297,0.010315119543229145,1.240401317806315,0.1069
1787537228.260716,-2.291138189806279,0.012641533523493852,0.9785874618718307,-2.388717296954978,0.0043198212201194484,1.2506977336475626,0.0979,0.272,-3.1893305584652687,-0.25238050665985035,1.2506977336475624,0.9365
1787537228.3345764,-2.2904860226452124,0.012669729079032018,0.9796805991918591,-2.3898638083477657,-0.0014209412986149698,1.2809027807031772,0.1004,0.301,-3.1893305584652687,-0.25238050665985035,1.2506977336475624,0.9371
1787537228.4083464,-2.289773997640382,0.012987836203052142,0.9486110687693705,-2.390009133496725,-0.0028024360938983302,2.2181175500482038,0.1015,1.270,-2.418119225934665,-0.2638537757991425,4.074442193290786,0.3051
1787537228.4923494,-2.2891212982800684,0.013475869379770718,0.7949354904032087,-2.3924122976899636,-0.027116912110746356,1.8649841524243165,0.1110,1.070,-2.6810310303634743,0.610561494426577,-2.344315974094723,0.7142
1787537228.5836778,-2.2884988328073357,0.01339694582423552,0.7835620294240225,-2.421442787423778,-0.027140145924802496,1.7005069763367404,0.1390,0.917,-2.6810310303634743,0.610561494426577,-2.344315974094723,0.7146
1787537228.6808581,-2.2877912883529956,0.012944293228118256,0.739940885678913,-2.4203107288463612,-0.025831118400028497,1.6892226425212544,0.1381,0.949,-2.3623786999908343,0.015119519864314902,0.8242511718710552,0.0746
1787537228.8585038,-2.2863377549468122,0.011230638408247643,0.9335597356271683,-2.3868882709849286,0.011355944795805761,0.8807936318763478,0.1006,0.053,-2.3623786999908343,0.015119519864314902,0.8242511718710552,0.0761
1787537228.9552817,-2.285600383062692,0.010656546299683453,0.9560634003818032,-2.3927260166783517,0.01270202339928449,0.7444399602113667,0.1071,0.212,-2.3333593437664852,0.04460170104011856,0.07691774057704355,0.0586
1787537229.0397103,-2.284759721455288,0.010530562447140812,0.9786073025602254,-2.362734125574505,0.030446764648022956,0.2508962065192835,0.0805,0.728,-2.420578268349994,-0.03253372522696018,2.0352010047230835,0.1425
1787537229.1236386,-2.283948210465031,0.010637591706929145,0.8911342819914467,-2.3707015460820373,-0.003264289483533453,1.4869172219147622,0.0879,0.596,-2.57692634820061,0.005107220326549711,1.1338687606317168,0.2930
1787537229.2033272,-2.2832449670640194,0.010669349925150447,0.6304591458285085,-2.4068048969748532,-0.0015865140875248266,1.241474714134625,0.1242,0.611,-2.9714557687525573,0.6490174318896479,-5.159776258147444,0.9387
1787537229.360512,-2.2815916564759697,0.009715061358893447,0.3566579472017243,-2.411123284118154,0.0013373497024267442,0.29062355423460684,0.1298,0.066,-2.9714557687525573,0.6490174318896479,-5.159776258147444,0.9405
1787537229.4448912,-2.280714070214762,0.008751703773826882,0.47430010624632435,-2.4121292240852585,0.0006872006485093244,0.3100332848354999,0.1317,0.164,-2.4378353250544733,0.06643106486950785,-0.8541590791742828,0.1674
1787537229.524135,-2.2799458294694763,0.007799675296399632,0.756763485307122,-2.417688541860215,0.05125547645080984,-0.5641775892825031,0.1444,1.321,-2.3570913044984128,0.015845547669885787,0.23754772109590674,0.0776
1787537229.6176827,-2.2790760894594913,0.007298025595751928,0.7734692132722925,-2.388239921149381,0.029447805199918284,0.06250811950795773,0.1114,0.711,-2.3915457624106797,0.004024402439889778,0.8507340992445462,0.1125
1787537229.732045,-2.278135274480514,0.007138990692978132,0.7804937101155353,-2.3870190862377476,0.014138939291596457,0.7469198306358331,0.1091,0.034,-2.3822901316029172,0.0037988951472917,0.8346538153971591,0.1042
1787537229.8529122,-2.277263908638967,0.007261287453439766,0.6149531229878235,-2.385118779753227,0.007242580703270241,0.7939957506717649,0.1079,0.179,-2.5460430160879834,0.07093492306391032,-0.5652020919948005,0.2762
1787537229.951268,-2.2764076547329903,0.007044317473062768,0.3028397268245669,-2.418466458108879,0.03260879923746617,0.05269478140265668,0.1443,0.250,-2.5460430160879834,0.07093492306391032,-0.5652020919948005,0.2771
1787537230.0335498,-2.2757291322657576,0.00640838509175937,0.10105713993235726,-2.4208161314396333,0.034272059081105116,0.008543992682706916,0.1477,0.093,-2.4100095936619312,0.051788186026552434,-0.7540811965075289,0.1417
1787537230.1216297,-2.2751056116187494,0.0055694334564049385,0.02992069939215891,-2.4144719375974533,0.04671930702876151,-0.6589754420888594,0.1453,0.689,-2.289417294056102,0.03598215693249756,-0.6589754420888594,0.0336
1787537230.2017887,-2.274454676849861,0.0049343861554756,0.05433613465649111,-2.378235772616232,0.04000058732882747,-0.6017857091508968,0.1095,0.656,-2.300422538137689,0.19060779979387343,-1.9603160646298166,0.1875
1787537230.296302,-2.2737378688782814,0.004584307432738371,0.0915240201395292,-2.3415476944404605,0.048189078896467764,-0.5469753945372635,0.0806,0.638,-2.3190946286736738,-0.002704336150760218,0.2042735348773476,0.0459
1787537230.3916373,-2.2729523001887215,0.004609613278902268,0.07846668251886926,-2.3221889558380338,0.004845607930903094,0.08253613725454455,0.0492,0.004,-2.244715389168494,-2.6156874096154454e-05,0.12929776851645633,0.0286
1787537230.486504,-2.272270887232134,0.0047646444670965925,-0.10745061395403316,-2.2944232333889816,0.005444987129810805,0.13827802024176405,0.0222,0.246,-2.1993435645913126,0.007792068053887659,0.06272537969664703,0.0730
1787537230.6574066,-2.270619292856978,0.0037933174874906664,-0.37445263952295055,-2.252360781726211,0.007086790972868963,0.07393134228553666,0.0186,0.448,-2.21079317172843,0.016345461102609427,-0.27854402059478245,0.0611
1787537230.743059,-2.269661698279219,0.0027261537707825743,-0.25607059951002104,-2.2296464227583854,0.013005269525026446,-0.23231263617148684,0.0413,0.024,-2.2095303913045123,0.004086171572741244,-0.49161230418670554,0.0601
1787537230.827545,-2.2687001962780835,0.001875243844080972,-0.22346952616435886,-2.214100829104106,0.006487784504573649,-0.5180628637543178,0.0548,0.295,-2.2095303913045123,0.004086171572741244,-0.49161230418670554,0.0592
1787537230.9054434,-2.2676753501966154,0.0013496022804353354,-0.14362181281715938,-2.19922657000532,0.004066487640198147,-0.22079058058204498,0.0685,0.077,-1.8243446370983651,-0.09606086322398638,-0.4946780381368745,0.4539
1787537230.9914594,-2.2665785312729527,0.0011304522981884489,-0.07542306591885375,-1.964199797908416,-0.008162243724123072,-1.3137610280927772,0.3025,1.238,-1.8243446370983651,-0.09606086322398638,-0.4946780381368745,0.4528
1787537231.0871606,-2.2655155024315716,0.0011640729526261732,-0.1314378454578539,-2.0130661609429104,-0.0034141287976881987,-1.2191722738598887,0.2525,1.088,-1.8243446370983651,-0.09606086322398638,-0.4946780381368745,0.4518
1787537231.2556877,-2.263858290272898,0.0009870726786835836,-0.8616796906677402,-2.011010015691574,-0.00234980637634212,-1.6925410418969056,0.2529,0.831,-2.3822259711478533,0.008871564629681179,-0.3089005017064316,0.1186
1787537231.3422372,-2.2632374879928787,0.0005923918658622303,-1.5497997520929154,-2.126941103676985,0.010172062913941937,-0.7057763440248718,0.1366,0.844,-2.3822259711478533,0.008871564629681179,-0.3089005017064316,0.1193
1787537231.4262614,-2.262768756442762,0.0002972364728122986,-1.988914177854259,-2.1278496579336394,0.010172005489519709,-0.7085635585630325,0.1353,1.280,-2.308639713391627,-0.00880540463987651,-1.3102587639354282,0.0468
1787537231.5142405,-2.262300225902962,0.00019662876257608872,-2.265123367568328,-2.194024065239869,0.00390931311259814,-1.6555692272135436,0.0684,0.610,-2.308639713391627,-0.00880540463987651,-1.3102587639354282,0.0472
1787537231.5963423,-2.2617518813997166,0.0006089634644222255,-2.4831762890896694,-2.194269864287814,0.0038275015214873005,-1.6880867503229615,0.0676,0.795,-2.347414157091898,0.019214830804797956,-3.0211007362537914,0.0877
1787537231.6817675,-2.261079382065365,0.0013724158913667236,-2.7742714366848173,-2.257333516054274,0.000742090820314062,-2.6390016997400267,0.0038,0.135,-2.3911031905409392,0.04251399952063063,-3.6542223136583796,0.1364
1787537231.7782829,-2.2604855974842546,0.0022476214094986047,-3.2096593386486196,-2.313525795404276,0.023735176015208213,-3.2924121853162847,0.0572,0.083,-2.3911031905409392,0.04251399952063063,-3.6542223136583796,0.1367
1787537231.9528947,-2.2582173351940624,0.002591174942307227,-4.198696091789815,-2.3561456544524813,0.04226817241659475,-4.327666565589636,0.1057,0.129,-2.49610847591671,0.0736100459166569,-4.8578094935704605,0.2483
1787537232.0260692,-2.257085250536902,0.0022901015780831453,-4.580938672799398,-2.3604043791522304,0.043976577503538755,-4.4483220507559365,0.1114,0.133,-2.318352414070279,0.005050948801230019,-4.486040187796548,0.0613
1787537232.1015801,-2.2560520398588024,0.0020129343131109648,-4.826295311768027,-2.335209370566466,0.012396951921875426,-4.60326168663831,0.0798,0.223,-2.318352414070279,0.005050948801230019,-4.486040187796548,0.0624
1787537232.1838653,-2.2549728357051806,0.0020999648845792676,-4.823242208826516,-2.3388259479182034,0.011992491626851325,-4.749345022488725,0.0844,0.074,-2.5466553395933555,0.07687106151601368,-6.473870878431341,0.3011
1787537232.3605762,-2.252556528657792,0.003249582601882658,-4.863028836442442,-2.3806328408085555,0.03084080829722021,-5.229964002881573,0.1310,0.367,-3.1252600504093895,-0.1895522843570816,-5.229964002881573,0.8937
1787537232.4560835,-2.2514586568928285,0.003954595810051817,-5.118415841596799,-2.3865951448460225,0.024483934745397132,-4.306822120930989,0.1367,0.812,-2.335241603867035,-0.015321782973429945,-4.710534343269647,0.0860
1787537232.5562003,-2.2504050800623125,0.004222922531475136,-5.131170328786479,-2.3595539643116954,-0.012324392500740062,-4.5385205221900815,0.1104,0.593,-2.563203041976829,0.08348785346967165,-6.6090219982834375,0.3227
1787537232.640818,-2.2493049305056725,0.004091223333001818,-5.114236459687992,-2.3967381021319847,0.01861682257431124,-5.340275520128286,0.1481,0.226,-2.5240296148032475,-0.03238122334092796,-4.4249174227262476,0.2771
1787537232.7173238,-2.2483147594337374,0.003775846384868225,-4.921425390091994,-2.4268521491778743,-0.00479996546055322,-4.830328537110834,0.1787,0.091,-2.380059995562829,-0.04545086501277143,-4.238137509089245,0.1406
1787537232.8047667,-2.2476819688764724,0.0036093722388361197,-4.804174931580105,-2.39766185936739,-0.03722556666841381,-4.36834839475143,0.1554,0.436,-2.4164312369974126,-0.06956921942125747,-3.6689694140550695,0.1839
1787537232.8936749,-2.246951185497456,0.0037540338907156917,-4.672458875130859,-2.4078288161601153,-0.04676788317596545,-3.9007356995011127,0.1686,0.772,-2.4164312369974126,-0.06956921942125747,-3.6689694140550695,0.1847
1787537232.9752264,-2.2461338785098586,0.004257114556731564,-4.601350022391029,-2.4159493453481136,-0.05620886195008675,-3.290544531730411,0.1803,1.311,-2.523025417022095,-0.06614649159408109,-3.1702911112678547,0.2857
1787537233.0638237,-2.2454123718756778,0.004867787227065599,-4.692302523422549,-2.455182078947083,-0.06312273113061623,-3.139439246831683,0.2205,1.553,-2.2834386199493983,-0.05824080744048758,-3.7101874743161702,0.0737
1787537233.1698937,-2.244634698479638,0.0047478559919561444,-4.7005749230937015,-2.389238357640496,-0.08574583535519209,-2.8657735318182103,0.1706,1.835,-2.2834386199493983,-0.05824080744048758,-3.7101874743161702,0.0740
1787537233.2754526,-2.243815523952394,0.004220698449550368,-4.71608325061719,-2.3831271696358467,-0.07926988999443088,-2.202379400598096,0.1624,2.514,-2.907915416008013,0.052864431330858164,-2.202379400598096,0.6659
1787537233.3752139,-2.243036188895966,0.0033761829074775733,-4.603431620391613,-2.3960382503028534,-0.08567002096094699,-1.9159686842523906,0.1770,2.687,-2.2885737316111117,0.02576236980337131,-5.139858996091535,0.0507
1787537233.5584035,-2.2413961183656195,0.002407668450512364,-4.2991318925552795,-2.337360050819645,-0.007405792831752089,-4.306964712068655,0.0965,0.008,-2.2885737316111117,0.02576236980337131,-5.139858996091535,0.0526
1787537233.6475186,-2.240399826811586,0.0024445120883814534,-4.379860262861253,-2.3386581820130172,-0.009886736156283804,-3.1922500773215194,0.0990,1.188,-2.2885737316111117,0.02576236980337131,-5.139858996091535,0.0535
1787537233.731793,-2.239519446941824,0.0025021886237064864,-4.640607642442807,-2.339329541868917,-0.011315340433283633,-2.146464465778805,0.1008,2.494,-2.281127047798873,-0.017704692899949886,-4.213401317183328,0.0463
1787537233.8280592,-2.238568575199345,0.002272633327445714,-4.64386352333581,-2.301348798141616,-0.020493355319505763,-4.149290238403121,0.0668,0.495,-2.281127047798873,-0.017704692899949886,-4.213401317183328,0.0470
1787537233.9184003,-2.2376104714114335,0.001574238762936875,-4.721181706387226,-2.3011723659814356,-0.02051739507932203,-4.164887446485408,0.0673,0.556,-2.2188281068520848,-0.02992061154568118,-4.4819737846656125,0.0367
1787537234.003249,-2.23671906681102,0.0006149085330051913,-4.658418689186956,-2.27546090698768,-0.027371692545450348,-4.517150831772606,0.0478,0.141,-2.264805518015183,-0.03101015701074153,-4.517150831772606,0.0423
1787537234.0859468,-2.2359062957018576,-0.000205135372384766,-4.445467840308047,-2.272260543024339,-0.02932912365388653,-3.8931501910863258,0.0466,0.552,-2.198197827087473,-0.029302110866603354,-4.586093468636758,0.0476
1787537234.1877587,-2.234956570820118,-0.0004624637782023835,-4.439350370002817,-2.247152853748233,-0.03065714998998554,-4.567855658489714,0.0326,0.129,-2.299671515126796,-0.060532089530589216,-3.654969916285005,0.0883
1787537234.2900434,-2.2339139610386303,-0.00039680000644206064,-4.46695061857865,-2.2617156218333703,-0.04524852387871056,-3.9393320539650962,0.0528,0.528,-2.299671515126796,-0.060532089530589216,-3.654969916285005,0.0891
1787537234.438888,-2.2323477960615556,-0.00014632963377461807,-4.779150187412078,-2.261500210633218,-0.0465340064960756,-3.8238909705337982,0.0548,0.955,-2.299671515126796,-0.060532089530589216,-3.654969916285005,0.0904
1787537234.5213766,-2.231668695278632,-0.0004022175811318224,-4.825517641608043,-2.2622438413349037,-0.04567688908253182,-3.8270206311122887,0.0546,0.998,-2.2705218997845646,-0.02925721252037798,-4.352114875685086,0.0484
1787537234.607748,-2.2309697313144796,-0.000918769563071677,-4.820580054250222,-2.2663301049214777,-0.03265662253224754,-4.295371587943551,0.0475,0.525,-2.2610670396380566,-0.04824811429799408,-4.29537158794355,0.0561
1787537234.6925259,-2.230729301180246,-0.0010912640311686078,-4.876978511663021,-2.26445421992452,-0.04423200574856071,-4.243428123918694,0.0548,0.634,-2.2610670396380566,-0.04824811429799408,-4.29537158794355,0.0561
1787537234.8470445,-2.230039643951641,-0.0005404765806177474,-4.849260304806629,-2.264346425247078,-0.04452320876995587,-3.9593649151255663,0.0558,0.890,-2.54635479222071,-0.05070935481161055,-3.7142487420148464,0.3203
1787537234.9369001,-2.2296149386765944,0.00018211485218913256,-4.876082849387731,-2.33148441391976,-0.0365662986448176,-3.971347629291181,0.1083,0.905,-2.1852844099055946,-0.02361984364890427,-4.98957671446134,0.0503
1787537235.026121,-2.2292901701055037,0.0009802179302864276,-5.067356027374209,-2.2542507302387147,-0.03147479975089573,-4.7986980625082785,0.0409,0.269,-2.2598233371350367,-0.013771543459897083,-4.8885524156163696,0.0339
1787537235.109544,-2.2286411478233563,0.0012512113118543513,-5.081640270059665,-2.25702655262249,-0.018550485320688752,-4.817275559655052,0.0346,0.264,-2.2598233371350367,-0.013771543459897083,-4.8885524156163696,0.0346
1787537235.2098894,-2.227947623171182,0.0011728558791591218,-5.091335367900742,-2.273304348763894,-0.002930876859466037,-5.069522745276869,0.0455,0.022,-2.3036220664465303,0.0018770272499716968,-5.085600113395328,0.0757
1787537235.3196146,-2.227291659711308,0.0008303226815042287,-4.988704325086888,-2.273463201319128,-0.0008017671421904008,-5.109793756630634,0.0462,0.121,-2.314359959813735,-0.009870038536866533,-4.864060274664566,0.0877
1787537235.402873,-2.2267167515051027,0.0006709596633581085,-4.684218665318516,-2.2929052899139815,-0.007780020219813691,-4.871163129533732,0.0667,0.187,-2.2647586927264163,-0.4715974274044489,-0.7789408676898604,0.4738
1787537235.485767,-2.225834217565427,0.0008666780380190749,-4.68907700435387,-2.277661406677267,-0.007245460880821846,-4.756066293747201,0.0525,0.067,-2.2647586927264163,-0.4715974274044489,-0.7789408676898604,0.4741
1787537235.5762537,-2.2248758916279767,0.0013773382375378961,-4.756634560102397,-2.277989683988618,-0.005145015193321856,-4.78273124977483,0.0535,0.026,-2.226947642904485,0.010693358414784845,-4.870947154473461,0.0095
1787537235.6739528,-2.2240056030043345,0.0019983873838289846,-4.985202795982788,-2.2509473579206145,0.006880440418999917,-4.794579257526684,0.0274,0.191,-2.329815715372394,-0.03324293522229706,-3.9287924125913465,0.1115
1787537235.7793322,-2.2231192961458386,0.0022762624115245282,-4.9995958858693825,-2.2724002203477838,-0.01104934955113251,-4.341538191247934,0.0511,0.658,-2.1219460026539263,-0.14448257953042032,-4.341538191247934,0.1783
1787537235.9455705,-2.221234978576432,0.001587775018545427,-4.826226854412568,-2.2601692043347668,-0.05794374269376434,-4.107639008801589,0.0711,0.719,-2.2029664582546964,-0.039686376985023565,-4.569829623263221,0.0451
1787537236.035331,-2.220403419549142,0.001269024844200333,-4.521740216499026,-2.220514899423007,-0.045520176024635095,-4.4768231923244866,0.0468,0.045,-2.2029664582546964,-0.039686376985023565,-4.569829623263221,0.0445
1787537236.1176612,-2.2194377577086484,0.0012765806731750008,-4.520343253425323,-2.2153485125972225,-0.04831741660145362,-4.4798732786377435,0.0498,0.040,-2.2720265296083793,-0.0024386093828007685,-4.798487110531235,0.0527
1787537236.202128,-2.2183732192003918,0.00162839704214111,-4.559167606827861,-2.2499137819040294,-0.018227260170408734,-4.591763630598469,0.0373,0.033,-2.3965624520998525,-0.24817405497233316,-1.4306364700240095,0.3068
1787537236.2931316,-2.217371160036395,0.0021461908445461852,-4.743196173091944,-2.2610533654609806,-0.016805662027972443,-4.059793175354079,0.0476,0.683,-2.3965624520998525,-0.24817405497233316,-1.4306364700240095,0.3078
1787537236.4491572,-2.214462108910743,0.002145440665660746,-4.9977759964508515,-2.2610020737534255,-0.015691168778615764,-4.023409237032566,0.0498,0.974,-2.075551731802154,-0.02464015878961809,-4.673883575954548,0.1415
1787537236.522506,-2.2129638356106773,0.001713190031877266,-5.075773328022161,-2.1591067661002814,-0.02752248574053508,-4.58409422352745,0.0613,0.492,-2.285445473962037,-0.0021652910084394724,-4.951171451268706,0.0726
1787537236.6129768,-2.2115406481359736,0.0011600136584092482,-5.036053543508371,-2.223903256800023,-0.01257460505386854,-4.768845628681844,0.0185,0.267,-2.157619659179049,0.30166212216735133,-7.702717585851419,0.3053
1787537236.7277606,-2.2103478636712057,0.000906223693454394,-5.0224432938090064,-2.228152856205858,-0.009160720340934316,-5.043167529677104,0.0205,0.021,-2.3327005366229803,-0.05046686628399693,-4.160694859877931,0.1327
1787537236.8144488,-2.208994426800806,0.0011326081494058265,-4.997213164044825,-2.2662670200299244,-0.03310925797495102,-4.498838379979683,0.0667,0.498,-2.510716951357311,-0.08494354913240243,-3.1365047617093467,0.3138
1787537236.9029298,-2.207632963688235,0.0016249319262931136,-5.08414374927255,-2.3299962438752893,-0.025931078157393067,-4.427958828974705,0.1254,0.656,-2.169500004564905,-0.02556740025629741,-5.101428274714307,0.0468
1787537236.9924047,-2.2063886223308034,0.002052182205216857,-5.345823155734529,-2.2474676462392376,-0.02898414161815301,-4.954657108388357,0.0515,0.391,-2.169500004564905,-0.02556740025629741,-5.101428274714307,0.0461
1787537237.1383386,-2.2041274967505102,0.0015701537842200029,-5.631506144631071,-2.247737588880683,-0.030945917728289033,-4.663182538576837,0.0544,0.968,-2.169500004564905,-0.02556740025629741,-5.101428274714307,0.0440
1787537237.20049,-2.203203811777945,0.0007994615033817161,-5.51109836142093,-2.247549636050837,-0.03219074253883727,-4.413511868101964,0.0553,1.098,-2.2338081686818083,-0.020014478548945405,-5.521361113224699,0.0370
1787537237.2738383,-2.2023622124534787,3.8857143788057196e-05,-5.27072891384506,-2.2390497551396344,-0.023562562019298718,-5.456539363437602,0.0436,0.186,-2.5522692190963205,0.8318908219273082,-10.979430300190016,0.9024
1787537237.453587,-2.2004549253703316,-0.0004569421687842766,-5.232536379560743,-2.268833504486949,-0.029028629734492675,-4.994988336275338,0.0741,0.238,-2.2552705806206625,-0.04606085684763625,-4.994988336275338,0.0713
1787537237.5266266,-2.1994106708037178,-0.00023316655604485202,-5.310568446695092,-2.2652715522187905,-0.038389587874469416,-4.976498734813945,0.0761,0.334,-2.2476002184545147,-0.06550317049570062,-4.422384807959083,0.0811
1787537237.6123214,-2.1984700475365577,2.730986218466751e-06,-5.541425619176235,-2.256684577641903,-0.06343848744071244,-4.426821717130456,0.0861,1.115,-2.3638421214853276,-0.09061769640974345,-3.914879776697804,0.1886
1787537237.712041,-2.19781652113979,-0.0003286166149837771,-5.595843856906941,-2.285390358207017,-0.07372834392833837,-4.224324461879429,0.1143,1.372,-2.2350603745258852,-0.06638922187823901,-4.672928302643516,0.0758
1787537237.8083053,-2.197219768993417,-0.0012238151654259594,-5.69137856010096,-2.272339741764546,-0.08081195838548609,-4.333286639171344,0.1094,1.358,-2.2350603745258852,-0.06638922187823901,-4.672928302643516,0.0754
1787537237.8985918,-2.196689813071737,-0.0024135028040123204,-5.643954436437556,-2.2752138935746884,-0.08811300422607377,-4.355713297803635,0.1162,1.288,-2.2350603745258852,-0.06638922187823901,-4.672928302643516,0.0746
1787537237.9840968,-2.196600097922768,-0.0033970334922739163,-5.5527761874412445,-2.2702296569698563,-0.08000827501831034,-3.9952890547300735,0.1063,1.557,-2.2350603745258852,-0.06638922187823901,-4.672928302643516,0.0738
1787537238.1423955,-2.1960925025042144,-0.0043305059173442476,-5.3556444786416,-2.2716246528288955,-0.08192115162232425,-2.9479588416440654,0.1083,2.408,-2.471373929035289,-0.11380857937459245,-2.9479588416440645,0.2963
1787537238.2217238,-2.195856916324998,-0.004477939424210123,-5.424143382398844,-2.3346623243537636,-0.0957906563951639,-2.8414507195398464,0.1661,2.583,-2.355579497767645,-0.04529916643397781,-4.501893637523874,0.1649
1787537238.2978501,-2.1956962349478335,-0.004818388521390417,-5.621655556918286,-2.3495025818615836,-0.056041967006256244,-4.374592278661319,0.1621,1.247,-2.355579497767645,-0.04529916643397781,-4.501893637523874,0.1649
1787537238.3901708,-2.1951883682591813,-0.005464742178041116,-5.6122296997302445,-2.349290106013127,-0.055890927069710127,-4.378788466909725,0.1621,1.233,-2.273810367473748,-0.0065515360487803645,-6.257232619676935,0.0786
1787537238.5509753,-2.1942053233618166,-0.007595407125155445,-5.355344795640904,-2.3038246840093635,-0.015048989324429371,-6.200010878991079,0.1099,0.845,-2.424076319547942,0.021757160084811385,-6.1981462531472165,0.2317
1787537238.6548848,-2.1936523641736545,-0.00851469341135698,-5.325105991660358,-2.346129727883777,0.016733449060266803,-6.251743147270077,0.1546,0.927,-2.2814615558498366,0.018731729568399604,-5.892282411221972,0.0919
1787537238.7532907,-2.192972433757642,-0.009049264586551612,-5.280689866476887,-2.327182393829444,0.01950683094728003,-5.906941209141398,0.1372,0.626,-2.2814615558498366,0.018731729568399604,-5.892282411221972,0.0927
1787537238.8381672,-2.1922372125225675,-0.009236243461887481,-5.337054849377916,-2.3272312759009717,0.02053236011482815,-5.9349866787321846,0.1382,0.598,-2.232807088068909,-0.01690231451542942,-5.752079361168186,0.0413
1787537238.9259756,-2.1916203906779237,-0.009442734744565098,-5.570318900876901,-2.291028295765794,0.0004880650450341528,-6.123166545029011,0.0999,0.553,-2.2651842238730664,0.026177175975604733,-6.560062120207041,0.0817
1787537239.0066614,-2.1909752757168124,-0.009951672584780424,-5.849058368569067,-2.279723476022275,0.01747238217398835,-6.4069208285156325,0.0929,0.558,-2.2651842238730664,0.026177175975604733,-6.560062120207041,0.0825
1787537239.08582,-2.190289717234105,-0.010807460080541814,-6.120088434301358,-2.279782379841998,0.019847744332997883,-6.795004574731904,0.0946,0.675,-2.168921424786834,-0.04998941939747572,-5.4914561453830775,0.0446
1787537239.1758997,-2.189801638042058,-0.010862830187215063,-6.1074115345505815,-2.2365681923077108,-0.026523797755548983,-5.920564556244031,0.0493,0.187,-2.2744598561400515,-0.0030304054889325935,-6.689837076655329,0.0850
1787537239.271579,-2.1893565086450817,-0.010819561199226595,-5.8269452682454865,-2.2527833355469187,-0.011574483939394128,-6.72807418221434,0.0634,0.901,-2.3619467097141253,0.3218157972281181,-9.895630678492003,0.3747
1787537239.3735714,-2.188719631610374,-0.010401056063910376,-5.48542005477151,-2.271242836060795,0.0009201215759881368,-6.698912429382937,0.0833,1.213,-2.2296087286935315,-0.00011236992334629213,-5.984964637492455,0.0422
1787537239.4845047,-2.187979421154782,-0.009640545418186769,-5.184057418453614,-2.249112470881995,-0.00022722879556241206,-5.966732688739716,0.0619,0.783,-2.316705276131376,-0.09688136628179833,-4.52531433756377,0.1555
1787537239.6556222,-2.186787684750121,-0.008504475628762042,-5.121219406953749,-2.2430598770551717,-0.001952404983388978,-5.453777775673437,0.0567,0.333,-2.12047769105288,0.9443512596422278,-13.835940006219806,0.9552
1787537239.7335722,-2.186165137711029,-0.00857572528640345,-5.120411042503849,-2.2346132696425567,0.0004607851057092656,-5.680683894631414,0.0493,0.560,-2.2647560678978818,0.0050427507899819595,-5.4329477474548185,0.0798
1787537239.8157568,-2.185587662538797,-0.008878599442109556,-5.009295520910562,-2.24323699219673,0.004468392929592745,-5.430607106541764,0.0592,0.421,-2.2647560678978818,0.0050427507899819595,-5.4329477474548185,0.0804
1787537239.8977778,-2.1851094882144166,-0.00912144940616961,-4.736965499994667,-2.240293686265997,0.005346671016004507,-5.407654031574084,0.0570,0.671,-2.1699358999973173,-0.047334053381175356,-4.714723342720532,0.0411
1787537239.977594,-2.1843822458860567,-0.009126360905659648,-4.732162463030331,-2.194421433923069,-0.04067775481863732,-4.2794440094976745,0.0331,0.453,-2.392039608745528,0.029005380557724468,-5.666204020975539,0.2111
1787537240.1597104,-2.182561188064101,-0.008013611327884886,-5.02502913641921,-2.2374324934177037,-0.007350805976630792,-5.103796919925149,0.0549,0.079,-2.392039608745528,0.029005380557724468,-5.666204020975539,0.2127
1787537240.2561164,-2.1817604984826806,-0.007449661957477283,-5.392260216253268,-2.191222430845865,-0.05493032364006542,-4.2135510707951145,0.0484,1.179,-2.148213107993278,-0.06880297325709464,-4.026691075160053,0.0699
1787537240.345859,-2.1808412419845995,-0.007530435786060524,-5.393263359834117,-2.1850736742435846,-0.05951981119193011,-4.131467629832365,0.0522,1.262,-2.1674231394562535,-0.05757962210979696,-4.540280546997279,0.0518
1787537240.4246945,-2.179895843323547,-0.007921216685060236,-5.342331851422332,-2.1727388816819997,-0.05872347593450572,-4.519884299058547,0.0513,0.822,-2.466274669907496,0.03358030114580712,-4.519884299058547,0.2894
1787537240.5104413,-2.1790514580218727,-0.008438610399692015,-5.135405627067067,-2.182999405920817,-0.08082774577191769,-4.366586326735604,0.0725,0.769,-2.2138248795834246,-0.05158818071799602,-4.597112164109355,0.0554
1787537240.5932443,-2.177788205430419,-0.008676522175319421,-4.793465566529476,-2.1910767440622805,-0.040633921287987415,-4.814413362450083,0.0346,0.021,-2.2138248795834246,-0.05158818071799602,-4.597112164109355,0.0560
1787537240.6711671,-2.1764086886585465,-0.008553544904513807,-4.445562284966414,-2.1859413696917995,-0.04269154536306587,-4.774777902683241,0.0354,0.329,-2.251614250622925,-0.06679667265561955,-3.7747458994522245,0.0951
1787537240.7784564,-2.174983051038274,-0.008187522036749979,-4.159321339459915,-2.210496587149096,-0.055562447091641896,-3.9939672338348564,0.0592,0.165,-2.208404301227809,-0.031550223610006964,-4.24495501497057,0.0408
1787537240.9570923,-2.1724952236784416,-0.00787766446997373,-4.08219066361397,-2.2074488253726603,-0.037694544329897654,-4.154551524273169,0.0459,0.072,-2.208404301227809,-0.031550223610006964,-4.24495501497057,0.0430
1787537241.034076,-2.171253077865044,-0.008315970372090338,-4.066809420953647,-2.2043054353883957,-0.0390111799242929,-4.042568860752678,0.0451,0.024,-2.806871858976115,-0.4771013216246802,0.8192900965734978,0.7898
1787537241.1199636,-2.170065627293899,-0.008971589354379481,-3.9310432658489485,-2.219557547975557,-0.03575534552018647,-3.08162803833254,0.0563,0.849,-2.291730072990761,-0.0006560755197021317,-4.280909533103225,0.1219
1787537241.217274,-2.1693701877349802,-0.009548616102645022,-3.795296059533777,-2.2513745510229013,-0.008503109616621964,-4.170373197793829,0.0820,0.375,-2.458831530173674,-0.00029579028532796334,-4.170373197793828,0.2896
1787537241.3021994,-2.1685826951355303,-0.009798615134356897,-3.6239896818001194,-2.3210764597608486,-0.0015676246112387871,-4.1348157011083995,0.1527,0.511,-2.458831530173674,-0.00029579028532796334,-4.170373197793828,0.2904
1787537241.4585354,-2.1668780859078285,-0.009377908741631344,-3.5036045674526637,-2.3324980450337285,0.002183909417677906,-4.077925860957033,0.1660,0.574,-2.7603066855109044,-0.6498373824010237,2.6976696051336893,0.8731
1787537241.5432272,-2.1661351830589846,-0.009256770562626863,-3.6389587991808887,-2.3302821796501947,-0.00805764759655646,-2.57077976789243,0.1642,1.068,-2.165808641175227,-0.028556166213088877,-3.6665838554149905,0.0193
1787537241.6281817,-2.165660597312703,-0.009649429331405876,-3.6317387141033044,-2.24465683690354,-0.023474674086147587,-3.7767528112994,0.0802,0.145,-2.402926922528773,-0.07165950475477235,-2.0290910661688515,0.2452
1787537241.7145472,-2.1651427522551763,-0.010361136653515946,-3.5824013099043643,-2.302910478928819,-0.038039676325870596,-2.66990279034128,0.1405,0.912,-2.271129851185179,-0.05681724934029726,-2.767289948298671,0.1157
1787537241.79567,-2.1647289823324676,-0.011228955054764584,-3.365953382973121,-2.289688881775478,-0.05299686015195882,-2.8274163013521756,0.1318,0.539,-2.115904314923166,-0.03109055729499549,-3.535406922450013,0.0527
1787537241.9588623,-2.1635551417527954,-0.012256255891156819,-3.3022599394146828,-2.2233576256405563,-0.03900335124947842,-3.4329844552581927,0.0655,0.131,-2.115904314923166,-0.03109055729499549,-3.535406922450013,0.0512
1787537242.0460196,-2.1628415720836256,-0.012278715788976652,-3.314717869284466,-2.2209165379005977,-0.041146090382933695,-3.0841369613272116,0.0649,0.231,-2.1124533394709886,0.12536308873929677,-4.856528395585134,0.1466
1787537242.133171,-2.162224838725985,-0.012166383114480567,-3.500074238945052,-2.134475822509279,-0.05309745704840618,-2.7681779326888805,0.0495,0.732,-2.158887919838493,-0.06541566652105733,-2.5758291401832114,0.0534
1787537242.2391024,-2.16162691185201,-0.01233038542907774,-3.784597275497327,-2.123609869425885,-0.05587840735370982,-2.6707005986603947,0.0578,1.114,-2.7562139551502636,-0.07508913447132237,-2.6707005986603947,0.5979
1787537242.3219416,-2.160962359571594,-0.012904373845156688,-4.06947252369149,-2.2233563742641147,-0.007864645742721575,-3.8321886418456708,0.0626,0.237,-2.3548258892353724,0.034085686461672315,-4.561912749905095,0.1995
1787537242.4002628,-2.1602741224174307,-0.014202698532405836,-4.025389685397835,-2.223511448759833,-0.005069429000270218,-3.8219438910832473,0.0639,0.203,-2.2602606386930395,-0.0055162630492460625,-4.5889033190428,0.1004
1787537242.4876328,-2.159692772131196,-0.015134353096263709,-3.9923680749837085,-2.2457237491039104,-0.007750703167097037,-4.524889974138168,0.0863,0.533,-2.208571699229277,0.00527804678649138,-4.407742921897103,0.0530
1787537242.5788457,-2.159038125104489,-0.015753662416177185,-3.9011443967412736,-2.230463929878729,-1.350072485765616e-05,-4.324754972164176,0.0731,0.424,-2.605190912201473,0.25951893763325184,-4.324754972164176,0.5242
1787537242.7557976,-2.15756142454376,-0.016020633408153063,-3.896375634008497,-2.220649131127307,0.019934497350434944,-4.439899194018555,0.0726,0.544,-2.276268214823992,-0.0769552993125791,-2.7742965838521805,0.1334
1787537242.8428802,-2.156930226955435,-0.01621995907322325,-4.115965420782023,-2.220926438368592,-0.033246509732869176,-3.6790102191627145,0.0662,0.437,-2.2156718227622076,-0.06705111256440463,-3.1584327066403923,0.0777
1787537242.9305062,-2.156248662174014,-0.016743676591257303,-4.349772610800513,-2.216329252499626,-0.05797812227463062,-3.2846181106992973,0.0729,1.065,-2.1643671287424007,-0.06095990381543747,-3.2818828379428076,0.0450
1787537243.018226,-2.155696508536354,-0.017625271802029496,-4.517865073949244,-2.2005697921332534,-0.061707478853621996,-3.259889233648554,0.0629,1.258,-2.1143552343265726,0.27641602665438025,-7.015001187851053,0.2969
1787537243.135586,-2.155567160420639,-0.018080918430348605,-4.686325582030265,-2.1981944266557227,-0.06550003717841787,-4.080814207888523,0.0638,0.606,-2.177790726412101,-0.0399187030268111,-4.4349523316925,0.0312
1787537243.2350612,-2.1553627256836814,-0.018281141342424163,-4.760386343066252,-2.188258783538538,-0.04903882328807006,-4.272611820588103,0.0450,0.488,-2.177790726412101,-0.0399187030268111,-4.4349523316925,0.0312
1787537243.3229563,-2.1550136365147514,-0.0180037763233202,-4.826336880292163,-2.184347438595651,-0.051481298547101005,-4.305051901432537,0.0445,0.521,-2.237382358546554,-0.052461133882243875,-4.213254407952048,0.0893
1787537243.4097784,-2.1547134065196984,-0.017537880615530105,-5.031089531268469,-2.2158687064701126,-0.048974706878223195,-4.295561962989484,0.0688,0.736,-2.237382358546554,-0.052461133882243875,-4.213254407952048,0.0897
1787537243.5538282,-2.1531276350022135,-0.01759895296397543,-5.777796047533705,-2.215534807828253,-0.048722447145095125,-4.322906029758618,0.0697,1.455,-2.237382358546554,-0.052461133882243875,-4.213254407952048,0.0912
1787537243.6411707,-2.1522765170008538,-0.01802927315599336,-6.140384851450659,-2.215551882447965,-0.0488798980929998,-4.3367458290149505,0.0704,1.804,-2.375416636474367,-0.0694718457763958,-4.009764569112051,0.2290
1787537243.7327309,-2.1515042555204236,-0.01868585983466922,-6.367191511802997,-2.273832686202854,-0.01525474393821941,-6.0538574113827535,0.1224,0.313,-2.382996955240878,0.044137844767931915,-7.280680231027857,0.2399
1787537243.8093839,-2.1507973268483185,-0.019152241804048845,-6.430569924151987,-2.274527641530277,-0.014802039208456831,-6.1185751400723305,0.1238,0.312,-2.111798830307871,0.0021841822607087356,-6.4407812132200615,0.0445
1787537243.8905728,-2.149874183549,-0.01909833324339893,-6.431687234151842,-2.209729644816549,-0.020482110156945246,-6.328668790529398,0.0599,0.103,-2.111798830307871,0.0021841822607087356,-6.4407812132200615,0.0436
1787537244.0522182,-2.1478529248219083,-0.018147871537133497,-6.645839395150196,-2.2084119101724635,-0.02011106202369186,-6.428170373306713,0.0606,0.218,-2.111798830307871,0.0021841822607087356,-6.4407812132200615,0.0414
1787537244.1279063,-2.1469588597771545,-0.01774424532608192,-6.668273146994603,-2.209922151003659,-0.02078482452672137,-6.386747569631412,0.0630,0.282,-2.2544240081412728,-0.003590162817686432,-7.014985470649536,0.1084
1787537244.2103872,-2.146032923439594,-0.017632213617827613,-6.7039398192060435,-2.22873413374874,-0.006346794692855741,-6.979255862009938,0.0835,0.275,-2.2044694149116824,-0.0452065181471103,-6.399617836115498,0.0646
1787537244.2940023,-2.145071503109351,-0.017822267060063863,-6.715769425859446,-2.2159508577936204,-0.034129410226414345,-6.595249470546567,0.0727,0.121,-2.2044694149116824,-0.0452065181471103,-6.399617836115498,0.0654
1787537244.3831024,-2.144200238699933,-0.018216300313573044,-6.58160602947864,-2.2158022721582062,-0.034513610412058374,-6.634930651260552,0.0734,0.053,-2.215747451008317,-0.042623960639662554,-7.089202426632523,0.0756
1787537244.474413,-2.143374968906782,-0.01840979556938867,-6.301856787151898,-2.2007943095358566,-0.04469252886656761,-7.020137394135178,0.0631,0.718,-2.215747451008317,-0.042623960639662554,-7.089202426632523,0.0763
1787537244.564809,-2.142308587094087,-0.018036512181778715,-6.313007127959189,-2.2003115634116526,-0.04546236283490103,-7.073922203933965,0.0642,0.761,-2.1053108853740237,-0.05750414531692958,-6.147919280430528,0.0541
1787537244.7546115,-2.1401536236855723,-0.01668043277984098,-6.65863903247047,-2.16457417674768,-0.05538875562850554,-6.195152844292019,0.0458,0.463,-2.188289822588713,-0.015884818165125915,-6.111093555294408,0.0481
1787537244.8408313,-2.13917268702028,-0.016367913699865844,-6.672322372628532,-2.170053593863974,-0.05322999868199437,-5.798621816372652,0.0481,0.874,-2.188289822588713,-0.015884818165125915,-6.111093555294408,0.0491
1787537244.9494357,-2.1381836132003764,-0.01636968115941636,-6.7151805070054085,-2.1682367462678216,-0.05424035268561217,-5.789756009654636,0.0483,0.925,-2.1147906108630288,-0.056814739466976245,-6.627599029446297,0.0467
1787537245.0506628,-2.137272565094644,-0.0166905306168679,-6.596567571754608,-2.145171824990771,-0.056341336131642064,-6.813022822805526,0.0404,0.216,-2.2565236972504277,0.0016639974345874977,-7.134930221440199,0.1207
1787537245.1420636,-2.136386854178617,-0.016759287727628937,-6.323037857625713,-2.181875338990055,-0.018375808578712433,-6.884927479791224,0.0455,0.562,-2.192724371839997,-0.0410737071438014,-6.649366699199453,0.0614
1787537245.228432,-2.1353115294306977,-0.01624953534711847,-6.3388048730264615,-2.188974904655103,-0.035215326775568684,-6.735289554173625,0.0569,0.396,-2.180012187408572,-0.036818319667523886,-6.553964541637506,0.0492
1787537245.305727,-2.1342018664360274,-0.015460565555801274,-6.454044299657546,-2.1839150126964424,-0.03643046016470286,-6.557925939580342,0.0540,0.104,-2.1656942679000593,-0.08321048073028983,-5.623914897681225,0.0747
1787537245.3857598,-2.1334073902059805,-0.015105970410107259,-6.477344735588632,-2.1695188527606812,-0.06604354935995227,-5.884185008352976,0.0624,0.593,-2.1656942679000593,-0.08321048073028983,-5.623914897681225,0.0754
1787537245.5582287,-2.131666293522531,-0.015288592705103226,-6.657300909103067,-2.228093747234221,-0.041626496561493795,-6.115302981932698,0.1000,0.542,-2.42667099501079,-0.008603902691003376,-6.675270033308826,0.2951
1787537245.6505988,-2.1308242862377336,-0.015876439790980537,-6.6812221079839365,-2.2321200731975233,-0.04139476358728387,-6.112679781029307,0.1045,0.569,-2.3972571240403884,-0.036059822583474975,-6.0888825561095725,0.2672
1787537245.7494562,-2.1300924019184464,-0.01643913522669285,-6.540414503079435,-2.2839727794329523,-0.031976436866913024,-6.191812886812598,0.1547,0.349,-2.853718848649184,-0.6909439413493923,-0.23606678435711945,0.9892
1787537245.8340557,-2.1295842532435247,-0.01653728411477659,-6.436196141351007,-2.299140699178009,-0.03500476746533389,-5.809968820815309,0.1706,0.626,-2.0676097793838357,-0.05921039057205899,-6.538981591554263,0.0752
1787537245.9158306,-2.128969344902693,-0.016320438419918443,-6.364769347987343,-2.1528241994195527,-0.06103087240925756,-6.406948843834898,0.0507,0.042,-2.2320612440091177,0.0039940508222137275,-7.571382453777228,0.1051
1787537245.992769,-2.1284113792302506,-0.015907540078441366,-6.448218873994889,-2.1786523698928955,-0.02030659350725987,-7.080098251673143,0.0504,0.632,-2.4039883180178654,0.045155221096125034,-7.958378320677269,0.2823
1787537246.081523,-2.1278223589467005,-0.015624422510434778,-6.468164581644499,-2.2310418519839015,0.008266747861431094,-7.3033707403798465,0.1059,0.835,-2.2297928214473846,-0.06813453718183506,-5.660009385098833,0.1147
1787537246.2549033,-2.126540337170048,-0.016130577606174895,-6.5258336301534445,-2.212629675684333,-0.04426368049214674,-6.080702021052734,0.0906,0.445,-2.2297928214473846,-0.06813453718183506,-5.660009385098833,0.1156
1787537246.3316283,-2.1259982001208186,-0.016693006243017224,-6.367061985527299,-2.166775144175959,-0.07066714227846335,-5.4386825178611415,0.0676,0.928,-2.119076468807312,-0.08576325073246822,-5.078536889385303,0.0694
1787537246.41595,-2.125462015280194,-0.017024305005192395,-6.099640158080479,-2.163692452508162,-0.07413234614655695,-5.385045090668017,0.0687,0.715,-2.1139515392846344,-0.06014004320946896,-6.1244690893949905,0.0446
1787537246.5058026,-2.124814532402691,-0.01703180857895464,-5.822983594372645,-2.13721585180331,-0.0664208461615449,-6.023570074055375,0.0509,0.201,-2.4263309733846157,0.668813552235386,-10.689962863665068,0.7492
1787537246.591082,-2.1237802543612965,-0.016195635380045804,-5.853560942269325,-2.1554115769491577,-0.06903713864737508,-5.849177939108356,0.0616,0.004,-2.4263309733846157,0.668813552235386,-10.689962863665068,0.7488
1787537246.6779685,-2.122834347389663,-0.01521855503716982,-6.0567218405918695,-2.1508664884568485,-0.07257643289736428,-5.820811287474074,0.0638,0.236,-2.159669901929625,-0.02991766129342295,-5.974386387905852,0.0397
1787537246.8603635,-2.120965247263822,-0.014401036909818166,-6.1039233692479415,-2.15593658666219,-0.03493276233864616,-5.895269471991602,0.0406,0.209,-2.3790072134942,-0.05317477417219152,-5.150593299025593,0.2609
1787537246.9399197,-2.1200461871283087,-0.014479384318979795,-6.014591592526192,-2.2185263124205314,-0.017605242280671698,-6.492828589934056,0.0985,0.478,-2.2315413666028254,-0.008799074707656309,-6.657117836793017,0.1116
1787537247.0122623,-2.119227837955368,-0.01449393895956314,-5.7631456937791405,-2.2221878858836246,-0.014373036791243226,-6.522680711511367,0.1030,0.760,-2.2315413666028254,-0.008799074707656309,-6.657117836793017,0.1125
1787537247.1525784,-2.1172892989253453,-0.013893604690664599,-5.761577930499801,-2.2256639935976024,-0.011299842653897768,-6.550460339817394,0.1084,0.789,-2.1128305222683768,-0.061670748336136255,-5.4433716788125235,0.0480
1787537247.235631,-2.116225574595886,-0.013214819681628078,-5.824256261585536,-2.1597470234960765,-0.059170125277071044,-5.379398768459091,0.0633,0.445,-2.389135246512312,-0.03487476202968385,-5.379398768459091,0.2738
1787537247.3198347,-2.115263804075036,-0.012433681037286627,-6.0646433408139675,-2.221788419493493,-0.04468126006661961,-5.239904995479882,0.1113,0.825,-2.067708795078383,-0.05972557694410062,-5.493049619763929,0.0671
1787537247.4261909,-2.114342052574055,-0.011932549975044086,-6.087131912013036,-2.126635651804703,-0.058853990698015585,-5.446522765454813,0.0485,0.641,-2.264855021672161,-0.04642295349393693,-5.258780662185858,0.1544
1787537247.5173893,-2.113364318798262,-0.011872839535327456,-6.111257414038978,-2.1795516439183236,-0.04224001279162978,-5.460822317917187,0.0728,0.650,-2.264855021672161,-0.04642295349393693,-5.258780662185858,0.1554
1787537247.6011631,-2.112440120649349,-0.012094725207152294,-6.008506559851606,-2.179323380374684,-0.041819088141624716,-5.420413762019221,0.0732,0.588,-2.069056726293799,-0.055800800730706014,-5.823577013444918,0.0616
1787537247.6913757,-2.1116059956969715,-0.01221293332303644,-5.7491300443990445,-2.1336880228757473,-0.05329937477370192,-5.8648532713151775,0.0466,0.116,-2.174731578144297,-0.04089711326970871,-6.393160935445461,0.0693
1787537247.7883332,-2.110660636889285,-0.011971309228202737,-5.45009502878424,-2.1453222308051734,-0.04903612592245951,-6.201288514156612,0.0507,0.751,-2.1519477284596094,-0.003263199620376289,-6.222133974530614,0.0422
1787537247.959206,-2.1087380486606664,-0.011063460874969412,-5.497368340457138,-2.15008410840071,-0.016849416252518762,-6.054924776544469,0.0417,0.558,-2.1519477284596094,-0.003263199620376289,-6.222133974530614,0.0439
1787537248.0352855,-2.1079009904259505,-0.010951873162003618,-5.6363370418792265,-2.148592230027835,-0.016757116983383606,-4.930170746174117,0.0411,0.706,-2.9481615992584986,0.13154697852398645,-4.930170746174117,0.8523
1787537248.1155705,-2.1070421820591685,-0.011223764193225547,-5.83484330037283,-2.151842210020296,-0.014923092657957273,-4.887462731308848,0.0450,0.947,-2.0560305031451485,-0.047847827243359675,-5.483769258017956,0.0628
1787537248.198976,-2.1062884214534043,-0.011934818555400732,-5.975356396387407,-2.094849747987031,-0.04452986928442395,-5.531160229196006,0.0345,0.444,-2.0560305031451485,-0.047847827243359675,-5.483769258017956,0.0618
1787537248.2777803,-2.1056481597313526,-0.012799375804827396,-5.949290153391602,-2.085321498174813,-0.045095769766394275,-5.501466118444196,0.0382,0.448,-2.1695268342148686,-0.07958287989401494,-4.751535661045817,0.0924
1787537248.4549768,-2.1049035370615115,-0.013535361511640982,-5.831106180482786,-2.133735233792196,-0.06979686029402968,-4.921699282145199,0.0632,0.909,-2.352798478205854,0.025344858695323266,-6.920519291490634,0.2509
1787537248.5355816,-2.1044073238843266,-0.013424470315621367,-5.841674634723972,-2.181276614401078,-0.024987686698014433,-6.1473867292987405,0.0777,0.306,-2.1232286025622598,-0.0715920627158264,-5.355851758579711,0.0611
1787537248.6158693,-2.1040109470335984,-0.013237727228440516,-6.0175458159917925,-2.142936580849025,-0.05779645673092923,-5.540601264915265,0.0592,0.477,-2.215804286551781,-0.21031607929753884,-3.5981300329654515,0.2266
1787537248.705453,-2.103417987216313,-0.013244773966392353,-6.028190603685675,-2.1573549744049814,-0.06589563685179267,-5.106634849563112,0.0754,0.922,-2.215804286551781,-0.21031607929753884,-3.5981300329654515,0.2269
1787537248.7952504,-2.102781320087672,-0.01363120922002652,-6.039740786855744,-2.15745023500583,-0.06836921849287003,-5.058989533139016,0.0774,0.981,-2.215804286551781,-0.21031607929753884,-3.5981300329654515,0.2268
1787537248.8897169,-2.102155208957543,-0.014254082621782854,-5.97776248563997,-2.1567495976908515,-0.06336439288495217,-5.1129042672973455,0.0734,0.865,-2.08762455449368,0.08685710362463268,-7.072252745531231,0.1021
1787537248.9792738,-2.101659431329384,-0.014881325555356612,-5.710898012713511,-2.113790843273966,-0.04388529838497558,-5.836881170860314,0.0314,0.126,-2.087513246646653,-0.10678078103162535,-4.916854142705084,0.0930
1787537249.0717125,-2.1010735320704743,-0.015187141784360035,-5.4027504465338705,-2.1019152862361232,-0.04214255491404223,-5.546731212964684,0.0270,0.144,-2.2426573992400116,-0.049423057521332255,-4.934711189255873,0.1457
1787537249.242871,-2.099013652762053,-0.013766186483444508,-5.625268579017357,-2.1468263340026383,-0.029836312480197812,-5.380813012810032,0.0504,0.244,-2.1873220595048397,-0.16519219675055305,-3.762186804083573,0.1753
1787537249.3188016,-2.09810151064208,-0.013203335083765273,-5.6498949628960276,-2.1529216731716216,-0.035785880538304296,-5.082525517834783,0.0593,0.567,-2.1873220595048397,-0.16519219675055305,-3.762186804083573,0.1762
1787537249.3992662,-2.09715434411605,-0.012935197289714888,-5.683716317123643,-2.104691898761613,-0.04474319450403351,-5.505869521321323,0.0327,0.178,-2.032661917081208,-0.04522606580803243,-5.490552997928269,0.0721
1787537249.4876533,-2.0961714081024128,-0.012959444226147426,-5.685471741535774,-2.1034487752064748,-0.04509880943900083,-5.502097578559726,0.0330,0.183,-2.14459071160518,-0.04136585443854907,-5.350680764012945,0.0561
1787537249.5869102,-2.0952733333776243,-0.013159873380249683,-5.549316846310615,-2.1273802078391295,-0.04290573776431221,-5.30650026508855,0.0438,0.243,-2.1317413689307094,-0.03730408058335807,-5.397277849447778,0.0437
1787537249.6997557,-2.0944157481091534,-0.01313544059202699,-5.262942937878965,-2.129613799764374,-0.03881386076361752,-5.369189103922279,0.0436,0.106,-2.1317413689307094,-0.03730408058335807,-5.397277849447778,0.0445
1787537249.7892208,-2.093216528677065,-0.01226003655705999,-5.2893144341648295,-2.1298151405505403,-0.0386019549055498,-5.356414202810426,0.0451,0.067,-2.025924116354205,-0.043610935425227745,-5.181800817806354,0.0742
1787537249.886332,-2.0920344417244703,-0.011161814914371968,-5.435966467448385,-2.091640862696503,-0.043636840366854446,-5.196503610919336,0.0325,0.239,-2.1925125361683584,-0.018026155747829196,-5.604394799226432,0.1007
1787537249.9958315,-2.0909628208704003,-0.010194777577078849,-5.759072544357112,-2.1361465769533687,-0.028004747894814084,-5.392714543230128,0.0486,0.366,-2.3129052353309545,-0.056572175818977354,-4.2419034210806466,0.2267
1787537250.0973556,-2.0899100979574214,-0.010005560929535263,-5.763637376043112,-2.196003786751552,-0.029585479502072076,-4.845201930512629,0.1079,0.918,-2.1346961688347537,-0.026048702129826306,-5.846015213522635,0.0476
1787537250.200825,-2.088870341831648,-0.010169264707691094,-5.667607387983256,-2.1668745911838543,-0.027336050463092135,-5.8187693950170924,0.0799,0.151,-2.828687841935376,-0.007341593184466799,-5.8187693950170924,0.7398
1787537250.2929876,-2.0879405463633667,-0.010245338621928838,-5.375256287437004,-2.1781401838896772,-0.018844212513353397,-5.877681134818097,0.0906,0.502,-2.828687841935376,-0.007341593184466799,-5.8187693950170924,0.7408
1787537250.37631,-2.086893360429583,-0.009954624010640324,-5.054040049846349,-2.182566202415997,-0.016729727288915315,-5.90693160295138,0.0959,0.853,-2.2247652040272565,-0.014849622043116116,-5.4031223462475255,0.1380
1787537250.4860702,-2.086129253508039,-0.009839040201348785,-4.629837799443244,-2.2010423929595664,-0.01478427458188626,-5.405219760064909,0.1150,0.775,-2.1601215054789327,-0.030301699419704762,-4.982055010496994,0.0768
1787537250.6064558,-2.085539424825398,-0.009865815709900633,-4.536459879313187,-2.1798757855919515,-0.02670293553501627,-5.041572988391081,0.0958,0.505,-2.0489778664795395,0.14829369663765285,-6.471516394243841,0.1623
1787537250.7119331,-2.0848941296337458,-0.010273113118098873,-4.5220165691082554,-2.1281550247006606,-0.016799304868383408,-4.760296404876427,0.0438,0.238,-2.0489778664795395,0.14829369663765285,-6.471516394243841,0.1626
1787537250.8155296,-2.084202396967274,-0.011071187474066789,-4.468546450098843,-2.1304107737678657,-0.01825113684745894,-4.719244159730458,0.0468,0.251,-2.0489778664795395,0.14829369663765285,-6.471516394243841,0.1632
1787537250.9080272,-2.083647145784416,-0.011995043319668205,-4.200928117743954,-2.105017304190389,-0.02066965484599218,-4.61357067227869,0.0231,0.413,-2.0449257964045744,0.0959260034474687,-5.554485889536436,0.1147
1787537250.9976072,-2.0828836435569604,-0.012500158422057654,-4.185455273639377,-2.104626469960337,-0.02056256371312135,-4.5923004155507705,0.0232,0.407,-2.2088195013674525,-0.005089536779401657,-4.41475400076942,0.1262
1787537251.097006,-2.082010991923718,-0.012640477359570879,-4.183162489266078,-2.1391379922206735,-0.007487505568481628,-4.386909447693553,0.0574,0.204,-2.9314005095439786,-0.24331727414888427,-4.386909447693553,0.8802
1787537251.1945431,-2.081171497219813,-0.012544154178756269,-4.317228273690838,-2.136126097512778,-0.025307159869729826,-4.254474435288701,0.0564,0.063,-2.9314005095439786,-0.24331727414888427,-4.386909447693553,0.8810
1787537251.2802563,-2.0804155467230605,-0.012677259798094554,-4.6240373619701405,-2.1360381351367455,-0.02528279503761958,-4.240197279756634,0.0570,0.384,-2.9314005095439786,-0.24331727414888427,-4.386909447693553,0.8817
1787537251.3809779,-2.079527060249371,-0.013172996685014449,-4.615605528297087,-2.136058864598164,-0.025311887583426257,-4.225420554002982,0.0578,0.390,-2.095343284994759,-0.05258844224981482,-4.229856617699651,0.0425
1787537251.4776967,-2.0786136129270614,-0.014002241047376648,-4.544432819059501,-2.105779210751221,-0.04757256036559544,-4.306555603080955,0.0432,0.238,-2.180381106128852,-0.0024916968076410238,-4.942119895258664,0.1024
1787537251.5763605,-2.0778365675449835,-0.0148641972950392,-4.254480095448126,-2.134575967351215,-0.01954567889071681,-4.6906493067793935,0.0569,0.436,-2.2830912492672186,-0.06201623268239397,-3.312450439671205,0.2106
1787537251.6910117,-2.076927588473168,-0.015328600932998706,-4.242327931554036,-2.172693208765786,-0.02985927712406959,-3.975470772695158,0.0969,0.267,-2.121230878812202,-0.0253604526810872,-4.386191151033433,0.0454
1787537251.793179,-2.075901979931041,-0.015361819683208043,-4.264624979844962,-2.149560419976341,-0.02667446894231906,-4.3652689089189165,0.0745,0.101,-2.121230878812202,-0.0253604526810872,-4.386191151033433,0.0464
1787537251.960621,-2.0743229787153314,-0.015328593414298984,-4.643771475781698,-2.15011361511992,-0.026582686529347904,-4.348898214952601,0.0766,0.295,-2.0843277532146147,-0.12496658552576126,-1.8609842363237599,0.1101
1787537252.051298,-2.0736255732319018,-0.01581847194051675,-4.82724224691708,-2.1040925983617083,-0.10082053299395173,-2.1462416965768325,0.0903,2.681,-2.190562498849475,-0.05183435747174794,-4.017704238235463,0.1224
1787537252.1309931,-2.0729782089889226,-0.016589107833445204,-4.883999247544922,-2.1397673580029046,-0.0659789200325888,-3.770919489982631,0.0831,1.113,-2.3352429345103998,0.062154989444128526,-6.708180160163664,0.2738
1787537252.224707,-2.0723790909433424,-0.01723395107891512,-4.8577671275312735,-2.1790714551384363,-0.010710713891216278,-5.418917614244404,0.1069,0.561,-2.3352429345103998,0.062154989444128526,-6.708180160163664,0.2746
1787537252.3165576,-2.0716830733504126,-0.01752839878996237,-4.783615597400502,-2.175632168702676,-0.01200900044030847,-5.413519934358968,0.1041,0.630,-2.364015602419499,0.8900724713907838,-11.211692929404705,0.9535
1787537252.4013188,-2.070878225025469,-0.01744571994767276,-4.7487175233230525,-2.1923294097187735,-0.00730143405221842,-4.945613028561691,0.1219,0.197,-2.1573866955773924,-0.06655320249650787,-3.931365460251235,0.0995
1787537252.5621421,-2.06945834202094,-0.017173164808449545,-5.087153589808037,-2.170178522748175,-0.05527818152955434,-4.1571691358227865,0.1077,0.930,-2.1573866955773924,-0.06655320249650787,-3.931365460251235,0.1008
1787537252.645019,-2.0687454088304738,-0.0174738849926667,-5.342327621847757,-2.170476050358495,-0.055709952612301564,-4.145550657265883,0.1087,1.197,-2.0479097040409155,-0.042055574729599685,-4.84856001770237,0.0322
1787537252.728836,-2.06824307017243,-0.018098972740169823,-5.5218792289191505,-2.103012663002604,-0.042851168518683175,-4.919609634064649,0.0427,0.602,-2.023174227294917,0.25362699145147305,-7.632699484826326,0.2754
1787537252.8178997,-2.068136261333938,-0.018331662935833923,-5.688095894428524,-2.1003618495902345,-0.041841935136729395,-5.08599171555426,0.0399,0.602,-2.0256583021153136,0.17506283901256883,-7.483224995105915,0.1980
1787537252.9183807,-2.068070494921271,-0.018386474164738206,-5.775069620012266,-2.0603841649805665,-0.01943743492713336,-5.624914398272871,0.0078,0.150,-2.752083748596398,-0.033836983994273456,-5.624914398272872,0.6842
1787537253.013554,-2.067760243616146,-0.017975160438766048,-5.885268436024514,-2.06427170929298,-0.024035518007962536,-5.607843363456234,0.0070,0.277,-2.1748940533729093,-0.0022212788076712217,-6.119174305912215,0.1083
1787537253.1008608,-2.067416988578277,-0.017285326492989344,-6.095290141971889,-2.0976080462007323,-0.007336962518869932,-6.049057547993101,0.0318,0.046,-2.1748940533729093,-0.0022212788076712217,-6.119174305912215,0.1085
1787537253.1850333,-2.0671956468876855,-0.01663662911368565,-6.4938603767716945,-2.0965016295260965,-0.00459067104144565,-6.139294680111043,0.0317,0.355,-2.2467518985944417,-0.050150868421714845,-5.317719403281226,0.1827
1787537253.2647717,-2.066397876119408,-0.016550215105524912,-6.5066475642511,-2.143266377858187,-0.027529924941757246,-5.734266270232645,0.0776,0.772,-2.0311286010794407,0.13463400217698682,-8.00830289877832,0.1552
1787537253.3775945,-2.0655635309371285,-0.01677963675971838,-6.509469252364098,-2.072214993263981,-0.01198811981444825,-6.60757650003129,0.0082,0.098,-2.1539023022542305,0.21117508538702684,-9.053384977013295,0.2445
1787537253.4857078,-2.064789567870888,-0.017254762120260763,-6.387521511443017,-2.0780937901304277,-0.009896142212997375,-6.631570016313034,0.0152,0.244,-2.1539023022542305,0.21117508538702684,-9.053384977013295,0.2452
1787537253.6550648,-2.0622682592326087,-0.01731649392102086,-5.998714278695741,-2.074669521057542,-0.007685149296279219,-6.756124600836961,0.0157,0.757,-2.1121954372522054,-0.016196674475453053,-6.787350991903502,0.0499
1787537253.7355623,-2.06092492030804,-0.01691749481324558,-5.903940485648493,-2.081063816466348,-0.027393398398991294,-6.5385561495528775,0.0227,0.635,-2.1121954372522054,-0.016196674475453053,-6.787350991903502,0.0513
1787537253.8268096,-2.0596933092948553,-0.016517820200969383,-5.975082617984377,-2.0612784953644736,-0.054926365917481734,-5.709555717210218,0.0384,0.266,-2.0977484162011684,-0.056635366874239736,-5.313199605362749,0.0553
1787537253.9147098,-2.0586051652003587,-0.016562032746943355,-5.981149341251944,-2.0773295167806323,-0.052836430254110146,-5.4141717389606585,0.0408,0.567,-2.0977484162011684,-0.056635366874239736,-5.313199605362749,0.0560
1787537253.9929414,-2.0574895292159265,-0.017016882032274618,-5.971263519252646,-2.075836504276234,-0.055291660487819555,-5.406206552197528,0.0424,0.565,-2.0241232956115067,-0.04962466004424422,-5.859484736363444,0.0467
1787537254.1626887,-2.0554630247519183,-0.018235652240821944,-5.567317785636305,-2.0410355918941296,-0.05111159028061041,-5.845185430614038,0.0359,0.278,-2.1405521621942403,-0.017058347152858085,-5.975586471844251,0.0851
1787537254.2470481,-2.054464972305008,-0.018477015359410834,-5.558398997697252,-2.074834459410036,-0.03332592860352132,-5.7093817001019875,0.0252,0.151,-2.0390946292285452,-0.07218063192887875,-5.260864005511251,0.0559
1787537254.3298914,-2.0533430239388246,-0.018328683739594797,-5.569475076752773,-2.0623902099983726,-0.05581051815869813,-5.579963179489402,0.0386,0.010,-2.0341827084746003,-0.05726858620419632,-5.308179564897209,0.0434
1787537254.4138927,-2.052253791358454,-0.017972993264384576,-5.710408382690084,-2.0452815455796607,-0.05716238652854531,-5.328419386910285,0.0398,0.382,-2.0341827084746003,-0.05726858620419632,-5.308179564897209,0.0433
1787537254.5007102,-2.051312310770337,-0.01770647566055132,-5.730500856951418,-2.0405392242130564,-0.05981136199650388,-5.3091947997867015,0.0435,0.421,-2.1264052270766243,-0.03013154093450546,-5.340949424552743,0.0761
1787537254.585695,-2.050328778629631,-0.01779336893838158,-5.77145337009361,-2.09898344564794,-0.03814889239341227,-5.236694047216719,0.0527,0.535,-2.103780279034486,-0.0512835060784017,-5.360123161334786,0.0631
1787537254.7492278,-2.048375536629102,-0.018728993185702227,-5.650348710863985,-2.102664948462091,-0.04856948333731465,-5.400999539382585,0.0619,0.249,-2.2823829744045563,0.03212705133329294,-6.940662156452148,0.2395
1787537254.8356168,-2.0474904739522124,-0.019085505929835794,-5.3746331889216155,-2.145996460354554,-0.0059361014179846044,-6.34696569657577,0.0994,0.972,-2.666739571708657,0.22663972071038962,-6.34696569657577,0.6662
1787537254.9184403,-2.0467921963939633,-0.018915678354885803,-5.378239488839957,-2.1463181672553415,0.03446833596943755,-6.5899009787147484,0.1129,1.212,-2.666739571708657,0.22663972071038962,-6.34696569657577,0.6668
1787537254.993282,-2.046000514338174,-0.018411952767750425,-5.434415961040558,-2.1527334528935484,0.043293851721393474,-6.661733087669319,0.1233,1.227,-2.075156079239114,-0.04078390376873239,-5.422313434511932,0.0367
1787537255.0910428,-2.0452712447626573,-0.017768906419826497,-5.625344198575778,-2.0908131537090506,-0.02668158325048694,-5.611582550922174,0.0464,0.014,-2.1420303465869313,-0.06347437266437499,-4.7877987854437265,0.1070
1787537255.1916475,-2.0444893541893583,-0.017368385295460323,-5.645494361803163,-2.109742393310657,-0.05082089232954887,-5.011290112978727,0.0733,0.634,-2.0354967879402732,-0.06687471578168484,-5.176363534618217,0.0503
1787537255.3583622,-2.042845029379288,-0.017668167263519663,-5.5953817024290995,-2.0792379748530183,-0.07119098730842811,-4.988993144946943,0.0647,0.606,-2.0354967879402732,-0.06687471578168484,-5.176363534618217,0.0498
1787537255.4499083,-2.04214337216548,-0.017935179571893504,-5.355013639940703,-2.0957925511768885,-0.051473550392384056,-5.287051428257434,0.0633,0.068,-2.106749341761433,-0.0438607745088387,-5.424171007137318,0.0696
1787537255.562366,-2.041367178999683,-0.017920389738453966,-5.05898282597526,-2.0961518180577006,-0.05301159638850002,-5.270018329123441,0.0651,0.211,-2.1476498871732694,-0.019366679136109132,-5.16973890311258,0.1063
1787537255.6506891,-2.040260196719011,-0.017018619074397216,-5.089871803986657,-2.108558002157338,-0.04984454973426026,-4.9641225503019735,0.0758,0.126,-2.20049129112378,-0.0475587475091442,-4.365363932919557,0.1631
1787537255.7396939,-2.0392441861059645,-0.015948678640771412,-5.303877529395595,-2.1526161500022467,-0.04017101514858466,-4.5546193154350645,0.1159,0.749,-2.014633910661238,-0.040753355048090155,-5.071945659009982,0.0349
1787537255.8433611,-2.0383007644797133,-0.01523282669672774,-5.330974747614562,-2.059530507256685,-0.03894982401101603,-5.094652311898155,0.0318,0.236,-2.036876629137944,-0.05813707133311324,-4.967093759692219,0.0429
1787537255.936319,-2.0373094693424,-0.014894728345045875,-5.363485295618138,-2.05114689447722,-0.049617224659413775,-5.12938632004988,0.0374,0.234,-2.036876629137944,-0.05813707133311324,-4.967093759692219,0.0432
1787537256.021589,-2.0363448270447173,-0.014890475725748132,-5.282145254886716,-2.0429695159561154,-0.06632826641209043,-4.614335963579838,0.0519,0.668,-2.0249939912131145,-0.07980768453613936,-4.301704503674822,0.0659
1787537256.1143281,-2.0354821735108843,-0.014802654805137696,-5.02749603952045,-2.0378400813360855,-0.06934001605973591,-4.5611943717434205,0.0546,0.466,-2.239098131969382,-0.07063923283013063,-3.9273821031383163,0.2111
1787537256.217788,-2.0347744971179864,-0.014477317560041189,-4.904596323793524,-2.1207495910714917,-0.04886431110800256,-4.469523560295443,0.0926,0.435,-2.0142059089438216,-0.01716862584424167,-5.580376440461624,0.0207
1787537256.317293,-2.033958627398098,-0.013748616208985496,-4.830412687731971,-2.061543742211384,-0.027996561498936694,-5.357973874939549,0.0310,0.528,-2.295313549538456,0.0005074642623430364,-5.357973874939549,0.2617
1787537256.4062095,-2.033249446434615,-0.012890935642047054,-4.945072095666547,-2.1151133985653994,-0.007312354953246895,-5.399186278657463,0.0821,0.454,-2.295313549538456,0.0005074642623430364,-5.357973874939549,0.2624
1787537256.5602422,-2.031544364368571,-0.012269277602446161,-4.977557642711846,-2.1190882809440286,-0.0022409749294524557,-5.409948650635886,0.0881,0.432,-2.043153776534338,-0.09973861169294605,-4.065598975892729,0.0882
1787537256.6465847,-2.030674857307242,-0.0123732797221604,-4.917573658254304,-2.0720483179310705,-0.0021902657473390737,-5.067496791252987,0.0426,0.150,-2.043153776534338,-0.09973861169294605,-4.065598975892729,0.0883
1787537256.734598,-2.029924573679899,-0.012522492483357586,-4.679045023137839,-2.073396944610092,-0.006909591604693114,-4.99985549614361,0.0438,0.321,-2.043153776534338,-0.09973861169294605,-4.065598975892729,0.0882
1787537256.8276591,-2.029418321955845,-0.012448019328116958,-4.560853108899006,-2.0859927686035364,-0.05781113285270481,-4.1403159168364585,0.0725,0.421,-2.103495128787337,-0.0685987402715006,-3.9248007208401896,0.0930
1787537256.9117575,-2.028792979038471,-0.011979169533644916,-4.4534339994518755,-2.085998317338599,-0.05806431121371151,-4.1102614832352735,0.0735,0.343,-2.0234498153431186,-0.03244801072268517,-4.907541234300778,0.0212
1787537256.9934344,-2.028191687363569,-0.011290945413578578,-4.466341388608039,-2.061415176236563,-0.03935061886729681,-4.822139869139685,0.0435,0.356,-2.0234498153431186,-0.03244801072268517,-4.907541234300778,0.0217
1787537257.1477785,-2.027098296889315,-0.011480746706614883,-4.53297522721411,-2.060815985132038,-0.03916584661582162,-4.8135626431145635,0.0436,0.281,-2.21715168041587,-0.056726352900327244,-3.2605325611728224,0.1954
1787537257.2360446,-2.0264910638256115,-0.012010520674454569,-4.574188748747721,-2.126970449885829,-0.0368103098281918,-3.731921222038934,0.1035,0.842,-2.21715168041587,-0.056726352900327244,-3.2605325611728224,0.1958
1787537257.3171403,-2.025930992440211,-0.01282301617587118,-4.488469254131886,-2.1289727441187294,-0.03653697327109123,-3.67366380870158,0.1057,0.815,-2.0575661831660153,-0.03279121261449341,-4.4063185936332285,0.0374
1787537257.395406,-2.0254631123049616,-0.013534384691608572,-4.246941421222133,-2.07532677935343,-0.033346629650448156,-4.396600444612866,0.0537,0.150,-2.0575661831660153,-0.03279121261449341,-4.4063185936332285,0.0374
1787537257.5484676,-2.0238316329311345,-0.013618398436738842,-4.256864278389248,-2.074381061171847,-0.032938785163790625,-4.375863917536476,0.0541,0.119,-2.0264669961547597,-0.04863860059163568,-3.786362250633188,0.0351
1787537257.6357183,-2.0229680665346894,-0.013265861254379773,-4.384671979402063,-2.0505922088608872,-0.04722495753419978,-3.767577116518329,0.0438,0.617,-2.071965848950846,-0.05082710955701192,-3.745940920659142,0.0617
1787537257.718963,-2.0222142771961824,-0.012957965938935416,-4.675621801548922,-2.0614792682206877,-0.049217624379385594,-3.7837783511166942,0.0534,0.892,-2.071965848950846,-0.05082710955701192,-3.745940920659142,0.0625
1787537257.7926197,-2.02135829851392,-0.012970661951802628,-4.681958226178572,-2.0599098995043175,-0.050223048715634315,-3.7333125651150416,0.0536,0.949,-1.9826882772343724,-0.04560717095429925,-4.433400771973735,0.0506
1787537257.9541528,-2.019486156330684,-0.014103351883359375,-4.524577103306942,-2.00633802941008,-0.04681897426330603,-4.417870228445484,0.0353,0.107,-1.9826882772343724,-0.04560717095429925,-4.433400771973735,0.0484
1787537258.0385184,-2.0186706004301582,-0.014773079481690498,-4.232503894686927,-1.9978365771283368,-0.04781512181790714,-4.415005571135409,0.0391,0.183,-2.217405158411667,0.04464003314378613,-6.187752477787427,0.2074
1787537258.1269424,-2.0177388568277714,-0.015108953784997258,-4.220638543183289,-2.0630055725179934,-0.005341554558811558,-5.176833742315819,0.0463,0.956,-2.0353958051768717,-0.027253446187059306,-4.563212599111702,0.0214
1787537258.222026,-2.0166736482307703,-0.01504788618892664,-4.247000121118465,-2.042095166039711,-0.022874193120458394,-4.632000704769149,0.0266,0.385,-1.94906039536483,-0.023081875748195396,-3.8982042672407804,0.0681
1787537258.2959218,-2.015649187375231,-0.014740815019872365,-4.425328241204157,-1.9999862782645477,-0.0246156432757663,-3.826142774138005,0.0185,0.599,-1.94906039536483,-0.023081875748195396,-3.8982042672407804,0.0671
1787537258.3738766,-2.014505484593655,-0.014921923669199855,-4.621795137698439,-1.9906731956370072,-0.02270589528460081,-3.7553622356517256,0.0251,0.866,-1.948881132180702,-0.039970085531183336,-4.452495453984368,0.0702
1787537258.5486403,-2.0121579451546414,-0.016405903554849048,-4.922665002140028,-1.96529312893776,-0.038411417607629825,-4.4467093862078775,0.0518,0.476,-1.948881132180702,-0.039970085531183336,-4.452495453984368,0.0675
1787537258.627569,-2.011083126165348,-0.017635381848498295,-4.856309664960162,-2.022670040267176,-0.01487303904791782,-4.981973828516491,0.0119,0.126,-2.0588227314288674,-0.006121346382654343,-5.087794173252068,0.0491
1787537258.7051055,-2.0100730916322647,-0.018714930922098402,-4.6577011947047,-2.021003831031884,-0.012748704314912176,-5.0164090778227965,0.0125,0.359,-2.0588227314288674,-0.006121346382654343,-5.087794173252068,0.0504
1787537258.7759411,-2.0090116368256536,-0.01910919658247138,-4.649191834379333,-2.0194186398340244,-0.010713657175269882,-5.048787404902223,0.0134,0.400,-2.0452682971270764,-0.023129104185465175,-4.629712937967793,0.0365
1787537258.9522626,-2.0068554793537596,-0.018749637508250865,-4.7361815336658575,-2.0333120267613474,-0.01973688249582711,-4.688792713315945,0.0265,0.047,-2.017151678781333,-0.2637421811599466,-2.3187824825165433,0.2452
1787537259.041975,-2.0058923808604736,-0.018599978644296553,-5.005033489571843,-2.0325363382272443,-0.021819381231242097,-4.567192316833104,0.0268,0.438,-2.0359870425905116,-0.03291347440024507,-4.6371366567053816,0.0333
1787537259.13335,-2.005140332300232,-0.01897906764592498,-5.082695648842264,-2.034044519769206,-0.03163213750227398,-4.655124568443513,0.0316,0.428,-2.0118770619381343,-0.015952166016111304,-5.5190054035393095,0.0074
1787537259.2313344,-2.004357922645199,-0.01964125507589317,-5.11810791330788,-2.0214165986266197,-0.020601598781763614,-5.424844695898508,0.0171,0.307,-2.057403582742687,-0.002831031377178694,-5.41174086717702,0.0556
1787537259.3210857,-2.0040173410257265,-0.020002724579168813,-5.176662751335883,-2.0351348429312504,-0.008697522181922612,-5.372011724403958,0.0331,0.195,-1.9774407938263483,0.20754453047884291,-7.370751500308982,0.2291
1787537259.4265642,-2.003647723037159,-0.020152777093277716,-5.202415634218165,-2.0123811130649147,-0.0024323013975975135,-5.4539694516769694,0.0198,0.252,-2.087024599440398,-0.07422974070750764,-4.280652886462602,0.0994
1787537259.5148199,-2.003129986044138,-0.019850283236505815,-5.23439369271013,-2.0439036282417002,-0.05913475226976614,-4.548502528108283,0.0566,0.686,-2.087024599440398,-0.07422974070750764,-4.280652886462602,0.1000
1787537259.5967581,-2.0026506906719215,-0.019298489475640133,-5.418516027843938,-2.0453406838059887,-0.06331215591965698,-4.53599217140844,0.0613,0.883,-2.081427137913797,-0.0058248148433854355,-5.629489521582399,0.0799
1787537259.759111,-2.001551659545843,-0.019019570395489162,-5.736079291128451,-2.059616003791737,-0.022743522894621074,-5.3900140285731615,0.0582,0.346,-2.008655409796756,0.024523472496511826,-5.751808844533971,0.0441
1787537259.8499787,-2.000806712732174,-0.019488390801444058,-5.688877394343074,-2.032996251026655,-0.02209955477142625,-5.301171385214407,0.0323,0.388,-2.003835894842797,-0.08054450973715788,-5.057368695730038,0.0611
1787537259.9499168,-2.000135137891163,-0.020152851958968,-5.511654701156293,-2.0125503624237377,-0.07237315524747939,-5.1623107316853405,0.0537,0.349,-2.003835894842797,-0.08054450973715788,-5.057368695730038,0.0605
1787537260.0606422,-1.999517253874233,-0.02060291482641461,-5.165991076424781,-2.0154866889213885,-0.05295952263925755,-5.3179607958410635,0.0361,0.152,-2.019162874605797,-0.04571352101292984,-5.4473901145141115,0.0319
1787537260.1623006,-1.998498398788639,-0.02024274407746482,-5.179400856521341,-2.013703510893678,-0.05501635613263548,-5.353052679868961,0.0380,0.174,-2.0235453232375655,-0.31528675508257564,-2.8366214395842735,0.2961
1787537260.2424512,-1.9974833525776057,-0.019581282466752038,-5.33492544363139,-2.027627343506197,-0.05976792888532596,-5.209940891232538,0.0502,0.125,-1.978282630296227,-0.06344029416333206,-4.770564246523898,0.0479
1787537260.3321564,-1.9963091391523116,-0.01916679775086253,-5.627835821802857,-1.9966823746774838,-0.06334150797897097,-4.7844547131709785,0.0442,0.843,-2.1911112795325973,0.038152024527338825,-6.732303763269389,0.2031
1787537260.4355,-1.9950950547226896,-0.019039127087820698,-5.941114863604781,-2.05809468690921,-0.00903744371458854,-5.904785225780151,0.0638,0.036,-1.9559466582183878,-0.07352257301120668,-5.055846423867419,0.0671
1787537260.5267017,-1.993849647331692,-0.019327792352884524,-6.207393952265195,-2.0142180530071037,-0.055544591008920736,-5.340408807097922,0.0416,0.867,-1.9675211818621332,0.5261041628153417,-11.270705264341682,0.5461
1787537260.6314204,-1.992726261904714,-0.01973394239184143,-6.301595906115721,-2.034482230411443,-0.047941680588205436,-5.875960842516921,0.0504,0.426,-1.9675211818621332,0.5261041628153417,-11.270705264341682,0.5464
1787537260.723108,-1.9918337908338695,-0.019631021490940655,-6.302389854056364,-2.0558813662530357,-0.020445297042126248,-6.1692191532999,0.0641,0.133,-1.9524830977216667,-0.075284198527127,-5.643593264805124,0.0682
1787537260.8116655,-1.9908135142018726,-0.01913928715769917,-6.323578879033524,-2.011853502519289,-0.05800199018657183,-5.99096209468086,0.0442,0.333,-1.9524830977216667,-0.075284198527127,-5.643593264805124,0.0680
1787537260.9057157,-1.9898240181312243,-0.018440957279949717,-6.474601633272699,-2.0097985115161565,-0.06023562217139893,-6.055378867687019,0.0463,0.419,-2.3705108240742447,0.7745838386898449,-12.648698180784569,0.8797
1787537261.0118484,-1.9892036591558147,-0.017968760584988676,-6.496096721992674,-2.0739619793409707,-0.05983826123300133,-4.568126433820752,0.0945,1.928,-1.943432329750449,-0.0742945309606425,-5.623113441307225,0.0726
1787537261.1218693,-1.9885446736965067,-0.017854706635216128,-6.532025763009758,-2.0211388330790654,-0.08229212480860065,-5.426907703592386,0.0722,1.105,-1.943432329750449,-0.0742945309606425,-5.623113441307225,0.0723
1787537261.235615,-1.9878974354509513,-0.01814008524522773,-6.467493288867519,-2.021907321015244,-0.08117415912742111,-5.468663481984052,0.0716,0.999,-2.0608383392546954,-0.05622935928871409,-5.892565741426845,0.0823
1787537261.3459604,-1.987347519951975,-0.018285074523396866,-6.191838543731845,-2.0479504140663187,-0.05838505551457002,-5.872438116895092,0.0727,0.319,-2.0443049088629386,-0.015395645912954933,-6.537517953902281,0.0570
1787537261.4451067,-1.9866503337142212,-0.01801179048496617,-5.901505802299319,-2.045762678724402,-0.03135977638783404,-6.340748197171382,0.0606,0.439,-2.049693492128666,-0.0339383126402197,-5.812916109039839,0.0650
1787537261.5473979,-1.9860161839924655,-0.017358633304739392,-5.751283713521098,-2.04796245140374,-0.03207579899321374,-5.844492049976305,0.0637,0.093,-2.049693492128666,-0.0339383126402197,-5.812916109039839,0.0658
1787537261.6558847,-1.985361647316078,-0.017072941351781896,-5.770925262300066,-2.0379186038221078,-0.031488117488239556,-5.848730776832323,0.0545,0.078,-2.025637927966798,-0.04920610247656209,-5.666556458552422,0.0515
1787537261.7409034,-1.9846543125976135,-0.017244172111066554,-5.82118734842799,-2.0378382604820717,-0.031008604022166784,-5.861467136614306,0.0549,0.040,-1.847993486748577,0.08175318822714647,-7.143233334944322,0.1688
1787537261.8210719,-1.9839443083971018,-0.017722664123793763,-5.7970716499797845,-1.9508481619119102,-0.01803754365268343,-6.114762939956349,0.0331,0.318,-2.2017141333120755,0.05756934320315502,-7.843936626993065,0.2304
1787537261.913596,-1.9833478968394909,-0.018256449154828394,-5.608816240204879,-2.0231486790552156,0.012549474347003806,-6.843963845552755,0.0503,1.235,-1.9396754712898179,-0.045315484457304704,-5.8695367041084126,0.0514
1787537262.0169766,-1.9827024739788282,-0.01849976987722917,-5.336523326570472,-1.9730557346999715,-0.031115856124954714,-6.048285547058553,0.0159,0.712,-2.63074744170076,-0.3309371082435715,-6.048285547058553,0.7194
1787537262.1035888,-1.9821272313254876,-0.018347847010752295,-5.1466813786924845,-1.991249846740978,-0.015404450191212438,-6.124599017468489,0.0096,0.978,-2.2378132546286458,0.009524008735104054,-6.124599017468487,0.2572
1787537262.2585847,-1.981122547969681,-0.017630394278926164,-5.1994555063540355,-2.059073531670202,-0.015630775600273466,-6.093435251705737,0.0780,0.894,-2.2378132546286458,0.009524008735104054,-6.124599017468487,0.2581
1787537262.3546295,-1.9804248634784276,-0.017717560136403805,-5.203570787471719,-2.062448674717139,-0.01023705651821423,-5.7041870531139836,0.0824,0.501,-2.062170169084502,-0.00992082248860771,-5.7075334034703795,0.0821
1787537262.4436035,-1.9796583800099044,-0.018248282020015966,-5.132109883232002,-2.0660301111315365,-0.00886011976723422,-5.69828846282699,0.0869,0.566,-2.048311069729557,-0.06562135317607772,-4.347146839947393,0.0834
1787537262.5315986,-1.978987444923368,-0.018989365794033118,-4.898010237121253,-2.053901973137404,-0.042456632605723126,-4.854376365568302,0.0785,0.044,-2.18430756694255,0.02343822208161456,-6.257579617339029,0.2097
1787537262.620777,-1.9782604721085706,-0.019110055401185884,-4.884871722140107,-2.090527401400831,-0.004304921575657358,-5.813753541683041,0.1132,0.929,-2.18430756694255,0.02343822208161456,-6.257579617339029,0.2104
1787537262.707755,-1.9774194923966937,-0.018870128355113435,-4.8627739019377,-2.083558379689925,-0.005326038892951378,-5.792892644186015,0.1070,0.930,-1.9853058223699793,-0.21248216268071704,-2.9156052449186602,0.1938
1787537262.7970383,-1.9765176976604284,-0.018327547031123517,-4.915344372484709,-2.0283327792253907,-0.007731516933545804,-4.816570886475784,0.0529,0.099,-2.1963464977753824,0.692312545968976,-9.852477420452827,0.7439
1787537262.891101,-1.9757150735024496,-0.01770953722332556,-5.132360418128368,-2.0396426459226267,-0.0035350679340898335,-4.842016935572537,0.0655,0.290,-1.9474528963369342,-0.05882022613816282,-4.626203884528357,0.0499
1787537262.9904819,-1.974846737985212,-0.017496888308392616,-5.145142823630259,-1.990267183351513,-0.051748667121014356,-4.768832295923917,0.0376,0.376,-1.9162384441552145,-0.08133542151245245,-4.056336234489026,0.0867
1787537263.1586637,-1.9730741144583437,-0.018159294046645673,-4.970933601928915,-1.9690580187158682,-0.06307684851922978,-4.592879075164857,0.0451,0.378,-1.9162384441552145,-0.08133542151245245,-4.056336234489026,0.0850
1787537263.250874,-1.9722904520966353,-0.018475127351750074,-4.673665143161426,-1.9668514441007463,-0.06450217682514993,-4.555151468834963,0.0463,0.119,-2.0347378654240007,-0.0011046515628737464,-5.469768475484911,0.0648
1787537263.3591242,-1.9713778693405408,-0.01845519223381875,-4.672846895162436,-2.010917038830618,-0.017869338746433427,-5.250964054959781,0.0395,0.578,-2.0217274887624748,-0.061563878223359195,-4.30359998291229,0.0663
1787537263.3591242,-1.9713778693405408,-0.01845519223381875,-4.672846895162436,-2.01169402664492,-0.048360417717914175,-4.542670921677619,0.0502,0.130,-2.1171047552158133,-0.05632511655218188,-3.8293788750735924,0.1506
1787537263.561227,-1.969485651866304,-0.017594716541400754,-5.001362966512993,-2.0497330822483906,-0.045996214683885185,-4.080288502964234,0.0851,0.921,-2.2927139920555875,0.336071460079183,-6.620316517163912,0.4791
1787537263.561227,-1.969485651866304,-0.017594716541400754,-5.001362966512993,-2.0586172643481055,-0.09112384642808422,-3.239497638352818,0.1155,1.762,-2.048759630712556,-0.09854377945710804,-3.113294511670265,0.1133
1787537263.7635698,-1.9675796328471238,-0.017778485983167423,-4.986909787725287,-2.0613695571978106,-0.09514717601339982,-3.1463048335161576,0.1216,1.841,-2.2878852086335644,0.7934653103517798,-10.632293072646032,0.8722
1787537263.8424459,-1.9667344047879798,-0.018221198450408184,-4.756308904664676,-2.0798426404049457,-0.09580547971174848,-4.398646228988967,0.1372,0.358,-1.977575010630294,-0.03120629974744274,-5.180665095842012,0.0169
1787537263.9217775,-1.9658552128136688,-0.018464895209213784,-4.743311274043652,-2.007442875320013,-0.03942606814569341,-5.068014117289747,0.0466,0.325,-1.9409738515710262,-0.06460325813135029,-4.316836401955961,0.0524
1787537264.027841,-1.9648867364115485,-0.018406819170311443,-4.727943837502122,-1.963180499068983,-0.0588782292247021,-4.391624874880535,0.0405,0.336,-1.9244721421328066,-0.04564915088492266,-4.7760254892088785,0.0487
1787537264.1130438,-1.9638677895695706,-0.018001570816870927,-4.81219734262679,-1.943530636749784,-0.05148003214441134,-4.675183637074262,0.0392,0.137,-1.9244721421328066,-0.04564915088492266,-4.7760254892088785,0.0481
1787537264.1907053,-1.9629722200469226,-0.017639992298834135,-5.08565779845371,-1.934926556724718,-0.05146123565016614,-4.666532091618413,0.0439,0.419,-1.9040666085379825,-0.06603387255918051,-4.445133125923961,0.0762
1787537264.280998,-1.962039763874603,-0.017532623501117502,-5.096070298359484,-1.9157818858426583,-0.06372883615670277,-4.464559755650597,0.0654,0.632,-2.5961573554412842,-0.07677086858276046,-4.464559755650597,0.6369
1787537264.377622,-1.9610622909732947,-0.01777272453030953,-5.096644912935791,-1.9145237778994388,-0.06624398519161909,-4.431430985738508,0.0672,0.665,-1.9407915241487717,-0.05949428825665371,-4.7924218370092895,0.0464
1787537264.4800386,-1.9601399717379238,-0.01826193167879376,-4.972840384568326,-1.9305077712781105,-0.061760860170135136,-4.7551438011145155,0.0526,0.218,-2.031572600258342,-0.027049500162401176,-5.4816641930172105,0.0720
1787537264.661181,-1.9582154865299708,-0.018463487584005463,-4.6748015032406185,-1.977584998506998,-0.03946546255586834,-5.189818522127388,0.0286,0.515,-2.031572600258342,-0.027049500162401176,-5.4816641930172105,0.0739
1787537264.661181,-1.9582154865299708,-0.018463487584005463,-4.6748015032406185,-1.9762694791990056,-0.037181954842207224,-5.227952303354536,0.0260,0.553,-2.2215735496846034,-0.02908704763838027,-4.583692002302718,0.2636
1787537264.859075,-1.956092139917623,-0.01769494716678651,-5.051862759717461,-2.0435466127778583,-0.027624368026491968,-4.591144118346622,0.0880,0.461,-2.2137053348450104,-0.09546654515318495,-2.8322466050140394,0.2691
1787537264.929463,-1.9550907100633483,-0.017748853342498226,-5.055455446516597,-2.09192134356629,-0.039622418451800714,-4.0528582768181325,0.1386,1.003,-2.2137053348450104,-0.09546654515318495,-2.8322466050140394,0.2700
1787537265.0502114,-1.952095943290489,-0.019500127889245187,-4.841747020783971,-2.111865423541362,-0.037499925205088686,-3.9608766700399607,0.1608,0.881,-2.2137053348450104,-0.09546654515318495,-2.8322466050140394,0.2724
1787537265.1512797,-1.950556160480653,-0.020309617613135465,-4.744235384318085,-2.1222948424483166,-0.03640172428613282,-3.914101006424739,0.1725,0.830,-2.2137053348450104,-0.09546654515318495,-2.8322466050140394,0.2737
1787537265.2171247,-1.9496937270429997,-0.020479504459608982,-4.64127958195433,-2.0622026762352244,-0.021572848466978933,-5.7456794610852535,0.1125,1.104,-2.0442871413344155,-0.023208941919058507,-5.685147237022036,0.0946
1787537265.3000011,-1.9487281505468226,-0.02035364948735246,-4.508426641798053,-2.0669608894744265,-0.019026111553145507,-5.811839501946758,0.1182,1.303,-2.020122323148023,-0.0070825108522881335,-5.3819642468757385,0.0726
1787537265.3882248,-1.9477072904610422,-0.019929853762235907,-4.449606585929084,-2.04170144867787,-0.011309764097894397,-5.310867039526731,0.0944,0.861,-2.14272251694163,0.01625610843248954,-6.037441290985606,0.1983
1787537265.5564365,-1.9458820208782694,-0.01926861179222475,-4.749255092633421,-2.079100155161317,0.000495506968882304,-5.718083233810821,0.1347,0.969,-2.6424102046325784,0.07346864896851106,-5.718083233810821,0.7027
1787537265.6407137,-1.9454600036524217,-0.01967807201982862,-4.743422595671304,-2.0245530284113604,-0.0029474647298790915,-5.309907586807112,0.0808,0.566,-1.804488881673881,-0.011906928006161008,-4.898634918777117,0.1412
1787537265.744122,-1.9450514043531766,-0.020350688273698746,-4.653246168164214,-1.9909952142421807,0.0012092448382021658,-5.027125245321576,0.0508,0.374,-1.9038769339597668,-0.07616482518676643,-3.8860818564779427,0.0694
1787537265.843257,-1.9450438513467794,-0.02099922415314478,-4.47009953236475,-1.9382502263852492,-0.06050407758965814,-4.183618847897966,0.0401,0.286,-1.919406572177167,-0.03681168667753852,-4.516470048053807,0.0301
1787537265.917507,-1.944932430651534,-0.0212670057373351,-4.237942305292717,-1.9378934696448147,-0.058649612031825865,-4.330500782491032,0.0380,0.093,-1.919406572177167,-0.03681168667753852,-4.516470048053807,0.0299
1787537266.0401285,-1.9445595535850773,-0.02101344229292442,-3.9431908023491347,-1.9370432876818056,-0.058919842257829015,-4.3117912418276685,0.0386,0.369,-1.919406572177167,-0.03681168667753852,-4.516470048053807,0.0297
1787537266.1152365,-1.9444643522896123,-0.02083607556092812,-3.9460846588053573,-1.9363264650601002,-0.059149840334750965,-4.296292865529467,0.0392,0.350,-2.226474202137278,0.3141256507735951,-6.182469723766608,0.4379
1787537266.2066228,-1.9441424365056132,-0.020948912131700866,-3.952545017882064,-1.9762374795844289,-0.07335209483463141,-3.6939754546977888,0.0615,0.259,-2.2019080776161655,0.027383526435964162,-5.618240977185991,0.2623
1787537266.295165,-1.943808013182606,-0.021406346667070586,-3.9562319011457525,-2.0477242862641365,-0.0068849279766216714,-4.933614813008592,0.1049,0.977,-2.0989024358292205,-0.06316613373075028,-3.04862231603127,0.1606
1787537266.3926961,-1.9435029661754426,-0.0221481908856412,-3.8997440993254706,-2.057923897942662,-0.037616515419137714,-3.467029762212979,0.1155,0.433,-2.1352602790268125,-0.05748221313148746,-3.174165314635169,0.1950
1787537266.492764,-1.9432301702664632,-0.022872365762987592,-3.7924306945919475,-2.078722659921274,-0.046867681941875794,-3.3459460427278724,0.1376,0.446,-1.9468438125105858,-0.04433027472963749,-3.6477582837491074,0.0218
1787537266.58132,-1.9429019022683955,-0.023127496036452692,-3.7863976160732093,-1.98871099138667,-0.04503644875381775,-3.640243648966047,0.0508,0.146,-1.9809047617224198,-0.02693303129751252,-4.13899180713523,0.0382
1787537266.7363126,-1.942241374795956,-0.02355049833215629,-3.774565380861735,-2.0158360004798754,-0.01143742973183208,-4.419603252936346,0.0746,0.645,-2.1278766305775823,0.02428606475723904,-5.1714226205368945,0.1917
1787537266.8599415,-1.9418785493903388,-0.023409023264006103,-3.7785023298795277,-2.0158807970951274,-0.01136855776107,-4.422827208337565,0.0750,0.644,-2.1278766305775823,0.02428606475723904,-5.1714226205368945,0.1920
1787537266.918559,-1.9417322017044547,-0.023292913293755324,-3.781190806053519,-2.015930404529456,-0.011297219082424793,-4.42595404070816,0.0752,0.645,-1.9434733372192468,-0.05656061685179206,-3.2489865262893565,0.0333
1787537266.990861,-1.9416193592563329,-0.02311797113449095,-3.785084924317545,-1.9614555103521734,-0.05180580980368796,-3.323203599401702,0.0349,0.462,-1.8504861256984995,-0.045254565476116136,-3.6976986342410934,0.0938
1787537267.1606553,-1.9414563296445226,-0.022643758960666,-3.7951453870364427,-1.925399732678264,-0.04888177687836293,-3.657143632961196,0.0308,0.138,-1.8568141722114144,-0.04435409477782874,-3.6651355185499446,0.0874
1787537267.2366557,-1.9413967586872853,-0.022354366111987226,-3.8011851599950326,-1.899530583140031,-0.046368165915610236,-3.6461466736946138,0.0483,0.155,-1.8568141722114144,-0.04435409477782874,-3.6651355185499446,0.0874
1787537267.3259115,-1.9414446137661336,-0.022180821643053128,-3.791700562622752,-1.940942847968349,-0.019459775466286248,-4.113698458250263,0.0028,0.322,-1.9977318883181936,-0.0050755163227165605,-4.405935054363395,0.0588
1787537267.4224854,-1.9415393726773258,-0.022101779244842912,-3.7896335344965433,-1.9409716426772927,-0.019384679803492132,-4.117161640421777,0.0028,0.328,-1.949002807631551,-0.04325430106667495,-3.5840211913095716,0.0224
1787537267.5077727,-1.9416612459540543,-0.022082397886385812,-3.7859939535380787,-1.9455225356882297,-0.038077637937687786,-3.658179883125308,0.0165,0.128,-2.0206568829007123,-0.020688309148428646,-3.820731818281447,0.0790
1787537267.586846,-1.9417458550378222,-0.022165564106985707,-3.783874960050247,-1.9843771580651286,-0.026524324571700064,-3.7424217004854157,0.0429,0.041,-2.0206568829007123,-0.020688309148428646,-3.820731818281447,0.0789
1787537267.6690104,-1.9418170123333471,-0.022308255892670596,-3.7804861267543557,-1.9845099343468124,-0.026488894902571863,-3.74131356193017,0.0429,0.039,-1.931389336919337,0.08178285749357123,-5.221457776670617,0.1046
1787537267.7713895,-1.9418756801167298,-0.02249340716241914,-3.776250804936041,-1.9668275075007209,-0.02082983488583978,-4.150206785866281,0.0250,0.374,-1.9032818724028866,-0.06710774468917154,-2.793566248839788,0.0590
1787537267.8770466,-1.9419233506482165,-0.022705684711499276,-3.7714769983019742,-1.9233469705168122,-0.06213704099314966,-2.8697335872182155,0.0436,0.902,-2.3005126152446977,0.86171212126003,-10.734604949049992,0.9543
1787537268.041113,-1.9420415886096822,-0.02302153714421858,-3.764425667163545,-1.974132060326683,-0.06461120857648077,-1.737016147034016,0.0525,2.027,-2.3005126152446977,0.86171212126003,-10.734604949049992,0.9546
1787537268.1275024,-1.9421252155310438,-0.023250587965689667,-3.759201761883514,-1.9742548047372683,-0.06466201010060174,-1.7051979807096966,0.0524,2.054,-2.3005126152446977,0.86171212126003,-10.734604949049992,0.9548
1787537268.1896548,-1.9421416735892463,-0.02332597024286207,-3.757412792712123,-1.9742548047372683,-0.06466201010060174,-1.7051979807096966,0.0523,2.052,-2.1593644412067863,-0.06368584083697,-2.9404302313552475,0.2209
1787537268.3564231,-1.94215259878764,-0.023436180070082736,-3.7546351402457168,-2.0450987839914636,-0.055913550006542835,-3.081910507802406,0.1079,0.673,-1.9217694511183598,-0.07126605549183482,-3.088463736614285,0.0520
1787537268.4408638,-1.942153189143993,-0.023478920631170793,-3.7534843230460435,-1.961352089185627,-0.06778469847120552,-3.1227931083110767,0.0483,0.631,-2.080245977556478,-0.0035175410162135152,-4.314253130464795,0.1395
1787537268.5220058,-1.9421582984278856,-0.0235160929063897,-3.7524039682269885,-1.9950851056527923,-0.037783443798110675,-3.6337103628913314,0.0548,0.119,-2.080245977556478,-0.0035175410162135152,-4.314253130464795,0.1395
1787537268.5982397,-1.9421662237009676,-0.02354923584220043,-3.7513724423843424,-1.9951446430138684,-0.037702545777853785,-3.6428644436985786,0.0548,0.109,-1.8699685595800224,-0.05370532749418517,-3.3114237338514445,0.0782
1787537268.6857092,-1.9421756994227715,-0.023579197510569472,-3.750376995751676,-1.9265406964180611,-0.04994552974068151,-3.432472857718215,0.0307,0.318,-2.0045495888607796,-0.017241091696734823,-3.9771056426109026,0.0627
1787537268.7939448,-1.9421858484224683,-0.023606530225392226,-3.7494040798354225,-1.9589270556667198,-0.029864922259892214,-3.770749815154949,0.0179,0.021,-1.9876063813409797,-0.036725307677695385,-3.763818005052943,0.0473
1787537268.9138286,-1.9421960867720984,-0.023631610361946893,-3.7484561268164835,-1.9739692910583333,-0.036320197008646894,-3.747049808523926,0.0342,0.001,-1.9041254902369908,-0.16681583085309906,-2.1983345400082963,0.1482
1787537269.0113518,-1.942202914812308,-0.023654983779774492,-3.74759118489858,-1.9516740172167497,-0.043123431279772445,-3.492830773661154,0.0216,0.255,-1.9041254902369908,-0.16681583085309906,-2.1983345400082963,0.1481
1787537269.1307142,-1.9422113649945787,-0.02369694339170839,-3.745944348459293,-1.9516428065444658,-0.04313682407905936,-3.492939324261244,0.0216,0.253,-1.9041254902369908,-0.16681583085309906,-2.1983345400082963,0.1481
1787537269.2358313,-1.9422168492055054,-0.0237328751836091,-3.7444052650116206,-1.9516138363736681,-0.04314844056518002,-3.4930376741728484,0.0216,0.251,-1.9041254902369908,-0.16681583085309906,-2.1983345400082963,0.1481
1787537269.3008978,-1.9422191442631556,-0.02374876605087937,-3.743687571254801,-1.9115047506741312,-0.061795721407883836,-3.1726190326057293,0.0489,0.571,-1.8866283294301225,-0.06531687457018025,-3.0800188046637147,0.0694
1787537269.3852038,-1.942221283116992,-0.023763383641042482,-3.7429984086446466,-1.9113685397652909,-0.06185756388959358,-3.1694631975168424,0.0490,0.574,-2.1695146207070803,0.036317669703891345,-5.338317183079593,0.2351
1787537269.5534685,-1.9422252170065049,-0.023789142863768795,-3.741701630868188,-1.961911948992373,-0.029044084385846634,-3.8300616539994468,0.0204,0.088,-1.897413299652053,0.02195547425143025,-4.352019940197481,0.0640
1787537269.6189682,-1.9422270381918498,-0.02380045009192028,-3.7411030180499,-1.9429744736515324,-0.026795813200484835,-3.8204080920821477,0.0031,0.079,-1.897413299652053,0.02195547425143025,-4.352019940197481,0.0640
1787537269.691709,-1.9422287697657137,-0.023810812237158283,-3.7405305375313813,-1.9429460326131527,-0.02677249055239646,-3.8223977870515924,0.0030,0.082,-1.9522425619497816,-0.029335135737251307,-3.8431920753321998,0.0114
1787537269.7799056,-1.9422303997402706,-0.0238203051507103,-3.7399769910965,-1.9478969980047767,-0.0289478773858101,-3.848597306183973,0.0076,0.109,-1.7625724518546775,0.00915473959466097,-4.161099942740975,0.1827
1787537269.8918893,-1.9422319408101276,-0.02382899538877302,-3.739458291406977,-1.9276537238368465,-0.026868718868371694,-3.804026733872519,0.0149,0.065,-1.9684971714860997,-0.017748470376396926,-3.875009132304827,0.0270
1787537269.9978638,-1.9422333892036572,-0.023836947368966716,-3.7389647125597407,-1.9527159036917445,-0.02008349111990234,-3.847090111942558,0.0111,0.108,-2.3607497464072487,-0.7282727988283888,0.39849883738542957,0.8194
1787537270.0898602,-1.9422347367840713,-0.023844222635922816,-3.7384869773259406,-1.9751957828351236,-0.020079183541209404,-3.740547739598727,0.0332,0.002,-1.9841090242552382,-0.037196720744041956,-3.6278766942648555,0.0440
1787537270.1864343,-1.9422359999698524,-0.02385087405469957,-3.7380414070588546,-1.983869363004966,-0.02628461634907555,-3.726957404652456,0.0417,0.011,-1.9885027022001494,-0.020905891989273288,-3.7871395612981766,0.0464
1787537270.3493164,-1.9422382640558333,-0.023862508076438048,-3.7372075269226737,-1.9838921825361688,-0.026272432342693164,-3.7266035969620486,0.0417,0.011,-2.0181004241981957,-0.035533495371187225,-3.452378160091008,0.0768
1787537270.4310465,-1.9422392759193199,-0.02386758100761452,-3.7368283099725486,-2.002240850100534,-0.031902894468784034,-3.506553433800554,0.0605,0.230,-2.018971778713376,-0.028859466139687887,-3.6102687584477997,0.0769
1787537270.5058348,-1.9422402188937855,-0.023872210323933687,-3.736466521383872,-2.010347038809652,-0.03016746425064137,-3.5897352726312706,0.0684,0.147,-2.018971778713376,-0.028859466139687887,-3.6102687584477997,0.0769
1787537270.5875933,-1.9422410861322656,-0.02387643506499806,-3.7361144869091953,-2.0104253170133477,-0.03016463997157297,-3.5882980900606807,0.0685,0.148,-1.9240850815148842,0.3693686490573684,-7.631856103194245,0.3937
1787537270.7513993,-1.942242644775203,-0.023883796292325316,-3.735482612989098,-1.9856117630192707,-0.025250824858360846,-3.909036417894215,0.0434,0.174,-1.9752259915502173,-0.021305106362385074,-3.8097283792105765,0.0331
1787537270.832195,-1.9422433384297502,-0.02388699238712107,-3.735179104031444,-1.979808147213553,-0.021935005469217998,-3.8032551257816896,0.0376,0.068,-1.9415667166479789,-0.03877821781724056,-3.9630522131571975,0.0149
1787537270.9190457,-1.9422439812305163,-0.023889901429296444,-3.734903880285565,-1.9663866116912476,-0.03233232172787515,-4.122506953520583,0.0256,0.388,-1.9415667166479789,-0.03877821781724056,-3.9630522131571975,0.0149
1787537271.0031726,-1.94224458079468,-0.023892541634994834,-3.734637098610991,-1.9663414968198207,-0.032356155374217904,-4.126934867972189,0.0255,0.392,-1.9813851950277876,-0.030495670039887447,-3.5248267376554474,0.0397
1787537271.093085,-1.9422451303598895,-0.023894941553716215,-3.734376956516722,-1.9752244109090136,-0.03003074433723999,-3.538988950697312,0.0335,0.195,-2.1099521638588135,0.021057687154094992,-4.8602674798180585,0.1736
1787537271.1781907,-1.9422456409345885,-0.02389710089604437,-3.7341204593406605,-2.017967446619184,-0.005330692905156968,-4.352749168641852,0.0780,0.619,-2.1099521638588135,0.021057687154094992,-4.8602674798180585,0.1736
1787537271.3476846,-1.9422465397148891,-0.02390080203539717,-3.7336251235431335,-2.018089834415008,-0.005245778599933199,-4.3594682106262965,0.0781,0.626,-1.8967805226679006,-0.0477962840518938,-3.546645860834718,0.0514
1787537271.4163723,-1.9422469365455695,-0.023902371567627635,-3.7333927578006167,-1.9554488168061388,-0.036707378524408835,-3.7879820397334,0.0184,0.055,-1.8967805226679006,-0.0477962840518938,-3.546645860834718,0.0514
1787537271.4872825,-1.942247301052688,-0.0239037739963416,-3.7331514630366516,-1.955276109528836,-0.0368074699082424,-3.785003560680628,0.0183,0.052,-1.920567587164398,0.018000632574131224,-4.2060932143850485,0.0472
1787537271.5737224,-1.9422476361077556,-0.023905025698170834,-3.7329299667026348,-1.9347753906055056,-0.031704837568861055,-3.726478047685918,0.0108,0.006,-1.9463512544964043,-0.06220875428636797,-3.346546004619622,0.0385
1787537271.7349086,-1.942248228648684,-0.02390711510187221,-3.7324874698527424,-1.9407146170515508,-0.055938740167272266,-3.4374497640487784,0.0321,0.295,-1.9463512544964043,-0.06220875428636797,-3.346546004619622,0.0385
1787537271.8584414,-1.9422487298510225,-0.023908731610013438,-3.732064539557958,-1.940668679472182,-0.05602268162145285,-3.431128095172575,0.0322,0.301,-1.9923152073164965,-0.06248187790190348,-2.8911010322913695,0.0632
1787537271.928785,-1.9422489524803273,-0.023909382805613905,-3.7318607246482105,-1.9671409664959552,-0.05425183691716511,-3.1082169935651094,0.0392,0.624,-1.993035138900036,-0.0566401512100208,-3.1376985971234754,0.0604
1787537272.0016463,-1.9422491567530753,-0.023909945574879916,-3.731667703285667,-1.9797195476284022,-0.055009619325553774,-3.1788264235939514,0.0487,0.553,-1.993035138900036,-0.0566401512100208,-3.1376985971234754,0.0604
1787537272.1592188,-1.9422495166427844,-0.023910898700599002,-3.731285345357062,-1.9797902724627545,-0.055015917667231705,-3.174877107342019,0.0488,0.556,-2.5806151669962443,-0.3180210233061138,-3.174877107342019,0.7029
1787537272.2371647,-1.942249676319265,-0.023911312287817173,-3.7311038236764786,-1.98164237770528,-0.05888555447456203,-3.160023544459204,0.0527,0.571,-1.964483920792466,-0.04863126989202208,-3.3222338686930795,0.0332
1787537272.300113,-1.94224982056305,-0.023911705206698573,-3.7309291030362095,-1.9695737979922434,-0.05045883255729558,-3.2901322343903274,0.0381,0.441,-1.964483920792466,-0.04863126989202208,-3.3222338686930795,0.0332
1787537272.3693013,-1.9422499551039525,-0.02391206452973701,-3.7307607058437027,-1.9695571596619919,-0.050444665769849774,-3.289088585342165,0.0381,0.442,-2.5325873775937127,0.6756338032364956,-10.99112194478627,0.9153
1787537272.4651873,-1.9422500763972146,-0.02391240805040914,-3.7305992199089815,-1.9705335052174944,-0.04418771035236401,-4.545583192181492,0.0348,0.815,-1.9407761511036228,-0.02248651323521462,-4.080537865636206,0.0021
1787537272.575563,-1.9422501899411277,-0.023912721576663715,-3.7304441378062685,-1.951648830223936,-0.025178466768639007,-4.033677181099677,0.0095,0.303,-1.9133152197742977,-0.047123369688732764,-3.5759373503788514,0.0371
1787537272.7589912,-1.9422503885694822,-0.023913296080652933,-3.7301546028297157,-1.9302398308220956,-0.03983082787527308,-3.6720466063954205,0.0199,0.058,-1.9395960524142648,-0.05353198249434069,-3.421765045373624,0.0297
1787537272.7589912,-1.9422503885694822,-0.023913296080652933,-3.7301546028297157,-1.934495892113604,-0.047465349510033186,-3.5180073356856054,0.0248,0.212,-1.948886281220287,-0.17935580878248825,-2.0502805831492186,0.1556
1787537272.8711529,-1.9422504759229655,-0.02391356138046129,-3.730026416084715,-1.9384247963775634,-0.05330663192540945,-3.27733052993728,0.0296,0.453,-2.0024111170954972,-0.02043049853882259,-3.801685888408044,0.0603
1787537273.0537813,-1.9422506297429292,-0.023914045730258737,-3.7297753884536715,-1.9673022305596617,-0.026378779211609638,-3.7629407006870275,0.0252,0.033,-1.9900188674742665,-0.0012157343731341657,-4.708192548909911,0.0529
1787537273.1281157,-1.9422506988962618,-0.023914262812519006,-3.7296594843592663,-1.9741285992352942,-0.011220642138928979,-4.4809457145731315,0.0343,0.751,-1.936145945578675,-0.0597244771544232,-3.255851203988769,0.0363
1787537273.2093892,-1.9422507616373053,-0.023914469953608936,-3.7295430458177767,-1.9504423099469925,-0.04353688895160028,-3.4803598996760803,0.0213,0.249,-1.8950806745905306,0.12263870817994534,-5.022211527802235,0.1540
1787537273.309901,-1.942250819178912,-0.023914667431393248,-3.7294451453772797,-1.9436956790719644,-0.043682954538833994,-3.5903920835537093,0.0198,0.139,-2.030455448795133,-0.017760212569217563,-3.948352907636579,0.0884
1787537273.416186,-1.9422508733406807,-0.023914849118793144,-3.7293460559385725,-1.9796616118643624,-0.02604254326829752,-3.7917973578773356,0.0375,0.062,-1.9549563723053576,-0.03433989745708102,-3.7318368464433425,0.0164
1787537273.5012298,-1.9422509206887608,-0.023915024600692142,-3.7292448638029545,-1.9681388237079627,-0.032866242789623294,-3.757387816915871,0.0274,0.028,-1.9549563723053576,-0.03433989745708102,-3.7318368464433425,0.0164
1787537273.6580236,-1.9422510056729185,-0.02391533849659232,-3.7290565833747285,-1.968141259366629,-0.032869454871568476,-3.7575823046245977,0.0274,0.029,-2.116767152938005,-0.06212321769136146,-2.8501380204790716,0.1786
1787537273.7319927,-1.9422510440120127,-0.023915478283370872,-3.7289700644486143,-2.0206790709290097,-0.04041875328090686,-3.2894005583951698,0.0801,0.440,-1.9598928450175508,-0.03720290049609611,-3.694892745389122,0.0221
1787537273.8066676,-1.942251078533936,-0.023915610636281198,-3.7288893418501,-1.9833660312365664,-0.039258677123315606,-3.6448904130803914,0.0439,0.084,-1.9598928450175508,-0.03720290049609611,-3.694892745389122,0.0221
1787537273.8901124,-1.9422511099395903,-0.02391573253380716,-3.72879714025493,-1.983333014403527,-0.039266988301872946,-3.6452579288039497,0.0439,0.084,-1.9279148561564863,-0.048258367954744405,-3.573868014163104,0.0283
1787537274.0616212,-1.9422511649794163,-0.02391595326339215,-3.728633061337598,-1.9495089208606997,-0.04610620314924222,-3.603571530234117,0.0233,0.125,-1.9753761000988992,-0.18990024440813505,-1.893688148469559,0.1693
1787537274.1425657,-1.942251189092226,-0.023916053005296128,-3.7285609324227686,-1.9571732737450103,-0.05244243898785009,-3.2188060150464817,0.0322,0.510,-1.988056454302946,-0.051633210612441714,-3.2973707665816514,0.0535
1787537274.2211282,-1.9422512125422042,-0.023916142323050626,-3.728487432076679,-1.9770378197328144,-0.051251641297699824,-3.3037324173099667,0.0442,0.425,-1.988056454302946,-0.051633210612441714,-3.2973707665816514,0.0535
1787537274.2983756,-1.9422512318421516,-0.023916229330657287,-3.7284095608154075,-1.9770697229794612,-0.05126154789388189,-3.3013559778382677,0.0443,0.427,-2.0168228885347372,-0.00994160268738689,-4.112633396792335,0.0759
1787537274.434886,-1.9422512673722843,-0.023916381886909543,-3.7282663284229103,-1.998519838210887,-0.02263343352041586,-3.938467873930682,0.0563,0.210,-2.0168228885347372,-0.00994160268738689,-4.112633396792335,0.0759
1787537274.5426776,-1.942251298458597,-0.0239165114036286,-3.7281405044344114,-1.998616949731272,-0.022501844726526225,-3.9455870305402865,0.0564,0.217,-2.0168228885347372,-0.00994160268738689,-4.112633396792335,0.0759
1787537274.6058755,-1.9422513115531375,-0.02391656873151573,-3.7280693107480825,-1.998693066278169,-0.02239956695923796,-3.950839075303238,0.0565,0.223,-1.9949213359430493,-0.040027440653581395,-3.569701179973863,0.0551
1787537274.6854715,-1.9422513235485563,-0.02391662331792392,-3.7280126710804713,-1.9976832248162937,-0.03644138514453981,-3.642403442019992,0.0568,0.086,-1.9622130458436404,0.03510398092349149,-4.335462024159943,0.0623
1787537274.7746074,-1.9422513343800816,-0.023916672317158508,-3.727945286137799,-1.9795234419500012,-0.032678300238412554,-3.68381544764261,0.0383,0.044,-1.8889825489035965,-0.06149584374637373,-3.172437830696514,0.0652
1787537274.8708344,-1.9422513443498093,-0.023916718931752644,-3.727892208204166,-1.9516618267551515,-0.058853204787029684,-3.200857554817138,0.0362,0.527,-1.8715300307049763,-0.05892206785370432,-3.200857554817138,0.0789
1787537274.9802568,-1.9422513533566246,-0.023916760371927717,-3.72782850904676,-1.9268733355437624,-0.05995484715523042,-3.2052408038130213,0.0392,0.523,-2.5148155997387045,-0.07446074355483283,-3.2052408038130205,0.5748
1787537275.1509748,-1.9422513705268152,-0.023916832753973473,-3.727727779215239,-1.9326824737780606,-0.06031875502175197,-3.2005980181773306,0.0376,0.527,-2.0113052264475955,-0.01122243955962089,-4.099961666703575,0.0702
1787537275.215003,-1.9422513766292178,-0.02391686645553399,-3.727672469897376,-1.980785445585287,-0.026213084920643885,-3.8911163748763045,0.0386,0.163,-2.0113052264475955,-0.01122243955962089,-4.099961666703575,0.0702
1787537275.342398,-1.9422513888215982,-0.023916921901545703,-3.727572695821859,-1.9808833494794562,-0.026090700039367004,-3.8972736079612638,0.0387,0.170,-1.9761764460666735,-0.052410823118652604,-3.2460951063887746,0.0443
1787537275.4166393,-1.9422513950363485,-0.02391694387442224,-3.7275280921534986,-1.9782701861655523,-0.04810011723330498,-3.320260209015273,0.0434,0.407,-1.9904515457328886,-0.06709593972204651,-2.8417704247924362,0.0647
1787537275.5617657,-1.9422514041545356,-0.023916983844245572,-3.7274378396160475,-1.9806861622159517,-0.0612322045088276,-2.946584527183425,0.0536,0.781,-1.9904515457328886,-0.06709593972204651,-2.8417704247924362,0.0647
1787537275.6390026,-1.9422514084661122,-0.02391700040336983,-3.7274007994158223,-1.98070069031919,-0.06132442251847208,-2.936894606153855,0.0536,0.791,-1.54557881537947,-0.09500098476532175,-1.1147610412167528,0.4030
1787537275.714606,-1.9422514122055723,-0.023917013615302178,-3.7273537266581367,-1.7195545170887567,-0.0919937935138051,-1.3069186923762173,0.2329,2.420,-1.54557881537947,-0.09500098476532175,-1.1147610412167528,0.4030
1787537275.7893429,-1.942251415631483,-0.02391702621715894,-3.7273195634594503,-1.7184359211067826,-0.09221520784943148,-1.2684032882340206,0.2340,2.459,-1.7196978708810524,-0.0841000613487085,-1.772250706489142,0.2305
1787537275.9514868,-1.9422514214073572,-0.023917044198444516,-3.72724412776667,-1.7198362483435925,-0.08630731535779101,-1.7411987487607612,0.2310,1.986,-1.9902286330175782,-0.0004264023749042356,-4.715245179681981,0.0534
1787537276.040791,-1.9422514238381825,-0.023917049678880645,-3.7272029729819787,-1.8374654213445503,-0.03625342471894607,-3.8531648685404094,0.1055,0.126,-1.9902286330175782,-0.0004264023749042356,-4.715245179681981,0.0534
1787537276.1253579,-1.9422514261190302,-0.023917054659895323,-3.7271743121601832,-1.8376388054782464,-0.03609757469827393,-3.8733005907963607,0.1053,0.146,-1.9571180223947862,-0.03568002093725741,-3.4947142036798318,0.0190
1787537276.2411883,-1.9422514299728242,-0.02391705798721627,-3.727109943622162,-1.8945076299433306,-0.029923525451202825,-3.657530423981176,0.0481,0.070,-1.9571180223947862,-0.03568002093725741,-3.4947142036798318,0.0190
1787537276.3551078,-1.942251433110957,-0.023917054558665534,-3.727050821181085,-1.894816226190487,-0.02978724004596143,-3.6754663750138192,0.0478,0.052,-1.8807804765511145,-0.039171440785213486,-3.7553109961982574,0.0633
1787537276.4248238,-1.9422514344590256,-0.02391705168757204,-3.7270278215688393,-1.8862369222804323,-0.037978861374099726,-3.7649050750308124,0.0578,0.038,-1.8807804765511145,-0.039171440785213486,-3.7553109961982574,0.0633
1787537276.4979756,-1.9422514355550036,-0.02391704673262889,-3.7269946726670624,-1.886251682638379,-0.037987571382147,-3.7739349347389424,0.0577,0.047,-1.9985376585082402,-0.0607337358748522,-2.993758197958852,0.0673
1787537276.5902777,-1.9422514365652808,-0.023917042254157934,-3.726972769184176,-1.9416149734028605,-0.04660814685284586,-3.333646729244459,0.0227,0.393,-1.9354070513236292,-0.05865318344992446,-3.243066657053446,0.0354
1787537276.7483914,-1.9422514378055198,-0.023917035185248063,-3.726918691085447,-1.9202166214293486,-0.05805081302141873,-3.2497343256705227,0.0406,0.477,-1.9354070513236292,-0.05865318344992446,-3.243066657053446,0.0354
1787537276.8226202,-1.9422514365082546,-0.023917031339427648,-3.726887209700964,-1.92023314886133,-0.05807579180827453,-3.2487877663565987,0.0406,0.478,-2.173683160652227,0.03162715451677815,-5.2846079899146705,0.2380
1787537276.921404,-1.9422514340512245,-0.023917026380698415,-3.726867213051393,-1.9768388258697538,-0.013215210712475,-4.414550879685912,0.0362,0.688,-2.173683160652227,0.03162715451677815,-5.2846079899146705,0.2380
1787537277.0245516,-1.9422514334572036,-0.023917021140849953,-3.7268368663324583,-1.9863115613200852,-0.017945749859964725,-3.8396182295605863,0.0445,0.113,-1.8720171085040227,-0.03725923349859838,-3.8396182295605863,0.0715
1787537277.1103725,-1.9422514320404247,-0.023917017442629543,-3.7268172183880166,-1.955663413222544,-0.03292586687199148,-3.771862901358233,0.0162,0.045,-1.9455746135580612,-0.03715540269930263,-3.687107136966922,0.0136
1787537277.1996765,-1.942251432606286,-0.02391701615754398,-3.726787552249542,-1.949736710629465,-0.03647065103057405,-3.6939989879004163,0.0146,0.033,-2.04611187190748,-0.03670390109837787,-3.4835736776012163,0.1046
1787537277.2825904,-1.9422514315622448,-0.023917012273873075,-3.7267690675190575,-1.9829584826328825,-0.03800657346724784,-3.4068674920897672,0.0431,0.320,-2.1768801824283908,0.031019458784740057,-5.266674023848817,0.2410
1787537277.4523122,-1.9422514370403545,-0.02391701089086412,-3.7267212093158832,-2.017758901270067,-0.010296676121014817,-4.4741894705779,0.0767,0.747,-2.1274294232375768,0.012633306796711982,-4.689341137823485,0.1888
1787537277.5349064,-1.9422514391941208,-0.023917011781118144,-3.7266976300107064,-2.0597415292015957,-0.0006988388843304234,-4.401400631595205,0.1198,0.675,-2.1274294232375768,0.012633306796711982,-4.689341137823485,0.1888
1787537277.6130977,-1.9422514396600234,-0.023917007348385116,-3.726675084548826,-2.0598705426355743,-0.0006410634203342901,-4.406541732872791,0.1199,0.680,-1.918120002186347,-0.051737856644060096,-3.47744230699406,0.0368
1787537277.7029386,-1.9422514413226513,-0.02391700504181822,-3.7266521103693755,-1.9631968281105237,-0.042790202497336574,-3.5982628014287674,0.0282,0.128,-1.9619351316429716,-0.03861794144112108,-3.6387375137209435,0.0246
1787537277.8537045,-1.9422514471003183,-0.02391700371752648,-3.7266115260959607,-1.9624392080931636,-0.039544462514689016,-3.625411422516284,0.0255,0.101,-1.9619351316429716,-0.03861794144112108,-3.6387375137209435,0.0246
1787537277.928717,-1.9422514492158436,-0.02391699921218037,-3.7265854812162473,-1.9623383789827635,-0.039587715558217024,-3.621595567375792,0.0255,0.105,-1.9343692780909552,-0.0619725562717656,-3.1529751968933923,0.0389
1787537278.0121226,-1.9422514488704725,-0.023916993753249995,-3.7265685007354112,-1.9445498516410875,-0.05723398449624431,-3.216778378707843,0.0334,0.510,-1.9452043158151247,-0.035593423075213494,-3.720423867545939,0.0120
1787537278.0918508,-1.942251448938254,-0.023916989548107326,-3.7265420773141944,-1.9457729774667354,-0.04081109303957396,-3.6361612015173628,0.0173,0.090,-1.9452043158151247,-0.035593423075213494,-3.720423867545939,0.0120
1787537278.1775799,-1.9422514498194539,-0.023916987686099112,-3.7265252135015037,-1.9457352966706571,-0.040788014732373826,-3.6364764813197135,0.0172,0.090,-1.9923616539200883,-0.05772506378709219,-3.1084489294264284,0.0604
1787537278.3540132,-1.9422514497599437,-0.023916975867573163,-3.726484188063594,-1.9563301429086448,-0.048807164526484335,-3.280001331841853,0.0286,0.446,-1.9923616539200883,-0.05772506378709219,-3.1084489294264284,0.0604
1787537278.430577,-1.9422514493606606,-0.023916971133399915,-3.7264588835048,-1.9563570026514783,-0.04883043893204745,-3.2754065616814296,0.0286,0.451,-1.9159854023511447,-0.04825631528548841,-3.535399103853749,0.0358
1787537278.519171,-1.9422514498965808,-0.023916968845241283,-3.726442871167135,-1.930202220957455,-0.048684490893007436,-3.5307640644278875,0.0275,0.196,-2.171939747771722,-0.03480845679924307,-3.530764064427887,0.2299
1787537278.6058173,-1.9422514482828606,-0.023916959747969608,-3.7264192721277465,-1.971621176320034,-0.036764862744487106,-3.589645093879187,0.0321,0.137,-2.171939747771722,-0.03480845679924307,-3.530764064427887,0.2299
1787537278.754143,-1.94225144849188,-0.023916949088404867,-3.7263643069871852,-1.9717192407830442,-0.03671547003447325,-3.590186994093666,0.0321,0.136,-2.171939747771722,-0.03480845679924307,-3.530764064427887,0.2299
1787537278.8091633,-1.9422514464306413,-0.023916940984092142,-3.7263460964891584,-1.9717860753037662,-0.03668162164914908,-3.5905449403748517,0.0322,0.136,-1.9300456193047215,-0.040093944999566145,-3.712826796493526,0.0203
1787537278.9551232,-1.9422514461689462,-0.023916932508324107,-3.726308074656519,-1.9420189876705534,-0.03950729181372139,-3.726405661032649,0.0156,0.000,-1.8876046155483086,-0.06100676641096678,-3.1645105997113645,0.0660
1787537279.0381157,-1.9422514470894137,-0.023916928639006425,-3.7262897784974536,-1.92439695823138,-0.05483937179658657,-3.2562192358918294,0.0357,0.470,-1.937748246406984,0.4194776984967299,-8.057559704860314,0.4434
1787537279.1242704,-1.942251446980041,-0.02391692130242311,-3.726271987154397,-1.9570860236226473,-0.04744751793663611,-3.673482819237558,0.0278,0.053,-2.006409141897746,-0.012456333502014107,-4.037529764346898,0.0652
1787537279.2540667,-1.942251445817865,-0.02391691455561281,-3.72623981877038,-1.9802210669307685,-0.02238388352460026,-3.896995774304396,0.0380,0.171,-2.006409141897746,-0.012456333502014107,-4.037529764346898,0.0652
1787537279.3087854,-1.9422514449982695,-0.023916910508085795,-3.7262181446362566,-1.9803119961219036,-0.02230655664281308,-3.9011956089054927,0.0381,0.175,-2.006409141897746,-0.012456333502014107,-4.037529764346898,0.0652
1787537279.4524505,-1.9422514418967178,-0.023916900233987494,-3.7261836633694854,-1.9881834724206724,-0.02226485476838496,-3.785557108928636,0.0460,0.059,-1.9926952723074354,-0.02241786880911606,-3.7834612845159823,0.0505
1787537279.529909,-1.9422514418816132,-0.023916898192029645,-3.7261704577369543,-1.9882260696001637,-0.022247483766913198,-3.786154842743433,0.0460,0.060,-2.4685614392769093,-0.01631234934196524,-3.7855571089286353,0.5264
1787537279.6209688,-1.9422514430935358,-0.023916889380200954,-3.7261503837296273,-1.9882260696001637,-0.022247483766913198,-3.786154842743433,0.0460,0.060,-1.987873832951649,-0.01750653413247368,-4.203360959636394,0.0461
1787537279.7106996,-1.94225144118882,-0.0239168831213846,-3.72613780139579,-2.0005050894227963,-0.017856271204814256,-4.1984683051818985,0.0586,0.472,-1.987873832951649,-0.01750653413247368,-4.203360959636394,0.0461
1787537279.8199394,-1.942251441503698,-0.023916872725839877,-3.7261052632130363,-2.0005153492420495,-0.017848795374095564,-4.203716794661644,0.0586,0.478,-1.987873832951649,-0.01750653413247368,-4.203360959636394,0.0461
1787537279.9331086,-1.9422514386987222,-0.023916861387888257,-3.7260735460076346,-2.000527801969773,-0.017839944106319044,-4.207844091825862,0.0586,0.482,-1.9744206372411455,-0.03946411273932752,-3.4816558916847966,0.0357
1787537280.0151877,-1.9422514389313499,-0.023916855637629603,-3.7260578405724725,-1.984554735282815,-0.016720904582721904,-3.707825547440759,0.0429,0.018,-1.7711876634289847,0.03525017908082866,-4.381390301427296,0.1810
1787537280.1004074,-1.9422514401578197,-0.0239168497080724,-3.726042935648176,-1.959010920129244,-0.009880258096557688,-3.9250188001691173,0.0219,0.199,-1.7711876634289847,0.03525017908082866,-4.381390301427296,0.1810
