t,gt_x,gt_y,gt_yaw,ekf_x,ekf_y,ekf_yaw,ekf_err,ekf_yaw_err,fix_x,fix_y,fix_yaw,fix_err
1787381073.5407472,-2.4780299923565883,1.3750089202136626e-05,-0.00027605488103767394,,,,,,,,,
1787381073.593199,-2.478031136916332,1.4654975323369796e-05,-0.000293365281390458,,,,,,,,,
1787381073.6974998,-2.4780333350903323,1.6301639983653995e-05,-0.00032396358947906027,,,,,,,,,
1787381073.8347678,-2.478034878713234,1.7047250778533805e-05,-0.000336619642563399,,,,,,,,,
1787381073.9042528,-2.478034332089883,1.6053107804807186e-05,-0.00031582307270292475,,,,,,-1.373177911354735,0.6259316893280705,-158.76520297169094,1.2698
1787381074.0345943,-2.478033202191752,1.4681842932937132e-05,-0.00028661514200003786,-1.373177911354735,0.6259316893280705,-158.76520297169094,1.2698,158.765,-2.0020471349132434,1.0598639274001587,-148.3571561983691,1.1618
1787381074.098685,-2.478033078011339,1.473577880552288e-05,-0.00028713070507465336,-1.4762580177629978,0.6096824846715491,-157.1993556798932,1.1727,157.199,-2.08592945506436,1.1237179580853431,-146.85736912907961,1.1901
1787381074.2389948,-2.4780334084054507,1.616136096734748e-05,-0.0003140478923790266,-1.7741539431159326,0.8092335103642446,-152.34578001564336,1.0725,152.345,-2.048365785158723,1.1518577050620473,-147.18090655722375,1.2294
1787381074.3049095,-2.4780331917027034,1.658881018198316e-05,-0.00032188427094228015,-1.8729745842454832,0.9110902350082037,-150.38184504183536,1.0937,150.382,-2.0804021699583335,1.170430778531281,-146.648355932329,1.2361
1787381074.4259844,-2.4780319437509584,1.6513771211621077e-05,-0.0003192022698030746,-1.9937753127854538,1.0260452171287344,-148.29707370427093,1.1346,148.297,-2.1431593521102155,1.2130226402549926,-145.86609006108029,1.2584
1787381074.4874632,-2.4780309815933372,1.5966318037931375e-05,-0.00030782623374457543,-2.1236461189967377,1.1448127737575422,-146.33751843646596,1.1984,146.337,-2.123398642118419,1.2301929296465839,-146.1213793787178,1.2803
1787381074.6196537,-2.478028746924578,1.401160413731591e-05,-0.0002676731152015868,-2.271093080385145,1.325447794923296,-143.81575625909127,1.3415,143.815,-2.194873719776885,1.3300191833274184,-144.83422194065514,1.3598
1787381074.6834626,-2.4780274807852285,1.2326736293256512e-05,-0.00023402041780479988,-2.371413716195575,1.4480660220837052,-142.2050198880336,1.4520,142.205,-2.2799388437922077,1.3901476690227164,-143.54280824116614,1.4042
1787381074.812767,-2.478025128933458,7.926949894017236e-06,-0.0001466588147970277,-2.4286613073030567,1.5090599287700481,-141.36982068686345,1.5099,141.370,-2.2850106510342694,1.4540834655674455,-143.2522205529171,1.4668
1787381074.8796966,-2.4780242049515238,5.515371905434092e-06,-9.897575188629837e-05,-2.452053520349932,1.5570226191440495,-140.86343733155695,1.5572,140.863,-2.1575406529159498,1.458458532814801,-144.4726184685102,1.4932
1787381075.0076694,-2.4780230192625385,9.95527396541071e-07,-9.894168500911773e-06,-2.4459707022272617,1.6271479333193684,-140.37438166600015,1.6275,140.374,-2.155111078214048,2.3505267766538758,-140.37438166600015,2.3726
1787381075.1324096,-2.4780227027167543,-2.0243426491733235e-06,4.982572442344813e-05,-2.4949442376897983,1.761234661760448,-138.66364881511547,1.7613,138.664,-2.295703795831625,2.4761262624554456,-138.66364881511547,2.4828
1787381075.1970906,-2.478022763019163,-2.906345301799824e-06,6.687506459834441e-05,-2.537578023333331,1.8594827132545144,-137.50016619749007,1.8604,137.500,-2.376356830160928,2.556638631855436,-137.50016619749007,2.5587
1787381075.3224452,-2.4780231264823387,-3.5357105914120323e-06,7.859436546383961e-05,-2.6084426145422217,2.0839116310055443,-135.2427931413318,2.0880,135.243,-2.376356830160928,2.556638631855436,-137.50016619749007,2.5587
1787381075.392869,-2.478023356302563,-3.488340762990014e-06,7.730420500448979e-05,-2.689080529219993,2.2737942509603006,-132.8900391184294,2.2836,132.890,-2.376356830160928,2.556638631855436,-137.50016619749007,2.5587
1787381075.530362,-2.4780237932692373,-3.228360916586768e-06,7.145658698143636e-05,-2.7507030951980322,2.4260029113189865,-131.08627790347632,2.4413,131.086,-2.376356830160928,2.556638631855436,-137.50016619749007,2.5587
1787381075.5978038,-2.478023991101924,-3.0699238441146465e-06,6.80025129381658e-05,-2.7507030951980322,2.4260029113189865,-131.08627790347632,2.4413,131.086,-2.9855867176238826,3.357836480249502,-127.67216491153133,3.3960
1787381075.7239516,-2.4780243431047855,-2.7308526159601975e-06,6.12469657125351e-05,-3.0221797692302235,3.3175521613302332,-127.47728586749986,3.3619,127.477,-2.9855867176238826,3.357836480249502,-127.67216491153133,3.3960
1787381075.788239,-2.478024497326987,-2.5568439069593627e-06,5.7524606517564864e-05,-3.2128096941604505,3.79816766389445,-124.27295422561085,3.8686,124.273,-3.461179746522539,4.108882653198418,-111.770416506294,4.2249
1787381075.9259746,-2.4780247660354098,-2.2111702600034527e-06,5.016906471987563e-05,-3.4868845613427584,4.1349658163651535,-111.27692260014535,4.2563,111.277,-3.451076779918944,4.116878158729585,-111.85883030179671,4.2303
1787381075.9945362,-2.478024882021628,-2.0425876441224414e-06,4.659121023719179e-05,-3.526678170030227,4.219124127125276,-110.20382286408417,4.3475,110.204,-3.4542433723954384,4.110161512105124,-111.82736182818063,4.2245
1787381076.1266756,-2.4780250812645894,-1.719745403209712e-06,3.976332052316647e-05,-3.5521959828979695,4.321934784957911,-109.19885215374808,4.4534,109.199,-3.449664694656592,4.100531022582757,-111.9564365063974,4.2141
1787381076.194291,-2.4780251662883184,-1.5668734054557793e-06,3.653520911981815e-05,-3.5342725262534196,4.319097724709373,-109.48866095285116,4.4464,109.489,-3.457357708602913,4.103020455697769,-111.85125505639193,4.2183
1787381076.3374436,-2.478025310884047,-1.2802192450143295e-06,3.1030816757819905e-05,-3.4950688510639347,4.356127413512514,-109.86396172381359,4.4733,109.864,-3.4588841453498462,4.095992032849096,-111.87545397066056,4.2118
1787381076.4071593,-2.4780253718889362,-1.1470793816343303e-06,2.8239001434031108e-05,-3.4771878194534964,4.344091564413799,-110.2453012608359,4.4575,110.245,-3.459265455517862,4.1095822074947685,-111.82242109285026,4.2251
1787381076.5407782,-2.4780254751171635,-9.009499187164892e-07,2.301656894134499e-05,-3.446465113773524,4.330149362961665,-110.76600436647149,4.4371,110.766,-3.4508074007151297,4.099158809954213,-111.96437177176763,4.2130
1787381076.6088455,-2.4780255186565165,-7.880026673317891e-07,2.0629271589199374e-05,-3.4311751622085493,4.317895473185104,-111.07548742152187,4.4218,111.076,-3.448972816493653,4.104910180102679,-111.98533794460097,4.2182
1787381076.674394,-2.478025557221182,-6.816021622824283e-07,1.838209319302955e-05,-3.417970484045025,4.309746125402675,-111.33183429785629,4.4111,111.332,-3.4530008019896403,4.099868902523599,-111.92141755005956,4.2142
1787381076.8129735,-2.478025622179337,-4.876318466549368e-07,1.4270337663510558e-05,-3.4069632077029812,4.26802354557231,-111.70368161384704,4.3679,111.704,-3.4533623233039523,4.092776824284038,-111.96853975348307,4.2074
1787381076.8817267,-2.478025649156383,-3.9951755921143806e-07,1.2396459185149051e-05,-3.3972978552707507,4.244553549196037,-111.97121562359392,4.3430,111.971,-3.452859915184685,4.099299149977674,-111.9263974761687,4.2136
1787381077.0123515,-2.4780256945194643,-2.3998502171729123e-07,9.54675835936063e-06,-3.393985815179122,4.236096240440724,-112.06524867074535,4.3340,112.065,-3.456961905013919,4.093972044798062,-111.91015798001561,4.2094
1787381077.1363916,-2.4780257300215047,-1.0098959039869597e-07,6.5718464919648956e-06,-3.3941831248756205,4.211546224111578,-112.18954153955738,4.3100,112.190,-3.4540766270687184,4.099372345152177,-111.90295112054173,4.2140
1787381077.2085233,-2.47802574474029,-3.8408888011369274e-08,5.223592419356033e-06,-3.389290353478683,4.210208896851176,-112.33604552853168,4.3077,112.336,-3.4437510052827585,4.108969326788447,-112.04743574232245,4.2209
1787381077.3400457,-2.4780257691929797,7.38136531195548e-08,2.8087913650533423e-06,-3.391104879254624,4.189042809102704,-112.41495588115187,4.2874,112.415,-3.4516152476089177,4.105422375333536,-111.96799469007884,4.2193
1787381077.4064655,-2.478025779441292,1.2410916058831138e-07,1.7235617507174071e-06,-3.3856290391231934,4.183228146043589,-112.50718968878456,4.2806,112.507,-3.440407068460402,4.1075260213502,-112.09331998940172,4.2188
1787381077.475166,-2.478025788355671,1.708263411048837e-07,7.048283380689031e-07,-3.3852986297550265,4.174835942887258,-112.54179909718471,4.2723,112.542,-3.4463916147528413,4.103225277893595,-112.05285065243959,4.2159
1787381077.6164162,-2.478025803378653,2.5460577472401756e-07,-5.87393200181791e-07,-3.388970817856682,4.159299154659545,-112.6008564356905,4.2579,112.601,-3.4347481842670153,4.105164438043922,-112.17483497271179,4.2152
1787381077.682206,-2.4780258096571255,2.917580991539559e-07,-1.3842081361863853e-06,-3.382895398388001,4.154801567988957,-112.66911133859286,4.2522,112.669,-3.4604140124523846,4.095014616946173,-111.89547897024457,4.2112
1787381077.813572,-2.4780258199009517,3.5829230969641225e-07,-2.8631314805331806e-06,-3.3928850501308125,4.141939264801439,-112.6538486311966,4.2418,112.654,-3.453638954677806,4.10608765122384,-111.9602214900188,4.2204
1787381077.879029,-2.4780258240048054,3.8797655310717286e-07,-3.547458402260312e-06,-3.3990748876742605,4.13539081072342,-112.56764713684379,4.2367,112.568,-3.4574702671010265,4.100694376001474,-111.92797311876251,4.2160
1787381078.007714,-2.4780258309165952,4.407866214299291e-07,-4.741937818239432e-06,-3.3997420211550584,4.132236817687842,-112.61751161575405,4.2338,112.618,-3.460041988243593,4.087990231689268,-111.8829858340025,4.2043
1787381078.0768142,-2.478025833906735,4.6424571677444303e-07,-5.279414333945932e-06,-3.4027300179600446,4.125084037628197,-112.54419283369023,4.2275,112.544,-3.4589757890291684,4.094406066767575,-111.88824817627408,4.2103
1787381078.217451,-2.4780258388675684,5.060414540208782e-07,-5.700749808642448e-06,-3.404231583638577,4.118838376563262,-112.57374331125949,4.2217,112.574,-3.459120606546557,4.094458604299864,-111.89237629512658,4.2104
1787381078.282951,-2.4780258408455618,5.246586260597885e-07,-6.14263109984507e-06,-3.409163538575497,4.1147387708443866,-112.5401942409483,4.2188,112.540,-3.459410433584529,4.094565315981871,-111.9044986061489,4.2105
1787381078.4089763,-2.478025844227149,5.575061779515382e-07,-6.932859464114181e-06,-3.40964527828241,4.111808777257367,-112.55430110694408,4.2160,112.554,-3.4572517749436593,4.093698597811303,-111.91535024724554,4.2092
1787381078.5405526,-2.478025846798317,5.855169398710314e-07,-7.622183667400327e-06,-3.410586694370729,4.108924975473986,-112.52964005229549,4.2134,112.530,-3.4537172379922674,4.099167461362581,-111.92880306516848,4.2137
1787381078.608211,-2.478025847740916,5.979325516438652e-07,-7.933702528830608e-06,-3.410149745199271,4.105651155619346,-112.57683461110244,4.2101,112.577,-3.4537493237400576,4.0919698948364065,-111.98612911489401,4.2067
1787381078.7398496,-2.4780258493948506,6.199782389062092e-07,-8.499112174770611e-06,-3.41105264582202,4.103030721814175,-112.56363986546948,4.2078,112.564,-3.4543817068587113,4.099126478623635,-111.93395621526038,4.2138
1787381078.8048363,-2.478025850298058,6.297052906654803e-07,-8.186760226203747e-06,-3.4103097918960272,4.100707431523699,-112.57053177636286,4.2053,112.571,-3.4535192153472005,4.09217742608847,-111.98722084263366,4.2068
1787381078.9354951,-2.478025851586964,6.469882441930287e-07,-8.658081512428815e-06,-3.4145878903053455,4.098420144608033,-112.53118758265131,4.2041,112.531,-3.462230987193395,4.0953864667663025,-111.83082589815812,4.2120
1787381078.9988546,-2.4780258521235132,6.546805909432736e-07,-8.889041225496128e-06,-3.4162293845141796,4.098127322430718,-112.5076929225129,4.2041,112.508,-3.4554717054132777,4.093211882372041,-111.97004018181434,4.2083
1787381079.120922,-2.4780258529940755,6.682301220018588e-07,-9.28450956518479e-06,-3.414623480655776,4.096935086189854,-112.55785540465483,4.2026,112.558,-3.4579778796432206,4.093973106186274,-111.93478280560618,4.2096
1787381079.1873376,-2.478025853193721,6.741398623069173e-07,-9.442724469400702e-06,-3.415343816594065,4.0964887101161676,-112.55945308473655,4.2024,112.559,-3.4544445129313748,4.099442901862707,-111.95020542759744,4.2141
1787381079.3280077,-2.478025853778438,6.847222228053326e-07,-9.771758020272997e-06,-3.4161173649003937,4.097684099245101,-112.53411510593693,4.2037,112.534,-3.454298454289149,4.099386528432546,-111.92110250513214,4.2140
1787381079.3919435,-2.4780258542532394,6.895201453083958e-07,-9.397556547792449e-06,-3.4203574794802525,4.098801005012927,-112.43106817798483,4.2057,112.431,-3.453810449350635,4.092288562613171,-111.98100771192718,4.2070
1787381079.510347,-2.4780258545562077,6.978168572675607e-07,-9.686238253136351e-06,-3.4184127720753703,4.095106798104489,-112.51342987231713,4.2017,112.513,-3.453605566063159,4.092453548524998,-112.0041750106269,4.2071
1787381079.635886,-2.4780258548511833,7.04837091894823e-07,-9.946353177438957e-06,-3.415084898085813,4.0941382518654175,-112.57163350304667,4.2000,112.572,-3.4601343948848773,4.094840945385655,-111.87690055060237,4.2110
1787381079.700307,-2.4780258549901526,7.078819853374577e-07,-1.0043350096296793e-05,-3.419773871022705,4.094995341728888,-112.48388047958996,4.2019,112.484,-3.4581227861634507,4.094029440296164,-111.91893514472369,4.2097
1787381079.840766,-2.4780258550733274,7.13410150473973e-07,-1.0290357765367509e-05,-3.4232842044623415,4.0945855991633815,-112.4284314409609,4.2023,112.428,-3.4569827674501674,4.100164621222675,-111.889418044496,4.2154
1787381079.9079683,-2.4780258552032723,7.15779958664341e-07,-1.037971812561766e-05,-3.426141376288086,4.0961469983821095,-112.37269835595252,4.2044,112.373,-3.460509618998991,4.094687583294851,-111.86222030801252,4.2109
1787381080.0382414,-2.478025855522094,7.201453615567554e-07,-1.0038319098817976e-05,-3.4237502767055967,4.0948944031911845,-112.41597008184021,4.2027,112.416,-3.4582683060264165,4.094086541183001,-111.93006048401875,4.2098
1787381080.1003044,-2.478025855635138,7.220089381708796e-07,-1.0150999309499378e-05,-3.4269911960708224,4.095465403054404,-112.39098679097368,4.2040,112.391,-3.458772431009233,4.101185161655236,-111.8648761003582,4.2168
1787381080.2301328,-2.478025855678019,7.253945724004459e-07,-1.0341664975598897e-05,-3.428689893084497,4.097717444701836,-112.3328035304443,4.2065,112.333,-3.458569892350425,4.101347330833797,-111.88881643751961,4.2169
1787381080.2982259,-2.4780258556381,7.268297991003291e-07,-1.040993735961368e-05,-3.4268920959454707,4.098296157683622,-112.3784042173751,4.2067,112.378,-3.453005094881054,4.106025369596962,-111.95759596505998,4.2202
1787381080.4228997,-2.478025855780721,7.293557713229778e-07,-1.0568369356576478e-05,-3.4275526694771883,4.101827106394174,-112.34815769658248,4.2103,112.348,-3.454735447397907,4.099556734270463,-111.94812372052297,4.2143
1787381080.487155,-2.47802585578073,7.305369284658556e-07,-1.0672144014056738e-05,-3.426694514993525,4.10105549653849,-112.36016849650193,4.2093,112.360,-3.4511823134216604,4.105047861383389,-111.97268332425588,4.2188
1787381080.6193874,-2.4780258558572212,7.32724787535523e-07,-1.0287109190247377e-05,-3.425529639307965,4.103433797914226,-112.36011144360151,4.2114,112.360,-3.4568990681055203,4.100429306452255,-111.92181495099389,4.2157
1787381080.6839547,-2.4780258559287724,7.335893915833577e-07,-1.0342274099583332e-05,-3.4285049650477974,4.103241589999012,-112.3320673049928,4.2119,112.332,-3.4529488656211123,4.098532691333205,-111.96207597426807,4.2129
1787381080.8027618,-2.4780258560428985,7.350923676252932e-07,-1.0490784263861108e-05,-3.4257691889551714,4.101909432046185,-112.35328944913958,4.2100,112.353,-3.4525721446595603,4.098682719756724,-111.96753639037031,4.2129
1787381080.9297147,-2.478025856011729,7.364800289552664e-07,-1.0639884205514888e-05,-3.426372972637175,4.100323158425157,-112.35111525854485,4.2086,112.351,-3.4489191202026586,4.096895071845447,-112.04943363848092,4.2104
1787381080.9942489,-2.478025855850687,7.370731315897087e-07,-1.0708907065853197e-05,-3.423328171827317,4.098612200957683,-112.42404815567424,4.2062,112.424,-3.4489191102921564,4.096895067822607,-112.04897310092848,4.2104
1787381081.1227727,-2.4780258559524593,7.380320280975597e-07,-1.0833188547232871e-05,-3.4238071796125005,4.099350806631829,-112.39502669543425,4.2070,112.395,-3.45247258199807,4.091432759931882,-112.02265093666756,4.2059
1787381081.1902347,-2.4780258561234514,7.385312147962099e-07,-1.0355028158156679e-05,-3.422616180826283,4.0967378081712145,-112.44556360903216,4.2042,112.446,-3.4551115706439384,4.0994065435084925,-111.93465333374247,4.2142
1787381081.3199306,-2.4780258561146904,7.394297146666082e-07,-1.0496150752491048e-05,-3.4281438263621404,4.096988048743329,-112.35436695942916,4.2057,112.354,-3.448919071423426,4.096895052056582,-112.04716753444269,4.2104
1787381081.3886838,-2.4780258560387356,7.398056078478002e-07,-1.0559039509470856e-05,-3.4273678579798124,4.098268487419855,-112.3457937945934,4.2068,112.346,-3.4490120338167105,4.104169937716221,-111.98945748067611,4.2175
1787381081.5211449,-2.478025855970605,7.40334777551353e-07,-1.068072548541755e-05,-3.4284257911036446,4.096860047113001,-112.32925754622121,4.2057,112.329,-3.452472544006658,4.091432744541646,-112.0208863486758,4.2059
1787381081.5847611,-2.4780258560290664,7.406028457226108e-07,-1.0746613825869968e-05,-3.428860280224274,4.09517407989875,-112.35601641803977,4.2041,112.356,-3.449388063910334,4.104023242885042,-111.98249890083802,4.2174
1787381081.7148843,-2.478025855991463,7.412391133250994e-07,-1.0898102158516431e-05,-3.429867547758281,4.09781535163578,-112.30842118590554,4.2069,112.308,-3.4490120103808577,4.104169928241217,-111.98836266235132,4.2175
1787381081.779672,-2.4780258561138355,7.414061441043626e-07,-1.0387960729923502e-05,-3.4305195207814427,4.097500372239331,-112.30133429292397,4.2068,112.301,-3.448919034847935,4.096895037219305,-112.04546836749827,4.2104
1787381081.9100027,-2.478025856117938,7.417896867561568e-07,-1.0517850600037687e-05,-3.4289228179370053,4.096717502076227,-112.34637373588933,4.2056,112.346,-3.4525720343454,4.098682675200659,-111.96238309052704,4.2129
1787381082.0362766,-2.4780258561647996,7.421062975463408e-07,-1.0643851777409735e-05,-3.4298817295685344,4.097151055187191,-112.32089862547696,4.2063,112.321,-3.450555732985932,4.097864613739623,-112.00676553707353,4.2117
1787381082.1074626,-2.478025856121877,7.423140119554089e-07,-1.0706940633985911e-05,-3.4277859521178735,4.096378625803513,-112.36627399757921,4.2050,112.366,-3.4573827768300203,4.099971066637641,-111.86075277475524,4.2153
1787381082.1866167,-2.478025856071923,7.423756428690247e-07,-1.0764877259885036e-05,-3.4301570402149464,4.097581540752423,-112.28971995503761,4.2067,112.290,-3.452948731836559,4.098532637302706,-111.95586383896001,4.2129
1787381082.3250237,-2.4780258560456723,7.425796755623532e-07,-1.088320280242108e-05,-3.432844187038703,4.098118947086749,-112.26143784611392,4.2079,112.261,-3.4529487279280024,4.098532635726524,-111.95568248143994,4.2129
1787381082.3887439,-2.478025856271696,7.436830131594475e-07,-1.0426965857497676e-05,-3.4326868319101065,4.097892034543071,-112.2651232696354,4.2076,112.265,-3.4525720187428552,4.098682668901568,-111.9616543594585,4.2129
1787381082.528428,-2.478025856205936,7.430663921652737e-07,-1.052312248845403e-05,-3.433464900964586,4.098119931875426,-112.25221711033092,4.2080,112.252,-3.450786407468329,4.097657368083372,-111.97928707447467,4.2115
1787381082.5919325,-2.4780258560851443,7.440291514207572e-07,-1.0614101935789627e-05,-3.432421283052298,4.097503759885352,-112.2575944935389,4.2072,112.258,-3.452948721824085,4.098532633261675,-111.95539905707328,4.2129
1787381082.7183573,-2.4780258561983626,7.433218069950764e-07,-1.0701370677736938e-05,-3.4324526664800934,4.097357818263922,-112.25823583766022,4.2070,112.258,-3.4509333837347618,4.097714556006619,-111.99978946046912,4.2116
1787381082.7871685,-2.478025856194035,7.442604720054604e-07,-1.0794088101548354e-05,-3.4347719064169846,4.097910824172926,-112.22520544851925,4.2081,112.225,-3.454965012942963,4.099349253516564,-111.91068870445365,4.2142
1787381082.9160318,-2.478025856068561,7.434861403001782e-07,-1.0880932624266142e-05,-3.435266482102675,4.098134474952764,-112.21552067747204,4.2084,112.216,-3.4549650120591293,4.099349253160502,-111.91064767338057,4.2142
1787381083.0383868,-2.478025856159489,7.438961297404707e-07,-1.0460147530560268e-05,-3.4361025236255314,4.098329641296771,-112.2100286914304,4.2088,112.210,-3.4553664891889624,4.099155940337798,-111.90436891542751,4.2141
1787381083.1038857,-2.478025856167007,7.437324926254905e-07,-1.0513855465155962e-05,-3.4366943888301,4.098430109548027,-112.19216525323462,4.2091,112.192,-3.4529487143192,4.098532630230712,-111.95505055506167,4.2129
1787381083.2337086,-2.478025856205449,7.438350652614765e-07,-1.0613463313098376e-05,-3.4355877998364446,4.098069684566066,-112.21963661191549,4.2085,112.220,-3.4528019975791358,4.098475672142753,-111.93431274158276,4.2128
1787381083.295827,-2.4780258560801647,7.437786574238472e-07,-1.0693643763312119e-05,-3.4334106881389164,4.097726466498136,-112.23291241377571,4.2076,112.233,-3.452801997043127,4.0984756719266,-111.93428786220271,4.2128
1787381083.423459,-2.478025856194093,7.440605318687478e-07,-1.0810199852953646e-05,-3.433725447517197,4.0972411400877515,-112.24712965099604,4.2072,112.247,-3.4487717572438368,4.096837601991788,-112.02327231128805,4.2103
1787381083.4870913,-2.4780258560945727,7.438051368457738e-07,-1.086204925715395e-05,-3.4187484101842833,4.092146122430338,-112.25541189136464,4.1989,112.255,-3.4504092615495243,4.097807303528302,-111.98476989828612,4.2116
1787381083.6106546,-2.4780258561915427,7.440932182314517e-07,-1.0434951044167383e-05,-3.433620074919729,4.097288885568732,-112.24082029792467,4.2072,112.241,-3.4487717556366477,4.096837601340432,-112.02319765922525,4.2103
1787381083.6764398,-2.4780258562255213,7.43996122671859e-07,-1.0494625403756714e-05,-3.4335725768425664,4.0968719339502275,-112.25200614677539,4.2068,112.252,-3.452325476371565,4.091375487891246,-111.99767279689556,4.2058
1787381083.8169193,-2.478025856213753,7.442637429827808e-07,-1.0620621646802148e-05,-3.4349727398163457,4.095990494817361,-112.241260711844,4.2063,112.241,-3.4467580781814684,4.096016387329476,-112.0676491733275,4.2090
1787381083.8807652,-2.4780258560867727,7.439839470802694e-07,-1.0673494999246823e-05,-3.4358181492618427,4.096270893298118,-112.20457509484184,4.2068,112.205,-3.4528019935578818,4.098475670520094,-111.93412603376211,4.2128
1787381084.0131319,-2.4780258560578305,7.441811944287695e-07,-1.0794376916909854e-05,-3.4365384108761834,4.0967560487060455,-112.18984522861332,4.2074,112.190,-3.452801993343839,4.098475670433692,-111.93411609110309,4.2128
1787381084.07852,-2.478025856195253,7.440569306873558e-07,-1.0854386240511457e-05,-3.4375354234987268,4.097481208045679,-112.19330926127184,4.2083,112.193,-3.4525720013136865,4.09868266186232,-111.96084014430953,4.2129
1787381084.2130013,-2.478025856229892,7.4428776082746e-07,-1.0423221188669385e-05,-3.4371836250145016,4.0975077095738,-112.17650919048964,4.2083,112.176,-3.4584985518873324,4.093875898742918,-111.88491477360616,4.2096
1787381084.2769809,-2.478025856186335,7.440807562550411e-07,-1.0476889540989502e-05,-3.4409489519250718,4.095881661006209,-112.12774571256891,4.2075,112.128,-3.4544802187772388,4.092248560542253,-111.97380305084108,4.2071
1787381084.4080477,-2.478025856224453,7.442676058875143e-07,-1.0599137152898666e-05,-3.4406537557082477,4.094554711872739,-112.16964157005305,4.2062,112.170,-3.4584985514628834,4.093875898572075,-111.8848950692057,4.2096
1787381084.4764285,-2.47802585620092,7.440806876885507e-07,-1.0642588812423692e-05,-3.442235906644145,4.094368799370374,-112.13062695871582,4.2064,112.131,-3.455366481806658,4.09915593736325,-111.90402822011575,4.2141
1787381084.604445,-2.4780258561108406,7.442096437897735e-07,-1.0756531248035226e-05,-3.4430754171223303,4.094891188284138,-112.11255788443461,4.2071,112.113,-3.4487717527404977,4.0968376001657125,-112.02306307661587,4.2103
1787381084.7358022,-2.4780258560885366,7.448584864248571e-07,-1.0896262533145733e-05,-3.439522440910097,4.094695301615,-112.17308747677887,4.2061,112.173,-3.454965002879337,4.099349249461702,-111.9102215133711,4.2142
1787381084.8055131,-2.478025856161422,7.443175724649123e-07,-1.0398374822583149e-05,-3.4403849368814488,4.095890598593446,-112.15019888163701,4.2074,112.150,-3.4563424213678244,4.093006181184967,-111.90863975805082,4.2083
1787381084.9329925,-2.478025856172533,7.44989523145936e-07,-1.0548589133676664e-05,-3.4417615931656385,4.094398456284585,-112.12294080603525,4.2063,112.123,-3.4504092579252066,4.097807302061648,-111.98460051356831,4.2116
1787381084.9953785,-2.4780258562261364,7.442718333649319e-07,-1.0558642880142058e-05,-3.4414400182791747,4.095008551278782,-112.13320173179912,4.2068,112.133,-3.448771752282854,4.096837599980337,-112.02304182626769,4.2103
1787381085.127401,-2.4780258562353055,7.43982004763194e-07,-1.0670410448610859e-05,-3.4405007878271254,4.095802159713047,-112.1354015793442,4.2074,112.135,-3.4487717521745838,4.0968375999365065,-112.02303679881206,4.2103
1787381085.1919184,-2.4780258561470347,7.439132865393202e-07,-1.0745303581717463e-05,-3.438879893231878,4.095614558985408,-112.17776437851364,4.2068,112.178,-3.453203934312023,4.098282499553202,-111.92781647235316,4.2127
1787381085.3201687,-2.4780258560803916,7.43955424262183e-07,-1.0868150653807278e-05,-3.438849645319018,4.096225337327033,-112.17493917837938,4.2074,112.175,-3.4489189967506957,4.096895021765272,-112.04369849586455,4.2104
1787381085.3883808,-2.4780258561600337,7.440083270781272e-07,-1.0376846318847548e-05,-3.438367893752131,4.09622158662516,-112.20545726653957,4.2073,112.205,-3.4525719994866066,4.098682661124714,-111.9607548047385,4.2129
1787381085.5199795,-2.4780258562110933,7.439821349956887e-07,-1.0498430124271542e-05,-3.4408724010278147,4.097924228573737,-112.13233346729548,4.2095,112.132,-3.4504092575232077,4.097807301899137,-111.9845817359855,4.2116
1787381085.5845103,-2.478025856128823,7.43827620640873e-07,-1.0534946052020146e-05,-3.440300055801461,4.097707916627075,-112.13726164375964,4.2092,112.137,-3.4504092574944516,4.097807301887512,-111.98458039260457,4.2116
1787381085.7168503,-2.4780258560815716,7.438742629850754e-07,-1.0658679050565061e-05,-3.4409343784656756,4.096613392360864,-112.14767232620574,4.2083,112.148,-3.454965002177192,4.099349249178647,-111.91018890778597,4.2142
1787381085.7855966,-2.478025856200825,7.439235512981168e-07,-1.0737507547701681e-05,-3.442172866442396,4.097458975724983,-112.13158699173037,4.2094,112.132,-3.4505557007706806,4.0978646007011905,-112.00526033113803,4.2117
1787381085.911183,-2.478025856185635,7.438245388402434e-07,-1.084720030407158e-05,-3.441145168495262,4.097295151033523,-112.14983952005379,4.2090,112.150,-3.4505557007515733,4.097864600693602,-112.0052594462649,4.2117
1787381085.974754,-2.4780258561355994,7.437385547897973e-07,-1.088002387638777e-05,-3.4407993937064845,4.097327611786073,-112.15509892759643,4.2089,112.155,-3.45055570071806,4.097864600680121,-112.00525788365864,4.2117
1787381086.1146224,-2.4780258561877417,7.439021672478246e-07,-1.045882166979866e-05,-3.440658903142092,4.097527156590876,-112.15628715795128,4.2091,112.156,-3.450555700703324,4.097864600674142,-112.00525719504915,4.2117
1787381086.1780264,-2.4780258562047885,7.439607988176929e-07,-1.0543380835024448e-05,-3.4404288083613257,4.097542027421453,-112.15982447750466,4.2090,112.160,-3.4489189964311713,4.096895021635604,-112.04368364702864,4.2104
1787381086.303506,-2.478025856132127,7.438449048764934e-07,-1.0655595974628135e-05,-3.4398813973190085,4.09720425584068,-112.17803397467736,4.2086,112.178,-3.4489189964194717,4.096895021630997,-112.04368311133369,4.2104
1787381086.431257,-2.478025856033669,7.439277615546905e-07,-1.0779124756933797e-05,-3.4395506122222885,4.096893851060956,-112.18527021076288,4.2082,112.185,-3.448918996399044,4.096895021622775,-112.04368216568683,4.2104
1787381086.4955385,-2.4780258561309614,7.438742694836748e-07,-1.0817281958553792e-05,-3.439314737000483,4.096766684286876,-112.1896406974562,4.2080,112.190,-3.4489189963900566,4.096895021619123,-112.04368174914158,4.2104
1787381086.6223435,-2.4780258562202526,7.438075177940227e-07,-1.0377332567168404e-05,-3.439403608855034,4.096791328384002,-112.18823512619439,4.2081,112.188,-3.455366480623188,4.099155936886952,-111.90397363563696,4.2141
1787381086.690124,-2.4780258562370974,7.438117482993459e-07,-1.043420245685634e-05,-3.44095699133058,4.097706936133209,-112.13337861659468,4.2093,112.133,-3.448918996367738,4.096895021609728,-112.04368069035394,4.2104
1787381086.8234189,-2.478025856171117,7.439014537131787e-07,-1.0559483485351239e-05,-3.442369988945156,4.0981631279925885,-112.10911874904193,4.2101,112.109,-3.454965001964538,4.099349249092745,-111.91017902046838,4.2142
1787381086.885967,-2.4780258561310933,7.438184035147872e-07,-1.0615569749630984e-05,-3.444048653634348,4.098770562107289,-112.07933849565485,4.2111,112.079,-3.454965001954431,4.099349249088446,-111.91017853821548,4.2142
1787381087.012267,-2.4780258560691326,7.438512042827483e-07,-1.0752494746485904e-05,-3.4453914381962276,4.099231374552692,-112.05610839756037,4.2118,112.056,-3.4549650019501215,4.099349249086447,-111.91017832603255,4.2142
1787381087.0808313,-2.4780258561047632,7.437934036101884e-07,-1.0787120395939519e-05,-3.4456326533468618,4.099314403631316,-112.05195504708603,4.2120,112.052,-3.4549650019459444,4.0993492490847645,-111.91017813110774,4.2142
1787381087.2141113,-2.4780258561283683,7.43957996003099e-07,-1.0364340537087115e-05,-3.446206174263592,4.099454356106255,-112.04237762394679,4.2122,112.042,-3.4549650019386218,4.099349249081764,-111.91017778761118,4.2142
1787381087.2776976,-2.4780258562017505,7.439546610782876e-07,-1.0441257993039823e-05,-3.4470533225055964,4.099471011097157,-112.02922229117956,4.2124,112.029,-3.454965001932497,4.099349249079206,-111.91017749793141,4.2142
1787381087.4094684,-2.478025856223739,7.439246040840948e-07,-1.056255467364365e-05,-3.446983153826402,4.099372679050176,-112.03085087917387,4.2123,112.031,-3.454965001929757,4.099349249078081,-111.91017737062377,4.2142
1787381087.5383234,-2.478025856178464,7.439946022390993e-07,-1.0688206912600584e-05,-3.446905091250166,4.099280459734343,-112.03260111804273,4.2122,112.033,-3.4549650019249034,4.099349249076155,-111.91017714647559,4.2142
1787381087.6052608,-2.478025856133992,7.438727800493665e-07,-1.0724954440866211e-05,-3.4469632695485988,4.099272956615455,-112.03176506737245,4.2122,112.032,-3.4549650019227793,4.099349249075314,-111.91017704800814,4.2142
1787381087.7382674,-2.4780258561215662,7.43825074733703e-07,-1.0839268625138161e-05,-3.4472293947226955,4.099237573217727,-112.02788117753204,4.2123,112.028,-3.4549650019191,4.099349249073765,-111.91017687468408,4.2142
1787381087.8054934,-2.4780258561555693,7.438819397470522e-07,-1.0346797176152684e-05,-3.4471086844039034,4.099198306536909,-112.02998771924509,4.2122,112.030,-3.45496500191741,4.099349249073161,-111.91017679855301,4.2142
1787381087.939106,-2.4780258560763064,7.438890784531823e-07,-1.0468729283185553e-05,-3.4477092653608454,4.099294758491842,-112.02023199586947,4.2124,112.020,-3.4549650019146108,4.0993492490719605,-111.91017666452743,4.2142
1787381087.999053,-2.4780258561052064,7.438815979541333e-07,-1.0531995498064599e-05,-3.4476980187547523,4.099226607033914,-112.02078420719542,4.2124,112.021,-3.4549650019146108,4.0993492490719605,-111.91017666452743,4.2142
1787381088.129096,-2.478025856214628,7.438701407954252e-07,-1.0646460289536523e-05,-3.4464179970222415,4.09903364583662,-112.0417120970988,4.2119,112.042,-3.4549650019109475,4.099349249070578,-111.91017650189659,4.2142
1787381088.1940718,-2.478025856176051,7.43864597926012e-07,-1.0708521622770366e-05,-3.4472812015874057,4.099254067849782,-112.02715413434713,4.2123,112.027,-3.448771751592682,4.09683759969997,-112.02300972747226,4.2103
1787381088.3267536,-2.4780258560661,7.43830073714533e-07,-1.082353799071708e-05,-3.4441376348387034,4.097386029746713,-112.08914913422956,4.2097,112.089,-3.448771751591809,4.096837599699559,-112.02300968553733,4.2103
1787381088.3963432,-2.4780258562142876,7.439047633944838e-07,-1.03316476277449e-05,-3.442337294617434,4.0967148119595755,-112.12067753044447,4.2087,112.121,-3.44877175158944,4.0968375996992075,-112.0230096115329,4.2103
1787381088.5288367,-2.47802585622524,7.439238532576647e-07,-1.0454990287766928e-05,-3.444280278775583,4.097581529402482,-112.0828670626478,4.2100,112.083,-3.454965001905749,4.099349249068767,-111.91017627764323,4.2142
1787381088.5968537,-2.4780258561013953,7.438357878226205e-07,-1.051272891485684e-05,-3.445343097173889,4.098218673023463,-112.06291824699896,4.2108,112.063,-3.448771751587945,4.096837599698291,-112.02300952116735,4.2103
1787381088.7301972,-2.478025856018564,7.438764145912256e-07,-1.0636598322268742e-05,-3.4438623695827757,4.097459753917294,-112.09308509928469,4.2098,112.093,-3.4487717515866363,4.0968375996979605,-112.02300947211614,4.2103
1787381088.7999058,-2.4780258560385513,7.439610958080169e-07,-1.071421226779649e-05,-3.441917199092259,4.096841478401334,-112.12671091976107,4.2087,112.127,-3.4487717515859044,4.096837599697843,-112.0230094503923,4.2103
1787381088.939569,-2.4780258561784145,7.439004992389675e-07,-1.0815355026212397e-05,-3.4419691093321676,4.096773946178695,-112.12627871880852,4.2087,112.126,-3.448771751585468,4.096837599697679,-112.02300943031995,4.2103
1787381089.0115678,-2.4780258561551025,7.438100828517538e-07,-1.086341118527198e-05,-3.4420347650969805,4.096630743509077,-112.12610766809071,4.2085,112.126,-3.44877175158472,4.096837599697336,-112.0230093945938,4.2103
1787381089.083458,-2.47802585624687,7.438480482096891e-07,-1.0377864415633347e-05,-3.441849876697396,4.096543512003844,-112.12947802747475,4.2084,112.129,-3.44877175158402,4.096837599697097,-112.02300936396144,4.2103
1787381089.2142704,-2.4780258561990465,7.439527212161983e-07,-1.0506485809230472e-05,-3.4424645022519993,4.096594692574271,-112.11975488534605,4.2086,112.120,-3.4487717515837764,4.0968375996969995,-112.02300935029353,4.2103
1787381089.2762759,-2.4780258562159982,7.439546683309225e-07,-1.0563298814182239e-05,-3.442240947798927,4.096531192169482,-112.12361743224103,4.2085,112.124,-3.448771751583549,4.0968375996968165,-112.02300933760675,4.2103
1787381089.408033,-2.478025856133918,7.438410707487353e-07,-1.067511357781723e-05,-3.442004850614682,4.0965189346988256,-112.12737365948925,4.2084,112.127,-3.44877175158298,4.096837599696663,-112.02300931485792,4.2103
1787381089.4733825,-2.4780258561186357,7.438288389326978e-07,-1.0737201937957254e-05,-3.4425271662268613,4.096649484353048,-112.11861898978779,4.2087,112.119,-3.448771751582798,4.096837599696604,-112.02300930465404,4.2103
1787381089.6064467,-2.478025856027313,7.439200592540877e-07,-1.0860413800082437e-05,-3.442217755040257,4.096586170735117,-112.12377492178281,4.2085,112.124,-3.448771751582351,4.096837599696474,-112.02300928628976,4.2103
1787381089.6719115,-2.478025856087853,7.43904388074483e-07,-1.0362623325361399e-05,-3.4416037079021757,4.096554554957969,-112.13350508846361,4.2084,112.133,-3.448771751582218,4.096837599696331,-112.02300927802196,4.2103
1787381089.8155835,-2.4780258562389035,7.438893097428604e-07,-1.0488354991991786e-05,-3.4438229149413266,4.097544624196072,-112.07685906268847,4.2098,112.077,-3.4487717515823104,4.096837599696026,-112.02300926307849,4.2103
1787381089.9374952,-2.478025856201416,7.439565866497791e-07,-1.0614506316644905e-05,-3.4440047066223887,4.097336492684661,-112.0912819271384,4.2097,112.091,-3.4487717515818845,4.096837599695995,-112.0230092500113,4.2103
1787381090.003534,-2.4780258561199604,7.438893001227346e-07,-1.0664841181377812e-05,-3.4426956332832166,4.096921074409016,-112.11473415803776,4.2090,112.115,-3.4487717515815213,4.096837599696074,-112.02300924409454,4.2103
1787381090.1312268,-2.4780258561083994,7.438393807350464e-07,-1.0779235552465257e-05,-3.4433542886412156,4.096892660886709,-112.10473232023907,4.2091,112.105,-3.448771751581387,4.09683759969593,-112.02300923333844,4.2103
1787381090.1925206,-2.4780258560732835,7.43774238325405e-07,-1.0819519698086289e-05,-3.443373556396161,4.096804937905009,-112.10492731807724,4.2090,112.105,-3.44877175158129,4.096837599695873,-112.02300922845149,4.2103
1787381090.31788,-2.478025856144098,7.439268600936016e-07,-1.0397727812864512e-05,-3.445624353198576,4.097836126024243,-112.06145728313003,4.2105,112.061,-3.4487717515814666,4.09683759969565,-112.02300921954037,4.2103
1787381090.3819811,-2.4780258561060635,7.439186384845255e-07,-1.0469516393996853e-05,-3.4446692272067776,4.0971420398088725,-112.08313544320264,4.2096,112.083,-3.44877175158112,4.096837599695647,-112.02300921166623,4.2103
1787381090.5072308,-2.4780258561096273,7.438883694866867e-07,-1.05877565882664e-05,-3.444428990129611,4.096963112986865,-112.08783848544444,4.2094,112.088,-3.448771751581003,4.09683759969563,-112.02300920807184,4.2103
1787381090.636067,-2.4780258562687694,7.438952871456508e-07,-1.071083809423958e-05,-3.4441077068945516,4.096762554194071,-112.0939238620943,4.2091,112.094,-3.44877175158083,4.0968375996955615,-112.02300920149581,4.2103
1787381090.7041557,-2.478025856104265,7.438916459006576e-07,-1.0766359272950223e-05,-3.4437199242026684,4.096666129080272,-112.10046668347698,4.2089,112.100,-3.448771751580658,4.096837599695635,-112.02300919848852,4.2103
1787381090.7774098,-2.4780258561373394,7.438874634347334e-07,-1.0828643174467177e-05,-3.4460939270081705,4.097836794208075,-112.05433007500983,4.2106,112.054,-3.4549650018982865,4.099349249065665,-111.91017592176462,4.2142
1787381090.9161959,-2.478025856247707,7.439650685270077e-07,-1.0403996790609899e-05,-3.447643468689933,4.09855532334073,-112.02637264579643,4.2117,112.026,-3.4487717515811203,4.096837599695293,-112.02300919044457,4.2103
1787381090.9817102,-2.478025856183155,7.439641944173038e-07,-1.0462538733398123e-05,-3.4457518950961044,4.097386162414334,-112.06521440683544,4.2101,112.065,-3.448771751581049,4.096837599695302,-112.02300918806282,4.2103
1787381091.1127734,-2.478025856042696,7.439538708968365e-07,-1.058430977570766e-05,-3.4449297692085925,4.0970228728677185,-112.07991420018709,4.2096,112.080,-3.4487717515805056,4.096837599695451,-112.0230091837,4.2103
1787381091.181504,-2.4780258562086677,7.448200700836769e-07,-1.065353540444431e-05,-3.444614841230638,4.096861792459883,-112.08566787850978,4.2093,112.086,-3.4487717515804186,4.096837599695367,-112.02300917980976,4.2103
1787381091.3187768,-2.4780258562122817,7.439961149048244e-07,-1.0741530755644608e-05,-3.4448079095614417,4.096774469842042,-112.08318417558971,4.2093,112.083,-3.448771751580383,4.096837599695371,-112.02300917802694,4.2103
1787381091.3886135,-2.478025856029356,7.448499150036422e-07,-1.08435807072025e-05,-3.444620901310638,4.096683858038033,-112.08657703643094,4.2092,112.087,-3.4549650018976767,4.099349249065568,-111.91017590513945,4.2142
1787381091.5219698,-2.4780258561645354,7.441395154338787e-07,-1.0392799550437377e-05,-3.4462181981992304,4.0975276659925965,-112.05716749123647,4.2104,112.057,-3.4549650018978713,4.099349249065451,-111.91017590205564,4.2142
1787381091.5891628,-2.4780258562144204,7.449824486834467e-07,-1.0460286962492934e-05,-3.4478152853279056,4.098302550523108,-112.02534226374038,4.2115,112.025,-3.4487717515807046,4.096837599695108,-112.0230091705258,4.2103
1787381091.724299,-2.4780258561634896,7.440432279417933e-07,-1.0545245564765025e-05,-3.446236308417362,4.097311029425341,-112.05827213872601,4.2102,112.058,-3.448771751580421,4.096837599695186,-112.02300916928313,4.2103
1787381091.7862523,-2.478025856117963,7.449452388242294e-07,-1.0657575521458357e-05,-3.445631522717303,4.097007883460792,-112.0692749319332,4.2097,112.069,-3.4487717515802725,4.096837599695215,-112.02300916701375,4.2103
1787381091.9109066,-2.4780258560286486,7.441691051313245e-07,-1.0751753535081176e-05,-3.4451332208834127,4.096756505503628,-112.07836872672176,4.2094,112.078,-3.448771751580178,4.096837599695229,-112.02300916598456,4.2103
1787381091.976378,-2.478025856046665,7.449878876397524e-07,-1.0816063082236752e-05,-3.4470398947802217,4.097808685201216,-112.0400822811742,4.2108,112.040,-3.4487717515804452,4.096837599695104,-112.02300916411512,4.2103
1787381092.106006,-2.4780258561186175,7.441019651417116e-07,-1.0350192389136368e-05,-3.446544479642244,4.097429678690822,-112.05279156635159,4.2103,112.053,-3.4549650018976963,4.099349249065347,-111.91017589207023,4.2142
1787381092.2282557,-2.4780258562039976,7.443779144853551e-07,-1.0485785944734951e-05,-3.44730017274882,4.097723623569539,-112.03953143291409,4.2108,112.040,-3.4487717515803986,4.096837599695082,-112.02300916177161,4.2103
1787381092.2934036,-2.478025856142957,7.441686026953139e-07,-1.0537493654674263e-05,-3.4465559964007544,4.097300051760772,-112.05349734070323,4.2102,112.053,-3.448771751580274,4.096837599695116,-112.0230091611048,4.2103
1787381092.423396,-2.47802585612569,7.443066224386804e-07,-1.0655211180430792e-05,-3.4456990784250796,4.096855945493926,-112.06917806265815,4.2096,112.069,-3.448771751580128,4.096837599695141,-112.02300915992862,4.2103
1787381092.4857464,-2.478025856134477,7.441260974210028e-07,-1.0733213084418537e-05,-3.4453855913775335,4.096708980468729,-112.07484823097697,4.2094,112.075,-3.4487717515801064,4.096837599695154,-112.02300915941622,4.2103
1787381092.6173913,-2.4780258560784234,7.44397731331978e-07,-1.0860015393652987e-05,-3.4473414532086935,4.097845489646464,-112.03531063387821,4.2109,112.035,-3.44877175158038,4.096837599695014,-112.02300915853387,4.2103
1787381092.6839683,-2.4780258561336486,7.442143123303384e-07,-1.0344508379871525e-05,-3.4484891808377376,4.098269811005913,-112.0153131298971,4.2116,112.015,-3.448771751580528,4.096837599694941,-112.02300915784191,4.2103
1787381092.8092535,-2.4780258561206874,7.443391467992181e-07,-1.0465752539655795e-05,-3.4473940929263756,4.097644116961375,-112.03865777813913,4.2107,112.039,-3.448771751580338,4.096837599695008,-112.02300915756827,4.2103
1787381092.9350452,-2.478025856114508,7.449751015263842e-07,-1.0611233071580574e-05,-3.4463523331017987,4.097027866769099,-112.05823932171675,4.2099,112.058,-3.448771751580172,4.0968375996950614,-112.02300915715179,4.2103
1787381093.0023243,-2.478025856193494,7.444458809970328e-07,-1.0671690596994831e-05,-3.445888852076755,4.096835512819856,-112.06645950411696,4.2096,112.066,-3.448771751580086,4.09683759969511,-112.02300915700867,4.2103
1787381093.1252148,-2.4780258561291766,7.45014327981178e-07,-1.080910651859849e-05,-3.4456604382918217,4.096706539800837,-112.0707132213706,4.2094,112.071,-3.4549650018974085,4.099349249065334,-111.91017588564479,4.2142
1787381093.1872618,-2.4780258560908757,7.442877110103217e-07,-1.0825133003589993e-05,-3.4477144430819107,4.0978032822459936,-112.02989318075838,4.2110,112.030,-3.454965001897958,4.0993492490652645,-111.91017589411167,4.2142
1787381093.3199756,-2.4780258562052815,7.450160233151825e-07,-1.0425202088864673e-05,-3.448723693923237,4.09822324332804,-112.01205812575775,4.2116,112.012,-3.4487717515807,4.09683759969498,-112.02300916439607,4.2103
1787381093.3898296,-2.478025856166945,7.444206528238039e-07,-1.0462590323682456e-05,-3.447448134641511,4.097564813390366,-112.03837445508807,4.2107,112.038,-3.4487717515804683,4.09683759969506,-112.02300916353987,4.2103
1787381093.515429,-2.4780258560803627,7.449816492671952e-07,-1.0600997711634787e-05,-3.446816620280629,4.097207558049275,-112.0501752172424,4.2102,112.050,-3.4487717515803165,4.096837599695119,-112.02300916200008,4.2103
1787381093.5787036,-2.4780258562154405,7.443094914541168e-07,-1.0633871649286244e-05,-3.4459527826500502,4.096842937133045,-112.06553571558824,4.2096,112.066,-3.448771751580192,4.096837599695109,-112.02300916068391,4.2103
1787381093.7103333,-2.4780258562168096,7.449503717872402e-07,-1.077535280240109e-05,-3.4458029529131395,4.096763314099838,-112.06829682670917,4.2095,112.068,-3.45496500189753,4.099349249065308,-111.910175888898,4.2142
1787381093.8359342,-2.478025856174997,7.441304803584565e-07,-1.0314485768424956e-05,-3.447267019668325,4.097397705282992,-112.04212510226779,4.2105,112.042,-3.4549650018977096,4.099349249065262,-111.91017588788706,4.2142
1787381093.9015315,-2.4780258561983715,7.450104797987716e-07,-1.0409727211555818e-05,-3.4489966726842276,4.0982387465098835,-112.00783499699529,4.2117,112.008,-3.448771751580596,4.096837599694937,-112.02300915865973,4.2103
1787381094.0328763,-2.4780258562034327,7.441306230913686e-07,-1.0501253145512543e-05,-3.4472059476095493,4.097230089316703,-112.04411854061651,4.2103,112.044,-3.448771751580265,4.096837599695085,-112.02300915794426,4.2103
1787381094.1018703,-2.4780258561461816,7.449783461185877e-07,-1.0602606124048282e-05,-3.4466636351796707,4.096974433768164,-112.05390140731338,4.2099,112.054,-3.448771751580229,4.096837599695037,-112.02300915765471,4.2103
1787381094.2303662,-2.4780258560556523,7.44176653979671e-07,-1.0698848966724965e-05,-3.4464362723567117,4.096801416081338,-112.05837429451609,4.2097,112.058,-3.4487717515801526,4.0968375996950925,-112.02300915720743,4.2103
1787381094.29681,-2.478025856208947,7.449896530887048e-07,-1.0767635576927485e-05,-3.4461726811518987,4.096710358754242,-112.06295309533523,4.2096,112.063,-3.4549650018974747,4.099349249065322,-111.9101758858433,4.2142
1787381094.437111,-2.478025856154544,7.440300076073795e-07,-1.0849895530235458e-05,-3.447476631023827,4.0974120445166715,-112.03889837267077,4.2105,112.039,-3.4549650018976736,4.099349249065256,-111.91017588565457,4.2142
1787381094.5029933,-2.4780258560912634,7.449206915087958e-07,-1.0389918072179607e-05,-3.4492770422484793,4.0982530284924925,-112.0035509583376,4.2118,112.004,-3.4549650018979965,4.099349249065113,-111.91017588562211,4.2142
1787381094.6342688,-2.478025856045308,7.441462666057117e-07,-1.0488273747492995e-05,-3.4490595971978024,4.098001900621983,-112.01122279272242,4.2115,112.011,-3.4487717515806873,4.0968375996950215,-112.0230091647545,4.2103
1787381094.6993906,-2.478025856218436,7.440723796233774e-07,-1.0546845220663948e-05,-3.4480988767154783,4.097464823039814,-112.02912654507011,4.2107,112.029,-3.448771751580549,4.096837599695035,-112.0230091638732,4.2103
1787381094.8320186,-2.478025856171853,7.438920599100876e-07,-1.0656997031547464e-05,-3.447471512266857,4.097130519373621,-112.04064574370292,4.2103,112.041,-3.454965001897813,4.099349249065251,-111.9101758910801,4.2142
1787381094.900783,-2.478025856105317,7.438572236485538e-07,-1.0718469213348796e-05,-3.4489165209361503,4.097899824779323,-112.01108490583918,4.2113,112.011,-3.4549650018980156,4.099349249065207,-111.91017589036842,4.2142
1787381095.0364442,-2.478025856154309,7.439140437195545e-07,-1.0837048064024858e-05,-3.451157336457654,4.099000980753163,-111.97029317711025,4.2129,111.970,-3.45496500189832,4.099349249065085,-111.91017588911001,4.2142
1787381095.0977757,-2.478025856230546,7.439690621903179e-07,-1.034873141497523e-05,-3.4517409099279455,4.099242085552534,-111.95996652730643,4.2133,111.960,-3.4549650018984384,4.099349249064976,-111.91017588856045,4.2142
1787381095.2371762,-2.47802585617886,7.438591161788215e-07,-1.0464505679139357e-05,-3.4501253726001635,4.098221964129486,-111.99362996482316,4.2119,111.994,-3.4487717515807255,4.096837599694871,-112.02300915882385,4.2103
1787381095.3058074,-2.4780258562180104,7.438384705272378e-07,-1.0524430275526391e-05,-3.4490427910560113,4.097594871255338,-112.01386479083692,4.2111,112.014,-3.4487717515805123,4.096837599695002,-112.02300915842399,4.2103
1787381095.4299734,-2.4780258561330304,7.439146573559477e-07,-1.064969014650928e-05,-3.4497029227287426,4.098024658002344,-111.99818732211843,4.2116,111.998,-3.4549650018980205,4.099349249065169,-111.9101758865506,4.2142
1787381095.5027978,-2.478025856171691,7.4382746350279e-07,-1.0706083148195467e-05,-3.450745866116375,4.098622712183705,-111.97871732039651,4.2125,111.979,-3.4549650018982287,4.099349249065025,-111.91017588628496,4.2142
1787381095.5813406,-2.478025856082128,7.437989025446397e-07,-1.0760579859219616e-05,-3.4521442878029345,4.099223033142606,-111.95385735118744,4.2134,111.954,-3.454965001898172,4.099349249065105,-111.91017588606535,4.2142
1787381095.7229881,-2.4780258562046895,7.43817988999116e-07,-1.0327696078708118e-05,-3.4523822900979146,4.099339712058687,-111.94955094857428,4.2135,111.950,-3.454965001898438,4.099349249064959,-111.91017588575534,4.2142
1787381095.7900937,-2.4780258561952637,7.438512998868827e-07,-1.0377917144715568e-05,-3.452733682878635,4.099423621650495,-111.94366013546113,4.2137,111.944,-3.4487717515810217,4.096837599694764,-112.02300915687458,4.2103
1787381095.9230194,-2.4780258562288484,7.438299183567371e-07,-1.0510170202963502e-05,-3.4492595177160776,4.097518425749183,-112.01096122041172,4.2111,112.011,-3.4487717515483536,4.096837599681925,-112.02300766299732,4.2103
1787381095.9926345,-2.478025856136779,7.438232593439591e-07,-1.0570052917866023e-05,-3.4484645752140004,4.097118183919363,-112.025428257631,4.2105,112.025,-3.4487717515807237,4.0968375996949815,-112.02300916508277,4.2103
1787381096.1209934,-2.4780258560945834,7.438935391952065e-07,-1.0695037403454647e-05,-3.4494470602023006,4.097844422473485,-112.00314749237734,4.2114,112.003,-3.4549650018981506,4.099349249065151,-111.91017589212495,4.2142
1787381096.184456,-2.478025856110231,7.438281035362807e-07,-1.074842968164908e-05,-3.4515973569851846,4.09889104503761,-111.9641628432989,4.2129,111.964,-3.4549650018984184,4.099349249065054,-111.91017589060783,4.2142
1787381096.3134608,-2.47802585618134,7.438649370079104e-07,-1.031886710914725e-05,-3.4521002205637457,4.0991320013123556,-111.95509121617526,4.2133,111.955,-3.4549650018984206,4.099349249065108,-111.910175889934,4.2142
1787381096.3772843,-2.4780258562269424,7.438767688497589e-07,-1.038497951543354e-05,-3.452508312038689,4.099291591448757,-111.94792194361754,4.2135,111.948,-3.4487717515810257,4.0968375996948145,-112.0230091605236,4.2103
1787381096.5136313,-2.478025856144602,7.438667288747769e-07,-1.0507793626368444e-05,-3.4492844956248314,4.097516960529169,-112.01064999103949,4.2111,112.011,-3.4487717515805882,4.096837599694957,-112.02300915944656,4.2103
1787381096.5798647,-2.4780258560918433,7.438610755239425e-07,-1.0564745564978454e-05,-3.4478204088427353,4.096841408394302,-112.03696458133967,4.2101,112.037,-3.4487717515805256,4.096837599695033,-112.02300915897919,4.2103
1787381096.714496,-2.4780258561121795,7.438506592379989e-07,-1.0684192897165099e-05,-3.4495542722219064,4.097880830147035,-112.0013633530644,4.2115,112.001,-3.454965001898018,4.09934924906516,-111.91017588698061,4.2142
1787381096.7821407,-2.4780258561995625,7.437759141349612e-07,-1.072138129244355e-05,-3.4508401668954316,4.098550819447298,-111.97776893006439,4.2124,111.978,-3.4549650018982265,4.099349249065042,-111.91017588637295,4.2142
1787381096.9115133,-2.4780258561071786,7.437586204875172e-07,-1.0836569407765367e-05,-3.4523128419179754,4.099193610670497,-111.95153633388067,4.2134,111.952,-3.4549650018984157,4.099349249064989,-111.91017588613487,4.2142
1787381097.0360708,-2.478025856175275,7.438309440763397e-07,-1.040897793343378e-05,-3.4529784407531516,4.099410877698154,-111.94007113163013,4.2138,111.940,-3.4487717515810354,4.096837599694777,-112.02300915700438,4.2103
1787381097.0961182,-2.4780258561038764,7.43884615285093e-07,-1.0489919475058579e-05,-3.450978203956245,4.098279061012527,-111.98027338293679,4.2122,111.980,-3.4487717515807574,4.09683759969486,-112.02300915690512,4.2103
1787381097.2289217,-2.478025856169654,7.437880446640457e-07,-1.0606061289347939e-05,-3.450871473337898,4.098300201869462,-111.97876200716006,4.2122,111.979,-3.454965001866013,4.0993492490520875,-111.91017439178948,4.2142
1787381097.293558,-2.478025856087016,7.437875726126926e-07,-1.0646403175319874e-05,-3.4518019809611404,4.098745991246005,-111.96186922323803,4.2128,111.962,-3.454965001898377,4.099349249065127,-111.91017589416913,4.2142
1787381097.4209642,-2.4780258560825756,7.437972173313914e-07,-1.07633794547257e-05,-3.452661729735332,4.099201808931711,-111.94611951472942,4.2135,111.946,-3.454965001898609,4.099349249065004,-111.91017589237721,4.2142
1787381097.486976,-2.4780258562185646,7.438509098309752e-07,-1.0841938065787971e-05,-3.4530248399882684,4.099326421021868,-111.93983201860362,4.2137,111.940,-3.454965001898569,4.099349249065033,-111.91017589157379,4.2142
1787381097.6214716,-2.478025856262453,7.438193652338813e-07,-1.040822254189283e-05,-3.4532910141136814,4.099399641481639,-111.93532181360227,4.2138,111.935,-3.4549650018986178,4.099349249064984,-111.91017589082772,4.2142
1787381097.6876078,-2.4780258560642716,7.43907135449998e-07,-1.0476475209658808e-05,-3.4510713805894015,4.098166818761477,-111.97947819581073,4.2121,111.979,-3.4487717515808205,4.096837599694905,-112.02300916013195,4.2103
1787381097.8163729,-2.4780258560369552,7.439301376355764e-07,-1.0599301349347594e-05,-3.4490411143192956,4.097125498652252,-112.01662953178273,4.2106,112.017,-3.448771751580524,4.096837599695009,-112.02300915960403,4.2103
1787381097.8817098,-2.478025856139239,7.437754269419658e-07,-1.0631581054051037e-05,-3.449927327724685,4.097768177724894,-111.99631405719941,4.2114,111.996,-3.454965001898078,4.099349249065137,-111.91017588747818,4.2142
1787381098.0089295,-2.478025856108838,7.437302977373933e-07,-1.0747412623288462e-05,-3.451073515205715,4.098415510790225,-111.97497258847686,4.2123,111.975,-3.4549650018982314,4.099349249065091,-111.91017588708938,4.2142
1787381098.1325314,-2.478025856175997,7.438862623556752e-07,-1.0324158619203172e-05,-3.452471897251145,4.09911475580924,-111.94958871484297,4.2133,111.950,-3.454965001898428,4.099349249065003,-111.9101758864527,4.2142
1787381098.1989708,-2.4780258562970108,7.439630305880441e-07,-1.040697433135335e-05,-3.4529188765556738,4.099280714617152,-111.9417842175915,4.2136,111.942,-3.448771751581047,4.096837599694763,-112.02300915741134,4.2103
1787381098.2717602,-2.478025856191023,7.438262956568052e-07,-1.04418205988672e-05,-3.450886688972398,4.098153618081264,-111.98247895366964,4.2120,111.982,-3.4487717515807206,4.0968375996949025,-112.02300915705017,4.2103
1787381098.408446,-2.478025856168387,7.437865151719365e-07,-1.0561114706665242e-05,-3.4487865302200054,4.0970893786437115,-112.0208310307289,4.2105,112.021,-3.4549650018978406,4.0993492490651855,-111.91017588573001,4.2142
1787381098.540629,-2.47802585609565,7.438778008522589e-07,-1.068621216468912e-05,-3.4503263307475316,4.097955889293533,-111.98918929788465,4.2117,111.989,-3.454965001898098,4.0993492490650985,-111.91017588562094,4.2142
1787381098.6073382,-2.4780258561081454,7.438505443861318e-07,-1.0759319480180929e-05,-3.452241817757694,4.098958511174443,-111.95403281312144,4.2131,111.954,-3.454965001866206,4.099349249052025,-111.91017439177419,4.2142
1787381098.7381892,-2.4780258561752406,7.438824761442863e-07,-1.0329117076069944e-05,-3.4527542122137023,4.099178120714409,-111.94492410164511,4.2135,111.945,-3.4549650018985623,4.099349249065053,-111.91017589359467,4.2142
1787381098.8062003,-2.478025856241479,7.438370790405669e-07,-1.0374580812602467e-05,-3.453355561571745,4.099411431900136,-111.9343679197954,4.2138,111.934,-3.4487717515812286,4.096837599694783,-112.02300916308744,4.2103
1787381098.9391718,-2.478025856270019,7.438500857146738e-07,-1.0493895397588764e-05,-3.450167355058148,4.097630101624114,-111.99657957950677,4.2114,111.997,-3.44877175158072,4.09683759969497,-112.02300916161484,4.2103
1787381098.9962459,-2.4780258561013144,7.438139240536329e-07,-1.0552337028173327e-05,-3.4491854665903143,4.0971606388461534,-112.01431311944495,4.2107,112.014,-3.44877175158072,4.09683759969497,-112.02300916161484,4.2103
1787381099.1187367,-2.478025856102586,7.437895062353882e-07,-1.0668618335912632e-05,-3.450664296179773,4.098141613306123,-111.98294050600576,4.2120,111.983,-3.4549650018981946,4.099349249065134,-111.91017588859405,4.2142
1787381099.1826515,-2.47802585627176,7.437812622997433e-07,-1.0726189359842719e-05,-3.4525677918395568,4.0990588305088105,-111.94848807549425,4.2133,111.948,-3.4549650018984646,4.099349249065006,-111.91017588763609,4.2142
1787381099.3067768,-2.4780258562349644,7.438329746401536e-07,-1.0294796241057964e-05,-3.4530427706655313,4.099243981938087,-111.94014600680816,4.2136,111.940,-3.454965001898515,4.099349249064989,-111.91017588723042,4.2142
1787381099.4365249,-2.478025856221949,7.439142598068208e-07,-1.0439403106746875e-05,-3.4513838934472756,4.098237117985764,-111.97439824424114,4.2122,111.974,-3.4487717515810585,4.096837599694787,-112.0230091580811,4.2103
1787381099.505351,-2.4780258560867985,7.438587614014974e-07,-1.0480271941247134e-05,-3.4499688197645813,4.097506686496222,-112.00035941299181,4.2112,112.000,-3.448771751580619,4.096837599694921,-112.0230091575094,4.2103
1787381099.6280725,-2.4780258561019486,7.438260990925234e-07,-1.060369708718533e-05,-3.4485736062875194,4.096865310854034,-112.0254196377211,4.2103,112.025,-3.4549650018978153,4.0993492490651855,-111.91017588590519,4.2142
1787381099.6899376,-2.478025856106746,7.438923957719327e-07,-1.0680545156834264e-05,-3.4502283166571575,4.0978205900417946,-111.9915121689284,4.2116,111.992,-3.454965001898074,4.099349249065119,-111.9101758857668,4.2142
1787381099.8166656,-2.478025856137126,7.438918482993836e-07,-1.0799170644105411e-05,-3.452246442650936,4.098888258660214,-111.95442525051516,4.2131,111.954,-3.4549650018983993,4.099349249064967,-111.91017588562394,4.2142
1787381099.8821962,-2.478025856207602,7.43833305052148e-07,-1.083755933465738e-05,-3.452852052759573,4.099150198695479,-111.94365071050244,4.2135,111.944,-3.454965001898669,4.099349249064999,-111.91017589391647,4.2142
1787381100.0127113,-2.478025856218581,7.438860484301453e-07,-1.0411617546785824e-05,-3.4535714068086234,4.099412446861264,-111.9311112377151,4.2139,111.931,-3.4487717515812615,4.0968375996948065,-112.02300916421474,4.2103
1787381100.0766513,-2.478025856116287,7.439552329598597e-07,-1.0493968475459396e-05,-3.450278276151811,4.097596878851841,-111.99512997849409,4.2114,111.995,-3.44877175158076,4.096837599694962,-112.02300916258642,4.2103
1787381100.2084386,-2.4780258560824833,7.442005802350165e-07,-1.060001990079118e-05,-3.4493251762055976,4.097142666733615,-112.01233320062707,4.2107,112.012,-3.4487717515806304,4.096837599694977,-112.02300916185766,4.2103
1787381100.2777355,-2.478025856144129,7.439223520671354e-07,-1.0648558744552579e-05,-3.448544068409811,4.096827906304815,-112.02612581435187,4.2102,112.026,-3.448771751580507,4.096837599695014,-112.02300916118408,4.2103
1787381100.4186518,-2.478025856066276,7.442056675872682e-07,-1.0774837758417597e-05,-3.4500827754840517,4.09780468913297,-111.99389480367277,4.2115,111.994,-3.4487717515807215,4.096837599694924,-112.02300915998931,4.2103
1787381100.4871686,-2.4780258561876836,7.440238199543691e-07,-1.0829344403897093e-05,-3.450799964703037,4.098167998329245,-111.98089420411452,4.2120,111.981,-3.454965001898099,4.099349249065161,-111.91017588826259,4.2142
1787381100.6136932,-2.4780258562775956,7.442545114784936e-07,-1.0401323895709975e-05,-3.451870524965058,4.098732524465411,-111.9611495692304,4.2128,111.961,-3.4549650018982505,4.099349249065034,-111.91017588779195,4.2142
1787381100.7384694,-2.4780258562632427,7.448908189171721e-07,-1.054691343219143e-05,-3.4509763202761854,4.0985095444554185,-111.96122819486489,4.2124,111.961,-3.4487717515809506,4.096837599694782,-112.02300915820258,4.2103
1787381100.8084464,-2.478025856117407,7.443098093041654e-07,-1.0586921627412113e-05,-3.449146672435418,4.097263040634854,-112.01451046908454,4.2108,112.014,-3.4487717515805336,4.096837599694928,-112.0230091575987,4.2103
1787381100.9358358,-2.4780258560331334,7.449108890631839e-07,-1.0724958089532841e-05,-3.448310205534523,4.096855346597373,-112.02966345482118,4.2102,112.030,-3.454965001897797,4.099349249065173,-111.91017588596284,4.2142
1787381100.9980073,-2.4780258560998623,7.442301666003024e-07,-1.0757437163522993e-05,-3.4501806330827964,4.097881848573481,-111.99203142610264,4.2116,111.992,-3.4509333706912684,4.0977145507262085,-111.99918356570687,4.2116
1787381101.1299741,-2.478025856128338,7.450226448236185e-07,-1.0358627413069423e-05,-3.4514191442151447,4.0984947239460015,-111.97030753291341,4.2125,111.970,-3.4524258201503115,4.098625593816032,-111.94004392912153,4.2129
1787381101.2024028,-2.478025856278146,7.444702638310821e-07,-1.0417851766275383e-05,-3.4514389569045774,4.098556911592873,-111.95591023186864,4.2126,111.956,-3.4487717515488168,4.096837599681694,-112.0230076629949,4.2103
1787381101.332228,-2.4780258562370654,7.449917728163296e-07,-1.0540175449810343e-05,-3.4493426323079843,4.097354054167357,-112.01100304660464,4.2109,112.011,-3.4487717515806953,4.096837599695,-112.0230091644971,4.2103
1787381101.3937945,-2.478025856194874,7.443028313635605e-07,-1.057388478732394e-05,-3.4487938781537286,4.097071904749394,-112.021043557048,4.2105,112.021,-3.4487717515806224,4.096837599694986,-112.02300916363237,4.2103
1787381101.5270877,-2.478025856144266,7.450215877757231e-07,-1.0723452818615185e-05,-3.4481018752665977,4.096778098275525,-112.03334914012795,4.2101,112.033,-3.4487717515805,4.096837599694996,-112.02300916207973,4.2103
1787381101.5844553,-2.4780258561641224,7.443791504853998e-07,-1.0757442741490353e-05,-3.448037501276015,4.096753707432121,-112.0344854522315,4.2100,112.034,-3.454965001897843,4.099349249065203,-111.9101758895424,4.2142
1787381101.707352,-2.478025856185538,7.449960830717699e-07,-1.034689707340223e-05,-3.450232972930108,4.098066849699772,-111.99022533294162,4.2118,111.990,-3.4549650018981453,4.0993492490651535,-111.91017588895119,4.2142
1787381101.838828,-2.478025856191638,7.441271879785787e-07,-1.0440858445253938e-05,-3.4505002389416455,4.097999572881743,-111.9895320322586,4.2118,111.990,-3.448771751580722,4.0968375996949264,-112.02300915914,4.2103
1787381101.9022393,-2.478025856103632,7.450697301096738e-07,-1.0537333744338094e-05,-3.449638478739015,4.097501671475657,-112.00569629319787,4.2111,112.006,-3.4487717515806424,4.096837599694887,-112.0230091587062,4.2103
1787381102.0291817,-2.4780258562641864,7.441098094966786e-07,-1.0621508352334061e-05,-3.4485473133860642,4.096951811612574,-112.02555460289712,4.2103,112.026,-3.4487717515804577,4.096837599694962,-112.02300915797815,4.2103
1787381102.0992966,-2.4780258561005013,7.449672348090698e-07,-1.0710414730723851e-05,-3.448302135654014,4.096842456710453,-112.02994288313971,4.2102,112.030,-3.4549650018977847,4.099349249065211,-111.91017588647507,4.2142
1787381102.2361155,-2.4780258560948205,7.440829424211384e-07,-1.0798143523185055e-05,-3.449572770025391,4.097482550055119,-112.00668084233219,4.2111,112.007,-3.454965001897964,4.099349249065149,-111.91017588601456,4.2142
1787381102.2970846,-2.478025856162891,7.449431606141753e-07,-1.0886002496337979e-05,-3.451137588273752,4.098319974683191,-111.97494375415347,4.2123,111.975,-3.4549650018982403,4.0993492490650265,-111.91017588584813,4.2142
1787381102.420945,-2.4780258562106536,7.440746584918504e-07,-1.0408604057780905e-05,-3.4509141682669395,4.098052521348568,-111.9828756566943,4.2120,111.983,-3.4487717515807517,4.096837599694844,-112.02300915686162,4.2103
1787381102.4869525,-2.47802585608523,7.449899387642137e-07,-1.0518698020272107e-05,-3.449326874107057,4.09718715428757,-112.01224233227477,4.2107,112.012,-3.448771751580758,4.096837599694832,-112.02300915682864,4.2103
1787381102.6216128,-2.478025856027954,7.440185687574037e-07,-1.0600898862108377e-05,-3.448751478511346,4.096931990420933,-112.02252277065625,4.2104,112.023,-3.4487717515794465,4.0968375996954665,-112.02300916486561,4.2103
1787381102.6935837,-2.4780258560912394,7.448823641815897e-07,-1.0673911624440329e-05,-3.448428456116175,4.09680622725636,-112.0282046482248,4.2102,112.028,-3.448771751579402,4.0968375996954975,-112.02300916397579,4.2103
1787381102.8258328,-2.4780258560837076,7.440178420896272e-07,-1.0760485131765377e-05,-3.4481227935852568,4.0967122523286905,-112.03345174083842,4.2100,112.033,-3.454965001897848,4.0993492490652725,-111.91017589115394,4.2142
1787381102.8880832,-2.4780258561862807,7.449370162798663e-07,-1.0868310048174512e-05,-3.450175284692638,4.097826090507994,-111.99253983919658,4.2116,111.993,-3.4549650018981812,4.099349249065138,-111.91017589043544,4.2142
1787381103.0163896,-2.4780258562946544,7.440782862112047e-07,-1.0407967763048405e-05,-3.4505621839992875,4.097919501342522,-111.98904221783795,4.2117,111.989,-3.4487717515807894,4.096837599694879,-112.02300916037845,4.2103
1787381103.0834188,-2.478025856125222,7.450053368017679e-07,-1.0504923372504814e-05,-3.4497808788860853,4.09747154562143,-112.00370975292152,4.2111,112.004,-3.448771751580643,4.096837599694951,-112.02300915982595,4.2103
1787381103.2302036,-2.4780258560964863,7.441452360927158e-07,-1.0597255673659258e-05,-3.448698203706958,4.0969405561911545,-112.02333336456539,4.2104,112.023,-3.4487717515812335,4.096837599694736,-112.02300915885901,4.2103
1787381103.297361,-2.4780258562109276,7.450099535641439e-07,-1.0686905442335955e-05,-3.4484471904685248,4.096835628883301,-112.0277867317008,4.2102,112.028,-3.448771751580436,4.096837599694995,-112.0230091584643,4.2103
1787381103.42893,-2.478025856128514,7.440238262040085e-07,-1.0769115196656166e-05,-3.4482141401365385,4.09675812064355,-112.03182122957546,4.2101,112.032,-3.4549650018977753,4.09934924906521,-111.91017588658403,4.2142
1787381103.494943,-2.4780258559519455,7.449615350767712e-07,-1.0863758165753332e-05,-3.4502248654651457,4.097847482738025,-111.99167531339526,4.2116,111.992,-3.454965001898092,4.099349249065112,-111.9101758863108,4.2142
1787381103.619336,-2.4780258561971302,7.441710735706791e-07,-1.0404042708229572e-05,-3.450430784202831,4.097837434749851,-111.9916100680983,4.2116,111.992,-3.4487717515806797,4.096837599694895,-112.02300915729496,4.2103
1787381103.6822128,-2.478025856132558,7.448976292996168e-07,-1.047150130721194e-05,-3.449499749993258,4.097329145158926,-112.00885695590978,4.2109,112.009,-3.4487717515806855,4.096837599694873,-112.0230091569794,4.2103
1787381103.8147533,-2.4780258561498036,7.439819607739948e-07,-1.056039786191588e-05,-3.448950692685068,4.097049009221386,-112.0188641515336,4.2105,112.019,-3.4487717515804617,4.096837599694967,-112.02300915684039,4.2103
1787381103.8811133,-2.478025856235764,7.449755504426519e-07,-1.0675434713451023e-05,-3.448694294847837,4.096919661711135,-112.02353078111847,4.2103,112.024,-3.454965001865623,4.099349249052247,-111.91017439179296,4.2142
1787381104.0214005,-2.478025856154767,7.440382412139115e-07,-1.07574784949606e-05,-3.44981235571091,4.097490563393153,-112.00304319704189,4.2112,112.003,-3.4487717515818574,4.0968375996945925,-112.02300916515033,4.2103
1787381104.086678,-2.4780258560013175,7.44824622246062e-07,-1.0824334574471445e-05,-3.451632323510084,4.098484717020487,-111.96642726574656,4.2125,111.966,-3.454965001898131,4.099349249065186,-111.91017589219823,4.2142
1787381104.2152276,-2.478025856104736,7.440164989408363e-07,-1.03680343383397e-05,-3.4503356812057517,4.0977150413486365,-111.9937499887178,4.2115,111.994,-3.448771751580763,4.096837599694941,-112.02300916188206,4.2103
1787381104.3369906,-2.478025856169933,7.440008446547278e-07,-1.0490672005728602e-05,-3.4495527104191406,4.097283898816007,-112.00828707375493,4.2109,112.008,-3.448771751580763,4.096837599694941,-112.02300916188206,4.2103
1787381104.4051156,-2.478025856143378,7.439483252615964e-07,-1.0568084757498198e-05,-3.4488919700492393,4.0969761196033865,-112.02017781011682,4.2104,112.020,-3.4487717515805207,4.096837599694999,-112.02300916001238,4.2103
1787381104.5378845,-2.4780258561527044,7.438730228531091e-07,-1.0685000682118262e-05,-3.448704752677559,4.096882784398181,-112.02358011906429,4.2103,112.024,-3.454965001897866,4.099349249065206,-111.91017588781345,4.2142
1787381104.6068046,-2.4780258562261417,7.437942580123494e-07,-1.0722758164321277e-05,-3.4521138277190087,4.098661031117818,-111.9579583411941,4.2128,111.958,-3.454965001898399,4.099349249065008,-111.91017588738254,4.2142
1787381104.6764627,-2.4780258560828496,7.438435763732138e-07,-1.0785818733162651e-05,-3.453661166138267,4.099319421277785,-111.93046670766428,4.2138,111.930,-3.454965001898406,4.099349249064981,-111.91017588700693,4.2142
1787381104.8128319,-2.4780258561406003,7.438326590934383e-07,-1.0354380725960239e-05,-3.4541109236707155,4.099477514255813,-111.92264883989698,4.2141,111.923,-3.4487717515811935,4.096837599694702,-112.02300915759841,4.2103
1787381104.9377635,-2.4780258561432773,7.43805325468871e-07,-1.0476425798734497e-05,-3.451011484771705,4.097714464016546,-111.98337864936997,4.2116,111.983,-3.448771751580745,4.096837599694863,-112.0230091571711,4.2103
1787381105.0008993,-2.4780258562180366,7.438480245142609e-07,-1.055689789292495e-05,-3.450073933767234,4.09724738403353,-112.00040609193351,4.2110,112.000,-3.454965001898015,4.099349249065123,-111.91017588581437,4.2142
1787381105.1349547,-2.478025856116145,7.438261346010661e-07,-1.0675476858344323e-05,-3.4526330733155546,4.0986696900046296,-111.94984828282314,4.2129,111.950,-3.454965001898418,4.09934924906498,-111.91017588563649,4.2142
1787381105.1967154,-2.478025856131796,7.437605772506379e-07,-1.071031075696491e-05,-3.453353724912621,4.099018536616417,-111.93681807835583,4.2135,111.937,-3.4549650018663547,4.099349249051957,-111.91017439178495,4.2142
1787381105.3266592,-2.478025856250879,7.437478976003665e-07,-1.083095468433187e-05,-3.4542110175451155,4.0993790783519914,-111.92160654861067,4.2140,111.922,-3.454965001898803,4.09934924906497,-111.9101758933088,4.2142
1787381105.390809,-2.4780258561763437,7.437772081088953e-07,-1.035711725888465e-05,-3.4544370083183478,4.09943941622565,-111.91778014968035,4.2141,111.918,-3.4487717515813188,4.0968375996947675,-112.02300916284105,4.2103
1787381105.52145,-2.4780258561127373,7.438587862695174e-07,-1.0486189339086741e-05,-3.4526103113520845,4.098352171865147,-111.95503928008593,4.2126,111.955,-3.4487717515810545,4.096837599694837,-112.02300916209491,4.2103
1787381105.5893824,-2.4780258562351385,7.43800892824976e-07,-1.0526441405064847e-05,-3.4510606626862836,4.09754831958718,-111.9834888267852,4.2115,111.983,-3.4487717515808143,4.096837599694932,-112.02300916140388,4.2103
1787381105.7255816,-2.478025856224347,7.437920306499035e-07,-1.0646288942965841e-05,-3.4499883628879533,4.097056323222666,-112.00273752391203,4.2108,112.003,-3.4549650018980462,4.0993492490651855,-111.91017588897127,4.2142
1787381105.792356,-2.478025856013174,7.43687835480782e-07,-1.0697922917581806e-05,-3.451698553554489,4.098099158068799,-111.96743865826757,4.2122,111.967,-3.4549650018983513,4.0993492490650345,-111.91017588843137,4.2142
1787381105.9269435,-2.4780258560545234,7.437454929023709e-07,-1.0815412462833181e-05,-3.4534792226847175,4.0990257776582615,-111.93482427789735,4.2135,111.935,-3.454965001898563,4.099349249064976,-111.9101758875036,4.2142
1787381105.993398,-2.478025856222934,7.438085505699112e-07,-1.0330163300281657e-05,-3.4539320374011107,4.09922528179219,-111.92674471240508,4.2138,111.927,-3.4549650018986546,4.099349249064892,-111.91017588711307,4.2142
1787381106.1336107,-2.47802585619508,7.437389457436681e-07,-1.0446063710996388e-05,-3.452392446944337,4.098313224891857,-111.95857289838005,4.2125,111.959,-3.448771751580933,4.096837599694808,-112.02300915768396,4.2103
1787381106.2050424,-2.478025856191479,7.437923971010763e-07,-1.0511451599298878e-05,-3.450981606433942,4.097584763520846,-111.98452153233612,4.2115,111.985,-3.4549650018981306,4.099349249065118,-111.91017588622611,4.2142
1787381106.3379989,-2.478025856168984,7.438013009228479e-07,-1.063030489948383e-05,-3.4521908272480557,4.098293584802431,-111.95882078781503,4.2125,111.959,-3.4549650018983775,4.099349249064975,-111.91017588601528,4.2142
1787381106.4137845,-2.478025856124668,7.437980037736732e-07,-1.0688896139217694e-05,-3.453676756205153,4.099092456734102,-111.93140948995502,4.2136,111.931,-3.454965001898597,4.099349249064881,-111.91017588572736,4.2142
1787381106.4889414,-2.478025856111613,7.43711064407431e-07,-1.0741093115952016e-05,-3.454324147338362,4.0993545456810505,-111.91998117350153,4.2140,111.920,-3.4549650018986684,4.09934924906487,-111.91017588561398,4.2142
1787381106.6218574,-2.4780258561502375,7.438384420149161e-07,-1.0318441126848503e-05,-3.4544953919646475,4.099408549102309,-111.91703760160846,4.2141,111.917,-3.4549650018664897,4.09934924905193,-111.91017439177256,4.2142
1787381106.69022,-2.478025856214796,7.439319484776614e-07,-1.0399054930217713e-05,-3.4546135209678166,4.09943704802169,-111.91505100155538,4.2142,111.915,-3.448771751581373,4.096837599694754,-112.0230091639728,4.2103
1787381106.8302827,-2.478025856164959,7.438548808617548e-07,-1.051673770093781e-05,-3.451092887780165,4.097546465166743,-111.98300320320793,4.2115,111.983,-3.448771751580868,4.0968375996949264,-112.02300916314928,4.2103
1787381106.8952227,-2.4780258561254827,7.437734798668963e-07,-1.0560043699558172e-05,-3.4500527305260844,4.097074106475653,-112.00165070979203,4.2108,112.002,-3.4487717515807055,4.09683759969498,-112.02300916237944,4.2103
1787381107.034601,-2.4780258560795496,7.438157402393439e-07,-1.0682972568434942e-05,-3.4511495659802547,4.097881816577559,-111.97713577499984,4.2118,111.977,-3.454965001898309,4.099349249065063,-111.91017588979363,4.2142
1787381107.1035247,-2.478025856189572,7.438309250986817e-07,-1.0742173039303904e-05,-3.4523307257963856,4.09851515003521,-111.95536470959564,4.2127,111.955,-3.454965001898426,4.099349249065066,-111.91017588918368,4.2142
1787381107.2380881,-2.4780258562180815,7.437882889001007e-07,-1.0305529545725851e-05,-3.4536977491040686,4.099178670550124,-111.93064943383143,4.2137,111.931,-3.4549650018985925,4.0993492490649945,-111.91017588812032,4.2142
1787381107.3009112,-2.4780258561452024,7.437948518872607e-07,-1.036751775217775e-05,-3.454076073387553,4.0993358857953845,-111.92394870379141,4.2139,111.924,-3.4487717515812313,4.0968375996946875,-112.02300915887263,4.2103
1787381107.3684077,-2.4780258562344577,7.437898001342181e-07,-1.0428653401886676e-05,-3.4508215453462365,4.097545455429336,-111.98724195930629,4.2114,111.987,-3.4487717515807534,4.0968375996948545,-112.02300915811028,4.2103
1787381107.5069253,-2.4780258561693707,7.438814730474836e-07,-1.0556044753510483e-05,-3.44989907019807,4.0971142937859835,-112.00384563307284,4.2108,112.004,-3.448771751580556,4.0968375996949975,-112.02300915779671,4.2103
1787381107.634145,-2.4780258561145017,7.437760217496162e-07,-1.0668024714444968e-05,-3.4510223493948207,4.097859932899997,-111.979282820943,4.2118,111.979,-3.4549650018981732,4.099349249065098,-111.91017588609147,4.2142
1787381107.7086568,-2.4780258561261554,7.43765369409983e-07,-1.0722907796857485e-05,-3.452277867889213,4.098553971244347,-111.95600242605221,4.2128,111.956,-3.454965001898411,4.099349249064946,-111.9101758859081,4.2142
1787381107.7795944,-2.4780258561009836,7.437586903464037e-07,-1.0784771491926232e-05,-3.45370703100802,4.099220842359997,-111.93030528974433,4.2137,111.930,-3.4549650018986036,4.099349249064877,-111.91017588567408,4.2142
1787381107.909748,-2.4780258561197566,7.438353534248499e-07,-1.0355514775725395e-05,-3.454100268786641,4.099370701432066,-111.92341264426967,4.2140,111.923,-3.4549650018986346,4.099349249064891,-111.91017588562207,4.2142
1787381108.0388505,-2.4780258561046153,7.438276498470569e-07,-1.047788943986939e-05,-3.4525390795339144,4.0984071983166395,-111.95584046084811,4.2127,111.956,-3.4487717515811145,4.096837599694866,-112.02300916518554,4.2103
1787381108.1044993,-2.478025856203955,7.437510513205443e-07,-1.0516327372121447e-05,-3.4511518627102737,4.097673861687574,-111.98145436124325,4.2116,111.981,-3.4487717515809284,4.0968375996948945,-112.02300916427578,4.2103
1787381108.175787,-2.4780258561243937,7.437952698023664e-07,-1.059525555224944e-05,-3.449490284957566,4.096913404623939,-112.01127541287289,4.2105,112.011,-3.4549650018980524,4.0993492490651935,-111.9101758914287,4.2142
1787381108.306864,-2.4780258561242574,7.437784956953065e-07,-1.0707622090821037e-05,-3.4511594492669584,4.097880841693377,-111.97706205336178,4.2118,111.977,-3.454965001898315,4.099349249065093,-111.91017589069038,4.2142
1787381108.437934,-2.4780258561319437,7.437875730982254e-07,-1.082526327687752e-05,-3.4531717227617267,4.098937026213684,-111.94012539337692,4.2133,111.940,-3.454965001898603,4.099349249064943,-111.91017588938254,4.2142
1787381108.5062382,-2.478025856177585,7.438513335163675e-07,-1.0341132195380888e-05,-3.453753173601942,4.099206704249225,-111.92967897859825,4.2137,111.930,-3.454965001898644,4.099349249064952,-111.9101758888083,4.2142
1787381108.639828,-2.4780258560776756,7.438407891335094e-07,-1.0463933020789102e-05,-3.45413661370097,4.099350094872068,-111.9229725986746,4.2140,111.923,-3.4487717515811966,4.096837599694755,-112.02300915902161,4.2103
1787381108.7041376,-2.4780258562631703,7.438508758082774e-07,-1.0524995759937016e-05,-3.4508674699769517,4.097539414167267,-111.98659865877619,4.2114,111.987,-3.4487717515807583,4.096837599694874,-112.02300915860428,4.2103
1787381108.7726715,-2.4780258560850696,7.438509323304471e-07,-1.0585439512936062e-05,-3.450025350029241,4.097143980441004,-112.00176451996063,4.2109,112.002,-3.4549650018980307,4.099349249065122,-111.91017588669094,4.2142
1787381108.912168,-2.4780258560346606,7.437605690188329e-07,-1.0698491896059632e-05,-3.452665433545737,4.098634892548208,-111.94958973741413,4.2129,111.950,-3.4549650018984375,4.099349249064986,-111.91017588639973,4.2142
1787381108.9783566,-2.478025856178652,7.437329902899544e-07,-1.0756579028998834e-05,-3.453907235156801,4.099227233373132,-111.92718874152072,4.2138,111.927,-3.4549650018986116,4.099349249064905,-111.91017588596117,4.2142
1787381109.1096632,-2.4780258562394084,7.44202193884389e-07,-1.0340303125707307e-05,-3.4542573334039353,4.099360705545302,-111.9210510006052,4.2140,111.921,-3.4487717515811998,4.096837599694682,-112.02300915701711,4.2103
1787381109.2352154,-2.4780258562545594,7.449284612095315e-07,-1.0491405561107307e-05,-3.4509948783312185,4.097563321243031,-111.98450242305067,4.2115,111.984,-3.448771751580745,4.096837599694839,-112.02300915684984,4.2103
1787381109.2983038,-2.4780258561362745,7.441994731303199e-07,-1.05176412076996e-05,-3.4500936029755658,4.097140054288757,-112.00073422761629,4.2109,112.001,-3.448771751580584,4.096837599694942,-112.02300915682878,4.2103
1787381109.4284568,-2.4780258560812225,7.449052966152653e-07,-1.0666282607662059e-05,-3.449492850137962,4.096893229570062,-112.01136363263258,4.2105,112.011,-3.448771751580696,4.096837599695002,-112.02300916464684,4.2103
1787381109.4971921,-2.478025856087706,7.442128097383694e-07,-1.068300960251725e-05,-3.448748404467365,4.096661703226723,-112.02414740228116,4.2101,112.024,-3.448771751583294,4.096837599694052,-112.0230091637326,4.2103
1787381109.6313627,-2.4780258560553405,7.448006688806207e-07,-1.0818966462614494e-05,-3.4504666835309385,4.097701519051814,-111.98884759372845,4.2115,111.989,-3.454965001898231,4.0993492490651215,-111.91017589098725,4.2142
1787381109.6958404,-2.4780258562192725,7.442406915477524e-07,-1.0324843108696871e-05,-3.4518716749976637,4.098444218682055,-111.96294297686903,4.2126,111.963,-3.44877175158097,4.096837599694874,-112.0230091614906,4.2103
1787381109.8344016,-2.478025856181711,7.449892464632879e-07,-1.0478958923199325e-05,-3.449880747458967,4.097323150000638,-112.00308930542315,4.2110,112.003,-3.448771751580652,4.09683759969496,-112.02300916025413,4.2103
1787381109.9004788,-2.4780258562215756,7.442936430045297e-07,-1.0490431362924072e-05,-3.4493880913949155,4.0970766917085175,-112.01204642525246,4.2107,112.012,-3.4487717515805767,4.096837599694973,-112.02300915971232,4.2103
1787381110.0309486,-2.4780258561500332,7.448487752595814e-07,-1.062820859640381e-05,-3.448735415313293,4.0968089634908065,-112.02359828176417,4.2102,112.024,-3.4487717515818774,4.096837599694483,-112.02300915875661,4.2103
1787381110.0980883,-2.478025856111757,7.442344194925573e-07,-1.0685166202359135e-05,-3.44856126287619,4.096756510624233,-112.02658152313764,4.2101,112.027,-3.4487717515804355,4.096837599695003,-112.02300915838111,4.2103
1787381110.2300537,-2.47802585607341,7.449838580896484e-07,-1.0835815826181142e-05,-3.4505254143285304,4.097859989106762,-111.98708206867448,4.2117,111.987,-3.4549650018981533,4.09934924906507,-111.91017588651617,4.2142
1787381110.2992363,-2.478025856230464,7.443265192641328e-07,-1.0317800150725183e-05,-3.452049689977011,4.098642472803375,-111.95916371014009,4.2128,111.959,-3.448771751580885,4.096837599694868,-112.02300915746211,4.2103
1787381110.4315822,-2.4780258562336637,7.449795297578474e-07,-1.0468657438478932e-05,-3.450122151154682,4.0974875502041925,-111.99850061209197,4.2112,111.998,-3.4487717515805927,4.096837599694958,-112.02300915708238,4.2103
1787381110.5018559,-2.4780258561200177,7.442432887605889e-07,-1.0482936445968401e-05,-3.4494956504206744,4.0971575131682245,-112.009978632161,4.2108,112.010,-3.448771751580556,4.096837599694909,-112.02300915695761,4.2103
1787381110.6337645,-2.478025856211616,7.449645679075123e-07,-1.063003464454984e-05,-3.448872617590053,4.096868612672706,-112.02117928838919,4.2103,112.021,-3.454965001897841,4.099349249065177,-111.91017588562808,4.2142
1787381110.697786,-2.4780258561799826,7.442916066612406e-07,-1.0681883736526476e-05,-3.450825728788712,4.097925974202109,-111.98210304727719,4.2118,111.982,-3.4487717515485774,4.096837599681837,-112.02300766299163,4.2103
1787381110.8328547,-2.478025856149536,7.449197259545804e-07,-1.08237874330496e-05,-3.4495482939111897,4.09719698372874,-112.00895650259432,4.2108,112.009,-3.454965001898088,4.099349249065222,-111.91017589287766,4.2142
1787381110.8982844,-2.4780258561171067,7.441979494921978e-07,-1.0832442780267938e-05,-3.4513007903933772,4.098139872222941,-111.97359969140481,4.2121,111.974,-3.448771751580935,4.09683759969491,-112.02300916324357,4.2103
1787381111.0330238,-2.478025856133022,7.449258242146067e-07,-1.0431289587373279e-05,-3.4503264637418174,4.097567009946117,-111.99482733195619,4.2113,111.995,-3.454965001898355,4.099349249065088,-111.91017589125688,4.2142
1787381111.099165,-2.478025856127813,7.443183041886217e-07,-1.049070628244923e-05,-3.451986496420721,4.098450969664493,-111.96128840056896,4.2126,111.961,-3.448771751580722,4.096837599694961,-112.02300916107846,4.2103
1787381111.227647,-2.478025856141922,7.449629096321344e-07,-1.0636258639909268e-05,-3.4498536710806875,4.09723781773062,-112.00400829168892,4.2109,112.004,-3.4487717515809653,4.096837599694851,-112.02300916046184,4.2103
1787381111.292187,-2.4780258562168527,7.442417975314652e-07,-1.0649682382274622e-05,-3.449615181476245,4.0971358793522175,-112.00541772664715,4.2108,112.005,-3.448771751580606,4.096837599694974,-112.02300915939409,4.2103
1787381111.4288335,-2.478025856068024,7.448863103500956e-07,-1.0792696437641192e-05,-3.451404917273914,4.098117129299629,-111.97208714668423,4.2121,111.972,-3.4549650018982616,4.099349249065082,-111.91017588730715,4.2142
1787381111.495788,-2.478025856106865,7.442775303747988e-07,-1.084257134205678e-05,-3.452626823989146,4.098700008506936,-111.94992711518326,4.2130,111.950,-3.4487717515810052,4.09683759969479,-112.0230091581464,4.2103
1787381111.6312683,-2.4780258562074517,7.449386846956245e-07,-1.0420612012754525e-05,-3.452662847165622,4.098651832459355,-111.94971902962602,4.2129,111.950,-3.454965001898439,4.099349249064989,-111.91017588661792,4.2142
1787381111.6997814,-2.478025856178312,7.441873147634773e-07,-1.0452430033483523e-05,-3.4512520678605294,4.0978389361379355,-111.97900895082905,4.2118,111.979,-3.4487717515809857,4.096837599694797,-112.02300915755113,4.2103
1787381111.834134,-2.4780258560888875,7.449011415423595e-07,-1.0601971563930028e-05,-3.4501818775775064,4.097275278274,-111.9987168945661,4.2110,111.999,-3.448771751580621,4.096837599694911,-112.02300915699782,4.2103
1787381111.9068265,-2.4780258560672976,7.442390247974914e-07,-1.0631714546032885e-05,-3.4495225910638267,4.09697339751208,-112.0105475748551,4.2106,112.011,-3.448771751580494,4.096837599694996,-112.02300915689975,4.2103
1787381111.9818308,-2.478025856046045,7.440942493791125e-07,-1.0711166478943374e-05,-3.449127180703716,4.096822820789702,-112.01747996709193,4.2103,112.017,-3.4549650018979428,4.099349249065127,-111.91017588563652,4.2142
1787381112.1226127,-2.47802585601702,7.441914684791788e-07,-1.08263747567848e-05,-3.452514691404081,4.098635398122763,-111.95200150065709,4.2129,111.952,-3.448771751581147,4.096837599694853,-112.02300916528505,4.2103
1787381112.1922543,-2.478025856196581,7.440612895032899e-07,-1.0319956443259776e-05,-3.451188707745066,4.097865132012557,-111.97984183186135,4.2118,111.980,-3.454965001898548,4.099349249065075,-111.91017589315759,4.2142
1787381112.3186362,-2.4780258562394284,7.443078276982325e-07,-1.0449412382163261e-05,-3.4511863458573266,4.097805909609369,-111.98019428779354,4.2118,111.980,-3.44877175158086,4.096837599694945,-112.02300916271369,4.2103
1787381112.3803442,-2.4780258562123203,7.441508621536936e-07,-1.0523298187315667e-05,-3.4503236231125483,4.0973544839949,-111.99609412502154,4.2111,111.996,-3.4487717515807406,4.096837599694958,-112.02300916197527,4.2103
1787381112.5128863,-2.4780258561474997,7.442430906076257e-07,-1.0641042060033841e-05,-3.4496551538420475,4.097035446760675,-112.00816151970133,4.2107,112.008,-3.448771751580612,4.096837599694994,-112.02300916066133,4.2103
1787381112.579643,-2.478025856111423,7.440460790477006e-07,-1.0685291054510124e-05,-3.4488969786230004,4.096755490590997,-112.02141162097466,4.2102,112.021,-3.4549650018978757,4.099349249065236,-111.91017588835011,4.2142
1787381112.7086458,-2.4780258560778963,7.442707120683813e-07,-1.080853897917561e-05,-3.450930108716893,4.097867397268348,-111.980788522987,4.2118,111.981,-3.448771751580783,4.096837599694904,-112.02300915907533,4.2103
1787381112.7781487,-2.478025856204533,7.44024227027182e-07,-1.0309439911597181e-05,-3.451691594727071,4.098241884956048,-111.96703128176613,4.2123,111.967,-3.4487717515808836,4.096837599694836,-112.02300915826324,4.2103
1787381112.914165,-2.4780258562259783,7.442052485169993e-07,-1.0435397162070542e-05,-3.450696662889549,4.097669603678266,-111.98851183796444,4.2115,111.989,-3.44877175158067,4.096837599694964,-112.02300915792968,4.2103
1787381113.0353918,-2.4780258561981685,7.449469639343015e-07,-1.0587124339032004e-05,-3.449481498451983,4.097044837263031,-112.01081480912008,4.2106,112.011,-3.448771751580498,4.096837599695008,-112.02300915739767,4.2103
1787381113.101458,-2.4780258562125477,7.442034654738308e-07,-1.0611128364831567e-05,-3.4491448716958906,4.096899372850226,-112.01680913980881,4.2104,112.017,-3.4487717515804777,4.096837599694977,-112.02300915719816,4.2103
1787381113.231412,-2.478025856181888,7.448207927314215e-07,-1.0752719439884442e-05,-3.450864161510854,4.097883725832164,-111.98174225614252,4.2118,111.982,-3.4549650018981692,4.099349249065065,-111.91017588571667,4.2142
1787381113.295948,-2.478025856107378,7.441524683151322e-07,-1.0788791107064905e-05,-3.4522779917131516,4.098610745918459,-111.9558204655886,4.2128,111.956,-3.448771751580897,4.096837599694852,-112.02300915685153,4.2103
1787381113.3712575,-2.4780258561142405,7.440174357775718e-07,-1.084492025126057e-05,-3.4510373514593744,4.097863427791589,-111.98222499528815,4.2118,111.982,-3.454965001865955,4.0993492490521435,-111.91017439177463,4.2142
1787381113.5075052,-2.478025856138457,7.442208566175589e-07,-1.041607017328769e-05,-3.4533417897562373,4.099016812927018,-111.93716604119399,4.2135,111.937,-3.4487717515812304,4.096837599694825,-112.02300916472473,4.2103
1787381113.6386535,-2.4780258562535735,7.448624867314806e-07,-1.0565460669939206e-05,-3.452055202859028,4.098247955133849,-111.9477249098731,4.2124,111.948,-3.4487717515811305,4.09683759969482,-112.02300916302268,4.2103
1787381113.7015958,-2.4780258560856776,7.441958251754434e-07,-1.0599576202934268e-05,-3.450989352903889,4.097643688940449,-111.98352069688687,4.2116,111.984,-3.448771751580825,4.096837599694951,-112.02300916226324,4.2103
1787381113.8327668,-2.478025856122325,7.448832212142691e-07,-1.0742556250574447e-05,-3.4496557323875914,4.096998645708361,-112.00835522635842,4.2106,112.008,-3.454965001898032,4.099349249065181,-111.9101758896999,4.2142
1787381113.8973646,-2.478025856115853,7.44191449205642e-07,-1.0778513942412468e-05,-3.45139882691926,4.097981748873031,-111.97290026403257,4.2120,111.973,-3.448771751580876,4.096837599694883,-112.02300916030437,4.2103
1787381114.031179,-2.478025856227253,7.439523955489436e-07,-1.0342521796443793e-05,-3.451987906757383,4.098299825167035,-111.96208747019409,4.2124,111.962,-3.454965001898322,4.099349249065033,-111.91017588854918,4.2142
1787381114.0979016,-2.478025856255633,7.439276072248268e-07,-1.0399963635042365e-05,-3.4530869491433416,4.098857310178604,-111.94195675728108,4.2132,111.942,-3.4549650018983744,4.099349249065034,-111.91017588805016,4.2142
1787381114.2274055,-2.4780258561344555,7.438697972251467e-07,-1.0520321790988144e-05,-3.4514291037083935,4.0978847681550805,-111.97605430810904,4.2119,111.976,-3.448771751580832,4.09683759969483,-112.02300915805696,4.2103
1787381114.286547,-2.478025856102438,7.438465302601319e-07,-1.0583357818981833e-05,-3.450409485550182,4.097351995428941,-111.99478516230123,4.2112,111.995,-3.454965001898071,4.099349249065123,-111.91017588654303,4.2142
1787381114.4061685,-2.4780258560931037,7.438075141743866e-07,-1.070119752358698e-05,-3.4520840337759413,4.098285225980428,-111.9606445753861,4.2124,111.961,-3.454965001898341,4.099349249065016,-111.91017588605838,4.2142
1787381114.5358005,-2.478025856125249,7.43752139078385e-07,-1.0813426750843247e-05,-3.453918014736074,4.09917662998676,-111.92736334102655,4.2137,111.927,-3.4549650018985987,4.0993492490649155,-111.91017588575005,4.2142
1787381114.5971837,-2.478025856234693,7.438189101793488e-07,-1.0329103487694563e-05,-3.45436381458875,4.099348469238684,-111.91953634258103,4.2140,111.920,-3.4549650018987044,4.09934924906482,-111.91017588566199,4.2142
1787381114.7269132,-2.478025856245034,7.43823125821995e-07,-1.0452783530183568e-05,-3.4527869723070705,4.098381562339349,-111.95223615704377,4.2127,111.952,-3.44877175154884,4.096837599681689,-112.02300766298978,4.2103
1787381114.7926335,-2.478025856190039,7.437316590933811e-07,-1.050382804021932e-05,-3.4514831560343495,4.097702432927321,-111.97624824094689,4.2117,111.976,-3.448771751581142,4.096837599694849,-112.02300916505575,4.2103
1787381114.9274976,-2.4780258561024806,7.437636250970912e-07,-1.0628334381003515e-05,-3.4497524721465083,4.096900579110425,-112.00735897554135,4.2106,112.007,-3.4549650018981,4.099349249065187,-111.9101758921073,4.2142
1787381114.9908247,-2.478025856075369,7.437041156830931e-07,-1.066972957890348e-05,-3.45146019573854,4.097887552189446,-111.97246179782414,4.2119,111.972,-3.4549650018983735,4.099349249065044,-111.91017589059301,4.2142
1787381115.1192427,-2.47802585600335,7.436073202641907e-07,-1.077887047950624e-05,-3.453418779431099,4.098920097575907,-111.93645555965107,4.2134,111.936,-3.4549650018986657,4.099349249064903,-111.9101758899176,4.2142
1787381115.1819308,-2.4780258561217825,7.436982828613187e-07,-1.0306180194585186e-05,-3.4539859716026022,4.099181151380358,-111.92627484076755,4.2138,111.926,-3.4487717515812424,4.0968375996946955,-112.02300915994154,4.2103
1787381115.30928,-2.478025856204765,7.43774991411475e-07,-1.043737201723085e-05,-3.4525151546101607,4.098269132757762,-111.95710024779017,4.2125,111.957,-3.448771751581022,4.096837599694757,-112.02300915942956,4.2103
1787381115.376999,-2.47802585620436,7.437341043648241e-07,-1.0473998543488382e-05,-3.451216058922867,4.097588182960396,-111.98099972044226,4.2116,111.981,-3.4549650018982248,4.099349249065053,-111.91017588734094,4.2142
1787381115.5146852,-2.47802585613183,7.437193461206097e-07,-1.0608451212455202e-05,-3.4517547035911753,4.097998431579081,-111.96731917682483,4.2121,111.967,-3.454965001898347,4.099349249064981,-111.91017588696884,4.2142
1787381115.5872521,-2.4780258561949404,7.436974035930351e-07,-1.067105482907966e-05,-3.452853428757105,4.0986025626391305,-111.94690723230941,4.2129,111.947,-3.454965001898502,4.099349249064921,-111.9101758866424,4.2142
1787381115.732329,-2.478025856129982,7.437639200987987e-07,-1.0795051598925034e-05,-3.4541576789019013,4.099237379679764,-111.92330817897732,4.2139,111.923,-3.4549650018986755,4.09934924906485,-111.91017588612712,4.2142
1787381115.807735,-2.4780258561572923,7.438484511607991e-07,-1.0304942765537958e-05,-3.4545170277226473,4.099376463512658,-111.91699530980729,4.2141,111.917,-3.4549650018986764,4.0993492490648995,-111.91017588593647,4.2142
1787381115.9374459,-2.4780258560935122,7.437673633521851e-07,-1.0423849835019561e-05,-3.4527598967343804,4.0983282225711175,-111.95297257853589,4.2126,111.953,-3.4487717515809417,4.09683759969481,-112.02300915690009,4.2103
1787381116.0004022,-2.478025856158393,7.437563397986958e-07,-1.0488534807336426e-05,-3.451388614519604,4.097620638162982,-111.9781431369017,4.2116,111.978,-3.4549650018982225,4.099349249065013,-111.91017588563555,4.2142
1787381116.1383498,-2.478025856223524,7.437780734923167e-07,-1.0590986070536957e-05,-3.4526339565965674,4.098360047195575,-111.95168307112257,4.2126,111.952,-3.4549650018986253,4.099349249065,-111.91017589414778,4.2142
1787381116.2022462,-2.4780258561606834,7.437481923717895e-07,-1.0667743098933423e-05,-3.4535823718885497,4.098887145598486,-111.93407920392376,4.2134,111.934,-3.4549650018987297,4.099349249064965,-111.9101758932217,4.2142
1787381116.2693763,-2.478025856169193,7.436668064448747e-07,-1.0701548948455636e-05,-3.4544826647815565,4.099303172161598,-111.91790739146538,4.2140,111.918,-3.454965001898694,4.099349249064985,-111.91017589235958,4.2142
1787381116.414777,-2.478025856165831,7.436467191836475e-07,-1.0817222698980032e-05,-3.4547299592075285,4.099392969772637,-111.9135932012833,4.2141,111.914,-3.45496500189882,4.099349249064905,-111.91017589155574,4.2142
1787381116.4816375,-2.4780258561828905,7.438442787146378e-07,-1.0358809471174113e-05,-3.454908111750986,4.099443046334996,-111.91056014588963,4.2142,111.911,-3.4487717515813405,4.096837599694704,-112.0230091606961,4.2103
1787381116.6082149,-2.478025856117379,7.437799552451811e-07,-1.0475358669873018e-05,-3.452617283009876,4.098182331318301,-111.95596664555579,4.2125,111.956,-3.448771751581012,4.096837599694812,-112.02300916011875,4.2103
1787381116.7385182,-2.478025856091337,7.437627624524458e-07,-1.0594632640977112e-05,-3.450249707345394,4.097068422288809,-111.9987348136403,4.2108,111.999,-3.4549650018981004,4.099349249065096,-111.91017588790318,4.2142
1787381116.8029025,-2.478025856120812,7.437015786875771e-07,-1.0629759224262678e-05,-3.451736759657381,4.09794139266991,-111.96785458207373,4.2120,111.968,-3.4549650018983287,4.0993492490650265,-111.9101758874668,4.2142
1787381116.9269977,-2.4780258561517368,7.437136732973959e-07,-1.0750963228807558e-05,-3.453519187452763,4.098912399401763,-111.93492191004601,4.2134,111.935,-3.4549650018985756,4.0993492490649235,-111.91017588673898,4.2142
1787381116.9888575,-2.478025856116107,7.4375076413504e-07,-1.0825862351886707e-05,-3.454027353246542,4.099155993897506,-111.92575094043022,4.2137,111.926,-3.454965001898628,4.099349249064903,-111.91017588619665,4.2142
1787381117.1189005,-2.4780258562237547,7.438204920750689e-07,-1.0399631938377166e-05,-3.4546066332157115,4.0993858256980475,-111.91554815765943,4.2141,111.916,-3.448771751581246,4.096837599694663,-112.0230091572005,4.2103
1787381117.181235,-2.478025856262213,7.437631881003796e-07,-1.0443973030486464e-05,-3.4526745140159547,4.098295066613361,-111.95447450697583,4.2126,111.954,-3.448771751581244,4.096837599694659,-112.02300915704055,4.2103
1787381117.305839,-2.4780258561217026,7.438013431584857e-07,-1.0583438273955725e-05,-3.452489448320895,4.098296443807088,-111.95427843637842,4.2126,111.954,-3.4549650018984246,4.09934924906493,-111.91017588564667,4.2142
1787381117.4360867,-2.478025856114971,7.437947339591596e-07,-1.070205898671204e-05,-3.4533524463136462,4.098776050867588,-111.93823585588152,4.2132,111.938,-3.4549650018663525,4.099349249051947,-111.91017439177165,4.2142
1787381117.4944675,-2.4780258560839066,7.437364047840921e-07,-1.0736924207289136e-05,-3.4540126549376184,4.099119989909037,-111.92616810017624,4.2137,111.926,-3.4549650018663525,4.099349249051947,-111.91017439177165,4.2142
1787381117.6019464,-2.4780258560629016,7.437697440358074e-07,-1.0306834960793372e-05,-3.4541074679888273,4.099193484140012,-111.92424314564047,4.2138,111.924,-3.454965001898818,4.099349249064933,-111.91017589357548,4.2142
1787381117.723514,-2.47802585622809,7.438016876274323e-07,-1.0434905309800235e-05,-3.4545378918815217,4.09935907077565,-111.91675152792699,4.2141,111.917,-3.454965001898824,4.099349249064921,-111.91017589186328,4.2142
1787381117.7962399,-2.4780258562607353,7.438548199883023e-07,-1.051265450671626e-05,-3.4548574650629535,4.0994310244000935,-111.91141239169633,4.2142,111.911,-3.4487717515813885,4.096837599694661,-112.0230091615944,4.2103
1787381117.920148,-2.4780258562023327,7.437385173191468e-07,-1.0625731059629187e-05,-3.452667598470101,4.098233769334226,-111.95492285679116,4.2125,111.955,-3.4487717515813885,4.096837599694661,-112.0230091615944,4.2103
1787381117.977202,-2.4780258561093196,7.437525917587586e-07,-1.0673895066626691e-05,-3.4524144918668824,4.098083073066141,-111.95616542495219,4.2123,111.956,-3.4487717515810226,4.096837599694802,-112.02300916034093,4.2103
1787381118.1179733,-2.4780258560762403,7.440880414097254e-07,-1.0798737747224526e-05,-3.4523463215189474,4.098209965165375,-111.95695729332881,4.2124,111.957,-3.4549650018984144,4.099349249065023,-111.91017588808144,4.2142
1787381118.1914933,-2.478025856146358,7.439385643351001e-07,-1.0318113745994233e-05,-3.453265481941429,4.098706701256972,-111.93995506068832,4.2131,111.940,-3.448771751581079,4.096837599694771,-112.02300915843233,4.2103
1787381118.3145282,-2.478025856119924,7.440963940801688e-07,-1.0424770327866003e-05,-3.4522144662508727,4.09811944644903,-111.96250490773656,4.2123,111.962,-3.448771751581079,4.096837599694771,-112.02300915843233,4.2103
1787381118.3763206,-2.4780258562126947,7.439686837296003e-07,-1.0486354637990111e-05,-3.4519728901162963,4.09800023176193,-111.96410386027341,4.2121,111.964,-3.454965001898331,4.099349249065033,-111.91017588686985,4.2142
1787381118.5175173,-2.4780258562038346,7.442138688608043e-07,-1.060993279846345e-05,-3.4516443684618423,4.097865258462503,-111.97269563204343,4.2119,111.973,-3.448771751580843,4.096837599694809,-112.02300915728127,4.2103
1787381118.59424,-2.4780258561613575,7.439260899649847e-07,-1.0661902808223201e-05,-3.449961219585423,4.097080513761267,-112.00316200489745,4.2108,112.003,-3.448771751580843,4.096837599694809,-112.02300915728127,4.2103
1787381118.7263076,-2.478025856148753,7.441076238340577e-07,-1.0781356533580373e-05,-3.451696263857466,4.098105543113938,-111.96757155336384,4.2122,111.968,-3.448771751548681,4.096837599681804,-112.02300766299373,4.2103
1787381118.7938285,-2.4780258561022603,7.439785022990333e-07,-1.0837316612033354e-05,-3.4505856666680756,4.097503642376817,-111.9910891178723,4.2113,111.991,-3.454965001898298,4.099349249065118,-111.91017589390798,4.2142
1787381118.9264014,-2.478025856150129,7.442162953858497e-07,-1.040908423999912e-05,-3.4521281063490914,4.098367834023552,-111.9595130326928,4.2125,111.960,-3.4487717515810674,4.0968375996948305,-112.02300916335838,4.2103
1787381118.9900913,-2.4780258561159734,7.439878818956064e-07,-1.0468531577849635e-05,-3.451722003384674,4.098070524168269,-111.97040198953118,4.2122,111.970,-3.4528019908847276,4.098475669439934,-111.93400182443648,4.2128
1787381119.1287572,-2.4780258561301136,7.442012101356891e-07,-1.0594181720499626e-05,-3.4508720247631355,4.097606272494928,-111.98561234586609,4.2115,111.986,-3.4487717515808187,4.096837599694897,-112.02300916116948,4.2103
1787381119.1930783,-2.47802585604637,7.441266036026066e-07,-1.0672963118619503e-05,-3.4500113136154957,4.097177090511342,-112.00187457339611,4.2109,112.002,-3.4487717515808103,4.096837599694884,-112.02300916054874,4.2103
1787381119.3166134,-2.478025856119868,7.44253481035483e-07,-1.0793625513730036e-05,-3.4512736997199265,4.097955769484463,-111.97499192593806,4.2119,111.975,-3.4487717515808587,4.096837599694856,-112.02300915946087,4.2103
1787381119.381023,-2.4780258561455453,7.439804372415823e-07,-1.0824411068540676e-05,-3.451834589587265,4.0982551410744374,-111.96473556270828,4.2124,111.965,-3.4549650018983664,4.099349249064993,-111.91017588736246,4.2142
1787381119.510061,-2.4780258562748037,7.442629266965874e-07,-1.0403936439409508e-05,-3.452905118965428,4.098802100300104,-111.94508783629719,4.2131,111.945,-3.4487717515810563,4.096837599694754,-112.02300915819518,4.2103
1787381119.637947,-2.4780258561711843,7.448912889326917e-07,-1.0549592606895395e-05,-3.450512923912681,4.0974500991848,-111.99267717200965,4.2113,111.993,-3.448771751580701,4.096837599694865,-112.02300915759201,4.2103
1787381119.7030478,-2.478025856093844,7.442234255769812e-07,-1.058719603954013e-05,-3.4498642565465425,4.097134001927095,-112.00442274468716,4.2108,112.004,-3.448771751580577,4.096837599694942,-112.02300915735653,4.2103
1787381119.838413,-2.47802585608243,7.448672450244428e-07,-1.073030214743586e-05,-3.449393559654207,4.096927713656102,-112.0128201701826,4.2105,112.013,-3.454965001897913,4.099349249065158,-111.91017588580907,4.2142
1787381119.9027147,-2.478025856146805,7.442016158966446e-07,-1.0759566599187478e-05,-3.4509866511375535,4.0978788598764115,-111.97989476085786,4.2118,111.980,-3.4487717515807903,4.096837599694812,-112.0230091569079,4.2103
1787381120.0291715,-2.478025856143455,7.449108808678352e-07,-1.0354689504231137e-05,-3.4517647211621005,4.098276646326008,-111.96570942605742,4.2124,111.966,-3.4549650018661606,4.099349249051985,-111.91017439178776,4.2142
1787381120.0958512,-2.4780258561901007,7.442658145996118e-07,-1.0391352523395604e-05,-3.4528471892508166,4.09881171522901,-111.94595142763447,4.2131,111.946,-3.4487717515811824,4.0968375996948545,-112.02300916540513,4.2103
1787381120.2347164,-2.478025856226365,7.449152307068463e-07,-1.0538492908476701e-05,-3.4504700582225643,4.097444978740923,-111.99338566366005,4.2113,111.993,-3.448771751581215,4.096837599694764,-112.02300916447837,4.2103
1787381120.3062508,-2.478025856244108,7.441649116360556e-07,-1.0570052674122693e-05,-3.4497801406618813,4.09710243263085,-112.00591008034004,4.2108,112.006,-3.4487717515808027,4.096837599694955,-112.02300916361803,4.2103
1787381120.408357,-2.4780258561480006,7.448836598350343e-07,-1.0719630300804802e-05,-3.4494999911912143,4.096962713523049,-112.00883414385544,4.2106,112.009,-3.4487717515808027,4.096837599694955,-112.02300916361803,4.2103
1787381120.5260577,-2.478025856104066,7.448545209957165e-07,-1.033938763623302e-05,-3.4490430734284176,4.096791424410789,-112.01900420824188,4.2103,112.019,-3.4487717515805745,4.0968375996950135,-112.02300916206809,4.2103
1787381120.6399117,-2.4780258561080077,7.44024987855838e-07,-1.0435803422432062e-05,-3.448773754063417,4.096746238539559,-112.0234197196403,4.2102,112.023,-3.448771751580554,4.096837599694988,-112.02300916073922,4.2103
1787381120.7218764,-2.4780258562099626,7.449186752953735e-07,-1.052707930790717e-05,-3.451014800138787,4.097963822759655,-111.97897100871853,4.2119,111.979,-3.454965001898258,4.099349249065067,-111.91017588840869,4.2142
1787381120.840247,-2.4780258561577235,7.439664342090435e-07,-1.0611465090109795e-05,-3.4523058797984665,4.098582223600603,-111.95558018993734,4.2128,111.956,-3.454965001898258,4.099349249065067,-111.91017588840869,4.2142
1787381120.9194694,-2.4780258561222044,7.442174134978817e-07,-1.0739138516502754e-05,-3.45264580015294,4.098822786069517,-111.95284821332913,4.2131,111.953,-3.4487717515809955,4.096837599694787,-112.02300915830678,4.2103
1787381120.975776,-2.4780258561103077,7.440215799758485e-07,-1.0797653648482505e-05,-3.4506714032358827,4.097606827417215,-111.98937529112872,4.2115,111.989,-3.454965001898164,4.099349249065019,-111.9101758862161,4.2142
1787381121.1166654,-2.4780258561764037,7.442308629919772e-07,-1.0371311402612394e-05,-3.451692482483515,4.098153668424703,-111.96751484511068,4.2122,111.968,-3.4549650018983193,4.099349249064975,-111.91017588584526,4.2142
1787381121.1942353,-2.4780258561470965,7.4399688981583e-07,-1.0424915029577264e-05,-3.4520418680891227,4.098298910038982,-111.96136882655924,4.2125,111.961,-3.4549650018983353,4.099349249065003,-111.91017588572565,4.2142
1787381121.3345015,-2.478025856086441,7.442643317844661e-07,-1.0556366283068809e-05,-3.4517044705157915,4.098019896370975,-111.9710510814518,4.2121,111.971,-3.4487717515809333,4.09683759969475,-112.02300915685856,4.2103
1787381121.3946817,-2.478025856204786,7.440693606306338e-07,-1.0612592493252568e-05,-3.450655452636688,4.097448815376063,-111.99049688254817,4.2113,111.990,-3.4487717515809875,4.096837599694918,-112.02300916483163,4.2103
1787381121.524824,-2.478025856150597,7.441945251277274e-07,-1.0729810861706732e-05,-3.450534435783599,4.097372912450675,-111.99165774987716,4.2112,111.992,-3.4487717515808574,4.096837599694901,-112.0230091639453,4.2103
1787381121.582699,-2.4780258561402837,7.439575152351128e-07,-1.0787575842494614e-05,-3.449323825973204,4.0968440903484815,-112.01436645821333,4.2104,112.014,-3.448771751580804,4.096837599694916,-112.02300916234765,4.2103
1787381121.7177644,-2.4780258562217257,7.442731968408331e-07,-1.0365867885214831e-05,-3.4514721906852466,4.098041803741183,-111.97145268083793,4.2121,111.971,-3.448771751580889,4.0968375996948785,-112.02300916036963,4.2103
1787381121.7875388,-2.4780258561964903,7.44039830582983e-07,-1.0399626749738976e-05,-3.4504955720659267,4.097500097314123,-111.9925655391106,4.2113,111.993,-3.4487717515807175,4.096837599694914,-112.02300915931566,4.2103
1787381121.9133694,-2.4780258561307758,7.441414324043131e-07,-1.0517564158057577e-05,-3.449439690794926,4.096988007391831,-112.01180476403036,4.2106,112.012,-3.4487717515805447,4.096837599694989,-112.02300915886386,4.2103
1787381121.9789932,-2.4780258561449657,7.439724033118326e-07,-1.0596245077318287e-05,-3.449096239266948,4.096847346581082,-112.01788050384029,4.2104,112.018,-3.4549650018978904,4.099349249065186,-111.91017588689203,4.2142
1787381122.1116822,-2.4780258562206594,7.442460555188199e-07,-1.0719905322468236e-05,-3.4508740337202393,4.097852945292981,-111.98180085889341,4.2117,111.982,-3.448771751580749,4.096837599694896,-112.02300915778243,4.2103
1787381122.2347684,-2.4780258561288173,7.448146447088736e-07,-1.0855339658121379e-05,-3.4501073540061418,4.097409292710258,-111.99911415535124,4.2111,111.999,-3.4549650018980405,4.099349249065119,-111.9101758863089,4.2142
1787381122.300486,-2.478025856090879,7.441548409666324e-07,-1.0320790629683326e-05,-3.4520909088155047,4.098485934518133,-111.95949730335536,4.2126,111.959,-3.448771751580906,4.096837599694817,-112.02300915711028,4.2103
1787381122.436774,-2.4780258562168345,7.448900233926372e-07,-1.04941792088123e-05,-3.4501654397480426,4.097371566026732,-111.99851247156265,4.2111,111.999,-3.4487717515806264,4.096837599694899,-112.02300915688686,4.2103
1787381122.5030375,-2.4780258561991104,7.44227622107962e-07,-1.0526319849579526e-05,-3.449617795047784,4.097092905895634,-112.00849287947328,4.2107,112.008,-3.448771751580554,4.096837599694919,-112.0230091568388,4.2103
1787381122.6367953,-2.478025856158097,7.448755421375207e-07,-1.0672760762431855e-05,-3.4492960113841074,4.09694822643753,-112.01425207736065,4.2105,112.014,-3.448771751580695,4.096837599695,-112.02300916515755,4.2103
1787381122.7048473,-2.478025856083819,7.442120706455547e-07,-1.0710812924805366e-05,-3.4488814067436344,4.09679416841456,-112.02150296636358,4.2103,112.021,-3.4487717515805865,4.096837599695063,-112.02300916424763,4.2103
1787381122.836491,-2.478025856047263,7.447558938361901e-07,-1.0846091216489e-05,-3.450814864735265,4.097873979830998,-111.982613205967,4.2118,111.983,-3.4549650018979894,4.099349249065221,-111.9101758921918,4.2142
1787381122.9059293,-2.4780258561132866,7.441583450823312e-07,-1.0313763132120853e-05,-3.4523850582624194,4.098675128062056,-111.95386609861131,4.2129,111.954,-3.448771751581047,4.096837599694848,-112.02300916186996,4.2103
1787381122.9750223,-2.478025856210763,7.440298159124394e-07,-1.0392268282785993e-05,-3.4511353556139595,4.097905956034519,-111.98052219985952,4.2119,111.981,-3.448771751581047,4.096837599694848,-112.02300916186996,4.2103
1787381123.1028857,-2.4780258562211186,7.442346768448565e-07,-1.0518187407477974e-05,-3.45015654524186,4.097345146376595,-111.99880147867842,4.2111,111.999,-3.4487717515808485,4.0968375996948705,-112.02300916057315,4.2103
1787381123.228515,-2.4780258561668425,7.447966033772072e-07,-1.0656611489698423e-05,-3.450088891259832,4.097308157939694,-111.99956307074774,4.2110,112.000,-3.4487717515806713,4.09683759969493,-112.02300915948423,4.2103
1787381123.3377163,-2.4780258561031343,7.439892204250456e-07,-1.0750404353738757e-05,-3.4491991813382423,4.096892164016445,-112.01605788704657,4.2104,112.016,-3.4487717515806713,4.09683759969493,-112.02300915948423,4.2103
1787381123.3925254,-2.4780258561273754,7.438602557311954e-07,-1.0790751653092997e-05,-3.448957856466218,4.09676801333548,-112.01847342246295,4.2103,112.018,-3.4549650018978957,4.099349249065212,-111.91017588780812,4.2142
1787381123.5206742,-2.4780258561841144,7.437915684026383e-07,-1.0358065886594969e-05,-3.4531726696217886,4.098955663926556,-111.94015661463536,4.2134,111.940,-3.45496500189852,4.099349249064947,-111.91017588638897,4.2142
1787381123.595568,-2.4780258561494146,7.438014500635575e-07,-1.0435422720975693e-05,-3.4542711026421267,4.099355572068323,-111.92099916355272,4.2140,111.921,-3.45496500189852,4.099349249064947,-111.91017588638897,4.2142
1787381123.7366214,-2.4780258562319393,7.437840442363168e-07,-1.0601164598416994e-05,-3.454837185051503,4.099651233599318,-111.91542787901889,4.2144,111.915,-3.45496500189852,4.099349249064947,-111.91017588638897,4.2142
1787381123.8245032,-2.478025856169627,7.436302908958266e-07,-1.0709311081715316e-05,-3.4519022326429436,4.097903874950303,-111.9687058794293,4.2120,111.969,-3.4487717515808427,4.096837599694832,-112.02300915701726,4.2103
1787381123.885337,-2.4780258559970587,7.436077790562662e-07,-1.0766451792215786e-05,-3.452113661130012,4.09810903807663,-111.96126431458136,4.2123,111.961,-3.4549650018983264,4.099349249065014,-111.91017588563741,4.2142
1787381124.0360014,-2.4780258561470503,7.437490180362504e-07,-1.0344541643756957e-05,-3.453048752818271,4.098600625495398,-111.94394194797907,4.2130,111.944,-3.4549650018986644,4.099349249065017,-111.91017589423245,4.2142
1787381124.112687,-2.4780258561709188,7.437521271990799e-07,-1.0418000933006518e-05,-3.454570819648002,4.099315064746646,-111.9165302200309,4.2140,111.917,-3.4487717515813396,4.096837599694716,-112.02300916208436,4.2103
1787381124.1799405,-2.478025856130715,7.436757560964414e-07,-1.0461868801932103e-05,-3.4529597877672193,4.098415784709415,-111.94937905517448,4.2128,111.949,-3.448771751581063,4.096837599694841,-112.02300916139403,4.2103
1787381124.3129954,-2.47802585626886,7.436523747905168e-07,-1.0578485178110554e-05,-3.452755843183339,4.0983607141241665,-111.94986466007369,4.2127,111.950,-3.4549650018984903,4.099349249065009,-111.91017588895998,4.2142
1787381124.3824186,-2.478025856144058,7.437824328475329e-07,-1.0664488733807939e-05,-3.4535244499950597,4.09878326385869,-111.93557086516874,4.2133,111.936,-3.454965001898591,4.0993492490649635,-111.91017588842281,4.2142
1787381124.510508,-2.4780258560780415,7.437174384334667e-07,-1.077755141131043e-05,-3.4541519245566876,4.09910261834417,-111.92413751017413,4.2137,111.924,-3.4549650018986697,4.099349249064909,-111.91017588749874,4.2142
1787381124.633928,-2.478025856143347,7.437471299651707e-07,-1.0347847396814056e-05,-3.4548319893895827,4.099387053267028,-111.91207353925934,4.2142,111.912,-3.454965001898753,4.099349249064858,-111.91017588676495,4.2142
1787381124.700609,-2.4780258562422985,7.437026517351252e-07,-1.0389806652086444e-05,-3.454977495825723,4.099427463154441,-111.9095988701927,4.2142,111.910,-3.448771751581263,4.096837599694704,-112.02300915767623,4.2103
1787381124.8245344,-2.478025856154686,7.437142914763523e-07,-1.0512852748318187e-05,-3.451464667482914,4.097551711294444,-111.9773490805883,4.2116,111.977,-3.454965001898203,4.0993492490650665,-111.91017588601552,4.2142
1787381124.8839018,-2.4780258561463313,7.436786512285464e-07,-1.0575109470513093e-05,-3.4526041225599777,4.098233443620339,-111.95288836779538,4.2125,111.953,-3.454965001898391,4.099349249065003,-111.91017588584887,4.2142
1787381125.0090113,-2.4780258561325383,7.436537266133588e-07,-1.0691828349813596e-05,-3.453467861138127,4.098725579861134,-111.93672959434237,4.2132,111.937,-3.4549650018985165,4.099349249064952,-111.91017588564952,4.2142
1787381125.1354325,-2.4780258561584008,7.436383117421293e-07,-1.0803975840386822e-05,-3.454098454360368,4.099060110367414,-111.92517117467736,4.2137,111.925,-3.4549650018664253,4.099349249051955,-111.91017439177358,4.2142
1787381125.1960902,-2.478025856141239,7.436979765688381e-07,-1.0315318351483235e-05,-3.454701291254558,4.099329464426714,-111.91438999374603,4.2141,111.914,-3.454965001898912,4.099349249064881,-111.91017589364776,4.2142
1787381125.327282,-2.478025856152007,7.437096898106242e-07,-1.0437925832075157e-05,-3.4528985336216635,4.098302940850169,-111.95095359383377,4.2127,111.951,-3.448771751581142,4.096837599694779,-112.02300916313925,4.2103
1787381125.3975482,-2.478025856241801,7.437042902595109e-07,-1.0498137993550177e-05,-3.4514050274623793,4.0975375727426195,-111.97833915943067,4.2116,111.978,-3.448771751581082,4.096837599694839,-112.0230091623674,4.2103
1787381125.5252943,-2.4780258561155377,7.436685037485221e-07,-1.0615877019348631e-05,-3.4519137451884454,4.097985633445433,-111.96487244020325,4.2121,111.965,-3.454965001898361,4.099349249065101,-111.91017588978625,4.2142
1787381125.587973,-2.478025856124225,7.436769566983423e-07,-1.0678391951575303e-05,-3.4529562366545288,4.098577570296507,-111.9454452171652,4.2129,111.945,-3.4549650018985743,4.099349249064931,-111.9101758891778,4.2142
1787381125.7285838,-2.4780258561134616,7.436755245588604e-07,-1.0795377952915376e-05,-3.454141776612364,4.09917518147702,-111.9238904953727,4.2138,111.924,-3.4549650018986995,4.0993492490648915,-111.91017588811587,4.2142
1787381125.7929947,-2.478025856149883,7.436533318558628e-07,-1.0297511618653533e-05,-3.4545063670606035,4.099332053294418,-111.91740358715276,4.2140,111.917,-3.4549650018987075,4.099349249064919,-111.91017588765935,4.2142
1787381125.9177427,-2.478025856143509,7.437616016517693e-07,-1.042951129774753e-05,-3.4526506347389834,4.098235892138417,-111.95520354423637,4.2125,111.955,-3.4487717515809635,4.096837599694808,-112.02300915810372,4.2103
1787381125.9869761,-2.4780258561971924,7.437492967582828e-07,-1.0490003044068903e-05,-3.451245245733418,4.097518689005486,-111.98092308711496,4.2115,111.981,-3.448771751580761,4.096837599694886,-112.0230091577919,4.2103
1787381126.126814,-2.4780258562078044,7.437395753502509e-07,-1.0609556731594934e-05,-3.4518333358712336,4.097996178567812,-111.96607015159495,4.2121,111.966,-3.454965001898268,4.099349249065079,-111.91017588608825,4.2142
1787381126.1925814,-2.478025856118626,7.4365060017618e-07,-1.0662263650774427e-05,-3.45290941417775,4.098598702920525,-111.94606596446243,4.2129,111.946,-3.454965001898432,4.099349249065001,-111.91017588576847,4.2142
1787381126.3260434,-2.4780258560234776,7.437177319546419e-07,-1.0785326579338948e-05,-3.4540825824339803,4.099175434458615,-111.9248141783082,4.2138,111.925,-3.4549650018986324,4.099349249064884,-111.91017588567283,4.2142
1787381126.3986733,-2.478025856152763,7.437837299498239e-07,-1.029763408815024e-05,-3.4544578833485984,4.099335346842633,-111.918145101016,4.2140,111.918,-3.45496500189865,4.0993492490649155,-111.91017588562124,4.2142
1787381126.5241637,-2.478025856155441,7.437173223865648e-07,-1.041605464657252e-05,-3.452755325321826,4.098323857489037,-111.95306609428862,4.2126,111.953,-3.4487717515811287,4.096837599694868,-112.02300916517808,4.2103
1787381126.5866284,-2.478025856209169,7.44630715635269e-07,-1.0510798694826611e-05,-3.451377328164082,4.097610876147924,-111.97838750193858,4.2116,111.978,-3.4487717515809013,4.0968375996949264,-112.02300916341798,4.2103
1787381126.7186022,-2.4780258562600377,7.439066102440071e-07,-1.0605065915149687e-05,-3.4497373884609197,4.096882361245525,-112.00769991065604,4.2105,112.008,-3.44877175158068,4.096837599694974,-112.0230091626304,4.2103
1787381126.7912476,-2.4780258560902184,7.447974601981961e-07,-1.0694851471060005e-05,-3.4492097697160773,4.096696820542446,-112.01687318944275,4.2102,112.017,-3.4549650018979805,4.099349249065217,-111.91017589068998,4.2142
1787381126.932526,-2.4780258560092503,7.438474704112193e-07,-1.0776594810994736e-05,-3.450304492873283,4.097375692613566,-111.99612039354385,4.2112,111.996,-3.4549650018981213,4.099349249065152,-111.91017588938445,4.2142
1787381126.9915857,-2.478025856172069,7.447158586394611e-07,-1.0864482494026904e-05,-3.451910259474093,4.098280181989064,-111.96336887637725,4.2124,111.963,-3.4549650018981213,4.099349249065152,-111.91017588938445,4.2142
1787381127.1186006,-2.4780258561927413,7.439714146394725e-07,-1.0394218040559443e-05,-3.453165013772139,4.098935259116509,-111.9403403724377,4.2133,111.940,-3.4487717515810847,4.0968375996947834,-112.02300915902038,4.2103
1787381127.18041,-2.4780258560135344,7.448197851935099e-07,-1.049858787180798e-05,-3.4515716489013752,4.098009486552498,-111.97312456420093,4.2121,111.973,-3.4487717515811065,4.096837599694733,-112.02300915859644,4.2103
1787381127.3129556,-2.4780258561133777,7.439201999380745e-07,-1.059010478672349e-05,-3.4497879734560684,4.097097684856576,-112.00579837905133,4.2108,112.006,-3.448771751580599,4.096837599694919,-112.02300915789667,4.2103
1787381127.3796132,-2.478025856148759,7.447277437286467e-07,-1.0654196884163415e-05,-3.449387560099283,4.0969304431177385,-112.01289864757554,4.2105,112.013,-3.454965001897929,4.099349249065157,-111.91017588640524,4.2142
1787381127.5099006,-2.478025856094071,7.440285380603748e-07,-1.0769378802692296e-05,-3.450323268500751,4.097456455792301,-111.99547514018472,4.2112,111.995,-3.454965001898071,4.099349249065091,-111.9101758859679,4.2142
1787381127.5776305,-2.47802585616449,7.44823552542871e-07,-1.0851962288408842e-05,-3.452885964817023,4.0987880372897365,-111.94547713994919,4.2131,111.945,-3.448771751580988,4.096837599694802,-112.02300915691023,4.2103
1787381127.7081485,-2.478025856266915,7.440105986604906e-07,-1.0396705426313051e-05,-3.4515582888520067,4.09801154640317,-111.9733516369699,4.2121,111.973,-3.4487717515808147,4.096837599694829,-112.02300915684825,4.2103
1787381127.832149,-2.478025856225516,7.442936468909337e-07,-1.0529563870396464e-05,-3.449912981994106,4.097147802928935,-112.00360907776067,4.2108,112.004,-3.448771751580799,4.096837599694852,-112.02300915682589,4.2103
1787381127.9089427,-2.4780258560353747,7.440194287647002e-07,-1.0580392127905097e-05,-3.4493816582934014,4.096910121527109,-112.01311311522053,4.2105,112.013,-3.448771751548428,4.096837599681876,-112.02300766297981,4.2103
1787381127.9756386,-2.478025856127337,7.448679027972699e-07,-1.0669491099604865e-05,-3.4489747406338283,4.096759478130539,-112.0202310561118,4.2102,112.020,-3.4487717515806535,4.096837599695016,-112.02300916376547,4.2103
1787381128.1126196,-2.4780258561394453,7.439829267548979e-07,-1.0758449381600524e-05,-3.4487683092573596,4.096712273542053,-112.02368694525784,4.2102,112.024,-3.4549650018979534,4.099349249065202,-111.9101758909867,4.2142
1787381128.2395613,-2.478025856179909,7.442452588889137e-07,-1.03340028425868e-05,-3.452327040159467,4.098579025936337,-111.95527123035573,4.2128,111.955,-3.4487717515810554,4.09683759969478,-112.02300916083905,4.2103
1787381128.3055449,-2.4780258562566817,7.440482959237161e-07,-1.039271190257374e-05,-3.4511433838336822,4.09787953549931,-111.98051641052659,4.2118,111.981,-3.4528019908844887,4.098475669440007,-111.93400182211315,4.2128
1787381128.4336479,-2.4780258562767674,7.442283082441414e-07,-1.0517353725255805e-05,-3.4507580902902073,4.097630239127596,-111.98711832958968,4.2115,111.987,-3.4487717515807397,4.096837599694923,-112.02300915921373,4.2103
1787381128.4957068,-2.4780258561414255,7.439539300752474e-07,-1.0552213224030729e-05,-3.4500728773808476,4.097270300265282,-112.00045684959694,4.2110,112.000,-3.4487717515806513,4.096837599694924,-112.02300915877181,4.2103
1787381128.6360443,-2.478025856021065,7.441221435413529e-07,-1.0673055165206883e-05,-3.451408415398154,4.098044013018057,-111.97248854164263,4.2121,111.972,-3.4487717515808307,4.096837599694861,-112.02300915802368,4.2103
1787381128.70158,-2.478025856121162,7.439752718235216e-07,-1.0747838251031273e-05,-3.4505693299381015,4.097566931719995,-111.99103331356962,4.2114,111.991,-3.4549650018980866,4.099349249065135,-111.9101758865144,4.2142
1787381128.8317015,-2.478025856205674,7.442434988775605e-07,-1.0321998930277765e-05,-3.452079532709777,4.098379028588033,-111.96028576433254,4.2125,111.960,-3.4487717515809075,4.096837599694816,-112.02300915724699,4.2103
1787381128.896303,-2.4780258561636916,7.439076810656611e-07,-1.035694326351441e-05,-3.451740786284912,4.098069684104144,-111.9702284895208,4.2122,111.970,-3.4487717515808494,4.096837599694812,-112.02300915707862,4.2103
1787381129.0215583,-2.4780258562401567,7.44157684675462e-07,-1.0484231567763218e-05,-3.4500904022385557,4.097201773910102,-112.0005856793269,4.2109,112.001,-3.448771751580611,4.096837599694904,-112.02300915687269,4.2103
1787381129.081095,-2.478025856148379,7.440153470871316e-07,-1.0560811431180328e-05,-3.4496014111389273,4.09697888960485,-112.00935290563342,4.2106,112.009,-3.448771751580607,4.09683759969491,-112.02300915683288,4.2103
1787381129.2201908,-2.4780258561427333,7.44221225520682e-07,-1.0683752464608129e-05,-3.4512356684990886,4.097954437370111,-111.97561576615057,4.2119,111.976,-3.44877175158098,4.096837599694895,-112.02300916497474,4.2103
1787381129.286372,-2.478025856139704,7.439388424674079e-07,-1.0733538305903444e-05,-3.4504102191395205,4.097484755983458,-111.99396429751958,4.2113,111.994,-3.4549650018982287,4.0993492490651535,-111.91017589287048,4.2142
1787381129.4232273,-2.478025856069894,7.441974429893449e-07,-1.0861833273425082e-05,-3.4530892191274605,4.098876576200171,-111.94187193287087,4.2133,111.942,-3.4487717515811496,4.096837599694815,-112.02300916245667,4.2103
1787381129.4855027,-2.478025856092229,7.439984115274875e-07,-1.034926213944327e-05,-3.4517265114349467,4.098071828885011,-111.97044006884619,4.2122,111.970,-3.448771751580919,4.09683759969487,-112.02300916107221,4.2103
1787381129.612542,-2.4780258560666564,7.441391180821038e-07,-1.0470273787222546e-05,-3.4515454616685637,4.097907716913813,-111.97412592701757,4.2120,111.974,-3.448771751580887,4.0968375996948625,-112.02300916045967,4.2103
1787381129.738147,-2.478025856308142,7.447536507413472e-07,-1.0614483226316051e-05,-3.449962944778932,4.097100334154275,-112.00309714589237,4.2108,112.003,-3.454965001898052,4.09934924906514,-111.9101758881835,4.2142
1787381129.800382,-2.4780258561408455,7.4422211046761e-07,-1.0674633776736236e-05,-3.4516219339424827,4.0980320775723245,-111.96923268663723,4.2121,111.969,-3.4487717515808898,4.096837599694836,-112.02300915892607,4.2103
1787381129.9404154,-2.4780258560721204,7.448125383585147e-07,-1.0812225264410531e-05,-3.450603727546114,4.097464685110194,-111.99111567031794,4.2113,111.991,-3.4549650018981306,4.099349249065084,-111.91017588694103,4.2142
1787381130.0096557,-2.478025856183536,7.440722115155266e-07,-1.0824143564302458e-05,-3.453127521211822,4.0988060060860905,-111.94164372458869,4.2132,111.942,-3.4487717515810354,4.096837599694799,-112.02300915782327,4.2103
1787381130.077166,-2.478025856143918,7.439704204538901e-07,-1.0352092080072378e-05,-3.451654624148346,4.097948001332406,-111.97223890939905,4.2120,111.972,-3.448771751580816,4.096837599694856,-112.0230091573219,4.2103
1787381130.2043319,-2.4780258561149457,7.442663371770087e-07,-1.0485490539423789e-05,-3.4515611515386353,4.097874971752379,-111.97400975711304,4.2119,111.974,-3.448771751580829,4.096837599694814,-112.02300915713622,4.2103
1787381130.3367996,-2.478025856015669,7.448342367468537e-07,-1.062546447075284e-05,-3.4499583661110993,4.097072468227427,-112.00330783925644,4.2108,112.003,-3.454965001898004,4.099349249065107,-111.9101758856909,4.2142
1787381130.4015718,-2.4780258561339683,7.441083570106522e-07,-1.06388668498684e-05,-3.451617204617988,4.098011422001636,-111.96941085219096,4.2121,111.969,-3.4487717515808285,4.096837599694842,-112.02300915683904,4.2103
1787381130.4712062,-2.4780258559866892,7.4394430876694e-07,-1.0714083507686442e-05,-3.4506119850243877,4.097458586636707,-111.99100375538269,4.2113,111.991,-3.4549650018982736,4.099349249065163,-111.91017589407632,4.2142
1787381130.6162033,-2.478025856168504,7.441545312582645e-07,-1.081999094485272e-05,-3.4531926980176615,4.098840171400917,-111.94044317527536,4.2132,111.940,-3.448771751581221,4.096837599694796,-112.02300916435992,4.2103
1787381130.6839862,-2.4780258561850634,7.439376104488246e-07,-1.0321153026818053e-05,-3.4528787036879995,4.098614644199601,-111.94663513038287,4.2130,111.947,-3.4487717515810963,4.096837599694867,-112.02300916270583,4.2103
1787381130.8115518,-2.4780258561959387,7.441331943129246e-07,-1.044665553160898e-05,-3.451527108091277,4.097852732069764,-111.97468912806964,4.2119,111.975,-3.4487717515809266,4.096837599694859,-112.02300916196924,4.2103
1787381130.8769689,-2.4780258562302473,7.439142983414802e-07,-1.0502193924984978e-05,-3.44990514944096,4.097049254767739,-112.0042519443159,4.2107,112.004,-3.4487717515806886,4.0968375996949105,-112.02300916065792,4.2103
1787381131.0070052,-2.4780258561113193,7.441300158115172e-07,-1.0625015106115295e-05,-3.4494457463051367,4.096862965460932,-112.01236673318051,4.2105,112.012,-3.4487717515805443,4.096837599695035,-112.02300916008045,4.2103
1787381131.076978,-2.4780258560223944,7.439690951767896e-07,-1.0700758125668765e-05,-3.450942467305493,4.097764017427954,-111.98128212300512,4.2117,111.981,-3.454965001898217,4.099349249065084,-111.91017588786497,4.2142
1787381131.203326,-2.4780258560130917,7.441687310836078e-07,-1.0823169548960224e-05,-3.4523163175676905,4.098489509513946,-111.95590014255677,4.2127,111.956,-3.4487717515809804,4.096837599694798,-112.02300915864122,4.2103
1787381131.3334215,-2.4780258562962376,7.44899780214561e-07,-1.0424050256357109e-05,-3.4523872254402295,4.0984654145952355,-111.95509265701824,4.2127,111.955,-3.4487717515809826,4.096837599694771,-112.02300915792446,4.2103
1787381131.3967018,-2.4780258561533697,7.441828595308264e-07,-1.0440239089950783e-05,-3.4511754517089734,4.097768560945086,-111.98061764042252,4.2117,111.981,-3.448771751580776,4.096837599694858,-112.02300915763762,4.2103
1787381131.5286725,-2.4780258561481867,7.448293311867376e-07,-1.0587683429906526e-05,-3.44972373161249,4.097034950072955,-112.00714879980885,4.2107,112.007,-3.4487717515805745,4.096837599694915,-112.02300915719596,4.2103
1787381131.6023142,-2.4780258562794493,7.442202152597424e-07,-1.0642828883490088e-05,-3.4493107815921853,4.09686480634356,-112.01445821752549,4.2104,112.014,-3.448771751580498,4.09683759969496,-112.02300915704004,4.2103
1787381131.7394998,-2.4780258561325277,7.447716791376686e-07,-1.0764758162706715e-05,-3.450926958419559,4.097808567907221,-111.98123588708702,4.2117,111.981,-3.454965001897914,4.099349249065136,-111.91017588571982,4.2142
1787381131.8048344,-2.478025856019126,7.44116451260044e-07,-1.0797486986602233e-05,-3.4524249116423427,4.098598331579368,-111.95364281235679,4.2128,111.954,-3.448771751580981,4.096837599694741,-112.02300915682424,4.2103
1787381131.9377124,-2.478025856128599,7.448493246690305e-07,-1.0396892636956594e-05,-3.4525315988020235,4.098576600997467,-111.95223077861871,4.2128,111.952,-3.4549650018661944,4.099349249052048,-111.91017439177118,4.2142
1787381132.0118804,-2.4780258561726947,7.441042139902528e-07,-1.0426505124188106e-05,-3.4512298374231265,4.09781245309064,-111.9795591672629,4.2118,111.980,-3.448771751580894,4.096837599694945,-112.02300916384273,4.2103
1787381132.1375496,-2.4780258561322297,7.447986621932155e-07,-1.0577059226340475e-05,-3.4497953123697456,4.097078995738182,-112.00580970358185,4.2107,112.006,-3.4487717515809293,4.096837599694857,-112.02300916302214,4.2103
1787381132.2062542,-2.4780258562583626,7.441513201078976e-07,-1.0611278290320307e-05,-3.449354964214367,4.0968886977934265,-112.01365103304492,4.2105,112.014,-3.4487717515806264,4.096837599694959,-112.02300916155667,4.2103
1787381132.3401608,-2.478025856257272,7.448063745027662e-07,-1.0754648842981695e-05,-3.448906283977372,4.0967470927554706,-112.02136394397343,4.2102,112.021,-3.4549650018979308,4.099349249065182,-111.91017588909979,4.2142
1787381132.405211,-2.4780258560874646,7.440597428908424e-07,-1.0781476647870178e-05,-3.4508663622024,4.09782190665831,-111.98208575898084,4.2117,111.982,-3.4487717515807965,4.0968375996949025,-112.02300915975542,4.2103
1787381132.532311,-2.4780258561101642,7.44824664730497e-07,-1.0381850757825773e-05,-3.4517855793685293,4.098285673908336,-111.96535845242687,4.2124,111.965,-3.4549650018983464,4.099349249065027,-111.91017588760025,4.2142
1787381132.5982509,-2.478025856223415,7.441983215496987e-07,-1.0418631344723335e-05,-3.4529189254535324,4.09884163593987,-111.94470181696997,4.2132,111.945,-3.4487717515810563,4.096837599694766,-112.02300915840583,4.2103
1787381132.7264705,-2.4780258561597894,7.447741510680438e-07,-1.0559510838443872e-05,-3.4506076964898242,4.097493656996566,-111.99101088059285,4.2113,111.991,-3.448771751580717,4.0968375996948625,-112.02300915774953,4.2103
1787381132.7879918,-2.478025856020032,7.440874666232505e-07,-1.0593249913228023e-05,-3.449983532569252,4.097179819877995,-112.00236154169448,4.2109,112.002,-3.45496500189802,4.099349249065107,-111.91017588606275,4.2142
1787381132.9167445,-2.478025856137936,7.438645316723417e-07,-1.0707768606378398e-05,-3.451810071573958,4.098204028894989,-111.96615498083443,4.2123,111.966,-3.454965001898331,4.0993492490649714,-111.91017588588468,4.2142
1787381132.983393,-2.4780258560562656,7.438448086489156e-07,-1.0769834881668573e-05,-3.452947884133847,4.09878036421099,-111.94460123693553,4.2131,111.945,-3.4549650018984464,4.099349249064992,-111.91017588575146,4.2142
1787381133.1212535,-2.478025856132525,7.43757259799913e-07,-1.0332798135315156e-05,-3.454378934361784,4.0993990964752625,-111.91908329220203,4.2141,111.919,-3.454965001898484,4.09934924906493,-111.91017588566473,4.2142
1787381133.1860757,-2.4780258563167874,7.43745893929537e-07,-1.0394174557132037e-05,-3.4547663775486677,4.099600375573735,-111.91518675572856,4.2143,111.915,-3.4487717515814014,4.096837599694755,-112.02300916504834,4.2103
1787381133.320023,-2.478025856281318,7.437897056440201e-07,-1.0521461492932764e-05,-3.4510192304770873,4.097499579339478,-111.98457919656722,4.2114,111.985,-3.4487717515808884,4.096837599694923,-112.02300916415189,4.2103
1787381133.3829353,-2.4780258560343777,7.437123036975143e-07,-1.057578107031697e-05,-3.4518193571024565,4.098033005279308,-111.96615171460284,4.2121,111.966,-3.4549650018984304,4.099349249065047,-111.91017589131582,4.2142
1787381133.513694,-2.478025856001263,7.436639219897487e-07,-1.0693623692180103e-05,-3.4529333424470736,4.0986248986572065,-111.9455991978049,4.2130,111.946,-3.4549650018985765,4.099349249064984,-111.91017589058715,4.2142
