t,gt_x,gt_y,gt_yaw,ekf_x,ekf_y,ekf_yaw,ekf_err,ekf_yaw_err,fix_x,fix_y,fix_yaw,fix_err
1787378068.8898861,-2.478031115613158,-2.683513991672752e-06,4.970642743545811e-05,,,,,,,,,
1787378069.0068796,-2.4780315712177354,1.1916168575807989e-06,-2.7060347168757645e-05,,,,,,,,,
1787378069.0792806,-2.478031919656334,3.0858371623409707e-06,-6.447259041050701e-05,,,,,,,,,
1787378069.201078,-2.4780329951127746,7.623180854973878e-06,-0.000153591767115376,,,,,,,,,
1787378069.2582362,-2.478033485399329,9.390086511853416e-06,-0.0001880597240490238,,,,,,,,,
1787378069.3719003,-2.478034268924111,1.2158071677158012e-05,-0.00024165406469786455,,,,,,,,,
1787378069.4868023,-2.4780345954897687,1.369843868076755e-05,-0.00027076708096135155,,,,,,,,,
1787378069.604494,-2.4780345919177966,1.5026835769617238e-05,-0.0002955177968986566,,,,,,,,,
1787378069.7032535,-2.4780340038923954,1.4962918065685224e-05,-0.0002927517433703655,,,,,,,,,
1787378069.8023021,-2.4780330364942786,1.362330830423738e-05,-0.0002648568249702202,,,,,,,,,
1787378069.8579543,-2.478032530748462,1.3039043388492758e-05,-0.0002526070559133055,,,,,,,,,
1787378070.0014205,-2.4780308913493143,1.1306044346613854e-05,-0.000216380593154028,,,,,,,,,
1787378070.0875373,-2.47802987578709,8.961209095363675e-06,-0.00016890528369309886,,,,,,,,,
1787378070.1945229,-2.4780289779391187,7.467056720980521e-06,-0.00013832439065759893,,,,,,,,,
1787378070.309155,-2.478028073573416,6.389806587896825e-06,-0.0001160565218780089,,,,,,,,,
1787378070.3657448,-2.478027647061803,5.769924504475286e-06,-0.00010332528921996314,,,,,,,,,
1787378070.4790714,-2.4780271104397453,3.69580776014291e-06,-6.149934922252084e-05,,,,,,,,,
1787378070.6014566,-2.478027088914998,1.0523238608035478e-06,-8.610094717068606e-06,,,,,,,,,
1787378070.6601229,-2.4780274377053475,-6.869057957068186e-07,2.5898472015317967e-05,,,,,,,,,
1787378070.7745676,-2.4780288949213545,-4.582002940786955e-06,0.000102888153071567,,,,,,,,,
1787378070.8928306,-2.47803113048396,-8.349714357744573e-06,0.00017685650960295521,,,,,,,,,
1787378070.975692,-2.4780337382375435,-1.1504003096048107e-05,0.00023823428983207396,,,,,,,,,
1787378071.078816,-2.478035735724664,-1.3070699054412157e-05,0.00026804481979767364,-1.4128625375684845,-0.630725630410235,158.23996505860194,1.2379,158.240,-2.024338942496795,-1.0845749360977512,147.83938270321306,1.1756
1787378071.1533735,-2.4780370826269245,-1.4262389563994744e-05,0.00029082095194123207,-1.5664001783171586,-0.6395219627523173,155.597821425929,1.1136,155.598,-2.017968616777009,-1.0858995809864012,147.98989979639717,1.1793
1787378071.3008566,-2.4780399868960257,-1.6954415325262084e-05,0.000342270341202076,-1.6684903759096743,-0.7039134568980052,154.10774415854857,1.0728,154.107,-2.050470012843155,-1.0806786222223665,147.48841898489206,1.1622
1787378071.374121,-2.4780411386275,-1.801389775225248e-05,0.0003622520670261681,-1.8345310256024918,-0.8276677589613264,151.3327526289638,1.0484,151.332,-2.0207977640164008,-1.0808269556661119,147.9613439752117,1.1735
1787378071.448955,-2.4780420079741288,-1.8850559206561466e-05,0.0003777924852781819,-1.981859904656941,-1.0038194787157655,148.65338681850315,1.1197,148.653,-1.982045923388535,-1.079861477463601,148.34815684185452,1.1883
1787378071.5995436,-2.4780424350244648,-1.9287587828697753e-05,0.0003845360715616485,-2.0666883910549103,-1.0883112381466384,147.2860069091104,1.1634,147.286,-2.053293150898483,-1.1060450449165256,147.2429646696296,1.1848
1787378071.6698856,-2.478042565058751,-1.974777623383437e-05,0.00039264298017152154,-2.147172107300095,-1.1735736418612768,145.99986173292794,1.2193,145.999,-2.0435796683178284,-1.0998797754042144,147.67204419601737,1.1826
1787378071.8102872,-2.4780414511316584,-1.924821203206445e-05,0.00038098115075487393,-2.1944081208607242,-1.2203880540981398,145.147985971783,1.2529,145.148,-2.1287964192790385,-1.1747620861512333,146.11089088642302,1.2256
1787378071.8854709,-2.4780404547932724,-1.8489537306737533e-05,0.0003651451051430271,-2.222299095300823,-1.2496616675620957,144.61377287066148,1.2755,144.613,-2.1077429619360264,-1.1803833012582965,146.6578893089275,1.2371
1787378071.9615257,-2.4780391798842833,-1.7245987455679685e-05,0.0003398263204553172,-2.239857650120727,-1.313684712928882,144.26151489041996,1.3351,144.261,-2.0820301694894683,-1.2018589330335505,146.71977209852952,1.2654
1787378072.036661,-2.478038024496977,-1.6185581042749554e-05,0.0003181744001622834,-2.261642488695983,-1.3623036777388975,143.77176996401474,1.3794,143.771,-2.1088595962984193,-1.2299007076265525,146.22404330705206,1.2841
1787378072.191624,-2.4780353397774046,-1.2756797308701278e-05,0.0002493259294362802,-2.2838708100518086,-1.3765870964207139,143.43441605835258,1.3902,143.434,-2.1899847688883254,-1.3030303190432144,144.97496003252587,1.3345
1787378072.2653651,-2.4780340701638046,-1.0718821997890193e-05,0.00020861346129650297,-2.307335487599692,-1.4177463714882859,143.12170768920078,1.4280,143.121,-2.224100984039077,-1.3378573686523387,144.44388693873185,1.3617
1787378072.4037156,-2.478031990548439,-6.512898741679895e-06,0.00012496389033026287,-2.3381130239941594,-1.4413140755080682,142.63710587192347,1.4481,142.637,-2.2957015445595474,-1.4060783433538129,143.28350727281622,1.4178
1787378072.477585,-2.478031247689852,-4.5794002340535794e-06,8.665446126052831e-05,-2.383340252707419,-1.4821369388832784,141.89435209621126,1.4852,141.894,-2.3560957001134017,-1.4291111819955251,142.386994969002,1.4343
1787378072.554013,-2.4780307103324923,-2.895085095745031e-06,5.327132946607554e-05,-2.399679799245863,-1.5118928110499752,141.6712173337068,1.5139,141.671,-2.3463335451050686,-1.473812211832044,142.4543649525742,1.4797
1787378072.6941206,-2.4780301283268633,-3.1064051262484735e-07,2.2749384773385313e-06,-2.411178073933226,-1.5381988150844363,141.40222268007713,1.5397,141.402,-2.5715183363280585,-0.08203847570690193,0.992630544591064,0.1244
1787378072.7672646,-2.4780300140987603,6.443545459040585e-07,-1.6476772518345303e-05,-3.8260247309096114,-1.1843883614184239,21.177971003107732,1.7944,21.178,-2.545379604063919,-0.039147568796182065,0.12334422225707548,0.0779
1787378072.8396318,-2.478029980743227,1.417708200031337e-06,-3.164303264965135e-05,-2.980569593546062,-0.40389031255732144,5.811630807968495,0.6447,5.812,-2.7687541580366597,-0.11577178456643848,2.276994246261254,0.3129
1787378072.988114,-2.478030075583508,2.513599727791972e-06,-5.294877470817701e-05,-2.563478348063829,-0.3042829153225897,-1.9496845802309606,0.3161,1.950,-3.018849924883206,-0.383317485117586,5.811630807968494,0.6629
1787378073.0559788,-2.4780301739935076,2.8805707235119067e-06,-5.998282536912961e-05,-2.297907685808004,-0.23843619079908465,1.488608659275528,0.2988,1.489,-2.3655280774414176,-0.055408144176234256,0.1563087086716971,0.1254
1787378073.1915836,-2.4780304208075323,3.3479191881638504e-06,-6.880273491810892e-05,-2.2556950319125666,-0.030934923657464253,-0.28917829287215563,0.2245,0.289,-2.611506993526555,-0.06538062796214106,0.9790317130607831,0.1486
1787378073.2636704,-2.4780305557360816,3.4772622304119665e-06,-7.11590769980758e-05,-2.3235732911893923,0.004446152256025203,-0.5175172355542682,0.1545,0.517,-2.5019019436842624,-0.02969802290352286,0.1672500509310255,0.0381
1787378073.3373013,-2.478030691628118,3.550121775337757e-06,-7.237181221082593e-05,-2.285591785486601,0.021431411301356257,-0.7163949659212988,0.1936,0.716,-2.500113859497412,-0.02249447818900393,0.13608314618719683,0.0315
1787378073.4748833,-2.4780309548258015,3.573599362229242e-06,-7.241619399371132e-05,-2.271429704499108,0.029022229075622734,-0.6660952174977672,0.2086,0.666,-2.640300224878536,-0.060796843934579535,0.9997283105636933,0.1733
1787378073.5501523,-2.478031078261483,3.5400803517841558e-06,-7.157776807282674e-05,-2.261162198690537,0.028766525898082713,-0.6279748076856182,0.2188,0.628,-2.631166836434423,-0.05615467640612358,0.9567884705890163,0.1631
1787378073.6335042,-2.4780311944318734,3.4814493284984294e-06,-7.01878554655862e-05,-2.3403336534494943,0.008632449374273179,-0.37594239083819925,0.1380,0.376,-2.544791044399245,-0.012653214698310359,-0.005932982960535062,0.0679
1787378073.786611,-2.4780314038647706,3.318575925676274e-06,-6.660643384528995e-05,-2.383397346329703,0.005199988230272222,-0.3121393052638532,0.0948,0.312,-2.5448115080981313,-0.009647301113068737,-0.03406087021745156,0.0675
1787378073.8555007,-2.4780314967358703,3.2221949994179163e-06,-6.457078625979368e-05,-2.4052679648965047,0.002163131852065566,-0.2499409148789479,0.0728,0.250,-2.5517249655293734,-0.012322231011697686,0.01928674402971532,0.0747
1787378073.9944308,-2.4780316592821383,3.0094789899660424e-06,-6.005505256989422e-05,-2.420160020464309,-1.7071897587201844e-05,-0.23467774968969493,0.0579,0.235,-2.557848780307097,-0.013823038926780211,0.047400153460615234,0.0810
1787378074.062798,-2.478031729645693,2.897714595577857e-06,-5.767731178836049e-05,-2.4562189966349184,-0.0016448935826251284,-0.14934952154528217,0.0219,0.149,-2.5500210133918833,-0.006501367176882289,-0.02293482125391411,0.0723
1787378074.20011,-2.478031850743096,2.6756975129197075e-06,-5.3028429071345485e-05,-2.4676983154329704,-0.0014086366071513678,-0.15247952586295882,0.0104,0.152,-2.543301853927158,-0.003522001356149006,-0.03083200391593348,0.0654
1787378074.2722733,-2.47803190233475,2.56747867012611e-06,-5.0793251626230194e-05,-2.4830570135860786,-0.0013909463130187495,-0.1114642262210033,0.0052,0.111,-2.535035108758638,-0.005140778935924867,-0.008494164614160147,0.0572
1787378074.3450634,-2.4780319485336664,2.46073909454113e-06,-4.855028330381123e-05,-2.4947615629533506,-0.003038264493761704,-0.03896088903295202,0.0170,0.039,-2.554572357052974,-0.005447873466538022,0.03048264099720799,0.0767
1787378074.500958,-2.4780320268141907,2.2584514207192098e-06,-4.435568149885629e-05,-2.5103183543499936,-0.006879342735692972,-0.028578218982486248,0.0330,0.029,-2.5497956775860864,-0.004573546833707519,-0.017181049893586913,0.0719
1787378074.5748687,-2.4780320597557437,2.1636268146923944e-06,-4.2413508076295203e-05,-2.525386252885869,-0.007592686546160235,-0.010649036702527996,0.0480,0.011,-2.551083667546103,-0.007728609783845014,0.02413567163516673,0.0735
1787378074.6472468,-2.4780320889432166,2.071884191850922e-06,-4.0493767588882775e-05,-2.530591263202155,-0.007145559246177657,-0.005364850726307258,0.0530,0.005,-2.5574841873608896,-0.0013140090392400145,-0.017622798930899956,0.0795
1787378074.7893834,-2.4780321378233388,1.9025847038501122e-06,-3.7001083342782586e-05,-2.5382717043492016,-0.00679114889442204,-0.010288612617291545,0.0606,0.010,-2.5400054125567055,-0.006168858561124716,0.017098856937141013,0.0623
1787378074.8607342,-2.478032158163141,1.825069915835332e-06,-3.542829592964714e-05,-2.536454988403532,-0.010001095546133694,0.034576273185221135,0.0593,0.035,-2.53264359848991,-0.009007250169149647,0.05588644321852724,0.0553
1787378075.00951,-2.478032191952534,1.6816784495424903e-06,-3.247381156125586e-05,-2.534031287746974,-0.009374491051035475,0.05403967715511735,0.0568,0.054,-2.5277765310448705,-0.005998031927732539,0.03991162148773439,0.0501
1787378075.0813816,-2.478032205806163,1.6157436418809607e-06,-3.10990942439597e-05,-2.54166431149321,-0.00932700001921093,0.023347056211165916,0.0643,0.023,-2.552152788270771,-0.0015648259026426396,-0.010571216739712612,0.0741
1787378075.1525126,-2.4780322181280807,1.5548218157519441e-06,-2.9867707625535364e-05,-2.551449345470743,-0.005803329280221706,0.008054253211300742,0.0736,0.008,-2.5512249266745974,-0.0018148750205158035,-0.019782687877629566,0.0732
1787378075.2935355,-2.478032238343502,1.443277712403373e-06,-2.7579052620420958e-05,-2.5548543844196634,-0.009057608249464343,0.024257369156460054,0.0774,0.024,-2.551531036810224,-0.00172519514492684,-0.03832896172934276,0.0735
1787378075.3686314,-2.4780322465814866,1.3922815011275461e-06,-2.650974294212387e-05,-2.5550686267310634,-0.004912662899605673,0.01370601593577176,0.0772,0.014,-2.537602259564488,0.0007256735678894986,-0.04097051779447298,0.0596
1787378075.4993522,-2.478032260154867,1.3012791217493342e-06,-2.4646247704212218e-05,-2.5577398212293088,-0.005769989395291176,0.026181226473367108,0.0799,0.026,-2.5501808090408775,-0.0019414692232719696,0.0018691481134405544,0.0722
1787378075.568483,-2.4780322657189204,1.260761013085961e-06,-2.3832282234518872e-05,-2.559888067922487,-0.006083592640097635,0.03718150280467455,0.0821,0.037,-2.5570355813413954,-0.006247030964478528,0.05448365880244249,0.0793
1787378075.649388,-2.4780322705069207,1.222197566471344e-06,-2.3028162149567157e-05,-2.5662719316698994,-0.008717734380070716,0.05205721031526048,0.0887,0.052,-2.5501701460611326,-0.003127538276405541,-0.006382882898040018,0.0722
1787378075.8003898,-2.478032278366889,1.1537902528125634e-06,-2.163024218756133e-05,-2.5650147542151593,-0.009076814756393962,0.058795893315589536,0.0875,0.059,-2.5482455106638433,0.0004782069900692387,-0.033761052343289584,0.0702
1787378075.8694098,-2.478032281581263,1.1236271868509393e-06,-2.1029808100451245e-05,-2.5652881213206933,-0.005747772328939376,0.0410321687999571,0.0874,0.041,-2.548501370816656,-0.0003393660100392696,-0.017255859635676895,0.0705
1787378075.941037,-2.4780322843582048,1.0946875300262514e-06,-2.0419539470786767e-05,-2.5707601504672812,-0.00518465326664551,0.0282484504884388,0.0929,0.028,-2.5473031053819195,0.0010676334928053982,-0.032123475264849106,0.0693
1787378076.0800986,-2.478032288833707,1.0438848349563054e-06,-1.9383828417115665e-05,-2.5718447196211818,-0.006675843064735919,0.07392597943191061,0.0940,0.074,-2.5581664783890323,-0.0029863699824605426,0.03782550007979043,0.0802
1787378076.1468205,-2.4780322906263406,1.021748607335656e-06,-1.8952736792162696e-05,-2.5693657701446577,-0.004930353215692497,0.04267497299692767,0.0915,0.043,-2.547565700137265,0.002256342669087254,-0.035690291121456504,0.0696
1787378076.2891161,-2.4780322935146075,9.813546362073052e-07,-1.8131124754147923e-05,-2.5678803738348908,-0.003547480025497032,0.03180160323638718,0.0899,0.032,-2.554183394753757,0.0020150340553097396,-0.025753373050573493,0.0762
1787378076.3601367,-2.4780322946693922,9.628741055643197e-07,-1.7736001912606047e-05,-2.5690224365443877,-0.002800946492200392,0.06241402468677801,0.0910,0.062,-2.5500209276168415,0.0022465965093885565,0.004432685914717755,0.0720
1787378076.503457,-2.478032296528023,9.308549375964452e-07,-1.708610296391845e-05,-2.572229269317436,-0.0007616890030927598,-0.03334302612735142,0.0942,0.033,-2.554377239974326,0.0012775320249997382,-0.024335352986479254,0.0764
1787378076.5730405,-2.4780322972934345,9.170869191948148e-07,-1.6822480181878315e-05,-2.5710938090418973,-0.0028959821799292764,0.019112262375073828,0.0931,0.019,-2.5499333174941072,0.0018467437673097677,-0.03626754681288802,0.0719
1787378076.6459575,-2.478032297883119,9.035078938223102e-07,-1.653216078475376e-05,-2.569863085146138,-0.003293151885072518,0.04232161349730905,0.0919,0.042,-2.55020596876093,0.0013271682773783693,-0.01171710310828182,0.0722
1787378076.7907624,-2.478032298919425,8.800857626121593e-07,-1.605428634256486e-05,-2.574743641351225,-0.005222899474333454,0.07887785164107906,0.0969,0.079,-2.54863680813785,-9.113698035321269e-05,0.013607676918521269,0.0706
1787378076.8607006,-2.4780322993054087,8.702426090358172e-07,-1.5875361131739858e-05,-2.5688078058973596,-0.00498013118187824,0.08417897222981911,0.0909,0.084,-2.5484511925006865,9.078108328295402e-05,0.022009604314283632,0.0704
1787378077.004738,-2.478032299908756,8.518699163496035e-07,-1.550523716545223e-05,-2.564088451537756,-0.00401559255641327,0.07685330151586546,0.0861,0.077,-2.5453499318982042,-0.002115802325082243,0.035590930533981935,0.0674
1787378077.0776258,-2.47803230014326,8.432236657675935e-07,-1.531164076237745e-05,-2.5633133768433107,-0.00583551751297765,0.08337507946069506,0.0855,0.083,-2.548078980856065,-0.0005913343773453952,0.017224294413125722,0.0700
1787378077.1464097,-2.4780323003331985,8.362284054559699e-07,-1.51911462586888e-05,-2.5617122257533285,-0.006098295363930311,0.08512345797328229,0.0839,0.085,-2.5470328736672223,0.004068532579633767,-0.013298910752340192,0.0691
1787378077.292958,-2.478032300677342,8.228387029478714e-07,-1.4918720654880396e-05,-2.5613992024189676,-0.002759023612361116,0.0754249900288812,0.0834,0.075,-2.536208296545943,0.0006913481581775138,-0.006076390833219035,0.0582
1787378077.3635557,-2.4780323007565057,8.165006625724086e-07,-1.4776584304133603e-05,-2.556906348110777,-0.0017276104811887912,0.03889389380657246,0.0789,0.039,-2.5410462109494714,0.004161790101264124,-0.03795669838622605,0.0632
1787378077.440683,-2.478032300881951,8.115155940490121e-07,-1.4692792468940776e-05,-2.5582564774323084,-0.0011799911291247595,0.0315464558364652,0.0802,0.032,-2.5466831756940396,0.0016382486116752338,-0.0008769231623435199,0.0687
1787378077.5826664,-2.47803230101231,8.018988866928436e-07,-1.4501850107068665e-05,-2.5559449313045364,-0.002100737635149544,0.04556990346376529,0.0779,0.046,-2.535307695005978,0.0026342986906239922,-0.015704447530640663,0.0573
1787378077.6477656,-2.4780323010225827,7.972038708433022e-07,-1.439339997280852e-05,-2.5560457351284374,-0.0021791387901500536,0.05894554485308507,0.0780,0.059,-2.539724055692896,0.0023729617826655494,-0.016094010994635807,0.0617
1787378077.7909281,-2.478032301132442,7.895979030593471e-07,-1.4239158185881947e-05,-2.5546992738711216,-0.0020660676873749603,0.04154757668400998,0.0767,0.042,-2.5434900880938702,0.0009132265092996712,-0.00039354041686162573,0.0655
1787378077.8634632,-2.478032301151327,7.867786807751762e-07,-1.4203888495575677e-05,-2.55633987474826,-0.0033535816471604186,0.05489266803902562,0.0784,0.055,-2.539536720966769,0.0015593433283474,-0.03038079349811353,0.0615
1787378078.0080245,-2.4780323011723158,7.808933690471717e-07,-1.4089038480854005e-05,-2.555146649861346,-0.003149106741101495,0.03189908365001368,0.0772,0.032,-2.546905701444623,-0.0008877578526123611,0.010425709692689779,0.0689
1787378078.0822008,-2.4780323011782266,7.777854922005087e-07,-1.4008601397353021e-05,-2.560843759624311,-0.004082231732025304,0.07824972651481146,0.0829,0.078,-2.551672753214257,0.0006807514144000238,0.01831078739163472,0.0736
1787378078.1537561,-2.4780323011735406,7.759041012307352e-07,-1.399255532985508e-05,-2.558299975099522,-0.004076358323576947,0.05958067572900899,0.0804,0.060,-2.540858276939917,0.0004259228444162001,-0.0007439129633815863,0.0628
1787378078.2932928,-2.47803230121304,7.715925062553729e-07,-1.3905439539952612e-05,-2.5591818938390545,-0.004729748294455606,0.07658981916587156,0.0813,0.077,-2.5453646728651353,-0.00010739664202398866,0.008134148106101054,0.0673
1787378078.3637168,-2.478032301174512,7.692751990792017e-07,-1.38453273257825e-05,-2.558270352941613,-0.005102364838803044,0.06592316394065477,0.0804,0.066,-2.5425821292790247,-0.0007052374264937614,0.007218860531431385,0.0646
1787378078.4413452,-2.4780323012008862,7.679995670271185e-07,-1.3837175090225768e-05,-2.558594958109529,-0.004516476283276821,0.054483147241247885,0.0807,0.054,-2.5340270195159897,0.00019401465086004907,-0.14712127118417812,0.0560
1787378078.5857463,-2.478032301179253,7.649604532929284e-07,-1.3780265059348405e-05,-2.5606114030677225,-0.003225504160771598,-0.006552140635481099,0.0826,0.007,-2.5604123825678706,0.0011761949235988927,-0.06104862768137915,0.0824
1787378078.6618574,-2.478032301183532,7.630927951379535e-07,-1.3724857811308674e-05,-2.5611206176232866,-0.006079596213657009,0.09160556557109825,0.0833,0.092,-2.5499959034481936,-0.00422718609508324,0.07026171681134122,0.0721
1787378078.8088207,-2.4780323011834327,7.607412361548794e-07,-1.3682064954304878e-05,-2.565210357384483,-0.004253898904940575,0.014137113320640618,0.0873,0.014,-2.5553612233666616,0.006004529225389914,-0.19497581783230583,0.0776
1787378078.882017,-2.478032301209459,7.602761723680008e-07,-1.3699268017226021e-05,-2.565533915189683,-0.004249753363323864,0.07071269241060828,0.0876,0.071,-2.5513228218946575,-0.003948859156802048,0.07246190755961293,0.0734
1787378078.9525635,-2.4780323011638266,7.587410713000915e-07,-1.3646482488107221e-05,-2.5647855794687433,-0.005760668442510353,0.08022026306800305,0.0869,0.080,-2.5486129637430617,-0.002224121568329356,0.033141853952175164,0.0706
1787378079.0974257,-2.4780323011405128,7.570488174741717e-07,-1.3617212650923802e-05,-2.560727019519887,-0.01028826553920284,0.12894206007541784,0.0833,0.129,-2.5597056824913973,-0.007646340408707793,0.10346030244576844,0.0820
1787378079.178751,-2.4780323012145304,7.567971787791016e-07,-1.3634274120658839e-05,-2.5651588903992764,-0.011550607543480971,0.15576982074109544,0.0879,0.156,-2.5552537390314276,-0.006347175519929697,0.09949071747784784,0.0775
1787378079.2647672,-2.4780323011342364,7.555938966342793e-07,-1.3592414376647556e-05,-2.5646605371619757,-0.008009869301739208,0.0984955803589394,0.0870,0.099,-2.5525461190305143,-0.002331617719807576,0.02034414465856769,0.0746
1787378079.4078407,-2.4780323011136787,7.543788531878619e-07,-1.3572537616530571e-05,-2.5647768184660187,-0.008525040100899375,0.11210062088442682,0.0872,0.112,-2.552185179961499,-0.004739528171670564,0.06119574365116363,0.0743
1787378079.484489,-2.478032301175344,7.543561364394306e-07,-1.3594297292265625e-05,-2.5618397161179645,-0.006438447593258003,0.08407121411686039,0.0841,0.084,-2.5484011245561935,-0.0020703912848463435,0.024278634498441382,0.0704
1787378079.5571313,-2.478032301091091,7.533540514849185e-07,-1.3556570994581693e-05,-2.5624383285017927,-0.006313929459924598,0.0750733273171457,0.0846,0.075,-2.55308021328175,-0.0026144372346508953,0.024940002431085646,0.0751
1787378079.698247,-2.478032301119031,7.524067035898823e-07,-1.3537684984458888e-05,-2.5639234525545636,-0.008820781682982427,0.1199366482567561,0.0863,0.120,-2.5486413362383926,-0.002873553456786997,0.04431614596983112,0.0707
1787378079.7698302,-2.478032301147506,7.525967960421323e-07,-1.3567942981954504e-05,-2.5612795835893176,-0.006792805123936613,0.09416116036037095,0.0835,0.094,-2.548401735177602,-0.0028080394296164206,0.03956254219220447,0.0704
1787378079.9100156,-2.478032301129126,7.519217578443212e-07,-1.3558786187868887e-05,-2.560182818386606,-0.005018379438136383,0.05332532542984052,0.0823,0.053,-2.5498145157260312,-0.0007079810692745647,-0.006388091659906117,0.0718
1787378079.9834652,-2.478032301084132,7.510493356104465e-07,-1.3519222957641394e-05,-2.5621503063005253,-0.007001924856219916,0.10704332279432213,0.0844,0.107,-2.551322823596036,-0.003948976281419542,0.06572344916990101,0.0734
1787378080.058185,-2.4780323011090903,7.513547083486647e-07,-1.3551863469461145e-05,-2.5571652202612154,-0.006521865119874815,0.07879485713914115,0.0794,0.079,-2.539696253350418,-0.0028143164209245074,0.02751555074030171,0.0617
1787378080.205318,-2.4780323011397614,7.507952704379818e-07,-1.3540596251513416e-05,-2.553174715859042,-0.0058996458252368374,0.0811468300679262,0.0754,0.081,-2.5381839651914153,-0.00271218640336311,0.037629329068410045,0.0602
1787378080.276413,-2.4780323010617247,7.50068454171386e-07,-1.3508159807754918e-05,-2.5501482599511833,-0.005606373458563848,0.08677975090774587,0.0723,0.087,-2.5421333311495595,-0.0023791382987042135,0.04281961476642589,0.0641
1787378080.3462996,-2.4780323011270906,7.503850390268578e-07,-1.353653123134613e-05,-2.5515455961806195,-0.005489754593836697,0.0853226478315813,0.0737,0.085,-2.5405929603374973,-0.0018510555005007744,0.030472105451821788,0.0626
1787378080.4842885,-2.4780323011103063,7.500449384988497e-07,-1.3533929829603437e-05,-2.550584821884167,-0.004506769513354768,0.04861876269889851,0.0727,0.049,-2.543651904376799,-0.0011832986527686505,0.002509427427580994,0.0656
1787378080.5560377,-2.478032301028647,7.493851195142438e-07,-1.3502894953171584e-05,-2.549869691880173,-0.003654273232170488,0.04158965899833065,0.0719,0.042,-2.541252857684131,-0.0003108487719316439,-0.004525774334673643,0.0632
1787378080.7021024,-2.478032301061713,7.49042811489626e-07,-1.3495773423191943e-05,-2.5497809619007623,-0.004207404341146328,0.04641178521743017,0.0719,0.046,-2.551151189438034,0.00043506870977543357,-0.01019273099334487,0.0731
1787378080.7718227,-2.478032301092671,7.494998292486578e-07,-1.3531190340764942e-05,-2.551417874666064,-0.004087746820410297,0.06002764523060559,0.0735,0.060,-2.5412518926695977,-0.0018229626834357364,0.02924993846843684,0.0632
1787378080.9092853,-2.4780323010790517,7.492966699198069e-07,-1.3531094463411016e-05,-2.549004482201029,-0.004185832346722366,0.061715756295786524,0.0711,0.062,-2.551538729412121,-0.003339344783425922,0.06301498280142198,0.0736
1787378080.9843025,-2.4780323010363223,7.486324188196378e-07,-1.3495498070931783e-05,-2.5523839090242904,-0.005383993648118878,0.09042994386968806,0.0745,0.090,-2.548445119302429,-0.0011910336347596702,0.0020414515689769295,0.0704
1787378081.0566518,-2.478032301114733,7.490464977429956e-07,-1.352555220478125e-05,-2.551707609070401,-0.0035865846469202356,0.04265730930865764,0.0738,0.043,-2.541241029186223,-0.0026915125833189483,0.03569603054211672,0.0633
1787378081.2001383,-2.4780323011063303,7.488984826494599e-07,-1.3526265157818398e-05,-2.5507747980309863,-0.004704455084959706,0.06300899981123902,0.0729,0.063,-2.542766601625132,-0.0034378941691755277,0.05241596990309336,0.0648
1787378081.2726812,-2.478032301027223,7.483250761007088e-07,-1.3496693590110653e-05,-2.5496703030971424,-0.005415089354260251,0.07329340200540882,0.0718,0.073,-2.5412410291970087,-0.0026915144790791703,0.03558667058514106,0.0633
1787378081.3460214,-2.4780323010931955,7.4878065097858e-07,-1.3527639688578359e-05,-2.5481839678298726,-0.004991238949485501,0.07482407508682669,0.0703,0.075,-2.5383867968936333,-0.002084342402124365,0.03478236436037348,0.0604
1787378081.4998238,-2.4780323010784535,7.486849931182579e-07,-1.3529511809031219e-05,-2.5476929644726725,-0.004289196830506347,0.04498724607452528,0.0698,0.045,-2.548241578154345,-0.00342525731192327,0.05181706162156919,0.0703
1787378081.5689657,-2.478032301049113,7.480500398576067e-07,-1.3494207490143114e-05,-2.5497785744716697,-0.004348086367093885,0.059425937332606336,0.0719,0.059,-2.5429865540938295,-0.0013319988473677838,0.01758915376485308,0.0650
1787378081.642628,-2.4780323010813454,7.485835854776724e-07,-1.3530921488523125e-05,-2.5485574380392957,-0.005734793234899656,0.08610411797917353,0.0708,0.086,-2.5383781825427536,-0.003714264100578531,0.058641801980362535,0.0605
1787378081.7967818,-2.478032301070001,7.485157306216881e-07,-1.3533065775390416e-05,-2.548099100728049,-0.005485806923154223,0.07638587740374372,0.0703,0.076,-2.5427896544424518,-0.0016260687530528111,0.024203085647971554,0.0648
1787378081.869784,-2.4780323010282714,7.479112042546804e-07,-1.3498433173196665e-05,-2.5473495249532867,-0.0043481628952351005,0.052644215581017804,0.0695,0.053,-2.539727841565556,-0.0018402340624333678,0.017694573855903145,0.0617
1787378081.942358,-2.4780323010563134,7.484631166260354e-07,-1.3535574411223302e-05,-2.548615951604981,-0.005188840815142157,0.08730591980356402,0.0708,0.087,-2.5443020357485655,-0.0033157339137724253,0.062011129516118646,0.0664
1787378082.0882685,-2.4780323010926524,7.483395173511504e-07,-1.3532158522459384e-05,-2.5490799501061967,-0.00449448734981457,0.06417935048153507,0.0712,0.064,-2.541244145164116,-0.0040744444488442074,0.07917843843045819,0.0633
1787378082.158987,-2.478032301017213,7.478049799321566e-07,-1.350313279289e-05,-2.547753388461958,-0.004779441056135786,0.07213044673648235,0.0699,0.072,-2.541448931543181,-0.0020934820408081826,0.03455954519582525,0.0635
1787378082.2974224,-2.478032301006293,7.477722676654775e-07,-1.3505780569081597e-05,-2.553680299633942,-0.012089814159389685,0.05713870758202288,0.0766,0.057,-2.5399000461143686,-0.0020918719452650875,0.045716460571243206,0.0619
1787378082.3701568,-2.478032301072658,7.48271207067885e-07,-1.3537395390722561e-05,-2.548054577598366,-0.00509561318576431,0.09744687275850106,0.0702,0.097,-2.5427667456623646,-0.0033194016770958634,0.07322534827649195,0.0648
1787378082.445102,-2.4780323009930147,7.477493743004581e-07,-1.3508686428093233e-05,-2.549004018834077,-0.0063008898400556705,0.1138624595285219,0.0713,0.114,-2.5425954699883313,-0.0004801794187469756,0.010888511907134302,0.0646
1787378082.5920613,-2.4780323010297103,7.476509630369448e-07,-1.3505582505054048e-05,-2.5484015601749914,-0.004055493345298145,0.061631626574496175,0.0705,0.062,-2.5453903176055204,-0.0018184608019782482,0.0393483817847397,0.0674
1787378082.6712215,-2.4780323010623064,7.482155609131816e-07,-1.3542724482226268e-05,-2.549605400269238,-0.0054582663463683245,0.10156447556037293,0.0718,0.102,-2.5440823375508246,-0.004563883687529869,0.08989072894262717,0.0662
1787378082.749904,-2.478032301022351,7.476313781799339e-07,-1.3508277113768296e-05,-2.550163971547432,-0.005459017825579603,0.10300901623307646,0.0723,0.103,-2.545600239615777,-0.0029203035369150397,0.065589494080838,0.0676
1787378082.8950536,-2.4780323010102405,7.476222343744837e-07,-1.3511246797214718e-05,-2.550763982701522,-0.005215054523942057,0.09765338220651913,0.0729,0.098,-2.545619147411723,-0.002854689687432456,0.051493283101598925,0.0676
1787378082.9758165,-2.478032301038587,7.48196412777251e-07,-1.3548647778408435e-05,-2.550322429914336,-0.0041529779077921734,0.059325533917423345,0.0724,0.059,-2.542789654383558,-0.0016260730492723642,0.02395546275855767,0.0648
1787378083.0518234,-2.4780323009964746,7.476185766637391e-07,-1.3514389669510216e-05,-2.5497614779284583,-0.005122105915404606,0.09282825137466202,0.0719,0.093,-2.5438525544403365,-0.004089705185773258,0.0792837576217162,0.0659
1787378083.19836,-2.478032301000341,7.475949371015889e-07,-1.3516789086795165e-05,-2.5501524455096827,-0.0066864901395444435,0.12531919205825923,0.0724,0.125,-2.5468910339189796,-0.0025655380614813725,0.05606081292433925,0.0689
1787378083.2739093,-2.4780323010683976,7.481044304218976e-07,-1.3548405404408123e-05,-2.5515256221132514,-0.004939941541312492,0.08083362610468864,0.0737,0.081,-2.548181479593864,-0.00286325002580609,0.051596088367916716,0.0702
1787378083.3505323,-2.4780323009899194,7.475928794365425e-07,-1.3519692850915845e-05,-2.5515491126725944,-0.004850873616807538,0.07922823334948141,0.0737,0.079,-2.5456191473960117,-0.0028546903474802364,0.05145539879616537,0.0676
1787378083.498284,-2.4780323010283625,7.475131209205886e-07,-1.3516554050701432e-05,-2.5518371203889183,-0.004642401810767407,0.07367517262663871,0.0740,0.074,-2.5397245899315135,-0.0010787281979042706,0.011458773577264002,0.0617
1787378083.5692394,-2.4780323010616603,7.480860543196356e-07,-1.3553663592136772e-05,-2.549288693372924,-0.0035070285534403644,0.04575228935815654,0.0713,0.046,-2.542789654358654,-0.001626073796993731,0.023912364120461792,0.0648
1787378083.6462781,-2.4780323010223184,7.475095829900878e-07,-1.3519172141360247e-05,-2.549422059658736,-0.003753301315015261,0.0719348035576843,0.0715,0.072,-2.5468910339056263,-0.0025655385358416515,0.056033674984744375,0.0689
1787378083.801282,-2.4780323010112166,7.475142024906435e-07,-1.3522029813828591e-05,-2.550154316646413,-0.0038250221669536054,0.07029464669293473,0.0722,0.070,-2.5410654603026073,0.0001632167226094334,-0.005282733667751565,0.0630
1787378083.8736374,-2.4780323010399896,7.480944895712648e-07,-1.3559362536541369e-05,-2.5481941034558773,-0.0029098245029482626,0.05246773665193997,0.0702,0.052,-2.5427683097573595,-0.001617591328723386,0.03494759639695079,0.0648
1787378083.948714,-2.478032300998225,7.475223390020734e-07,-1.3525031327237037e-05,-2.5483397489854753,-0.003386780054659487,0.06326872900538903,0.0704,0.063,-2.54406572768365,-0.00208475987051744,0.04536958688898222,0.0661
1787378084.0959353,-2.47803230100269,7.475087945544461e-07,-1.3527264782620254e-05,-2.5487487274096274,-0.0036987164507217237,0.06781734698715725,0.0708,0.068,-2.5469008024358053,-0.0033299826337252142,0.06201121632229437,0.0689
1787378084.1734083,-2.4780323010709946,7.480227820975114e-07,-1.3558791484614612e-05,-2.5486887124134414,-0.005156755500935092,0.0936077365310294,0.0708,0.094,-2.5427762419363598,-0.004082199010573162,0.07906041269830576,0.0649
1787378084.245219,-2.4780323009927314,7.475153774212119e-07,-1.3529983395514126e-05,-2.548323959188866,-0.005615104817838325,0.1002916289590132,0.0705,0.100,-2.542789654330609,-0.001626074242183653,0.023886704484548993,0.0648
1787378084.3936057,-2.4780323009802596,7.475258265340868e-07,-1.3532858205243018e-05,-2.547569594218351,-0.004175415809376365,0.060104028207042186,0.0697,0.060,-2.54278965432788,-0.0016260742689921716,0.023885157441250263,0.0648
1787378084.4643862,-2.478032301046285,7.480432827189755e-07,-1.3564530331783028e-05,-2.5474313513964706,-0.003322528217474208,0.04747203785839765,0.0695,0.047,-2.542789654325353,-0.0016260742925301474,0.02388380066441788,0.0648
1787378084.6074648,-2.47803230105054,7.480332306888037e-07,-1.3566706905370715e-05,-2.5480128006822413,-0.0038372231458146753,0.06464802592727469,0.0701,0.065,-2.5456191473526006,-0.0028546911211433683,0.051410989268531194,0.0676
1787378084.6811118,-2.47803230101085,7.474604194254838e-07,-1.3532155920781962e-05,-2.548937058205253,-0.004264621241737452,0.07097777389558413,0.0710,0.071,-2.545619147350092,-0.002854691138996257,0.05140996424790502,0.0676
1787378084.7582867,-2.4780323010404057,7.480421989993543e-07,-1.35693505734304e-05,-2.54925558942908,-0.004312165234071189,0.07166412854228055,0.0714,0.072,-2.54279344959192,-0.000756777195351058,0.01705845912873956,0.0648
1787378084.8993547,-2.4780323010278034,7.480548820018704e-07,-1.3572151044470708e-05,-2.5485240159414255,-0.003021093286892676,0.048893698957751607,0.0706,0.049,-2.542793449589539,-0.000756777210404688,0.017057590445974095,0.0648
1787378084.9680455,-2.4780323009858813,7.474854056996284e-07,-1.3537745610797155e-05,-2.548414494113734,-0.0030080412977999227,0.057818458419192746,0.0704,0.058,-2.5456093147298082,-0.0020907672140117357,0.045415498836993466,0.0676
1787378085.1099162,-2.47803230099011,7.47476603056254e-07,-1.3539826593436112e-05,-2.5487819461055117,-0.0032726090118976215,0.061777941144093886,0.0708,0.062,-2.545619147335839,-0.0028546912266189427,0.05140493292333298,0.0676
1787378085.1785905,-2.478032301058337,7.479926788831566e-07,-1.3571274449390732e-05,-2.5490181344897707,-0.003845508513885081,0.06510923424021337,0.0711,0.065,-2.542779561443367,-0.0008633103913625157,0.017890478623005815,0.0648
1787378085.2473087,-2.478032300980004,7.474871871790791e-07,-1.3542384041772328e-05,-2.548536162634563,-0.0031125604058045353,0.05930758010747916,0.0706,0.059,-2.544082337482346,-0.004563885731392469,0.089773284374249,0.0662
1787378085.38921,-2.4780323009674503,7.475010404047204e-07,-1.354509160574145e-05,-2.548078266924262,-0.005491196444533297,0.10252750387511207,0.0703,0.103,-2.544082337480091,-0.00456388573992162,0.08977279349303935,0.0662
1787378085.4622955,-2.4780323010334704,7.480200460850044e-07,-1.357667893324974e-05,-2.5479503284433687,-0.0057996620977725745,0.10695263661883472,0.0702,0.107,-2.544082337478026,-0.004563885747806814,0.08977234163155445,0.0662
1787378085.6012185,-2.4780323010377034,7.48012222585913e-07,-1.3578673309520208e-05,-2.5478939414881783,-0.005935358407630081,0.10890444625465602,0.0701,0.109,-2.5427934495662545,-0.0007567773094808966,0.017051882082247997,0.0648
1787378085.6706364,-2.478032300998017,7.474407425238556e-07,-1.3544036590213126e-05,-2.547239751603301,-0.004795895992648281,0.09222468606781666,0.0694,0.092,-2.544082337471551,-0.004563885767803074,0.08977119062342435,0.0662
1787378085.7411926,-2.4780323010275884,7.480236746523945e-07,-1.3581145197554258e-05,-2.546253487179152,-0.003065991042478724,0.04706322641601564,0.0683,0.047,-2.5410469219781717,-0.0005819103175533596,0.011521567744976173,0.0630
1787378085.88726,-2.478032301066327,7.479554021639831e-07,-1.3577549878566707e-05,-2.545055077258963,-0.0019044928734738456,0.030042446361472755,0.0670,0.030,-2.541046921976119,-0.0005819103223297711,0.011521293169704646,0.0630
1787378085.9612706,-2.478032300991875,7.474453882696662e-07,-1.354838126425895e-05,-2.5453419904376946,-0.0018749482244404636,0.032517791700874016,0.0673,0.033,-2.5427934495553197,-0.0007567773354796039,0.01705037993845519,0.0648
1787378086.1024003,-2.4780323010349083,7.475405840593125e-07,-1.3556990606584444e-05,-2.5455028671334032,-0.002405263861390022,0.034616397514992014,0.0675,0.035,-2.541075888814084,-0.0005988246563656523,0.0006633068234813906,0.0630
1787378086.1739178,-2.4780323010687746,7.479989810260461e-07,-1.3582950667194104e-05,-2.5451726427812353,-0.002390137790942012,0.03416145518140743,0.0672,0.034,-2.5427896542696935,-0.0016260745460655805,0.023869183760408495,0.0648
1787378086.2424166,-2.4780323010312455,7.47564864798353e-07,-1.356002671831355e-05,-2.545611190661222,-0.0026862492976251076,0.03854859506647009,0.0676,0.039,-2.5427896542655875,-0.0016260745521003467,0.023868835897370173,0.0648
1787378086.392163,-2.4780323010731005,7.475024851996063e-07,-1.355684641161392e-05,-2.5453494320036456,-0.0025780798871157693,0.03700267971456038,0.0674,0.037,-2.5427896542634665,-0.0016260745547600536,0.023868682506756837,0.0648
1787378086.463538,-2.478032301069236,7.480162832183314e-07,-1.3588144123082083e-05,-2.5457661472192328,-0.0027459486709819052,0.03941313149661571,0.0678,0.039,-2.542789654261555,-0.0016260745572060206,0.023868541364568806,0.0648
1787378086.6075397,-2.478032301061751,7.480305672006129e-07,-1.3590775344849216e-05,-2.545607530793936,-0.00266186545729046,0.03821405654660745,0.0676,0.038,-2.5427896542594923,-0.0016260745594590977,0.023868411492910455,0.0648
1787378086.6823883,-2.478032301060047,7.475285409895918e-07,-1.3562057925329021e-05,-2.545833388881714,-0.0027461916880081646,0.03942837513184538,0.0679,0.039,-2.542789654255579,-0.0016260745634356659,0.023868182036574905,0.0648
1787378086.7540429,-2.4780323010510137,7.480471918906273e-07,-1.3593534810824834e-05,-2.5455514446089897,-0.002633541063263402,0.03782541967095655,0.0676,0.038,-2.542789654251733,-0.0016260745668030415,0.023867987769013808,0.0648
1787378086.895078,-2.478032301089607,7.479819882768516e-07,-1.359017455836753e-05,-2.5456127001412407,-0.002659792070792172,0.038206455382611436,0.0676,0.038,-2.5427896542499173,-0.0016260745682875309,0.02386790211169643,0.0648
1787378086.9675047,-2.478032301053539,7.475395427617847e-07,-1.3566877844351738e-05,-2.5451566630947773,-0.0020348577388174085,0.020982593697821093,0.0672,0.021,-2.5410758887905063,-0.0005988246834001964,0.0006617494812574571,0.0630
1787378087.0432096,-2.4780323010836915,7.479902716192881e-07,-1.3592520736650616e-05,-2.5450991948073023,-0.0022816439541490496,0.032645098140644396,0.0671,0.033,-2.5410758887868035,-0.000598824685809535,0.0006616102351500683,0.0630
1787378087.1931994,-2.4780323010726484,7.480045805566781e-07,-1.3595071557254614e-05,-2.544864412864111,-0.0022624072977985746,0.03240664301207364,0.0669,0.032,-2.5427896542424926,-0.0016260745731255604,0.02386762265409816,0.0648
1787378087.2675478,-2.478032301031978,7.475674686292138e-07,-1.3571965989516309e-05,-2.54516360066938,-0.0025041822444534347,0.03601579016442642,0.0672,0.036,-2.542789654240573,-0.001626074574103783,0.02386756616252842,0.0648
1787378087.4083245,-2.4780323010695167,7.475013764229887e-07,-1.35684736244055e-05,-2.5452949684699333,-0.0025664664496297942,0.03691027464628393,0.0673,0.037,-2.542789654236984,-0.001626074575835986,0.023867466358380225,0.0648
1787378087.4788654,-2.4780323010639913,7.48013802546278e-07,-1.3599627833987246e-05,-2.545208688016054,-0.0025271665681505582,0.03635086730957048,0.0672,0.036,-2.542789654235304,-0.001626074576597331,0.023867422353618332,0.0648
1787378087.55329,-2.478032301062759,7.475091059153008e-07,-1.3570700837864492e-05,-2.5451671325033565,-0.002491963550382088,0.03585635272038285,0.0672,0.036,-2.542789654233469,-0.0016260745772980153,0.023867381864135177,0.0648
1787378087.7065227,-2.4780323010510714,7.475230594549049e-07,-1.3573140147143755e-05,-2.545437349303498,-0.002597981701377215,0.037379814514675765,0.0675,0.037,-2.5427896542300004,-0.001626074578537135,0.023867310331633362,0.0648
1787378087.7779744,-2.478032301041128,7.480410186231907e-07,-1.3604493976304204e-05,-2.545345966793311,-0.0025349114311485617,0.036480178728392626,0.0674,0.036,-2.5427896542283692,-0.001626074579082957,0.023867278792456297,0.0648
1787378087.8522117,-2.4780323010375875,7.475389391915852e-07,-1.3575702330319004e-05,-2.5451752929696188,-0.002465927866299403,0.03550305500011279,0.0672,0.036,-2.542789654226588,-0.0016260745795842171,0.02386724977277994,0.0648
1787378088.007957,-2.4780323010416376,7.475318315734345e-07,-1.3577481682072478e-05,-2.545403695059008,-0.002558319282946624,0.03683187234308442,0.0674,0.037,-2.5410758887658402,-0.0005988246942163252,0.000661124689339239,0.0630
1787378088.0724576,-2.478032301071309,7.479822143194792e-07,-1.3603013340887065e-05,-2.5446073648819634,-0.0018678287214625884,0.018713099783947973,0.0666,0.019,-2.5410758887658402,-0.0005988246942163252,0.000661124689339239,0.0630
1787378088.2069755,-2.4780323010595025,7.479959936155156e-07,-1.3605347257842894e-05,-2.5445626712017586,-0.0016651619969342726,0.01564723954745803,0.0666,0.016,-2.542789654218411,-0.0016260745815359274,0.023867135964314796,0.0648
1787378088.2782698,-2.478032301069791,7.474758687203763e-07,-1.357592318776876e-05,-2.5445874283739376,-0.0020773856191510787,0.02982425135594338,0.0666,0.030,-2.542789654216697,-0.0016260745818507337,0.023867118356511913,0.0648
1787378088.359748,-2.47803230106463,7.479876287995685e-07,-1.360692631616522e-05,-2.544745318003842,-0.0023573331023444217,0.03398138148314719,0.0668,0.034,-2.5427896542151838,-0.001626074582130432,0.023867102155889778,0.0648
1787378088.5026946,-2.478032301055063,7.479987411909304e-07,-1.360899427209682e-05,-2.5448418890184543,-0.0024173853147096773,0.034843936122571105,0.0669,0.035,-2.542789654212029,-0.0016260745826277602,0.023867073534211365,0.0648
1787378088.5784476,-2.4780323010525227,7.474954986908769e-07,-1.3580007180405676e-05,-2.54488305064924,-0.00239074370344692,0.03447029864096935,0.0669,0.034,-2.5427896542103814,-0.0016260745828455313,0.02386706091457806,0.0648
1787378088.6530278,-2.478032301042792,7.480131440253243e-07,-1.3611223501943148e-05,-2.5448899945105947,-0.002398655070922672,0.03458788164842786,0.0669,0.035,-2.5427896542072905,-0.0016260745832295637,0.023867038620062172,0.0648
1787378088.7961447,-2.4780323010802565,7.479464243753372e-07,-1.3607360835607257e-05,-2.544939364754522,-0.002409558950387326,0.03474814426023433,0.0670,0.035,-2.5427896542058477,-0.0016260745833988528,0.02386702879049872,0.0648
1787378088.8687024,-2.478032301043739,7.475034207943612e-07,-1.3583821168600498e-05,-2.5443084904690663,-0.0017642209962091845,0.017265172036557384,0.0663,0.017,-2.541075888746862,-0.000598824697287911,0.0006609459306006884,0.0630
1787378089.009741,-2.4780323010336263,7.475151993909326e-07,-1.358582695243722e-05,-2.5444593478779196,-0.002097579511748807,0.030158368520807145,0.0665,0.030,-2.54278965420285,-0.0016260745836842222,0.023867011424289628,0.0648
1787378089.0876124,-2.478032301061885,7.479674025765825e-07,-1.3611320221919448e-05,-2.544074785169011,-0.0016443721381599824,0.015498673100847066,0.0661,0.016,-2.5427896541998916,-0.0016260745839356274,0.02386699672262104,0.0648
1787378089.1636112,-2.4780323010209844,7.475300861824663e-07,-1.3587991171253033e-05,-2.543835457412567,-0.0016001914394781313,0.014891239628969778,0.0658,0.015,-2.5410758887409477,-0.0005988246977735549,0.000660916424869462,0.0630
1787378089.308231,-2.478032301058171,7.474637764480702e-07,-1.3584066508235663e-05,-2.5439797106637227,-0.0019435381029626075,0.027932677153896933,0.0660,0.028,-2.541075888738056,-0.0005988246979781108,0.0006609049733747396,0.0630
1787378089.3876157,-2.4780323010525183,7.479761617581679e-07,-1.3615010816442046e-05,-2.5440581558995583,-0.00204420313761499,0.02944446352479088,0.0661,0.029,-2.542789654194102,-0.0016260745827365618,0.023866973711608216,0.0648
1787378089.4641428,-2.4780323010511744,7.474714613767185e-07,-1.358587682166186e-05,-2.5436406413183668,-0.0015769451411712905,0.014578314162453582,0.0656,0.015,-2.5410758887352203,-0.0005988246981430902,0.0006608952787036831,0.0630
1787378089.6084192,-2.4780323010393297,7.474854990208125e-07,-1.3587913250196671e-05,-2.544005588117784,-0.0020188728051393576,0.02908038329037389,0.0660,0.029,-2.542789654191279,-0.0016260745844808987,0.023866964819925413,0.0648
1787378089.680812,-2.4780323010293377,7.480035284837799e-07,-1.3619070266671311e-05,-2.5442910688481235,-0.0022150112961222502,0.032013752031664754,0.0663,0.032,-2.5427896541885002,-0.001626074584620278,0.023866957268676697,0.0648
1787378089.7540495,-2.4780323010257517,7.475015554088296e-07,-1.3590085697416947e-05,-2.544503553228376,-0.00230152106926443,0.03325440950762581,0.0665,0.033,-2.542789654187046,-0.0016260745846790779,0.023866953939102962,0.0648
1787378089.8954768,-2.478032301029754,7.474946906826214e-07,-1.3591487221438461e-05,-2.544476983801685,-0.0022652067926920965,0.03273658724858602,0.0665,0.033,-2.5410758887269362,-0.0005988246984966083,0.0006608742411061372,0.0630
1787378089.957211,-2.478032301059415,7.479452086584383e-07,-1.3616834256968335e-05,-2.543914700469969,-0.00166263321669161,0.01583648730227036,0.0659,0.016,-2.5410758887269362,-0.0005988246984966083,0.0006608742411061372,0.0630
1787378090.1026354,-2.478032301047607,7.479592942841163e-07,-1.3618807594531243e-05,-2.543788378686908,-0.0014182003162044941,0.012188633644988265,0.0658,0.012,-2.542789654180432,-0.0016260745848850923,0.023866940881856393,0.0648
1787378090.1726644,-2.4780323010066407,7.4752216420025e-07,-1.3595421183547053e-05,-2.5434511304476315,-0.0014647845612685594,0.012995402656502404,0.0654,0.013,-2.5410758887216303,-0.0005988246986289714,0.0006608650454538727,0.0630
1787378090.242692,-2.478032301034093,7.479753692057293e-07,-1.3620917029253826e-05,-2.543761474620273,-0.0019056868949527792,0.027478234820148932,0.0658,0.027,-2.541075888719038,-0.0005988246986994139,0.0006608614767953964,0.0630
1787378090.3908246,-2.4780323010380823,7.479686376716437e-07,-1.3622265898382267e-05,-2.54365843148479,-0.0018671468306263482,0.026908894169169948,0.0657,0.027,-2.5427896541752424,-0.001626074583593293,0.023866933694262682,0.0648
1787378090.46656,-2.4780323010367296,7.474640576748536e-07,-1.3593075437447034e-05,-2.5433482069890774,-0.0014700208843000605,0.013071498816980704,0.0653,0.013,-2.5410758887164966,-0.000598824698746899,0.0006608584554529365,0.0630
1787378090.6062698,-2.478032301024888,7.474782949406795e-07,-1.3594999472966948e-05,-2.5437103519276,-0.0019094539942968998,0.02755312002562681,0.0657,0.028,-2.5427896541713833,-0.0016260745836298846,0.023866929688056676,0.0648
1787378090.678949,-2.4780323010662033,7.479135269641694e-07,-1.3619882893700545e-05,-2.543922374548335,-0.0020837170504559143,0.030175290531358128,0.0659,0.030,-2.5427896541702273,-0.0016260745836485743,0.023866928560530836,0.0648
1787378090.7525651,-2.4780323010300953,7.474702843171836e-07,-1.359617164680722e-05,-2.5435524775591496,-0.0015719874853067828,0.014602179012383398,0.0655,0.015,-2.542789654167786,-0.0016260745851236424,0.02386692659394858,0.0648
1787378090.8934069,-2.4780323010206566,7.474817312870747e-07,-1.3597842814402894e-05,-2.543835559490131,-0.0019363719008053946,0.027945808159519882,0.0658,0.028,-2.541075888709071,-0.0005988246988482736,0.000660851899091568,0.0630
1787378090.9619145,-2.478032301049188,7.479338284748589e-07,-1.3623172972823701e-05,-2.543633027390841,-0.0018194667015492868,0.02624173665139403,0.0656,0.026,-2.5427896541653667,-0.001626074583553981,0.02386692487888282,0.0648
1787378091.1023786,-2.4780323010362406,7.479495038251454e-07,-1.3625083655985431e-05,-2.5432711375512005,-0.0014197380046958546,0.012381092930743768,0.0653,0.012,-2.5427896541629913,-0.0016260745851716827,0.023866923479429054,0.0648
1787378091.174111,-2.4780323010461385,7.474301340467597e-07,-1.3595450051275016e-05,-2.543217280194973,-0.0014144135742182582,0.012311619620398907,0.0652,0.012,-2.541075888704306,-0.0005988246988760831,0.0006608490330701021,0.0630
1787378091.243971,-2.4780323010406535,7.479425325359311e-07,-1.3626242184709632e-05,-2.5435193570151076,-0.0018219770695660112,0.026311397632199862,0.0655,0.026,-2.541075888701981,-0.0005988246989031002,0.0006608479210460121,0.0630
1787378091.3855703,-2.478032301030601,7.47954796830383e-07,-1.3627896670113051e-05,-2.543202328689222,-0.0014011047916880838,0.012103975011168918,0.0652,0.012,-2.542789654158319,-0.00162607458520652,0.02386692124731136,0.0648
1787378091.4641511,-2.478032301027893,7.474520774731108e-07,-1.3598706558189873e-05,-2.543166766541949,-0.0013945861582925331,0.012027159205946058,0.0651,0.012,-2.54107588869968,-0.0005988246989031678,0.0006608469792097992,0.0630
1787378091.5427117,-2.4780323010180125,7.479701771643252e-07,-1.3629720170985163e-05,-2.543401479790732,-0.0017627163368191486,0.025445525486514117,0.0654,0.025,-2.5410758886974234,-0.0005988246989243738,0.0006608461822191514,0.0630
1787378091.6834655,-2.478032301055288,7.479042978571345e-07,-1.3625460079671601e-05,-2.543412930806917,-0.0017920336230782994,0.025901099518562433,0.0654,0.026,-2.542789654153805,-0.001626074584618088,0.02386691963667069,0.0648
1787378091.7527106,-2.4780323010187217,7.474616945548729e-07,-1.3601726326529455e-05,-2.543070872603106,-0.0013692084813275737,0.01167367052064382,0.0651,0.012,-2.5427896541516084,-0.0016260745852384763,0.023866919026680936,0.0648
1787378091.903939,-2.478032301008548,7.474741764288328e-07,-1.3603348696233161e-05,-2.5433719570680577,-0.0017713587996392882,0.02560076408272119,0.0654,0.026,-2.5410758886929994,-0.0005988246989381761,0.000660844935997509,0.0630
1787378091.9790773,-2.4780323010367944,7.479266736169082e-07,-1.3628651420462598e-05,-2.5434250168626966,-0.001805949404824432,0.026128778643683463,0.0654,0.026,-2.5427896541494297,-0.001626074584573223,0.02386691848912346,0.0648
1787378092.050128,-2.4780323009959053,7.47489697429008e-07,-1.3605138601294193e-05,-2.5430349509335337,-0.0013550514992655353,0.011482731067039408,0.0650,0.011,-2.5410758886908402,-0.0005988246989427748,0.0006608444522932233,0.0630
1787378092.1958392,-2.4780323010331404,7.474239598951292e-07,-1.360084814549402e-05,-2.543449341840914,-0.0018229110932258983,0.026388876547273486,0.0654,0.026,-2.5410758886887055,-0.0005988246989335033,0.0006608440425525172,0.0630
1787378092.2680428,-2.4780323010275134,7.479365873426188e-07,-1.3631610752544309e-05,-2.5433299077981557,-0.0017775592744132785,0.02572051180210723,0.0653,0.026,-2.542789654145157,-0.0016260745842737645,0.023866917661879358,0.0648
1787378092.338142,-2.4780323010262233,7.474321766792616e-07,-1.360230161801564e-05,-2.543019021923349,-0.001333153873183322,0.011149801191661009,0.0650,0.011,-2.542789654143076,-0.00162607458525949,0.02386691736043119,0.0648
1787378092.483908,-2.478032301014484,7.474467124288188e-07,-1.3603990246501272e-05,-2.543235768468383,-0.0016889182143896057,0.024401379160968014,0.0652,0.024,-2.54107588868454,-0.0005988246989369125,0.0006608434024048934,0.0630
1787378092.5578482,-2.4780323010558396,7.478820668857576e-07,-1.3628756256257679e-05,-2.5433232634424305,-0.0017644785615122556,0.0255552414243079,0.0653,0.026,-2.542789654141018,-0.0016260745850621198,0.023866917086867834,0.0648
1787378092.7067506,-2.478032301049959,7.478892081171573e-07,-1.3630056490733378e-05,-2.5428888546651836,-0.0013191475209389024,0.011022502432344955,0.0649,0.011,-2.542789654139005,-0.0016260745852646732,0.023866916861931455,0.0648
1787378092.776809,-2.478032301010439,7.474507432923794e-07,-1.3606381843008953e-05,-2.542909773815163,-0.0013126189699421335,0.010891947838129462,0.0649,0.011,-2.541075888680481,-0.0005988246989374679,0.0006608429435650882,0.0630
1787378092.8450978,-2.4780323010390024,7.479029666023667e-07,-1.3631601307244516e-05,-2.5431867861806783,-0.0016959782000574401,0.024540929439791616,0.0652,0.025,-2.541075888678494,-0.0005988246989487466,0.0006608427656704699,0.0630
1787378092.9894607,-2.478032301026138,7.47918939494294e-07,-1.3633298928340697e-05,-2.5431470999739343,-0.0016752343608772687,0.024243982402002602,0.0651,0.024,-2.5427896541350363,-0.001626074585012152,0.02386691650006037,0.0648
1787378093.060331,-2.4780323010360896,7.473997404756905e-07,-1.3603562657628363e-05,-2.5428379633207756,-0.001274302403323138,0.010337569842205383,0.0648,0.010,-2.541075888676538,-0.000598824698947383,0.0006608426149012918,0.0630
1787378093.2048857,-2.4780323010486716,7.47432571423693e-07,-1.3605780817768767e-05,-2.543233364284607,-0.0017381965481935726,0.025199640949650586,0.0652,0.025,-2.54278965413205,-0.0016260745847538447,0.02386691629545103,0.0648
1787378093.2759166,-2.4780323010814125,7.480196928037167e-07,-1.3642659011378209e-05,-2.543554990554413,-0.001968119330256638,0.028604536968390323,0.0656,0.029,-2.542789654131161,-0.0016260745847541222,0.023866916239312492,0.0648
1787378093.3488545,-2.4780323010426177,7.474533372209778e-07,-1.3607857221409625e-05,-2.543656465452149,-0.0019931564476490526,0.028962947821315504,0.0657,0.029,-2.5427896541301425,-0.0016260745852817323,0.02386691619679185,0.0648
1787378093.4925833,-2.4780323010329135,7.474737631467127e-07,-1.3610023339761491e-05,-2.543836984252225,-0.0020343623911915592,0.02955463545998157,0.0658,0.030,-2.5427896541282724,-0.0016260745852821113,0.023866916105341272,0.0648
1787378093.5662234,-2.4780323011135725,7.479777683080491e-07,-1.3640776645240655e-05,-2.5437687389890784,-0.0019767956378259504,0.028734072154882644,0.0658,0.029,-2.542789654127415,-0.001626074585282294,0.023866916065168154,0.0648
1787378093.7106073,-2.4780323011090286,7.479883705088341e-07,-1.3642487911498919e-05,-2.5438227124020028,-0.001998305012023639,0.029043806566510493,0.0658,0.029,-2.542789654125592,-0.0016260745852817117,0.023866915993968413,0.0648
1787378093.781404,-2.4780323010315626,7.474848290479734e-07,-1.3613240492951433e-05,-2.543840669907481,-0.0019876038891637952,0.028894493991770246,0.0658,0.029,-2.542789654124597,-0.00162607458528126,0.02386691596233666,0.0648
1787378093.8518333,-2.478032301099044,7.480045941192341e-07,-1.3644412198043702e-05,-2.5438511377117057,-0.0019876867547899977,0.028897780962544358,0.0658,0.029,-2.5427896541228012,-0.001626074585280592,0.02386691590688295,0.0648
1787378093.994433,-2.4780323010868783,7.480222920126236e-07,-1.3646463335746888e-05,-2.5438079278397425,-0.0019695371206008725,0.028639842252415924,0.0658,0.029,-2.542789654122,-0.0016260745852803974,0.023866915882575494,0.0648
1787378094.0679286,-2.4780323010586303,7.474373220739243e-07,-1.3611129662129111e-05,-2.543785916126297,-0.0019666572103996926,0.028602383184238023,0.0658,0.029,-2.542789654121034,-0.0016260745852797695,0.023866915859906062,0.0648
1787378094.140385,-2.4780323010918766,7.480167917027264e-07,-1.3647746705566155e-05,-2.5437783718773535,-0.0019626116336096473,0.028546224795090572,0.0658,0.029,-2.542789654120232,-0.0016260745852792163,0.02386691583931933,0.0648
1787378094.2815683,-2.4780323010822607,7.480301139554783e-07,-1.3649513178591892e-05,-2.5438276554499315,-0.0019764880366173036,0.028747124611389854,0.0658,0.029,-2.542789654118501,-0.001626074585278358,0.023866915802739745,0.0648
1787378094.3595977,-2.4780323010412735,7.474614005397622e-07,-1.3614610090524858e-05,-2.5437515224239897,-0.0019546811059978526,0.028438248116475124,0.0657,0.028,-2.5427896541167856,-0.0016260745834764233,0.023866915739701944,0.0648
1787378094.5100167,-2.4780323010281937,7.474782749678595e-07,-1.3616597459912178e-05,-2.543664133904952,-0.0019211229486514943,0.02795947756669132,0.0657,0.028,-2.542789654115868,-0.001626074583663969,0.02386691572923517,0.0648
1787378094.5823634,-2.4780323011075094,7.479808788066428e-07,-1.3647269808513322e-05,-2.543703688458989,-0.0019449960660106614,0.028302823649036878,0.0657,0.028,-2.5427896541150945,-0.0016260745835286834,0.023866915714390115,0.0648
1787378094.65847,-2.47803230103257,7.474720676832274e-07,-1.3617814477641529e-05,-2.543635291128026,-0.0019090218670313464,0.027790993373674445,0.0656,0.028,-2.5427896541134385,-0.0016260745837287883,0.02386691569581199,0.0648
1787378094.8022652,-2.478032301022523,7.474848285552035e-07,-1.3619517950489062e-05,-2.5436414206519578,-0.0019237302130833396,0.028003000680297683,0.0656,0.028,-2.542789654112526,-0.0016260745836449068,0.02386691568434376,0.0648
1787378094.8697147,-2.4780323010892777,7.480038096929721e-07,-1.3650622567709878e-05,-2.543633772406813,-0.0019180233163623214,0.02792412879623922,0.0656,0.028,-2.542789654111791,-0.0016260745836442186,0.023866915675504637,0.0648
1787378094.939144,-2.478032301061234,7.474176821006015e-07,-1.3615168204909466e-05,-2.5436415301514095,-0.001921909294643441,0.027981379043906383,0.0656,0.028,-2.5427896541101545,-0.0016260745836517885,0.023866915659732323,0.0648
1787378095.082008,-2.478032301055375,7.474248974973386e-07,-1.3616570811664106e-05,-2.5435795809951274,-0.0019046010215620782,0.027736343998364842,0.0656,0.028,-2.5427896541092845,-0.0016260745836508695,0.023866915652563186,0.0648
1787378095.1524854,-2.478032301085282,7.480079770762888e-07,-1.365321840103717e-05,-2.54357214380161,-0.001902148777765659,0.027702510554413744,0.0656,0.028,-2.5427896541085597,-0.0016260745837467009,0.023866915647957253,0.0648
1787378095.2900674,-2.478032301073206,7.480230345230875e-07,-1.3654940048917628e-05,-2.543623271909836,-0.0019177757830583326,0.027927948403590176,0.0656,0.028,-2.542789654107697,-0.0016260745837592633,0.023866915642104088,0.0648
1787378095.3611832,-2.4780323010314693,7.474546884074203e-07,-1.3620004934907856e-05,-2.5436663059183364,-0.00192286601979285,0.028002686541390015,0.0657,0.028,-2.5427896541061252,-0.0016260745836695558,0.023866915630052936,0.0648
1787378095.5068948,-2.4780323010359613,7.474478756474287e-07,-1.3621036203421007e-05,-2.5436011541479773,-0.0018983274894337264,0.027652119044728078,0.0656,0.028,-2.5410758886471307,-0.0005988246989106419,0.0006608418312796021,0.0630
1787378095.576199,-2.478032301104266,7.479648293518275e-07,-1.3651964755868635e-05,-2.5430942412027644,-0.0016075340292905768,0.023357278723141753,0.0651,0.023,-2.5427896541039,-0.0016260745837764557,0.023866915619330187,0.0648
1787378095.6451843,-2.4780323010259964,7.474602449024088e-07,-1.3622563415628397e-05,-2.5432054912831528,-0.0017652018297806933,0.02575394754728729,0.0652,0.026,-2.5427896541023767,-0.0016260745845216125,0.0238669156257439,0.0648
1787378095.7908082,-2.478032301013493,7.474757017895625e-07,-1.3624260289944255e-05,-2.5432860888060866,-0.0018315119718586895,0.02670345042317155,0.0653,0.027,-2.542789654101535,-0.001626074584147568,0.023866915615824068,0.0648
1787378095.8559606,-2.478032301079496,7.479954192203021e-07,-1.3655348531032447e-05,-2.5433998307338097,-0.0018771973152497542,0.02735734749898775,0.0654,0.027,-2.542789654101535,-0.001626074584147568,0.023866915615824068,0.0648
1787378096.0048134,-2.4780323010836813,7.479889630677408e-07,-1.365636094995787e-05,-2.543540566654459,-0.001904701364779472,0.027752927160075283,0.0655,0.028,-2.5427896540993853,-0.0016260745837329948,0.023866915600846774,0.0648
1787378096.0803325,-2.478032301043962,7.474181610108072e-07,-1.3621242935679703e-05,-2.543425010160486,-0.0018568425675484059,0.027068752679876032,0.0654,0.027,-2.5427896540985846,-0.0016260745837324907,0.02386691559852228,0.0648
1787378096.152668,-2.4780323010734757,7.480016468553547e-07,-1.3657869666519454e-05,-2.5434351030624534,-0.001864507233285968,0.027179749898958022,0.0654,0.027,-2.542789654097136,-0.0016260745839566711,0.023866915598664416,0.0648
1787378096.2948449,-2.4780323010607854,7.480173756208399e-07,-1.3659548264600623e-05,-2.5434523638753515,-0.0018671132730962634,0.027218313355488976,0.0654,0.027,-2.542789654096489,-0.0016260745839408392,0.023866915596823576,0.0648
1787378096.3663619,-2.478032301018822,7.474492912293003e-07,-1.3624589971444637e-05,-2.543429230556392,-0.0018525675876371822,0.027012484904252305,0.0654,0.027,-2.5427896540957025,-0.0016260745839403496,0.02386691559511508,0.0648
1787378096.4390604,-2.4780323010979983,7.479517888390932e-07,-1.365514438956884e-05,-2.543429346727393,-0.0018530916681230242,0.027021193352839902,0.0654,0.027,-2.542789654095069,-0.001626074584020772,0.023866915595253693,0.0648
1787378096.585269,-2.4780323010911167,7.479600612432307e-07,-1.3656480423180236e-05,-2.5429512111013537,-0.0015193661694015788,0.022065577158282713,0.0649,0.022,-2.5427896540936747,-0.0016260745840159933,0.02386691559270749,0.0648
1787378096.6550214,-2.478032301012733,7.474556436503851e-07,-1.3627056034922946e-05,-2.54308090507182,-0.001708775514294035,0.024962164593171292,0.0651,0.025,-2.542789654092286,-0.0016260745848246912,0.02386691560493973,0.0648
1787378096.7993655,-2.4780323010000647,7.474713703597893e-07,-1.362870580556932e-05,-2.54315600786794,-0.0017797407467909686,0.02597843666542368,0.0651,0.026,-2.5427896540915076,-0.001626074584424207,0.023866915596677613,0.0648
1787378096.8727794,-2.4780323010660203,7.479911802090876e-07,-1.3659768633396398e-05,-2.5433145207874808,-0.001841184205273021,0.02685740822278151,0.0653,0.027,-2.5427896540909134,-0.0016260745844237981,0.02386691559598414,0.0648
1787378096.9449363,-2.4780323010372935,7.474058050495824e-07,-1.3624275805671494e-05,-2.5432926784511785,-0.001822793952917747,0.026594755194100473,0.0653,0.027,-2.5427896540895514,-0.0016260745841805099,0.023866915590093473,0.0648
1787378097.0885541,-2.4780323010303924,7.474141881061468e-07,-1.3625592173225885e-05,-2.5433315253899567,-0.001836204511216007,0.026787594132083415,0.0653,0.027,-2.542789654088812,-0.0016260745841040181,0.023866915587920128,0.0648
1787378097.169688,-2.4780323010598915,7.479977480377795e-07,-1.3662195576552317e-05,-2.5433253693775413,-0.0018189251473911725,0.02654214712990397,0.0653,0.027,-2.542789654088216,-0.0016260745841033995,0.023866915587428737,0.0648
1787378097.244516,-2.478032301018677,7.474288786623727e-07,-1.3627145282647729e-05,-2.543366947781358,-0.0018354214545752774,0.026779428249001033,0.0654,0.027,-2.5427896540868984,-0.0016260745841053376,0.02386691558636792,0.0648
1787378097.3888774,-2.4780323010239957,7.474213145168009e-07,-1.3627955103434198e-05,-2.5433673128049565,-0.0018297766641970485,0.026699482893642035,0.0654,0.027,-2.541075888628702,-0.0005988246988773712,0.0006608417872327508,0.0630
1787378097.4636734,-2.4780323010926377,7.479379961390924e-07,-1.3658776994414815e-05,-2.5428997415589993,-0.0015271828739920508,0.022220266048232195,0.0649,0.022,-2.542789654085605,-0.001626074584135999,0.023866915586010302,0.0648
1787378097.6011422,-2.4780323010816985,7.479518888535723e-07,-1.3660190693975545e-05,-2.543360293574554,-0.0020911719432056097,0.022303072540076782,0.0654,0.022,-2.542789654084328,-0.001626074585863382,0.02386691561599404,0.0648
1787378097.6700335,-2.478032301002649,7.474483604818236e-07,-1.3630767769679611e-05,-2.5425240601363805,-0.0011431279863478088,0.008546085532520415,0.0645,0.009,-2.5410758886261333,-0.0005988246988686483,0.0006608417854745947,0.0630
1787378097.8027885,-2.478032301040351,7.473824478868615e-07,-1.3626193688481262e-05,-2.54275154341717,-0.0015160151402216862,0.02207705045814413,0.0647,0.022,-2.5427896540823407,-0.0016260745859505356,0.023866915616412153,0.0648
1787378097.87211,-2.47803230107338,7.479614371164688e-07,-1.3662582463522271e-05,-2.5429104818405976,-0.0016865790050235167,0.024658969140399726,0.0649,0.025,-2.542789654081794,-0.0016260745859503353,0.023866915616299677,0.0648
1787378097.9457374,-2.4780323010338003,7.473906228221453e-07,-1.3627372745969446e-05,-2.5431245358592696,-0.0017917158156933676,0.026162827543573904,0.0651,0.026,-2.542789654081105,-0.0016260745849343149,0.023866915597826402,0.0648
1787378098.0889285,-2.4780323010223406,7.474052141065435e-07,-1.3628794905217566e-05,-2.543188016232658,-0.001804928543414971,0.026352229371172334,0.0652,0.026,-2.542789654079875,-0.001626074584341753,0.02386691558684325,0.0648
1787378098.1664338,-2.4780323010509755,7.479899006370989e-07,-1.3665412553717282e-05,-2.543213633414837,-0.0017980251377296501,0.026254728719447385,0.0652,0.026,-2.5427896540793364,-0.0016260745842670734,0.02386691558546471,0.0648
1787378098.2418294,-2.478032301009099,7.474218686286788e-07,-1.363036912517125e-05,-2.543254113090818,-0.0018050828271653772,0.026356559868909876,0.0652,0.026,-2.542789654078126,-0.0016260745842640596,0.023866915585079577,0.0648
1787378098.3829281,-2.4780323010133904,7.474156304403817e-07,-1.3631187783222244e-05,-2.543285118458477,-0.001806749474633388,0.026381357402225705,0.0653,0.026,-2.541075888619976,-0.0005988246988611549,0.000660841783041362,0.0630
1787378098.4512527,-2.4780323010816345,7.479328431359868e-07,-1.3662011528456142e-05,-2.5428226322223924,-0.0014941398340272013,0.02174648410691718,0.0648,0.022,-2.542789654076939,-0.001626074584253358,0.0238669155846333,0.0648
1787378098.593131,-2.4780323010700696,7.479475843634854e-07,-1.3663424020105085e-05,-2.5423693784844366,-0.0010498509200525083,0.00721080073124109,0.0643,0.007,-2.5427896540757677,-0.0016260745860748789,0.02386691561684217,0.0648
1787378098.6633027,-2.4780323009907663,7.474444063944677e-07,-1.3633999532137654e-05,-2.5422177410075,-0.0010160456133966181,0.0067068869300915815,0.0642,0.007,-2.5410758886176175,-0.0005988246988404154,0.0006608417821763037,0.0630
1787378098.8068292,-2.478032301028098,7.473790406475271e-07,-1.3629418020151118e-05,-2.5425174438001643,-0.0014473406241368053,0.021102681815410352,0.0645,0.021,-2.5427896540739305,-0.0016260745863266068,0.02386691562085942,0.0648
1787378098.8770666,-2.4780323010609897,7.479582536734847e-07,-1.3665802236786081e-05,-2.5428856369127337,-0.0017317826368478265,0.025317090115907655,0.0649,0.025,-2.5427896540734336,-0.001626074586326086,0.023866915620926778,0.0648
1787378099.007398,-2.47803230105084,7.479712955794188e-07,-1.3667118946181016e-05,-2.5432186130795746,-0.002145715686289824,0.025753562111462885,0.0652,0.026,-2.542789654072295,-0.0016260745844962436,0.023866915588204817,0.0648
1787378099.0778077,-2.4780323010096597,7.47402529071515e-07,-1.3631997520633867e-05,-2.543112356245264,-0.0017755469846385712,0.025942325700003162,0.0651,0.026,-2.54278965407166,-0.001626074584495659,0.023866915587994895,0.0648
1787378099.1569245,-2.4780323010895344,7.479044718253962e-07,-1.3662391758198402e-05,-2.543140932454269,-0.0017780827682334758,0.025979242242267397,0.0651,0.026,-2.542789654071172,-0.0016260745844207997,0.023866915586747212,0.0648
1787378099.2397337,-2.4780323010150593,7.473951781316983e-07,-1.3632668277115922e-05,-2.542573786500127,-0.0011459680939285776,0.00858626836238622,0.0646,0.009,-2.5410758886130607,-0.0005988246988484912,0.0006608417816897516,0.0630
1787378099.3897996,-2.4780323010058014,7.474072780725392e-07,-1.3633850126800334e-05,-2.542813068492677,-0.0015412760531770106,0.022496159593919204,0.0648,0.023,-2.5410758886119593,-0.0005988246988433483,0.0006608417814978759,0.0630
1787378099.462639,-2.47803230107288,7.479260876006196e-07,-1.366470373257912e-05,-2.5425437578116745,-0.001413168021420875,0.02057565488530033,0.0645,0.021,-2.5427896540689816,-0.0016260745857743055,0.023866915610701086,0.0648
1787378099.6079714,-2.4780323010601037,7.479424092368008e-07,-1.3666142765113792e-05,-2.542163604503834,-0.0010140095394437134,0.00671034632784408,0.0641,0.007,-2.5427896540678896,-0.001626074585221337,0.023866915600786437,0.0648
1787378099.6787934,-2.478032301031629,7.473569626021076e-07,-1.363051315883374e-05,-2.542106950151476,-0.0010125398847222735,0.006681920732291775,0.0641,0.007,-2.5410758886097855,-0.000598824698825733,0.0006608417810213997,0.0630
1787378099.7485511,-2.4780323010646983,7.479360720833155e-07,-1.3666840533093942e-05,-2.542430746698456,-0.0014366654054924772,0.020960642181091893,0.0644,0.021,-2.5410758886087312,-0.0005988246988360685,0.0006608417811645748,0.0630
1787378099.888665,-2.4780323010548306,7.479489639142017e-07,-1.366804529391082e-05,-2.542406531799748,-0.0014349265409201108,0.02093403326789188,0.0644,0.021,-2.5427896540657557,-0.0016260745863752315,0.02386691562121944,0.0648
1787378099.9636822,-2.4780323010137475,7.473801627998656e-07,-1.3632870468177655e-05,-2.542065368996953,-0.0010180229486793846,0.0067729475138888955,0.0640,0.007,-2.541075888607676,-0.0005988246988343532,0.0006608417810799567,0.0630
1787378100.0371175,-2.478032301042425,7.479649639323253e-07,-1.366942990220546e-05,-2.5424187011889914,-0.001454351291299502,0.02123231133949541,0.0644,0.021,-2.5427896540641215,-0.00162607458626697,0.023866915619097952,0.0648
1787378100.1842737,-2.4780323010798773,7.478997044402876e-07,-1.366474180090703e-05,-2.542659851066318,-0.0016401161556438342,0.024016294186525518,0.0646,0.024,-2.5427896540636707,-0.0016260745851718592,0.023866915599719336,0.0648
1787378100.2560751,-2.4780323010049217,7.47391004666414e-07,-1.3635032906068516e-05,-2.5423679037017246,-0.0011535685140444546,0.008756140604960399,0.0643,0.009,-2.5410758886055964,-0.000598824698833102,0.0006608417809415574,0.0630
1787378100.3972435,-2.4780323009949066,7.47404084871302e-07,-1.3636241394843198e-05,-2.542620918587003,-0.0014959964885036359,0.02182024756813678,0.0646,0.022,-2.541075888604586,-0.0005988246988294549,0.0006608417808501639,0.0630
1787378100.4713116,-2.4780323010617002,7.479232856240868e-07,-1.3667106121270215e-05,-2.5424843751654516,-0.001421094218479612,0.02072476588121753,0.0645,0.021,-2.542789654061653,-0.0016260745860336569,0.0238669156150522,0.0648
1787378100.5428038,-2.478032300982419,7.474201938443984e-07,-1.3637627062709658e-05,-2.5421140670598175,-0.0009908430355221932,0.0063647002695675,0.0641,0.006,-2.5427896540606483,-0.0016260745852150552,0.02386691560045936,0.0648
1787378100.6844466,-2.478032301019806,7.473550351135027e-07,-1.3632941684242066e-05,-2.5424265834569213,-0.001415033336820167,0.02065042423347616,0.0644,0.021,-2.541075888602582,-0.0005988246988124353,0.0006608417804888954,0.0630
1787378100.7541616,-2.478032301052737,7.479343645128969e-07,-1.3669276101299425e-05,-2.5423944753820535,-0.001418956444231195,0.02071098511147848,0.0644,0.021,-2.541075888601609,-0.0005988246988230982,0.0006608417806785936,0.0630
1787378100.8850915,-2.478032301042646,7.479476069971816e-07,-1.3670492704739547e-05,-2.54204990918307,-0.0010063263594922902,0.006615629468562968,0.0640,0.007,-2.542789654058687,-0.0016260745864672352,0.023866915622720853,0.0648
1787378100.9561732,-2.4780323010537195,7.474632973416238e-07,-1.364165164277324e-05,-2.542040236882867,-0.0010094710805222287,0.006667432192676238,0.0640,0.007,-2.5427896540577275,-0.0016260745852125513,0.023866915600400083,0.0648
1787378101.0947323,-2.47803230104863,7.474904570219988e-07,-1.364371329534633e-05,-2.542371439222985,-0.0014226775737154588,0.020768859483360113,0.0644,0.021,-2.5427896540571626,-0.0016260745852120396,0.023866915600248895,0.0648
1787378101.1626873,-2.478032301091639,7.479292502964464e-07,-1.3668605007891767e-05,-2.542821502078714,-0.0017112250580596736,0.02504062575922708,0.0648,0.025,-2.5427896540567687,-0.0016260745864430518,0.023866915622318095,0.0648
1787378101.2378337,-2.478032301056934,7.474889878477157e-07,-1.364489278584298e-05,-2.542328274852246,-0.0011093673124137388,0.008090244640967774,0.0643,0.008,-2.542789654055839,-0.0016260745852120586,0.02386691560041234,0.0648
1787378101.395856,-2.4780323010496668,7.475050773495169e-07,-1.3646529598757651e-05,-2.5425392051167983,-0.0014216885000283824,0.020689902693707424,0.0645,0.021,-2.541075888597785,-0.0005988246988161014,0.0006608417804531261,0.0630
1787378101.4678981,-2.4780323010790566,7.479589543885241e-07,-1.367182747843177e-05,-2.54245102151589,-0.0014065840389045,0.020541276045532002,0.0644,0.021,-2.542789654054913,-0.0016260745864723574,0.023866915622858954,0.0648
1787378101.6048582,-2.478032301086118,7.479533974042894e-07,-1.3672782284856744e-05,-2.5426655836034495,-0.0016056932455309509,0.0235347800849556,0.0647,0.024,-2.542789654053972,-0.0016260745853527837,0.023866915602889515,0.0648
1787378101.6780798,-2.478032301085968,7.474493417205955e-07,-1.3643397847113153e-05,-2.5428102054823345,-0.001686119604655783,0.024685060814291664,0.0648,0.025,-2.5427896540534327,-0.001626074585352303,0.02386691560269955,0.0648
1787378101.753613,-2.47803230107797,7.479666995500783e-07,-1.3674225951078045e-05,-2.5429814049185855,-0.0017292393303817784,0.025300906239581592,0.0650,0.025,-2.542789654053063,-0.0016260745848995669,0.023866915594824022,0.0648
1787378101.8959386,-2.4780323010667322,7.479828270601588e-07,-1.3675833453276282e-05,-2.5430540260778947,-0.0017424827177871592,0.02549082176169629,0.0650,0.026,-2.542789654052161,-0.0016260745846567286,0.02386691559050636,0.0648
1787378101.965582,-2.478032301063758,7.474812930891484e-07,-1.3646603618921476e-05,-2.5431206343059056,-0.00174336149602819,0.02550475107089596,0.0651,0.026,-2.54278965405163,-0.0016260745845817985,0.02386691558898934,0.0648
1787378102.0398746,-2.478032301104943,7.479174813911516e-07,-1.367135367480867e-05,-2.543089527970673,-0.0017253591021438664,0.025247770340097266,0.0651,0.025,-2.54107588859324,-0.0005988246988116899,0.0006608417803160542,0.0630
1787378102.1866543,-2.4780323010987355,7.479258765982072e-07,-1.367261006787354e-05,-2.542662656703773,-0.001415695374352404,0.02063992488576641,0.0646,0.021,-2.542789654050397,-0.0016260745846760566,0.02386691559087898,0.0648
1787378102.2584093,-2.4780323010590433,7.474878780545772e-07,-1.3648908790805927e-05,-2.5421937252466744,-0.0009530552237897727,0.005823609739936597,0.0642,0.006,-2.5410758885923683,-0.0005988246988062862,0.0006608417802172848,0.0630
1787378102.4068508,-2.4780323010467016,7.475035936607482e-07,-1.3650472981109446e-05,-2.5424659600933204,-0.001397640215126159,0.020432735558664736,0.0644,0.020,-2.541075888591502,-0.0005988246988044014,0.0006608417801770432,0.0630
1787378102.4802704,-2.4780323010743004,7.479569981249225e-07,-1.3675729088490826e-05,-2.5420580649846722,-0.0009830751451194559,0.006309301081672291,0.0640,0.006,-2.5427896540486725,-0.0016260745865679569,0.023866915624589227,0.0648
1787378102.5527785,-2.478032301084084,7.474379788257311e-07,-1.364595614813426e-05,-2.5425742594829117,-0.0015878496311508678,0.023287115100018158,0.0646,0.023,-2.5427896540478088,-0.0016260745854449258,0.02386691560456836,0.0648
1787378102.6921299,-2.478032301077204,7.474462585360089e-07,-1.3647182682090943e-05,-2.542724927419751,-0.0016685680872159732,0.02444146788842401,0.0647,0.024,-2.542789654047304,-0.001626074585444208,0.023866915604374647,0.0648
1787378102.7648575,-2.478032301068235,7.479633534065934e-07,-1.3677975500385562e-05,-2.542914098460147,-0.0017158904996702673,0.02511701883939533,0.0649,0.025,-2.542789654046965,-0.0016260745849900494,0.023866915596477172,0.0648
1787378102.9060802,-2.4780323010554386,7.479790531792385e-07,-1.3679514482204634e-05,-2.5429650112709443,-0.0017193252900523192,0.02516631403022773,0.0650,0.025,-2.5427896540461328,-0.0016260745847042452,0.023866915591395112,0.0648
1787378102.9759116,-2.478032301051853,7.474773294734443e-07,-1.3650250016590592e-05,-2.543008470225706,-0.0017221431421562833,0.02520702848115743,0.0650,0.025,-2.5427896540456394,-0.001626074584688009,0.023866915590925374,0.0648
1787378103.0475,-2.4780323010925143,7.479133904906275e-07,-1.3674969242416058e-05,-2.5430326330782234,-0.0017105878247466455,0.02504278462417555,0.0650,0.025,-2.541075888587316,-0.0005988246988007059,0.0006608417800852395,0.0630
1787378103.1902833,-2.4780323010854817,7.479215620249588e-07,-1.3676163193599363e-05,-2.5424744398150403,-0.001121429392088819,0.008294704336553388,0.0645,0.008,-2.5427896540445083,-0.0016260745852021159,0.02386691560029743,0.0648
1787378103.2664251,-2.478032301045461,7.474834791744455e-07,-1.3652431771966834e-05,-2.5421688011834243,-0.0009795592802400777,0.006233279096334607,0.0641,0.006,-2.5410758885865072,-0.0005988246987848342,0.0006608417798024386,0.0630
1787378103.3452027,-2.4780323010736214,7.479360110721964e-07,-1.3677591816029252e-05,-2.542418239644994,-0.0013766378995749278,0.020113111538961462,0.0644,0.020,-2.5427896540436987,-0.0016260745852000338,0.02386691560026843,0.0648
1787378103.497254,-2.478032301060039,7.479524235947689e-07,-1.3679165370866029e-05,-2.5420070876635967,-0.0009422508899750556,0.005689853850998784,0.0640,0.006,-2.5427896540428994,-0.0016260745851984688,0.023866915600244325,0.0648
1787378103.570591,-2.4780323010696583,7.474333706676919e-07,-1.36493651259676e-05,-2.5425392980116364,-0.0015771241021129891,0.023139329655809667,0.0645,0.023,-2.542789654042404,-0.0016260745851984996,0.023866915600019935,0.0648
1787378103.6420407,-2.4780323010639473,7.479460098587716e-07,-1.3679986898719272e-05,-2.54267942634873,-0.0016506797662808232,0.02419092465569314,0.0647,0.024,-2.5427896540421027,-0.001626074585498135,0.023866915605563626,0.0648
1787378103.7869298,-2.478032301053491,7.47958690649732e-07,-1.368130468726203e-05,-2.542815318445669,-0.0016960520405063842,0.024838811765510137,0.0648,0.025,-2.5427896540413184,-0.0016260745848287188,0.02386691559365016,0.0648
1787378103.8623643,-2.4780323010506096,7.474561310104831e-07,-1.365194631578389e-05,-2.542946679518975,-0.001710115349274921,0.025039779624993284,0.0649,0.025,-2.542789654040849,-0.0016260745848286203,0.023866915593467014,0.0648
1787378103.941314,-2.4780323010918828,7.478914866123937e-07,-1.367657354730668e-05,-2.542955804864588,-0.0017014616673221127,0.024916254689223427,0.0649,0.025,-2.5410758885825735,-0.00059882469879197,0.0006608417799002469,0.0630
1787378104.0816808,-2.47803230108581,7.47898604244317e-07,-1.3677596485514152e-05,-2.542584778374553,-0.0014285070284824728,0.02087535984011784,0.0646,0.021,-2.5427896540397943,-0.0016260745847972158,0.023866915593126013,0.0648
1787378104.153592,-2.478032301046175,7.474601153632885e-07,-1.365378341900806e-05,-2.5421350062734076,-0.0009837332207830126,0.00632504114451766,0.0641,0.006,-2.5410758885818177,-0.0005988246987873338,0.0006608417798207184,0.0630
1787378104.2921734,-2.4780323010339513,7.474751081529318e-07,-1.365513437976201e-05,-2.5424232677256917,-0.0014249798559872618,0.020865580461823664,0.0644,0.021,-2.5410758885810667,-0.0005988246987735745,0.0006608417795759307,0.0630
1787378104.3605263,-2.478032301061607,7.479282612852731e-07,-1.3680288805594248e-05,-2.5423349640617685,-0.0014258946669861794,0.020874453003293172,0.0643,0.021,-2.5427896540383004,-0.0016260745863886496,0.023866915621489647,0.0648
1787378104.5064182,-2.4780323010659107,7.479215401984241e-07,-1.3680967554905283e-05,-2.541949192460784,-0.000978653389996244,0.0062520638089889,0.0639,0.006,-2.542789654037549,-0.001626074585194625,0.0238669156002055,0.0648
1787378104.5777636,-2.4780323010646637,7.474170357435288e-07,-1.3651449861193809e-05,-2.541901290574208,-0.000947399149918256,0.005779115584818649,0.0639,0.006,-2.5410758885795994,-0.0005988246987705184,0.0006608417795362109,0.0630
1787378104.646828,-2.478032301055748,7.479340479473297e-07,-1.368214944721809e-05,-2.5422549548949256,-0.0013987998563885658,0.020478639309664183,0.0642,0.020,-2.542789654036819,-0.001626074585193594,0.023866915600199375,0.0648
1787378104.78982,-2.4780323010430485,7.479496654038765e-07,-1.3683507632132745e-05,-2.541880578713512,-0.0009404943906034403,0.005667937288463754,0.0639,0.006,-2.541075888578871,-0.0005988246987815925,0.0006608417797327699,0.0630
1787378104.86022,-2.478032301039504,7.474479438818822e-07,-1.3654156219015007e-05,-2.5423074007891477,-0.001452171539461933,0.021279472192493935,0.0643,0.021,-2.542789654035658,-0.001626074585192493,0.02386691560000727,0.0648
1787378105.0051079,-2.478032301043578,7.474415368933357e-07,-1.3654829838477546e-05,-2.542528127119553,-0.0015936120247628473,0.023379003267397554,0.0645,0.023,-2.541075888577429,-0.000598824698781649,0.000660841779703571,0.0630
1787378105.0731115,-2.478032301073268,7.478922670969303e-07,-1.3679816311238756e-05,-2.5423663683495983,-0.0014116233282703288,0.020633717775909603,0.0643,0.021,-2.542789654034683,-0.0016260745853970927,0.02386691560386643,0.0648
1787378105.1412847,-2.478032301033291,7.474542415305098e-07,-1.365600388806031e-05,-2.541982624305151,-0.0009713236030759499,0.006137743465258848,0.0640,0.006,-2.5427896540339825,-0.0016260745851914187,0.023866915600212025,0.0648
1787378105.2834556,-2.478032301020535,7.474699799937226e-07,-1.3657352146317455e-05,-2.5419326410080783,-0.0009577714808339641,0.005944482298693167,0.0639,0.006,-2.5410758885760307,-0.0005988246987642567,0.0006608417793900586,0.0630
1787378105.3531523,-2.4780323010479943,7.479234131404654e-07,-1.3682502008148737e-05,-2.542268610914605,-0.0013888843001262016,0.020328457795782302,0.0643,0.020,-2.542789654033293,-0.0016260745851906402,0.023866915600206092,0.0648
1787378105.4933095,-2.478032301051986,7.479171827618392e-07,-1.3683172998181721e-05,-2.541909879083257,-0.0009582407257072396,0.005950968026946624,0.0639,0.006,-2.5427896540325965,-0.001626074585190021,0.023866915600175943,0.0648
1787378105.568544,-2.478032301050626,7.474128804418835e-07,-1.3653650969667444e-05,-2.5419122077921434,-0.0009879206265917082,0.006430084552507011,0.0639,0.006,-2.5410758885746643,-0.0005988246987614814,0.0006608417793593856,0.0630
1787378105.6429217,-2.4780323010416128,7.479300641257021e-07,-1.3684345109457831e-05,-2.5422612837644314,-0.0014105000895445652,0.020651227213867706,0.0642,0.021,-2.5427896540319215,-0.0016260745851898269,0.02386691560018754,0.0648
1787378105.7985857,-2.478032301080086,7.478630744790164e-07,-1.3679473081748845e-05,-2.54188714758815,-0.0009319391186585758,0.005535881448495393,0.0639,0.006,-2.5427896540312505,-0.0016260745851887342,0.02386691560017205,0.0648
1787378105.872842,-2.4780323010439624,7.474201097645199e-07,-1.3655443311674501e-05,-2.541887375089324,-0.0009531699983742741,0.0058831031229006235,0.0639,0.006,-2.5410758885733116,-0.0005988246987587596,0.000660841779277885,0.0630
1787378105.9518614,-2.478032301074093,7.478704172717585e-07,-1.368035981180829e-05,-2.5422723012826425,-0.0014195348372255281,0.020796364565219175,0.0643,0.021,-2.541075888572646,-0.0005988246987705134,0.0006608417794898389,0.0630
1787378106.099341,-2.4780323010630236,7.478843722373053e-07,-1.3681496860513843e-05,-2.541906476796361,-0.0009866518536146359,0.006398732278040917,0.0639,0.006,-2.542789654029928,-0.0016260745851879672,0.023866915600192964,0.0648
1787378106.1676836,-2.478032301022359,7.474472754068955e-07,-1.365770195423819e-05,-2.5418943558103786,-0.000951571851268924,0.005846203183259048,0.0639,0.006,-2.541075888571984,-0.0005988246987570072,0.000660841779244963,0.0630
1787378106.3077736,-2.478032301059927,7.473814311697961e-07,-1.365285738009692e-05,-2.542240505162407,-0.001379200961323539,0.02018510353999846,0.0642,0.020,-2.5410758885713385,-0.000598824698767746,0.0006608417794330803,0.0630
1787378106.3794203,-2.4780323010544296,7.478940476491171e-07,-1.3683346623875294e-05,-2.54222611194731,-0.001366763606798692,0.019994021386304597,0.0642,0.020,-2.5427896540286192,-0.001626074586647723,0.0238669156261737,0.0648
1787378106.447326,-2.4780323010532266,7.473896722850787e-07,-1.3653769573452007e-05,-2.5418857057203916,-0.0009459971629051921,0.005770980427599273,0.0639,0.006,-2.542789654027983,-0.0016260745851857604,0.023866915600149124,0.0648
1787378106.59054,-2.478032301041615,7.474043294775849e-07,-1.3654928527678445e-05,-2.541885042537871,-0.0009512005056142002,0.005855911262906259,0.0639,0.006,-2.5410758885700706,-0.0005988246987531149,0.0006608417791882211,0.0630
1787378106.666839,-2.478032301031724,7.47922636243093e-07,-1.3685649716812518e-05,-2.5422291482314194,-0.0013769918699568465,0.020156078025448693,0.0642,0.020,-2.5427896540273505,-0.0016260745851852307,0.023866915600144506,0.0648
1787378106.7406805,-2.478032301028221,7.474210482679995e-07,-1.3656243023584249e-05,-2.5418798216418987,-0.0009409217835487487,0.005691488920345539,0.0639,0.006,-2.542789654026726,-0.001626074585184637,0.023866915600138056,0.0648
1787378106.8871267,-2.4780323010323726,7.474148711805663e-07,-1.3656805374081083e-05,-2.541879914034641,-0.0009454207700316032,0.005763502933848821,0.0639,0.006,-2.5410758885688107,-0.0005988246987506569,0.0006608417791082402,0.0630
1787378106.950809,-2.4780323010620937,7.47865700219516e-07,-1.3681736009007897e-05,-2.5419452827356284,-0.0010185022097601287,0.005192879532292587,0.0639,0.005,-2.5410758885681917,-0.0005988246987489092,0.0006608417790797992,0.0630
1787378107.0861158,-2.478032301050393,7.478805025615666e-07,-1.3682897549186179e-05,-2.542045585961818,-0.0012677680469815793,0.018563181646812154,0.0640,0.019,-2.5427896540255004,-0.001626074585183444,0.023866915600153697,0.0648
1787378107.1545901,-2.4780323010094825,7.474437674754556e-07,-1.3659115003181275e-05,-2.5417411646972243,-0.0009042596428369268,0.005175668971312346,0.0637,0.005,-2.541075888567584,-0.0005988246987592653,0.0006608417792648392,0.0630
1787378107.2987127,-2.478032301046677,7.473784700650461e-07,-1.365428814102639e-05,-2.542160586707555,-0.0013853377027151794,0.02030058256819563,0.0641,0.020,-2.5410758885669824,-0.000598824698746833,0.0006608417790447477,0.0630
1787378107.3688002,-2.4780323010410346,7.478912924672922e-07,-1.3684783693769567e-05,-2.5422055032377067,-0.0013995673692030126,0.02049502776300769,0.0642,0.021,-2.542789654024293,-0.0016260745865985648,0.023866915625345757,0.0648
1787378107.5073245,-2.478032301030736,7.479043929295762e-07,-1.3685859068239273e-05,-2.542324025237218,-0.0015487779970435511,0.02109167537749163,0.0643,0.021,-2.542789654023697,-0.001626074586287111,0.02386691561981108,0.0648
1787378107.579602,-2.47803230102794,7.474020816964949e-07,-1.365638560590478e-05,-2.5420554756833575,-0.0010453443300440426,0.0072282845462181234,0.0640,0.007,-2.541075888565802,-0.0005988246987582768,0.00066084177926635,0.0630
1787378107.6508415,-2.478032301017976,7.479205127965192e-07,-1.3687112138487208e-05,-2.5423801342462995,-0.0014355862995696258,0.02101956199015266,0.0644,0.021,-2.542789654023106,-0.0016260745851825029,0.02386691560014301,0.0648
1787378107.798118,-2.4780323010551433,7.478552861602526e-07,-1.368228951899117e-05,-2.5419709922247824,-0.0009771410136020934,0.006242861258941535,0.0639,0.006,-2.5427896540225188,-0.0016260745851813968,0.023866915600127978,0.0648
1787378107.8679252,-2.4780323010185397,7.474130256448792e-07,-1.3658281478889344e-05,-2.5419191685749816,-0.0009484600461597226,0.005819269984265932,0.0639,0.006,-2.541075888564623,-0.0005988246987435911,0.0006608417789717144,0.0630
1787378108.002683,-2.4780323010274654,7.474508663247417e-07,-1.3660267400690679e-05,-2.5422395507997377,-0.0013604590887854812,0.019911801531741012,0.0642,0.020,-2.5427896540215795,-0.001626074586749203,0.023866915627879914,0.0648
1787378108.078926,-2.4780323010972714,7.479736933312564e-07,-1.3691338870819804e-05,-2.542488512584812,-0.0015637066272918185,0.02296068927161596,0.0645,0.023,-2.5427896540213846,-0.0016260745867489198,0.023866915628058916,0.0648
1787378108.1550982,-2.478032301071491,7.473903837059369e-07,-1.3655831730345723e-05,-2.542769479587175,-0.0016693505236603612,0.024470114175388552,0.0648,0.024,-2.542789654021011,-0.0016260745855498444,0.023866915606522782,0.0648
1787378108.2986894,-2.47803230106913,7.474019098376841e-07,-1.3657102186128105e-05,-2.542835239626299,-0.001676286696193237,0.024569107066247955,0.0648,0.025,-2.542789654020454,-0.0016260745849169037,0.0238669155952749,0.0648
1787378108.3727298,-2.478032301100431,7.479867079872055e-07,-1.369367476599908e-05,-2.542904905152985,-0.001684366308047466,0.024684904566057046,0.0649,0.025,-2.542789654020246,-0.001626074584916783,0.023866915595417135,0.0648
1787378108.4557927,-2.478032301060714,7.47418911271338e-07,-1.365859125545197e-05,-2.542936800354335,-0.0016757854236610363,0.02456292448526141,0.0649,0.025,-2.542789654019687,-0.0016260745849186185,0.023866915595455687,0.0648
1787378108.5956953,-2.4780323010496828,7.474373077170546e-07,-1.3660213505350633e-05,-2.542958302844455,-0.0016783188979290172,0.024599582847907708,0.0649,0.025,-2.542789654019687,-0.0016260745849186185,0.023866915595455687,0.0648
1787378108.665847,-2.4780323011298244,7.47940535591031e-07,-1.3690700862620065e-05,-2.542998722567831,-0.0016817889331519633,0.024649991004769237,0.0650,0.025,-2.542789654019144,-0.0016260745849036766,0.023866915595196152,0.0648
1787378108.738684,-2.4780323010555625,7.474323105446197e-07,-1.3661064636895644e-05,-2.5429871398654527,-0.0016755185333614186,0.024560663228512525,0.0650,0.025,-2.54278965401861,-0.0016260745849186623,0.02386691559548969,0.0648
1787378108.8934095,-2.478032301046608,7.474460518326479e-07,-1.366240342298056e-05,-2.542955875523642,-0.0016691399051945123,0.024470268916192917,0.0649,0.024,-2.5427896540182506,-0.0016260745849184428,0.023866915595305117,0.0648
1787378108.9621043,-2.478032301113791,7.479654615346644e-07,-1.3693326257289566e-05,-2.542949244596768,-0.0016676324408484563,0.024449059979366198,0.0649,0.024,-2.5427896540180703,-0.001626074584953653,0.02386691559611687,0.0648
1787378109.1032352,-2.478032301101128,7.479826838655934e-07,-1.3694894167756353e-05,-2.5429494088965297,-0.0016678457074947189,0.024452492416498096,0.0649,0.024,-2.542789654017534,-0.0016260745849601855,0.02386691559623673,0.0648
1787378109.174893,-2.47803230107267,7.473975756424364e-07,-1.3659325505204431e-05,-2.542931244340814,-0.0016626628958764011,0.02437861425284858,0.0649,0.024,-2.542789654017182,-0.0016260745849599485,0.023866915596053292,0.0648
1787378109.2519765,-2.4780323011057437,7.4797691857739e-07,-1.3695706212953056e-05,-2.5429174779876678,-0.001660070459046291,0.024342058188901495,0.0649,0.024,-2.5427896540166666,-0.0016260745850028675,0.023866915596845263,0.0648
1787378109.3900075,-2.478032301095831,7.479901322688428e-07,-1.3697012160469644e-05,-2.542914590635782,-0.0016609645924042624,0.024355078454556776,0.0649,0.024,-2.5427896540164805,-0.0016260745849975538,0.02386691559689377,0.0648
1787378109.465698,-2.478032301054712,7.474214298174736e-07,-1.366188502055482e-05,-2.542909152717424,-0.0016597230893030215,0.024337709154433267,0.0649,0.024,-2.5427896540161496,-0.0016260745849972817,0.023866915596752254,0.0648
1787378109.5476472,-2.4780323010833314,7.480062704495055e-07,-1.3698486396121249e-05,-2.542905160653647,-0.0016592709710785516,0.02433144177594047,0.0649,0.024,-2.54278965401563,-0.0016260745850060138,0.02386691559691429,0.0648
1787378109.6962926,-2.4780323011206593,7.47941002588186e-07,-1.3693876913408447e-05,-2.5428941415035435,-0.0016562931637543728,0.024288994811280017,0.0649,0.024,-2.542789654015442,-0.001626074585022712,0.02386691559735383,0.0648
1787378109.7649686,-2.4780323010456344,7.474322808677565e-07,-1.3664206378109787e-05,-2.542889278528663,-0.0016563225901134707,0.024289707376033524,0.0649,0.024,-2.5427896540151074,-0.0016260745850224972,0.023866915597186872,0.0648
1787378109.9060497,-2.478032301035452,7.474452242546515e-07,-1.3665480728195111e-05,-2.5428852215974818,-0.0016554828412297532,0.024277824749191372,0.0649,0.024,-2.5427896540149426,-0.0016260745850218735,0.023866915597364403,0.0648
1787378109.9823053,-2.4780323011021537,7.479642995320414e-07,-1.36963717753251e-05,-2.5428886061619864,-0.0016568933497768867,0.02429817016725408,0.0649,0.024,-2.54278965401444,-0.00162607458502607,0.02386691559744581,0.0648
1787378110.0542648,-2.4780323010227803,7.474611339975486e-07,-1.3666924056738912e-05,-2.542880085086908,-0.001654842341566648,0.024269037769858906,0.0649,0.024,-2.5427896540139394,-0.0016260745850290826,0.023866915597503865,0.0648
1787378110.1956294,-2.478032301059979,7.473957156151675e-07,-1.3662287601863248e-05,-2.542869565873953,-0.0016512060281839245,0.02421711245704133,0.0649,0.024,-2.5427896540136037,-0.0016260745850492503,0.02386691559768164,0.0648
1787378110.266504,-2.4780323010928007,7.479748777206214e-07,-1.3698640957614519e-05,-2.5428689126833133,-0.0016524324621951672,0.024234835206201698,0.0649,0.024,-2.542789654013438,-0.0016260745850491978,0.023866915597839364,0.0648
1787378110.4084516,-2.4780323010824996,7.479878279472059e-07,-1.3699896970393879e-05,-2.542868786523544,-0.0016524898864041983,0.024235750467679607,0.0649,0.024,-2.5427896540129535,-0.0016260745850411897,0.023866915597707795,0.0648
1787378110.477945,-2.4780323010412437,7.474190187705255e-07,-1.366474559976307e-05,-2.5428646777028714,-0.0016513421260396914,0.024219497723439138,0.0649,0.024,-2.5427896540126422,-0.0016260745850410559,0.023866915597567758,0.0648
1787378110.5467324,-2.478032300985952,7.479205334906319e-07,-1.3698744049579971e-05,-2.542862929597326,-0.0016508862951688536,0.024213056583127314,0.0649,0.024,-2.5410758885546265,-0.00059882469874089,0.0006608417789090435,0.0630
1787378110.694693,-2.4780323009631724,7.479277854542286e-07,-1.3699829109398227e-05,-2.5422802966329052,-0.001042460470881748,0.007177148356140785,0.0643,0.007,-2.542789654012,-0.001626074585173008,0.02386691560009163,0.0648
1787378110.767416,-2.478032300986348,7.474231298004556e-07,-1.366670562484032e-05,-2.5419775063684957,-0.0009331434611782947,0.005609959600512512,0.0640,0.006,-2.5410758885541482,-0.0005988246987252937,0.0006608417786359929,0.0630
1787378110.9089906,-2.4780323009677168,7.474383015921486e-07,-1.3668114108271636e-05,-2.5422300281043992,-0.0013232327580355821,0.019374156486258988,0.0642,0.019,-2.5427896540112047,-0.001626074586951537,0.02386691563158947,0.0648
1787378110.9865956,-2.4780323009258045,7.479577965955329e-07,-1.370263606539169e-05,-2.542553276456189,-0.0015984187113500799,0.023464527726646395,0.0645,0.023,-2.54278965401106,-0.00162607458695144,0.023866915631775374,0.0648
1787378111.063759,-2.4780323010007055,7.473723905953276e-07,-1.3663448790935397e-05,-2.5426514318165534,-0.001633798040083072,0.02396914086510593,0.0646,0.024,-2.542789654010731,-0.0016260745853426911,0.023866915602940127,0.0648
1787378111.1414196,-2.478032300926354,7.479512446947737e-07,-1.3703366790202609e-05,-2.542731211014391,-0.0016501623052546266,0.02420258379220949,0.0647,0.024,-2.5427896540102797,-0.0016260745850520456,0.023866915597789605,0.0648
1787378111.2969441,-2.4780323009136302,7.47963920436686e-07,-1.3704597369106915e-05,-2.54277073116018,-0.0016508504934714594,0.02421216420029523,0.0648,0.024,-2.5427896540101247,-0.0016260745850519706,0.02386691559793493,0.0648
1787378111.3705199,-2.47803230097704,7.473951557179597e-07,-1.3665857703487671e-05,-2.5428315298590336,-0.0016543101913222902,0.024261711640741302,0.0648,0.024,-2.5427896540098285,-0.0016260745850479803,0.023866915597725545,0.0648
1787378111.4417818,-2.478032300899258,7.479797028340477e-07,-1.3706001109516954e-05,-2.542845133332474,-0.0016531484101453748,0.024245215334661327,0.0648,0.024,-2.5427896540096704,-0.0016260745850282766,0.02386691559751934,0.0648
1787378111.5916152,-2.4780323009354133,7.479142200371826e-07,-1.3701325063933876e-05,-2.5428617748743965,-0.001654149432104876,0.0242597492700285,0.0649,0.024,-2.5427896540092174,-0.0016260745850287075,0.02386691559753114,0.0648
1787378111.6686785,-2.478032300965575,7.474055581963718e-07,-1.3668045104625306e-05,-2.542266658068374,-0.001051447426368275,0.007325317713782101,0.0642,0.007,-2.541075888551384,-0.0005988246987350481,0.0006608417787986839,0.0630
1787378111.745026,-2.4780323009279437,7.479226265466393e-07,-1.37023910852662e-05,-2.5424303742822527,-0.0013531408573223655,0.01976453177404291,0.0644,0.020,-2.5410758885509406,-0.0005988246987301882,0.0006608417787132058,0.0630
1787378111.887553,-2.478032300916012,7.479373551124726e-07,-1.3703694612808784e-05,-2.541953445031104,-0.0008838391826313648,0.00486148523807795,0.0639,0.005,-2.5427896540083372,-0.0016260745851681688,0.023866915600046952,0.0648
1787378111.9622767,-2.4780323009421923,7.474343110816983e-07,-1.3670639148307979e-05,-2.5424230361965665,-0.0015209574639907198,0.022358168810290235,0.0644,0.022,-2.5427896540080237,-0.001626074585167883,0.023866915599858346,0.0648
1787378112.0391996,-2.478032300902631,7.479540809899373e-07,-1.3705145418390874e-05,-2.5425613502018436,-0.0016007381936842334,0.023498362864560918,0.0645,0.024,-2.5427896540078945,-0.0016260745857754758,0.023866915610867217,0.0648
1787378112.1897972,-2.4780323009069547,7.47948006562789e-07,-1.3705846780513679e-05,-2.542661792797208,-0.0016344144372729707,0.023978671018493932,0.0647,0.024,-2.542789654007451,-0.0016260745851376462,0.023866915599481606,0.0648
1787378112.2666433,-2.4780323009729295,7.473775196327676e-07,-1.3666998253199992e-05,-2.542769663705064,-0.0016485979344376045,0.02418081817157342,0.0648,0.024,-2.54278965400716,-0.0016260745851375252,0.023866915599342665,0.0648
1787378112.340557,-2.4780323008970706,7.47961047144072e-07,-1.3707046642891698e-05,-2.542807267553436,-0.001652564189758153,0.024237547976121612,0.0648,0.024,-2.542789654006732,-0.0016260745850352387,0.023866915597525355,0.0648
1787378112.4853165,-2.478032300936144,7.47894219324752e-07,-1.370220005532432e-05,-2.542846460489835,-0.0016512888161557306,0.024219572899487587,0.0648,0.024,-2.542789654006591,-0.0016260745850350219,0.023866915597664493,0.0648
1787378112.553408,-2.47803230096745,7.473850643549388e-07,-1.3668840783612316e-05,-2.542267530972987,-0.0010377028197088014,0.007104360271325235,0.0642,0.007,-2.5427896540061727,-0.0016260745851678464,0.02386691560005809,0.0648
1787378112.6837804,-2.47803230095869,7.473971612793396e-07,-1.3669899516735567e-05,-2.5419952413075233,-0.0009363150866473575,0.005668657785291633,0.0640,0.006,-2.541075888548342,-0.0005988246987148444,0.0006608417784262985,0.0630
1787378112.7534559,-2.478032300920483,7.479158266663732e-07,-1.3704265835119898e-05,-2.542251812914507,-0.0013493604199421574,0.019784659600818193,0.0642,0.020,-2.542789654005752,-0.0016260745851665015,0.023866915600039378,0.0648
1787378112.897153,-2.4780323009082794,7.479321464475388e-07,-1.3705578604585119e-05,-2.54183276701916,-0.0008946308137160917,0.005034164133116462,0.0638,0.005,-2.542789654005337,-0.0016260745851654416,0.023866915600026094,0.0648
1787378112.9679973,-2.4780323009856593,7.4734684418396e-07,-1.3666310235752006e-05,-2.54235566207645,-0.0015119344456788288,0.02222950615370946,0.0643,0.022,-2.542789654005042,-0.0016260745851653248,0.023866915599842154,0.0648
1787378113.0417197,-2.478032300913476,7.47925813273482e-07,-1.3706148293629986e-05,-2.542505252941324,-0.0015901516386755536,0.023347806765685868,0.0645,0.023,-2.5427896540049173,-0.001626074585823384,0.02386691561172359,0.0648
1787378113.1878242,-2.478032300904233,7.479387110917121e-07,-1.3707223027681023e-05,-2.542257298196726,-0.001322028191377779,0.019307983399652482,0.0642,0.019,-2.5427896540045123,-0.0016260745853831022,0.023866915603890454,0.0648
1787378113.25853,-2.478032300969024,7.473700577444555e-07,-1.3668407587809885e-05,-2.5424447202893683,-0.0015177926255215861,0.022312201511044922,0.0644,0.022,-2.5427896540042436,-0.001626074586971401,0.023866915632038257,0.0648
1787378113.402924,-2.4780323009960865,7.473866233181838e-07,-1.3669850779634835e-05,-2.542578703793212,-0.0015988712817943263,0.02347222311930752,0.0646,0.023,-2.5427896540038386,-0.0016260745853337055,0.023866915602877833,0.0648
1787378113.4762638,-2.478032301079698,7.47888993327952e-07,-1.3707344652197059e-05,-2.542675853112475,-0.0016332696358682132,0.02396294677819566,0.0647,0.024,-2.5427896540037085,-0.0016260745851404605,0.023866915599578303,0.0648
1787378113.5492573,-2.4780323010112344,7.473805290018074e-07,-1.3670538738616152e-05,-2.542220860364891,-0.0010798649364902372,0.007770734922308417,0.0642,0.008,-2.5427896540033244,-0.0016260745851658426,0.023866915600055695,0.0648
1787378113.6882708,-2.4780323010082506,7.473935530472725e-07,-1.3671724142940673e-05,-2.542414464841965,-0.001395309681025198,0.020425732628786417,0.0644,0.020,-2.541075888545507,-0.0005988246987209515,0.0006608417785269931,0.0630
1787378113.7653644,-2.4780323010759266,7.479124603266142e-07,-1.3709662691094075e-05,-2.5422162687865573,-0.0013014404291919295,0.019040740183972046,0.0642,0.019,-2.542789654002935,-0.0016260745865308889,0.023866915624373285,0.0648
1787378113.8400097,-2.478032301000921,7.474096069544996e-07,-1.3673080789004622e-05,-2.541823733558189,-0.0008830722653573651,0.004868504349219043,0.0638,0.005,-2.5427896540025436,-0.0016260745851630774,0.023866915600017524,0.0648
1787378113.9825912,-2.4780323010421155,7.47344388538464e-07,-1.3668360038846918e-05,-2.542141917188039,-0.0013246277656125305,0.01941955333884963,0.0641,0.019,-2.5427896540022585,-0.0016260745851629994,0.02386691559983319,0.0648
1787378114.0582721,-2.478032301074655,7.479234219554627e-07,-1.371176208447908e-05,-2.542540621583038,-0.0016066349704988566,0.023583684134073937,0.0645,0.024,-2.5410758885443467,-0.0005988246987214899,0.0006608417785538557,0.0630
1787378114.2069116,-2.478032301066947,7.479366040819143e-07,-1.3712934870767725e-05,-2.5420738791608795,-0.0010551743143001001,0.0073980224363612256,0.0641,0.007,-2.5427896540017554,-0.0016260745851642351,0.023866915600019693,0.0648
1787378114.2795713,-2.478032301028612,7.47368161105685e-07,-1.3670652228505943e-05,-2.5423366737131943,-0.0014202189864354405,0.020818951086993085,0.0643,0.021,-2.5427896540014947,-0.0016260745863750992,0.023866915621445405,0.0648
1787378114.3555863,-2.4780323010561225,7.479528071385245e-07,-1.3714279944789834e-05,-2.5426413404736223,-0.001620415836037985,0.02378028443393539,0.0646,0.024,-2.5427896540013752,-0.0016260745863748744,0.02386691562158445,0.0648
1787378114.4965742,-2.478032301094729,7.478876724488633e-07,-1.3709544161625967e-05,-2.5427083978905642,-0.0016913136400863158,0.024171888751226774,0.0647,0.024,-2.542789654001002,-0.0016260745850561278,0.023866915598102983,0.0648
1787378114.572346,-2.4780323010221146,7.473792766400406e-07,-1.3672721237157802e-05,-2.5421816716311008,-0.001071014725747054,0.00765545887512635,0.0642,0.008,-2.5410758885432037,-0.0005988246987202214,0.0006608417785013008,0.0630
1787378114.646702,-2.4780323010888874,7.478963874242464e-07,-1.3710550802104802e-05,-2.542396218333812,-0.0013934654689226997,0.020402562986508988,0.0644,0.020,-2.5427896540006394,-0.001626074585163383,0.023866915600037265,0.0648
1787378114.7895668,-2.478032301077968,7.479113902228917e-07,-1.3711795120300027e-05,-2.5419298130210124,-0.0009021359513657894,0.005131589576860189,0.0639,0.005,-2.542789654000267,-0.001626074585161176,0.02386691560000116,0.0648
1787378114.8679714,-2.4780323010520626,7.473257517501438e-07,-1.3668982941104826e-05,-2.541827650071504,-0.000906252726193757,0.0052167413491691255,0.0638,0.005,-2.541075888542457,-0.0005988246987023387,0.0006608417781803137,0.0630
1787378114.944871,-2.478032301083815,7.479042505397599e-07,-1.37123062004764e-05,-2.5421286410809447,-0.0012922066575634967,0.01889592402396297,0.0641,0.019,-2.5410758885421076,-0.0005988246987134185,0.0006608417783976307,0.0630
1787378115.0899687,-2.4780323010748355,7.479165871810713e-07,-1.3713327520172266e-05,-2.5417654989733864,-0.0008763800308739444,0.004766159379392095,0.0637,0.005,-2.5427896539995367,-0.0016260745851603379,0.023866915599971825,0.0648
1787378115.1667547,-2.478032301035978,7.473478313962793e-07,-1.3670973537392226e-05,-2.54176897258733,-0.0009276935620154722,0.005551894236729366,0.0637,0.006,-2.5410758885417253,-0.0005988246969124673,0.0006608417462466475,0.0630
1787378115.2402368,-2.478032301063052,7.479322108226391e-07,-1.3714530645166604e-05,-2.542102815122122,-0.0013331358030937586,0.019532590010404912,0.0641,0.020,-2.54278965399893,-0.0016260745868787315,0.02386691563044291,0.0648
1787378115.3804016,-2.4780323011009235,7.478667125806907e-07,-1.370966263830215e-05,-2.542518381443725,-0.0016046391007102864,0.02355563560170123,0.0645,0.024,-2.5427896539988226,-0.0016260745868783382,0.023866915630576045,0.0648
1787378115.4537776,-2.478032301028009,7.473581848072789e-07,-1.3672776026594752e-05,-2.5420577599696776,-0.001030002446820949,0.007001166535571773,0.0640,0.007,-2.5427896539984722,-0.0016260745851612655,0.023866915600020532,0.0648
1787378115.6016283,-2.478032301018209,7.473711659579385e-07,-1.367380541372355e-05,-2.5423147934352706,-0.0013869185211825338,0.02031363932791699,0.0643,0.020,-2.541075888540679,-0.0005988246987123596,0.0006608417783542802,0.0630
1787378115.6700156,-2.4780323010831826,7.478900962061032e-07,-1.3711669072547865e-05,-2.5421953605448113,-0.0013270088405136142,0.019439067076060457,0.0642,0.019,-2.5427896539981294,-0.0016260745865707836,0.023866915625130058,0.0648
1787378115.740485,-2.4780323010058405,7.473872414903368e-07,-1.367501198040625e-05,-2.5418204959813218,-0.0009034072236178106,0.005173364495481671,0.0638,0.005,-2.542789653997774,-0.0016260745851590767,0.023866915599987593,0.0648
1787378115.884091,-2.478032301043275,7.473220993978787e-07,-1.367014724875023e-05,-2.5417835071581116,-0.0008997240267595349,0.005117524370115976,0.0638,0.005,-2.5410758885399782,-0.0005988246986977966,0.0006608417780879051,0.0630
1787378115.9563134,-2.478032301074317,7.479012007254797e-07,-1.3713480037857098e-05,-2.5421394757701865,-0.0013579751104876101,0.019921889156341917,0.0641,0.020,-2.542789653997419,-0.0016260745851585893,0.023866915599954495,0.0648
1787378116.1038632,-2.478032301083175,7.479390098662534e-07,-1.3715409369362878e-05,-2.5417698124198167,-0.0009081580722344704,0.005237579032570099,0.0637,0.005,-2.5427896539970924,-0.0016260745851586665,0.023866915599996007,0.0648
1787378116.1727662,-2.4780323010853307,7.474405525201625e-07,-1.3679092480736821e-05,-2.542340842122889,-0.0015092405093316465,0.022191892511006586,0.0643,0.022,-2.5427896539968398,-0.0016260745851587213,0.023866915599808587,0.0648
1787378116.2461364,-2.4780323010757503,7.479613083369134e-07,-1.3717128662854062e-05,-2.5425338754093456,-0.0016064836383899996,0.023582515329259927,0.0645,0.024,-2.5427896539967545,-0.0016260745858309045,0.023866915611967406,0.0648
1787378116.3916988,-2.4780323011163308,7.478998508751267e-07,-1.3712708037630711e-05,-2.542653990159655,-0.0016372629209969532,0.024021490849172246,0.0646,0.024,-2.542789653996419,-0.0016260745851111754,0.023866915599151245,0.0648
1787378116.464316,-2.478032301082926,7.474592550742621e-07,-1.3681796504742196e-05,-2.5422051310950255,-0.0010408718972350548,0.007154777431242958,0.0642,0.007,-2.5410758885386264,-0.00059882469871145,0.0006608417782999324,0.0630
1787378116.6092157,-2.4780323010747147,7.474744931057476e-07,-1.368321676579797e-05,-2.5424018743677523,-0.0013590784776398935,0.019865752670224227,0.0644,0.020,-2.5410758885382934,-0.0005988246987073613,0.0006608417782322944,0.0630
1787378116.6854186,-2.478032301101821,7.479278055801922e-07,-1.3715496801153518e-05,-2.541953877855988,-0.0008908878148210573,0.004968277418488252,0.0639,0.005,-2.542789653995771,-0.001626074586744735,0.02386691562827728,0.0648
1787378116.7568204,-2.4780323010634313,7.474920235617027e-07,-1.3684784350267935e-05,-2.5424307120983975,-0.0015095853172017457,0.02219830903845606,0.0644,0.022,-2.542789653995449,-0.0016260745858271426,0.023866915611939835,0.0648
1787378116.898538,-2.4780323011015812,7.474277282582735e-07,-1.368025451529567e-05,-2.542573247408381,-0.00159523779146892,0.023423096383729494,0.0646,0.023,-2.5427896539951886,-0.0016260745858271406,0.023866915611709463,0.0648
1787378116.970254,-2.478032301094389,7.479406601029769e-07,-1.3717979650284094e-05,-2.5427465140843504,-0.0016448918304735006,0.02413148027609487,0.0647,0.024,-2.542789653995111,-0.001626074585345336,0.023866915603333202,0.0648
1787378117.0426617,-2.478032301095234,7.474369768232137e-07,-1.3681455683010062e-05,-2.542796387142763,-0.0016497116394974393,0.02420033639026213,0.0648,0.024,-2.5427896539947907,-0.0016260745850392917,0.023866915597889254,0.0648
1787378117.1918817,-2.4780323010838097,7.474522347041099e-07,-1.3682881029003084e-05,-2.542849339648511,-0.0016500222910496205,0.02420508396657738,0.0648,0.024,-2.5427896539945505,-0.0016260745850393342,0.0238669155977037,0.0648
1787378117.2637718,-2.478032301123365,7.478876151355513e-07,-1.3714600128387297e-05,-2.542864827028249,-0.0016492779982731495,0.024194684357627436,0.0649,0.024,-2.5427896539944763,-0.0016260745850373256,0.023866915597858248,0.0648
1787378117.3368006,-2.4780323010892413,7.474450201543244e-07,-1.3683552531952594e-05,-2.5422718669734308,-0.0010254805855542874,0.0069291388127328156,0.0642,0.007,-2.5427896539941726,-0.0016260745851572733,0.023866915600017212,0.0648
1787378117.4809802,-2.4780323010798817,7.474570920485357e-07,-1.3684721626072211e-05,-2.541979670456834,-0.000912422064115601,0.005305914614766413,0.0640,0.005,-2.5410758885363767,-0.0005988246986926447,0.0006608417779612463,0.0630
1787378117.5495868,-2.4780323011065204,7.479091826639135e-07,-1.3716886756362211e-05,-2.542241181471202,-0.0013263340539580114,0.01944327533737193,0.0642,0.019,-2.541075888536064,-0.0005988246987031815,0.000660841778149219,0.0630
1787378117.6909933,-2.4780323010935015,7.479253070833401e-07,-1.371829522264853e-05,-2.541833614577575,-0.0008927112284795968,0.005019823990065586,0.0638,0.005,-2.5427896539935455,-0.0016260745869089769,0.023866915631222712,0.0648
1787378117.762514,-2.4780323011052254,7.47406390612295e-07,-1.3681323993498044e-05,-2.542352507626316,-0.00150687103610626,0.022161140754703566,0.0643,0.022,-2.542789653993284,-0.0016260745851550931,0.02386691559975486,0.0648
1787378117.9005628,-2.478032301098384,7.47414474609959e-07,-1.3682332467818535e-05,-2.542509544604445,-0.001591556644194278,0.023371785080987948,0.0645,0.023,-2.5410758885354503,-0.0005988246987051558,0.0006608417781997783,0.0630
1787378117.970058,-2.4780323010875214,7.479312575821686e-07,-1.3720104805292697e-05,-2.5422853681050332,-0.0013688922478450717,0.020047883424666364,0.0643,0.020,-2.542789653992922,-0.0016260745853636344,0.023866915603683262,0.0648
1787378118.040765,-2.4780323010865875,7.474289271008395e-07,-1.3683577738415743e-05,-2.5424599964387378,-0.001530376915146297,0.022496222603684442,0.0644,0.023,-2.542789653992693,-0.0016260745866704055,0.023866915626771658,0.0648
1787378118.1838596,-2.4780323010729757,7.474454094615361e-07,-1.36849694054162e-05,-2.542599236919103,-0.0016071575651616843,0.023594227496156816,0.0646,0.024,-2.542789653992391,-0.0016260745857074336,0.023866915609625138,0.0648
1787378118.252714,-2.4780323011117082,7.478812252532485e-07,-1.3716669666224283e-05,-2.542740768816739,-0.001640793621497227,0.024073889581956383,0.0647,0.024,-2.5427896539923243,-0.0016260745852754838,0.023866915602119947,0.0648
1787378118.402416,-2.478032301104593,7.478894411439441e-07,-1.3717651770376574e-05,-2.5421737366605197,-0.0009901885623698837,0.006392498599280636,0.0641,0.006,-2.5427896539920374,-0.0016260745851548481,0.023866915599997866,0.0648
1787378118.4827037,-2.478032301066422,7.4745163866383e-07,-1.3686726769431555e-05,-2.5419637400767496,-0.0009482970852034707,0.0058764428838456815,0.0639,0.006,-2.541075888534255,-0.0005988246986886321,0.0006608417778850757,0.0630
1787378118.5573163,-2.4780323010926333,7.479039676101015e-07,-1.371886955799536e-05,-2.5422504851398147,-0.0013830961074802377,0.02030119179988265,0.0642,0.020,-2.5427896539917465,-0.001626074585154513,0.02386691560000049,0.0648
1787378118.6330433,-2.4780323010534744,7.474673231229326e-07,-1.3688022662039461e-05,-2.541823766759193,-0.0009067394710811863,0.005218862792143768,0.0638,0.005,-2.5427896539914543,-0.0016260745851535401,0.02386691559998414,0.0648
1787378118.785423,-2.4780323010903973,7.474017334675894e-07,-1.368323992216839e-05,-2.541789120569324,-0.0009245898676386157,0.005518309330099408,0.0638,0.006,-2.5410758885336704,-0.0005988246986865248,0.0006608417778472608,0.0630
1787378118.8582795,-2.4780323010827257,7.479141841001903e-07,-1.3720844724243947e-05,-2.54213034056327,-0.0013691827524964439,0.020094589735460803,0.0641,0.020,-2.5427896539911568,-0.0016260745851535727,0.0238669155999614,0.0648
1787378119.0079362,-2.478032301072141,7.479269928110422e-07,-1.3721953245884698e-05,-2.5417635364480375,-0.0009231533365278231,0.005475621274305211,0.0637,0.005,-2.5427896539908663,-0.0016260745851533422,0.023866915599963894,0.0648
1787378119.0844004,-2.4780323010710883,7.474247536970024e-07,-1.3685403034221543e-05,-2.5423382785512545,-0.0015187515867662754,0.02233012101868144,0.0643,0.022,-2.5427896539906403,-0.0016260745851531331,0.023866915599773945,0.0648
1787378119.156566,-2.478032301110397,7.478599285211298e-07,-1.371701362815494e-05,-2.542507719601884,-0.0015990157776669604,0.023477617007615702,0.0645,0.023,-2.5427896539905857,-0.001626074585771334,0.023866915610973868,0.0648
1787378119.3021793,-2.478032301104187,7.478671990588715e-07,-1.3717829339542873e-05,-2.542003067063157,-0.0009611989250264942,0.005965816656571756,0.0640,0.006,-2.541075888532811,-0.0005988246987006403,0.0006608417780895746,0.0630
1787378119.3758194,-2.4780323010663827,7.474290377923519e-07,-1.3686824974746168e-05,-2.541983076758266,-0.0009175492137050367,0.004980205664713198,0.0640,0.005,-2.541075888532531,-0.0005988246986850707,0.0006608417778153774,0.0630
1787378119.4498851,-2.4780323010929,7.478810827232991e-07,-1.3718891581005415e-05,-2.5420393061106146,-0.001274190791885566,0.01871461429103631,0.0640,0.019,-2.541075888532252,-0.0005988246986956152,0.0006608417780048817,0.0630
1787378119.6037593,-2.4780323010797054,7.478971776535108e-07,-1.3720108684639036e-05,-2.5417034319330556,-0.0009025880827522965,0.005209010145217954,0.0637,0.005,-2.542789653989753,-0.0016260745851521534,0.023866915599979333,0.0648
1787378119.6917048,-2.478032301091372,7.47378271338296e-07,-1.3683044325840569e-05,-2.5417443403087057,-0.0009323066321609145,0.005624186345288109,0.0637,0.006,-2.5410758885319757,-0.0005988246986834513,0.0006608417777867943,0.0630
1787378119.7681665,-2.478032301083868,7.478906136489355e-07,-1.3720580883791501e-05,-2.5421029236697144,-0.0013598978363066785,0.019945166792445224,0.0641,0.020,-2.5427896539894683,-0.0016260745851523328,0.023866915599959924,0.0648
1787378119.8409255,-2.47803230108445,7.473864376902493e-07,-1.3683872460555791e-05,-2.541744401896045,-0.0009042789287883189,0.005177089945513717,0.0637,0.005,-2.542789653989193,-0.0016260745851518045,0.023866915599958596,0.0648
1787378119.984158,-2.4780323010726164,7.474010213512426e-07,-1.3684944094645004e-05,-2.541755863071855,-0.000909467969241475,0.005265552700766827,0.0637,0.005,-2.5410758885314317,-0.0005988246986823136,0.0006608417777862483,0.0630
1787378120.051254,-2.478032301060719,7.479190576927138e-07,-1.3722709745062674e-05,-2.5417296203942175,-0.0008844423177620778,0.004565448101972437,0.0637,0.005,-2.5410758885314317,-0.0005988246986823136,0.0006608417777862483,0.0630
1787378120.1750002,-2.4780323010977354,7.47853575498638e-07,-1.3717786903167394e-05,-2.541439607140511,-0.0006689199634159495,0.0016673802076807242,0.0634,0.002,-2.54278965398866,-0.0016260745851506347,0.023866915599941297,0.0648
1787378120.2436438,-2.4780323010629317,7.474114292519395e-07,-1.3686638158470541e-05,-2.54161721420155,-0.0008559019481008672,0.004479706986595578,0.0636,0.004,-2.5410758885308904,-0.0005988246982400298,0.0006608417698600624,0.0630
1787378120.39852,-2.478032301052504,7.474243002949567e-07,-1.368760878327927e-05,-2.5420200051735025,-0.0013129902352715622,0.019249606125767166,0.0640,0.019,-2.5410758885306355,-0.0005988246986932353,0.0006608417779574685,0.0630
1787378120.473701,-2.478032301078732,7.478767373708792e-07,-1.3719675419914583e-05,-2.54209291004638,-0.0013629338771041733,0.019992540477349142,0.0641,0.020,-2.5427896539881485,-0.0016260745869805997,0.02386691563256247,0.0648
1787378120.549511,-2.4780323010396077,7.474402054181224e-07,-1.3688754208539978e-05,-2.5417483008076873,-0.000913099606539568,0.0053099945008759425,0.0637,0.005,-2.5410758885303717,-0.0005988246986931758,0.0006608417779556788,0.0630
1787378120.694231,-2.4780323010765883,7.473748489758591e-07,-1.3683826396023836e-05,-2.542105449798605,-0.001333509721638304,0.019539511110616158,0.0641,0.020,-2.542789653987883,-0.0016260745851508199,0.023866915599975003,0.0648
1787378120.7643664,-2.4780323010689425,7.47887409922399e-07,-1.3721359626752475e-05,-2.5424175090745513,-0.001562213761106219,0.022951478047610756,0.0644,0.023,-2.5427896539876245,-0.0016260745868657254,0.02386691563049121,0.0648
1787378120.9103737,-2.4780323010584278,7.479004529618936e-07,-1.3722329939080346e-05,-2.5419224983788116,-0.0009562677273855166,0.00590869589961612,0.0639,0.006,-2.5410758885298654,-0.0005988246986950218,0.0006608417780065344,0.0630
1787378120.9926574,-2.478032301057418,7.473983440842787e-07,-1.368571368165295e-05,-2.5422497021648116,-0.0013639713623258974,0.019987196046208255,0.0642,0.020,-2.5410758885296074,-0.0005988246986797562,0.0006608417777349806,0.0630
1787378121.066592,-2.4780323010454532,7.479165172310576e-07,-1.3723475762453479e-05,-2.542175263316609,-0.001333175103335393,0.019532380336128755,0.0642,0.020,-2.5427896539871084,-0.0016260745866895367,0.023866915627367154,0.0648
1787378121.1382918,-2.478032301043706,7.474152362209753e-07,-1.368692979165057e-05,-2.541784387063215,-0.000866890151127285,0.004612563277727511,0.0638,0.005,-2.5427896539868504,-0.001626074585149257,0.023866915599937158,0.0648
1787378121.2829058,-2.4780323010475893,7.474091853534859e-07,-1.368739069527779e-05,-2.542119943945447,-0.0012904674620106225,0.01888464418220516,0.0641,0.019,-2.541075888529067,-0.0005988246969560702,0.0006608417469325906,0.0630
1787378121.3541636,-2.4780323010752925,7.478598186920731e-07,-1.371935754713449e-05,-2.542105839041545,-0.0013070915206868307,0.01914845180360789,0.0641,0.019,-2.5410758885288423,-0.0005988246986897176,0.0006608417778867503,0.0630
1787378121.490842,-2.478032301063382,7.478746849717485e-07,-1.3720412173522042e-05,-2.5417644445600938,-0.0008933695548638581,0.005026886813808776,0.0637,0.005,-2.5427896539863624,-0.0016260745851596813,0.023866915600148773,0.0648
1787378121.560075,-2.478032301075536,7.473553963482536e-07,-1.3683273636131851e-05,-2.5417630472666293,-0.0008978855519433737,0.005092900593682953,0.0637,0.005,-2.5410758885285945,-0.000598824698677178,0.0006608417776627943,0.0630
1787378121.7059045,-2.4780323010693888,7.473629924832376e-07,-1.3683959231141896e-05,-2.5421247684537653,-0.0013496192320019262,0.019798145760407993,0.0641,0.020,-2.5410758885283564,-0.0005988246986894899,0.0006608417779024832,0.0630
1787378121.775167,-2.4780323010588106,7.478796149802984e-07,-1.3721574197716107e-05,-2.542109911451073,-0.0013232897063660057,0.019380052070555404,0.0641,0.019,-2.542789653985865,-0.0016260745867628398,0.023866915628683687,0.0648
1787378121.8457499,-2.4780323010581555,7.473772108337201e-07,-1.36848967846073e-05,-2.5417664029030584,-0.0008944076628390125,0.005033912551317491,0.0637,0.005,-2.5427896539856207,-0.0016260745851485584,0.023866915599938032,0.0648
1787378121.9863641,-2.47803230104501,7.473936450820508e-07,-1.3685994185732776e-05,-2.542102969608747,-0.0013122453571702817,0.01922110501537373,0.0641,0.019,-2.5410758885278764,-0.0005988246986880737,0.0006608417778786983,0.0630
1787378122.060247,-2.478032301083934,7.478294676945333e-07,-1.3717549561805125e-05,-2.5420907554804506,-0.0012958434497809907,0.01896853859351609,0.0641,0.019,-2.5427896539853814,-0.0016260745851590175,0.02386691560012845,0.0648
1787378122.2049394,-2.4780323010771794,7.478378255059922e-07,-1.3718255163338312e-05,-2.541739285536853,-0.0008666300523015196,0.0046179230302364135,0.0637,0.005,-2.5427896539851513,-0.001626074585147778,0.023866915599948718,0.0648
1787378122.2813213,-2.4780323010391903,7.474001446590504e-07,-1.3687197825310125e-05,-2.5417841600386173,-0.0009454450124575786,0.005851507294915351,0.0638,0.006,-2.5410758885273643,-0.0005988246969508433,0.0006608417468359261,0.0630
1787378122.3550556,-2.478032301065533,7.478525791477684e-07,-1.3719207253943467e-05,-2.5421201855413025,-0.001348846503006865,0.019774800689522767,0.0641,0.020,-2.5410758885271494,-0.0005988246986870377,0.0006608417778297883,0.0630
1787378122.504967,-2.4780323010521155,7.478693831639818e-07,-1.3720314920377155e-05,-2.5417710100473276,-0.000903470256368843,0.005166252464104782,0.0637,0.005,-2.542789653984675,-0.0016260745851477978,0.02386691559995041,0.0648
1787378122.5769722,-2.4780323010637226,7.473508173938776e-07,-1.3683199494780373e-05,-2.5417688015825615,-0.0009012295661400718,0.005136671359169485,0.0637,0.005,-2.5410758885269145,-0.0005988246986742486,0.0006608417775996426,0.0630
1787378122.6468449,-2.4780323010561536,7.478634155319401e-07,-1.372067999750308e-05,-2.54211588463558,-0.0013243894464522404,0.019406920416639124,0.0641,0.019,-2.5410758885266986,-0.0005988246986861179,0.000660841777830945,0.0630
1787378122.792623,-2.4780323010458,7.478765856680915e-07,-1.3721550824417619e-05,-2.541774106789042,-0.0009080561533059801,0.005248557237162918,0.0637,0.005,-2.5427896539842076,-0.0016260745851474658,0.023866915599928134,0.0648
1787378122.8659637,-2.4780323010448746,7.473745717368255e-07,-1.3684888390797756e-05,-2.5417904126482154,-0.0009348510117324823,0.005660501348354883,0.0638,0.006,-2.5410758885264655,-0.0005988246986734798,0.0006608417776062844,0.0630
1787378123.0054882,-2.4780323010312943,7.473916211653449e-07,-1.3686010844372972e-05,-2.5421258264046833,-0.0013386465717521525,0.01961768772783848,0.0641,0.020,-2.5410758885262372,-0.0005988246986852126,0.0006608417778125485,0.0630
1787378123.078345,-2.4780323011223535,7.479121788655347e-07,-1.3723916708131226e-05,-2.5421114729290952,-0.001315823671508001,0.019272245074990223,0.0641,0.019,-2.5427896539837582,-0.0016260745868319237,0.023866915629932036,0.0648
1787378123.1534972,-2.4780323010544505,7.474105185160159e-07,-1.3687294032461735e-05,-2.541747704350785,-0.0008655184542789629,0.004595962582407888,0.0637,0.005,-2.542789653983529,-0.0016260745851462727,0.02386691559991054,0.0648
1787378123.2993023,-2.4780323010495424,7.474300122990143e-07,-1.3688697782994975e-05,-2.542091912519439,-0.0012891500258349945,0.018866530690808403,0.0641,0.019,-2.5427896539833283,-0.0016260745851569283,0.023866915599916046,0.0648
1787378123.3715804,-2.478032301116209,7.479511189200034e-07,-1.372672095072235e-05,-2.5425232110718214,-0.001596000795732953,0.02343586074299832,0.0645,0.023,-2.542789653983307,-0.0016260745851565826,0.023866915600096395,0.0648
1787378123.50746,-2.4780323011057197,7.479714012338093e-07,-1.3728293719679791e-05,-2.5426520231387837,-0.0016339320792451058,0.023977006988822793,0.0646,0.024,-2.5427896539830854,-0.0016260745851171003,0.023866915599397895,0.0648
1787378123.5771434,-2.478032301080022,7.473877534533945e-07,-1.3685631833928785e-05,-2.5427386738418036,-0.0016472871448569592,0.02416756891381796,0.0647,0.024,-2.542789653982891,-0.0016260745850421466,0.023866915597878825,0.0648
1787378123.6483965,-2.478032301111928,7.479679012108924e-07,-1.3729091470566168e-05,-2.542835966615037,-0.0016514159834908873,0.024226806784580765,0.0648,0.024,-2.5427896539826786,-0.0016260745850187382,0.023866915597483752,0.0648
1787378123.792822,-2.4780323011031764,7.479827948682447e-07,-1.3730367905350178e-05,-2.5428563045169335,-0.0016499827008515703,0.024206561157388083,0.0648,0.024,-2.5427896539826405,-0.0016260745850265258,0.02386691559776746,0.0648
1787378123.8678524,-2.4780323010644234,7.474149901113105e-07,-1.3688131796323121e-05,-2.5428856055586593,-0.0016476618260529068,0.024173988724668537,0.0649,0.024,-2.54278965398246,-0.0016260745850262268,0.02386691559762079,0.0648
1787378124.006659,-2.4780323010705985,7.474087471051984e-07,-1.3688736650042627e-05,-2.5428803358154752,-0.0016445739639442047,0.02413012898293579,0.0649,0.024,-2.542789653982238,-0.001626074585056276,0.023866915598133732,0.0648
1787378124.0756433,-2.478032301137657,7.479257076664441e-07,-1.3726539339334641e-05,-2.542880208692932,-0.0016426027582532705,0.024102432279654397,0.0649,0.024,-2.5427896539822195,-0.00162607458505614,0.023866915598320968,0.0648
1787378124.1466854,-2.4780323010618286,7.474216119427032e-07,-1.3689838322038363e-05,-2.5428819193725234,-0.0016421262655624046,0.024095851000006753,0.0649,0.024,-2.542789653982024,-0.001626074585067049,0.023866915598331834,0.0648
1787378124.2992246,-2.4780323010501593,7.474374989157825e-07,-1.3691110940135513e-05,-2.5428745104304955,-0.001640177307664704,0.024068201437914504,0.0649,0.024,-2.542789653981811,-0.0016260745850693583,0.02386691559837405,0.0648
1787378124.3698437,-2.4780323011145726,7.479571654191879e-07,-1.372907492774125e-05,-2.5428606742097193,-0.0016380156299075292,0.02403761917840846,0.0648,0.024,-2.542789653981792,-0.0016260745850801947,0.02386691559875296,0.0648
1787378124.439307,-2.478032301088043,7.473721169945784e-07,-1.3686306590875882e-05,-2.5428579254498196,-0.0016374680444100596,0.024029916153357547,0.0648,0.024,-2.542789653981577,-0.001626074585094829,0.023866915598988053,0.0648
1787378124.5849214,-2.478032301081548,7.47380679148521e-07,-1.3687249567552958e-05,-2.5428453477455206,-0.0016354761007733314,0.02400164423447234,0.0648,0.024,-2.5427896539813974,-0.0016260745850948336,0.02386691559885032,0.0648
1787378124.656791,-2.478032301109283,7.47964069170901e-07,-1.3730753065568821e-05,-2.5428441489530926,-0.0016353578096983225,0.024000023775168907,0.0648,0.024,-2.5427896539813637,-0.0016260745851057847,0.02386691559918657,0.0648
1787378124.798712,-2.4780323010967393,7.479800937709507e-07,-1.373201306173025e-05,-2.5428371992193965,-0.0016340540879678795,0.023981449092987453,0.0648,0.024,-2.542789653981165,-0.0016260745851136734,0.023866915599327552,0.0648
1787378124.8769166,-2.478032301056707,7.474124095627427e-07,-1.368975976908867e-05,-2.5428332444136212,-0.0016336405011006699,0.02397558935802051,0.0648,0.024,-2.542789653980994,-0.0016260745851160243,0.023866915599231237,0.0648
1787378124.958221,-2.478032301133997,7.479147910175387e-07,-1.3727192933992478e-05,-2.5428242153551106,-0.0016321980388077815,0.02395503277392517,0.0648,0.024,-2.542789653980962,-0.00162607458511577,0.02386691559936796,0.0648
1787378125.099136,-2.4780323011270906,7.479233334206788e-07,-1.3728115010436933e-05,-2.5422360649579976,-0.001012348189451089,0.00673824486973623,0.0642,0.007,-2.5427896539807735,-0.001626074585145428,0.023866915599921962,0.0648
1787378125.170349,-2.4780323010505763,7.474192993796932e-07,-1.3691397667974948e-05,-2.5425231164336015,-0.001520667754404002,0.022361805448930586,0.0645,0.022,-2.542789653980587,-0.0016260745851454815,0.023866915599742158,0.0648
1787378125.2435095,-2.4780323011153187,7.479381625267209e-07,-1.3729274691130472e-05,-2.5426087618689963,-0.001585868547091663,0.023294098036242748,0.0646,0.023,-2.542789653980384,-0.0016260745853831494,0.02386691560397591,0.0648
1787378125.3851688,-2.4780323011017975,7.479549628414952e-07,-1.3730581890337754e-05,-2.542715693709489,-0.0016264606317670765,0.02387284206072313,0.0647,0.024,-2.5427896539803747,-0.0016260745853833047,0.023866915604165866,0.0648
1787378125.4547029,-2.4780323010749044,7.473699631075378e-07,-1.3687798166742138e-05,-2.5427472670363525,-0.0016311908921078655,0.023940209238749253,0.0647,0.024,-2.542789653980155,-0.0016260745851288327,0.02386691559960835,0.0648
1787378125.5971892,-2.4780323010678402,7.473785835836427e-07,-1.3688707843757534e-05,-2.54276902815793,-0.0016327402784883014,0.02396223452111629,0.0648,0.024,-2.5427896539799875,-0.0016260745851201697,0.02386691559931783,0.0648
1787378125.6663666,-2.4780323010953484,7.479619997502842e-07,-1.3732195035292983e-05,-2.5427851863084707,-0.0016333090520861781,0.023970310377326186,0.0648,0.024,-2.5427896539799706,-0.0016260745851202454,0.02386691559946509,0.0648
1787378125.8073256,-2.4780323011337697,7.478951914699679e-07,-1.3727205210893953e-05,-2.542802871366788,-0.0016326199983832765,0.02396044762649059,0.0648,0.024,-2.542789653979773,-0.0016260745851207233,0.023866915599477772,0.0648
1787378125.8805096,-2.4780323010610696,7.473861693942845e-07,-1.369026401407812e-05,-2.542240631565495,-0.0010197756944711248,0.006843585941410889,0.0642,0.007,-2.5410758885220504,-0.0005988246986814697,0.0006608417777310453,0.0630
1787378125.9554808,-2.478032301127706,7.479027058182423e-07,-1.3727971984861686e-05,-2.542402289139888,-0.00136244823109359,0.019964051551279022,0.0644,0.020,-2.542789653979591,-0.0016260745851445107,0.023866915599923683,0.0648
1787378126.0986917,-2.478032301116559,7.47916826279824e-07,-1.3728987223641416e-05,-2.5418911709866996,-0.0008598152046914364,0.0045177863465467975,0.0639,0.005,-2.5427896539794026,-0.001626074586691893,0.023866915627485462,0.0648
1787378126.1671162,-2.47803230103931,7.474136667331359e-07,-1.3692279080484993e-05,-2.5423523066921323,-0.0014807419871251128,0.021790415867527134,0.0643,0.022,-2.542789653979216,-0.0016260745851426621,0.023866915599710985,0.0648
1787378126.238055,-2.4780323011034997,7.479331526459186e-07,-1.3730159145420618e-05,-2.5424996560348605,-0.0015792968932012315,0.02319960697558136,0.0645,0.023,-2.542789653979027,-0.0016260745854192466,0.023866915604637468,0.0648
1787378126.3833382,-2.4780323011078083,7.479268140089736e-07,-1.3730587915211681e-05,-2.542665460632012,-0.001627210790078872,0.02388264483349821,0.0647,0.024,-2.542789653979011,-0.001626074585419156,0.023866915604794304,0.0648
1787378126.4519086,-2.4780323010700256,7.47356365536037e-07,-1.3688095274993824e-05,-2.542717060156614,-0.0016336215568245418,0.02397398799631949,0.0647,0.024,-2.542789653978827,-0.0016260745851146977,0.02386691559938159,0.0648
1787378126.5867183,-2.478032301058341,7.473711707677575e-07,-1.3689126109471848e-05,-2.5427518305405172,-0.0016354192406341876,0.02399957255913802,0.0647,0.024,-2.542789653978665,-0.0016260745851144828,0.023866915599236406,0.0648
1787378126.6546688,-2.478032301084958,7.479556987267249e-07,-1.3732634997724504e-05,-2.5427933689331583,-0.0016355368566389626,0.02400127479421721,0.0648,0.024,-2.5427896539786436,-0.0016260745851043455,0.0238669155991985,0.0648
1787378126.799892,-2.47803230112212,7.478904377141479e-07,-1.3727674066430795e-05,-2.5428073650603915,-0.0016355024635722562,0.024000856502754055,0.0648,0.024,-2.5427896539784567,-0.0016260745851035885,0.02386691559918519,0.0648
1787378126.871067,-2.4780323010489402,7.473820114987126e-07,-1.3690743133119859e-05,-2.5428116542068997,-0.0016341960867079493,0.023982260288573625,0.0648,0.024,-2.541075888520733,-0.0005988246986792277,0.000660841777687035,0.0630
1787378126.9458063,-2.4780323011151624,7.478990691495309e-07,-1.3728460624573377e-05,-2.5423790121844982,-0.0013241114990108164,0.01936563369781825,0.0644,0.019,-2.5410758885205498,-0.0005988246986750221,0.0006608417776174648,0.0630
1787378127.089524,-2.478032301103371,7.479140223318323e-07,-1.372948986441937e-05,-2.5419147916658154,-0.0008785639856133288,0.004810193683782088,0.0639,0.005,-2.5427896539780956,-0.0016260745851415168,0.02386691559988517,0.0648
1787378127.1624026,-2.478032301025867,7.474112082528036e-07,-1.3692787945674689e-05,-2.5423808564905483,-0.0015073748630729236,0.022171212338189656,0.0644,0.022,-2.5427896539779176,-0.0016260745851416384,0.02386691559970414,0.0648
1787378127.301429,-2.478032301062973,7.473460532376585e-07,-1.3687826202652215e-05,-2.542510116315413,-0.0015795222296863265,0.02320234946870077,0.0645,0.023,-2.542789653977741,-0.0016260745854172192,0.023866915604613535,0.0648
1787378127.377011,-2.47803230109384,7.47925105942153e-07,-1.3731107076682659e-05,-2.5426740233209415,-0.0016289015676180499,0.023906456471043426,0.0647,0.024,-2.5427896539777315,-0.001626074585416917,0.023866915604765945,0.0648
1787378127.4482324,-2.4780323010559373,7.473548459451874e-07,-1.368861686859605e-05,-2.542727493114958,-0.0016353522459418943,0.02399843228425573,0.0647,0.024,-2.542789653977553,-0.0016260745851039392,0.023866915599198128,0.0648
1787378127.586863,-2.47803230104408,7.473699500898205e-07,-1.3689650664965885e-05,-2.5427849697815796,-0.0016367048638813095,0.024017731114567287,0.0648,0.024,-2.5427896539773975,-0.0016260745851038258,0.023866915599057327,0.0648
1787378127.6586115,-2.4780323010706287,7.479546140393178e-07,-1.3733161820227747e-05,-2.542801749672829,-0.0016363909586766773,0.024013320243424164,0.0648,0.024,-2.5427896539773807,-0.0016260745850962572,0.023866915599063565,0.0648
1787378127.7996993,-2.4780323011077168,7.478895403691512e-07,-1.3728201304373542e-05,-2.5428120286225346,-0.0016356523475022857,0.024002862214045836,0.0648,0.024,-2.5427896539772075,-0.0016260745851018605,0.023866915599163777,0.0648
1787378127.868992,-2.478032301034515,7.473811875366931e-07,-1.3691270027461113e-05,-2.5422402289124926,-0.001023069135685017,0.006901467009479684,0.0642,0.007,-2.541075888519491,-0.0005988246986769308,0.0006608417776368729,0.0630
1787378128.0036373,-2.478032301024193,7.473944014706007e-07,-1.3692204493264894e-05,-2.5421865501728704,-0.0009398818151316882,0.005743662505098776,0.0642,0.006,-2.5410758885193188,-0.0005988246986607326,0.0006608417773501314,0.0630
1787378128.0759106,-2.478032301088933,7.479133743882194e-07,-1.3730016134336101e-05,-2.54207466226148,-0.0012322887096548624,0.018084377176997894,0.0641,0.018,-2.542789653976877,-0.0016260745851414968,0.023866915599896982,0.0648
1787378128.1448798,-2.478032301062699,7.473277793820039e-07,-1.3687099840120442e-05,-2.5423169046133123,-0.0014830096096377192,0.021823384606341874,0.0643,0.022,-2.5427896539766994,-0.0016260745859583597,0.023866915614419573,0.0648
1787378128.290361,-2.4780323010566843,7.47335562979013e-07,-1.36877607401219e-05,-2.5424697727079484,-0.0015682365393464635,0.023041115477149814,0.0645,0.023,-2.5410758885189915,-0.0005988246986742186,0.0006608417776148222,0.0630
1787378128.3607383,-2.478032301084624,7.479186809578292e-07,-1.3731128811375201e-05,-2.542239305734441,-0.0013508457225325141,0.019787257235981747,0.0642,0.020,-2.542789653976531,-0.0016260745854797022,0.023866915605904603,0.0648
1787378128.5037925,-2.478032301072447,7.479343556894428e-07,-1.3732128045007197e-05,-2.542432184759948,-0.0015346065870872527,0.022559347118756325,0.0644,0.023,-2.5427896539763664,-0.0016260745856687883,0.023866915609273454,0.0648
1787378128.5734885,-2.478032301032572,7.47366582708875e-07,-1.3689749600035127e-05,-2.5426415738308767,-0.0016211866256677777,0.023796025303343977,0.0646,0.024,-2.5427896539762114,-0.0016260745856685945,0.02386691560912788,0.0648
1787378128.643598,-2.4780323011100123,7.478689075734405e-07,-1.3727059939370146e-05,-2.5427121746054464,-0.001635027653832294,0.023993488110222286,0.0647,0.024,-2.5427896539762003,-0.0016260745851823031,0.023866915600609863,0.0648
1787378128.7977214,-2.478032301103374,7.478774500210871e-07,-1.372774503091255e-05,-2.5421493836398743,-0.0010088311251423856,0.006687779403375896,0.0641,0.007,-2.5427896539760444,-0.0016260745851042352,0.02386691559924169,0.0648
1787378128.8689647,-2.4780323010269836,7.473734492314979e-07,-1.3690911931422414e-05,-2.541873640330978,-0.0008552263018081198,0.004447276442542373,0.0638,0.004,-2.541075888518323,-0.0005988246986597972,0.0006608417773356413,0.0630
