t,gt_x,gt_y,gt_yaw,ekf_x,ekf_y,ekf_yaw,ekf_err,ekf_yaw_err,fix_x,fix_y,fix_yaw,fix_err
1787378195.916955,-2.478032899138286,-1.0684789888329327e-05,0.0002224892054930642,,,,,,,,,
1787378196.0118492,-2.4780353882847996,-1.2989901996736817e-05,0.00026688602697936637,,,,,,,,,
1787378196.0997438,-2.4780372672046345,-1.4131696096614233e-05,0.00028814383434718816,-1.4068278529678324,-0.6340732393252254,158.1434486758698,1.2448,158.143,-1.4068278529678324,-0.6340732393252254,158.1434486758698,1.2448
1787378196.1637862,-2.478038193444494,-1.4687445854448417e-05,0.0002984289342294677,-1.4826962612720553,-0.6237610844087688,156.84894091476696,1.1746,156.849,-1.98912637893254,-1.0714940616604554,148.30685799150208,1.1778
1787378196.2906635,-2.4780404491887875,-1.6502332399828256e-05,0.00033259785140610037,-1.5830653223709867,-0.6472965658502218,155.38990441095518,1.1045,155.390,-2.0129892620185803,-1.076635319201974,148.0079648439543,1.1728
1787378196.3624103,-2.478040965807502,-1.6763760029728797e-05,0.0003369701068192327,-1.7343845455100673,-0.7537478760225975,152.9782859576725,1.0588,152.978,-2.005162711043305,-1.0677967145470237,148.1081935371205,1.1678
1787378196.5195844,-2.4780425697682564,-1.8568528156450164e-05,0.0003707346528561204,-1.9446235318789076,-0.9799669627755424,149.28780256866688,1.1157,149.287,-1.9493578310350301,-1.0588626098100036,148.90420351280872,1.1835
1787378196.591434,-2.4780428377957757,-1.9092729465258352e-05,0.0003801276149911296,-2.006717577109705,-1.0717776941134407,148.19035580698164,1.1708,148.190,-1.9750040880181776,-1.1106973438807464,148.4597397095147,1.2193
1787378196.6606367,-2.478042795680088,-1.942822388104263e-05,0.0003858215370670724,-2.0765059097728926,-1.11697424072421,146.98671260215727,1.1869,146.986,-2.0623562879218604,-1.095200572500919,147.25843223422652,1.1714
1787378196.803207,-2.4780415432241054,-1.896118520471132e-05,0.00037485338159598915,-2.1500546334754036,-1.2020335273344542,145.80646663190493,1.2460,145.806,-2.0332160663457652,-1.147002699399913,147.55051380571675,1.2302
1787378196.874723,-2.478040701517555,-1.8630439124686798e-05,0.0003674495593423185,-2.1761222652667462,-1.2459266111592144,145.17810684129475,1.2820,145.178,-2.0732249953378736,-1.177372696068025,146.7755889064426,1.2450
1787378197.0174253,-2.4780381751921117,-1.6591651062025328e-05,0.0003257151738620996,-2.194821595574284,-1.2847021960912375,144.84947486403706,1.3155,144.849,-2.1204420689875856,-1.241220180372826,146.06645654350413,1.2917
1787378197.086667,-2.478036636956769,-1.4820231129113092e-05,0.00029016204816917433,-2.2475539925385366,-1.3459333693921294,144.09349050762543,1.3655,144.093,-2.168389316505592,-1.256785353653152,145.42239067824536,1.2944
1787378197.1563394,-2.478035145329565,-1.2806240899294557e-05,0.00024983894638197556,-2.2752672219296493,-1.3846984755276437,143.613930565503,1.3995,143.614,-2.227476467395243,-1.3442706762254322,144.3848616853057,1.3674
1787378197.3050013,-2.4780325354180257,-8.265355325603823e-06,0.00015942745705062962,-2.327269066326486,-1.4435275252081063,142.6792023703705,1.4514,142.679,-2.2672838068066907,-1.3805506452657463,143.62931774252118,1.3965
1787378197.3774917,-2.478031540804768,-6.020264885184831e-06,0.00011487073434032148,-2.359466672311692,-1.4755968306628546,142.2705984687969,1.4803,142.270,-2.295843263792268,-1.4075658664093926,143.27932477613345,1.4193
1787378197.5206144,-2.478030243640963,-2.1323433676478313e-06,3.7925841847876295e-05,-2.3928170834267815,-1.507672979840014,141.81466134006132,1.5101,141.815,-2.3368863199648917,-1.445852415207826,142.69456994252803,1.4527
1787378197.5964923,-2.4780299148318115,-6.737909338883151e-07,9.141880881872568e-06,-2.438696953514647,-1.55726469085535,140.9659995637878,1.5578,140.966,-2.336097589039232,-1.471385007957133,142.48803517626595,1.4782
1787378197.6706882,-2.4780297423568496,4.713546967560322e-07,-1.338812956453319e-05,-2.753001883899235,0.06565879788772877,3.9208211014207652,0.2827,3.921,-2.5733847708606943,-0.0822499865261295,0.9847308797635521,0.1259
1787378197.8133254,-2.4780297060615917,2.0195446878921704e-06,-4.367695165925223e-05,-2.5739808427276873,-0.05490710592896675,0.674456637559,0.1106,0.675,-2.605236363965913,-0.08847005644532382,1.1503440403224392,0.1549
1787378197.8851554,-2.478029777244296,2.548847048805666e-06,-5.392533838382836e-05,-2.383834662256812,-0.106143552283357,1.0381716084714134,0.1419,1.038,-2.6085738650671333,-0.07764412664389105,1.0813599419654938,0.1519
1787378197.9562995,-2.4780298840642847,2.9542988085802275e-06,-6.174063746883427e-05,-2.1172275813799595,-0.3376363231673014,-10.335314013720646,0.4941,10.335,-2.5099252232226035,-0.02581771279720532,0.10132427748044535,0.0410
1787378198.0991206,-2.478030158254449,3.4745166944539336e-06,-7.157662888851016e-05,-2.318962751292509,-0.06795967151526983,0.40177441042072765,0.1730,0.402,-2.5099252232226035,-0.02581771279720532,0.10132427748044535,0.0410
1787378198.1684203,-2.4780303096679965,3.6206663476135304e-06,-7.422482766193275e-05,-2.3046520092791765,-0.038020532233431215,-0.009022001987414036,0.1775,0.009,-2.5022826815398487,-0.01868022400453772,0.023214335139393718,0.0306
1787378198.3102818,-2.4780306140842274,3.745777994155114e-06,-7.62474017701454e-05,-2.373938576812477,-0.03846985785675689,0.19760500019730468,0.1110,0.198,-2.491377377336012,-0.022373588356730333,0.1184984378720116,0.0261
1787378198.3876662,-2.4780307606409755,3.744622545765261e-06,-7.602379228421096e-05,-2.4052360581139904,-0.04123388880539336,0.5133081481824449,0.0837,0.513,-2.6341914905425927,-0.05977890745857591,1.0172001319170716,0.1672
1787378198.4595215,-2.478030900779692,3.7127558023578543e-06,-7.516460095791273e-05,-2.4082913393288155,-0.03397970063258511,0.16878059342089524,0.0776,0.169,-2.5477094728591334,-0.013483605504536044,-0.034029144215517226,0.0710
1787378198.6037664,-2.478031156856759,3.5792348466309124e-06,-7.212460010456476e-05,-2.44133292279193,-0.019895262897455322,0.014034142208549972,0.0417,0.014,-2.5484752542249076,-0.010713021707523827,-0.03110973462027407,0.0713
1787378198.6763453,-2.4780312716745367,3.4877893577206964e-06,-7.014988284387928e-05,-2.456053417474869,-0.019450008938461556,-0.0038757984632702197,0.0294,0.004,-2.545851955174284,-0.011665263447489044,-0.03591175881187915,0.0688
1787378198.817514,-2.4780314747134202,3.2765514200127873e-06,-6.560544300556644e-05,-2.4702187647663507,-0.01844623657801755,-0.008485061910375936,0.0200,0.008,-2.5370884406676812,-0.013264830701864327,0.019648307470410586,0.0605
1787378198.891787,-2.478031563359005,3.1629115944870924e-06,-6.32050105717532e-05,-2.4905561249698427,-0.017966978260796282,0.007481038017132681,0.0219,0.008,-2.545682749151644,-0.01246586612210329,-0.0024351986084574376,0.0688
1787378198.9632695,-2.478031643855984,3.0455688107643272e-06,-6.0729981306146314e-05,-2.4994151285376778,-0.014718113515254365,-0.008962344623905301,0.0260,0.009,-2.5406274555367854,-0.009553290746154929,-0.020437011938351755,0.0633
1787378199.1089268,-2.4780317825445466,2.8105928927042332e-06,-5.5806037394002256e-05,-2.51502087254499,-0.013145716381226937,0.016018421393780208,0.0393,0.016,-2.5482477928731497,-0.008661570306664642,0.013027498575209037,0.0707
1787378199.1821356,-2.4780318416752958,2.6955799217964706e-06,-5.3408640362855326e-05,-2.5225536772706154,-0.010387002952161703,0.012851132966981814,0.0457,0.013,-2.5474308769869407,-0.005295779500675797,-0.0028174967372209736,0.0696
1787378199.2572181,-2.47803189474699,2.5822420663810424e-06,-5.105099643271101e-05,-2.528214992130242,-0.008970632524596851,-0.029592477396869144,0.0510,0.030,-2.544986010866053,-0.003646453662935949,-0.026226426749240188,0.0671
1787378199.3980262,-2.4780319847308454,2.3667074753956066e-06,-4.712534806201217e-05,-2.541449083556248,-0.01109034547468226,0.015377911058885016,0.0644,0.015,-2.554339125481813,-0.009814577192135406,0.03612235142524337,0.0769
1787378199.4702725,-2.4780320225395247,2.2653922059290223e-06,-4.502000890966972e-05,-2.543181784256514,-0.009473605108234667,0.013766240067509183,0.0658,0.014,-2.541970449261573,-0.005873712716902333,0.00948764460109345,0.0642
1787378199.610026,-2.4780320859654577,2.075330478969775e-06,-4.108425515878254e-05,-2.551439570698186,-0.008688644144252838,0.03286105394636805,0.0739,0.033,-2.5524276947847038,-0.00526356811237555,0.020377621100165257,0.0746
1787378199.6811354,-2.4780321123553244,1.9866641000950292e-06,-3.924613068035813e-05,-2.5554825008147626,-0.006171086641201952,-0.007987758321056894,0.0777,0.008,-2.5525054982105466,-0.002307845984647978,-0.023037692635107458,0.0745
1787378199.7550251,-2.4780321357505075,1.9036803020721206e-06,-3.753628487837994e-05,-2.5587333615406678,-0.00549521306050622,-0.00867016356751271,0.0809,0.009,-2.5487934330062973,-0.0026681566474571162,-0.011524582823058438,0.0708
1787378199.910107,-2.4780321746754064,1.7502612258218594e-06,-3.436560342958073e-05,-2.557651104338031,-0.011304633138543446,0.04349136129023375,0.0804,0.044,-2.5402658678600987,-0.0037951934289147055,0.005647877561788106,0.0623
1787378199.9959831,-2.478032190677298,1.6797648909854922e-06,-3.2911623871891326e-05,-2.561058998558696,-0.007145834290990763,0.012435112554699779,0.0833,0.012,-2.550799634687919,-0.004231220979220798,0.0023771763419065633,0.0729
1787378200.084595,-2.4780322048656664,1.614430478083398e-06,-3.156561089579881e-05,-2.5611561238146683,-0.005917726197073793,0.024471524077748302,0.0833,0.025,-2.546898939865054,-0.0031072913979158776,0.0151805016861854,0.0689
1787378200.1585124,-2.4780322172264935,1.5522732650794435e-06,-3.0285024414055015e-05,-2.5627506177507002,-0.004808151127981207,-0.013416164638889342,0.0849,0.013,-2.5430794470726794,-0.004316313582355718,0.00804697291624115,0.0652
1787378200.3151498,-2.4780322377376103,1.440375878110795e-06,-2.7977517733550093e-05,-2.5594065708451668,-0.003683909582983473,0.00851804254644985,0.0815,0.009,-2.5355766729156994,-0.0003124439170570875,-0.013903627228356703,0.0575
1787378200.390752,-2.478032246134226,1.3904191228219912e-06,-2.6954519904388146e-05,-2.5636091078658056,-0.007380783628050043,0.018667658839480444,0.0859,0.019,-2.548683048173069,-0.006739917429364328,0.033279600592824435,0.0710
1787378200.466846,-2.478032253441087,1.3428037478358532e-06,-2.5970738530958875e-05,-2.558397078705871,-0.003656189666955363,0.024325687078639222,0.0804,0.024,-2.5349571562444626,0.0006734504690041602,-0.013889114421215654,0.0569
1787378200.6055171,-2.4780322654320637,1.2580370362292475e-06,-2.422868446477742e-05,-2.5633427130414814,-0.006542171291649107,0.026248201564240205,0.0856,0.026,-2.5468786024243246,-0.0047081130883216546,0.021234583126631717,0.0690
1787378200.6765013,-2.4780322703760373,1.2204477208750144e-06,-2.34567688987093e-05,-2.5674796458729987,-0.00564617753551383,0.025468045706165246,0.0896,0.025,-2.5534345208605442,-0.0027194882367982762,0.003811938024905318,0.0755
1787378200.7519536,-2.4780322745682084,1.184632467290882e-06,-2.2720828095700033e-05,-2.5662666398714467,-0.005337007315707622,0.03168053838338101,0.0884,0.032,-2.548724892913666,-0.0031486685286568807,0.01972064139149664,0.0708
1787378200.8949382,-2.4780322814751914,1.1212954702968076e-06,-2.1420618726641595e-05,-2.569397245510597,-0.0035553033926559287,0.018225558615375993,0.0914,0.018,-2.5513896886586527,-0.001582615783452351,0.0070863382330956515,0.0734
1787378200.9649851,-2.478032284319804,1.0934620654645558e-06,-2.084986994122852e-05,-2.569518988178694,-0.002824284664752763,0.014132764595831196,0.0915,0.014,-2.552960056150071,-0.0002931681060693991,-0.005560154686884237,0.0749
1787378201.1091378,-2.4780322888472903,1.0428967437014114e-06,-1.9812441236555915e-05,-2.569079067838585,-0.003729814928992106,0.025454438815925743,0.0911,0.025,-2.5504259666828926,-0.0013897239958423136,0.0075998307089466975,0.0724
1787378201.1805048,-2.478032290640188,1.0198537541037886e-06,-1.9335214819026768e-05,-2.5693626515344574,-0.002268749452463312,0.019766562558130696,0.0914,0.020,-2.5497727946316755,0.0009238866053870951,-0.0115873673005586,0.0717
1787378201.32067,-2.4780322935541377,9.79703813181013e-07,-1.8512218944949107e-05,-2.5701130529567484,1.8492779816388707e-05,0.005625951587689868,0.0921,0.006,-2.552910104757569,0.003462550029251926,-0.02978977926193215,0.0750
1787378201.3965664,-2.478032294786437,9.622889330250972e-07,-1.8155577954649367e-05,-2.5711670432914993,0.001847289449148833,-0.011420672034961485,0.0932,0.011,-2.5493396013822585,0.004939575257077409,-0.04361931413304113,0.0715
1787378201.474535,-2.4780322957330765,9.453163896848491e-07,-1.7807402802135356e-05,-2.570915276710623,0.002721117497416045,-0.09728599345525832,0.0929,0.097,-2.556063406367888,0.005292231495108021,-0.12422222305823466,0.0782
1787378201.6187096,-2.478032297328922,9.159412370724547e-07,-1.7205690871361143e-05,-2.5721833979765054,0.0008545208601837898,-0.020349326307307472,0.0942,0.020,-2.5511711342509606,0.0033984854294157284,-0.034531878253961056,0.0732
1787378201.6917434,-2.4780322980149108,9.033624392298478e-07,-1.694851926424314e-05,-2.5685830435958295,0.00018716002399691645,0.005119733230330707,0.0906,0.005,-2.547081388891634,0.001425005361904001,-0.002685005189971311,0.0691
1787378201.7618246,-2.4780322984942007,8.90867512000549e-07,-1.66924452450103e-05,-2.5716370318972657,-0.0006360985909096423,0.034870296088921754,0.0936,0.035,-2.5583658894836216,0.0011005302105604367,-0.0025951918734544144,0.0803
1787378201.9068737,-2.4780322993885213,8.694046586249352e-07,-1.6248936328401787e-05,-2.5704919246031817,-0.0005485602134267364,0.03317873540382764,0.0925,0.033,-2.5484494076390716,0.0019262126060906404,0.006538534772474893,0.0704
1787378201.9814324,-2.4780322997399793,8.604466419833421e-07,-1.607033850379681e-05,-2.5654460056892705,-0.001175377564881789,0.0427032712009091,0.0874,0.043,-2.538847082724961,0.0008056693424913085,0.02254510408890489,0.0608
1787378202.0597079,-2.4780322999992928,8.511812946235015e-07,-1.5876161190154305e-05,-2.5628776817906664,-0.0021021506355395746,0.02586175292898814,0.0849,0.026,-2.545329013718045,-0.0005744666045835018,0.011234848825139735,0.0673
1787378202.2072334,-2.4780323004275804,8.356737216102671e-07,-1.5559229348978944e-05,-2.566599811759055,-0.0030728997388979416,0.050789522671224406,0.0886,0.051,-2.5454823723304547,0.0007115295728282067,0.006292721113769584,0.0675
1787378202.2848232,-2.4780323006599416,8.29249542147188e-07,-1.5428215010337204e-05,-2.5622631940854426,-0.0003843423760783683,0.017236019244326044,0.0842,0.017,-2.5468062362116037,0.0029092192917778586,-0.023229926935877627,0.0688
1787378202.3620045,-2.4780323007418326,8.224597454239274e-07,-1.528906762019696e-05,-2.563352591567661,0.00047720704176777533,0.007072806377045108,0.0853,0.007,-2.548257378327921,0.0032960410977446253,-0.026952716499800942,0.0703
1787378202.51886,-2.478032300945304,8.112423350366434e-07,-1.505996987092069e-05,-2.560272541741154,0.0032764984101581905,-0.014805672298515494,0.0823,0.015,-2.5494979344333477,0.006273194001549458,-0.05211059442587824,0.0717
1787378202.5935068,-2.478032301075229,8.067394505120848e-07,-1.4968472328009881e-05,-2.559690243386113,0.0033965706717916182,-0.01467907458769878,0.0817,0.015,-2.545323340949317,0.0054037341078126185,-0.03816086856706945,0.0675
1787378202.6655061,-2.478032301076151,8.017142956750524e-07,-1.4865630645883345e-05,-2.5590480051480533,0.0012737213542234355,0.014603233816117962,0.0810,0.015,-2.5424837184472167,0.0023589943229448637,0.004097375302577596,0.0645
1787378202.8153837,-2.478032301206295,7.935417437128142e-07,-1.4694676011995067e-05,-2.5582881639887103,0.0007998846199957187,-0.002835741263624886,0.0803,0.003,-2.548279774735113,0.0028713038648847406,-0.02754859773702099,0.0703
1787378202.8901012,-2.478032301255312,7.904824807590375e-07,-1.4637013747080394e-05,-2.557861305462604,0.0007947392093896367,-0.019739380929090184,0.0798,0.020,-2.5448274164321254,0.002917535014750444,-0.045788380859194566,0.0669
1787378202.9627006,-2.478032301256165,7.866663845553e-07,-1.4554552959569387e-05,-2.558697406002961,0.0018679747993994534,-0.04765464891980135,0.0807,0.048,-2.5382120192733204,0.001502378853741914,-0.017509857049761452,0.0602
1787378203.1030226,-2.478032301275819,7.808379270233699e-07,-1.4435999654191366e-05,-2.5570086627262816,-0.0013307891791166822,0.008349537482022492,0.0790,0.008,-2.5482572099931424,-0.00040107252084925645,-0.0007347416221481882,0.0702
1787378203.1762285,-2.47803230129706,7.787859333354731e-07,-1.4399093342853604e-05,-2.5564355247346735,-0.0008324645403025533,0.0049296653877883125,0.0784,0.005,-2.5436540217592083,0.0016749701144973994,-0.02715859617904053,0.0656
1787378203.252525,-2.478032301276206,7.758961735822615e-07,-1.4335727176201301e-05,-2.5556951392677054,-0.0021299351469457085,0.02632963735108449,0.0777,0.026,-2.5509123378088345,0.0001582360373972403,0.0034737311647574623,0.0729
1787378203.4015646,-2.4780323012823717,7.71683199560886e-07,-1.4250097319719375e-05,-2.556336240371487,-0.0016908789362300343,0.02028369331967331,0.0783,0.020,-2.5438806307602855,0.0005378029880405418,-0.008237229355842032,0.0659
1787378203.4733353,-2.4780323013324757,7.7028712125446e-07,-1.4222212798706204e-05,-2.5574220440097903,-0.003088861197554656,0.043975033961215014,0.0794,0.044,-2.5458842227106833,-0.00147058012446301,0.02430470731516017,0.0679
1787378203.5538564,-2.478032301266478,7.681278327768652e-07,-1.4178046505547201e-05,-2.562177452102675,0.002146685477600104,-0.12871172997738392,0.0842,0.129,-2.5517416916472713,0.0065301728173856165,-0.20161315478875513,0.0740
1787378203.7130327,-2.478032301243347,7.651175972078067e-07,-1.411727170546209e-05,-2.5617421600891492,0.003838873998716543,-0.16735539963350393,0.0838,0.167,-2.5563960090221984,0.00014091753966967067,-0.04503103439025557,0.0784
1787378203.784603,-2.4780323012869543,7.642458404359751e-07,-1.4100231639963821e-05,-2.5620144612574056,-0.0019575263051910064,0.026644675921822517,0.0840,0.027,-2.546899606206123,-0.0019608189414581628,0.03052344234837268,0.0689
1787378203.8588617,-2.4780323012674037,7.62486153163479e-07,-1.4059840309424412e-05,-2.5634555595347246,0.00023629049180480446,-0.08055478658190693,0.0854,0.081,-2.5525011450677226,0.007723057935453717,-0.23151232492174367,0.0749
1787378204.0027208,-2.4780323012459906,7.603191003248443e-07,-1.4016155163116814e-05,-2.5637957721930196,-0.0016939264817724428,0.03351347344909632,0.0858,0.034,-2.552874052338634,-0.0037390990489894606,0.06774866392767796,0.0749
1787378204.073547,-2.4780323012520444,7.598867287817075e-07,-1.4012351207894876e-05,-2.5641675508242723,-0.003548757152183323,0.05341483294886028,0.0862,0.053,-2.5541873034411537,-0.002702039630722948,0.04363253467373589,0.0762
1787378204.21359,-2.478032301275943,7.581214900294982e-07,-1.397253083171628e-05,-2.5667758682403505,-0.007987665778400708,0.113357924260346,0.0891,0.113,-2.5599385799360714,-0.007040197798306631,0.10259502597830962,0.0822
1787378204.2829654,-2.4780323012102627,7.569183174734192e-07,-1.3947818835125685e-05,-2.563707330918516,-0.0063889858222424285,0.08267750604771994,0.0859,0.083,-2.547054386998566,-0.003085471942507832,0.03787740627977964,0.0691
1787378204.3527136,-2.4780323012559013,7.566891182267334e-07,-1.3943757225621074e-05,-2.561178389316954,-0.006056257683087296,0.08171055025467513,0.0834,0.082,-2.5585661557338635,-0.0038642735967708997,0.05393187533785691,0.0806
1787378204.4921649,-2.4780323012316248,7.554825332231922e-07,-1.3919714575112393e-05,-2.5623045955314327,-0.004648206909797439,0.057683094080675096,0.0844,0.058,-2.5514990487755282,-0.0018383641144869808,0.01961394693085495,0.0735
1787378204.5632834,-2.478032301162289,7.54496067678661e-07,-1.389954752304519e-05,-2.561374154424868,-0.004985659494998346,0.049585665819337,0.0835,0.050,-2.5546418745969914,-0.0033889429477350678,0.030952123812711563,0.0767
1787378204.704272,-2.4780323011882026,7.534774063985502e-07,-1.387499206995845e-05,-2.5596712782393736,-0.005010163104857539,0.07169340841965541,0.0818,0.072,-2.5454727800560386,-0.00307938543533793,0.04640018986436924,0.0675
1787378204.7731757,-2.478032301199688,7.53580143563002e-07,-1.3882015764219117e-05,-2.5611277301343294,-0.005999323888218066,0.0995031112672406,0.0833,0.100,-2.5552139536019163,-0.00480178566317015,0.08435313111413764,0.0773
1787378204.9162693,-2.47803230117953,7.528490151963315e-07,-1.3867636211339333e-05,-2.5573611338378655,-0.005845834651070677,0.0879592187205526,0.0795,0.088,-2.5453891015764816,-0.0034526587552026486,0.055187693156783964,0.0674
1787378204.9888608,-2.478032301149738,7.520074826950147e-07,-1.3846076660178879e-05,-2.5574812672169283,-0.004111554822145269,0.044613556080947955,0.0796,0.045,-2.5499931454497378,-0.0011978346370581931,0.004203900656078071,0.0720
1787378205.0593834,-2.478032301157872,7.52234030875756e-07,-1.3855742630267299e-05,-2.554688994215909,-0.003821128754894056,0.046212386707365175,0.0768,0.046,-2.541224763254915,-0.0019538319624891817,0.02099192164660851,0.0632
1787378205.2037115,-2.478032301187086,7.516334853090027e-07,-1.3839724084059902e-05,-2.5522998080829367,-0.005107273610965814,0.07091202411093396,0.0744,0.071,-2.542748381287114,-0.004307079729630932,0.060841793953228564,0.0649
1787378205.276726,-2.4780323011243874,7.509441583510208e-07,-1.3825508594587161e-05,-2.551088201966712,-0.00341449991541493,0.04190018927941855,0.0731,0.042,-2.5410758888298672,-0.0005987885132531376,0.002742299751361244,0.0630
1787378205.4179897,-2.478032301107467,7.505388456687326e-07,-1.3817767524069738e-05,-2.549372955720317,-0.0028885738232714746,0.037971126271903695,0.0714,0.038,-2.5397245896900276,-0.001078695883261806,0.013324318020766059,0.0617
1787378205.4926424,-2.478032301155074,7.5081742770169e-07,-1.382413081062246e-05,-2.5497857685474914,-0.003477562814150685,0.043664883421282864,0.0718,0.044,-2.542393387702438,-0.0009818806332018766,-0.0017822260360833234,0.0644
1787378205.5667408,-2.4780323010888554,7.501997972850173e-07,-1.3811489633729268e-05,-2.5478761360698035,-0.002513917242365682,0.032033138263313624,0.0699,0.032,-2.53972458975862,-0.0010787032242906786,0.012900518393613355,0.0617
1787378205.7116818,-2.4780323011208254,7.498330306293427e-07,-1.3800227640621973e-05,-2.549857107707053,-0.00390963566287403,0.06411232752807212,0.0719,0.064,-2.545826312732574,-0.002547781786223246,0.045665550368190734,0.0678
1787378205.781501,-2.4780323011352126,7.502233089665242e-07,-1.3813110935571789e-05,-2.551573610222007,-0.0027133044589382786,0.02833083646889484,0.0736,0.028,-2.548427693820469,-0.0004223719710679724,-0.003664024899131046,0.0704
1787378205.920789,-2.4780323011205563,7.500003898012466e-07,-1.3809081731957261e-05,-2.5504444129316104,-0.0037924253209150826,0.06244429344330921,0.0725,0.062,-2.545192816829573,-0.0025755724171017307,0.046044614199051925,0.0672
1787378205.9936764,-2.4780323010933567,7.493830044026097e-07,-1.3792083200522372e-05,-2.549875522122379,-0.003586185773578068,0.04197045761373025,0.0719,0.042,-2.5421177440059846,-0.0019513960076702442,0.019228643948961132,0.0641
1787378206.067099,-2.4780323011039482,7.498158511791788e-07,-1.3805945882421725e-05,-2.5488690220703183,-0.003510394134416877,0.04054273375847193,0.0709,0.041,-2.5397139706732057,-0.001946547365528011,0.019051087624516145,0.0617
1787378206.2041261,-2.4780323011377456,7.495798665137221e-07,-1.3797335402128338e-05,-2.5490805028613526,-0.004132620890481853,0.05555179370562666,0.0712,0.056,-2.5421119623512682,-0.0026893202689267223,0.03569445431667347,0.0641
1787378206.2663927,-2.4780323010771665,7.49051322869107e-07,-1.3786383240637018e-05,-2.550452467177591,-0.005451646624479909,0.09001732850217611,0.0726,0.090,-2.5455843924604995,-0.004661401158387645,0.07978598972753281,0.0677
1787378206.4206736,-2.4780323010641285,7.489301590983858e-07,-1.378440463149617e-05,-2.5507109391277134,-0.005643824026616494,0.10097284173417308,0.0729,0.101,-2.542776241931726,-0.004082189904720368,0.0795853101415471,0.0649
1787378206.488439,-2.4780323011135152,7.493340551377751e-07,-1.3793306082395112e-05,-2.5504466367901615,-0.005042279405121046,0.08620325466771905,0.0726,0.086,-2.5443020356959756,-0.0033157300967569248,0.06223097983289215,0.0664
1787378206.5576105,-2.4780323011002414,7.487489180963889e-07,-1.3776783940633923e-05,-2.55080388153058,-0.005108279135272084,0.09082725375697506,0.0730,0.091,-2.5455958855982304,-0.0037908719264004315,0.07277589970889314,0.0677
1787378206.7087348,-2.4780323010920697,7.486588977797756e-07,-1.377526924605342e-05,-2.549113872332768,-0.0035952577158149834,0.05541984461685419,0.0712,0.055,-2.5423181702249145,-0.0020927137218205278,0.034735610250609394,0.0643
1787378206.782652,-2.4780323011048893,7.491431007549082e-07,-1.379005412825927e-05,-2.5484156322434606,-0.0033195456483384946,0.03785931308375728,0.0705,0.038,-2.5421177440648695,-0.0019514054054262163,0.018685818727058108,0.0641
1787378206.85287,-2.4780323010790455,7.485896856313391e-07,-1.3774291477855353e-05,-2.548430230123077,-0.003370629587649604,0.052007730758614305,0.0705,0.052,-2.5414489315131337,-0.0020934801228689095,0.03467041247873171,0.0635
1787378206.994151,-2.4780323010643124,7.485347037955773e-07,-1.3773714254562112e-05,-2.547694078315448,-0.0031107575071629436,0.04629939940122658,0.0697,0.046,-2.541251892714002,-0.001822976107898871,0.028475514966082423,0.0632
1787378207.069656,-2.4780323011268632,7.489496139072706e-07,-1.378266732425442e-05,-2.5487803196369767,-0.00413046396709521,0.08472603380635012,0.0709,0.085,-2.5427807179530793,-0.003212913735530076,0.07247667516389769,0.0648
1787378207.2187097,-2.4780323011188017,7.489011532279264e-07,-1.3781986284423916e-05,-2.548086180777626,-0.0024058676359460787,0.040110470885242486,0.0701,0.040,-2.5421420182393186,-0.00075627644885367,0.017259405896742398,0.0641
1787378207.2889602,-2.478032301055875,7.48427206960034e-07,-1.3772136827497852e-05,-2.548068919621328,-0.002596948334044897,0.03739361633938148,0.0701,0.037,-2.542789654381827,-0.0016260710882491575,0.024068487515866526,0.0648
1787378207.3592772,-2.4780323011059897,7.48867020560856e-07,-1.3781708602033494e-05,-2.547934037461991,-0.003645367516539259,0.06578781100366232,0.0700,0.066,-2.542789654375156,-0.0016260716254380152,0.02403752638707465,0.0648
1787378207.5028672,-2.4780323010915297,7.488416608460668e-07,-1.3781719140584177e-05,-2.5479861241765094,-0.0031266119668852134,0.04508891033824808,0.0700,0.045,-2.5425918014066307,-0.0013493543942286138,0.01771767066791186,0.0646
1787378207.5755408,-2.478032301078323,7.482932823504862e-07,-1.3765937759678146e-05,-2.547655647122131,-0.001932009390171006,0.03102391770668576,0.0697,0.031,-2.542595469953189,-0.00048017944688645824,0.010886887785452198,0.0646
1787378207.717407,-2.4780323010704146,7.48268098172501e-07,-1.3765726569292345e-05,-2.547224040320094,-0.0023430783721468448,0.044684980994555805,0.0692,0.045,-2.5440823375166297,-0.00456388371121286,0.08988935428964678,0.0662
1787378207.7972012,-2.478032301083403,7.487808694888755e-07,-1.3781085419413808e-05,-2.5486428666662566,-0.004414551811227885,0.08838185087301069,0.0707,0.088,-2.5453892242434795,-0.0033337370876590864,0.07342583420417194,0.0674
1787378207.8685787,-2.4780323010577425,7.482537074448507e-07,-1.3765847915191555e-05,-2.548699185371023,-0.0034358288874097,0.049620753413274425,0.0708,0.050,-2.542789654356321,-0.0016260727906444112,0.023970367511703124,0.0648
1787378208.0053952,-2.478032301043409,7.482450957897605e-07,-1.376619725723665e-05,-2.549098264319313,-0.004181296729976334,0.07715080276988771,0.0712,0.077,-2.5427896543503716,-0.001626073066293178,0.02395447798456172,0.0648
1787378208.080269,-2.4780323011061647,7.486804627942795e-07,-1.3775559583265602e-05,-2.5495088802068016,-0.003632972681845088,0.061954306054077604,0.0716,0.062,-2.545619147373923,-0.002854689960668882,0.05147759442887493,0.0676
1787378208.1575725,-2.4780323010989997,7.483010818916912e-07,-1.3772183830779834e-05,-2.5491915488910233,-0.005197741845141228,0.10407684806814223,0.0713,0.104,-2.5440501913640663,-0.005296329103253263,0.10635377347679238,0.0662
1787378208.3007233,-2.478032301096295,7.483045584188628e-07,-1.3772990975203394e-05,-2.5476531575373755,-0.0030575037642319378,0.03614414237352763,0.0697,0.036,-2.5481814795620448,-0.0028632500380161474,0.051595382913907466,0.0702
1787378208.3739898,-2.4780323011103706,7.486950541839266e-07,-1.3777326439869678e-05,-2.548892490505762,-0.002946869904730156,0.04246635390716682,0.0709,0.042,-2.5427896543362505,-0.0016260735841547352,0.023924628751039026,0.0648
1787378208.4478064,-2.4780323010869947,7.483076691529723e-07,-1.3773890318780755e-05,-2.5474014372933858,-0.002494397772267208,0.03162276253579619,0.0694,0.032,-2.5397245899008376,-0.0010787282072852145,0.011458224291321087,0.0617
1787378208.5978515,-2.4780323011263947,7.482299348719106e-07,-1.3768709828516342e-05,-2.5475002327650436,-0.0025274317997493133,0.036272755473300694,0.0695,0.036,-2.542789654328008,-0.001626073805702554,0.023911858802851592,0.0648
1787378208.667009,-2.4780323011054732,7.486810819616217e-07,-1.3778511800887013e-05,-2.548763886000746,-0.0030521525581588076,0.0622826809491614,0.0708,0.062,-2.5468910338755495,-0.002565538543831934,0.05603321012272517,0.0689
1787378208.8068635,-2.478032301096241,7.486828453216418e-07,-1.3779234446847583e-05,-2.549196958161578,-0.002947983510870395,0.058057011694159534,0.0712,0.058,-2.54277956146323,-0.000863309910194712,0.017918212420995425,0.0648
1787378208.8852592,-2.4780323011098355,7.482308526521396e-07,-1.3770100621233481e-05,-2.5479386610493195,-0.002296129792408068,0.04409917863470554,0.0699,0.044,-2.542768309727945,-0.0016175913349750033,0.03494723456600393,0.0648
1787378208.9599392,-2.478032301135387,7.48605366390683e-07,-1.3773910184992978e-05,-2.5483370770514417,-0.0027560523631546467,0.0545536111149673,0.0704,0.055,-2.544065727654732,-0.002084759876732962,0.04536925411168013,0.0661
1787378209.11286,-2.4780323011297116,7.486028440777852e-07,-1.3774344763136788e-05,-2.5483223691380648,-0.002875813936585976,0.05632167885922337,0.0703,0.056,-2.544079690346459,-0.0019809023737680804,0.04455025695218405,0.0661
1787378209.1898942,-2.4780323011062193,7.482155396816299e-07,-1.377076015960785e-05,-2.5493473031470697,-0.0024434124460200393,0.043965222726001715,0.0714,0.044,-2.5471216674738235,-0.001327650330628647,0.02823997767345691,0.0691
1787378209.2655368,-2.478032301118692,7.486075229722912e-07,-1.3775029336405371e-05,-2.548499927345639,-0.003967131367247925,0.07684906716364973,0.0706,0.077,-2.5427896543027786,-0.0016260742458998837,0.023886487888536007,0.0648
1787378209.404729,-2.478032301105568,7.486149278807647e-07,-1.3775870767120717e-05,-2.5473757958644137,-0.0027179361164525917,0.03910485173551287,0.0694,0.039,-2.5427896543005133,-0.0016260742723634668,0.02388496249109975,0.0648
1787378209.47399,-2.478032301131359,7.481473193631568e-07,-1.3766226742220599e-05,-2.5470541243708147,-0.002523053192513746,0.03632118786852543,0.0691,0.036,-2.5427896542980464,-0.001626074295231759,0.023883642677090134,0.0648
1787378209.613637,-2.4780323011242773,7.481480226358833e-07,-1.3766695006104398e-05,-2.54840188860415,-0.0034889610815965456,0.060134903607891886,0.0705,0.060,-2.5456191473258523,-0.0028546911236491264,0.051410839706629886,0.0676
1787378209.6822717,-2.4780323010991085,7.48605442419737e-07,-1.3776586547239647e-05,-2.5486945146837834,-0.0035853055345668556,0.061518199142333606,0.0708,0.062,-2.545619147323756,-0.002854691141572485,0.051409811722601347,0.0676
1787378209.7509003,-2.4780323011121776,7.481549516277417e-07,-1.3767396197224885e-05,-2.5479799846762017,-0.0024082162569706586,0.04044252233070408,0.0700,0.040,-2.542793449566058,-0.0007567771976557362,0.01705832525657067,0.0648
1787378209.896281,-2.478032301098232,7.481644945618116e-07,-1.3768254165871846e-05,-2.5475554500202326,-0.0018575278973202883,0.03246920701417734,0.0695,0.032,-2.5427934495637476,-0.0007567772125367671,0.01705746661200807,0.0648
1787378209.968824,-2.4780323011226577,7.48541442241533e-07,-1.3772079565177204e-05,-2.5482881738202354,-0.002461643159000389,0.05028791857351614,0.0703,0.050,-2.545609314704459,-0.0020907672172939054,0.045415384561043645,0.0676
1787378210.117166,-2.478032301115218,7.485432206729933e-07,-1.3772532976233083e-05,-2.5476536955340734,-0.002008250246709974,0.03415423604164564,0.0697,0.034,-2.542779561420745,-0.0008633103821175322,0.017891010329762563,0.0648
1787378210.187777,-2.4780323010910323,7.481578336321912e-07,-1.3768953534466656e-05,-2.5473778180271633,-0.0017441821926474953,0.0301773999112522,0.0694,0.030,-2.542779561418487,-0.0008633103928807541,0.01789038918656648,0.0648
1787378210.2676237,-2.4780323011029264,7.485516055302278e-07,-1.3773226664159813e-05,-2.5469925299731737,-0.0016066735681870413,0.028214691792713385,0.0690,0.028,-2.5427795614164777,-0.0008633104028015391,0.017889817165146395,0.0648
1787378210.4194126,-2.4780323010888954,7.485622355342392e-07,-1.3774069692711448e-05,-2.546889569874957,-0.004636555081939547,0.09051662251587068,0.0690,0.091,-2.5440823374560977,-0.004563885740949843,0.08977272369302418,0.0662
1787378210.4902678,-2.4780323011143333,7.480961534810787e-07,-1.3764425838299402e-05,-2.5470208350571473,-0.005098545894567542,0.09714236365005863,0.0692,0.097,-2.544082337454034,-0.004563885748452041,0.08977227737726809,0.0662
1787378210.563267,-2.478032301092318,7.485503236822548e-07,-1.3774167711105637e-05,-2.546781249498719,-0.0028801350741446312,0.04736992158760186,0.0688,0.047,-2.5440823374502157,-0.004563885762425442,0.08977148849842026,0.0662
1787378210.6988306,-2.478032301081358,7.485577313824134e-07,-1.3774766224354744e-05,-2.54588651892234,-0.0024617931751345205,0.03858046244092685,0.0679,0.039,-2.541046921959341,-0.0005819103075534987,0.0115221402523407,0.0630
1787378210.7667394,-2.4780323010942733,7.48108369200346e-07,-1.3765569112795731e-05,-2.545696215565453,-0.001782998887838664,0.031398007825797346,0.0677,0.031,-2.5427934495387365,-0.0007567773219545988,0.017051159465268157,0.0648
1787378210.9098315,-2.4780323010801086,7.481198771464449e-07,-1.3766410135273576e-05,-2.5450706275178385,-0.0014073238545825684,0.02318497486537128,0.0671,0.023,-2.541046921953436,-0.000581910322955226,0.011521254134832029,0.0630
1787378210.9866521,-2.478032301104458,7.484977042677054e-07,-1.377022680882646e-05,-2.5442053567984737,-0.001128563341439042,0.019132478816478983,0.0662,0.019,-2.541046921951625,-0.000581910327289471,0.011521004577479534,0.0630
1787378211.0571952,-2.4780323010835748,7.481085230631626e-07,-1.3766489712099827e-05,-2.544674189840361,-0.0017901156674891918,0.025993613169041925,0.0667,0.026,-2.5427896542497463,-0.001626074543148191,0.023869350223928887,0.0648
1787378211.1945012,-2.4780323010727257,7.481163601174917e-07,-1.3767067055587046e-05,-2.54512954228017,-0.0021467547899665686,0.03104243910434764,0.0671,0.031,-2.5427896542477453,-0.0016260745456883967,0.023869155757634257,0.0648
1787378211.2668905,-2.478032301084617,7.485107818967188e-07,-1.3771327364607758e-05,-2.5451852281237906,-0.00217093455364398,0.03138904892697579,0.0672,0.031,-2.542789654244035,-0.0016260745524872677,0.023868812199856575,0.0648
1787378211.409257,-2.478032301089239,7.484985423670436e-07,-1.377126771071165e-05,-2.545402157783101,-0.0022080558133332233,0.03192458268150839,0.0674,0.032,-2.5427896542423034,-0.0016260745551143732,0.02386866070181138,0.0648
1787378211.477871,-2.4780323011041223,7.480471769362267e-07,-1.376190291090639e-05,-2.5454135112630905,-0.0021986402522469004,0.03179267118506026,0.0674,0.032,-2.5427896542403925,-0.001626074557531625,0.023868521300455213,0.0648
1787378211.618949,-2.4780323010924543,7.48056589183738e-07,-1.3762453397313796e-05,-2.5454118912847647,-0.0021903500564136396,0.03168024758847249,0.0674,0.032,-2.542789654236805,-0.0016260745618018144,0.023868275005508185,0.0648
1787378211.6910155,-2.4780323010664365,7.485166207365471e-07,-1.377235324601593e-05,-2.5454137874927576,-0.0021840311135676986,0.031592837027499654,0.0674,0.032,-2.542789654235137,-0.0016260745636843459,0.0238681664061044,0.0648
1787378211.7626483,-2.478032301078877,7.480683027547691e-07,-1.3763161437550967e-05,-2.545588503085536,-0.0022118579259022856,0.03199477737954177,0.0676,0.032,-2.5427896542332857,-0.0016260745654163994,0.023868066480065057,0.0648
1787378211.91188,-2.4780323010827936,7.480572495387823e-07,-1.3763114215489251e-05,-2.5455606071305965,-0.0021930174225408628,0.03172808073065702,0.0676,0.032,-2.5427896542316444,-0.0016260745670104903,0.02386797453566683,0.0648
1787378211.98901,-2.478032301096331,7.484499437588872e-07,-1.3767221511473769e-05,-2.5457599471661974,-0.00222140462686856,0.03213955363587927,0.0678,0.032,-2.5427896542282227,-0.001626074569825569,0.023867812092494212,0.0648
1787378212.0627742,-2.4780323010722887,7.480654530622277e-07,-1.376357084545577e-05,-2.5456325238678867,-0.002188246875543912,0.03166764305820851,0.0676,0.032,-2.5427896542248374,-0.0016260745722087482,0.023867674564870288,0.0648
1787378212.2062159,-2.4780323010592675,7.48076814614389e-07,-1.376420492792764e-05,-2.545327185757432,-0.00213152944244131,0.030859665728602777,0.0673,0.031,-2.5427896542230526,-0.0016260745732588453,0.02386761392629485,0.0648
1787378212.2731018,-2.4780323010705247,7.484723421693519e-07,-1.3768479745645402e-05,-2.5454687559959974,-0.0021769373470261625,0.03151395233435515,0.0675,0.032,-2.5427896542230526,-0.0016260745732588453,0.02386761392629485,0.0648
1787378212.347301,-2.478032301096081,7.48007031516198e-07,-1.3758769025749036e-05,-2.545720892272181,-0.0022026682780613167,0.031887711802162384,0.0677,0.032,-2.5427896542197566,-0.0016260745751150566,0.023867506795302848,0.0648
1787378212.493993,-2.478032301088686,7.480113381368506e-07,-1.3759089484392569e-05,-2.5451659582126114,-0.002102111584096999,0.03045397589471544,0.0672,0.030,-2.542789654216523,-0.0016260745766860556,0.0238674160979356,0.0648
1787378212.5633206,-2.478032301063427,7.484707325014137e-07,-1.3768913358643074e-05,-2.5450666196040945,-0.0020984283132711077,0.030404734033922718,0.0671,0.030,-2.54278965421334,-0.0016260745780142878,0.023867339313784024,0.0648
1787378212.7036703,-2.478032301050202,7.484826286984132e-07,-1.37695598963224e-05,-2.545034731104607,-0.002098541210450095,0.030412039420556796,0.0670,0.030,-2.542789654211865,-0.001626074578600479,0.023867305459006387,0.0648
1787378212.7787259,-2.4780323010624756,7.480348019644925e-07,-1.3760372244498252e-05,-2.5451708769347245,-0.00212210786331116,0.03075234801656768,0.0672,0.031,-2.542789654210209,-0.0016260745791397597,0.023867274308769868,0.0648
1787378212.850852,-2.478032301086913,7.484132133545789e-07,-1.3764127932268532e-05,-2.5450474023013867,-0.0020869682324082283,0.03025183819762856,0.0670,0.030,-2.5427896542071196,-0.001626074580092089,0.02386721927614741,0.0648
1787378212.992264,-2.478032301079569,7.484176775735853e-07,-1.3764441939089901e-05,-2.5450671362919337,-0.0020982041649585457,0.03041842261770154,0.0671,0.030,-2.5427896542057096,-0.001626074580511264,0.02386719501203635,0.0648
1787378213.0702431,-2.478032301055458,7.480335407910081e-07,-1.376079439595166e-05,-2.5449125967011055,-0.0020599722753025028,0.02987377406307313,0.0669,0.030,-2.542789654204086,-0.0016260745808973026,0.02386717268620407,0.0648
1787378213.21526,-2.4780323010423473,7.48045514757721e-07,-1.3761432348366566e-05,-2.5449039132075386,-0.0020670979245118997,0.029978363661836312,0.0669,0.030,-2.542789654201101,-0.0016260745815787616,0.0238671332438327,0.0648
1787378213.2894158,-2.4780323010535867,7.484412905923792e-07,-1.3765706625769863e-05,-2.544889024329462,-0.0020528233821139187,0.029778865056407717,0.0669,0.030,-2.5427896541997397,-0.0016260745818792556,0.02386711585370479,0.0648
1787378213.3621747,-2.4780323010791343,7.479762460331485e-07,-1.375599846735638e-05,-2.544878000063293,-0.0020581825236118518,0.029858263274481312,0.0669,0.030,-2.542789654198161,-0.0016260745821552842,0.023867099852584176,0.0648
1787378213.511395,-2.4780323010717504,7.479810037626779e-07,-1.3756320436180953e-05,-2.5447717142331086,-0.0020322770126597087,0.029492378409826058,0.0668,0.030,-2.5427896541952837,-0.0016260745826436357,0.023867071584213796,0.0648
1787378213.583897,-2.4780323010465,7.484406014223583e-07,-1.3766144610186417e-05,-2.5447005777145777,-0.00202439833144568,0.029382126110593345,0.0667,0.029,-2.5427896541939505,-0.0016260745828583665,0.023867059120695446,0.0648
1787378213.6556816,-2.4780323010595517,7.479921081472067e-07,-1.3756886174838007e-05,-2.5447410453845603,-0.0020378324611210435,0.029576453277921848,0.0667,0.030,-2.5427896541911297,-0.0016260745832377102,0.02386703710141431,0.0648
1787378213.793124,-2.4780323010644416,7.479809314696762e-07,-1.375671126587235e-05,-2.544684667854692,-0.002021909407110895,0.029352756412547726,0.0667,0.029,-2.542789654189628,-0.0016260745834050688,0.023867027392756247,0.0648
1787378213.8648386,-2.478032301078372,7.483736348910526e-07,-1.3760757005406421e-05,-2.5447000032315343,-0.002025622777952916,0.029407985708977298,0.0667,0.029,-2.542789654188364,-0.001626074583558795,0.023867018460322062,0.0648
1787378214.0089772,-2.4780323010670244,7.483839538631291e-07,-1.3761195757909927e-05,-2.5445638447554546,-0.0019815028031625066,0.02878131041843467,0.0666,0.029,-2.5427896541856363,-0.0016260745838299806,0.023867002679204073,0.0648
1787378214.077944,-2.4780323010422793,7.480008297807296e-07,-1.375757367116579e-05,-2.544630035676078,-0.0020132117549114875,0.029236882340095898,0.0666,0.029,-2.542789654184167,-0.001626074583949055,0.023866995720982376,0.0648
1787378214.2208316,-2.478032301079576,7.479314000352481e-07,-1.3752035010386454e-05,-2.544518500750351,-0.0019877672958627172,0.028876629364782875,0.0665,0.029,-2.5427896541815027,-0.001626074584160396,0.023866983428598266,0.0648
1787378214.289549,-2.4780323010578664,7.483864870528245e-07,-1.3761659628963246e-05,-2.5445706580226077,-0.002001742836815223,0.029078486080549956,0.0666,0.029,-2.5427896541802855,-0.0016260745842531302,0.023866978008983096,0.0648
1787378214.3594575,-2.4780323010725773,7.479361315832194e-07,-1.3752258878677862e-05,-2.5446748151256635,-0.0020158184567518754,0.029282026319633253,0.0667,0.029,-2.542789654178877,-0.001626074584338499,0.023866973022086416,0.0648
1787378214.5114644,-2.4780323010606673,7.479473127654202e-07,-1.3752732511912843e-05,-2.544427131815005,-0.0019640178850877446,0.028544709545584437,0.0664,0.029,-2.5427896541762918,-0.0016260745844893399,0.023866964212199047,0.0648
1787378214.5899572,-2.4780323010345615,7.484081261664212e-07,-1.3762592438774962e-05,-2.54451387090482,-0.0019899097925109455,0.028917020280912042,0.0665,0.029,-2.542789654175109,-0.0016260745845551588,0.0238669603280885,0.0648
1787378214.6637073,-2.478032301046978,7.479605866571716e-07,-1.375336480517106e-05,-2.5444563638748847,-0.001972034791228043,0.028662799025639084,0.0665,0.029,-2.5427896541725743,-0.0016260745846720895,0.02386695346582342,0.0648
1787378214.8040743,-2.4780323010508734,7.479509354992335e-07,-1.3753244067714522e-05,-2.544474238520925,-0.001977385671611604,0.02874131032400487,0.0665,0.029,-2.542789654171219,-0.0016260745847236815,0.023866950440011057,0.0648
1787378214.8827016,-2.478032301064412,7.48344252912025e-07,-1.3757312905504449e-05,-2.5443833190974483,-0.001949738207891153,0.02834938967653087,0.0664,0.028,-2.542789654170097,-0.001626074584770614,0.023866947656396454,0.0648
1787378214.9570026,-2.478032301040419,7.479604126174068e-07,-1.375362934981925e-05,-2.5443998752301087,-0.0019623384835226443,0.028531610330775968,0.0664,0.029,-2.542789654168751,-0.0016260745830477413,0.02386694506330332,0.0648
1787378215.108662,-2.4780323010466434,7.479976988508609e-07,-1.375510520563402e-05,-2.544402334680214,-0.0019564447700967345,0.028450696803554484,0.0664,0.028,-2.5427896541663317,-0.0016260745848903095,0.023866940569641438,0.0648
1787378215.185935,-2.478032301099523,7.484638290455523e-07,-1.3765386706278242e-05,-2.54438083585333,-0.001953447951459126,0.028409733754542327,0.0664,0.028,-2.5427896541652273,-0.0016260745831179783,0.023866938542530313,0.0648
1787378215.2600913,-2.4780323010890144,7.479352577812121e-07,-1.375012969227945e-05,-2.5442572292527164,-0.0019270237517696237,0.028033540533162832,0.0663,0.028,-2.542789654162846,-0.0016260745833413478,0.023866935020622624,0.0648
1787378215.3995016,-2.4780323010853467,7.479444391086498e-07,-1.3750853101763862e-05,-2.5442945831893877,-0.0019431548657501238,0.028266006915326547,0.0663,0.028,-2.542789654161584,-0.001626074583366798,0.02386693346641296,0.0648
1787378215.4736712,-2.4780323012326684,7.484718553073364e-07,-1.377020357994355e-05,-2.544333624270646,-0.0019412116664551842,0.02824134133375912,0.0663,0.028,-2.542789654160499,-0.001626074583299249,0.02386693203505581,0.0648
1787378215.6164067,-2.4780323012383665,7.484868393495552e-07,-1.3771326762011076e-05,-2.545637728591669,-0.002835631285230481,0.028515060436420717,0.0677,0.029,-2.5427896541581916,-0.0016260745850743296,0.023866929539731428,0.0648
1787378215.689962,-2.4780323011137795,7.479739944374288e-07,-1.3753088390236415e-05,-2.5442269601876957,-0.0019026172240318314,0.027693133407231913,0.0662,0.028,-2.5427896541569637,-0.0016260745850927528,0.02386692842582794,0.0648
1787378215.7600267,-2.4780323012846526,7.484198182967038e-07,-1.376634520795002e-05,-2.5442646994992995,-0.0019300598389940448,0.028087780453022747,0.0663,0.028,-2.542789654154699,-0.0016260745834617751,0.02386692642844986,0.0648
1787378215.9031947,-2.478032301284026,7.484261257370052e-07,-1.376708715132798e-05,-2.5441988523131673,-0.0019212314563865705,0.027964622772263407,0.0662,0.028,-2.5427896541536867,-0.0016260745834759604,0.023866925561109885,0.0648
1787378215.9774172,-2.4780323011203995,7.479764655017162e-07,-1.3754368338660305e-05,-2.5441052304066503,-0.0018978474593998136,0.027631468565569653,0.0661,0.028,-2.5427896541524744,-0.0016260745835370183,0.023866924763532315,0.0648
1787378216.116212,-2.4780323011625955,7.479068699476515e-07,-1.37491913886096e-05,-2.544097372876288,-0.001898249123477941,0.027640081666013238,0.0661,0.028,-2.5427896541502797,-0.0016260745836908198,0.0238669233556097,0.0648
1787378216.184367,-2.4780323012848733,7.484282039053175e-07,-1.376827241055851e-05,-2.5441687524141403,-0.0019132662084374518,0.027856599843752012,0.0662,0.028,-2.54278965414929,-0.001626074583697074,0.023866922733947228,0.0648
1787378216.2602816,-2.4780323011590113,7.479115014906576e-07,-1.3749766881899815e-05,-2.5441126581999627,-0.0018969892033493946,0.027624855981172616,0.0661,0.028,-2.542789654148127,-0.0016260745836208358,0.023866922160205323,0.0648
1787378216.409803,-2.4780323011494203,7.47922597574128e-07,-1.3750581297346627e-05,-2.5440676827024142,-0.0018936087988305848,0.02757948805124858,0.0661,0.028,-2.542789654146,-0.0016260745837277945,0.023866921151118048,0.0648
1787378216.478992,-2.4780323012662766,7.484496628769072e-07,-1.3769886046764625e-05,-2.544004522290254,-0.001878197411864035,0.02736027647566147,0.0660,0.027,-2.542789654145038,-0.00162607458375243,0.02386692070597817,0.0648
1787378216.5485864,-2.4780323011372296,7.479357963095269e-07,-1.3751543845035658e-05,-2.5439504386993868,-0.0018638792320847149,0.027158150758833537,0.0659,0.027,-2.542789654142952,-0.001626074583850349,0.02386691992029217,0.0648
1787378216.6999512,-2.478032301141998,7.479260878158608e-07,-1.3751743714011719e-05,-2.5440847969928857,-0.0018968025653309634,0.027630748329521816,0.0661,0.028,-2.5427896541418247,-0.0016260745839350842,0.023866919574399858,0.0648
1787378216.7768905,-2.4780323012979113,7.483856791711495e-07,-1.3765248226799368e-05,-2.5439915675051616,-0.0018705912583112767,0.027256411104796704,0.0660,0.027,-2.542789654140903,-0.0016260745837542124,0.023866919251931313,0.0648
1787378216.8473852,-2.4780323011319525,7.479355160442953e-07,-1.3752439916498028e-05,-2.5439644389882496,-0.0018696778225173595,0.02724479761524491,0.0660,0.027,-2.542789654138886,-0.0016260745839137235,0.023866918690406413,0.0648
1787378217.010546,-2.478032301119101,7.479480072413369e-07,-1.3753306493131622e-05,-2.543925234248564,-0.0018598381985270322,0.027106514186158934,0.0659,0.027,-2.5427896541377843,-0.0016260745839170496,0.023866918441430178,0.0648
1787378217.085708,-2.4780323012724614,7.484103362407485e-07,-1.3766971198704854e-05,-2.5439929838557034,-0.001876510528180299,0.02734655080600439,0.0660,0.027,-2.5427896541368913,-0.0016260745839749428,0.02386691821372411,0.0648
1787378217.1545954,-2.4780323011558707,7.478792708573206e-07,-1.3748096243199257e-05,-2.54394916630028,-0.0018634326977864967,0.027160385700512654,0.0659,0.027,-2.5427896541349155,-0.0016260745838858935,0.02386691780762706,0.0648
1787378217.2955983,-2.4780323011482848,7.478845588756078e-07,-1.3748635878680348e-05,-2.543935903883464,-0.001865162155626927,0.0271878494978305,0.0659,0.027,-2.5427896541338564,-0.0016260745839610459,0.02386691763050764,0.0648
1787378217.3754375,-2.4780323012649865,7.484106940409366e-07,-1.3767843445466353e-05,-2.543910203156492,-0.0018565043152201726,0.027064973657904036,0.0659,0.027,-2.54278965413298,-0.0016260745839522652,0.0238669174664096,0.0648
1787378217.454957,-2.478032301135736,7.478961955865711e-07,-1.3749414194791619e-05,-2.5438403011140545,-0.0018420499159932581,0.02685943749307793,0.0658,0.027,-2.5427896541319344,-0.0016260745840023794,0.023866917316187702,0.0648
1787378217.602648,-2.478032301121369,7.479098489020827e-07,-1.375034063033966e-05,-2.543819018516189,-0.0018365874456046328,0.026783551685835152,0.0658,0.027,-2.542789654130036,-0.0016260745840860637,0.023866917051014236,0.0648
1787378217.6775622,-2.478032301287676,7.483549760537193e-07,-1.376347579471449e-05,-2.543881543174571,-0.001853377073922098,0.02702514439170229,0.0659,0.027,-2.542789654129179,-0.001626074584117255,0.023866916934117126,0.0648
1787378217.754126,-2.4780323011245424,7.479005366480441e-07,-1.3750505451510918e-05,-2.5438109281870007,-0.0018350269749761664,0.026763448591612848,0.0658,0.027,-2.5427896541281503,-0.0016260745840231345,0.02386691682406757,0.0648
1787378217.9071145,-2.47803230111334,7.479103118626445e-07,-1.375116717424254e-05,-2.5438043941161457,-0.0018335110375167487,0.026744012791808047,0.0658,0.027,-2.542789654126309,-0.001626074584127854,0.023866916634773985,0.0648
1787378217.982654,-2.4780323012671293,7.483719339727835e-07,-1.3764745278434053e-05,-2.5437774433384845,-0.0018304870215035361,0.026701948479096096,0.0658,0.027,-2.542789654125497,-0.00162607458413627,0.023866916550873408,0.0648
1787378218.0556796,-2.4780323011509227,7.478402872890754e-07,-1.3745786385794915e-05,-2.5437585430610876,-0.0018279300449907249,0.026666445500213604,0.0658,0.027,-2.5427896541236814,-0.001626074584153887,0.02386691640225691,0.0648
1787378218.1966193,-2.4780323011439296,7.47844742184187e-07,-1.3746170169812966e-05,-2.543741079655971,-0.0018246715614664267,0.026621860339706444,0.0657,0.027,-2.5427896541227013,-0.0016260745841683115,0.023866916336727113,0.0648
1787378218.2657564,-2.47803230126087,7.483705718083333e-07,-1.3765303054874237e-05,-2.5437801097608417,-0.0018317569188461978,0.02672435098110058,0.0658,0.027,-2.542789654121897,-0.001626074584185747,0.02386691627679801,0.0648
1787378218.4173152,-2.4780323012476853,7.483829640372863e-07,-1.3766019847902842e-05,-2.5437330273151715,-0.0018192323456857878,0.026545992510180062,0.0657,0.027,-2.542789654120138,-0.0016260745841457595,0.023866916169415126,0.0648
1787378218.485719,-2.4780323011178043,7.478692017016605e-07,-1.3747594729389104e-05,-2.5436736051052216,-0.0018100696814362558,0.02641699057932775,0.0657,0.026,-2.5427896541191854,-0.0016260745842163703,0.02386691612345328,0.0648
1787378218.5537157,-2.4780323012842524,7.483142300226042e-07,-1.3760663761879706e-05,-2.5436991404513836,-0.0018172458158928911,0.026520626617696656,0.0657,0.027,-2.54278965411745,-0.0016260745842258143,0.02386691604049173,0.0648
1787378218.6929965,-2.478032301276629,7.483194857903219e-07,-1.376105631261246e-05,-2.5436988333997994,-0.0018149950502291618,0.026490266803004474,0.0657,0.027,-2.5427896541167003,-0.0016260745842259902,0.023866916004036967,0.0648
1787378218.7714784,-2.4780323011102485,7.478694980153611e-07,-1.3748172183753344e-05,-2.543677957580959,-0.0018089795908603236,0.026405055760321164,0.0657,0.026,-2.5427896541157504,-0.0016260745842378048,0.02386691597032953,0.0648
1787378218.9204237,-2.4780323010967287,7.478823672472186e-07,-1.374889057387862e-05,-2.543618614298101,-0.001796663928368821,0.02622986638825848,0.0656,0.026,-2.542789654114074,-0.001626074584270833,0.023866915911394483,0.0648
1787378218.9892325,-2.478032301249825,7.483449040798654e-07,-1.3762483514715123e-05,-2.5436203996623057,-0.001800181206261383,0.026281879729186195,0.0656,0.026,-2.5427896541133475,-0.0016260745843393702,0.02386691588654652,0.0648
1787378219.0609987,-2.478032301133039,7.478140557193704e-07,-1.3743539460199937e-05,-2.543615487248986,-0.0017988650013606162,0.026263897911455586,0.0656,0.026,-2.5427896541117,-0.0016260745843253647,0.023866915839884005,0.0648
1787378219.2050455,-2.4780323011251535,7.478197908218132e-07,-1.3743944261587128e-05,-2.5435937276106193,-0.0017944156976517991,0.026201913762102635,0.0656,0.026,-2.542789654110804,-0.0016260745843247556,0.023866915819278196,0.0648
1787378219.2780557,-2.4780323012417456,7.483461523389299e-07,-1.3763085637138347e-05,-2.5436459397654647,-0.0018037499077690185,0.02633644123459918,0.0656,0.026,-2.5427896541100847,-0.001626074584349136,0.023866915801052335,0.0648
1787378219.3564327,-2.478032301112423,7.478318937068865e-07,-1.3744593548913355e-05,-2.5436054035110827,-0.001792241597573671,0.026172399249000482,0.0656,0.026,-2.542789654109194,-0.0016260745842957866,0.0238669157826458,0.0648
1787378219.5078437,-2.478032301097963,7.478460252301493e-07,-1.3745396795419785e-05,-2.543550099151012,-0.0017826471347252087,0.02603694715600216,0.0655,0.026,-2.542789654107602,-0.0016260745843593228,0.023866915753200033,0.0648
1787378219.5783885,-2.4780323012642427,7.482913941938359e-07,-1.3758471749219684e-05,-2.543557358359531,-0.0017868717292018137,0.02609825243338779,0.0655,0.026,-2.542789654106902,-0.0016260745844120963,0.0238669157408002,0.0648
1787378219.6519916,-2.478032301101109,7.47837198653039e-07,-1.3745443666203546e-05,-2.5435675642557145,-0.001787978054505203,0.026114869783185835,0.0656,0.026,-2.542789654105346,-0.0016260745843872167,0.023866915716560626,0.0648
1787378219.7866845,-2.4780323010899297,7.478474630306302e-07,-1.3745992613149895e-05,-2.543525117465932,-0.0017777057362510591,0.025968665458890483,0.0655,0.026,-2.542789654105346,-0.0016260745843872167,0.023866915716560626,0.0648
1787378219.857132,-2.4780323012437373,7.483093368627252e-07,-1.3759516405902649e-05,-2.5436681490620594,-0.001801725661548743,0.026314095306113144,0.0657,0.026,-2.542789654102944,-0.001626074584300781,0.02386691568576439,0.0648
1787378219.992917,-2.478032301229385,7.483234596171505e-07,-1.3760312527426327e-05,-2.543512202829412,-0.0017737312538647966,0.025914367103284625,0.0655,0.026,-2.5427896541022905,-0.0016260745843002975,0.023866915677789466,0.0648
1787378220.0650468,-2.4780323011125827,7.477927826441365e-07,-1.3741371835111458e-05,-2.5434862373533087,-0.00177096374548957,0.025875625514216405,0.0655,0.026,-2.542789654101438,-0.0016260745844569522,0.023866915672826533,0.0648
1787378220.2138352,-2.4780323011047045,7.47798812264028e-07,-1.374178147043532e-05,-2.5434733261858202,-0.0017691218826101454,0.025850822711662915,0.0655,0.026,-2.5427896540999546,-0.0016260745844710303,0.02386691565984406,0.0648
1787378220.2867112,-2.47803230122131,7.483253152610443e-07,-1.3760925687222115e-05,-2.5434949772343254,-0.0017734149123128993,0.025913047953218273,0.0655,0.026,-2.5427896540993005,-0.00162607458448023,0.023866915654291936,0.0648
1787378220.3591034,-2.478032301092016,7.478111704362664e-07,-1.3742435186174108e-05,-2.543504386819191,-0.0017730358805884642,0.02590836446843852,0.0655,0.026,-2.5427896540984865,-0.0016260745844551671,0.023866915648324844,0.0648
1787378220.5188122,-2.478032301096401,7.478012435894869e-07,-1.3742349542237663e-05,-2.5434947846752163,-0.0017697937553343038,0.025862721481244962,0.0655,0.026,-2.5427896540970263,-0.0016260745844559811,0.023866915638739796,0.0648
1787378220.5921912,-2.4780323012521785,7.482608540672017e-07,-1.3755717082972692e-05,-2.5434176624126077,-0.0017555313052133054,0.02566022392849177,0.0654,0.026,-2.5427896540964148,-0.001626074584473557,0.023866915635076306,0.0648
1787378220.6625671,-2.478032301086149,7.478107738863944e-07,-1.3742777561278844e-05,-2.5434276822295407,-0.0017605334373383596,0.025732477271279613,0.0654,0.026,-2.542789654094993,-0.001626074584523474,0.023866915628567836,0.0648
1787378220.800741,-2.4780323010732253,7.478235953770626e-07,-1.374339150174138e-05,-2.5434048107320786,-0.0017546971563507335,0.02565024574715912,0.0654,0.026,-2.5427896540941863,-0.0016260745845229569,0.023866915625067278,0.0648
1787378220.874311,-2.4780323012265733,7.482861732352691e-07,-1.3756935537682921e-05,-2.5434086550755266,-0.0017560087357811121,0.02566965085400058,0.0654,0.026,-2.542789654093592,-0.0016260745845548567,0.023866915622848567,0.0648
1787378220.951213,-2.478032301110018,7.477553704023478e-07,-1.373794300702716e-05,-2.543400568619826,-0.0017536243073520304,0.025636138789146383,0.0654,0.026,-2.542789654092795,-0.0016260745845465736,0.023866915619712107,0.0648
1787378221.1011162,-2.478032301102533,7.477612867851557e-07,-1.3738256698364906e-05,-2.5434073434479108,-0.0017508425344645868,0.025597551121469858,0.0654,0.026,-2.542789654091425,-0.0016260745845585816,0.02386691561511306,0.0648
1787378221.1757636,-2.4780323012193044,7.482877720031808e-07,-1.3757354754513245e-05,-2.543404598562068,-0.0017524959489996516,0.025621985960537916,0.0654,0.026,-2.542789654090828,-0.0016260745845732003,0.023866915613352368,0.0648
1787378221.2508307,-2.47803230109014,7.477736395144281e-07,-1.3738820209663891e-05,-2.543346981600984,-0.0017398337485564613,0.025441538562572818,0.0653,0.025,-2.542789654090065,-0.0016260745845629795,0.023866915611012774,0.0648
1787378221.3997645,-2.478032301075971,7.477880713802597e-07,-1.3739542643784884e-05,-2.5433459123668394,-0.001739202190768164,0.02543364304806258,0.0653,0.025,-2.5427896540887245,-0.0016260745846329,0.023866915608812083,0.0648
1787378221.4704175,-2.4780323012423864,7.482336142687314e-07,-1.3752579198981443e-05,-2.543385835072256,-0.001750409104328898,0.025594726187965995,0.0654,0.026,-2.5427896540881454,-0.0016260745846356796,0.02386691560745084,0.0648
1787378221.5466504,-2.4780323010793737,7.477795809780036e-07,-1.373951301600084e-05,-2.5433720525916987,-0.001745316415637811,0.02552231409191323,0.0654,0.026,-2.5427896540868367,-0.0016260745845711258,0.023866915603597254,0.0648
1787378221.7070384,-2.4780323010684233,7.477902060078309e-07,-1.373998983645172e-05,-2.5433398804655756,-0.001741609709194318,0.02547057959349676,0.0653,0.025,-2.5427896540860844,-0.0016260745845988358,0.023866915602671138,0.0648
1787378221.7767808,-2.47803230122234,7.48252284489293e-07,-1.375348003118175e-05,-2.5433491775826473,-0.0017422663701412262,0.025480523612720577,0.0653,0.025,-2.5427896540855377,-0.0016260745846189328,0.0238669156021488,0.0648
1787378221.8502119,-2.47803230105501,7.478038764252494e-07,-1.3740646989463417e-05,-2.54334728326738,-0.001740631031673762,0.025457701005827883,0.0653,0.025,-2.5427896540842587,-0.001626074584613922,0.023866915600116886,0.0648
1787378221.998534,-2.4780323010914747,7.477363053689688e-07,-1.3735237019699535e-05,-2.5433011314569436,-0.0017333568796774337,0.02535480605995597,0.0653,0.025,-2.5427896540835166,-0.001626074584622202,0.023866915599238064,0.0648
1787378222.0676386,-2.478032301211514,7.482585588718094e-07,-1.3754202147079025e-05,-2.5433015915418435,-0.0017334917397974102,0.025357243514701547,0.0653,0.025,-2.542789654082975,-0.0016260745846623024,0.023866915599312356,0.0648
1787378222.2144399,-2.4780323012004764,7.482694557988875e-07,-1.3754701748293891e-05,-2.543325480693562,-0.001737412355786702,0.0254139281951938,0.0653,0.025,-2.5427896540817203,-0.001626074584637982,0.02386691559749376,0.0648
1787378222.2907104,-2.4780323010712575,7.477555043857483e-07,-1.3736182487020312e-05,-2.543277638822443,-0.0017264923963349276,0.025258722436229147,0.0653,0.025,-2.542789654081018,-0.001626074584637487,0.023866915596695674,0.0648
1787378222.3629663,-2.4780323011869814,7.48283392982814e-07,-1.3755382491757967e-05,-2.543288917295046,-0.0017304672526787552,0.02531615153282171,0.0653,0.025,-2.542789654079793,-0.0016260745846745678,0.02386691559627697,0.0648
1787378222.5022717,-2.4780323012234318,7.482159792636758e-07,-1.3749988985755922e-05,-2.543260120817806,-0.001725186739693944,0.025241593369303844,0.0653,0.025,-2.5427896540792645,-0.0016260745846743464,0.023866915595974335,0.0648
1787378222.5785367,-2.478032301060413,7.477620673716344e-07,-1.3736936610060499e-05,-2.5432932166589035,-0.0017309725875205373,0.025324926062954264,0.0653,0.025,-2.54278965407856,-0.0016260745847031049,0.023866915595843603,0.0648
1787378222.6617963,-2.4780323012158267,7.482224007129856e-07,-1.3750344910824213e-05,-2.5432808975524583,-0.001726262947929599,0.02525792026853293,0.0653,0.025,-2.54278965407736,-0.0016260745846955083,0.023866915594940342,0.0648
1787378222.808372,-2.47803230120343,7.482351200954719e-07,-1.375094655070534e-05,-2.543259848224705,-0.0017247633019880336,0.025237574745690036,0.0653,0.025,-2.54278965407687,-0.0016260745846949707,0.023866915594812677,0.0648
1787378222.8816576,-2.4780323011396255,7.47788381093913e-07,-1.373824580635326e-05,-2.5432415081506146,-0.0017194902299872857,0.025162506704703182,0.0652,0.025,-2.542789654076178,-0.0016260745847023552,0.02386691559441275,0.0648
1787378222.9560735,-2.4780323012269787,7.482502958865969e-07,-1.375172163919815e-05,-2.5432313331215526,-0.0017180444878848113,0.025142327811857934,0.0652,0.025,-2.542789654075689,-0.001626074584731575,0.023866915594869073,0.0648
1787378223.0896611,-2.4780323012220684,7.482664277706742e-07,-1.3752628752183088e-05,-2.5432740717608375,-0.0017259497709572647,0.025256081029152513,0.0653,0.025,-2.5427896540750115,-0.0016260745847387899,0.02386691559456114,0.0648
1787378223.1591249,-2.4780323011334913,7.478205968639224e-07,-1.3740058383521852e-05,-2.5432843907676785,-0.0017248174335237852,0.02524033633860008,0.0653,0.025,-2.5427896540738586,-0.0016260745846930311,0.0238669155932335,0.0648
1787378223.3097172,-2.478032301122633,7.478379105615171e-07,-1.3741149371601164e-05,-2.543260810156617,-0.0017196715419928303,0.0251671353021928,0.0653,0.025,-2.542789654072713,-0.0016260745847272036,0.023866915593500848,0.0648
1787378223.3869712,-2.4780323012518783,7.482181310848775e-07,-1.3748592251181375e-05,-2.5431968437965753,-0.0017091404747702904,0.025017567449925383,0.0652,0.025,-2.54278965407224,-0.0016260745847269603,0.02386691559348884,0.0648
1787378223.458149,-2.4780323011284318,7.478314362287285e-07,-1.37414596510946e-05,-2.5432197915189887,-0.0017160790310406931,0.02511738776419705,0.0652,0.025,-2.542789654071571,-0.0016260745847850727,0.02386691559416803,0.0648
1787378223.6035843,-2.478032301119193,7.478434493586128e-07,-1.3742253161574996e-05,-2.5431702355003667,-0.0017049160326795116,0.02495855243739767,0.0652,0.025,-2.542789654070461,-0.0016260745847448898,0.023866915593133673,0.0648
1787378223.6765184,-2.478032301235296,7.482396258283084e-07,-1.3750128057836683e-05,-2.5431789821533157,-0.001708724095532045,0.025013427694046863,0.0652,0.025,-2.542789654070019,-0.0016260745848068927,0.023866915594384728,0.0648
1787378223.749487,-2.478032301106976,7.478580373032075e-07,-1.3743207140912448e-05,-2.543205205533905,-0.0017128534575657072,0.02507294587864552,0.0652,0.025,-2.5427896540689225,-0.0016260745847611873,0.02386691559336039,0.0648
1787378223.8990812,-2.4780323011442458,7.477910430323453e-07,-1.3738077656978929e-05,-2.5431927566069077,-0.0017092350746260284,0.025021988437267946,0.0652,0.025,-2.542789654068268,-0.0016260745847604839,0.023866915592986666,0.0648
1787378223.975473,-2.478032301226102,7.482470649129486e-07,-1.3751410745284735e-05,-2.5431600631683104,-0.001701614402405157,0.024913345552188257,0.0652,0.025,-2.542789654067831,-0.0016260745847800464,0.02386691559348534,0.0648
1787378224.1151469,-2.478032301215451,7.482581699128977e-07,-1.375216845844623e-05,-2.5431610776370843,-0.0017039017462482453,0.02494649080680071,0.0652,0.025,-2.5427896540667576,-0.0016260745848085203,0.023866915593844754,0.0648
1787378224.1878767,-2.4780323011248138,7.478106737347637e-07,-1.373953984652622e-05,-2.543137700529102,-0.001697058049155998,0.024849382224621238,0.0651,0.025,-2.542789654066132,-0.001626074584808293,0.023866915593606815,0.0648
1787378224.256996,-2.478032301202154,7.482721471362749e-07,-1.3753094449780286e-05,-2.54317777254183,-0.001707141127118841,0.024994108107104673,0.0652,0.025,-2.542789654065698,-0.0016260745848459275,0.02386691559438514,0.0648
1787378224.4038868,-2.4780323012386627,7.482046503310921e-07,-1.3747934508997965e-05,-2.5435447680843994,-0.0019586531617357267,0.025100193123495994,0.0655,0.025,-2.5427896540646557,-0.0016260745847882585,0.023866915593252772,0.0648
1787378224.4750125,-2.4780323011141046,7.478170800347334e-07,-1.3740761522324873e-05,-2.543161077211735,-0.0016980123310269808,0.024864122509134588,0.0652,0.025,-2.5427896540640313,-0.0016260745847460208,0.023866915592205946,0.0648
1787378224.6161427,-2.4780323011031036,7.478277383178274e-07,-1.3741485221235576e-05,-2.5431291514387677,-0.0016947509925134866,0.02481801275724698,0.0651,0.025,-2.542789654063004,-0.001626074584855883,0.023866915594091605,0.0648
1787378224.6924284,-2.4780323012185255,7.482233867236294e-07,-1.3749328667936632e-05,-2.543119351881429,-0.0016938293282688914,0.024805609884760136,0.0651,0.025,-2.5427896540626103,-0.0016260745848558301,0.02386691559432872,0.0648
1787378224.7670457,-2.4780323010896015,7.478413536988939e-07,-1.3742378673363264e-05,-2.5431369805071022,-0.0016988106762042799,0.0248773167739546,0.0651,0.025,-2.5427896540619934,-0.0016260745848600572,0.02386691559410636,0.0648
1787378224.9119217,-2.478032301125952,7.477736567122056e-07,-1.3737194608695721e-05,-2.5431125224039013,-0.0016924460683396861,0.024786564770450634,0.0651,0.025,-2.5427896540609884,-0.0016260745848666182,0.02386691559417128,0.0648
1787378224.9855993,-2.4780323012074574,7.482294212906269e-07,-1.3750503337387556e-05,-2.5431099382241453,-0.0016916227224545747,0.024775487473819267,0.0651,0.025,-2.542789654060591,-0.0016260745848662007,0.02386691559438129,0.0648
1787378225.0598464,-2.4780323011181,7.477799187052456e-07,-1.3737760275129738e-05,-2.543120734762853,-0.001694907093426781,0.02482288528460445,0.0651,0.025,-2.542789654059602,-0.0016260745848513853,0.023866915594078674,0.0648
1787378225.2120268,-2.4780323011054097,7.477924798655552e-07,-1.3738564766858857e-05,-2.5430969345778216,-0.0016890973246335946,0.0247400735006222,0.0651,0.025,-2.5427896540590154,-0.0016260745848504965,0.023866915593872037,0.0648
1787378225.287332,-2.4780323012339003,7.481709386123728e-07,-1.3745879647777177e-05,-2.543089333841638,-0.0016875248005264632,0.024718236978221512,0.0651,0.025,-2.5427896540586308,-0.0016260745848830336,0.023866915594602987,0.0648
1787378225.3666873,-2.478032301109785,7.477827359032992e-07,-1.3738624882352905e-05,-2.5431029272546506,-0.0016916357874333155,0.024777413892203507,0.0651,0.025,-2.542789654057677,-0.001626074584867231,0.023866915594318,0.0648
1787378225.5120332,-2.4780323010995136,7.47792433280776e-07,-1.3739193936392926e-05,-2.5430906636760215,-0.001688686847515691,0.024735825102491765,0.0651,0.025,-2.542789654057083,-0.001626074584866804,0.023866915594032128,0.0648
1787378225.5814366,-2.4780323012152246,7.481877446352005e-07,-1.3746965723478872e-05,-2.543105765493194,-0.00169119127692998,0.02477202751239615,0.0651,0.025,-2.5427896540567265,-0.001626074584882975,0.02386691559457884,0.0648
1787378225.6563525,-2.478032301086562,7.478054111888038e-07,-1.3739944145463766e-05,-2.543072468539985,-0.0016830997359830362,0.024656529956450176,0.0651,0.025,-2.5427896540557837,-0.0016260745848678385,0.023866915594296476,0.0648
1787378225.803782,-2.4780323011233167,7.477373388474473e-07,-1.373462812484739e-05,-2.5430756511950405,-0.0016862652250914933,0.024702423668703052,0.0651,0.025,-2.5427896540552055,-0.0016260745849128264,0.02386691559482762,0.0648
1787378225.8767998,-2.4780323012049896,7.481929843614153e-07,-1.3747873937061982e-05,-2.5430885910057497,-0.0016879025210403424,0.02472616785502925,0.0651,0.025,-2.542789654054843,-0.001626074584894387,0.023866915594732828,0.0648
1787378225.9521084,-2.478032301115774,7.477433956600509e-07,-1.3735069486722952e-05,-2.5430643288740056,-0.0016818799708892085,0.02464024820885879,0.0651,0.025,-2.5427896540539248,-0.0016260745848842356,0.023866915594549943,0.0648
1787378226.0957813,-2.4780323011033167,7.477558843413368e-07,-1.3735756792376523e-05,-2.5430557031003507,-0.0016817477990010861,0.024638955973918363,0.0650,0.025,-2.542789654053373,-0.0016260745849176327,0.023866915594971515,0.0648
1787378226.1694443,-2.4780323011805927,7.48217244930338e-07,-1.3749234699242308e-05,-2.543057886189967,-0.0016823295079358958,0.02464755544884025,0.0650,0.025,-2.5427896540530153,-0.0016260745849177214,0.023866915595136127,0.0648
1787378226.3100584,-2.4780323012170062,7.481496586151856e-07,-1.3743928688000286e-05,-2.543056745327078,-0.0016817244961343648,0.024639163282676065,0.0650,0.025,-2.5427896540524637,-0.0016260745849136084,0.023866915594887506,0.0648
1787378226.383903,-2.4780323010924206,7.477620898688295e-07,-1.373668534224313e-05,-2.5430505736567834,-0.0016790374572077397,0.024601258467112988,0.0650,0.025,-2.5427896540515587,-0.0016260745849163952,0.023866915594856552,0.0648
1787378226.4586568,-2.4780323012093386,7.481559544786202e-07,-1.3744369690479695e-05,-2.5430423741667,-0.001678391016021276,0.02459232087047625,0.0650,0.025,-2.542789654050673,-0.0016260745849340174,0.02386691559517386,0.0648
1787378226.6015055,-2.4780323011968486,7.481685850186802e-07,-1.3745053947435787e-05,-2.5430354534482245,-0.0016779665333497085,0.024586774550191957,0.0650,0.025,-2.5427896540503485,-0.0016260745849337403,0.023866915595439134,0.0648
1787378226.670944,-2.4780323010679437,7.477866462715578e-07,-1.3738040602476715e-05,-2.5430315428909815,-0.0016768334350860468,0.024570799173575925,0.0650,0.025,-2.542789654049799,-0.001626074584935596,0.02386691559525904,0.0648
1787378226.8132074,-2.4780323011043497,7.477192066000619e-07,-1.3732736059331817e-05,-2.5430376705772724,-0.001678078038771186,0.024588860244749756,0.0650,0.025,-2.5427896540489376,-0.0016260745849337407,0.023866915595180123,0.0648
1787378226.8914974,-2.478032301185897,7.481751151860918e-07,-1.3745986399112852e-05,-2.5430222361999077,-0.0016736037664095633,0.024525340706669327,0.0650,0.025,-2.5427896540486166,-0.001626074584933553,0.02386691559541468,0.0648
1787378226.9621737,-2.478032301096578,7.477257669591159e-07,-1.3733186772297165e-05,-2.5430213887709714,-0.0016746575776948234,0.024540674298137735,0.0650,0.025,-2.5427896540477697,-0.001626074584951795,0.023866915595744363,0.0648
1787378227.1003003,-2.478032301083984,7.477386598109953e-07,-1.3733881642201462e-05,-2.543018060667278,-0.0016737580138753692,0.024528258389498698,0.0650,0.025,-2.5427896540472497,-0.0016260745849513336,0.02386691559556504,0.0648
1787378227.1727526,-2.478032301212532,7.481172870681195e-07,-1.3741142993872886e-05,-2.543014975546717,-0.0016731875474571346,0.024520332378888735,0.0650,0.025,-2.5427896540469304,-0.00162607458495592,0.023866915595820066,0.0648
1787378227.3202062,-2.478032301205843,7.481227503168151e-07,-1.3741459779232798e-05,-2.54302713722178,-0.001675514903871678,0.02455389277924309,0.0650,0.025,-2.542789654046404,-0.0016260745849584343,0.02386691559561646,0.0648
1787378227.3894212,-2.4780323010783154,7.477393364379355e-07,-1.3734306323066014e-05,-2.5430251846143768,-0.0016742186821788365,0.024535549538723247,0.0650,0.025,-2.542789654046102,-0.0016260745849451098,0.02386691559565464,0.0648
1787378227.4611003,-2.478032301194087,7.481348359506055e-07,-1.3742029528773188e-05,-2.543039979868851,-0.0016763890249822636,0.024566968488429354,0.0650,0.025,-2.542789654044753,-0.001626074584938798,0.02386691559529039,0.0648
1787378227.6081514,-2.478032301180429,7.481491427325474e-07,-1.3742760246745047e-05,-2.543004432660285,-0.0016696352300239106,0.02447076332596293,0.0650,0.024,-2.542789654044463,-0.0016260745849384615,0.023866915595553668,0.0648
1787378227.6821165,-2.478032301102367,7.476850134882054e-07,-1.3729554309890011e-05,-2.5430053948158293,-0.001670938107235106,0.024489675438457544,0.0650,0.025,-2.542789654043944,-0.0016260745849760315,0.023866915595959,0.0648
1787378227.7534366,-2.4780323011841037,7.481408499780706e-07,-1.3742755551570752e-05,-2.5430107117041443,-0.0016717265586718925,0.024501209099598156,0.0650,0.025,-2.542789654043648,-0.0016260745849683658,0.02386691559606712,0.0648
1787378227.8976572,-2.478032301173306,7.481518091286227e-07,-1.3743261382028216e-05,-2.5429876775658786,-0.0016669337808039048,0.024433095091557944,0.0650,0.024,-2.5427896540428487,-0.0016260745849630733,0.023866915595979876,0.0648
1787378227.9716442,-2.4780323010826275,7.477043478777636e-07,-1.3730513517933556e-05,-2.542998865076217,-0.0016698605781040228,0.024475217565673908,0.0650,0.024,-2.542789654042352,-0.0016260745849895177,0.02386691559628142,0.0648
1787378228.1163297,-2.4780323010685215,7.477193085877619e-07,-1.3731276908847719e-05,-2.5429831827204383,-0.0016667271409750424,0.024430786022344754,0.0650,0.024,-2.542789654041564,-0.00162607458497227,0.023866915595977315,0.0648
1787378228.187494,-2.478032301196516,7.480987031908168e-07,-1.3738567417371476e-05,-2.5429935379817854,-0.0016685797814768373,0.024457511375015548,0.0650,0.024,-2.5427896540412784,-0.001626074584989426,0.023866915596457004,0.0648
1787378228.2650397,-2.478032301071998,7.47711342459896e-07,-1.3731288098777373e-05,-2.542980366113505,-0.0016650899896284422,0.024407748097879566,0.0650,0.024,-2.542789654040525,-0.0016260745849975154,0.023866915596629165,0.0648
1787378228.407478,-2.478032301061126,7.477224883583905e-07,-1.3731805461561038e-05,-2.5429782707821222,-0.0016655495410320643,0.024414740396130476,0.0650,0.024,-2.5427896540400265,-0.0016260745849973842,0.023866915596365442,0.0648
1787378228.477229,-2.4780323011766243,7.481184139933057e-07,-1.3739549355309446e-05,-2.542972501297925,-0.0016640971784802098,0.02439414561344619,0.0650,0.024,-2.5427896540397605,-0.0016260745849944825,0.023866915596586536,0.0648
1787378228.5481832,-2.4780323010477914,7.477366763937942e-07,-1.3732503079736117e-05,-2.542969650601619,-0.0016635458602440836,0.02438663376306418,0.0650,0.024,-2.5427896540390034,-0.0016260745850018483,0.023866915596726507,0.0648
1787378228.6955965,-2.4780323010843284,7.476696278413473e-07,-1.3727134090994075e-05,-2.5429679861273855,-0.0016632973025522914,0.02438326539075111,0.0650,0.024,-2.5427896540385153,-0.0016260745850042637,0.02386691559650586,0.0648
1787378228.7635007,-2.478032301165938,7.481257159921821e-07,-1.3740351953649502e-05,-2.5429675333622224,-0.0016631888654700794,0.024381895042990716,0.0650,0.024,-2.5427896540382475,-0.0016260745850053392,0.023866915596768394,0.0648
1787378228.9099264,-2.4780323011549577,7.481371215786996e-07,-1.3740891498601177e-05,-2.5429637970307017,-0.0016616242969340095,0.024359864817990812,0.0650,0.024,-2.542789654037511,-0.0016260745850052913,0.02386691559677966,0.0648
1787378228.9883392,-2.4780323010642267,7.476898471533305e-07,-1.3728159773334948e-05,-2.542965003325979,-0.0016624263447530714,0.02437154818229339,0.0650,0.024,-2.5427896540370494,-0.0016260745850134929,0.023866915596759377,0.0648
1787378229.068674,-2.4780323011415164,7.481515614755148e-07,-1.3741612013496491e-05,-2.542957016077139,-0.0016606324482414713,0.02434605292174065,0.0649,0.024,-2.5427896540367816,-0.001626074585008558,0.023866915596841086,0.0648
1787378229.2127922,-2.4780323011780196,7.480846444117193e-07,-1.373625784199276e-05,-2.5429578427435002,-0.0016612075648092528,0.024354468727822785,0.0649,0.024,-2.5427896540360595,-0.0016260745850149164,0.023866915596962975,0.0648
1787378229.2904692,-2.4780323010534997,7.476974114571959e-07,-1.3728993316499274e-05,-2.5429558141835567,-0.0016599650699569456,0.024337027868628503,0.0649,0.024,-2.5427896540355954,-0.0016260745850143557,0.0238669155967076,0.0648
1787378229.36778,-2.4780323011704826,7.480915614405722e-07,-1.373665315396881e-05,-2.542944603476171,-0.0016579561309865121,0.024308490674231537,0.0649,0.024,-2.542789654035353,-0.0016260745850210409,0.02386691559710231,0.0648
1787378229.5101614,-2.478032301158155,7.481047708646324e-07,-1.3737293849103044e-05,-2.5429415767965398,-0.0016572263736978168,0.02429837477643329,0.0649,0.024,-2.542789654034639,-0.0016260745850315394,0.023866915597301135,0.0648
1787378229.5789886,-2.478032301080598,7.476403296404377e-07,-1.372404999403657e-05,-2.542947939266502,-0.001659332854414365,0.02432868744784987,0.0649,0.024,-2.5427896540341743,-0.0016260745850352001,0.023866915597104427,0.0648
1787378229.650695,-2.4780323011627625,7.480958984845069e-07,-1.3737212588573829e-05,-2.5429400134441194,-0.00165722810517247,0.02429871419550912,0.0649,0.024,-2.54278965403393,-0.0016260745850230035,0.02386691559712484,0.0648
1787378229.796771,-2.47803230115269,7.481065220930265e-07,-1.3737649675363075e-05,-2.542934495083228,-0.0016557053121857835,0.02427725351915336,0.0649,0.024,-2.5427896540332378,-0.0016260745850343256,0.023866915597335604,0.0648
1787378229.866782,-2.47803230106232,7.476589836338809e-07,-1.3724872037834102e-05,-2.5429420063102226,-0.0016580577966599254,0.024311078727834164,0.0649,0.024,-2.542789654032547,-0.0016260745850285943,0.023866915597236204,0.0648
1787378230.007554,-2.478032301067879,7.476986052875223e-07,-1.3726486469553851e-05,-2.542932402459946,-0.0016560575676659384,0.024282748490476434,0.0649,0.024,-2.5427896540321155,-0.0016260745850284444,0.02386691559704386,0.0648
1787378230.0782619,-2.478032301237657,7.481480616053078e-07,-1.3739790386819831e-05,-2.54294064289472,-0.0016575760410224762,0.0243046356777392,0.0649,0.024,-2.5427896540318624,-0.0016260745850393038,0.023866915597414384,0.0648
1787378230.1528244,-2.4780323010771803,7.476969158206508e-07,-1.3726969882809917e-05,-2.5429305551746557,-0.0016548952555514626,0.024266400482771032,0.0649,0.024,-2.5427896540312003,-0.0016260745850300673,0.023866915597277234,0.0648
1787378230.2855096,-2.4780323010701832,7.477120113238132e-07,-1.3727902854773868e-05,-2.5429266476956607,-0.001654601566140269,0.024262362105291875,0.0649,0.024,-2.5427896540312003,-0.0016260745850300673,0.023866915597277234,0.0648
1787378230.3570726,-2.4780323012256815,7.481758985296153e-07,-1.3741608153310616e-05,-2.542950244773228,-0.0016586444217284255,0.024320477048604617,0.0649,0.024,-2.5427896540301007,-0.0016260745850230603,0.023866915596943837,0.0648
1787378230.501219,-2.4780323012140513,7.481933721052887e-07,-1.3742749390705846e-05,-2.5429380851310692,-0.0016554241705396958,0.024274404874309014,0.0649,0.024,-2.5427896540301007,-0.0016260745850230603,0.023866915596943837,0.0648
1787378230.5677776,-2.4780323010983376,7.476640957170282e-07,-1.3723973802115561e-05,-2.542941608617831,-0.001656488860700176,0.02428988899379716,0.0649,0.024,-2.5427896540292148,-0.0016260745850342352,0.02386691559734788,0.0648
1787378230.7177205,-2.4780323010922585,7.476725532623747e-07,-1.3724700942965193e-05,-2.5429384597821736,-0.0016556755723772531,0.02427841118548676,0.0649,0.024,-2.542789654028809,-0.0016260745850338893,0.023866915597223218,0.0648
1787378230.7979336,-2.478032301209615,7.482001021533668e-07,-1.374399700807904e-05,-2.542917888204349,-0.001651869951546308,0.02422429596199569,0.0649,0.024,-2.542789654028572,-0.0016260745850382148,0.023866915597435114,0.0648
1787378230.8704166,-2.478032301080941,7.476869084438605e-07,-1.372565772181463e-05,-2.542922037164879,-0.0016536144523761642,0.024249437794961227,0.0649,0.024,-2.542789654028167,-0.0016260745850590233,0.02386691559763296,0.0648
1787378231.013958,-2.4780323010675973,7.477029416540475e-07,-1.3726756174026744e-05,-2.5429182211403654,-0.0016525657924396316,0.02423455909156314,0.0649,0.024,-2.542789654027537,-0.0016260745850545943,0.02386691559756044,0.0648
1787378231.0855353,-2.4780323012343612,7.481491688544201e-07,-1.373997403669052e-05,-2.5429080341193115,-0.0016501299823727946,0.024200012966526567,0.0649,0.024,-2.542789654027308,-0.0016260745850543384,0.023866915597735974,0.0648
1787378231.1559951,-2.4780323010716367,7.476957549975313e-07,-1.372708790190706e-05,-2.542908549503167,-0.0016510584982835981,0.02421343262374586,0.0649,0.024,-2.5427896540266866,-0.0016260745850621057,0.023866915597902147,0.0648
1787378231.293295,-2.478032301061183,7.477074584239809e-07,-1.3727912886294079e-05,-2.5429057242715363,-0.0016502891169730188,0.024202664923681193,0.0649,0.024,-2.5427896540262727,-0.0016260745850617396,0.02386691559767899,0.0648
1787378231.3648746,-2.4780323012153196,7.481699957052705e-07,-1.3741570195851506e-05,-2.542904635279319,-0.0016501609529967704,0.02420095422791944,0.0649,0.024,-2.5427896540260666,-0.001626074585065801,0.023866915597973673,0.0648
1787378231.5098045,-2.478032301201517,7.481853449276519e-07,-1.3742630399402636e-05,-2.5429126182776773,-0.0016516286007919924,0.024222092505874142,0.0649,0.024,-2.5427896540254524,-0.0016260745850575889,0.023866915597833466,0.0648
1787378231.5846334,-2.478032301084941,7.476552447648575e-07,-1.3723820857102936e-05,-2.5428980657755114,-0.0016482115743680144,0.02417343703784138,0.0649,0.024,-2.54278965402505,-0.0016260745850572946,0.023866915597612136,0.0648
1787378231.656175,-2.4780323012051233,7.481778367479728e-07,-1.3742942311610206e-05,-2.542900560081378,-0.0016494339311410912,0.0241910408207711,0.0649,0.024,-2.542789654024457,-0.0016260745850688815,0.0238669155978475,0.0648
1787378231.798364,-2.478032301194313,7.481893842284739e-07,-1.374375233039619e-05,-2.542896623360505,-0.0016485502488532218,0.024178612047729826,0.0649,0.024,-2.5427896540242454,-0.0016260745850688353,0.023866915598026343,0.0648
1787378231.8667405,-2.47803230106519,7.47675744350258e-07,-1.3725386919063122e-05,-2.542897472745692,-0.0016487019497483392,0.024180888486818316,0.0649,0.024,-2.542789654023653,-0.0016260745850724162,0.0238669155980992,0.0648
1787378232.006961,-2.478032301069913,7.476667947851022e-07,-1.3725544577520875e-05,-2.542894737421847,-0.0016479807537268436,0.024170674305300417,0.0649,0.024,-2.542789654023265,-0.0016260745850760888,0.02386691559796388,0.0648
1787378232.0779712,-2.478032301225859,7.481268756143308e-07,-1.3739030274048737e-05,-2.542901221397153,-0.0016492881201711127,0.024189505770581862,0.0649,0.024,-2.542789654023265,-0.0016260745850760888,0.02386691559796388,0.0648
1787378232.1501348,-2.4780323010599674,7.476772636945059e-07,-1.3726210911791894e-05,-2.5429089609726376,-0.0016500280538047523,0.02420023892654036,0.0649,0.024,-2.542789654022679,-0.0016260745850680493,0.02386691559783112,0.0648
1787378232.3058498,-2.478032301047327,7.476909937983924e-07,-1.3727058017718758e-05,-2.542895080543004,-0.0016470589380338499,0.024157955011590758,0.0649,0.024,-2.542789654022097,-0.001626074585063358,0.023866915597754085,0.0648
1787378232.385517,-2.4780323012008227,7.481540060260989e-07,-1.3740714639933451e-05,-2.542888637461632,-0.001646348187882841,0.024147925150188425,0.0649,0.024,-2.5427896540219117,-0.0016260745850796958,0.023866915598267733,0.0648
1787378232.463902,-2.478032301084382,7.476236546430088e-07,-1.3721838342468775e-05,-2.542890168185329,-0.0016470978296017475,0.024158772314198145,0.0649,0.024,-2.542789654021526,-0.0016260745850833114,0.02386691559811636,0.0648
1787378232.6102192,-2.478032301077147,7.476304350676735e-07,-1.3722376046350446e-05,-2.542886634944618,-0.001645961155372501,0.02414271827416995,0.0649,0.024,-2.542789654020967,-0.0016260745850787677,0.023866915598063993,0.0648
1787378232.6752155,-2.4780323011940517,7.481573357440022e-07,-1.3741582303749994e-05,-2.542891840468623,-0.0016471387989392843,0.024159705844629478,0.0649,0.024,-2.542789654020772,-0.0016260745850848882,0.023866915598354216,0.0648
1787378232.747798,-2.478032301064994,7.476436359165619e-07,-1.3723159476797025e-05,-2.542884716799617,-0.0016453772383027707,0.02413457938308116,0.0649,0.024,-2.5427896540204067,-0.0016260745850777475,0.023866915598052593,0.0648
1787378232.9048321,-2.4780323010510545,7.476589046600526e-07,-1.3724097689383153e-05,-2.5428775922696265,-0.0016441825403725966,0.024117710431204923,0.0649,0.024,-2.54278965401985,-0.00162607458508712,0.023866915598226495,0.0648
1787378232.97527,-2.4780323012175915,7.481048518727493e-07,-1.3737238501456598e-05,-2.542879396217345,-0.0016450086864010676,0.024129626154059426,0.0649,0.024,-2.542789654019656,-0.0016260745850937633,0.02386691559852624,0.0648
1787378233.046691,-2.478032301054678,7.476512414167488e-07,-1.3724280064205908e-05,-2.5428824389372715,-0.001645438548710644,0.024135868536598427,0.0649,0.024,-2.542789654019286,-0.001626074585088579,0.02386691559823338,0.0648
1787378233.2001488,-2.4780323010439433,7.476626851392104e-07,-1.3724964992026534e-05,-2.5428733687654352,-0.0016432308044073058,0.02410447358104773,0.0649,0.024,-2.542789654018746,-0.0016260745850857543,0.023866915598197178,0.0648
1787378233.2718546,-2.478032301197978,7.48125152590616e-07,-1.3738554998647542e-05,-2.5428764191241737,-0.0016443615641938659,0.024120741404806828,0.0649,0.024,-2.542789654018575,-0.0016260745850978288,0.023866915598632833,0.0648
1787378233.408266,-2.4780323011840344,7.481404687971439e-07,-1.3739487443787043e-05,-2.542874424662039,-0.0016437393075516206,0.02411191455383733,0.0649,0.024,-2.5427896540180357,-0.0016260745850944706,0.02386691559857794,0.0648
1787378233.4821622,-2.4780323010674117,7.476103969558516e-07,-1.3720617098042409e-05,-2.542876717059675,-0.0016439095154106916,0.024114526224585132,0.0649,0.024,-2.542789654017665,-0.001626074585094169,0.023866915598354285,0.0648
1787378233.567682,-2.478032301187566,7.48133027960162e-07,-1.3739678133498604e-05,-2.5428734354038633,-0.0016432496363185927,0.024105176747669255,0.0649,0.024,-2.542789654017144,-0.0016260745850963478,0.02386691559841815,0.0648
1787378233.720794,-2.4780323011767287,7.481447184487186e-07,-1.3740373125398899e-05,-2.5428702055268424,-0.0016431000581177539,0.024103219899391713,0.0649,0.024,-2.5427896540169668,-0.0016260745850962275,0.02386691559859646,0.0648
1787378233.7915382,-2.4780323010475995,7.476311801693264e-07,-1.372195311278963e-05,-2.5428754985304205,-0.0016438355970618543,0.024113835437801975,0.0649,0.024,-2.5427896540166173,-0.0016260745850966785,0.023866915598430988,0.0648
1787378233.864343,-2.47803230121475,7.480765309343272e-07,-1.3735025386781066e-05,-2.5428665172443443,-0.0016415762785422254,0.024081578580557594,0.0649,0.024,-2.542789654016441,-0.001626074585092419,0.023866915598534478,0.0648
1787378234.0080066,-2.478032301208318,7.480826495042249e-07,-1.3735437119400766e-05,-2.5428645677892665,-0.0016414315046712371,0.02407967246925166,0.0649,0.024,-2.542789654015933,-0.0016260745851045472,0.023866915598775466,0.0648
1787378234.0776293,-2.478032301042447,7.47633168670487e-07,-1.372256757884167e-05,-2.5428695488671718,-0.0016427460434377144,0.024098577707651607,0.0649,0.024,-2.542789654015575,-0.0016260745851049997,0.02386691559856562,0.0648
1787378234.153711,-2.4780323011968135,7.480953847319735e-07,-1.373610155824952e-05,-2.5428613164369227,-0.0016406434654712117,0.02406856848608719,0.0648,0.024,-2.5427896540150665,-0.0016260745850970226,0.023866915598432608,0.0648
1787378234.298666,-2.4780323011834056,7.481103372038243e-07,-1.3736926933529204e-05,-2.5428632944910854,-0.0016415229863683762,0.024081295062223847,0.0649,0.024,-2.5427896540149177,-0.0016260745851087415,0.023866915598864082,0.0648
1787378234.374444,-2.4780323010669996,7.475801326545597e-07,-1.371800445959878e-05,-2.542861757270761,-0.0016410935058943227,0.024075223588419094,0.0649,0.024,-2.5427896540145634,-0.0016260745851034858,0.023866915598552647,0.0648
1787378234.5195808,-2.478032301059849,7.47587220544134e-07,-1.3718453283229285e-05,-2.5428612075900556,-0.0016408662521981573,0.02407212057382877,0.0648,0.024,-2.5427896540140718,-0.0016260745851054657,0.023866915598614258,0.0648
1787378234.593165,-2.478032301176807,7.481142774218763e-07,-1.373761634723836e-05,-2.5428601399865247,-0.0016407025828475055,0.024069856156117418,0.0648,0.024,-2.542789654013911,-0.0016260745851065875,0.023866915598814858,0.0648
1787378234.6649883,-2.478032301047787,7.476007369203576e-07,-1.3719151716681727e-05,-2.5428595577110964,-0.0016406082406649365,0.02406858007590123,0.0648,0.024,-2.5427896540134203,-0.001626074585107559,0.02386691559883767,0.0648
1787378234.8059125,-2.478032301033944,7.476163254866027e-07,-1.372000869599585e-05,-2.5428562937144625,-0.001639947829881236,0.02405927491416262,0.0648,0.024,-2.542789654013086,-0.001626074585107202,0.023866915598655586,0.0648
1787378234.876811,-2.47803230120054,7.480624353069926e-07,-1.373311024676234e-05,-2.542856782957434,-0.0016401377603510886,0.02406206259047083,0.0648,0.024,-2.5427896540129296,-0.0016260745851107805,0.023866915598899297,0.0648
1787378234.9506543,-2.4780323010376684,7.476089841197491e-07,-1.3720113229847391e-05,-2.5428556393054045,-0.0016398335634090302,0.024057844164895377,0.0648,0.024,-2.542789654012459,-0.001626074585109215,0.02386691559889791,0.0648
1787378235.1018844,-2.4780323010270364,7.476207500897562e-07,-1.3720723786834e-05,-2.542858865004773,-0.0016403678218255295,0.024065566712877927,0.0648,0.024,-2.5427896540121173,-0.0016260745851106248,0.02386691559870561,0.0648
1787378235.1740181,-2.4780323011811305,7.480833861444388e-07,-1.3734278483626758e-05,-2.542855582209727,-0.0016394914561836198,0.0240530814655515,0.0648,0.024,-2.5427896540119765,-0.0016260745851074592,0.023866915598872412,0.0648
1787378235.318647,-2.4780323011672922,7.480990257523743e-07,-1.3735141727682916e-05,-2.542851251976414,-0.0016390429069115164,0.0240468104256296,0.0648,0.024,-2.5427896540115,-0.0016260745851120176,0.023866915598958083,0.0648
1787378235.3803973,-2.478032301050713,7.475691079055478e-07,-1.3716237418783442e-05,-2.542850909521021,-0.001638926681861266,0.024045206563656378,0.0648,0.024,-2.542789654011163,-0.001626074585114212,0.023866915598777776,0.0648
1787378235.451688,-2.4780323011709293,7.480919071574084e-07,-1.3735266353807511e-05,-2.542846857107203,-0.0016377991949251623,0.024029209283349034,0.0648,0.024,-2.5427896540107096,-0.001626074585114334,0.02386691559880691,0.0648
1787378235.5907173,-2.4780323011601997,7.481039164755089e-07,-1.3735898263349131e-05,-2.5428480602910617,-0.0016384390291418213,0.02403842035471306,0.0648,0.024,-2.542789654010564,-0.001626074585120445,0.023866915599098405,0.0648
1787378235.6630247,-2.478032301031111,7.475905321357491e-07,-1.3717447533945964e-05,-2.5428485716550746,-0.001638464797326152,0.024038842104889484,0.0648,0.024,-2.542789654010102,-0.0016260745851162908,0.023866915599028826,0.0648
1787378235.8066645,-2.4780323010171834,7.476064009096276e-07,-1.3718332682011254e-05,-2.5428469471958546,-0.0016380590036513723,0.024033153342344224,0.0648,0.024,-2.5427896540097934,-0.0016260745851159595,0.02386691559884999,0.0648
1787378235.8780613,-2.4780323011837595,7.480526412180586e-07,-1.3731448897533973e-05,-2.5428467111418733,-0.001637996858669002,0.024032321510250608,0.0648,0.024,-2.5427896540096473,-0.0016260745851182665,0.023866915599069415,0.0648
1787378236.0156748,-2.4780323011764542,7.480601512378456e-07,-1.3731935515583018e-05,-2.542846129506689,-0.001637846974821348,0.02403023405323296,0.0648,0.024,-2.542789654009206,-0.0016260745851189931,0.023866915599110004,0.0648
1787378236.092014,-2.478032301010236,7.476112379556745e-07,-1.3719100566061365e-05,-2.542844915842949,-0.0016374037963113681,0.02402400672911915,0.0648,0.024,-2.54278965400888,-0.001626074585118576,0.02386691559888583,0.0648
1787378236.1609,-2.4780323011643537,7.480739497139335e-07,-1.3732667443125552e-05,-2.5428437176449328,-0.00163731324247852,0.024022773798979435,0.0648,0.024,-2.5427896540084354,-0.0016260745851205698,0.02386691559892576,0.0648
1787378236.299499,-2.4780323011691996,7.480656602879302e-07,-1.3732676788559004e-05,-2.542842309351608,-0.0016372188925377145,0.024021535154477067,0.0648,0.024,-2.542789654008307,-0.0016260745851212257,0.023866915599135074,0.0648
1787378236.3772902,-2.478032301042068,7.475499646504514e-07,-1.3714075413489833e-05,-2.5428412038753425,-0.001636885378063695,0.024016812221048595,0.0648,0.024,-2.542789654008,-0.0016260745851212853,0.023866915599016353,0.0648
1787378236.4508286,-2.478032301159369,7.480768618799388e-07,-1.3733204102001529e-05,-2.542841747316734,-0.001636842730441546,0.024016303975992942,0.0648,0.024,-2.5427896540075623,-0.001626074585122786,0.0238669155990011,0.0648
1787378236.5899777,-2.47803230114685,7.480913587576497e-07,-1.3733920616764746e-05,-2.542840812711198,-0.0016366883828667232,0.02401415167413178,0.0648,0.024,-2.542789654007428,-0.001626074585122788,0.02386691559917798,0.0648
1787378236.6585808,-2.478032301017272,7.475786259047838e-07,-1.3715498707425133e-05,-2.542840084447674,-0.0016365695865830086,0.024012505241248365,0.0648,0.024,-2.542789654007129,-0.0016260745851234741,0.023866915599014677,0.0648
1787378236.8078754,-2.478032301021389,7.47571246741748e-07,-1.3715544913910764e-05,-2.5428364531113448,-0.0016354568187744525,0.023996701556520932,0.0648,0.024,-2.5427896540066905,-0.0016260745851238425,0.023866915598994943,0.0648
1787378236.8813784,-2.4780323011771515,7.480320371941191e-07,-1.3728976481114915e-05,-2.5428409346622733,-0.0016368179796359538,0.024016231357466677,0.0648,0.024,-2.542789654006577,-0.0016260745851299065,0.02386691559932829,0.0648
1787378236.960538,-2.478032301011077,7.475830551553428e-07,-1.3716101260099644e-05,-2.5428395628478158,-0.001636306814011988,0.02400895057522194,0.0648,0.024,-2.5427896540062562,-0.0016260745851216555,0.02386691559896262,0.0648
1787378237.1116998,-2.478032300998244,7.475979611005004e-07,-1.3716841371878871e-05,-2.5428355785332797,-0.0016356730280379518,0.023999992948037042,0.0648,0.024,-2.542789654005836,-0.0016260745851243304,0.02386691559901394,0.0648
1787378237.1807728,-2.478032301151725,7.480615270139934e-07,-1.3730446777600946e-05,-2.5428362733210603,-0.0016358705390428904,0.024002867311304545,0.0648,0.024,-2.5427896540057264,-0.0016260745851277754,0.02386691559929749,0.0648
1787378237.251108,-2.4780323010352374,7.475316723464193e-07,-1.371151792251731e-05,-2.5428352210379153,-0.0016355697785119584,0.023998609475297923,0.0648,0.024,-2.542789654005416,-0.0016260745851262338,0.023866915599050107,0.0648
1787378237.404359,-2.4780323010280374,7.475394068970766e-07,-1.3711955585293809e-05,-2.5428322719634235,-0.0016346832801345385,0.023986031306488926,0.0648,0.024,-2.542789654005012,-0.001626074585127623,0.023866915599100584,0.0648
1787378237.479055,-2.4780323011450167,7.480667802504243e-07,-1.3731115163688572e-05,-2.542834497877647,-0.0016355278927920717,0.02399815963799933,0.0648,0.024,-2.5427896540048933,-0.0016260745851326408,0.023866915599369896,0.0648
1787378237.5504034,-2.478032301015991,7.475534886081884e-07,-1.3712643057814307e-05,-2.5428357736485254,-0.0016356295075863774,0.02399965571166139,0.0648,0.024,-2.5427896540044843,-0.0016260745851274458,0.023866915599281575,0.0648
1787378237.6978867,-2.478032301002212,7.475695823677328e-07,-1.3713489476847745e-05,-2.542832011078258,-0.0016348981815332588,0.02398928450674409,0.0648,0.024,-2.5427896540041948,-0.0016260745851264847,0.023866915599089503,0.0648
1787378237.7718713,-2.478032301168874,7.48015955665351e-07,-1.3726588559526011e-05,-2.542832758940106,-0.0016350831685260283,0.023991976533442594,0.0648,0.024,-2.5427896540040824,-0.0016260745851305236,0.023866915599339282,0.0648
1787378237.9149683,-2.478032301180708,7.480482470986045e-07,-1.3727935705856956e-05,-2.542830033566809,-0.0016342462471680046,0.023980092073048836,0.0648,0.024,-2.5427896540036974,-0.0016260745851293158,0.023866915599371107,0.0648
1787378237.986165,-2.478032301056017,7.476693907686161e-07,-1.3721116931256158e-05,-2.5428321863729373,-0.0016349436219535811,0.02399012122595081,0.0648,0.024,-2.5427896540033803,-0.0016260745851335954,0.023866915599177772,0.0648
1787378238.060206,-2.4780323011739607,7.48068287175841e-07,-1.3729143640626659e-05,-2.542827520720313,-0.001633773369982607,0.023973423379646995,0.0648,0.024,-2.5427896540029877,-0.001626074585135768,0.023866915599221255,0.0648
1787378238.202882,-2.478032301163619,7.480878762060816e-07,-1.3730445345386124e-05,-2.5428289391995196,-0.0016343473384999785,0.02398170583820067,0.0648,0.024,-2.542789654002909,-0.0016260745851356452,0.023866915599489568,0.0648
1787378238.272829,-2.4780323010868504,7.476258764049001e-07,-1.3717511982488818e-05,-2.5428282543362393,-0.0016341374064889585,0.0239787411314301,0.0648,0.024,-2.5427896540025965,-0.0016260745851321998,0.02386691559916234,0.0648
1787378238.3448668,-2.478032301169767,7.480835292399894e-07,-1.3730972385381612e-05,-2.542827886646806,-0.0016340110152830792,0.023977011637292524,0.0648,0.024,-2.5427896540022195,-0.0016260745851333107,0.023866915599258035,0.0648
1787378238.4962146,-2.478032301160837,7.480974678961269e-07,-1.373197742107661e-05,-2.5428277282320204,-0.0016339936506631998,0.023976803802013086,0.0648,0.024,-2.542789654002121,-0.0016260745851338343,0.023866915599440108,0.0648
1787378238.5684748,-2.478032301070895,7.476511969864961e-07,-1.3719468142967046e-05,-2.5428275490783614,-0.00163393973742114,0.023976071431080468,0.0648,0.024,-2.5427896540018335,-0.0016260745851336153,0.023866915599267482,0.0648
1787378238.7097676,-2.4780323010768193,7.476438266664572e-07,-1.3719797227919707e-05,-2.5428264342407907,-0.0016337190320991105,0.023972991746571172,0.0648,0.024,-2.542789654001451,-0.0016260745851334462,0.023866915599188913,0.0648
1787378238.7811835,-2.4780323011948107,7.480381535136468e-07,-1.3727599246063682e-05,-2.5428256518194763,-0.0016335502546541935,0.023970614392299305,0.0648,0.024,-2.5427896540013806,-0.0016260745851345282,0.023866915599483163,0.0648
1787378238.853666,-2.4780323010677625,7.476555037026669e-07,-1.372062328856259e-05,-2.5428275030940055,-0.0016339126047638802,0.023975843350603595,0.0648,0.024,-2.542789654001073,-0.0016260745851352264,0.023866915599282904,0.0648
1787378238.9952483,-2.4780323010154364,7.476698472696369e-07,-1.3721741156479188e-05,-2.5428271346670734,-0.0016337045442339343,0.023972899465855867,0.0648,0.024,-2.5427896540009973,-0.0016260745851333247,0.023866915599468876,0.0648
1787378239.0638175,-2.4780323010192102,7.480666862547038e-07,-1.3733343896667472e-05,-2.5428283657598443,-0.0016338789950085958,0.023975447231143348,0.0648,0.024,-2.54278965400063,-0.001626074585133912,0.023866915599471225,0.0648
1787378239.2021537,-2.478032301015553,7.480593054428946e-07,-1.3733780702709303e-05,-2.5428237299429877,-0.0016330328686254127,0.0239634143534986,0.0648,0.024,-2.5427896540002513,-0.0016260745851326092,0.023866915599423482,0.0648
1787378239.2718294,-2.4780323010291996,7.476104355794155e-07,-1.3717571298816698e-05,-2.5428243651225233,-0.0016332691728637731,0.023966838916365894,0.0648,0.024,-2.5427896539999706,-0.0016260745851370624,0.02386691559933553,0.0648
1787378239.406525,-2.478032301012669,7.476240182466331e-07,-1.3718594134219897e-05,-2.5428208658269007,-0.0016324426915944234,0.023955053176114786,0.0648,0.024,-2.5427896539998867,-0.0016260745851357412,0.023866915599484555,0.0648
1787378239.4781559,-2.4780323009828935,7.480857633978893e-07,-1.373581282605678e-05,-2.542827170224122,-0.0016337203710827114,0.023973398965353037,0.0648,0.024,-2.5427896539995256,-0.00162607458514021,0.023866915599566375,0.0648
1787378239.5514038,-2.4780323009956544,7.476395801402037e-07,-1.3719761877487992e-05,-2.5428252234000763,-0.001633108901891805,0.023964651328387872,0.0648,0.024,-2.5427896539992463,-0.0016260745851326118,0.023866915599258257,0.0648
1787378239.703367,-2.478032300997193,7.476321392088691e-07,-1.3720164167973346e-05,-2.542819980246106,-0.001632219837087017,0.02395201721275692,0.0648,0.024,-2.5427896539988804,-0.0016260745851355218,0.023866915599290307,0.0648
1787378239.7763636,-2.478032301007973,7.480263203392596e-07,-1.3731580209134267e-05,-2.542821164545103,-0.0016326808692439868,0.023958652557508585,0.0648,0.024,-2.542789653998817,-0.0016260745851406676,0.023866915599609722,0.0648
1787378239.8534722,-2.4780323009851077,7.476437564830419e-07,-1.3721060339028048e-05,-2.5428188571356154,-0.0016320543834484327,0.0239497550623485,0.0648,0.024,-2.5427896539984634,-0.0016260745851374749,0.023866915599553354,0.0648
1787378240.0041165,-2.4780323009711016,7.476583758599315e-07,-1.3722125097050608e-05,-2.5428212881230494,-0.0016326541330631892,0.02395837750606585,0.0648,0.024,-2.542789653998173,-0.0016260745851409525,0.023866915599402218,0.0648
1787378240.0773249,-2.4780323009801704,7.48055233838811e-07,-1.3733699136145951e-05,-2.5428194632655177,-0.0016321472780219007,0.023951146639471732,0.0648,0.024,-2.542789653998114,-0.0016260745851376136,0.023866915599563547,0.0648
1787378240.1522522,-2.478032301007372,7.475917281150998e-07,-1.3717111742695356e-05,-2.5428177277269994,-0.0016318554650868945,0.02394700859610563,0.0648,0.024,-2.5427896539977533,-0.0016260745851400303,0.02386691559957769,0.0648
1787378240.3007998,-2.478032300999763,7.475990589732968e-07,-1.3717846156244684e-05,-2.5428176315830817,-0.001631918113983953,0.02394796352039808,0.0648,0.024,-2.542789653997484,-0.0016260745851415415,0.023866915599437464,0.0648
1787378240.3734334,-2.478032300972623,7.480596936280384e-07,-1.373496210247987e-05,-2.542818232644565,-0.0016320397642157719,0.023949734642271445,0.0648,0.024,-2.5427896539974104,-0.0016260745851408643,0.023866915599599706,0.0648
1787378240.5205684,-2.4780323010108485,7.479915847715389e-07,-1.3729792075461835e-05,-2.542816905590245,-0.0016316948127250244,0.023944855971252777,0.0648,0.024,-2.542789653997077,-0.0016260745851398573,0.023866915599583143,0.0648
1787378240.5947034,-2.478032300992593,7.476040465794365e-07,-1.3719042463584654e-05,-2.5428172496100885,-0.0016318137785343442,0.023946588814539885,0.0648,0.024,-2.542789653996796,-0.0016260745851416907,0.023866915599418483,0.0648
1787378240.6654224,-2.478032301004782,7.479977761582976e-07,-1.3730374782999617e-05,-2.5428180348048333,-0.0016319157838189898,0.023948078763573185,0.0648,0.024,-2.5427896539967447,-0.0016260745851405922,0.02386691559962309,0.0648
1787378240.8078492,-2.478032300993753,7.480105786010244e-07,-1.373120380468743e-05,-2.5428152726229216,-0.0016312620620024501,0.02393875265526122,0.0648,0.024,-2.54278965399641,-0.0016260745851401877,0.02386691559962747,0.0648
1787378240.882765,-2.478032300971057,7.476289059773155e-07,-1.3720684910228532e-05,-2.5428149008366843,-0.0016312575930466212,0.023938742392578153,0.0648,0.024,-2.5427896539961248,-0.0016260745851434662,0.02386691559946732,0.0648
1787378240.9606733,-2.4780323009809004,7.480255946617934e-07,-1.373218734717692e-05,-2.542814340586715,-0.0016312400316612196,0.023938520036183707,0.0648,0.024,-2.542789653995795,-0.0016260745851430709,0.023866915599462628,0.0648
1787378241.1094153,-2.478032300985432,7.480180086631239e-07,-1.3732429596136063e-05,-2.5428154932771267,-0.001631454018404177,0.023941632843447455,0.0648,0.024,-2.5427896539957375,-0.00162607458514332,0.023866915599656566,0.0648
1787378241.1827147,-2.478032301002231,7.475690879287704e-07,-1.371612654722424e-05,-2.5428158614420817,-0.0016314432752927701,0.02394150571744017,0.0648,0.024,-2.542789653995477,-0.0016260745851417173,0.023866915599459304,0.0648
1787378241.260926,-2.4780323009755305,7.480296707885179e-07,-1.373317637061705e-05,-2.542814783425082,-0.0016311870644989898,0.023937864269750263,0.0648,0.024,-2.542789653995153,-0.0016260745851429384,0.023866915599487552,0.0648
1787378241.4046009,-2.47803230096312,7.480444542241156e-07,-1.3734100364373748e-05,-2.5428130422349695,-0.0016310028097447449,0.023935283744266116,0.0648,0.024,-2.5427896539950874,-0.001626074585143184,0.023866915599663314,0.0648
1787378241.4728827,-2.478032300977642,7.475983291834788e-07,-1.3717964770209217e-05,-2.5428127556228453,-0.0016309204598646374,0.023934127635310398,0.0648,0.024,-2.5427896539948294,-0.0016260745851434508,0.02386691559949478,0.0648
1787378241.54322,-2.4780323010006087,7.479779592684693e-07,-1.3728947026449622e-05,-2.5428126021806863,-0.0016308837062620257,0.023933625515036167,0.0648,0.024,-2.5427896539944963,-0.0016260745851441293,0.023866915599482712,0.0648
1787378241.704515,-2.478032300994034,7.479853351351781e-07,-1.3729538284008728e-05,-2.542813253165168,-0.0016309123552763131,0.023934082183784552,0.0648,0.024,-2.542789653994457,-0.0016260745851439061,0.023866915599707505,0.0648
1787378241.776856,-2.4780323009721634,7.476028797407297e-07,-1.3718940335684725e-05,-2.5428115590420624,-0.0016305519131995872,0.023928950805992,0.0648,0.024,-2.5427896539941846,-0.0016260745851436353,0.02386691559948916,0.0648
1787378241.8481674,-2.4780323009826457,7.479990390279621e-07,-1.3730370683536396e-05,-2.5428122780392344,-0.0016308045370468625,0.023932591000416146,0.0648,0.024,-2.5427896539938666,-0.0016260745851439556,0.02386691559949617,0.0648
1787378242.004379,-2.478032300969544,7.480147451255988e-07,-1.3731354019791192e-05,-2.5428123849398188,-0.0016307709982715092,0.0239321325454937,0.0648,0.024,-2.5427896539938306,-0.0016260745851438927,0.02386691559971337,0.0648
1787378242.0772395,-2.478032300997307,7.475513792242589e-07,-1.371469501761056e-05,-2.542810158398561,-0.0016302180819816273,0.023924271873527445,0.0648,0.024,-2.5427896539935584,-0.001626074585144024,0.023866915599502415,0.0648
1787378242.2201734,-2.478032300990637,7.475590049342183e-07,-1.3715289987267831e-05,-2.5428104325911693,-0.0016304365428983195,0.02392743935587472,0.0648,0.024,-2.542789653993263,-0.0016260745851466802,0.023866915599568248,0.0648
1787378242.2908661,-2.4780323009638945,7.480197862458164e-07,-1.37323374129978e-05,-2.5428118463933886,-0.0016306636268131089,0.02393071484639854,0.0648,0.024,-2.542789653993209,-0.0016260745851455149,0.023866915599720935,0.0648
1787378242.3662827,-2.4780323009791423,7.475729574351567e-07,-1.3716127425321619e-05,-2.542809381036788,-0.001630045215353136,0.023921885254935892,0.0648,0.024,-2.5427896539929087,-0.0016260745851474638,0.023866915599763654,0.0648
1787378242.5133004,-2.47803230096593,7.475889053124257e-07,-1.3717116841158149e-05,-2.5428091453315256,-0.0016301575533407711,0.02392351449310459,0.0648,0.024,-2.5427896539926587,-0.0016260745851470113,0.02386691559958282,0.0648
1787378242.5910134,-2.4780323009888896,7.479686613540073e-07,-1.3728096002445354e-05,-2.5428100127630775,-0.0016302531190221388,0.023924920401781766,0.0648,0.024,-2.542789653992608,-0.0016260745851464115,0.023866915599746883,0.0648
1787378242.664713,-2.478032300970346,7.475818657040818e-07,-1.3717348099674478e-05,-2.542809789377912,-0.0016302093207425628,0.023924316768379885,0.0648,0.024,-2.542789653992347,-0.0016260745851456961,0.023866915599535875,0.0648
1787378242.8137162,-2.4780323009604466,7.475938918630675e-07,-1.3718079799175085e-05,-2.542808344323133,-0.001629902603841826,0.023919950380499978,0.0648,0.024,-2.5427896539920516,-0.0016260745851471093,0.023866915599576318,0.0648
1787378242.8919888,-2.47803230097095,7.47990119921813e-07,-1.3729505358242875e-05,-2.5428077567818526,-0.001629777191213562,0.023918196833964674,0.0648,0.024,-2.5427896539920227,-0.0016260745851472867,0.023866915599799036,0.0648
1787378242.9632382,-2.4780323009993617,7.475261154917196e-07,-1.371277379442961e-05,-2.5428079241196446,-0.0016299163262560332,0.023920207542442194,0.0648,0.024,-2.542789653991722,-0.0016260745851471602,0.02386691559976907,0.0648
1787378243.1002572,-2.4780323009937146,7.475327904311565e-07,-1.371323465520099e-05,-2.542807414358508,-0.0016297739585464854,0.023918206795970825,0.0648,0.024,-2.5427896539914743,-0.0016260745851466322,0.023866915599591122,0.0648
1787378243.1706731,-2.478032300967384,7.479932042454894e-07,-1.3730217871519444e-05,-2.542807380879476,-0.0016297897098669397,0.023918450962751834,0.0648,0.024,-2.5427896539914285,-0.001626074585147628,0.02386691559978278,0.0648
1787378243.3200598,-2.4780323009555643,7.480077882667088e-07,-1.3731016525278688e-05,-2.542806979733249,-0.0016296807257177156,0.023916926993513322,0.0648,0.024,-2.542789653991141,-0.0016260745851472567,0.02386691559977508,0.0648
1787378243.391593,-2.4780323009703165,7.47561630977671e-07,-1.3714822582431818e-05,-2.542807441842107,-0.0016297839999721952,0.0239184236212789,0.0648,0.024,-2.542789653990893,-0.0016260745851474849,0.02386691559960553,0.0648
1787378243.461351,-2.478032300993502,7.479412269476981e-07,-1.3725745189698297e-05,-2.5428070921728696,-0.0016296726814710198,0.02391684713935238,0.0648,0.024,-2.542789653990599,-0.0016260745851473923,0.02386691559958716,0.0648
1787378243.6073127,-2.478032300987274,7.479486315706469e-07,-1.3726224601827185e-05,-2.5428063003713626,-0.0016295595488474413,0.023915265252823784,0.0648,0.024,-2.542789653990576,-0.0016260745851472578,0.023866915599809326,0.0648
1787378243.6784,-2.478032300965542,7.475662279628713e-07,-1.371557412191031e-05,-2.5428061778775595,-0.0016295247277626922,0.02391478337309066,0.0648,0.024,-2.542789653990317,-0.0016260745851476035,0.023866915599600295,0.0648
1787378243.8192987,-2.478032300953418,7.475812200917204e-07,-1.3716383516002563e-05,-2.542806123802879,-0.001629506426376708,0.023914538435114197,0.0648,0.024,-2.542789653990043,-0.0016260745851475779,0.023866915599603456,0.0648
1787378243.8919337,-2.4780323009632643,7.479782899869134e-07,-1.372783330193623e-05,-2.5428056078786674,-0.0016293874372255187,0.023912869401438223,0.0648,0.024,-2.5427896539900177,-0.0016260745851478904,0.023866915599826035,0.0648
1787378243.9636867,-2.4780323009911127,7.475150266147783e-07,-1.3711126779145699e-05,-2.542804977720881,-0.0016292631511337838,0.023911108283401664,0.0648,0.024,-2.542789653989763,-0.0016260745851482323,0.023866915599616373,0.0648
1787378244.1084387,-2.478032300984593,7.475228572912881e-07,-1.3711627765020657e-05,-2.54280441609348,-0.0016290527120620725,0.023908131019266886,0.0648,0.024,-2.542789653989501,-0.0016260745851485005,0.02386691559964054,0.0648
1787378244.1775146,-2.478032300957918,7.479837310646776e-07,-1.3728628012641651e-05,-2.5428047257995408,-0.0016292484531061826,0.023910946706923737,0.0648,0.024,-2.542789653989461,-0.0016260745851498688,0.02386691559984285,0.0648
1787378244.2514863,-2.4780323009732195,7.475370362109368e-07,-1.3712375396529407e-05,-2.542805582488705,-0.0016293918556676487,0.02391301481978237,0.0648,0.024,-2.5427896539891934,-0.0016260745851477446,0.02386691559981075,0.0648
1787378244.4024951,-2.4780323009601077,7.475532287600829e-07,-1.3713279298836192e-05,-2.5428045825856334,-0.0016291910345247696,0.023910171985149865,0.0648,0.024,-2.5427896539889554,-0.0016260745851473526,0.023866915599630733,0.0648
1787378244.4724061,-2.4780323009831124,7.479330921686606e-07,-1.372421520068299e-05,-2.542803952959949,-0.0016290401127393047,0.02390802700467114,0.0648,0.024,-2.542789653988917,-0.0016260745851486408,0.023866915599828793,0.0648
1787378244.6132696,-2.4780323009766163,7.479409343327803e-07,-1.3724719189012276e-05,-2.5428038663338994,-0.0016290492163812302,0.023908187244883545,0.0648,0.024,-2.5427896539886587,-0.001626074585149168,0.023866915599865257,0.0648
1787378244.6861382,-2.4780323009547813,7.475587277906216e-07,-1.3714081620048193e-05,-2.5428043385999297,-0.0016291266507201627,0.023909310862666636,0.0648,0.024,-2.5427896539884114,-0.0016260745851489785,0.023866915599646866,0.0648
1787378244.7583163,-2.4780323009653156,7.479550724573977e-07,-1.3725467760509967e-05,-2.542803079064297,-0.001628815637730164,0.02390487539069639,0.0648,0.024,-2.542789653988143,-0.0016260745851482807,0.02386691559963763,0.0648
1787378244.9074283,-2.4780323010046135,7.480556677316957e-07,-1.3732708985450154e-05,-2.542803251443134,-0.0016289397600303321,0.023906678877639746,0.0648,0.024,-2.542789653988129,-0.0016260745851499141,0.02386691559988515,0.0648
1787378244.9835446,-2.47803230099926,7.475327991420975e-07,-1.3710585702846035e-05,-2.542803358420997,-0.0016289310780304709,0.02390656777671728,0.0648,0.024,-2.5427896539878847,-0.0016260745851491374,0.023866915599682726,0.0648
1787378245.0593214,-2.4780323010174845,7.480593795966854e-07,-1.3733488027582415e-05,-2.542803501373526,-0.001628935221351151,0.02390664141696493,0.0648,0.024,-2.542789653987636,-0.0016260745851486096,0.023866915599689245,0.0648
1787378245.202988,-2.4780323010118206,7.480765664151685e-07,-1.3734647221794379e-05,-2.542802681676831,-0.0016287673169934954,0.0239042672370393,0.0648,0.024,-2.542789653987594,-0.0016260745851490472,0.023866915599829484,0.0648
1787378245.2741876,-2.4780323009902787,7.475652621687491e-07,-1.3712864036732675e-05,-2.5428024244516596,-0.0016287307514439536,0.023903758054737795,0.0648,0.024,-2.542789653987377,-0.0016260745851496765,0.02386691559971413,0.0648
1787378245.4204814,-2.4780323009985383,7.475599971558497e-07,-1.371332230054258e-05,-2.542802246796033,-0.00162870214281359,0.023903375199233787,0.0648,0.024,-2.542789653987119,-0.001626074585149517,0.023866915599686313,0.0648
1787378245.4905264,-2.4780323010504985,7.480215011963992e-07,-1.3730527714800437e-05,-2.542802959698229,-0.0016288219866520243,0.02390510554805002,0.0648,0.024,-2.5427896539871,-0.0016260745851495108,0.023866915599862825,0.0648
1787378245.5632792,-2.478032300991448,7.475733533184883e-07,-1.3714266987098163e-05,-2.5428023632792507,-0.0016286567352793262,0.02390275112018319,0.0648,0.024,-2.542789653986867,-0.0016260745851487673,0.023866915599682872,0.0648
1787378245.718666,-2.4780323009811522,7.475893775010659e-07,-1.371537478693282e-05,-2.5428010704636024,-0.0016284197483963012,0.023899389999127687,0.0648,0.024,-2.542789653986612,-0.0016260745851494215,0.023866915599648705,0.0648
1787378245.7929332,-2.4780323010301823,7.480532545248544e-07,-1.3732734139346221e-05,-2.5428020970440626,-0.0016286825307835063,0.02390316445374682,0.0648,0.024,-2.5427896539865933,-0.001626074585150744,0.023866915599899556,0.0648
1787378245.8665357,-2.4780323010201672,7.475238897799985e-07,-1.3710401364469928e-05,-2.5428009048502735,-0.0016283665452775438,0.023898652941456912,0.0648,0.024,-2.5427896539863646,-0.0016260745851488325,0.02386691559964377,0.0648
1787378246.016103,-2.4780323010145997,7.475321931459144e-07,-1.3711173579137623e-05,-2.542801752540689,-0.0016286035810564796,0.02390205880245912,0.0648,0.024,-2.542789653986123,-0.0016260745851508012,0.023866915599751383,0.0648
1787378246.0925064,-2.478032301026764,7.48059646987748e-07,-1.3734070799497588e-05,-2.542801484781783,-0.001628524912969548,0.02390095680216831,0.0648,0.024,-2.5427896539860897,-0.0016260745851493083,0.023866915599850054,0.0648
1787378246.174944,-2.4780323010038954,7.475466682990055e-07,-1.3712181177113744e-05,-2.542800585231368,-0.001628306747999318,0.023897845974583574,0.0648,0.024,-2.5427896539858854,-0.0016260745851494536,0.023866915599726993,0.0648
1787378246.319094,-2.4780323009912406,7.475630244148759e-07,-1.3713334562575278e-05,-2.5428009446512676,-0.0016284306521019945,0.023899632206559784,0.0648,0.024,-2.5427896539858494,-0.001626074585150866,0.023866915599882365,0.0648
1787378246.3937473,-2.4780323010528824,7.480093463243468e-07,-1.3730157388804e-05,-2.542799870168106,-0.001628150152147341,0.02389564316953429,0.0648,0.024,-2.542789653985607,-0.0016260745851496812,0.023866915599864976,0.0648
1787378246.4668734,-2.4780323009960266,7.475563042965718e-07,-1.3713723948532543e-05,-2.5428000253290497,-0.0016282643162577985,0.023897287159751705,0.0648,0.024,-2.542789653985388,-0.0016260745851511343,0.02386691559973906,0.0648
1787378246.6069796,-2.478032300986361,7.475685830821447e-07,-1.3714608766503564e-05,-2.5428002841734627,-0.0016283071043054354,0.023897909413469254,0.0648,0.024,-2.542789653985152,-0.0016260745851498896,0.023866915599682216,0.0648
1787378246.684441,-2.478032301035411,7.480313234423618e-07,-1.3731873866018289e-05,-2.542800735689159,-0.0016283595082665608,0.023898671216364333,0.0648,0.024,-2.542789653985152,-0.0016260745851498896,0.023866915599682216,0.0648
1787378246.7569187,-2.478032300974155,7.475838190844917e-07,-1.3715663757653973e-05,-2.5428019629384853,-0.001628491660885754,0.023900583405608484,0.0648,0.024,-2.5427896539849075,-0.0016260745851494176,0.02386691559967643,0.0648
1787378246.8981538,-2.478032301011766,7.475177504840042e-07,-1.37106422042325e-05,-2.5427995467476827,-0.0016280781370006604,0.023894681905760246,0.0648,0.024,-2.542789653984673,-0.0016260745851485855,0.02386691559966339,0.0648
1787378246.967763,-2.4780323010268805,7.480405990275716e-07,-1.3733372498289425e-05,-2.542799308025974,-0.0016280887679862427,0.023894846257768304,0.0648,0.024,-2.5427896539846535,-0.001626074585150797,0.02386691559989543,0.0648
1787378247.1092014,-2.47803230101692,7.480529287637078e-07,-1.3734247420184968e-05,-2.5427991034124915,-0.0016280592437691267,0.02389444508509366,0.0648,0.024,-2.542789653984428,-0.0016260745851506464,0.023866915599901,0.0648
1787378247.1824782,-2.4780323009937093,7.475398166819128e-07,-1.3712338368691072e-05,-2.542799203915043,-0.0016280739335477886,0.023894665537862517,0.0648,0.024,-2.542789653984224,-0.0016260745851506173,0.02386691559977531,0.0648
1787378247.2522998,-2.478032301055788,7.479853499435367e-07,-1.3729074715524815e-05,-2.542798934345174,-0.001628001746475471,0.02389364235413394,0.0648,0.024,-2.5427896539839847,-0.001626074585150157,0.023866915599738574,0.0648
1787378247.3911772,-2.478032301050183,7.479920491414822e-07,-1.3729656376504906e-05,-2.5427992056511486,-0.0016280529252398538,0.02389439508883507,0.0648,0.024,-2.5427896539839794,-0.0016260745851506301,0.02386691559992441,0.0648
1787378247.4681678,-2.4780323009902117,7.475429700328114e-07,-1.3713292904195734e-05,-2.542799116836523,-0.0016280114345935707,0.02389381067499079,0.0648,0.024,-2.5427896539837587,-0.0016260745851501579,0.023866915599697537,0.0648
1787378247.5468826,-2.4780323010394865,7.480053471773317e-07,-1.3730486205699227e-05,-2.5427986710085517,-0.0016279181901880408,0.023892486296016206,0.0648,0.024,-2.5427896539837436,-0.0016260745851503634,0.023866915599925525,0.0648
1787378247.7070558,-2.4780323010268717,7.480208482725579e-07,-1.3731472463030963e-05,-2.542797880005931,-0.0016277617261830414,0.023890268772123194,0.0648,0.024,-2.5427896539835184,-0.0016260745851509667,0.023866915599939677,0.0648
1787378247.7832973,-2.4780323010163503,7.474910367647142e-07,-1.3709052060988364e-05,-2.5427984002972814,-0.00162792308195491,0.023892586184236644,0.0648,0.024,-2.542789653983303,-0.0016260745851516321,0.023866915599781584,0.0648
1787378247.8554971,-2.478032301031584,7.480137385554189e-07,-1.3731719294195344e-05,-2.5427987929556033,-0.0016279578407569456,0.023893092229468015,0.0648,0.024,-2.542789653983287,-0.0016260745851504313,0.02386691559990367,0.0648
1787378248.00307,-2.4780323010218157,7.480258691299315e-07,-1.3732472419547616e-05,-2.5427976455910364,-0.0016277006634015168,0.023889430915906344,0.0648,0.024,-2.5427896539830686,-0.0016260745851499486,0.023866915599897183,0.0648
1787378248.0764818,-2.47803230099867,7.47512716688033e-07,-1.3710506289591196e-05,-2.5427981138787996,-0.0016278492347546953,0.02389156616630497,0.0648,0.024,-2.542789653982875,-0.00162607458515141,0.023866915599801444,0.0648
1787378248.1544726,-2.4780323010095016,7.480411137542335e-07,-1.373340472986172e-05,-2.542797530167216,-0.0016276965609450667,0.023889388875512677,0.0648,0.024,-2.5427896539826556,-0.00162607458515143,0.02386691559980339,0.0648
1787378248.2986732,-2.478032301047053,7.479750824084777e-07,-1.3728261937287359e-05,-2.5427976933831506,-0.0016277359661780336,0.023889969123186538,0.0648,0.024,-2.542789653982634,-0.0016260745851512089,0.02386691559992761,0.0648
1787378248.3685281,-2.47803230099005,7.475220121747495e-07,-1.3711759711148242e-05,-2.5427974772961193,-0.001627694100858713,0.023889378851600206,0.0648,0.024,-2.5427896539824277,-0.0016260745851506787,0.023866915599765205,0.0648
1787378248.4414046,-2.4780323010405048,7.479829103887122e-07,-1.3728865035146271e-05,-2.5427970781665605,-0.0016276009687949972,0.02388806312332725,0.0648,0.024,-2.5427896539822155,-0.0016260745851508986,0.02386691559972778,0.0648
1787378248.5964746,-2.4780323010291245,7.479970599846494e-07,-1.3729710975601018e-05,-2.542797095975575,-0.0016276376159423248,0.023888595591029353,0.0648,0.024,-2.5427896539822177,-0.0016260745851513758,0.023866915599960174,0.0648
1787378248.668006,-2.4780323009677976,7.475496031141839e-07,-1.3713437993061071e-05,-2.542797849649373,-0.0016277658785856558,0.023890441057147063,0.0648,0.024,-2.542789653982003,-0.0016260745851508988,0.02386691559973048,0.0648
1787378248.8204763,-2.4780323010052983,7.474836716604737e-07,-1.3708295018797049e-05,-2.542798305328653,-0.0016277833507025601,0.023890701096575265,0.0648,0.024,-2.542789653981793,-0.0016260745851500566,0.023866915599719513,0.0648
1787378248.8958204,-2.478032301020377,7.480065994898216e-07,-1.3730966101431545e-05,-2.5427975683935036,-0.0016276291523350474,0.023888498802246735,0.0648,0.024,-2.5427896539817825,-0.001626074585149837,0.023866915599908365,0.0648
1787378248.967206,-2.4780323009986285,7.474917309197341e-07,-1.3708907083643503e-05,-2.5427970668069224,-0.0016275686218074896,0.02388764302131425,0.0648,0.024,-2.542789653981577,-0.0016260745851508262,0.023866915599933706,0.0648
1787378249.1100636,-2.4780323009871297,7.475061138208542e-07,-1.3709762964701824e-05,-2.5427967080658913,-0.0016275256505390153,0.02388703744678168,0.0648,0.024,-2.5427896539813846,-0.0016260745851509049,0.023866915599808344,0.0648
1787378249.189266,-2.4780323009978846,7.480346626975037e-07,-1.3732664978128067e-05,-2.542796275166452,-0.0016274198204476583,0.023885540192599496,0.0648,0.024,-2.542789653981367,-0.001626074585150923,0.023866915599936027,0.0648
1787378249.2634697,-2.4780323009739105,7.475224884686399e-07,-1.3710772274463706e-05,-2.5427965382505335,-0.0016275224421123502,0.023887016300749377,0.0648,0.024,-2.5427896539811607,-0.00162607458515073,0.023866915599932766,0.0648
1787378249.4050426,-2.4780323009783034,7.47515872880761e-07,-1.3711024785420549e-05,-2.542796395497773,-0.0016274731539509119,0.023886324832487857,0.0648,0.024,-2.5427896539809605,-0.0016260745851504111,0.023866915599772495,0.0648
1787378249.4748886,-2.4780323010287386,7.479768566168892e-07,-1.372813186850941e-05,-2.5427964857708694,-0.001627486543173177,0.02388652398391157,0.0648,0.024,-2.5427896539809622,-0.001626074585150871,0.02386691559995861,0.0648
1787378249.5517883,-2.4780323009683722,7.475283179737315e-07,-1.371177914710588e-05,-2.5427962990170023,-0.0016274380841613323,0.023885837326735167,0.0648,0.024,-2.5427896539807566,-0.0016260745851506447,0.02386691559973515,0.0648
1787378249.6962595,-2.478032301007256,7.474609508177697e-07,-1.3706496535776072e-05,-2.5427956681580985,-0.0016273171525070552,0.023884122130310433,0.0648,0.024,-2.542789653980562,-0.0016260745851507114,0.02386691559974297,0.0648
1787378249.7670689,-2.4780323010228757,7.479833525616761e-07,-1.3729103714795904e-05,-2.542796187640096,-0.0016274480111423133,0.023886001583530134,0.0648,0.024,-2.54278965398037,-0.0016260745851505614,0.023866915599810794,0.0648
1787378249.9170337,-2.478032301013731,7.479950493995103e-07,-1.372974240963138e-05,-2.542795806395071,-0.0016273744061385315,0.023884960251709213,0.0648,0.024,-2.5427896539803574,-0.0016260745851504976,0.023866915599937335,0.0648
1787378249.9881446,-2.4780323009908316,7.474817493311533e-07,-1.3707721793066159e-05,-2.542796063571735,-0.0016274019199983404,0.02388535991606304,0.0648,0.024,-2.5427896539801695,-0.001626074585150574,0.02386691559981141,0.0648
1787378250.0621004,-2.478032301001894,7.480100390890943e-07,-1.3730567719718283e-05,-2.5427960168483206,-0.0016273700534493705,0.023884909938031256,0.0648,0.024,-2.54278965398016,-0.0016260745851507847,0.023866915599946102,0.0648
1787378250.2047384,-2.478032301039811,7.479438860303418e-07,-1.3725324451134269e-05,-2.5427965839332702,-0.0016274489544278242,0.02388605070254086,0.0648,0.024,-2.542789653979959,-0.0016260745851506956,0.0238669155999426,0.0648
1787378250.283888,-2.478032300982952,7.474907891493637e-07,-1.3708773756265306e-05,-2.5427956830992025,-0.001627253642997388,0.023883257738827657,0.0648,0.024,-2.5427896539797636,-0.0016260745851499193,0.023866915599776804,0.0648
1787378250.359298,-2.478032301033548,7.479516903923162e-07,-1.372583279588129e-05,-2.542795458625192,-0.001627262745555797,0.02388339642805954,0.0648,0.024,-2.5427896539797725,-0.0016260745851511404,0.023866915599977563,0.0648
1787378250.5036218,-2.478032301022391,7.479658885371733e-07,-1.3726588895984193e-05,-2.5427951843623524,-0.0016271960597360746,0.02388245557690733,0.0648,0.024,-2.542789653979577,-0.001626074585150812,0.023866915599973143,0.0648
1787378250.5734825,-2.4780323009611522,7.475184656429747e-07,-1.3710271727751056e-05,-2.5427950733847537,-0.0016272048002867966,0.0238825875462124,0.0648,0.024,-2.5427896539793786,-0.0016260745851508908,0.023866915599753152,0.0648
1787378250.6461349,-2.4780323010094607,7.47982138614683e-07,-1.372750222848871e-05,-2.5427948912545264,-0.0016271723582179669,0.023882129347133765,0.0648,0.024,-2.5427896539791903,-0.0016260745851512035,0.023866915599817344,0.0648
1787378250.800814,-2.4780323010139638,7.47975669004408e-07,-1.3727677840468885e-05,-2.542794882080903,-0.001627139679331477,0.023881672681947602,0.0648,0.024,-2.54278965397919,-0.0016260745851512186,0.023866915599956653,0.0648
1787378250.8730145,-2.4780323009922673,7.474608734598905e-07,-1.3705578954741494e-05,-2.5427949593200365,-0.0016271821144726814,0.023882286029781256,0.0648,0.024,-2.5427896539790065,-0.001626074585151091,0.023866915599830875,0.0648
1787378251.0157506,-2.4780323009808742,7.47475434198329e-07,-1.3706359633753577e-05,-2.5427948327247862,-0.001627152461452838,0.023881872479660025,0.0648,0.024,-2.5427896539788244,-0.0016260745851506687,0.023866915599827662,0.0648
1787378251.0876858,-2.4780323009916865,7.48004083865123e-07,-1.3729225823180558e-05,-2.542794708995011,-0.0016271242139712031,0.023881473601717423,0.0648,0.024,-2.542789653978821,-0.0016260745851509148,0.023866915599958103,0.0648
1787378251.1578388,-2.4780323009677434,7.474920049118261e-07,-1.3707297222074023e-05,-2.5427946982994656,-0.001627126105993498,0.023881506067292946,0.0648,0.024,-2.5427896539786414,-0.001626074585150842,0.023866915599830927,0.0648
1787378251.3011408,-2.478032300972212,7.474855971289932e-07,-1.3707480994071805e-05,-2.542794485534417,-0.0016270584211343015,0.02388054798371736,0.0648,0.024,-2.5427896539784545,-0.0016260745851504415,0.023866915599796746,0.0648
1787378251.3729615,-2.47803230102269,7.479467006782706e-07,-1.3724556074075481e-05,-2.5427943293605524,-0.001627049200266814,0.023880421709538958,0.0648,0.024,-2.5427896539784713,-0.001626074585150746,0.02386691559998155,0.0648
1787378251.514711,-2.4780323010113516,7.479612125381105e-07,-1.3725340538956895e-05,-2.542794412850331,-0.0016270687056614767,0.023880709974125402,0.0648,0.024,-2.542789653978285,-0.0016260745851508632,0.023866915599987167,0.0648
1787378251.5836158,-2.478032300950034,7.475139231807296e-07,-1.3709037212689558e-05,-2.542794276572792,-0.0016270361305422618,0.02388024872252849,0.0648,0.024,-2.5427896539780823,-0.0016260745851506145,0.02386691559981299,0.0648
1787378251.6514473,-2.478032300998305,7.47977700522374e-07,-1.3726280070628412e-05,-2.5427942063387285,-0.0016270268683390625,0.0238801210570228,0.0648,0.024,-2.5427896539780974,-0.001626074585150938,0.023866915599988024,0.0648
1787378251.805772,-2.4780323010027367,7.479714164427534e-07,-1.3726480819401152e-05,-2.542793963336623,-0.0016269461010605525,0.02387897547908719,0.0648,0.024,-2.54278965397791,-0.0016260745851509068,0.023866915599957118,0.0648
1787378251.8840082,-2.478032300981015,7.474566862723743e-07,-1.3704392971324395e-05,-2.542794174681615,-0.001627027411383357,0.02388014321783016,0.0648,0.024,-2.5427896539777293,-0.0016260745851509638,0.023866915599835965,0.0648
1787378251.9540215,-2.4780323009928042,7.479842454011622e-07,-1.372718804884703e-05,-2.5427942342821614,-0.0016270260711680553,0.023880128003863115,0.0648,0.024,-2.5427896539775534,-0.001626074585150354,0.023866915599826264,0.0648
1787378252.1004262,-2.478032301031732,7.479171798457961e-07,-1.372185489124998e-05,-2.542794065999966,-0.0016269916581596576,0.02387964504693973,0.0648,0.024,-2.5427896539775565,-0.0016260745851506362,0.023866915599961146,0.0648
1787378252.1716542,-2.4780323011079317,7.474633959368281e-07,-1.3708835119892581e-05,-2.542793903440351,-0.0016269540319686227,0.0238791110382716,0.0648,0.024,-2.5427896539773718,-0.0016260745851505523,0.02386691559980845,0.0648
1787378252.316572,-2.4780323011155656,7.474750930641714e-07,-1.3709537888228348e-05,-2.5427939332510903,-0.0016269673256700838,0.023879305954595923,0.0648,0.024,-2.5427896539771977,-0.001626074585150397,0.02386691559980916,0.0648
1787378252.3948212,-2.478032301065594,7.479378388863822e-07,-1.3723206693964616e-05,-2.5427937730163035,-0.001626912954524701,0.023878536657474345,0.0648,0.024,-2.542789653977217,-0.0016260745851505577,0.02386691559998636,0.0648
1787378252.4705937,-2.4780323011117784,7.47490115332052e-07,-1.3710424735612206e-05,-2.5427938436090547,-0.0016269451186264928,0.02387900191440737,0.0648,0.024,-2.5427896539770267,-0.0016260745851507876,0.023866915599821712,0.0648
1787378252.6122808,-2.478032301155306,7.474240811612719e-07,-1.3705247640729581e-05,-2.5427936714666743,-0.001626915091575968,0.02387858080843321,0.0648,0.024,-2.542789653976853,-0.0016260745851500546,0.023866915599806356,0.0648
1787378252.683887,-2.4780323010690934,7.479471587182893e-07,-1.372439302946161e-05,-2.5427936976978565,-0.0016269146393908746,0.023878578381084765,0.0648,0.024,-2.5427896539768615,-0.0016260745851506737,0.023866915599961264,0.0648
1787378252.7670453,-2.478032301152976,7.474321740105522e-07,-1.3705830355449476e-05,-2.542793422046091,-0.0016268499963855538,0.02387765773698878,0.0648,0.024,-2.5427896539766897,-0.0016260745851502403,0.02386691559983052,0.0648
1787378252.8503919,-2.4780323010627523,7.479597573465118e-07,-1.3725125967133437e-05,-2.5427935220204847,-0.0016268673572587846,0.023877913759529086,0.0648,0.024,-2.54278965397652,-0.0016260745851504705,0.023866915599836898,0.0648
1787378252.99346,-2.4780323010718517,7.479999906869882e-07,-1.372693399017985e-05,-2.5427934030792145,-0.0016268494705257274,0.02387766227100942,0.0648,0.024,-2.5427896539765333,-0.0016260745851505011,0.023866915599988176,0.0648
1787378253.0654056,-2.478032301193953,7.475577265396189e-07,-1.3714575139776016e-05,-2.542793618209594,-0.0016268948791357152,0.02387831683529498,0.0648,0.024,-2.5427896539763437,-0.001626074585150136,0.02386691559980463,0.0648
1787378253.215818,-2.4780323012038306,7.475557628809453e-07,-1.37152752706396e-05,-2.5427933414676307,-0.001626824772543072,0.02387731674465794,0.0648,0.024,-2.542789653976161,-0.0016260745851500579,0.023866915599776575,0.0648
1787378253.2914264,-2.4780323011141934,7.479521931661099e-07,-1.3723311548098816e-05,-2.5427933057882965,-0.0016268246373599337,0.023877323044751538,0.0648,0.024,-2.5427896539762016,-0.0016260745851501065,0.02386691560000747,0.0648
1787378253.36525,-2.478032301197625,7.475713881074269e-07,-1.3716434598786777e-05,-2.5427929717057154,-0.0016267539572216911,0.023876316632825682,0.0648,0.024,-2.5427896539760004,-0.0016260745851501323,0.023866915599793294,0.0648
1787378253.5113785,-2.478032301187755,7.475890731323937e-07,-1.3717738332270035e-05,-2.542793045396455,-0.0016267794706699837,0.023876687916835643,0.0648,0.024,-2.542789653975835,-0.0016260745851504306,0.023866915599800736,0.0648
1787378253.586113,-2.4780323010947716,7.479873014676027e-07,-1.3725910234974767e-05,-2.542793038706836,-0.0016267837842086428,0.02387675335056522,0.0648,0.024,-2.54278965397587,-0.001626074585150273,0.023866915600017278,0.0648
1787378253.6636455,-2.4780323012268592,7.475247988160286e-07,-1.3712945437447242e-05,-2.54279312873722,-0.001626799630345723,0.023876983649593484,0.0648,0.024,-2.5427896539756727,-0.0016260745851500533,0.02386691559979785,0.0648
1787378253.814945,-2.4780323012211145,7.475339882129662e-07,-1.3713885589269051e-05,-2.542792958286849,-0.0016267441082699217,0.023876196137715126,0.0648,0.024,-2.5427896539755226,-0.0016260745851498445,0.023866915599814506,0.0648
1787378253.8881361,-2.4780323010910124,7.479955126577669e-07,-1.3727585491856186e-05,-2.5427929342262057,-0.0016267553583855124,0.023876361075988468,0.0648,0.024,-2.5427896539755412,-0.0016260745851500286,0.023866915599991316,0.0648
1787378253.9587197,-2.478032301210043,7.475491040856582e-07,-1.3715050293343309e-05,-2.5427928444276677,-0.0016267378628723615,0.02387611410843645,0.0648,0.024,-2.54278965397536,-0.0016260745851498471,0.023866915599816158,0.0648
1787378254.0941203,-2.4780323012156784,7.475416160259254e-07,-1.3715457310013573e-05,-2.5427931052890482,-0.001626787794074715,0.02387683297979733,0.0648,0.024,-2.542789653975381,-0.001626074585150035,0.023866915599994185,0.0648
1787378254.166886,-2.4780323011243985,7.479359588105346e-07,-1.3723363792289976e-05,-2.542793224375567,-0.0016267886842179203,0.023876849449269252,0.0648,0.024,-2.542789653975233,-0.0016260745851494837,0.02386691560001266,0.0648
1787378254.3178537,-2.478032301113399,7.479496246238886e-07,-1.3724362486009942e-05,-2.5427927943333732,-0.0016267152482912395,0.0238758053981504,0.0648,0.024,-2.542789653975081,-0.0016260745851496468,0.02386691560001678,0.0648
1787378254.3891432,-2.478032301194225,7.47568210121151e-07,-1.3717439099611593e-05,-2.5427928661617303,-0.0016267349140145638,0.02387609094369337,0.0648,0.024,-2.542789653974888,-0.0016260745851498953,0.023866915599804778,0.0648
1787378254.4566278,-2.4780323011003147,7.479653625497708e-07,-1.3725508644619227e-05,-2.5427928156464352,-0.0016267184305693552,0.02387585835695574,0.0648,0.024,-2.5427896539749297,-0.0016260745851495967,0.02386691560001648,0.0648
1787378254.6123557,-2.4780323011044207,7.479584021757618e-07,-1.3725908022879067e-05,-2.5427924119180276,-0.0016266427302897484,0.023874782529474843,0.0648,0.024,-2.542789653974761,-0.0016260745851497222,0.023866915599989005,0.0648
1787378254.6886764,-2.4780323012245584,7.475096440865878e-07,-1.3713194454398202e-05,-2.5427924132494115,-0.001626658893538371,0.023875016740941588,0.0648,0.024,-2.5427896539745825,-0.001626074586770022,0.023866915628677203,0.0648
1787378254.7646658,-2.4780323010939496,7.479706118766229e-07,-1.3726806278767285e-05,-2.542792685286515,-0.0016267078512323676,0.023875720737026332,0.0648,0.024,-2.54278965397443,-0.0016260745869625503,0.023866915632108368,0.0648
1787378254.9149034,-2.478032301080864,7.479858839071164e-07,-1.3727876741107141e-05,-2.542792460864748,-0.0016266609625476293,0.023875055207231464,0.0648,0.024,-2.5427896539744586,-0.0016260745869624079,0.023866915632275665,0.0648
1787378254.9832723,-2.4780323011986263,7.475398647890745e-07,-1.3715325460436108e-05,-2.5427925234272934,-0.0016266676664862569,0.023875154000068864,0.0648,0.024,-2.5427896539742765,-0.0016260745868256151,0.023866915629668323,0.0648
1787378255.0556598,-2.4780323011176004,7.47919829810164e-07,-1.3722864994597088e-05,-2.542792266158254,-0.0016266062051762593,0.02387427757410506,0.0648,0.024,-2.542789653974118,-0.0016260745868458555,0.023866915630006383,0.0648
1787378255.1946936,-2.4780323011102166,7.479276070701199e-07,-1.3723593138205364e-05,-2.5427924036378178,-0.0016266486119766845,0.023874890036217858,0.0648,0.024,-2.542789653974164,-0.0016260745866658296,0.02386691562703045,0.0648
1787378255.2713375,-2.478032301191534,7.475452180804795e-07,-1.3716574595089118e-05,-2.5427922494998265,-0.001626607296005374,0.02387430123201223,0.0648,0.024,-2.5427896539739754,-0.0016260745867913708,0.02386691562904963,0.0648
1787378255.4124045,-2.478032301178305,7.475604481384983e-07,-1.37176182013152e-05,-2.5427921430912948,-0.001626586285174918,0.0238740062756914,0.0648,0.024,-2.542789653973825,-0.00162607458667034,0.02386691562689338,0.0648
1787378255.4827406,-2.478032301083998,7.479577472311845e-07,-1.3725670540044215e-05,-2.5427920829731194,-0.00162658321832109,0.023873965205977576,0.0648,0.024,-2.542789653973873,-0.001626074586609589,0.023866915626028048,0.0648
1787378255.5556905,-2.4780323012149204,7.474944319428686e-07,-1.3712586950328493e-05,-2.542792225125333,-0.0016266149452582525,0.023874421810249756,0.0648,0.024,-2.542789653973715,-0.0016260745866950887,0.023866915627520375,0.0648
1787378255.7160082,-2.478032301207343,7.475024020473983e-07,-1.3713305864110538e-05,-2.542792127925852,-0.001626591634154505,0.02387409315610475,0.0648,0.024,-2.5427896539735406,-0.0016260745866948378,0.023866915627346972,0.0648
1787378255.791441,-2.4780323010765333,7.479634789168727e-07,-1.3726901917700735e-05,-2.5427921335227612,-0.0016265880067112862,0.023874043625962803,0.0648,0.024,-2.5427896539735677,-0.0016260745866274564,0.023866915626328287,0.0648
1787378255.8641133,-2.4780323011949297,7.475166908689891e-07,-1.3714263858010392e-05,-2.5427920639360266,-0.0016265711875741342,0.02387380545419659,0.0648,0.024,-2.542789653973421,-0.0016260745865680978,0.023866915625274536,0.0648
